case_id,snapshot_id,snapshot_date,transition,model_version,linear_predictor,relative_hazard,survival_probability_30d,survival_probability_90d,survival_probability_180d,survival_probability_365d,survival_probability_730d,event_probability_30d,event_probability_90d,event_probability_180d,event_probability_365d,event_probability_730d,calibration_status,uncertainty_status,data_quality_warning,risk_band_90d,extrapolation_flags
CAS_CLEAN_029,SNP_CAS_CLEAN_029_S11_S19_20240227,20240227,SECTION_11_TO_SECTION_19,1.0.0-cox-production-baseline,-1.841092,0.158644,0.998613,0.978083,0.975948,0.973566,0.973566,0.001387,0.021917,0.024052,0.026434,0.026434,PARTIAL — CALIBRATION NOT RELIABLE DUE TO EVENT SPARSITY,HIGH_UNCERTAINTY_SPARSE_EVENTS,HIGH UNCERTAINTY: Estimates derived from sparse administrative milestone occurrences.,ADVISORY_MEDIAN_RELATIVE_HAZARD,"{'30d': False, '90d': False, '180d': True, '365d': True, '730d': True}"
CAS_CLEAN_039,SNP_CAS_CLEAN_039_S11_S19_20240314,20240314,SECTION_11_TO_SECTION_19,1.0.0-cox-production-baseline,-1.841092,0.158644,0.998613,0.978083,0.975948,0.973566,0.973566,0.001387,0.021917,0.024052,0.026434,0.026434,PARTIAL — CALIBRATION NOT RELIABLE DUE TO EVENT SPARSITY,HIGH_UNCERTAINTY_SPARSE_EVENTS,HIGH UNCERTAINTY: Estimates derived from sparse administrative milestone occurrences.,ADVISORY_MEDIAN_RELATIVE_HAZARD,"{'30d': False, '90d': False, '180d': True, '365d': True, '730d': True}"
CAS_CLEAN_041,SNP_CAS_CLEAN_041_S11_S19_20240314,20240314,SECTION_11_TO_SECTION_19,1.0.0-cox-production-baseline,-1.841092,0.158644,0.998613,0.978083,0.975948,0.973566,0.973566,0.001387,0.021917,0.024052,0.026434,0.026434,PARTIAL — CALIBRATION NOT RELIABLE DUE TO EVENT SPARSITY,HIGH_UNCERTAINTY_SPARSE_EVENTS,HIGH UNCERTAINTY: Estimates derived from sparse administrative milestone occurrences.,ADVISORY_MEDIAN_RELATIVE_HAZARD,"{'30d': False, '90d': False, '180d': True, '365d': True, '730d': True}"
CAS_CLEAN_136,SNP_CAS_CLEAN_136_S11_S19_20240314,20240314,SECTION_11_TO_SECTION_19,1.0.0-cox-production-baseline,-1.841092,0.158644,0.998613,0.978083,0.975948,0.973566,0.973566,0.001387,0.021917,0.024052,0.026434,0.026434,PARTIAL — CALIBRATION NOT RELIABLE DUE TO EVENT SPARSITY,HIGH_UNCERTAINTY_SPARSE_EVENTS,HIGH UNCERTAINTY: Estimates derived from sparse administrative milestone occurrences.,ADVISORY_MEDIAN_RELATIVE_HAZARD,"{'30d': False, '90d': False, '180d': True, '365d': True, '730d': True}"
CAS_CLEAN_029,SNP_CAS_CLEAN_029_S11_S19_20240527,20240527,SECTION_11_TO_SECTION_19,1.0.0-cox-production-baseline,-2.448502,0.086423,0.999244,0.988,0.986825,0.985512,0.985512,0.000756,0.012,0.013175,0.014488,0.014488,PARTIAL — CALIBRATION NOT RELIABLE DUE TO EVENT SPARSITY,HIGH_UNCERTAINTY_SPARSE_EVENTS,HIGH UNCERTAINTY: Estimates derived from sparse administrative milestone occurrences.,ADVISORY_MEDIAN_RELATIVE_HAZARD,"{'30d': False, '90d': False, '180d': True, '365d': True, '730d': True}"
CAS_CLEAN_039,SNP_CAS_CLEAN_039_S11_S19_20240612,20240612,SECTION_11_TO_SECTION_19,1.0.0-cox-production-baseline,-2.448502,0.086423,0.999244,0.988,0.986825,0.985512,0.985512,0.000756,0.012,0.013175,0.014488,0.014488,PARTIAL — CALIBRATION NOT RELIABLE DUE TO EVENT SPARSITY,HIGH_UNCERTAINTY_SPARSE_EVENTS,HIGH UNCERTAINTY: Estimates derived from sparse administrative milestone occurrences.,ADVISORY_MEDIAN_RELATIVE_HAZARD,"{'30d': False, '90d': False, '180d': True, '365d': True, '730d': True}"
CAS_CLEAN_041,SNP_CAS_CLEAN_041_S11_S19_20240612,20240612,SECTION_11_TO_SECTION_19,1.0.0-cox-production-baseline,-2.448502,0.086423,0.999244,0.988,0.986825,0.985512,0.985512,0.000756,0.012,0.013175,0.014488,0.014488,PARTIAL — CALIBRATION NOT RELIABLE DUE TO EVENT SPARSITY,HIGH_UNCERTAINTY_SPARSE_EVENTS,HIGH UNCERTAINTY: Estimates derived from sparse administrative milestone occurrences.,ADVISORY_MEDIAN_RELATIVE_HAZARD,"{'30d': False, '90d': False, '180d': True, '365d': True, '730d': True}"
CAS_CLEAN_136,SNP_CAS_CLEAN_136_S11_S19_20240612,20240612,SECTION_11_TO_SECTION_19,1.0.0-cox-production-baseline,-2.448502,0.086423,0.999244,0.988,0.986825,0.985512,0.985512,0.000756,0.012,0.013175,0.014488,0.014488,PARTIAL — CALIBRATION NOT RELIABLE DUE TO EVENT SPARSITY,HIGH_UNCERTAINTY_SPARSE_EVENTS,HIGH UNCERTAINTY: Estimates derived from sparse administrative milestone occurrences.,ADVISORY_MEDIAN_RELATIVE_HAZARD,"{'30d': False, '90d': False, '180d': True, '365d': True, '730d': True}"
CAS_CLEAN_140,SNP_CAS_CLEAN_140_S11_S19_20240808,20240808,SECTION_11_TO_SECTION_19,1.0.0-cox-production-baseline,-1.841092,0.158644,0.998613,0.978083,0.975948,0.973566,0.973566,0.001387,0.021917,0.024052,0.026434,0.026434,PARTIAL — CALIBRATION NOT RELIABLE DUE TO EVENT SPARSITY,HIGH_UNCERTAINTY_SPARSE_EVENTS,HIGH UNCERTAINTY: Estimates derived from sparse administrative milestone occurrences.,ADVISORY_MEDIAN_RELATIVE_HAZARD,"{'30d': False, '90d': False, '180d': True, '365d': True, '730d': True}"
CAS_CLEAN_029,SNP_CAS_CLEAN_029_S11_S19_20240825,20240825,SECTION_11_TO_SECTION_19,1.0.0-cox-production-baseline,-3.055912,0.04708,0.999588,0.993445,0.992801,0.992081,0.992081,0.000412,0.006555,0.007199,0.007919,0.007919,PARTIAL — CALIBRATION NOT RELIABLE DUE TO EVENT SPARSITY,HIGH_UNCERTAINTY_SPARSE_EVENTS,HIGH UNCERTAINTY: Estimates derived from sparse administrative milestone occurrences.,ADVISORY_LOWER_RELATIVE_HAZARD,"{'30d': False, '90d': False, '180d': True, '365d': True, '730d': True}"
CAS_CLEAN_039,SNP_CAS_CLEAN_039_S11_S19_20240910,20240910,SECTION_11_TO_SECTION_19,1.0.0-cox-production-baseline,-3.055912,0.04708,0.999588,0.993445,0.992801,0.992081,0.992081,0.000412,0.006555,0.007199,0.007919,0.007919,PARTIAL — CALIBRATION NOT RELIABLE DUE TO EVENT SPARSITY,HIGH_UNCERTAINTY_SPARSE_EVENTS,HIGH UNCERTAINTY: Estimates derived from sparse administrative milestone occurrences.,ADVISORY_LOWER_RELATIVE_HAZARD,"{'30d': False, '90d': False, '180d': True, '365d': True, '730d': True}"
CAS_CLEAN_041,SNP_CAS_CLEAN_041_S11_S19_20240910,20240910,SECTION_11_TO_SECTION_19,1.0.0-cox-production-baseline,-3.055912,0.04708,0.999588,0.993445,0.992801,0.992081,0.992081,0.000412,0.006555,0.007199,0.007919,0.007919,PARTIAL — CALIBRATION NOT RELIABLE DUE TO EVENT SPARSITY,HIGH_UNCERTAINTY_SPARSE_EVENTS,HIGH UNCERTAINTY: Estimates derived from sparse administrative milestone occurrences.,ADVISORY_LOWER_RELATIVE_HAZARD,"{'30d': False, '90d': False, '180d': True, '365d': True, '730d': True}"
CAS_CLEAN_136,SNP_CAS_CLEAN_136_S11_S19_20240910,20240910,SECTION_11_TO_SECTION_19,1.0.0-cox-production-baseline,-3.055912,0.04708,0.999588,0.993445,0.992801,0.992081,0.992081,0.000412,0.006555,0.007199,0.007919,0.007919,PARTIAL — CALIBRATION NOT RELIABLE DUE TO EVENT SPARSITY,HIGH_UNCERTAINTY_SPARSE_EVENTS,HIGH UNCERTAINTY: Estimates derived from sparse administrative milestone occurrences.,ADVISORY_LOWER_RELATIVE_HAZARD,"{'30d': False, '90d': False, '180d': True, '365d': True, '730d': True}"
CAS_CLEAN_140,SNP_CAS_CLEAN_140_S11_S19_20241106,20241106,SECTION_11_TO_SECTION_19,1.0.0-cox-production-baseline,-2.448502,0.086423,0.999244,0.988,0.986825,0.985512,0.985512,0.000756,0.012,0.013175,0.014488,0.014488,PARTIAL — CALIBRATION NOT RELIABLE DUE TO EVENT SPARSITY,HIGH_UNCERTAINTY_SPARSE_EVENTS,HIGH UNCERTAINTY: Estimates derived from sparse administrative milestone occurrences.,ADVISORY_MEDIAN_RELATIVE_HAZARD,"{'30d': False, '90d': False, '180d': True, '365d': True, '730d': True}"
CAS_CLEAN_029,SNP_CAS_CLEAN_029_S11_S19_20241123,20241123,SECTION_11_TO_SECTION_19,1.0.0-cox-production-baseline,-3.663322,0.025647,0.999776,0.996424,0.996072,0.995678,0.995678,0.000224,0.003576,0.003928,0.004322,0.004322,PARTIAL — CALIBRATION NOT RELIABLE DUE TO EVENT SPARSITY,HIGH_UNCERTAINTY_SPARSE_EVENTS,HIGH UNCERTAINTY: Estimates derived from sparse administrative milestone occurrences.,ADVISORY_LOWER_RELATIVE_HAZARD,"{'30d': False, '90d': False, '180d': True, '365d': True, '730d': True}"
CAS_CLEAN_039,SNP_CAS_CLEAN_039_S11_S19_20241209,20241209,SECTION_11_TO_SECTION_19,1.0.0-cox-production-baseline,-3.663322,0.025647,0.999776,0.996424,0.996072,0.995678,0.995678,0.000224,0.003576,0.003928,0.004322,0.004322,PARTIAL — CALIBRATION NOT RELIABLE DUE TO EVENT SPARSITY,HIGH_UNCERTAINTY_SPARSE_EVENTS,HIGH UNCERTAINTY: Estimates derived from sparse administrative milestone occurrences.,ADVISORY_LOWER_RELATIVE_HAZARD,"{'30d': False, '90d': False, '180d': True, '365d': True, '730d': True}"
CAS_CLEAN_041,SNP_CAS_CLEAN_041_S11_S19_20241209,20241209,SECTION_11_TO_SECTION_19,1.0.0-cox-production-baseline,-3.663322,0.025647,0.999776,0.996424,0.996072,0.995678,0.995678,0.000224,0.003576,0.003928,0.004322,0.004322,PARTIAL — CALIBRATION NOT RELIABLE DUE TO EVENT SPARSITY,HIGH_UNCERTAINTY_SPARSE_EVENTS,HIGH UNCERTAINTY: Estimates derived from sparse administrative milestone occurrences.,ADVISORY_LOWER_RELATIVE_HAZARD,"{'30d': False, '90d': False, '180d': True, '365d': True, '730d': True}"
CAS_CLEAN_136,SNP_CAS_CLEAN_136_S11_S19_20241209,20241209,SECTION_11_TO_SECTION_19,1.0.0-cox-production-baseline,-3.663322,0.025647,0.999776,0.996424,0.996072,0.995678,0.995678,0.000224,0.003576,0.003928,0.004322,0.004322,PARTIAL — CALIBRATION NOT RELIABLE DUE TO EVENT SPARSITY,HIGH_UNCERTAINTY_SPARSE_EVENTS,HIGH UNCERTAINTY: Estimates derived from sparse administrative milestone occurrences.,ADVISORY_LOWER_RELATIVE_HAZARD,"{'30d': False, '90d': False, '180d': True, '365d': True, '730d': True}"
CAS_CLEAN_009,SNP_CAS_CLEAN_009_S11_S19_20250114,20250114,SECTION_11_TO_SECTION_19,1.0.0-cox-production-baseline,-1.841092,0.158644,0.998613,0.978083,0.975948,0.973566,0.973566,0.001387,0.021917,0.024052,0.026434,0.026434,PARTIAL — CALIBRATION NOT RELIABLE DUE TO EVENT SPARSITY,HIGH_UNCERTAINTY_SPARSE_EVENTS,HIGH UNCERTAINTY: Estimates derived from sparse administrative milestone occurrences.,ADVISORY_MEDIAN_RELATIVE_HAZARD,"{'30d': False, '90d': False, '180d': True, '365d': True, '730d': True}"
CAS_CLEAN_064,SNP_CAS_CLEAN_064_S11_S19_20250114,20250114,SECTION_11_TO_SECTION_19,1.0.0-cox-production-baseline,-1.841092,0.158644,0.998613,0.978083,0.975948,0.973566,0.973566,0.001387,0.021917,0.024052,0.026434,0.026434,PARTIAL — CALIBRATION NOT RELIABLE DUE TO EVENT SPARSITY,HIGH_UNCERTAINTY_SPARSE_EVENTS,HIGH UNCERTAINTY: Estimates derived from sparse administrative milestone occurrences.,ADVISORY_MEDIAN_RELATIVE_HAZARD,"{'30d': False, '90d': False, '180d': True, '365d': True, '730d': True}"
CAS_CLEAN_120,SNP_CAS_CLEAN_120_S11_S19_20250114,20250114,SECTION_11_TO_SECTION_19,1.0.0-cox-production-baseline,-1.841092,0.158644,0.998613,0.978083,0.975948,0.973566,0.973566,0.001387,0.021917,0.024052,0.026434,0.026434,PARTIAL — CALIBRATION NOT RELIABLE DUE TO EVENT SPARSITY,HIGH_UNCERTAINTY_SPARSE_EVENTS,HIGH UNCERTAINTY: Estimates derived from sparse administrative milestone occurrences.,ADVISORY_MEDIAN_RELATIVE_HAZARD,"{'30d': False, '90d': False, '180d': True, '365d': True, '730d': True}"
CAS_CLEAN_054,SNP_CAS_CLEAN_054_S11_S19_20250122,20250122,SECTION_11_TO_SECTION_19,1.0.0-cox-production-baseline,-1.841092,0.158644,0.998613,0.978083,0.975948,0.973566,0.973566,0.001387,0.021917,0.024052,0.026434,0.026434,PARTIAL — CALIBRATION NOT RELIABLE DUE TO EVENT SPARSITY,HIGH_UNCERTAINTY_SPARSE_EVENTS,HIGH UNCERTAINTY: Estimates derived from sparse administrative milestone occurrences.,ADVISORY_MEDIAN_RELATIVE_HAZARD,"{'30d': False, '90d': False, '180d': True, '365d': True, '730d': True}"
CAS_CLEAN_140,SNP_CAS_CLEAN_140_S11_S19_20250204,20250204,SECTION_11_TO_SECTION_19,1.0.0-cox-production-baseline,-3.055912,0.04708,0.999588,0.993445,0.992801,0.992081,0.992081,0.000412,0.006555,0.007199,0.007919,0.007919,PARTIAL — CALIBRATION NOT RELIABLE DUE TO EVENT SPARSITY,HIGH_UNCERTAINTY_SPARSE_EVENTS,HIGH UNCERTAINTY: Estimates derived from sparse administrative milestone occurrences.,ADVISORY_LOWER_RELATIVE_HAZARD,"{'30d': False, '90d': False, '180d': True, '365d': True, '730d': True}"
CAS_CLEAN_009,SNP_CAS_CLEAN_009_S11_S19_20250414,20250414,SECTION_11_TO_SECTION_19,1.0.0-cox-production-baseline,-2.448502,0.086423,0.999244,0.988,0.986825,0.985512,0.985512,0.000756,0.012,0.013175,0.014488,0.014488,PARTIAL — CALIBRATION NOT RELIABLE DUE TO EVENT SPARSITY,HIGH_UNCERTAINTY_SPARSE_EVENTS,HIGH UNCERTAINTY: Estimates derived from sparse administrative milestone occurrences.,ADVISORY_MEDIAN_RELATIVE_HAZARD,"{'30d': False, '90d': False, '180d': True, '365d': True, '730d': True}"
CAS_CLEAN_064,SNP_CAS_CLEAN_064_S11_S19_20250414,20250414,SECTION_11_TO_SECTION_19,1.0.0-cox-production-baseline,-2.448502,0.086423,0.999244,0.988,0.986825,0.985512,0.985512,0.000756,0.012,0.013175,0.014488,0.014488,PARTIAL — CALIBRATION NOT RELIABLE DUE TO EVENT SPARSITY,HIGH_UNCERTAINTY_SPARSE_EVENTS,HIGH UNCERTAINTY: Estimates derived from sparse administrative milestone occurrences.,ADVISORY_MEDIAN_RELATIVE_HAZARD,"{'30d': False, '90d': False, '180d': True, '365d': True, '730d': True}"
CAS_CLEAN_120,SNP_CAS_CLEAN_120_S11_S19_20250414,20250414,SECTION_11_TO_SECTION_19,1.0.0-cox-production-baseline,-2.448502,0.086423,0.999244,0.988,0.986825,0.985512,0.985512,0.000756,0.012,0.013175,0.014488,0.014488,PARTIAL — CALIBRATION NOT RELIABLE DUE TO EVENT SPARSITY,HIGH_UNCERTAINTY_SPARSE_EVENTS,HIGH UNCERTAINTY: Estimates derived from sparse administrative milestone occurrences.,ADVISORY_MEDIAN_RELATIVE_HAZARD,"{'30d': False, '90d': False, '180d': True, '365d': True, '730d': True}"
CAS_CLEAN_054,SNP_CAS_CLEAN_054_S11_S19_20250422,20250422,SECTION_11_TO_SECTION_19,1.0.0-cox-production-baseline,-2.448502,0.086423,0.999244,0.988,0.986825,0.985512,0.985512,0.000756,0.012,0.013175,0.014488,0.014488,PARTIAL — CALIBRATION NOT RELIABLE DUE TO EVENT SPARSITY,HIGH_UNCERTAINTY_SPARSE_EVENTS,HIGH UNCERTAINTY: Estimates derived from sparse administrative milestone occurrences.,ADVISORY_MEDIAN_RELATIVE_HAZARD,"{'30d': False, '90d': False, '180d': True, '365d': True, '730d': True}"
CAS_CLEAN_140,SNP_CAS_CLEAN_140_S11_S19_20250505,20250505,SECTION_11_TO_SECTION_19,1.0.0-cox-production-baseline,-3.663322,0.025647,0.999776,0.996424,0.996072,0.995678,0.995678,0.000224,0.003576,0.003928,0.004322,0.004322,PARTIAL — CALIBRATION NOT RELIABLE DUE TO EVENT SPARSITY,HIGH_UNCERTAINTY_SPARSE_EVENTS,HIGH UNCERTAINTY: Estimates derived from sparse administrative milestone occurrences.,ADVISORY_LOWER_RELATIVE_HAZARD,"{'30d': False, '90d': False, '180d': True, '365d': True, '730d': True}"
CAS_CLEAN_009,SNP_CAS_CLEAN_009_S11_S19_20250713,20250713,SECTION_11_TO_SECTION_19,1.0.0-cox-production-baseline,-3.055912,0.04708,0.999588,0.993445,0.992801,0.992081,0.992081,0.000412,0.006555,0.007199,0.007919,0.007919,PARTIAL — CALIBRATION NOT RELIABLE DUE TO EVENT SPARSITY,HIGH_UNCERTAINTY_SPARSE_EVENTS,HIGH UNCERTAINTY: Estimates derived from sparse administrative milestone occurrences.,ADVISORY_LOWER_RELATIVE_HAZARD,"{'30d': False, '90d': False, '180d': True, '365d': True, '730d': True}"
CAS_CLEAN_064,SNP_CAS_CLEAN_064_S11_S19_20250713,20250713,SECTION_11_TO_SECTION_19,1.0.0-cox-production-baseline,-3.055912,0.04708,0.999588,0.993445,0.992801,0.992081,0.992081,0.000412,0.006555,0.007199,0.007919,0.007919,PARTIAL — CALIBRATION NOT RELIABLE DUE TO EVENT SPARSITY,HIGH_UNCERTAINTY_SPARSE_EVENTS,HIGH UNCERTAINTY: Estimates derived from sparse administrative milestone occurrences.,ADVISORY_LOWER_RELATIVE_HAZARD,"{'30d': False, '90d': False, '180d': True, '365d': True, '730d': True}"
CAS_CLEAN_120,SNP_CAS_CLEAN_120_S11_S19_20250713,20250713,SECTION_11_TO_SECTION_19,1.0.0-cox-production-baseline,-3.055912,0.04708,0.999588,0.993445,0.992801,0.992081,0.992081,0.000412,0.006555,0.007199,0.007919,0.007919,PARTIAL — CALIBRATION NOT RELIABLE DUE TO EVENT SPARSITY,HIGH_UNCERTAINTY_SPARSE_EVENTS,HIGH UNCERTAINTY: Estimates derived from sparse administrative milestone occurrences.,ADVISORY_LOWER_RELATIVE_HAZARD,"{'30d': False, '90d': False, '180d': True, '365d': True, '730d': True}"
CAS_CLEAN_054,SNP_CAS_CLEAN_054_S11_S19_20250721,20250721,SECTION_11_TO_SECTION_19,1.0.0-cox-production-baseline,-3.055912,0.04708,0.999588,0.993445,0.992801,0.992081,0.992081,0.000412,0.006555,0.007199,0.007919,0.007919,PARTIAL — CALIBRATION NOT RELIABLE DUE TO EVENT SPARSITY,HIGH_UNCERTAINTY_SPARSE_EVENTS,HIGH UNCERTAINTY: Estimates derived from sparse administrative milestone occurrences.,ADVISORY_LOWER_RELATIVE_HAZARD,"{'30d': False, '90d': False, '180d': True, '365d': True, '730d': True}"
CAS_CLEAN_025,SNP_CAS_CLEAN_025_S11_S19_20250801,20250801,SECTION_11_TO_SECTION_19,1.0.0-cox-production-baseline,-1.841092,0.158644,0.998613,0.978083,0.975948,0.973566,0.973566,0.001387,0.021917,0.024052,0.026434,0.026434,PARTIAL — CALIBRATION NOT RELIABLE DUE TO EVENT SPARSITY,HIGH_UNCERTAINTY_SPARSE_EVENTS,HIGH UNCERTAINTY: Estimates derived from sparse administrative milestone occurrences.,ADVISORY_MEDIAN_RELATIVE_HAZARD,"{'30d': False, '90d': False, '180d': True, '365d': True, '730d': True}"
CAS_CLEAN_026,SNP_CAS_CLEAN_026_S11_S19_20250801,20250801,SECTION_11_TO_SECTION_19,1.0.0-cox-production-baseline,-1.841092,0.158644,0.998613,0.978083,0.975948,0.973566,0.973566,0.001387,0.021917,0.024052,0.026434,0.026434,PARTIAL — CALIBRATION NOT RELIABLE DUE TO EVENT SPARSITY,HIGH_UNCERTAINTY_SPARSE_EVENTS,HIGH UNCERTAINTY: Estimates derived from sparse administrative milestone occurrences.,ADVISORY_MEDIAN_RELATIVE_HAZARD,"{'30d': False, '90d': False, '180d': True, '365d': True, '730d': True}"
CAS_CLEAN_065,SNP_CAS_CLEAN_065_S11_S19_20250801,20250801,SECTION_11_TO_SECTION_19,1.0.0-cox-production-baseline,-1.841092,0.158644,0.998613,0.978083,0.975948,0.973566,0.973566,0.001387,0.021917,0.024052,0.026434,0.026434,PARTIAL — CALIBRATION NOT RELIABLE DUE TO EVENT SPARSITY,HIGH_UNCERTAINTY_SPARSE_EVENTS,HIGH UNCERTAINTY: Estimates derived from sparse administrative milestone occurrences.,ADVISORY_MEDIAN_RELATIVE_HAZARD,"{'30d': False, '90d': False, '180d': True, '365d': True, '730d': True}"
CAS_CLEAN_078,SNP_CAS_CLEAN_078_S11_S19_20250801,20250801,SECTION_11_TO_SECTION_19,1.0.0-cox-production-baseline,-1.841092,0.158644,0.998613,0.978083,0.975948,0.973566,0.973566,0.001387,0.021917,0.024052,0.026434,0.026434,PARTIAL — CALIBRATION NOT RELIABLE DUE TO EVENT SPARSITY,HIGH_UNCERTAINTY_SPARSE_EVENTS,HIGH UNCERTAINTY: Estimates derived from sparse administrative milestone occurrences.,ADVISORY_MEDIAN_RELATIVE_HAZARD,"{'30d': False, '90d': False, '180d': True, '365d': True, '730d': True}"
CAS_CLEAN_103,SNP_CAS_CLEAN_103_S11_S19_20250801,20250801,SECTION_11_TO_SECTION_19,1.0.0-cox-production-baseline,-1.841092,0.158644,0.998613,0.978083,0.975948,0.973566,0.973566,0.001387,0.021917,0.024052,0.026434,0.026434,PARTIAL — CALIBRATION NOT RELIABLE DUE TO EVENT SPARSITY,HIGH_UNCERTAINTY_SPARSE_EVENTS,HIGH UNCERTAINTY: Estimates derived from sparse administrative milestone occurrences.,ADVISORY_MEDIAN_RELATIVE_HAZARD,"{'30d': False, '90d': False, '180d': True, '365d': True, '730d': True}"
CAS_CLEAN_121,SNP_CAS_CLEAN_121_S11_S19_20250801,20250801,SECTION_11_TO_SECTION_19,1.0.0-cox-production-baseline,-1.841092,0.158644,0.998613,0.978083,0.975948,0.973566,0.973566,0.001387,0.021917,0.024052,0.026434,0.026434,PARTIAL — CALIBRATION NOT RELIABLE DUE TO EVENT SPARSITY,HIGH_UNCERTAINTY_SPARSE_EVENTS,HIGH UNCERTAINTY: Estimates derived from sparse administrative milestone occurrences.,ADVISORY_MEDIAN_RELATIVE_HAZARD,"{'30d': False, '90d': False, '180d': True, '365d': True, '730d': True}"
CAS_CLEAN_045,SNP_CAS_CLEAN_045_S11_S19_20250919,20250919,SECTION_11_TO_SECTION_19,1.0.0-cox-production-baseline,-1.841092,0.158644,0.998613,0.978083,0.975948,0.973566,0.973566,0.001387,0.021917,0.024052,0.026434,0.026434,PARTIAL — CALIBRATION NOT RELIABLE DUE TO EVENT SPARSITY,HIGH_UNCERTAINTY_SPARSE_EVENTS,HIGH UNCERTAINTY: Estimates derived from sparse administrative milestone occurrences.,ADVISORY_MEDIAN_RELATIVE_HAZARD,"{'30d': False, '90d': False, '180d': True, '365d': True, '730d': True}"
CAS_CLEAN_076,SNP_CAS_CLEAN_076_S11_S19_20250919,20250919,SECTION_11_TO_SECTION_19,1.0.0-cox-production-baseline,-1.841092,0.158644,0.998613,0.978083,0.975948,0.973566,0.973566,0.001387,0.021917,0.024052,0.026434,0.026434,PARTIAL — CALIBRATION NOT RELIABLE DUE TO EVENT SPARSITY,HIGH_UNCERTAINTY_SPARSE_EVENTS,HIGH UNCERTAINTY: Estimates derived from sparse administrative milestone occurrences.,ADVISORY_MEDIAN_RELATIVE_HAZARD,"{'30d': False, '90d': False, '180d': True, '365d': True, '730d': True}"
CAS_CLEAN_114,SNP_CAS_CLEAN_114_S11_S19_20250919,20250919,SECTION_11_TO_SECTION_19,1.0.0-cox-production-baseline,-1.841092,0.158644,0.998613,0.978083,0.975948,0.973566,0.973566,0.001387,0.021917,0.024052,0.026434,0.026434,PARTIAL — CALIBRATION NOT RELIABLE DUE TO EVENT SPARSITY,HIGH_UNCERTAINTY_SPARSE_EVENTS,HIGH UNCERTAINTY: Estimates derived from sparse administrative milestone occurrences.,ADVISORY_MEDIAN_RELATIVE_HAZARD,"{'30d': False, '90d': False, '180d': True, '365d': True, '730d': True}"
CAS_CLEAN_015,SNP_CAS_CLEAN_015_S11_S19_20250926,20250926,SECTION_11_TO_SECTION_19,1.0.0-cox-production-baseline,-1.841092,0.158644,0.998613,0.978083,0.975948,0.973566,0.973566,0.001387,0.021917,0.024052,0.026434,0.026434,PARTIAL — CALIBRATION NOT RELIABLE DUE TO EVENT SPARSITY,HIGH_UNCERTAINTY_SPARSE_EVENTS,HIGH UNCERTAINTY: Estimates derived from sparse administrative milestone occurrences.,ADVISORY_MEDIAN_RELATIVE_HAZARD,"{'30d': False, '90d': False, '180d': True, '365d': True, '730d': True}"
CAS_CLEAN_006,SNP_CAS_CLEAN_006_S11_S19_20250929,20250929,SECTION_11_TO_SECTION_19,1.0.0-cox-production-baseline,-1.841092,0.158644,0.998613,0.978083,0.975948,0.973566,0.973566,0.001387,0.021917,0.024052,0.026434,0.026434,PARTIAL — CALIBRATION NOT RELIABLE DUE TO EVENT SPARSITY,HIGH_UNCERTAINTY_SPARSE_EVENTS,HIGH UNCERTAINTY: Estimates derived from sparse administrative milestone occurrences.,ADVISORY_MEDIAN_RELATIVE_HAZARD,"{'30d': False, '90d': False, '180d': True, '365d': True, '730d': True}"
CAS_CLEAN_014,SNP_CAS_CLEAN_014_S11_S19_20250929,20250929,SECTION_11_TO_SECTION_19,1.0.0-cox-production-baseline,-1.841092,0.158644,0.998613,0.978083,0.975948,0.973566,0.973566,0.001387,0.021917,0.024052,0.026434,0.026434,PARTIAL — CALIBRATION NOT RELIABLE DUE TO EVENT SPARSITY,HIGH_UNCERTAINTY_SPARSE_EVENTS,HIGH UNCERTAINTY: Estimates derived from sparse administrative milestone occurrences.,ADVISORY_MEDIAN_RELATIVE_HAZARD,"{'30d': False, '90d': False, '180d': True, '365d': True, '730d': True}"
CAS_CLEAN_019,SNP_CAS_CLEAN_019_S11_S19_20250929,20250929,SECTION_11_TO_SECTION_19,1.0.0-cox-production-baseline,-1.841092,0.158644,0.998613,0.978083,0.975948,0.973566,0.973566,0.001387,0.021917,0.024052,0.026434,0.026434,PARTIAL — CALIBRATION NOT RELIABLE DUE TO EVENT SPARSITY,HIGH_UNCERTAINTY_SPARSE_EVENTS,HIGH UNCERTAINTY: Estimates derived from sparse administrative milestone occurrences.,ADVISORY_MEDIAN_RELATIVE_HAZARD,"{'30d': False, '90d': False, '180d': True, '365d': True, '730d': True}"
CAS_CLEAN_060,SNP_CAS_CLEAN_060_S11_S19_20250929,20250929,SECTION_11_TO_SECTION_19,1.0.0-cox-production-baseline,0.0,1.0,0.99129,0.869627,0.857734,0.844623,0.844623,0.00871,0.130373,0.142266,0.155377,0.155377,PARTIAL — CALIBRATION NOT RELIABLE DUE TO EVENT SPARSITY,HIGH_UNCERTAINTY_SPARSE_EVENTS,HIGH UNCERTAINTY: Estimates derived from sparse administrative milestone occurrences.,ADVISORY_HIGHEST_DECILE_HAZARD,"{'30d': False, '90d': False, '180d': True, '365d': True, '730d': True}"
CAS_CLEAN_080,SNP_CAS_CLEAN_080_S11_S19_20250929,20250929,SECTION_11_TO_SECTION_19,1.0.0-cox-production-baseline,-1.841092,0.158644,0.998613,0.978083,0.975948,0.973566,0.973566,0.001387,0.021917,0.024052,0.026434,0.026434,PARTIAL — CALIBRATION NOT RELIABLE DUE TO EVENT SPARSITY,HIGH_UNCERTAINTY_SPARSE_EVENTS,HIGH UNCERTAINTY: Estimates derived from sparse administrative milestone occurrences.,ADVISORY_MEDIAN_RELATIVE_HAZARD,"{'30d': False, '90d': False, '180d': True, '365d': True, '730d': True}"
CAS_CLEAN_129,SNP_CAS_CLEAN_129_S11_S19_20250929,20250929,SECTION_11_TO_SECTION_19,1.0.0-cox-production-baseline,-1.841092,0.158644,0.998613,0.978083,0.975948,0.973566,0.973566,0.001387,0.021917,0.024052,0.026434,0.026434,PARTIAL — CALIBRATION NOT RELIABLE DUE TO EVENT SPARSITY,HIGH_UNCERTAINTY_SPARSE_EVENTS,HIGH UNCERTAINTY: Estimates derived from sparse administrative milestone occurrences.,ADVISORY_MEDIAN_RELATIVE_HAZARD,"{'30d': False, '90d': False, '180d': True, '365d': True, '730d': True}"
CAS_CLEAN_146,SNP_CAS_CLEAN_146_S11_S19_20250929,20250929,SECTION_11_TO_SECTION_19,1.0.0-cox-production-baseline,-1.841092,0.158644,0.998613,0.978083,0.975948,0.973566,0.973566,0.001387,0.021917,0.024052,0.026434,0.026434,PARTIAL — CALIBRATION NOT RELIABLE DUE TO EVENT SPARSITY,HIGH_UNCERTAINTY_SPARSE_EVENTS,HIGH UNCERTAINTY: Estimates derived from sparse administrative milestone occurrences.,ADVISORY_MEDIAN_RELATIVE_HAZARD,"{'30d': False, '90d': False, '180d': True, '365d': True, '730d': True}"
CAS_CLEAN_147,SNP_CAS_CLEAN_147_S11_S19_20250929,20250929,SECTION_11_TO_SECTION_19,1.0.0-cox-production-baseline,-1.841092,0.158644,0.998613,0.978083,0.975948,0.973566,0.973566,0.001387,0.021917,0.024052,0.026434,0.026434,PARTIAL — CALIBRATION NOT RELIABLE DUE TO EVENT SPARSITY,HIGH_UNCERTAINTY_SPARSE_EVENTS,HIGH UNCERTAINTY: Estimates derived from sparse administrative milestone occurrences.,ADVISORY_MEDIAN_RELATIVE_HAZARD,"{'30d': False, '90d': False, '180d': True, '365d': True, '730d': True}"
CAS_CLEAN_003,SNP_CAS_CLEAN_003_S11_S19_20250930,20250930,SECTION_11_TO_SECTION_19,1.0.0-cox-production-baseline,-1.841092,0.158644,0.998613,0.978083,0.975948,0.973566,0.973566,0.001387,0.021917,0.024052,0.026434,0.026434,PARTIAL — CALIBRATION NOT RELIABLE DUE TO EVENT SPARSITY,HIGH_UNCERTAINTY_SPARSE_EVENTS,HIGH UNCERTAINTY: Estimates derived from sparse administrative milestone occurrences.,ADVISORY_MEDIAN_RELATIVE_HAZARD,"{'30d': False, '90d': False, '180d': True, '365d': True, '730d': True}"
CAS_CLEAN_124,SNP_CAS_CLEAN_124_S11_S19_20250930,20250930,SECTION_11_TO_SECTION_19,1.0.0-cox-production-baseline,-1.841092,0.158644,0.998613,0.978083,0.975948,0.973566,0.973566,0.001387,0.021917,0.024052,0.026434,0.026434,PARTIAL — CALIBRATION NOT RELIABLE DUE TO EVENT SPARSITY,HIGH_UNCERTAINTY_SPARSE_EVENTS,HIGH UNCERTAINTY: Estimates derived from sparse administrative milestone occurrences.,ADVISORY_MEDIAN_RELATIVE_HAZARD,"{'30d': False, '90d': False, '180d': True, '365d': True, '730d': True}"
CAS_CLEAN_009,SNP_CAS_CLEAN_009_S11_S19_20251011,20251011,SECTION_11_TO_SECTION_19,1.0.0-cox-production-baseline,-3.663322,0.025647,0.999776,0.996424,0.996072,0.995678,0.995678,0.000224,0.003576,0.003928,0.004322,0.004322,PARTIAL — CALIBRATION NOT RELIABLE DUE TO EVENT SPARSITY,HIGH_UNCERTAINTY_SPARSE_EVENTS,HIGH UNCERTAINTY: Estimates derived from sparse administrative milestone occurrences.,ADVISORY_LOWER_RELATIVE_HAZARD,"{'30d': False, '90d': False, '180d': True, '365d': True, '730d': True}"
CAS_CLEAN_064,SNP_CAS_CLEAN_064_S11_S19_20251011,20251011,SECTION_11_TO_SECTION_19,1.0.0-cox-production-baseline,-3.663322,0.025647,0.999776,0.996424,0.996072,0.995678,0.995678,0.000224,0.003576,0.003928,0.004322,0.004322,PARTIAL — CALIBRATION NOT RELIABLE DUE TO EVENT SPARSITY,HIGH_UNCERTAINTY_SPARSE_EVENTS,HIGH UNCERTAINTY: Estimates derived from sparse administrative milestone occurrences.,ADVISORY_LOWER_RELATIVE_HAZARD,"{'30d': False, '90d': False, '180d': True, '365d': True, '730d': True}"
CAS_CLEAN_120,SNP_CAS_CLEAN_120_S11_S19_20251011,20251011,SECTION_11_TO_SECTION_19,1.0.0-cox-production-baseline,-3.663322,0.025647,0.999776,0.996424,0.996072,0.995678,0.995678,0.000224,0.003576,0.003928,0.004322,0.004322,PARTIAL — CALIBRATION NOT RELIABLE DUE TO EVENT SPARSITY,HIGH_UNCERTAINTY_SPARSE_EVENTS,HIGH UNCERTAINTY: Estimates derived from sparse administrative milestone occurrences.,ADVISORY_LOWER_RELATIVE_HAZARD,"{'30d': False, '90d': False, '180d': True, '365d': True, '730d': True}"
CAS_CLEAN_054,SNP_CAS_CLEAN_054_S11_S19_20251019,20251019,SECTION_11_TO_SECTION_19,1.0.0-cox-production-baseline,-3.663322,0.025647,0.999776,0.996424,0.996072,0.995678,0.995678,0.000224,0.003576,0.003928,0.004322,0.004322,PARTIAL — CALIBRATION NOT RELIABLE DUE TO EVENT SPARSITY,HIGH_UNCERTAINTY_SPARSE_EVENTS,HIGH UNCERTAINTY: Estimates derived from sparse administrative milestone occurrences.,ADVISORY_LOWER_RELATIVE_HAZARD,"{'30d': False, '90d': False, '180d': True, '365d': True, '730d': True}"
CAS_CLEAN_025,SNP_CAS_CLEAN_025_S11_S19_20251030,20251030,SECTION_11_TO_SECTION_19,1.0.0-cox-production-baseline,-2.448502,0.086423,0.999244,0.988,0.986825,0.985512,0.985512,0.000756,0.012,0.013175,0.014488,0.014488,PARTIAL — CALIBRATION NOT RELIABLE DUE TO EVENT SPARSITY,HIGH_UNCERTAINTY_SPARSE_EVENTS,HIGH UNCERTAINTY: Estimates derived from sparse administrative milestone occurrences.,ADVISORY_MEDIAN_RELATIVE_HAZARD,"{'30d': False, '90d': False, '180d': True, '365d': True, '730d': True}"
CAS_CLEAN_026,SNP_CAS_CLEAN_026_S11_S19_20251030,20251030,SECTION_11_TO_SECTION_19,1.0.0-cox-production-baseline,-2.448502,0.086423,0.999244,0.988,0.986825,0.985512,0.985512,0.000756,0.012,0.013175,0.014488,0.014488,PARTIAL — CALIBRATION NOT RELIABLE DUE TO EVENT SPARSITY,HIGH_UNCERTAINTY_SPARSE_EVENTS,HIGH UNCERTAINTY: Estimates derived from sparse administrative milestone occurrences.,ADVISORY_MEDIAN_RELATIVE_HAZARD,"{'30d': False, '90d': False, '180d': True, '365d': True, '730d': True}"
CAS_CLEAN_065,SNP_CAS_CLEAN_065_S11_S19_20251030,20251030,SECTION_11_TO_SECTION_19,1.0.0-cox-production-baseline,-2.448502,0.086423,0.999244,0.988,0.986825,0.985512,0.985512,0.000756,0.012,0.013175,0.014488,0.014488,PARTIAL — CALIBRATION NOT RELIABLE DUE TO EVENT SPARSITY,HIGH_UNCERTAINTY_SPARSE_EVENTS,HIGH UNCERTAINTY: Estimates derived from sparse administrative milestone occurrences.,ADVISORY_MEDIAN_RELATIVE_HAZARD,"{'30d': False, '90d': False, '180d': True, '365d': True, '730d': True}"
CAS_CLEAN_078,SNP_CAS_CLEAN_078_S11_S19_20251030,20251030,SECTION_11_TO_SECTION_19,1.0.0-cox-production-baseline,-2.448502,0.086423,0.999244,0.988,0.986825,0.985512,0.985512,0.000756,0.012,0.013175,0.014488,0.014488,PARTIAL — CALIBRATION NOT RELIABLE DUE TO EVENT SPARSITY,HIGH_UNCERTAINTY_SPARSE_EVENTS,HIGH UNCERTAINTY: Estimates derived from sparse administrative milestone occurrences.,ADVISORY_MEDIAN_RELATIVE_HAZARD,"{'30d': False, '90d': False, '180d': True, '365d': True, '730d': True}"
CAS_CLEAN_103,SNP_CAS_CLEAN_103_S11_S19_20251030,20251030,SECTION_11_TO_SECTION_19,1.0.0-cox-production-baseline,-2.448502,0.086423,0.999244,0.988,0.986825,0.985512,0.985512,0.000756,0.012,0.013175,0.014488,0.014488,PARTIAL — CALIBRATION NOT RELIABLE DUE TO EVENT SPARSITY,HIGH_UNCERTAINTY_SPARSE_EVENTS,HIGH UNCERTAINTY: Estimates derived from sparse administrative milestone occurrences.,ADVISORY_MEDIAN_RELATIVE_HAZARD,"{'30d': False, '90d': False, '180d': True, '365d': True, '730d': True}"
CAS_CLEAN_121,SNP_CAS_CLEAN_121_S11_S19_20251030,20251030,SECTION_11_TO_SECTION_19,1.0.0-cox-production-baseline,-2.448502,0.086423,0.999244,0.988,0.986825,0.985512,0.985512,0.000756,0.012,0.013175,0.014488,0.014488,PARTIAL — CALIBRATION NOT RELIABLE DUE TO EVENT SPARSITY,HIGH_UNCERTAINTY_SPARSE_EVENTS,HIGH UNCERTAINTY: Estimates derived from sparse administrative milestone occurrences.,ADVISORY_MEDIAN_RELATIVE_HAZARD,"{'30d': False, '90d': False, '180d': True, '365d': True, '730d': True}"
CAS_CLEAN_259,SNP_CAS_CLEAN_259_S11_S19_20251212,20251212,SECTION_11_TO_SECTION_19,1.0.0-cox-production-baseline,-2.643534,0.07111,0.999378,0.990116,0.989147,0.988064,0.988064,0.000622,0.009884,0.010853,0.011936,0.011936,PARTIAL — CALIBRATION NOT RELIABLE DUE TO EVENT SPARSITY,HIGH_UNCERTAINTY_SPARSE_EVENTS,HIGH UNCERTAINTY: Estimates derived from sparse administrative milestone occurrences.,ADVISORY_MEDIAN_RELATIVE_HAZARD,"{'30d': False, '90d': False, '180d': True, '365d': True, '730d': True}"
CAS_CLEAN_124,SNP_CAS_CLEAN_124_S11_S19_20251229,20251229,SECTION_11_TO_SECTION_19,1.0.0-cox-production-baseline,-2.448502,0.086423,0.999244,0.988,0.986825,0.985512,0.985512,0.000756,0.012,0.013175,0.014488,0.014488,PARTIAL — CALIBRATION NOT RELIABLE DUE TO EVENT SPARSITY,HIGH_UNCERTAINTY_SPARSE_EVENTS,HIGH UNCERTAINTY: Estimates derived from sparse administrative milestone occurrences.,ADVISORY_MEDIAN_RELATIVE_HAZARD,"{'30d': False, '90d': False, '180d': True, '365d': True, '730d': True}"
CAS_CLEAN_025,SNP_CAS_CLEAN_025_S11_S19_20260128,20260128,SECTION_11_TO_SECTION_19,1.0.0-cox-production-baseline,-3.055912,0.04708,0.999588,0.993445,0.992801,0.992081,0.992081,0.000412,0.006555,0.007199,0.007919,0.007919,PARTIAL — CALIBRATION NOT RELIABLE DUE TO EVENT SPARSITY,HIGH_UNCERTAINTY_SPARSE_EVENTS,HIGH UNCERTAINTY: Estimates derived from sparse administrative milestone occurrences.,ADVISORY_LOWER_RELATIVE_HAZARD,"{'30d': False, '90d': False, '180d': True, '365d': True, '730d': True}"
CAS_CLEAN_026,SNP_CAS_CLEAN_026_S11_S19_20260128,20260128,SECTION_11_TO_SECTION_19,1.0.0-cox-production-baseline,-3.055912,0.04708,0.999588,0.993445,0.992801,0.992081,0.992081,0.000412,0.006555,0.007199,0.007919,0.007919,PARTIAL — CALIBRATION NOT RELIABLE DUE TO EVENT SPARSITY,HIGH_UNCERTAINTY_SPARSE_EVENTS,HIGH UNCERTAINTY: Estimates derived from sparse administrative milestone occurrences.,ADVISORY_LOWER_RELATIVE_HAZARD,"{'30d': False, '90d': False, '180d': True, '365d': True, '730d': True}"
CAS_CLEAN_065,SNP_CAS_CLEAN_065_S11_S19_20260128,20260128,SECTION_11_TO_SECTION_19,1.0.0-cox-production-baseline,-3.055912,0.04708,0.999588,0.993445,0.992801,0.992081,0.992081,0.000412,0.006555,0.007199,0.007919,0.007919,PARTIAL — CALIBRATION NOT RELIABLE DUE TO EVENT SPARSITY,HIGH_UNCERTAINTY_SPARSE_EVENTS,HIGH UNCERTAINTY: Estimates derived from sparse administrative milestone occurrences.,ADVISORY_LOWER_RELATIVE_HAZARD,"{'30d': False, '90d': False, '180d': True, '365d': True, '730d': True}"
CAS_CLEAN_078,SNP_CAS_CLEAN_078_S11_S19_20260128,20260128,SECTION_11_TO_SECTION_19,1.0.0-cox-production-baseline,-3.055912,0.04708,0.999588,0.993445,0.992801,0.992081,0.992081,0.000412,0.006555,0.007199,0.007919,0.007919,PARTIAL — CALIBRATION NOT RELIABLE DUE TO EVENT SPARSITY,HIGH_UNCERTAINTY_SPARSE_EVENTS,HIGH UNCERTAINTY: Estimates derived from sparse administrative milestone occurrences.,ADVISORY_LOWER_RELATIVE_HAZARD,"{'30d': False, '90d': False, '180d': True, '365d': True, '730d': True}"
CAS_CLEAN_103,SNP_CAS_CLEAN_103_S11_S19_20260128,20260128,SECTION_11_TO_SECTION_19,1.0.0-cox-production-baseline,-3.055912,0.04708,0.999588,0.993445,0.992801,0.992081,0.992081,0.000412,0.006555,0.007199,0.007919,0.007919,PARTIAL — CALIBRATION NOT RELIABLE DUE TO EVENT SPARSITY,HIGH_UNCERTAINTY_SPARSE_EVENTS,HIGH UNCERTAINTY: Estimates derived from sparse administrative milestone occurrences.,ADVISORY_LOWER_RELATIVE_HAZARD,"{'30d': False, '90d': False, '180d': True, '365d': True, '730d': True}"
CAS_CLEAN_121,SNP_CAS_CLEAN_121_S11_S19_20260128,20260128,SECTION_11_TO_SECTION_19,1.0.0-cox-production-baseline,-3.055912,0.04708,0.999588,0.993445,0.992801,0.992081,0.992081,0.000412,0.006555,0.007199,0.007919,0.007919,PARTIAL — CALIBRATION NOT RELIABLE DUE TO EVENT SPARSITY,HIGH_UNCERTAINTY_SPARSE_EVENTS,HIGH UNCERTAINTY: Estimates derived from sparse administrative milestone occurrences.,ADVISORY_LOWER_RELATIVE_HAZARD,"{'30d': False, '90d': False, '180d': True, '365d': True, '730d': True}"
CAS_CLEAN_259,SNP_CAS_CLEAN_259_S11_S19_20260312,20260312,SECTION_11_TO_SECTION_19,1.0.0-cox-production-baseline,-3.250944,0.038738,0.999661,0.994603,0.994073,0.99348,0.99348,0.000339,0.005397,0.005927,0.00652,0.00652,PARTIAL — CALIBRATION NOT RELIABLE DUE TO EVENT SPARSITY,HIGH_UNCERTAINTY_SPARSE_EVENTS,HIGH UNCERTAINTY: Estimates derived from sparse administrative milestone occurrences.,ADVISORY_LOWER_RELATIVE_HAZARD,"{'30d': False, '90d': False, '180d': True, '365d': True, '730d': True}"
CAS_CLEAN_124,SNP_CAS_CLEAN_124_S11_S19_20260329,20260329,SECTION_11_TO_SECTION_19,1.0.0-cox-production-baseline,-3.055912,0.04708,0.999588,0.993445,0.992801,0.992081,0.992081,0.000412,0.006555,0.007199,0.007919,0.007919,PARTIAL — CALIBRATION NOT RELIABLE DUE TO EVENT SPARSITY,HIGH_UNCERTAINTY_SPARSE_EVENTS,HIGH UNCERTAINTY: Estimates derived from sparse administrative milestone occurrences.,ADVISORY_LOWER_RELATIVE_HAZARD,"{'30d': False, '90d': False, '180d': True, '365d': True, '730d': True}"
CAS_CLEAN_025,SNP_CAS_CLEAN_025_S11_S19_20260428,20260428,SECTION_11_TO_SECTION_19,1.0.0-cox-production-baseline,-3.663322,0.025647,0.999776,0.996424,0.996072,0.995678,0.995678,0.000224,0.003576,0.003928,0.004322,0.004322,PARTIAL — CALIBRATION NOT RELIABLE DUE TO EVENT SPARSITY,HIGH_UNCERTAINTY_SPARSE_EVENTS,HIGH UNCERTAINTY: Estimates derived from sparse administrative milestone occurrences.,ADVISORY_LOWER_RELATIVE_HAZARD,"{'30d': False, '90d': False, '180d': True, '365d': True, '730d': True}"
CAS_CLEAN_026,SNP_CAS_CLEAN_026_S11_S19_20260428,20260428,SECTION_11_TO_SECTION_19,1.0.0-cox-production-baseline,-3.663322,0.025647,0.999776,0.996424,0.996072,0.995678,0.995678,0.000224,0.003576,0.003928,0.004322,0.004322,PARTIAL — CALIBRATION NOT RELIABLE DUE TO EVENT SPARSITY,HIGH_UNCERTAINTY_SPARSE_EVENTS,HIGH UNCERTAINTY: Estimates derived from sparse administrative milestone occurrences.,ADVISORY_LOWER_RELATIVE_HAZARD,"{'30d': False, '90d': False, '180d': True, '365d': True, '730d': True}"
CAS_CLEAN_027,SNP_CAS_CLEAN_027_S11_S19_20260428,20260428,SECTION_11_TO_SECTION_19,1.0.0-cox-production-baseline,-1.841092,0.158644,0.998613,0.978083,0.975948,0.973566,0.973566,0.001387,0.021917,0.024052,0.026434,0.026434,PARTIAL — CALIBRATION NOT RELIABLE DUE TO EVENT SPARSITY,HIGH_UNCERTAINTY_SPARSE_EVENTS,HIGH UNCERTAINTY: Estimates derived from sparse administrative milestone occurrences.,ADVISORY_MEDIAN_RELATIVE_HAZARD,"{'30d': False, '90d': False, '180d': True, '365d': True, '730d': True}"
CAS_CLEAN_028,SNP_CAS_CLEAN_028_S11_S19_20260428,20260428,SECTION_11_TO_SECTION_19,1.0.0-cox-production-baseline,-1.841092,0.158644,0.998613,0.978083,0.975948,0.973566,0.973566,0.001387,0.021917,0.024052,0.026434,0.026434,PARTIAL — CALIBRATION NOT RELIABLE DUE TO EVENT SPARSITY,HIGH_UNCERTAINTY_SPARSE_EVENTS,HIGH UNCERTAINTY: Estimates derived from sparse administrative milestone occurrences.,ADVISORY_MEDIAN_RELATIVE_HAZARD,"{'30d': False, '90d': False, '180d': True, '365d': True, '730d': True}"
CAS_CLEAN_065,SNP_CAS_CLEAN_065_S11_S19_20260428,20260428,SECTION_11_TO_SECTION_19,1.0.0-cox-production-baseline,-3.663322,0.025647,0.999776,0.996424,0.996072,0.995678,0.995678,0.000224,0.003576,0.003928,0.004322,0.004322,PARTIAL — CALIBRATION NOT RELIABLE DUE TO EVENT SPARSITY,HIGH_UNCERTAINTY_SPARSE_EVENTS,HIGH UNCERTAINTY: Estimates derived from sparse administrative milestone occurrences.,ADVISORY_LOWER_RELATIVE_HAZARD,"{'30d': False, '90d': False, '180d': True, '365d': True, '730d': True}"
CAS_CLEAN_078,SNP_CAS_CLEAN_078_S11_S19_20260428,20260428,SECTION_11_TO_SECTION_19,1.0.0-cox-production-baseline,-3.663322,0.025647,0.999776,0.996424,0.996072,0.995678,0.995678,0.000224,0.003576,0.003928,0.004322,0.004322,PARTIAL — CALIBRATION NOT RELIABLE DUE TO EVENT SPARSITY,HIGH_UNCERTAINTY_SPARSE_EVENTS,HIGH UNCERTAINTY: Estimates derived from sparse administrative milestone occurrences.,ADVISORY_LOWER_RELATIVE_HAZARD,"{'30d': False, '90d': False, '180d': True, '365d': True, '730d': True}"
CAS_CLEAN_103,SNP_CAS_CLEAN_103_S11_S19_20260428,20260428,SECTION_11_TO_SECTION_19,1.0.0-cox-production-baseline,-3.663322,0.025647,0.999776,0.996424,0.996072,0.995678,0.995678,0.000224,0.003576,0.003928,0.004322,0.004322,PARTIAL — CALIBRATION NOT RELIABLE DUE TO EVENT SPARSITY,HIGH_UNCERTAINTY_SPARSE_EVENTS,HIGH UNCERTAINTY: Estimates derived from sparse administrative milestone occurrences.,ADVISORY_LOWER_RELATIVE_HAZARD,"{'30d': False, '90d': False, '180d': True, '365d': True, '730d': True}"
CAS_CLEAN_121,SNP_CAS_CLEAN_121_S11_S19_20260428,20260428,SECTION_11_TO_SECTION_19,1.0.0-cox-production-baseline,-3.663322,0.025647,0.999776,0.996424,0.996072,0.995678,0.995678,0.000224,0.003576,0.003928,0.004322,0.004322,PARTIAL — CALIBRATION NOT RELIABLE DUE TO EVENT SPARSITY,HIGH_UNCERTAINTY_SPARSE_EVENTS,HIGH UNCERTAINTY: Estimates derived from sparse administrative milestone occurrences.,ADVISORY_LOWER_RELATIVE_HAZARD,"{'30d': False, '90d': False, '180d': True, '365d': True, '730d': True}"
CAS_CLEAN_259,SNP_CAS_CLEAN_259_S11_S19_20260610,20260610,SECTION_11_TO_SECTION_19,1.0.0-cox-production-baseline,-3.858354,0.021103,0.999815,0.997056,0.996767,0.996443,0.996443,0.000185,0.002944,0.003233,0.003557,0.003557,PARTIAL — CALIBRATION NOT RELIABLE DUE TO EVENT SPARSITY,HIGH_UNCERTAINTY_SPARSE_EVENTS,HIGH UNCERTAINTY: Estimates derived from sparse administrative milestone occurrences.,ADVISORY_LOWER_RELATIVE_HAZARD,"{'30d': False, '90d': False, '180d': True, '365d': True, '730d': True}"
CAS_CLEAN_027,SNP_CAS_CLEAN_027_S11_S19_20260727,20260727,SECTION_11_TO_SECTION_19,1.0.0-cox-production-baseline,-2.448502,0.086423,0.999244,0.988,0.986825,0.985512,0.985512,0.000756,0.012,0.013175,0.014488,0.014488,PARTIAL — CALIBRATION NOT RELIABLE DUE TO EVENT SPARSITY,HIGH_UNCERTAINTY_SPARSE_EVENTS,HIGH UNCERTAINTY: Estimates derived from sparse administrative milestone occurrences.,ADVISORY_MEDIAN_RELATIVE_HAZARD,"{'30d': False, '90d': False, '180d': True, '365d': True, '730d': True}"
CAS_CLEAN_028,SNP_CAS_CLEAN_028_S11_S19_20260727,20260727,SECTION_11_TO_SECTION_19,1.0.0-cox-production-baseline,-2.448502,0.086423,0.999244,0.988,0.986825,0.985512,0.985512,0.000756,0.012,0.013175,0.014488,0.014488,PARTIAL — CALIBRATION NOT RELIABLE DUE TO EVENT SPARSITY,HIGH_UNCERTAINTY_SPARSE_EVENTS,HIGH UNCERTAINTY: Estimates derived from sparse administrative milestone occurrences.,ADVISORY_MEDIAN_RELATIVE_HAZARD,"{'30d': False, '90d': False, '180d': True, '365d': True, '730d': True}"
CAS_CLEAN_259,SNP_CAS_CLEAN_259_S11_S19_20260908,20260908,SECTION_11_TO_SECTION_19,1.0.0-cox-production-baseline,-4.465764,0.011496,0.999899,0.998395,0.998237,0.998061,0.998061,0.000101,0.001605,0.001763,0.001939,0.001939,PARTIAL — CALIBRATION NOT RELIABLE DUE TO EVENT SPARSITY,HIGH_UNCERTAINTY_SPARSE_EVENTS,HIGH UNCERTAINTY: Estimates derived from sparse administrative milestone occurrences.,ADVISORY_LOWER_RELATIVE_HAZARD,"{'30d': False, '90d': False, '180d': True, '365d': True, '730d': True}"
CAS_CLEAN_030,SNP_CAS_CLEAN_030_S19_AWARD_20231222,20231222,SECTION_19_TO_AWARD,1.0.0-cox-production-baseline,-0.799224,0.449678,0.999763,0.999763,0.999438,0.996143,0.992555,0.000237,0.000237,0.000562,0.003857,0.007445,CALIBRATION NOT RELIABLE — INSUFFICIENT EVENTS,EXTREME_UNCERTAINTY_ZERO_EVENTS,CRITICAL: Zero target events observed in out-of-sample holdout; single-cluster train data.,ADVISORY_LOWER_RELATIVE_HAZARD,"{'30d': False, '90d': False, '180d': True, '365d': True, '730d': True}"
CAS_CLEAN_031,SNP_CAS_CLEAN_031_S19_AWARD_20231222,20231222,SECTION_19_TO_AWARD,1.0.0-cox-production-baseline,-0.799224,0.449678,0.999763,0.999763,0.999438,0.996143,0.992555,0.000237,0.000237,0.000562,0.003857,0.007445,CALIBRATION NOT RELIABLE — INSUFFICIENT EVENTS,EXTREME_UNCERTAINTY_ZERO_EVENTS,CRITICAL: Zero target events observed in out-of-sample holdout; single-cluster train data.,ADVISORY_LOWER_RELATIVE_HAZARD,"{'30d': False, '90d': False, '180d': True, '365d': True, '730d': True}"
CAS_CLEAN_111,SNP_CAS_CLEAN_111_S19_AWARD_20240307,20240307,SECTION_19_TO_AWARD,1.0.0-cox-production-baseline,-0.799224,0.449678,0.999763,0.999763,0.999438,0.996143,0.992555,0.000237,0.000237,0.000562,0.003857,0.007445,CALIBRATION NOT RELIABLE — INSUFFICIENT EVENTS,EXTREME_UNCERTAINTY_ZERO_EVENTS,CRITICAL: Zero target events observed in out-of-sample holdout; single-cluster train data.,ADVISORY_LOWER_RELATIVE_HAZARD,"{'30d': False, '90d': False, '180d': True, '365d': True, '730d': True}"
CAS_CLEAN_022,SNP_CAS_CLEAN_022_S19_AWARD_20240314,20240314,SECTION_19_TO_AWARD,1.0.0-cox-production-baseline,-0.799224,0.449678,0.999763,0.999763,0.999438,0.996143,0.992555,0.000237,0.000237,0.000562,0.003857,0.007445,CALIBRATION NOT RELIABLE — INSUFFICIENT EVENTS,EXTREME_UNCERTAINTY_ZERO_EVENTS,CRITICAL: Zero target events observed in out-of-sample holdout; single-cluster train data.,ADVISORY_LOWER_RELATIVE_HAZARD,"{'30d': False, '90d': False, '180d': True, '365d': True, '730d': True}"
CAS_CLEAN_030,SNP_CAS_CLEAN_030_S19_AWARD_20240321,20240321,SECTION_19_TO_AWARD,1.0.0-cox-production-baseline,-0.629304,0.532963,0.99972,0.99972,0.999334,0.99543,0.991182,0.00028,0.00028,0.000666,0.00457,0.008818,CALIBRATION NOT RELIABLE — INSUFFICIENT EVENTS,EXTREME_UNCERTAINTY_ZERO_EVENTS,CRITICAL: Zero target events observed in out-of-sample holdout; single-cluster train data.,ADVISORY_MEDIAN_RELATIVE_HAZARD,"{'30d': False, '90d': False, '180d': True, '365d': True, '730d': True}"
CAS_CLEAN_031,SNP_CAS_CLEAN_031_S19_AWARD_20240321,20240321,SECTION_19_TO_AWARD,1.0.0-cox-production-baseline,-0.629304,0.532963,0.99972,0.99972,0.999334,0.99543,0.991182,0.00028,0.00028,0.000666,0.00457,0.008818,CALIBRATION NOT RELIABLE — INSUFFICIENT EVENTS,EXTREME_UNCERTAINTY_ZERO_EVENTS,CRITICAL: Zero target events observed in out-of-sample holdout; single-cluster train data.,ADVISORY_MEDIAN_RELATIVE_HAZARD,"{'30d': False, '90d': False, '180d': True, '365d': True, '730d': True}"
CAS_CLEAN_058,SNP_CAS_CLEAN_058_S19_AWARD_20240430,20240430,SECTION_19_TO_AWARD,1.0.0-cox-production-baseline,-0.799224,0.449678,0.999763,0.999763,0.999438,0.996143,0.992555,0.000237,0.000237,0.000562,0.003857,0.007445,CALIBRATION NOT RELIABLE — INSUFFICIENT EVENTS,EXTREME_UNCERTAINTY_ZERO_EVENTS,CRITICAL: Zero target events observed in out-of-sample holdout; single-cluster train data.,ADVISORY_LOWER_RELATIVE_HAZARD,"{'30d': False, '90d': False, '180d': True, '365d': True, '730d': True}"
CAS_CLEAN_059,SNP_CAS_CLEAN_059_S19_AWARD_20240430,20240430,SECTION_19_TO_AWARD,1.0.0-cox-production-baseline,-0.799224,0.449678,0.999763,0.999763,0.999438,0.996143,0.992555,0.000237,0.000237,0.000562,0.003857,0.007445,CALIBRATION NOT RELIABLE — INSUFFICIENT EVENTS,EXTREME_UNCERTAINTY_ZERO_EVENTS,CRITICAL: Zero target events observed in out-of-sample holdout; single-cluster train data.,ADVISORY_LOWER_RELATIVE_HAZARD,"{'30d': False, '90d': False, '180d': True, '365d': True, '730d': True}"
CAS_CLEAN_110,SNP_CAS_CLEAN_110_S19_AWARD_20240430,20240430,SECTION_19_TO_AWARD,1.0.0-cox-production-baseline,-0.799224,0.449678,0.999763,0.999763,0.999438,0.996143,0.992555,0.000237,0.000237,0.000562,0.003857,0.007445,CALIBRATION NOT RELIABLE — INSUFFICIENT EVENTS,EXTREME_UNCERTAINTY_ZERO_EVENTS,CRITICAL: Zero target events observed in out-of-sample holdout; single-cluster train data.,ADVISORY_LOWER_RELATIVE_HAZARD,"{'30d': False, '90d': False, '180d': True, '365d': True, '730d': True}"
CAS_CLEAN_111,SNP_CAS_CLEAN_111_S19_AWARD_20240605,20240605,SECTION_19_TO_AWARD,1.0.0-cox-production-baseline,-0.629304,0.532963,0.99972,0.99972,0.999334,0.99543,0.991182,0.00028,0.00028,0.000666,0.00457,0.008818,CALIBRATION NOT RELIABLE — INSUFFICIENT EVENTS,EXTREME_UNCERTAINTY_ZERO_EVENTS,CRITICAL: Zero target events observed in out-of-sample holdout; single-cluster train data.,ADVISORY_MEDIAN_RELATIVE_HAZARD,"{'30d': False, '90d': False, '180d': True, '365d': True, '730d': True}"
CAS_CLEAN_022,SNP_CAS_CLEAN_022_S19_AWARD_20240612,20240612,SECTION_19_TO_AWARD,1.0.0-cox-production-baseline,-0.629304,0.532963,0.99972,0.99972,0.999334,0.99543,0.991182,0.00028,0.00028,0.000666,0.00457,0.008818,CALIBRATION NOT RELIABLE — INSUFFICIENT EVENTS,EXTREME_UNCERTAINTY_ZERO_EVENTS,CRITICAL: Zero target events observed in out-of-sample holdout; single-cluster train data.,ADVISORY_MEDIAN_RELATIVE_HAZARD,"{'30d': False, '90d': False, '180d': True, '365d': True, '730d': True}"
CAS_CLEAN_030,SNP_CAS_CLEAN_030_S19_AWARD_20240619,20240619,SECTION_19_TO_AWARD,1.0.0-cox-production-baseline,-0.459384,0.631673,0.999668,0.999668,0.99921,0.994586,0.989558,0.000332,0.000332,0.00079,0.005414,0.010442,CALIBRATION NOT RELIABLE — INSUFFICIENT EVENTS,EXTREME_UNCERTAINTY_ZERO_EVENTS,CRITICAL: Zero target events observed in out-of-sample holdout; single-cluster train data.,ADVISORY_MEDIAN_RELATIVE_HAZARD,"{'30d': False, '90d': False, '180d': True, '365d': True, '730d': True}"
CAS_CLEAN_031,SNP_CAS_CLEAN_031_S19_AWARD_20240619,20240619,SECTION_19_TO_AWARD,1.0.0-cox-production-baseline,-0.459384,0.631673,0.999668,0.999668,0.99921,0.994586,0.989558,0.000332,0.000332,0.00079,0.005414,0.010442,CALIBRATION NOT RELIABLE — INSUFFICIENT EVENTS,EXTREME_UNCERTAINTY_ZERO_EVENTS,CRITICAL: Zero target events observed in out-of-sample holdout; single-cluster train data.,ADVISORY_MEDIAN_RELATIVE_HAZARD,"{'30d': False, '90d': False, '180d': True, '365d': True, '730d': True}"
CAS_CLEAN_058,SNP_CAS_CLEAN_058_S19_AWARD_20240729,20240729,SECTION_19_TO_AWARD,1.0.0-cox-production-baseline,-0.629304,0.532963,0.99972,0.99972,0.999334,0.99543,0.991182,0.00028,0.00028,0.000666,0.00457,0.008818,CALIBRATION NOT RELIABLE — INSUFFICIENT EVENTS,EXTREME_UNCERTAINTY_ZERO_EVENTS,CRITICAL: Zero target events observed in out-of-sample holdout; single-cluster train data.,ADVISORY_MEDIAN_RELATIVE_HAZARD,"{'30d': False, '90d': False, '180d': True, '365d': True, '730d': True}"
CAS_CLEAN_059,SNP_CAS_CLEAN_059_S19_AWARD_20240729,20240729,SECTION_19_TO_AWARD,1.0.0-cox-production-baseline,-0.629304,0.532963,0.99972,0.99972,0.999334,0.99543,0.991182,0.00028,0.00028,0.000666,0.00457,0.008818,CALIBRATION NOT RELIABLE — INSUFFICIENT EVENTS,EXTREME_UNCERTAINTY_ZERO_EVENTS,CRITICAL: Zero target events observed in out-of-sample holdout; single-cluster train data.,ADVISORY_MEDIAN_RELATIVE_HAZARD,"{'30d': False, '90d': False, '180d': True, '365d': True, '730d': True}"
CAS_CLEAN_110,SNP_CAS_CLEAN_110_S19_AWARD_20240729,20240729,SECTION_19_TO_AWARD,1.0.0-cox-production-baseline,-0.629304,0.532963,0.99972,0.99972,0.999334,0.99543,0.991182,0.00028,0.00028,0.000666,0.00457,0.008818,CALIBRATION NOT RELIABLE — INSUFFICIENT EVENTS,EXTREME_UNCERTAINTY_ZERO_EVENTS,CRITICAL: Zero target events observed in out-of-sample holdout; single-cluster train data.,ADVISORY_MEDIAN_RELATIVE_HAZARD,"{'30d': False, '90d': False, '180d': True, '365d': True, '730d': True}"
CAS_CLEAN_044,SNP_CAS_CLEAN_044_S19_AWARD_20240808,20240808,SECTION_19_TO_AWARD,1.0.0-cox-production-baseline,-0.799224,0.449678,0.999763,0.999763,0.999438,0.996143,0.992555,0.000237,0.000237,0.000562,0.003857,0.007445,CALIBRATION NOT RELIABLE — INSUFFICIENT EVENTS,EXTREME_UNCERTAINTY_ZERO_EVENTS,CRITICAL: Zero target events observed in out-of-sample holdout; single-cluster train data.,ADVISORY_LOWER_RELATIVE_HAZARD,"{'30d': False, '90d': False, '180d': True, '365d': True, '730d': True}"
CAS_CLEAN_111,SNP_CAS_CLEAN_111_S19_AWARD_20240903,20240903,SECTION_19_TO_AWARD,1.0.0-cox-production-baseline,-0.459384,0.631673,0.999668,0.999668,0.99921,0.994586,0.989558,0.000332,0.000332,0.00079,0.005414,0.010442,CALIBRATION NOT RELIABLE — INSUFFICIENT EVENTS,EXTREME_UNCERTAINTY_ZERO_EVENTS,CRITICAL: Zero target events observed in out-of-sample holdout; single-cluster train data.,ADVISORY_MEDIAN_RELATIVE_HAZARD,"{'30d': False, '90d': False, '180d': True, '365d': True, '730d': True}"
CAS_CLEAN_109,SNP_CAS_CLEAN_109_S19_AWARD_20240906,20240906,SECTION_19_TO_AWARD,1.0.0-cox-production-baseline,-0.799224,0.449678,0.999763,0.999763,0.999438,0.996143,0.992555,0.000237,0.000237,0.000562,0.003857,0.007445,CALIBRATION NOT RELIABLE — INSUFFICIENT EVENTS,EXTREME_UNCERTAINTY_ZERO_EVENTS,CRITICAL: Zero target events observed in out-of-sample holdout; single-cluster train data.,ADVISORY_LOWER_RELATIVE_HAZARD,"{'30d': False, '90d': False, '180d': True, '365d': True, '730d': True}"
CAS_CLEAN_022,SNP_CAS_CLEAN_022_S19_AWARD_20240910,20240910,SECTION_19_TO_AWARD,1.0.0-cox-production-baseline,-0.459384,0.631673,0.999668,0.999668,0.99921,0.994586,0.989558,0.000332,0.000332,0.00079,0.005414,0.010442,CALIBRATION NOT RELIABLE — INSUFFICIENT EVENTS,EXTREME_UNCERTAINTY_ZERO_EVENTS,CRITICAL: Zero target events observed in out-of-sample holdout; single-cluster train data.,ADVISORY_MEDIAN_RELATIVE_HAZARD,"{'30d': False, '90d': False, '180d': True, '365d': True, '730d': True}"
CAS_CLEAN_030,SNP_CAS_CLEAN_030_S19_AWARD_20240917,20240917,SECTION_19_TO_AWARD,1.0.0-cox-production-baseline,-0.289464,0.748665,0.999606,0.999606,0.999064,0.993587,0.987636,0.000394,0.000394,0.000936,0.006413,0.012364,CALIBRATION NOT RELIABLE — INSUFFICIENT EVENTS,EXTREME_UNCERTAINTY_ZERO_EVENTS,CRITICAL: Zero target events observed in out-of-sample holdout; single-cluster train data.,ADVISORY_ELEVATED_RELATIVE_HAZARD,"{'30d': False, '90d': False, '180d': True, '365d': True, '730d': True}"
CAS_CLEAN_031,SNP_CAS_CLEAN_031_S19_AWARD_20240917,20240917,SECTION_19_TO_AWARD,1.0.0-cox-production-baseline,-0.289464,0.748665,0.999606,0.999606,0.999064,0.993587,0.987636,0.000394,0.000394,0.000936,0.006413,0.012364,CALIBRATION NOT RELIABLE — INSUFFICIENT EVENTS,EXTREME_UNCERTAINTY_ZERO_EVENTS,CRITICAL: Zero target events observed in out-of-sample holdout; single-cluster train data.,ADVISORY_ELEVATED_RELATIVE_HAZARD,"{'30d': False, '90d': False, '180d': True, '365d': True, '730d': True}"
CAS_CLEAN_058,SNP_CAS_CLEAN_058_S19_AWARD_20241027,20241027,SECTION_19_TO_AWARD,1.0.0-cox-production-baseline,-0.459384,0.631673,0.999668,0.999668,0.99921,0.994586,0.989558,0.000332,0.000332,0.00079,0.005414,0.010442,CALIBRATION NOT RELIABLE — INSUFFICIENT EVENTS,EXTREME_UNCERTAINTY_ZERO_EVENTS,CRITICAL: Zero target events observed in out-of-sample holdout; single-cluster train data.,ADVISORY_MEDIAN_RELATIVE_HAZARD,"{'30d': False, '90d': False, '180d': True, '365d': True, '730d': True}"
CAS_CLEAN_059,SNP_CAS_CLEAN_059_S19_AWARD_20241027,20241027,SECTION_19_TO_AWARD,1.0.0-cox-production-baseline,-0.459384,0.631673,0.999668,0.999668,0.99921,0.994586,0.989558,0.000332,0.000332,0.00079,0.005414,0.010442,CALIBRATION NOT RELIABLE — INSUFFICIENT EVENTS,EXTREME_UNCERTAINTY_ZERO_EVENTS,CRITICAL: Zero target events observed in out-of-sample holdout; single-cluster train data.,ADVISORY_MEDIAN_RELATIVE_HAZARD,"{'30d': False, '90d': False, '180d': True, '365d': True, '730d': True}"
CAS_CLEAN_110,SNP_CAS_CLEAN_110_S19_AWARD_20241027,20241027,SECTION_19_TO_AWARD,1.0.0-cox-production-baseline,-0.459384,0.631673,0.999668,0.999668,0.99921,0.994586,0.989558,0.000332,0.000332,0.00079,0.005414,0.010442,CALIBRATION NOT RELIABLE — INSUFFICIENT EVENTS,EXTREME_UNCERTAINTY_ZERO_EVENTS,CRITICAL: Zero target events observed in out-of-sample holdout; single-cluster train data.,ADVISORY_MEDIAN_RELATIVE_HAZARD,"{'30d': False, '90d': False, '180d': True, '365d': True, '730d': True}"
CAS_CLEAN_044,SNP_CAS_CLEAN_044_S19_AWARD_20241106,20241106,SECTION_19_TO_AWARD,1.0.0-cox-production-baseline,-0.629304,0.532963,0.99972,0.99972,0.999334,0.99543,0.991182,0.00028,0.00028,0.000666,0.00457,0.008818,CALIBRATION NOT RELIABLE — INSUFFICIENT EVENTS,EXTREME_UNCERTAINTY_ZERO_EVENTS,CRITICAL: Zero target events observed in out-of-sample holdout; single-cluster train data.,ADVISORY_MEDIAN_RELATIVE_HAZARD,"{'30d': False, '90d': False, '180d': True, '365d': True, '730d': True}"
CAS_CLEAN_111,SNP_CAS_CLEAN_111_S19_AWARD_20241202,20241202,SECTION_19_TO_AWARD,1.0.0-cox-production-baseline,-0.289464,0.748665,0.999606,0.999606,0.999064,0.993587,0.987636,0.000394,0.000394,0.000936,0.006413,0.012364,CALIBRATION NOT RELIABLE — INSUFFICIENT EVENTS,EXTREME_UNCERTAINTY_ZERO_EVENTS,CRITICAL: Zero target events observed in out-of-sample holdout; single-cluster train data.,ADVISORY_ELEVATED_RELATIVE_HAZARD,"{'30d': False, '90d': False, '180d': True, '365d': True, '730d': True}"
CAS_CLEAN_109,SNP_CAS_CLEAN_109_S19_AWARD_20241205,20241205,SECTION_19_TO_AWARD,1.0.0-cox-production-baseline,-0.629304,0.532963,0.99972,0.99972,0.999334,0.99543,0.991182,0.00028,0.00028,0.000666,0.00457,0.008818,CALIBRATION NOT RELIABLE — INSUFFICIENT EVENTS,EXTREME_UNCERTAINTY_ZERO_EVENTS,CRITICAL: Zero target events observed in out-of-sample holdout; single-cluster train data.,ADVISORY_MEDIAN_RELATIVE_HAZARD,"{'30d': False, '90d': False, '180d': True, '365d': True, '730d': True}"
CAS_CLEAN_022,SNP_CAS_CLEAN_022_S19_AWARD_20241209,20241209,SECTION_19_TO_AWARD,1.0.0-cox-production-baseline,-0.289464,0.748665,0.999606,0.999606,0.999064,0.993587,0.987636,0.000394,0.000394,0.000936,0.006413,0.012364,CALIBRATION NOT RELIABLE — INSUFFICIENT EVENTS,EXTREME_UNCERTAINTY_ZERO_EVENTS,CRITICAL: Zero target events observed in out-of-sample holdout; single-cluster train data.,ADVISORY_ELEVATED_RELATIVE_HAZARD,"{'30d': False, '90d': False, '180d': True, '365d': True, '730d': True}"
CAS_CLEAN_030,SNP_CAS_CLEAN_030_S19_AWARD_20241221,20241221,SECTION_19_TO_AWARD,1.0.0-cox-production-baseline,-0.110104,0.895741,0.999529,0.999529,0.99888,0.992332,0.985225,0.000471,0.000471,0.00112,0.007668,0.014775,CALIBRATION NOT RELIABLE — INSUFFICIENT EVENTS,EXTREME_UNCERTAINTY_ZERO_EVENTS,CRITICAL: Zero target events observed in out-of-sample holdout; single-cluster train data.,ADVISORY_ELEVATED_RELATIVE_HAZARD,"{'30d': False, '90d': False, '180d': True, '365d': True, '730d': True}"
CAS_CLEAN_031,SNP_CAS_CLEAN_031_S19_AWARD_20241221,20241221,SECTION_19_TO_AWARD,1.0.0-cox-production-baseline,-0.110104,0.895741,0.999529,0.999529,0.99888,0.992332,0.985225,0.000471,0.000471,0.00112,0.007668,0.014775,CALIBRATION NOT RELIABLE — INSUFFICIENT EVENTS,EXTREME_UNCERTAINTY_ZERO_EVENTS,CRITICAL: Zero target events observed in out-of-sample holdout; single-cluster train data.,ADVISORY_ELEVATED_RELATIVE_HAZARD,"{'30d': False, '90d': False, '180d': True, '365d': True, '730d': True}"
CAS_CLEAN_139,SNP_CAS_CLEAN_139_S19_AWARD_20250102,20250102,SECTION_19_TO_AWARD,1.0.0-cox-production-baseline,-0.799224,0.449678,0.999763,0.999763,0.999438,0.996143,0.992555,0.000237,0.000237,0.000562,0.003857,0.007445,CALIBRATION NOT RELIABLE — INSUFFICIENT EVENTS,EXTREME_UNCERTAINTY_ZERO_EVENTS,CRITICAL: Zero target events observed in out-of-sample holdout; single-cluster train data.,ADVISORY_LOWER_RELATIVE_HAZARD,"{'30d': False, '90d': False, '180d': True, '365d': True, '730d': True}"
CAS_CLEAN_047,SNP_CAS_CLEAN_047_S19_AWARD_20250114,20250114,SECTION_19_TO_AWARD,1.0.0-cox-production-baseline,-0.860164,0.423093,0.999777,0.999777,0.999471,0.996371,0.992994,0.000223,0.000223,0.000529,0.003629,0.007006,CALIBRATION NOT RELIABLE — INSUFFICIENT EVENTS,EXTREME_UNCERTAINTY_ZERO_EVENTS,CRITICAL: Zero target events observed in out-of-sample holdout; single-cluster train data.,ADVISORY_LOWER_RELATIVE_HAZARD,"{'30d': False, '90d': False, '180d': True, '365d': True, '730d': True}"
CAS_CLEAN_085,SNP_CAS_CLEAN_085_S19_AWARD_20250114,20250114,SECTION_19_TO_AWARD,1.0.0-cox-production-baseline,-0.860164,0.423093,0.999777,0.999777,0.999471,0.996371,0.992994,0.000223,0.000223,0.000529,0.003629,0.007006,CALIBRATION NOT RELIABLE — INSUFFICIENT EVENTS,EXTREME_UNCERTAINTY_ZERO_EVENTS,CRITICAL: Zero target events observed in out-of-sample holdout; single-cluster train data.,ADVISORY_LOWER_RELATIVE_HAZARD,"{'30d': False, '90d': False, '180d': True, '365d': True, '730d': True}"
CAS_CLEAN_038,SNP_CAS_CLEAN_038_S19_AWARD_20250121,20250121,SECTION_19_TO_AWARD,1.0.0-cox-production-baseline,-0.799224,0.449678,0.999763,0.999763,0.999438,0.996143,0.992555,0.000237,0.000237,0.000562,0.003857,0.007445,CALIBRATION NOT RELIABLE — INSUFFICIENT EVENTS,EXTREME_UNCERTAINTY_ZERO_EVENTS,CRITICAL: Zero target events observed in out-of-sample holdout; single-cluster train data.,ADVISORY_LOWER_RELATIVE_HAZARD,"{'30d': False, '90d': False, '180d': True, '365d': True, '730d': True}"
CAS_CLEAN_131,SNP_CAS_CLEAN_131_S19_AWARD_20250121,20250121,SECTION_19_TO_AWARD,1.0.0-cox-production-baseline,-0.799224,0.449678,0.999763,0.999763,0.999438,0.996143,0.992555,0.000237,0.000237,0.000562,0.003857,0.007445,CALIBRATION NOT RELIABLE — INSUFFICIENT EVENTS,EXTREME_UNCERTAINTY_ZERO_EVENTS,CRITICAL: Zero target events observed in out-of-sample holdout; single-cluster train data.,ADVISORY_LOWER_RELATIVE_HAZARD,"{'30d': False, '90d': False, '180d': True, '365d': True, '730d': True}"
CAS_CLEAN_058,SNP_CAS_CLEAN_058_S19_AWARD_20250125,20250125,SECTION_19_TO_AWARD,1.0.0-cox-production-baseline,-0.289464,0.748665,0.999606,0.999606,0.999064,0.993587,0.987636,0.000394,0.000394,0.000936,0.006413,0.012364,CALIBRATION NOT RELIABLE — INSUFFICIENT EVENTS,EXTREME_UNCERTAINTY_ZERO_EVENTS,CRITICAL: Zero target events observed in out-of-sample holdout; single-cluster train data.,ADVISORY_ELEVATED_RELATIVE_HAZARD,"{'30d': False, '90d': False, '180d': True, '365d': True, '730d': True}"
CAS_CLEAN_059,SNP_CAS_CLEAN_059_S19_AWARD_20250125,20250125,SECTION_19_TO_AWARD,1.0.0-cox-production-baseline,-0.289464,0.748665,0.999606,0.999606,0.999064,0.993587,0.987636,0.000394,0.000394,0.000936,0.006413,0.012364,CALIBRATION NOT RELIABLE — INSUFFICIENT EVENTS,EXTREME_UNCERTAINTY_ZERO_EVENTS,CRITICAL: Zero target events observed in out-of-sample holdout; single-cluster train data.,ADVISORY_ELEVATED_RELATIVE_HAZARD,"{'30d': False, '90d': False, '180d': True, '365d': True, '730d': True}"
CAS_CLEAN_110,SNP_CAS_CLEAN_110_S19_AWARD_20250125,20250125,SECTION_19_TO_AWARD,1.0.0-cox-production-baseline,-0.289464,0.748665,0.999606,0.999606,0.999064,0.993587,0.987636,0.000394,0.000394,0.000936,0.006413,0.012364,CALIBRATION NOT RELIABLE — INSUFFICIENT EVENTS,EXTREME_UNCERTAINTY_ZERO_EVENTS,CRITICAL: Zero target events observed in out-of-sample holdout; single-cluster train data.,ADVISORY_ELEVATED_RELATIVE_HAZARD,"{'30d': False, '90d': False, '180d': True, '365d': True, '730d': True}"
CAS_CLEAN_044,SNP_CAS_CLEAN_044_S19_AWARD_20250204,20250204,SECTION_19_TO_AWARD,1.0.0-cox-production-baseline,-0.459384,0.631673,0.999668,0.999668,0.99921,0.994586,0.989558,0.000332,0.000332,0.00079,0.005414,0.010442,CALIBRATION NOT RELIABLE — INSUFFICIENT EVENTS,EXTREME_UNCERTAINTY_ZERO_EVENTS,CRITICAL: Zero target events observed in out-of-sample holdout; single-cluster train data.,ADVISORY_MEDIAN_RELATIVE_HAZARD,"{'30d': False, '90d': False, '180d': True, '365d': True, '730d': True}"
CAS_CLEAN_088,SNP_CAS_CLEAN_088_S19_AWARD_20250212,20250212,SECTION_19_TO_AWARD,1.0.0-cox-production-baseline,-0.799224,0.449678,0.999763,0.999763,0.999438,0.996143,0.992555,0.000237,0.000237,0.000562,0.003857,0.007445,CALIBRATION NOT RELIABLE — INSUFFICIENT EVENTS,EXTREME_UNCERTAINTY_ZERO_EVENTS,CRITICAL: Zero target events observed in out-of-sample holdout; single-cluster train data.,ADVISORY_LOWER_RELATIVE_HAZARD,"{'30d': False, '90d': False, '180d': True, '365d': True, '730d': True}"
CAS_CLEAN_040,SNP_CAS_CLEAN_040_S19_AWARD_20250225,20250225,SECTION_19_TO_AWARD,1.0.0-cox-production-baseline,-0.799224,0.449678,0.999763,0.999763,0.999438,0.996143,0.992555,0.000237,0.000237,0.000562,0.003857,0.007445,CALIBRATION NOT RELIABLE — INSUFFICIENT EVENTS,EXTREME_UNCERTAINTY_ZERO_EVENTS,CRITICAL: Zero target events observed in out-of-sample holdout; single-cluster train data.,ADVISORY_LOWER_RELATIVE_HAZARD,"{'30d': False, '90d': False, '180d': True, '365d': True, '730d': True}"
CAS_CLEAN_117,SNP_CAS_CLEAN_117_S19_AWARD_20250303,20250303,SECTION_19_TO_AWARD,1.0.0-cox-production-baseline,0.017558,1.017713,0.999465,0.999465,0.998728,0.991292,0.98323,0.000535,0.000535,0.001272,0.008708,0.01677,CALIBRATION NOT RELIABLE — INSUFFICIENT EVENTS,EXTREME_UNCERTAINTY_ZERO_EVENTS,CRITICAL: Zero target events observed in out-of-sample holdout; single-cluster train data.,ADVISORY_HIGHEST_DECILE_HAZARD,"{'30d': False, '90d': False, '180d': True, '365d': True, '730d': True}"
CAS_CLEAN_109,SNP_CAS_CLEAN_109_S19_AWARD_20250305,20250305,SECTION_19_TO_AWARD,1.0.0-cox-production-baseline,-0.459384,0.631673,0.999668,0.999668,0.99921,0.994586,0.989558,0.000332,0.000332,0.00079,0.005414,0.010442,CALIBRATION NOT RELIABLE — INSUFFICIENT EVENTS,EXTREME_UNCERTAINTY_ZERO_EVENTS,CRITICAL: Zero target events observed in out-of-sample holdout; single-cluster train data.,ADVISORY_MEDIAN_RELATIVE_HAZARD,"{'30d': False, '90d': False, '180d': True, '365d': True, '730d': True}"
CAS_CLEAN_111,SNP_CAS_CLEAN_111_S19_AWARD_20250307,20250307,SECTION_19_TO_AWARD,1.0.0-cox-production-baseline,-0.110104,0.895741,0.999529,0.999529,0.99888,0.992332,0.985225,0.000471,0.000471,0.00112,0.007668,0.014775,CALIBRATION NOT RELIABLE — INSUFFICIENT EVENTS,EXTREME_UNCERTAINTY_ZERO_EVENTS,CRITICAL: Zero target events observed in out-of-sample holdout; single-cluster train data.,ADVISORY_ELEVATED_RELATIVE_HAZARD,"{'30d': False, '90d': False, '180d': True, '365d': True, '730d': True}"
CAS_CLEAN_022,SNP_CAS_CLEAN_022_S19_AWARD_20250314,20250314,SECTION_19_TO_AWARD,1.0.0-cox-production-baseline,-0.110104,0.895741,0.999529,0.999529,0.99888,0.992332,0.985225,0.000471,0.000471,0.00112,0.007668,0.014775,CALIBRATION NOT RELIABLE — INSUFFICIENT EVENTS,EXTREME_UNCERTAINTY_ZERO_EVENTS,CRITICAL: Zero target events observed in out-of-sample holdout; single-cluster train data.,ADVISORY_ELEVATED_RELATIVE_HAZARD,"{'30d': False, '90d': False, '180d': True, '365d': True, '730d': True}"
CAS_CLEAN_139,SNP_CAS_CLEAN_139_S19_AWARD_20250402,20250402,SECTION_19_TO_AWARD,1.0.0-cox-production-baseline,-0.629304,0.532963,0.99972,0.99972,0.999334,0.99543,0.991182,0.00028,0.00028,0.000666,0.00457,0.008818,CALIBRATION NOT RELIABLE — INSUFFICIENT EVENTS,EXTREME_UNCERTAINTY_ZERO_EVENTS,CRITICAL: Zero target events observed in out-of-sample holdout; single-cluster train data.,ADVISORY_MEDIAN_RELATIVE_HAZARD,"{'30d': False, '90d': False, '180d': True, '365d': True, '730d': True}"
CAS_CLEAN_047,SNP_CAS_CLEAN_047_S19_AWARD_20250414,20250414,SECTION_19_TO_AWARD,1.0.0-cox-production-baseline,-0.690244,0.501454,0.999736,0.999736,0.999373,0.9957,0.991701,0.000264,0.000264,0.000627,0.0043,0.008299,CALIBRATION NOT RELIABLE — INSUFFICIENT EVENTS,EXTREME_UNCERTAINTY_ZERO_EVENTS,CRITICAL: Zero target events observed in out-of-sample holdout; single-cluster train data.,ADVISORY_MEDIAN_RELATIVE_HAZARD,"{'30d': False, '90d': False, '180d': True, '365d': True, '730d': True}"
CAS_CLEAN_085,SNP_CAS_CLEAN_085_S19_AWARD_20250414,20250414,SECTION_19_TO_AWARD,1.0.0-cox-production-baseline,-0.690244,0.501454,0.999736,0.999736,0.999373,0.9957,0.991701,0.000264,0.000264,0.000627,0.0043,0.008299,CALIBRATION NOT RELIABLE — INSUFFICIENT EVENTS,EXTREME_UNCERTAINTY_ZERO_EVENTS,CRITICAL: Zero target events observed in out-of-sample holdout; single-cluster train data.,ADVISORY_MEDIAN_RELATIVE_HAZARD,"{'30d': False, '90d': False, '180d': True, '365d': True, '730d': True}"
CAS_CLEAN_038,SNP_CAS_CLEAN_038_S19_AWARD_20250421,20250421,SECTION_19_TO_AWARD,1.0.0-cox-production-baseline,-0.629304,0.532963,0.99972,0.99972,0.999334,0.99543,0.991182,0.00028,0.00028,0.000666,0.00457,0.008818,CALIBRATION NOT RELIABLE — INSUFFICIENT EVENTS,EXTREME_UNCERTAINTY_ZERO_EVENTS,CRITICAL: Zero target events observed in out-of-sample holdout; single-cluster train data.,ADVISORY_MEDIAN_RELATIVE_HAZARD,"{'30d': False, '90d': False, '180d': True, '365d': True, '730d': True}"
CAS_CLEAN_131,SNP_CAS_CLEAN_131_S19_AWARD_20250421,20250421,SECTION_19_TO_AWARD,1.0.0-cox-production-baseline,-0.629304,0.532963,0.99972,0.99972,0.999334,0.99543,0.991182,0.00028,0.00028,0.000666,0.00457,0.008818,CALIBRATION NOT RELIABLE — INSUFFICIENT EVENTS,EXTREME_UNCERTAINTY_ZERO_EVENTS,CRITICAL: Zero target events observed in out-of-sample holdout; single-cluster train data.,ADVISORY_MEDIAN_RELATIVE_HAZARD,"{'30d': False, '90d': False, '180d': True, '365d': True, '730d': True}"
CAS_CLEAN_058,SNP_CAS_CLEAN_058_S19_AWARD_20250430,20250430,SECTION_19_TO_AWARD,1.0.0-cox-production-baseline,-0.110104,0.895741,0.999529,0.999529,0.99888,0.992332,0.985225,0.000471,0.000471,0.00112,0.007668,0.014775,CALIBRATION NOT RELIABLE — INSUFFICIENT EVENTS,EXTREME_UNCERTAINTY_ZERO_EVENTS,CRITICAL: Zero target events observed in out-of-sample holdout; single-cluster train data.,ADVISORY_ELEVATED_RELATIVE_HAZARD,"{'30d': False, '90d': False, '180d': True, '365d': True, '730d': True}"
CAS_CLEAN_059,SNP_CAS_CLEAN_059_S19_AWARD_20250430,20250430,SECTION_19_TO_AWARD,1.0.0-cox-production-baseline,-0.110104,0.895741,0.999529,0.999529,0.99888,0.992332,0.985225,0.000471,0.000471,0.00112,0.007668,0.014775,CALIBRATION NOT RELIABLE — INSUFFICIENT EVENTS,EXTREME_UNCERTAINTY_ZERO_EVENTS,CRITICAL: Zero target events observed in out-of-sample holdout; single-cluster train data.,ADVISORY_ELEVATED_RELATIVE_HAZARD,"{'30d': False, '90d': False, '180d': True, '365d': True, '730d': True}"
CAS_CLEAN_110,SNP_CAS_CLEAN_110_S19_AWARD_20250430,20250430,SECTION_19_TO_AWARD,1.0.0-cox-production-baseline,-0.110104,0.895741,0.999529,0.999529,0.99888,0.992332,0.985225,0.000471,0.000471,0.00112,0.007668,0.014775,CALIBRATION NOT RELIABLE — INSUFFICIENT EVENTS,EXTREME_UNCERTAINTY_ZERO_EVENTS,CRITICAL: Zero target events observed in out-of-sample holdout; single-cluster train data.,ADVISORY_ELEVATED_RELATIVE_HAZARD,"{'30d': False, '90d': False, '180d': True, '365d': True, '730d': True}"
CAS_CLEAN_044,SNP_CAS_CLEAN_044_S19_AWARD_20250505,20250505,SECTION_19_TO_AWARD,1.0.0-cox-production-baseline,-0.289464,0.748665,0.999606,0.999606,0.999064,0.993587,0.987636,0.000394,0.000394,0.000936,0.006413,0.012364,CALIBRATION NOT RELIABLE — INSUFFICIENT EVENTS,EXTREME_UNCERTAINTY_ZERO_EVENTS,CRITICAL: Zero target events observed in out-of-sample holdout; single-cluster train data.,ADVISORY_ELEVATED_RELATIVE_HAZARD,"{'30d': False, '90d': False, '180d': True, '365d': True, '730d': True}"
CAS_CLEAN_088,SNP_CAS_CLEAN_088_S19_AWARD_20250513,20250513,SECTION_19_TO_AWARD,1.0.0-cox-production-baseline,-0.629304,0.532963,0.99972,0.99972,0.999334,0.99543,0.991182,0.00028,0.00028,0.000666,0.00457,0.008818,CALIBRATION NOT RELIABLE — INSUFFICIENT EVENTS,EXTREME_UNCERTAINTY_ZERO_EVENTS,CRITICAL: Zero target events observed in out-of-sample holdout; single-cluster train data.,ADVISORY_MEDIAN_RELATIVE_HAZARD,"{'30d': False, '90d': False, '180d': True, '365d': True, '730d': True}"
CAS_CLEAN_040,SNP_CAS_CLEAN_040_S19_AWARD_20250526,20250526,SECTION_19_TO_AWARD,1.0.0-cox-production-baseline,-0.629304,0.532963,0.99972,0.99972,0.999334,0.99543,0.991182,0.00028,0.00028,0.000666,0.00457,0.008818,CALIBRATION NOT RELIABLE — INSUFFICIENT EVENTS,EXTREME_UNCERTAINTY_ZERO_EVENTS,CRITICAL: Zero target events observed in out-of-sample holdout; single-cluster train data.,ADVISORY_MEDIAN_RELATIVE_HAZARD,"{'30d': False, '90d': False, '180d': True, '365d': True, '730d': True}"
CAS_CLEAN_117,SNP_CAS_CLEAN_117_S19_AWARD_20250601,20250601,SECTION_19_TO_AWARD,1.0.0-cox-production-baseline,0.187478,1.206204,0.999366,0.999366,0.998492,0.989688,0.980154,0.000634,0.000634,0.001508,0.010312,0.019846,CALIBRATION NOT RELIABLE — INSUFFICIENT EVENTS,EXTREME_UNCERTAINTY_ZERO_EVENTS,CRITICAL: Zero target events observed in out-of-sample holdout; single-cluster train data.,ADVISORY_HIGHEST_DECILE_HAZARD,"{'30d': False, '90d': False, '180d': True, '365d': True, '730d': True}"
CAS_CLEAN_109,SNP_CAS_CLEAN_109_S19_AWARD_20250603,20250603,SECTION_19_TO_AWARD,1.0.0-cox-production-baseline,-0.289464,0.748665,0.999606,0.999606,0.999064,0.993587,0.987636,0.000394,0.000394,0.000936,0.006413,0.012364,CALIBRATION NOT RELIABLE — INSUFFICIENT EVENTS,EXTREME_UNCERTAINTY_ZERO_EVENTS,CRITICAL: Zero target events observed in out-of-sample holdout; single-cluster train data.,ADVISORY_ELEVATED_RELATIVE_HAZARD,"{'30d': False, '90d': False, '180d': True, '365d': True, '730d': True}"
CAS_CLEAN_070,SNP_CAS_CLEAN_070_S19_AWARD_20250619,20250619,SECTION_19_TO_AWARD,1.0.0-cox-production-baseline,3.835623,46.322277,0.975923,0.975923,0.943707,0.671605,0.463106,0.024077,0.024077,0.056293,0.328395,0.536894,CALIBRATION NOT RELIABLE — INSUFFICIENT EVENTS,EXTREME_UNCERTAINTY_ZERO_EVENTS,CRITICAL: Zero target events observed in out-of-sample holdout; single-cluster train data.,ADVISORY_HIGHEST_DECILE_HAZARD,"{'30d': False, '90d': False, '180d': True, '365d': True, '730d': True}"
CAS_CLEAN_139,SNP_CAS_CLEAN_139_S19_AWARD_20250701,20250701,SECTION_19_TO_AWARD,1.0.0-cox-production-baseline,-0.459384,0.631673,0.999668,0.999668,0.99921,0.994586,0.989558,0.000332,0.000332,0.00079,0.005414,0.010442,CALIBRATION NOT RELIABLE — INSUFFICIENT EVENTS,EXTREME_UNCERTAINTY_ZERO_EVENTS,CRITICAL: Zero target events observed in out-of-sample holdout; single-cluster train data.,ADVISORY_MEDIAN_RELATIVE_HAZARD,"{'30d': False, '90d': False, '180d': True, '365d': True, '730d': True}"
CAS_CLEAN_034,SNP_CAS_CLEAN_034_S19_AWARD_20250703,20250703,SECTION_19_TO_AWARD,1.0.0-cox-production-baseline,-0.799224,0.449678,0.999763,0.999763,0.999438,0.996143,0.992555,0.000237,0.000237,0.000562,0.003857,0.007445,CALIBRATION NOT RELIABLE — INSUFFICIENT EVENTS,EXTREME_UNCERTAINTY_ZERO_EVENTS,CRITICAL: Zero target events observed in out-of-sample holdout; single-cluster train data.,ADVISORY_LOWER_RELATIVE_HAZARD,"{'30d': False, '90d': False, '180d': True, '365d': True, '730d': True}"
CAS_CLEAN_047,SNP_CAS_CLEAN_047_S19_AWARD_20250713,20250713,SECTION_19_TO_AWARD,1.0.0-cox-production-baseline,-0.520324,0.594328,0.999687,0.999687,0.999257,0.994905,0.990172,0.000313,0.000313,0.000743,0.005095,0.009828,CALIBRATION NOT RELIABLE — INSUFFICIENT EVENTS,EXTREME_UNCERTAINTY_ZERO_EVENTS,CRITICAL: Zero target events observed in out-of-sample holdout; single-cluster train data.,ADVISORY_MEDIAN_RELATIVE_HAZARD,"{'30d': False, '90d': False, '180d': True, '365d': True, '730d': True}"
CAS_CLEAN_085,SNP_CAS_CLEAN_085_S19_AWARD_20250713,20250713,SECTION_19_TO_AWARD,1.0.0-cox-production-baseline,-0.520324,0.594328,0.999687,0.999687,0.999257,0.994905,0.990172,0.000313,0.000313,0.000743,0.005095,0.009828,CALIBRATION NOT RELIABLE — INSUFFICIENT EVENTS,EXTREME_UNCERTAINTY_ZERO_EVENTS,CRITICAL: Zero target events observed in out-of-sample holdout; single-cluster train data.,ADVISORY_MEDIAN_RELATIVE_HAZARD,"{'30d': False, '90d': False, '180d': True, '365d': True, '730d': True}"
CAS_CLEAN_038,SNP_CAS_CLEAN_038_S19_AWARD_20250720,20250720,SECTION_19_TO_AWARD,1.0.0-cox-production-baseline,-0.459384,0.631673,0.999668,0.999668,0.99921,0.994586,0.989558,0.000332,0.000332,0.00079,0.005414,0.010442,CALIBRATION NOT RELIABLE — INSUFFICIENT EVENTS,EXTREME_UNCERTAINTY_ZERO_EVENTS,CRITICAL: Zero target events observed in out-of-sample holdout; single-cluster train data.,ADVISORY_MEDIAN_RELATIVE_HAZARD,"{'30d': False, '90d': False, '180d': True, '365d': True, '730d': True}"
CAS_CLEAN_131,SNP_CAS_CLEAN_131_S19_AWARD_20250720,20250720,SECTION_19_TO_AWARD,1.0.0-cox-production-baseline,-0.459384,0.631673,0.999668,0.999668,0.99921,0.994586,0.989558,0.000332,0.000332,0.00079,0.005414,0.010442,CALIBRATION NOT RELIABLE — INSUFFICIENT EVENTS,EXTREME_UNCERTAINTY_ZERO_EVENTS,CRITICAL: Zero target events observed in out-of-sample holdout; single-cluster train data.,ADVISORY_MEDIAN_RELATIVE_HAZARD,"{'30d': False, '90d': False, '180d': True, '365d': True, '730d': True}"
CAS_CLEAN_108,SNP_CAS_CLEAN_108_S19_AWARD_20250729,20250729,SECTION_19_TO_AWARD,1.0.0-cox-production-baseline,-0.799224,0.449678,0.999763,0.999763,0.999438,0.996143,0.992555,0.000237,0.000237,0.000562,0.003857,0.007445,CALIBRATION NOT RELIABLE — INSUFFICIENT EVENTS,EXTREME_UNCERTAINTY_ZERO_EVENTS,CRITICAL: Zero target events observed in out-of-sample holdout; single-cluster train data.,ADVISORY_LOWER_RELATIVE_HAZARD,"{'30d': False, '90d': False, '180d': True, '365d': True, '730d': True}"
CAS_CLEAN_044,SNP_CAS_CLEAN_044_S19_AWARD_20250808,20250808,SECTION_19_TO_AWARD,1.0.0-cox-production-baseline,-0.110104,0.895741,0.999529,0.999529,0.99888,0.992332,0.985225,0.000471,0.000471,0.00112,0.007668,0.014775,CALIBRATION NOT RELIABLE — INSUFFICIENT EVENTS,EXTREME_UNCERTAINTY_ZERO_EVENTS,CRITICAL: Zero target events observed in out-of-sample holdout; single-cluster train data.,ADVISORY_ELEVATED_RELATIVE_HAZARD,"{'30d': False, '90d': False, '180d': True, '365d': True, '730d': True}"
CAS_CLEAN_088,SNP_CAS_CLEAN_088_S19_AWARD_20250811,20250811,SECTION_19_TO_AWARD,1.0.0-cox-production-baseline,-0.459384,0.631673,0.999668,0.999668,0.99921,0.994586,0.989558,0.000332,0.000332,0.00079,0.005414,0.010442,CALIBRATION NOT RELIABLE — INSUFFICIENT EVENTS,EXTREME_UNCERTAINTY_ZERO_EVENTS,CRITICAL: Zero target events observed in out-of-sample holdout; single-cluster train data.,ADVISORY_MEDIAN_RELATIVE_HAZARD,"{'30d': False, '90d': False, '180d': True, '365d': True, '730d': True}"
CAS_CLEAN_040,SNP_CAS_CLEAN_040_S19_AWARD_20250824,20250824,SECTION_19_TO_AWARD,1.0.0-cox-production-baseline,-0.459384,0.631673,0.999668,0.999668,0.99921,0.994586,0.989558,0.000332,0.000332,0.00079,0.005414,0.010442,CALIBRATION NOT RELIABLE — INSUFFICIENT EVENTS,EXTREME_UNCERTAINTY_ZERO_EVENTS,CRITICAL: Zero target events observed in out-of-sample holdout; single-cluster train data.,ADVISORY_MEDIAN_RELATIVE_HAZARD,"{'30d': False, '90d': False, '180d': True, '365d': True, '730d': True}"
CAS_CLEAN_117,SNP_CAS_CLEAN_117_S19_AWARD_20250830,20250830,SECTION_19_TO_AWARD,1.0.0-cox-production-baseline,0.357398,1.429605,0.999248,0.999248,0.998213,0.987789,0.976522,0.000752,0.000752,0.001787,0.012211,0.023478,CALIBRATION NOT RELIABLE — INSUFFICIENT EVENTS,EXTREME_UNCERTAINTY_ZERO_EVENTS,CRITICAL: Zero target events observed in out-of-sample holdout; single-cluster train data.,ADVISORY_HIGHEST_DECILE_HAZARD,"{'30d': False, '90d': False, '180d': True, '365d': True, '730d': True}"
CAS_CLEAN_109,SNP_CAS_CLEAN_109_S19_AWARD_20250906,20250906,SECTION_19_TO_AWARD,1.0.0-cox-production-baseline,-0.110104,0.895741,0.999529,0.999529,0.99888,0.992332,0.985225,0.000471,0.000471,0.00112,0.007668,0.014775,CALIBRATION NOT RELIABLE — INSUFFICIENT EVENTS,EXTREME_UNCERTAINTY_ZERO_EVENTS,CRITICAL: Zero target events observed in out-of-sample holdout; single-cluster train data.,ADVISORY_ELEVATED_RELATIVE_HAZARD,"{'30d': False, '90d': False, '180d': True, '365d': True, '730d': True}"
CAS_CLEAN_070,SNP_CAS_CLEAN_070_S19_AWARD_20250917,20250917,SECTION_19_TO_AWARD,1.0.0-cox-production-baseline,4.005543,54.901628,0.971527,0.971527,0.933635,0.623869,0.40157,0.028473,0.028473,0.066365,0.376131,0.59843,CALIBRATION NOT RELIABLE — INSUFFICIENT EVENTS,EXTREME_UNCERTAINTY_ZERO_EVENTS,CRITICAL: Zero target events observed in out-of-sample holdout; single-cluster train data.,ADVISORY_HIGHEST_DECILE_HAZARD,"{'30d': False, '90d': False, '180d': True, '365d': True, '730d': True}"
CAS_CLEAN_139,SNP_CAS_CLEAN_139_S19_AWARD_20250929,20250929,SECTION_19_TO_AWARD,1.0.0-cox-production-baseline,-0.289464,0.748665,0.999606,0.999606,0.999064,0.993587,0.987636,0.000394,0.000394,0.000936,0.006413,0.012364,CALIBRATION NOT RELIABLE — INSUFFICIENT EVENTS,EXTREME_UNCERTAINTY_ZERO_EVENTS,CRITICAL: Zero target events observed in out-of-sample holdout; single-cluster train data.,ADVISORY_ELEVATED_RELATIVE_HAZARD,"{'30d': False, '90d': False, '180d': True, '365d': True, '730d': True}"
CAS_CLEAN_034,SNP_CAS_CLEAN_034_S19_AWARD_20251001,20251001,SECTION_19_TO_AWARD,1.0.0-cox-production-baseline,-0.629304,0.532963,0.99972,0.99972,0.999334,0.99543,0.991182,0.00028,0.00028,0.000666,0.00457,0.008818,CALIBRATION NOT RELIABLE — INSUFFICIENT EVENTS,EXTREME_UNCERTAINTY_ZERO_EVENTS,CRITICAL: Zero target events observed in out-of-sample holdout; single-cluster train data.,ADVISORY_MEDIAN_RELATIVE_HAZARD,"{'30d': False, '90d': False, '180d': True, '365d': True, '730d': True}"
CAS_CLEAN_047,SNP_CAS_CLEAN_047_S19_AWARD_20251011,20251011,SECTION_19_TO_AWARD,1.0.0-cox-production-baseline,-0.350404,0.704403,0.999629,0.999629,0.999119,0.993965,0.988362,0.000371,0.000371,0.000881,0.006035,0.011638,CALIBRATION NOT RELIABLE — INSUFFICIENT EVENTS,EXTREME_UNCERTAINTY_ZERO_EVENTS,CRITICAL: Zero target events observed in out-of-sample holdout; single-cluster train data.,ADVISORY_MEDIAN_RELATIVE_HAZARD,"{'30d': False, '90d': False, '180d': True, '365d': True, '730d': True}"
CAS_CLEAN_085,SNP_CAS_CLEAN_085_S19_AWARD_20251011,20251011,SECTION_19_TO_AWARD,1.0.0-cox-production-baseline,-0.350404,0.704403,0.999629,0.999629,0.999119,0.993965,0.988362,0.000371,0.000371,0.000881,0.006035,0.011638,CALIBRATION NOT RELIABLE — INSUFFICIENT EVENTS,EXTREME_UNCERTAINTY_ZERO_EVENTS,CRITICAL: Zero target events observed in out-of-sample holdout; single-cluster train data.,ADVISORY_MEDIAN_RELATIVE_HAZARD,"{'30d': False, '90d': False, '180d': True, '365d': True, '730d': True}"
CAS_CLEAN_038,SNP_CAS_CLEAN_038_S19_AWARD_20251018,20251018,SECTION_19_TO_AWARD,1.0.0-cox-production-baseline,-0.289464,0.748665,0.999606,0.999606,0.999064,0.993587,0.987636,0.000394,0.000394,0.000936,0.006413,0.012364,CALIBRATION NOT RELIABLE — INSUFFICIENT EVENTS,EXTREME_UNCERTAINTY_ZERO_EVENTS,CRITICAL: Zero target events observed in out-of-sample holdout; single-cluster train data.,ADVISORY_ELEVATED_RELATIVE_HAZARD,"{'30d': False, '90d': False, '180d': True, '365d': True, '730d': True}"
CAS_CLEAN_131,SNP_CAS_CLEAN_131_S19_AWARD_20251018,20251018,SECTION_19_TO_AWARD,1.0.0-cox-production-baseline,-0.289464,0.748665,0.999606,0.999606,0.999064,0.993587,0.987636,0.000394,0.000394,0.000936,0.006413,0.012364,CALIBRATION NOT RELIABLE — INSUFFICIENT EVENTS,EXTREME_UNCERTAINTY_ZERO_EVENTS,CRITICAL: Zero target events observed in out-of-sample holdout; single-cluster train data.,ADVISORY_ELEVATED_RELATIVE_HAZARD,"{'30d': False, '90d': False, '180d': True, '365d': True, '730d': True}"
CAS_CLEAN_108,SNP_CAS_CLEAN_108_S19_AWARD_20251027,20251027,SECTION_19_TO_AWARD,1.0.0-cox-production-baseline,-0.629304,0.532963,0.99972,0.99972,0.999334,0.99543,0.991182,0.00028,0.00028,0.000666,0.00457,0.008818,CALIBRATION NOT RELIABLE — INSUFFICIENT EVENTS,EXTREME_UNCERTAINTY_ZERO_EVENTS,CRITICAL: Zero target events observed in out-of-sample holdout; single-cluster train data.,ADVISORY_MEDIAN_RELATIVE_HAZARD,"{'30d': False, '90d': False, '180d': True, '365d': True, '730d': True}"
CAS_CLEAN_088,SNP_CAS_CLEAN_088_S19_AWARD_20251109,20251109,SECTION_19_TO_AWARD,1.0.0-cox-production-baseline,-0.289464,0.748665,0.999606,0.999606,0.999064,0.993587,0.987636,0.000394,0.000394,0.000936,0.006413,0.012364,CALIBRATION NOT RELIABLE — INSUFFICIENT EVENTS,EXTREME_UNCERTAINTY_ZERO_EVENTS,CRITICAL: Zero target events observed in out-of-sample holdout; single-cluster train data.,ADVISORY_ELEVATED_RELATIVE_HAZARD,"{'30d': False, '90d': False, '180d': True, '365d': True, '730d': True}"
CAS_CLEAN_053,SNP_CAS_CLEAN_053_S19_AWARD_20251118,20251118,SECTION_19_TO_AWARD,1.0.0-cox-production-baseline,-0.799224,0.449678,0.999763,0.999763,0.999438,0.996143,0.992555,0.000237,0.000237,0.000562,0.003857,0.007445,CALIBRATION NOT RELIABLE — INSUFFICIENT EVENTS,EXTREME_UNCERTAINTY_ZERO_EVENTS,CRITICAL: Zero target events observed in out-of-sample holdout; single-cluster train data.,ADVISORY_LOWER_RELATIVE_HAZARD,"{'30d': False, '90d': False, '180d': True, '365d': True, '730d': True}"
CAS_CLEAN_070,SNP_CAS_CLEAN_070_S19_AWARD_20251118,20251118,SECTION_19_TO_AWARD,1.0.0-cox-production-baseline,5.48824,241.831209,0.880525,0.880525,0.738985,0.125149,0.017974,0.119475,0.119475,0.261015,0.874851,0.982026,CALIBRATION NOT RELIABLE — INSUFFICIENT EVENTS,EXTREME_UNCERTAINTY_ZERO_EVENTS,CRITICAL: Zero target events observed in out-of-sample holdout; single-cluster train data.,ADVISORY_HIGHEST_DECILE_HAZARD,"{'30d': False, '90d': False, '180d': True, '365d': True, '730d': True}"
CAS_CLEAN_040,SNP_CAS_CLEAN_040_S19_AWARD_20251122,20251122,SECTION_19_TO_AWARD,1.0.0-cox-production-baseline,-0.289464,0.748665,0.999606,0.999606,0.999064,0.993587,0.987636,0.000394,0.000394,0.000936,0.006413,0.012364,CALIBRATION NOT RELIABLE — INSUFFICIENT EVENTS,EXTREME_UNCERTAINTY_ZERO_EVENTS,CRITICAL: Zero target events observed in out-of-sample holdout; single-cluster train data.,ADVISORY_ELEVATED_RELATIVE_HAZARD,"{'30d': False, '90d': False, '180d': True, '365d': True, '730d': True}"
CAS_CLEAN_003,SNP_CAS_CLEAN_003_S19_AWARD_20251128,20251128,SECTION_19_TO_AWARD,1.0.0-cox-production-baseline,-0.748817,0.472926,0.999751,0.999751,0.999409,0.995944,0.992172,0.000249,0.000249,0.000591,0.004056,0.007828,CALIBRATION NOT RELIABLE — INSUFFICIENT EVENTS,EXTREME_UNCERTAINTY_ZERO_EVENTS,CRITICAL: Zero target events observed in out-of-sample holdout; single-cluster train data.,ADVISORY_LOWER_RELATIVE_HAZARD,"{'30d': False, '90d': False, '180d': True, '365d': True, '730d': True}"
CAS_CLEAN_006,SNP_CAS_CLEAN_006_S19_AWARD_20251128,20251128,SECTION_19_TO_AWARD,1.0.0-cox-production-baseline,-0.747595,0.473504,0.999751,0.999751,0.999408,0.995939,0.992162,0.000249,0.000249,0.000592,0.004061,0.007838,CALIBRATION NOT RELIABLE — INSUFFICIENT EVENTS,EXTREME_UNCERTAINTY_ZERO_EVENTS,CRITICAL: Zero target events observed in out-of-sample holdout; single-cluster train data.,ADVISORY_LOWER_RELATIVE_HAZARD,"{'30d': False, '90d': False, '180d': True, '365d': True, '730d': True}"
CAS_CLEAN_014,SNP_CAS_CLEAN_014_S19_AWARD_20251128,20251128,SECTION_19_TO_AWARD,1.0.0-cox-production-baseline,-0.747595,0.473504,0.999751,0.999751,0.999408,0.995939,0.992162,0.000249,0.000249,0.000592,0.004061,0.007838,CALIBRATION NOT RELIABLE — INSUFFICIENT EVENTS,EXTREME_UNCERTAINTY_ZERO_EVENTS,CRITICAL: Zero target events observed in out-of-sample holdout; single-cluster train data.,ADVISORY_LOWER_RELATIVE_HAZARD,"{'30d': False, '90d': False, '180d': True, '365d': True, '730d': True}"
CAS_CLEAN_019,SNP_CAS_CLEAN_019_S19_AWARD_20251128,20251128,SECTION_19_TO_AWARD,1.0.0-cox-production-baseline,-0.747595,0.473504,0.999751,0.999751,0.999408,0.995939,0.992162,0.000249,0.000249,0.000592,0.004061,0.007838,CALIBRATION NOT RELIABLE — INSUFFICIENT EVENTS,EXTREME_UNCERTAINTY_ZERO_EVENTS,CRITICAL: Zero target events observed in out-of-sample holdout; single-cluster train data.,ADVISORY_LOWER_RELATIVE_HAZARD,"{'30d': False, '90d': False, '180d': True, '365d': True, '730d': True}"
CAS_CLEAN_060,SNP_CAS_CLEAN_060_S19_AWARD_20251128,20251128,SECTION_19_TO_AWARD,1.0.0-cox-production-baseline,0.069187,1.071637,0.999436,0.999436,0.998661,0.990833,0.982349,0.000564,0.000564,0.001339,0.009167,0.017651,CALIBRATION NOT RELIABLE — INSUFFICIENT EVENTS,EXTREME_UNCERTAINTY_ZERO_EVENTS,CRITICAL: Zero target events observed in out-of-sample holdout; single-cluster train data.,ADVISORY_HIGHEST_DECILE_HAZARD,"{'30d': False, '90d': False, '180d': True, '365d': True, '730d': True}"
CAS_CLEAN_080,SNP_CAS_CLEAN_080_S19_AWARD_20251128,20251128,SECTION_19_TO_AWARD,1.0.0-cox-production-baseline,-0.747595,0.473504,0.999751,0.999751,0.999408,0.995939,0.992162,0.000249,0.000249,0.000592,0.004061,0.007838,CALIBRATION NOT RELIABLE — INSUFFICIENT EVENTS,EXTREME_UNCERTAINTY_ZERO_EVENTS,CRITICAL: Zero target events observed in out-of-sample holdout; single-cluster train data.,ADVISORY_LOWER_RELATIVE_HAZARD,"{'30d': False, '90d': False, '180d': True, '365d': True, '730d': True}"
CAS_CLEAN_117,SNP_CAS_CLEAN_117_S19_AWARD_20251128,20251128,SECTION_19_TO_AWARD,1.0.0-cox-production-baseline,0.527318,1.694382,0.999109,0.999109,0.997883,0.985544,0.972235,0.000891,0.000891,0.002117,0.014456,0.027765,CALIBRATION NOT RELIABLE — INSUFFICIENT EVENTS,EXTREME_UNCERTAINTY_ZERO_EVENTS,CRITICAL: Zero target events observed in out-of-sample holdout; single-cluster train data.,ADVISORY_HIGHEST_DECILE_HAZARD,"{'30d': False, '90d': False, '180d': True, '365d': True, '730d': True}"
CAS_CLEAN_129,SNP_CAS_CLEAN_129_S19_AWARD_20251128,20251128,SECTION_19_TO_AWARD,1.0.0-cox-production-baseline,-0.747595,0.473504,0.999751,0.999751,0.999408,0.995939,0.992162,0.000249,0.000249,0.000592,0.004061,0.007838,CALIBRATION NOT RELIABLE — INSUFFICIENT EVENTS,EXTREME_UNCERTAINTY_ZERO_EVENTS,CRITICAL: Zero target events observed in out-of-sample holdout; single-cluster train data.,ADVISORY_LOWER_RELATIVE_HAZARD,"{'30d': False, '90d': False, '180d': True, '365d': True, '730d': True}"
CAS_CLEAN_146,SNP_CAS_CLEAN_146_S19_AWARD_20251128,20251128,SECTION_19_TO_AWARD,1.0.0-cox-production-baseline,-0.747595,0.473504,0.999751,0.999751,0.999408,0.995939,0.992162,0.000249,0.000249,0.000592,0.004061,0.007838,CALIBRATION NOT RELIABLE — INSUFFICIENT EVENTS,EXTREME_UNCERTAINTY_ZERO_EVENTS,CRITICAL: Zero target events observed in out-of-sample holdout; single-cluster train data.,ADVISORY_LOWER_RELATIVE_HAZARD,"{'30d': False, '90d': False, '180d': True, '365d': True, '730d': True}"
CAS_CLEAN_147,SNP_CAS_CLEAN_147_S19_AWARD_20251128,20251128,SECTION_19_TO_AWARD,1.0.0-cox-production-baseline,-0.747595,0.473504,0.999751,0.999751,0.999408,0.995939,0.992162,0.000249,0.000249,0.000592,0.004061,0.007838,CALIBRATION NOT RELIABLE — INSUFFICIENT EVENTS,EXTREME_UNCERTAINTY_ZERO_EVENTS,CRITICAL: Zero target events observed in out-of-sample holdout; single-cluster train data.,ADVISORY_LOWER_RELATIVE_HAZARD,"{'30d': False, '90d': False, '180d': True, '365d': True, '730d': True}"
CAS_CLEAN_015,SNP_CAS_CLEAN_015_S19_AWARD_20251215,20251215,SECTION_19_TO_AWARD,1.0.0-cox-production-baseline,-0.723155,0.485219,0.999745,0.999745,0.999393,0.995839,0.991969,0.000255,0.000255,0.000607,0.004161,0.008031,CALIBRATION NOT RELIABLE — INSUFFICIENT EVENTS,EXTREME_UNCERTAINTY_ZERO_EVENTS,CRITICAL: Zero target events observed in out-of-sample holdout; single-cluster train data.,ADVISORY_LOWER_RELATIVE_HAZARD,"{'30d': False, '90d': False, '180d': True, '365d': True, '730d': True}"
CAS_CLEAN_045,SNP_CAS_CLEAN_045_S19_AWARD_20251215,20251215,SECTION_19_TO_AWARD,1.0.0-cox-production-baseline,-0.714601,0.489387,0.999743,0.999743,0.999388,0.995803,0.9919,0.000257,0.000257,0.000612,0.004197,0.0081,CALIBRATION NOT RELIABLE — INSUFFICIENT EVENTS,EXTREME_UNCERTAINTY_ZERO_EVENTS,CRITICAL: Zero target events observed in out-of-sample holdout; single-cluster train data.,ADVISORY_LOWER_RELATIVE_HAZARD,"{'30d': False, '90d': False, '180d': True, '365d': True, '730d': True}"
CAS_CLEAN_076,SNP_CAS_CLEAN_076_S19_AWARD_20251215,20251215,SECTION_19_TO_AWARD,1.0.0-cox-production-baseline,-0.714601,0.489387,0.999743,0.999743,0.999388,0.995803,0.9919,0.000257,0.000257,0.000612,0.004197,0.0081,CALIBRATION NOT RELIABLE — INSUFFICIENT EVENTS,EXTREME_UNCERTAINTY_ZERO_EVENTS,CRITICAL: Zero target events observed in out-of-sample holdout; single-cluster train data.,ADVISORY_LOWER_RELATIVE_HAZARD,"{'30d': False, '90d': False, '180d': True, '365d': True, '730d': True}"
CAS_CLEAN_114,SNP_CAS_CLEAN_114_S19_AWARD_20251215,20251215,SECTION_19_TO_AWARD,1.0.0-cox-production-baseline,-0.714601,0.489387,0.999743,0.999743,0.999388,0.995803,0.9919,0.000257,0.000257,0.000612,0.004197,0.0081,CALIBRATION NOT RELIABLE — INSUFFICIENT EVENTS,EXTREME_UNCERTAINTY_ZERO_EVENTS,CRITICAL: Zero target events observed in out-of-sample holdout; single-cluster train data.,ADVISORY_LOWER_RELATIVE_HAZARD,"{'30d': False, '90d': False, '180d': True, '365d': True, '730d': True}"
CAS_CLEAN_132,SNP_CAS_CLEAN_132_S19_AWARD_20251215,20251215,SECTION_19_TO_AWARD,1.0.0-cox-production-baseline,-0.799224,0.449678,0.999763,0.999763,0.999438,0.996143,0.992555,0.000237,0.000237,0.000562,0.003857,0.007445,CALIBRATION NOT RELIABLE — INSUFFICIENT EVENTS,EXTREME_UNCERTAINTY_ZERO_EVENTS,CRITICAL: Zero target events observed in out-of-sample holdout; single-cluster train data.,ADVISORY_LOWER_RELATIVE_HAZARD,"{'30d': False, '90d': False, '180d': True, '365d': True, '730d': True}"
CAS_CLEAN_134,SNP_CAS_CLEAN_134_S19_AWARD_20251215,20251215,SECTION_19_TO_AWARD,1.0.0-cox-production-baseline,-0.799224,0.449678,0.999763,0.999763,0.999438,0.996143,0.992555,0.000237,0.000237,0.000562,0.003857,0.007445,CALIBRATION NOT RELIABLE — INSUFFICIENT EVENTS,EXTREME_UNCERTAINTY_ZERO_EVENTS,CRITICAL: Zero target events observed in out-of-sample holdout; single-cluster train data.,ADVISORY_LOWER_RELATIVE_HAZARD,"{'30d': False, '90d': False, '180d': True, '365d': True, '730d': True}"
CAS_CLEAN_070,SNP_CAS_CLEAN_070_S19_AWARD_20251216,20251216,SECTION_19_TO_AWARD,1.0.0-cox-production-baseline,5.541104,254.959319,0.874464,0.874464,0.726949,0.111797,0.014451,0.125536,0.125536,0.273051,0.888203,0.985549,CALIBRATION NOT RELIABLE — INSUFFICIENT EVENTS,EXTREME_UNCERTAINTY_ZERO_EVENTS,CRITICAL: Zero target events observed in out-of-sample holdout; single-cluster train data.,ADVISORY_HIGHEST_DECILE_HAZARD,"{'30d': False, '90d': False, '180d': True, '365d': True, '730d': True}"
CAS_CLEAN_160,SNP_CAS_CLEAN_160_S19_AWARD_20251219,20251219,SECTION_19_TO_AWARD,1.0.0-cox-production-baseline,-0.799224,0.449678,0.999763,0.999763,0.999438,0.996143,0.992555,0.000237,0.000237,0.000562,0.003857,0.007445,CALIBRATION NOT RELIABLE — INSUFFICIENT EVENTS,EXTREME_UNCERTAINTY_ZERO_EVENTS,CRITICAL: Zero target events observed in out-of-sample holdout; single-cluster train data.,ADVISORY_LOWER_RELATIVE_HAZARD,"{'30d': False, '90d': False, '180d': True, '365d': True, '730d': True}"
CAS_CLEAN_161,SNP_CAS_CLEAN_161_S19_AWARD_20251219,20251219,SECTION_19_TO_AWARD,1.0.0-cox-production-baseline,-0.799224,0.449678,0.999763,0.999763,0.999438,0.996143,0.992555,0.000237,0.000237,0.000562,0.003857,0.007445,CALIBRATION NOT RELIABLE — INSUFFICIENT EVENTS,EXTREME_UNCERTAINTY_ZERO_EVENTS,CRITICAL: Zero target events observed in out-of-sample holdout; single-cluster train data.,ADVISORY_LOWER_RELATIVE_HAZARD,"{'30d': False, '90d': False, '180d': True, '365d': True, '730d': True}"
CAS_CLEAN_162,SNP_CAS_CLEAN_162_S19_AWARD_20251219,20251219,SECTION_19_TO_AWARD,1.0.0-cox-production-baseline,-0.799224,0.449678,0.999763,0.999763,0.999438,0.996143,0.992555,0.000237,0.000237,0.000562,0.003857,0.007445,CALIBRATION NOT RELIABLE — INSUFFICIENT EVENTS,EXTREME_UNCERTAINTY_ZERO_EVENTS,CRITICAL: Zero target events observed in out-of-sample holdout; single-cluster train data.,ADVISORY_LOWER_RELATIVE_HAZARD,"{'30d': False, '90d': False, '180d': True, '365d': True, '730d': True}"
CAS_CLEAN_163,SNP_CAS_CLEAN_163_S19_AWARD_20251219,20251219,SECTION_19_TO_AWARD,1.0.0-cox-production-baseline,-0.799224,0.449678,0.999763,0.999763,0.999438,0.996143,0.992555,0.000237,0.000237,0.000562,0.003857,0.007445,CALIBRATION NOT RELIABLE — INSUFFICIENT EVENTS,EXTREME_UNCERTAINTY_ZERO_EVENTS,CRITICAL: Zero target events observed in out-of-sample holdout; single-cluster train data.,ADVISORY_LOWER_RELATIVE_HAZARD,"{'30d': False, '90d': False, '180d': True, '365d': True, '730d': True}"
CAS_CLEAN_034,SNP_CAS_CLEAN_034_S19_AWARD_20251230,20251230,SECTION_19_TO_AWARD,1.0.0-cox-production-baseline,-0.459384,0.631673,0.999668,0.999668,0.99921,0.994586,0.989558,0.000332,0.000332,0.00079,0.005414,0.010442,CALIBRATION NOT RELIABLE — INSUFFICIENT EVENTS,EXTREME_UNCERTAINTY_ZERO_EVENTS,CRITICAL: Zero target events observed in out-of-sample holdout; single-cluster train data.,ADVISORY_MEDIAN_RELATIVE_HAZARD,"{'30d': False, '90d': False, '180d': True, '365d': True, '730d': True}"
CAS_CLEAN_139,SNP_CAS_CLEAN_139_S19_AWARD_20260102,20260102,SECTION_19_TO_AWARD,1.0.0-cox-production-baseline,-0.110104,0.895741,0.999529,0.999529,0.99888,0.992332,0.985225,0.000471,0.000471,0.00112,0.007668,0.014775,CALIBRATION NOT RELIABLE — INSUFFICIENT EVENTS,EXTREME_UNCERTAINTY_ZERO_EVENTS,CRITICAL: Zero target events observed in out-of-sample holdout; single-cluster train data.,ADVISORY_ELEVATED_RELATIVE_HAZARD,"{'30d': False, '90d': False, '180d': True, '365d': True, '730d': True}"
CAS_CLEAN_003,SNP_CAS_CLEAN_003_S19_AWARD_20260112,20260112,SECTION_19_TO_AWARD,1.0.0-cox-production-baseline,-0.773856,0.461231,0.999757,0.999757,0.999423,0.996044,0.992364,0.000243,0.000243,0.000577,0.003956,0.007636,CALIBRATION NOT RELIABLE — INSUFFICIENT EVENTS,EXTREME_UNCERTAINTY_ZERO_EVENTS,CRITICAL: Zero target events observed in out-of-sample holdout; single-cluster train data.,ADVISORY_LOWER_RELATIVE_HAZARD,"{'30d': False, '90d': False, '180d': True, '365d': True, '730d': True}"
CAS_CLEAN_006,SNP_CAS_CLEAN_006_S19_AWARD_20260112,20260112,SECTION_19_TO_AWARD,1.0.0-cox-production-baseline,-0.772634,0.461795,0.999757,0.999757,0.999423,0.996039,0.992355,0.000243,0.000243,0.000577,0.003961,0.007645,CALIBRATION NOT RELIABLE — INSUFFICIENT EVENTS,EXTREME_UNCERTAINTY_ZERO_EVENTS,CRITICAL: Zero target events observed in out-of-sample holdout; single-cluster train data.,ADVISORY_LOWER_RELATIVE_HAZARD,"{'30d': False, '90d': False, '180d': True, '365d': True, '730d': True}"
CAS_CLEAN_014,SNP_CAS_CLEAN_014_S19_AWARD_20260112,20260112,SECTION_19_TO_AWARD,1.0.0-cox-production-baseline,-0.772634,0.461795,0.999757,0.999757,0.999423,0.996039,0.992355,0.000243,0.000243,0.000577,0.003961,0.007645,CALIBRATION NOT RELIABLE — INSUFFICIENT EVENTS,EXTREME_UNCERTAINTY_ZERO_EVENTS,CRITICAL: Zero target events observed in out-of-sample holdout; single-cluster train data.,ADVISORY_LOWER_RELATIVE_HAZARD,"{'30d': False, '90d': False, '180d': True, '365d': True, '730d': True}"
CAS_CLEAN_019,SNP_CAS_CLEAN_019_S19_AWARD_20260112,20260112,SECTION_19_TO_AWARD,1.0.0-cox-production-baseline,-0.772634,0.461795,0.999757,0.999757,0.999423,0.996039,0.992355,0.000243,0.000243,0.000577,0.003961,0.007645,CALIBRATION NOT RELIABLE — INSUFFICIENT EVENTS,EXTREME_UNCERTAINTY_ZERO_EVENTS,CRITICAL: Zero target events observed in out-of-sample holdout; single-cluster train data.,ADVISORY_LOWER_RELATIVE_HAZARD,"{'30d': False, '90d': False, '180d': True, '365d': True, '730d': True}"
CAS_CLEAN_060,SNP_CAS_CLEAN_060_S19_AWARD_20260112,20260112,SECTION_19_TO_AWARD,1.0.0-cox-production-baseline,0.044148,1.045137,0.99945,0.99945,0.998694,0.991058,0.982782,0.00055,0.00055,0.001306,0.008942,0.017218,CALIBRATION NOT RELIABLE — INSUFFICIENT EVENTS,EXTREME_UNCERTAINTY_ZERO_EVENTS,CRITICAL: Zero target events observed in out-of-sample holdout; single-cluster train data.,ADVISORY_HIGHEST_DECILE_HAZARD,"{'30d': False, '90d': False, '180d': True, '365d': True, '730d': True}"
CAS_CLEAN_080,SNP_CAS_CLEAN_080_S19_AWARD_20260112,20260112,SECTION_19_TO_AWARD,1.0.0-cox-production-baseline,-0.772634,0.461795,0.999757,0.999757,0.999423,0.996039,0.992355,0.000243,0.000243,0.000577,0.003961,0.007645,CALIBRATION NOT RELIABLE — INSUFFICIENT EVENTS,EXTREME_UNCERTAINTY_ZERO_EVENTS,CRITICAL: Zero target events observed in out-of-sample holdout; single-cluster train data.,ADVISORY_LOWER_RELATIVE_HAZARD,"{'30d': False, '90d': False, '180d': True, '365d': True, '730d': True}"
CAS_CLEAN_129,SNP_CAS_CLEAN_129_S19_AWARD_20260112,20260112,SECTION_19_TO_AWARD,1.0.0-cox-production-baseline,-0.772634,0.461795,0.999757,0.999757,0.999423,0.996039,0.992355,0.000243,0.000243,0.000577,0.003961,0.007645,CALIBRATION NOT RELIABLE — INSUFFICIENT EVENTS,EXTREME_UNCERTAINTY_ZERO_EVENTS,CRITICAL: Zero target events observed in out-of-sample holdout; single-cluster train data.,ADVISORY_LOWER_RELATIVE_HAZARD,"{'30d': False, '90d': False, '180d': True, '365d': True, '730d': True}"
CAS_CLEAN_146,SNP_CAS_CLEAN_146_S19_AWARD_20260112,20260112,SECTION_19_TO_AWARD,1.0.0-cox-production-baseline,-0.772634,0.461795,0.999757,0.999757,0.999423,0.996039,0.992355,0.000243,0.000243,0.000577,0.003961,0.007645,CALIBRATION NOT RELIABLE — INSUFFICIENT EVENTS,EXTREME_UNCERTAINTY_ZERO_EVENTS,CRITICAL: Zero target events observed in out-of-sample holdout; single-cluster train data.,ADVISORY_LOWER_RELATIVE_HAZARD,"{'30d': False, '90d': False, '180d': True, '365d': True, '730d': True}"
CAS_CLEAN_147,SNP_CAS_CLEAN_147_S19_AWARD_20260112,20260112,SECTION_19_TO_AWARD,1.0.0-cox-production-baseline,-0.772634,0.461795,0.999757,0.999757,0.999423,0.996039,0.992355,0.000243,0.000243,0.000577,0.003961,0.007645,CALIBRATION NOT RELIABLE — INSUFFICIENT EVENTS,EXTREME_UNCERTAINTY_ZERO_EVENTS,CRITICAL: Zero target events observed in out-of-sample holdout; single-cluster train data.,ADVISORY_LOWER_RELATIVE_HAZARD,"{'30d': False, '90d': False, '180d': True, '365d': True, '730d': True}"
CAS_CLEAN_047,SNP_CAS_CLEAN_047_S19_AWARD_20260114,20260114,SECTION_19_TO_AWARD,1.0.0-cox-production-baseline,-0.171044,0.842784,0.999557,0.999557,0.998946,0.992783,0.986092,0.000443,0.000443,0.001054,0.007217,0.013908,CALIBRATION NOT RELIABLE — INSUFFICIENT EVENTS,EXTREME_UNCERTAINTY_ZERO_EVENTS,CRITICAL: Zero target events observed in out-of-sample holdout; single-cluster train data.,ADVISORY_ELEVATED_RELATIVE_HAZARD,"{'30d': False, '90d': False, '180d': True, '365d': True, '730d': True}"
CAS_CLEAN_085,SNP_CAS_CLEAN_085_S19_AWARD_20260114,20260114,SECTION_19_TO_AWARD,1.0.0-cox-production-baseline,-0.171044,0.842784,0.999557,0.999557,0.998946,0.992783,0.986092,0.000443,0.000443,0.001054,0.007217,0.013908,CALIBRATION NOT RELIABLE — INSUFFICIENT EVENTS,EXTREME_UNCERTAINTY_ZERO_EVENTS,CRITICAL: Zero target events observed in out-of-sample holdout; single-cluster train data.,ADVISORY_ELEVATED_RELATIVE_HAZARD,"{'30d': False, '90d': False, '180d': True, '365d': True, '730d': True}"
CAS_CLEAN_015,SNP_CAS_CLEAN_015_S19_AWARD_20260119,20260119,SECTION_19_TO_AWARD,1.0.0-cox-production-baseline,-0.760414,0.467473,0.999754,0.999754,0.999415,0.995991,0.992261,0.000246,0.000246,0.000585,0.004009,0.007739,CALIBRATION NOT RELIABLE — INSUFFICIENT EVENTS,EXTREME_UNCERTAINTY_ZERO_EVENTS,CRITICAL: Zero target events observed in out-of-sample holdout; single-cluster train data.,ADVISORY_LOWER_RELATIVE_HAZARD,"{'30d': False, '90d': False, '180d': True, '365d': True, '730d': True}"
CAS_CLEAN_045,SNP_CAS_CLEAN_045_S19_AWARD_20260119,20260119,SECTION_19_TO_AWARD,1.0.0-cox-production-baseline,-0.75186,0.471489,0.999752,0.999752,0.99941,0.995956,0.992195,0.000248,0.000248,0.00059,0.004044,0.007805,CALIBRATION NOT RELIABLE — INSUFFICIENT EVENTS,EXTREME_UNCERTAINTY_ZERO_EVENTS,CRITICAL: Zero target events observed in out-of-sample holdout; single-cluster train data.,ADVISORY_LOWER_RELATIVE_HAZARD,"{'30d': False, '90d': False, '180d': True, '365d': True, '730d': True}"
CAS_CLEAN_076,SNP_CAS_CLEAN_076_S19_AWARD_20260119,20260119,SECTION_19_TO_AWARD,1.0.0-cox-production-baseline,-0.75186,0.471489,0.999752,0.999752,0.99941,0.995956,0.992195,0.000248,0.000248,0.00059,0.004044,0.007805,CALIBRATION NOT RELIABLE — INSUFFICIENT EVENTS,EXTREME_UNCERTAINTY_ZERO_EVENTS,CRITICAL: Zero target events observed in out-of-sample holdout; single-cluster train data.,ADVISORY_LOWER_RELATIVE_HAZARD,"{'30d': False, '90d': False, '180d': True, '365d': True, '730d': True}"
CAS_CLEAN_134,SNP_CAS_CLEAN_134_S19_AWARD_20260119,20260119,SECTION_19_TO_AWARD,1.0.0-cox-production-baseline,-0.836483,0.433232,0.999772,0.999772,0.999458,0.996284,0.992826,0.000228,0.000228,0.000542,0.003716,0.007174,CALIBRATION NOT RELIABLE — INSUFFICIENT EVENTS,EXTREME_UNCERTAINTY_ZERO_EVENTS,CRITICAL: Zero target events observed in out-of-sample holdout; single-cluster train data.,ADVISORY_LOWER_RELATIVE_HAZARD,"{'30d': False, '90d': False, '180d': True, '365d': True, '730d': True}"
CAS_CLEAN_051,SNP_CAS_CLEAN_051_S19_AWARD_20260120,20260120,SECTION_19_TO_AWARD,1.0.0-cox-production-baseline,-0.799224,0.449678,0.999763,0.999763,0.999438,0.996143,0.992555,0.000237,0.000237,0.000562,0.003857,0.007445,CALIBRATION NOT RELIABLE — INSUFFICIENT EVENTS,EXTREME_UNCERTAINTY_ZERO_EVENTS,CRITICAL: Zero target events observed in out-of-sample holdout; single-cluster train data.,ADVISORY_LOWER_RELATIVE_HAZARD,"{'30d': False, '90d': False, '180d': True, '365d': True, '730d': True}"
CAS_CLEAN_038,SNP_CAS_CLEAN_038_S19_AWARD_20260121,20260121,SECTION_19_TO_AWARD,1.0.0-cox-production-baseline,-0.110104,0.895741,0.999529,0.999529,0.99888,0.992332,0.985225,0.000471,0.000471,0.00112,0.007668,0.014775,CALIBRATION NOT RELIABLE — INSUFFICIENT EVENTS,EXTREME_UNCERTAINTY_ZERO_EVENTS,CRITICAL: Zero target events observed in out-of-sample holdout; single-cluster train data.,ADVISORY_ELEVATED_RELATIVE_HAZARD,"{'30d': False, '90d': False, '180d': True, '365d': True, '730d': True}"
CAS_CLEAN_131,SNP_CAS_CLEAN_131_S19_AWARD_20260121,20260121,SECTION_19_TO_AWARD,1.0.0-cox-production-baseline,-0.110104,0.895741,0.999529,0.999529,0.99888,0.992332,0.985225,0.000471,0.000471,0.00112,0.007668,0.014775,CALIBRATION NOT RELIABLE — INSUFFICIENT EVENTS,EXTREME_UNCERTAINTY_ZERO_EVENTS,CRITICAL: Zero target events observed in out-of-sample holdout; single-cluster train data.,ADVISORY_ELEVATED_RELATIVE_HAZARD,"{'30d': False, '90d': False, '180d': True, '365d': True, '730d': True}"
CAS_CLEAN_108,SNP_CAS_CLEAN_108_S19_AWARD_20260125,20260125,SECTION_19_TO_AWARD,1.0.0-cox-production-baseline,-0.459384,0.631673,0.999668,0.999668,0.99921,0.994586,0.989558,0.000332,0.000332,0.00079,0.005414,0.010442,CALIBRATION NOT RELIABLE — INSUFFICIENT EVENTS,EXTREME_UNCERTAINTY_ZERO_EVENTS,CRITICAL: Zero target events observed in out-of-sample holdout; single-cluster train data.,ADVISORY_MEDIAN_RELATIVE_HAZARD,"{'30d': False, '90d': False, '180d': True, '365d': True, '730d': True}"
CAS_CLEAN_011,SNP_CAS_CLEAN_011_S19_AWARD_20260202,20260202,SECTION_19_TO_AWARD,1.0.0-cox-production-baseline,-0.799224,0.449678,0.999763,0.999763,0.999438,0.996143,0.992555,0.000237,0.000237,0.000562,0.003857,0.007445,CALIBRATION NOT RELIABLE — INSUFFICIENT EVENTS,EXTREME_UNCERTAINTY_ZERO_EVENTS,CRITICAL: Zero target events observed in out-of-sample holdout; single-cluster train data.,ADVISORY_LOWER_RELATIVE_HAZARD,"{'30d': False, '90d': False, '180d': True, '365d': True, '730d': True}"
CAS_CLEAN_088,SNP_CAS_CLEAN_088_S19_AWARD_20260212,20260212,SECTION_19_TO_AWARD,1.0.0-cox-production-baseline,-0.110104,0.895741,0.999529,0.999529,0.99888,0.992332,0.985225,0.000471,0.000471,0.00112,0.007668,0.014775,CALIBRATION NOT RELIABLE — INSUFFICIENT EVENTS,EXTREME_UNCERTAINTY_ZERO_EVENTS,CRITICAL: Zero target events observed in out-of-sample holdout; single-cluster train data.,ADVISORY_ELEVATED_RELATIVE_HAZARD,"{'30d': False, '90d': False, '180d': True, '365d': True, '730d': True}"
CAS_CLEAN_053,SNP_CAS_CLEAN_053_S19_AWARD_20260216,20260216,SECTION_19_TO_AWARD,1.0.0-cox-production-baseline,-0.629304,0.532963,0.99972,0.99972,0.999334,0.99543,0.991182,0.00028,0.00028,0.000666,0.00457,0.008818,CALIBRATION NOT RELIABLE — INSUFFICIENT EVENTS,EXTREME_UNCERTAINTY_ZERO_EVENTS,CRITICAL: Zero target events observed in out-of-sample holdout; single-cluster train data.,ADVISORY_MEDIAN_RELATIVE_HAZARD,"{'30d': False, '90d': False, '180d': True, '365d': True, '730d': True}"
CAS_CLEAN_040,SNP_CAS_CLEAN_040_S19_AWARD_20260225,20260225,SECTION_19_TO_AWARD,1.0.0-cox-production-baseline,-0.110104,0.895741,0.999529,0.999529,0.99888,0.992332,0.985225,0.000471,0.000471,0.00112,0.007668,0.014775,CALIBRATION NOT RELIABLE — INSUFFICIENT EVENTS,EXTREME_UNCERTAINTY_ZERO_EVENTS,CRITICAL: Zero target events observed in out-of-sample holdout; single-cluster train data.,ADVISORY_ELEVATED_RELATIVE_HAZARD,"{'30d': False, '90d': False, '180d': True, '365d': True, '730d': True}"
CAS_CLEAN_003,SNP_CAS_CLEAN_003_S19_AWARD_20260226,20260226,SECTION_19_TO_AWARD,1.0.0-cox-production-baseline,-0.688896,0.50213,0.999736,0.999736,0.999372,0.995694,0.99169,0.000264,0.000264,0.000628,0.004306,0.00831,CALIBRATION NOT RELIABLE — INSUFFICIENT EVENTS,EXTREME_UNCERTAINTY_ZERO_EVENTS,CRITICAL: Zero target events observed in out-of-sample holdout; single-cluster train data.,ADVISORY_MEDIAN_RELATIVE_HAZARD,"{'30d': False, '90d': False, '180d': True, '365d': True, '730d': True}"
CAS_CLEAN_006,SNP_CAS_CLEAN_006_S19_AWARD_20260226,20260226,SECTION_19_TO_AWARD,1.0.0-cox-production-baseline,-0.687674,0.502744,0.999736,0.999736,0.999371,0.995689,0.99168,0.000264,0.000264,0.000629,0.004311,0.00832,CALIBRATION NOT RELIABLE — INSUFFICIENT EVENTS,EXTREME_UNCERTAINTY_ZERO_EVENTS,CRITICAL: Zero target events observed in out-of-sample holdout; single-cluster train data.,ADVISORY_MEDIAN_RELATIVE_HAZARD,"{'30d': False, '90d': False, '180d': True, '365d': True, '730d': True}"
CAS_CLEAN_014,SNP_CAS_CLEAN_014_S19_AWARD_20260226,20260226,SECTION_19_TO_AWARD,1.0.0-cox-production-baseline,-0.687674,0.502744,0.999736,0.999736,0.999371,0.995689,0.99168,0.000264,0.000264,0.000629,0.004311,0.00832,CALIBRATION NOT RELIABLE — INSUFFICIENT EVENTS,EXTREME_UNCERTAINTY_ZERO_EVENTS,CRITICAL: Zero target events observed in out-of-sample holdout; single-cluster train data.,ADVISORY_MEDIAN_RELATIVE_HAZARD,"{'30d': False, '90d': False, '180d': True, '365d': True, '730d': True}"
CAS_CLEAN_019,SNP_CAS_CLEAN_019_S19_AWARD_20260226,20260226,SECTION_19_TO_AWARD,1.0.0-cox-production-baseline,-0.687674,0.502744,0.999736,0.999736,0.999371,0.995689,0.99168,0.000264,0.000264,0.000629,0.004311,0.00832,CALIBRATION NOT RELIABLE — INSUFFICIENT EVENTS,EXTREME_UNCERTAINTY_ZERO_EVENTS,CRITICAL: Zero target events observed in out-of-sample holdout; single-cluster train data.,ADVISORY_MEDIAN_RELATIVE_HAZARD,"{'30d': False, '90d': False, '180d': True, '365d': True, '730d': True}"
CAS_CLEAN_060,SNP_CAS_CLEAN_060_S19_AWARD_20260226,20260226,SECTION_19_TO_AWARD,1.0.0-cox-production-baseline,0.129108,1.137813,0.999402,0.999402,0.998578,0.990269,0.981269,0.000598,0.000598,0.001422,0.009731,0.018731,CALIBRATION NOT RELIABLE — INSUFFICIENT EVENTS,EXTREME_UNCERTAINTY_ZERO_EVENTS,CRITICAL: Zero target events observed in out-of-sample holdout; single-cluster train data.,ADVISORY_HIGHEST_DECILE_HAZARD,"{'30d': False, '90d': False, '180d': True, '365d': True, '730d': True}"
CAS_CLEAN_080,SNP_CAS_CLEAN_080_S19_AWARD_20260226,20260226,SECTION_19_TO_AWARD,1.0.0-cox-production-baseline,-0.687674,0.502744,0.999736,0.999736,0.999371,0.995689,0.99168,0.000264,0.000264,0.000629,0.004311,0.00832,CALIBRATION NOT RELIABLE — INSUFFICIENT EVENTS,EXTREME_UNCERTAINTY_ZERO_EVENTS,CRITICAL: Zero target events observed in out-of-sample holdout; single-cluster train data.,ADVISORY_MEDIAN_RELATIVE_HAZARD,"{'30d': False, '90d': False, '180d': True, '365d': True, '730d': True}"
CAS_CLEAN_129,SNP_CAS_CLEAN_129_S19_AWARD_20260226,20260226,SECTION_19_TO_AWARD,1.0.0-cox-production-baseline,-0.687674,0.502744,0.999736,0.999736,0.999371,0.995689,0.99168,0.000264,0.000264,0.000629,0.004311,0.00832,CALIBRATION NOT RELIABLE — INSUFFICIENT EVENTS,EXTREME_UNCERTAINTY_ZERO_EVENTS,CRITICAL: Zero target events observed in out-of-sample holdout; single-cluster train data.,ADVISORY_MEDIAN_RELATIVE_HAZARD,"{'30d': False, '90d': False, '180d': True, '365d': True, '730d': True}"
CAS_CLEAN_146,SNP_CAS_CLEAN_146_S19_AWARD_20260226,20260226,SECTION_19_TO_AWARD,1.0.0-cox-production-baseline,-0.687674,0.502744,0.999736,0.999736,0.999371,0.995689,0.99168,0.000264,0.000264,0.000629,0.004311,0.00832,CALIBRATION NOT RELIABLE — INSUFFICIENT EVENTS,EXTREME_UNCERTAINTY_ZERO_EVENTS,CRITICAL: Zero target events observed in out-of-sample holdout; single-cluster train data.,ADVISORY_MEDIAN_RELATIVE_HAZARD,"{'30d': False, '90d': False, '180d': True, '365d': True, '730d': True}"
CAS_CLEAN_147,SNP_CAS_CLEAN_147_S19_AWARD_20260226,20260226,SECTION_19_TO_AWARD,1.0.0-cox-production-baseline,-0.687674,0.502744,0.999736,0.999736,0.999371,0.995689,0.99168,0.000264,0.000264,0.000629,0.004311,0.00832,CALIBRATION NOT RELIABLE — INSUFFICIENT EVENTS,EXTREME_UNCERTAINTY_ZERO_EVENTS,CRITICAL: Zero target events observed in out-of-sample holdout; single-cluster train data.,ADVISORY_MEDIAN_RELATIVE_HAZARD,"{'30d': False, '90d': False, '180d': True, '365d': True, '730d': True}"
CAS_CLEAN_117,SNP_CAS_CLEAN_117_S19_AWARD_20260303,20260303,SECTION_19_TO_AWARD,1.0.0-cox-production-baseline,0.706678,2.027246,0.998934,0.998934,0.997468,0.982729,0.966872,0.001066,0.001066,0.002532,0.017271,0.033128,CALIBRATION NOT RELIABLE — INSUFFICIENT EVENTS,EXTREME_UNCERTAINTY_ZERO_EVENTS,CRITICAL: Zero target events observed in out-of-sample holdout; single-cluster train data.,ADVISORY_HIGHEST_DECILE_HAZARD,"{'30d': False, '90d': False, '180d': True, '365d': True, '730d': True}"
CAS_CLEAN_015,SNP_CAS_CLEAN_015_S19_AWARD_20260315,20260315,SECTION_19_TO_AWARD,1.0.0-cox-production-baseline,-0.656574,0.518625,0.999727,0.999727,0.999352,0.995553,0.991418,0.000273,0.000273,0.000648,0.004447,0.008582,CALIBRATION NOT RELIABLE — INSUFFICIENT EVENTS,EXTREME_UNCERTAINTY_ZERO_EVENTS,CRITICAL: Zero target events observed in out-of-sample holdout; single-cluster train data.,ADVISORY_MEDIAN_RELATIVE_HAZARD,"{'30d': False, '90d': False, '180d': True, '365d': True, '730d': True}"
CAS_CLEAN_045,SNP_CAS_CLEAN_045_S19_AWARD_20260315,20260315,SECTION_19_TO_AWARD,1.0.0-cox-production-baseline,-0.64802,0.52308,0.999725,0.999725,0.999346,0.995515,0.991345,0.000275,0.000275,0.000654,0.004485,0.008655,CALIBRATION NOT RELIABLE — INSUFFICIENT EVENTS,EXTREME_UNCERTAINTY_ZERO_EVENTS,CRITICAL: Zero target events observed in out-of-sample holdout; single-cluster train data.,ADVISORY_MEDIAN_RELATIVE_HAZARD,"{'30d': False, '90d': False, '180d': True, '365d': True, '730d': True}"
CAS_CLEAN_076,SNP_CAS_CLEAN_076_S19_AWARD_20260315,20260315,SECTION_19_TO_AWARD,1.0.0-cox-production-baseline,-0.64802,0.52308,0.999725,0.999725,0.999346,0.995515,0.991345,0.000275,0.000275,0.000654,0.004485,0.008655,CALIBRATION NOT RELIABLE — INSUFFICIENT EVENTS,EXTREME_UNCERTAINTY_ZERO_EVENTS,CRITICAL: Zero target events observed in out-of-sample holdout; single-cluster train data.,ADVISORY_MEDIAN_RELATIVE_HAZARD,"{'30d': False, '90d': False, '180d': True, '365d': True, '730d': True}"
CAS_CLEAN_114,SNP_CAS_CLEAN_114_S19_AWARD_20260315,20260315,SECTION_19_TO_AWARD,1.0.0-cox-production-baseline,-0.544681,0.580027,0.999695,0.999695,0.999275,0.995028,0.990407,0.000305,0.000305,0.000725,0.004972,0.009593,CALIBRATION NOT RELIABLE — INSUFFICIENT EVENTS,EXTREME_UNCERTAINTY_ZERO_EVENTS,CRITICAL: Zero target events observed in out-of-sample holdout; single-cluster train data.,ADVISORY_MEDIAN_RELATIVE_HAZARD,"{'30d': False, '90d': False, '180d': True, '365d': True, '730d': True}"
CAS_CLEAN_132,SNP_CAS_CLEAN_132_S19_AWARD_20260315,20260315,SECTION_19_TO_AWARD,1.0.0-cox-production-baseline,-0.629304,0.532963,0.99972,0.99972,0.999334,0.99543,0.991182,0.00028,0.00028,0.000666,0.00457,0.008818,CALIBRATION NOT RELIABLE — INSUFFICIENT EVENTS,EXTREME_UNCERTAINTY_ZERO_EVENTS,CRITICAL: Zero target events observed in out-of-sample holdout; single-cluster train data.,ADVISORY_MEDIAN_RELATIVE_HAZARD,"{'30d': False, '90d': False, '180d': True, '365d': True, '730d': True}"
CAS_CLEAN_134,SNP_CAS_CLEAN_134_S19_AWARD_20260315,20260315,SECTION_19_TO_AWARD,1.0.0-cox-production-baseline,-0.732643,0.480637,0.999747,0.999747,0.999399,0.995878,0.992044,0.000253,0.000253,0.000601,0.004122,0.007956,CALIBRATION NOT RELIABLE — INSUFFICIENT EVENTS,EXTREME_UNCERTAINTY_ZERO_EVENTS,CRITICAL: Zero target events observed in out-of-sample holdout; single-cluster train data.,ADVISORY_LOWER_RELATIVE_HAZARD,"{'30d': False, '90d': False, '180d': True, '365d': True, '730d': True}"
CAS_CLEAN_070,SNP_CAS_CLEAN_070_S19_AWARD_20260316,20260316,SECTION_19_TO_AWARD,1.0.0-cox-production-baseline,5.711024,302.180343,0.853006,0.853006,0.685257,0.074505,0.006593,0.146994,0.146994,0.314743,0.925495,0.993407,CALIBRATION NOT RELIABLE — INSUFFICIENT EVENTS,EXTREME_UNCERTAINTY_ZERO_EVENTS,CRITICAL: Zero target events observed in out-of-sample holdout; single-cluster train data.,ADVISORY_HIGHEST_DECILE_HAZARD,"{'30d': False, '90d': False, '180d': True, '365d': True, '730d': True}"
CAS_CLEAN_160,SNP_CAS_CLEAN_160_S19_AWARD_20260319,20260319,SECTION_19_TO_AWARD,1.0.0-cox-production-baseline,-0.629304,0.532963,0.99972,0.99972,0.999334,0.99543,0.991182,0.00028,0.00028,0.000666,0.00457,0.008818,CALIBRATION NOT RELIABLE — INSUFFICIENT EVENTS,EXTREME_UNCERTAINTY_ZERO_EVENTS,CRITICAL: Zero target events observed in out-of-sample holdout; single-cluster train data.,ADVISORY_MEDIAN_RELATIVE_HAZARD,"{'30d': False, '90d': False, '180d': True, '365d': True, '730d': True}"
CAS_CLEAN_161,SNP_CAS_CLEAN_161_S19_AWARD_20260319,20260319,SECTION_19_TO_AWARD,1.0.0-cox-production-baseline,-0.629304,0.532963,0.99972,0.99972,0.999334,0.99543,0.991182,0.00028,0.00028,0.000666,0.00457,0.008818,CALIBRATION NOT RELIABLE — INSUFFICIENT EVENTS,EXTREME_UNCERTAINTY_ZERO_EVENTS,CRITICAL: Zero target events observed in out-of-sample holdout; single-cluster train data.,ADVISORY_MEDIAN_RELATIVE_HAZARD,"{'30d': False, '90d': False, '180d': True, '365d': True, '730d': True}"
CAS_CLEAN_162,SNP_CAS_CLEAN_162_S19_AWARD_20260319,20260319,SECTION_19_TO_AWARD,1.0.0-cox-production-baseline,-0.629304,0.532963,0.99972,0.99972,0.999334,0.99543,0.991182,0.00028,0.00028,0.000666,0.00457,0.008818,CALIBRATION NOT RELIABLE — INSUFFICIENT EVENTS,EXTREME_UNCERTAINTY_ZERO_EVENTS,CRITICAL: Zero target events observed in out-of-sample holdout; single-cluster train data.,ADVISORY_MEDIAN_RELATIVE_HAZARD,"{'30d': False, '90d': False, '180d': True, '365d': True, '730d': True}"
CAS_CLEAN_163,SNP_CAS_CLEAN_163_S19_AWARD_20260319,20260319,SECTION_19_TO_AWARD,1.0.0-cox-production-baseline,-0.629304,0.532963,0.99972,0.99972,0.999334,0.99543,0.991182,0.00028,0.00028,0.000666,0.00457,0.008818,CALIBRATION NOT RELIABLE — INSUFFICIENT EVENTS,EXTREME_UNCERTAINTY_ZERO_EVENTS,CRITICAL: Zero target events observed in out-of-sample holdout; single-cluster train data.,ADVISORY_MEDIAN_RELATIVE_HAZARD,"{'30d': False, '90d': False, '180d': True, '365d': True, '730d': True}"
CAS_CLEAN_034,SNP_CAS_CLEAN_034_S19_AWARD_20260330,20260330,SECTION_19_TO_AWARD,1.0.0-cox-production-baseline,-0.289464,0.748665,0.999606,0.999606,0.999064,0.993587,0.987636,0.000394,0.000394,0.000936,0.006413,0.012364,CALIBRATION NOT RELIABLE — INSUFFICIENT EVENTS,EXTREME_UNCERTAINTY_ZERO_EVENTS,CRITICAL: Zero target events observed in out-of-sample holdout; single-cluster train data.,ADVISORY_ELEVATED_RELATIVE_HAZARD,"{'30d': False, '90d': False, '180d': True, '365d': True, '730d': True}"
CAS_CLEAN_124,SNP_CAS_CLEAN_124_S19_AWARD_20260330,20260330,SECTION_19_TO_AWARD,1.0.0-cox-production-baseline,-0.599733,0.548958,0.999711,0.999711,0.999314,0.995293,0.990919,0.000289,0.000289,0.000686,0.004707,0.009081,CALIBRATION NOT RELIABLE — INSUFFICIENT EVENTS,EXTREME_UNCERTAINTY_ZERO_EVENTS,CRITICAL: Zero target events observed in out-of-sample holdout; single-cluster train data.,ADVISORY_MEDIAN_RELATIVE_HAZARD,"{'30d': False, '90d': False, '180d': True, '365d': True, '730d': True}"
CAS_CLEAN_051,SNP_CAS_CLEAN_051_S19_AWARD_20260420,20260420,SECTION_19_TO_AWARD,1.0.0-cox-production-baseline,-0.629304,0.532963,0.99972,0.99972,0.999334,0.99543,0.991182,0.00028,0.00028,0.000666,0.00457,0.008818,CALIBRATION NOT RELIABLE — INSUFFICIENT EVENTS,EXTREME_UNCERTAINTY_ZERO_EVENTS,CRITICAL: Zero target events observed in out-of-sample holdout; single-cluster train data.,ADVISORY_MEDIAN_RELATIVE_HAZARD,"{'30d': False, '90d': False, '180d': True, '365d': True, '730d': True}"
CAS_CLEAN_108,SNP_CAS_CLEAN_108_S19_AWARD_20260425,20260425,SECTION_19_TO_AWARD,1.0.0-cox-production-baseline,-0.289464,0.748665,0.999606,0.999606,0.999064,0.993587,0.987636,0.000394,0.000394,0.000936,0.006413,0.012364,CALIBRATION NOT RELIABLE — INSUFFICIENT EVENTS,EXTREME_UNCERTAINTY_ZERO_EVENTS,CRITICAL: Zero target events observed in out-of-sample holdout; single-cluster train data.,ADVISORY_ELEVATED_RELATIVE_HAZARD,"{'30d': False, '90d': False, '180d': True, '365d': True, '730d': True}"
CAS_CLEAN_011,SNP_CAS_CLEAN_011_S19_AWARD_20260503,20260503,SECTION_19_TO_AWARD,1.0.0-cox-production-baseline,-0.629304,0.532963,0.99972,0.99972,0.999334,0.99543,0.991182,0.00028,0.00028,0.000666,0.00457,0.008818,CALIBRATION NOT RELIABLE — INSUFFICIENT EVENTS,EXTREME_UNCERTAINTY_ZERO_EVENTS,CRITICAL: Zero target events observed in out-of-sample holdout; single-cluster train data.,ADVISORY_MEDIAN_RELATIVE_HAZARD,"{'30d': False, '90d': False, '180d': True, '365d': True, '730d': True}"
CAS_CLEAN_053,SNP_CAS_CLEAN_053_S19_AWARD_20260517,20260517,SECTION_19_TO_AWARD,1.0.0-cox-production-baseline,-0.459384,0.631673,0.999668,0.999668,0.99921,0.994586,0.989558,0.000332,0.000332,0.00079,0.005414,0.010442,CALIBRATION NOT RELIABLE — INSUFFICIENT EVENTS,EXTREME_UNCERTAINTY_ZERO_EVENTS,CRITICAL: Zero target events observed in out-of-sample holdout; single-cluster train data.,ADVISORY_MEDIAN_RELATIVE_HAZARD,"{'30d': False, '90d': False, '180d': True, '365d': True, '730d': True}"
CAS_CLEAN_003,SNP_CAS_CLEAN_003_S19_AWARD_20260527,20260527,SECTION_19_TO_AWARD,1.0.0-cox-production-baseline,-0.518976,0.59513,0.999687,0.999687,0.999256,0.994899,0.990159,0.000313,0.000313,0.000744,0.005101,0.009841,CALIBRATION NOT RELIABLE — INSUFFICIENT EVENTS,EXTREME_UNCERTAINTY_ZERO_EVENTS,CRITICAL: Zero target events observed in out-of-sample holdout; single-cluster train data.,ADVISORY_MEDIAN_RELATIVE_HAZARD,"{'30d': False, '90d': False, '180d': True, '365d': True, '730d': True}"
CAS_CLEAN_006,SNP_CAS_CLEAN_006_S19_AWARD_20260527,20260527,SECTION_19_TO_AWARD,1.0.0-cox-production-baseline,-0.517754,0.595857,0.999687,0.999687,0.999255,0.994892,0.990147,0.000313,0.000313,0.000745,0.005108,0.009853,CALIBRATION NOT RELIABLE — INSUFFICIENT EVENTS,EXTREME_UNCERTAINTY_ZERO_EVENTS,CRITICAL: Zero target events observed in out-of-sample holdout; single-cluster train data.,ADVISORY_MEDIAN_RELATIVE_HAZARD,"{'30d': False, '90d': False, '180d': True, '365d': True, '730d': True}"
CAS_CLEAN_014,SNP_CAS_CLEAN_014_S19_AWARD_20260527,20260527,SECTION_19_TO_AWARD,1.0.0-cox-production-baseline,-0.517754,0.595857,0.999687,0.999687,0.999255,0.994892,0.990147,0.000313,0.000313,0.000745,0.005108,0.009853,CALIBRATION NOT RELIABLE — INSUFFICIENT EVENTS,EXTREME_UNCERTAINTY_ZERO_EVENTS,CRITICAL: Zero target events observed in out-of-sample holdout; single-cluster train data.,ADVISORY_MEDIAN_RELATIVE_HAZARD,"{'30d': False, '90d': False, '180d': True, '365d': True, '730d': True}"
CAS_CLEAN_019,SNP_CAS_CLEAN_019_S19_AWARD_20260527,20260527,SECTION_19_TO_AWARD,1.0.0-cox-production-baseline,-0.517754,0.595857,0.999687,0.999687,0.999255,0.994892,0.990147,0.000313,0.000313,0.000745,0.005108,0.009853,CALIBRATION NOT RELIABLE — INSUFFICIENT EVENTS,EXTREME_UNCERTAINTY_ZERO_EVENTS,CRITICAL: Zero target events observed in out-of-sample holdout; single-cluster train data.,ADVISORY_MEDIAN_RELATIVE_HAZARD,"{'30d': False, '90d': False, '180d': True, '365d': True, '730d': True}"
CAS_CLEAN_060,SNP_CAS_CLEAN_060_S19_AWARD_20260527,20260527,SECTION_19_TO_AWARD,1.0.0-cox-production-baseline,0.299028,1.348547,0.999291,0.999291,0.998315,0.988478,0.977839,0.000709,0.000709,0.001685,0.011522,0.022161,CALIBRATION NOT RELIABLE — INSUFFICIENT EVENTS,EXTREME_UNCERTAINTY_ZERO_EVENTS,CRITICAL: Zero target events observed in out-of-sample holdout; single-cluster train data.,ADVISORY_HIGHEST_DECILE_HAZARD,"{'30d': False, '90d': False, '180d': True, '365d': True, '730d': True}"
CAS_CLEAN_080,SNP_CAS_CLEAN_080_S19_AWARD_20260527,20260527,SECTION_19_TO_AWARD,1.0.0-cox-production-baseline,-0.517754,0.595857,0.999687,0.999687,0.999255,0.994892,0.990147,0.000313,0.000313,0.000745,0.005108,0.009853,CALIBRATION NOT RELIABLE — INSUFFICIENT EVENTS,EXTREME_UNCERTAINTY_ZERO_EVENTS,CRITICAL: Zero target events observed in out-of-sample holdout; single-cluster train data.,ADVISORY_MEDIAN_RELATIVE_HAZARD,"{'30d': False, '90d': False, '180d': True, '365d': True, '730d': True}"
CAS_CLEAN_129,SNP_CAS_CLEAN_129_S19_AWARD_20260527,20260527,SECTION_19_TO_AWARD,1.0.0-cox-production-baseline,-0.517754,0.595857,0.999687,0.999687,0.999255,0.994892,0.990147,0.000313,0.000313,0.000745,0.005108,0.009853,CALIBRATION NOT RELIABLE — INSUFFICIENT EVENTS,EXTREME_UNCERTAINTY_ZERO_EVENTS,CRITICAL: Zero target events observed in out-of-sample holdout; single-cluster train data.,ADVISORY_MEDIAN_RELATIVE_HAZARD,"{'30d': False, '90d': False, '180d': True, '365d': True, '730d': True}"
CAS_CLEAN_146,SNP_CAS_CLEAN_146_S19_AWARD_20260527,20260527,SECTION_19_TO_AWARD,1.0.0-cox-production-baseline,-0.517754,0.595857,0.999687,0.999687,0.999255,0.994892,0.990147,0.000313,0.000313,0.000745,0.005108,0.009853,CALIBRATION NOT RELIABLE — INSUFFICIENT EVENTS,EXTREME_UNCERTAINTY_ZERO_EVENTS,CRITICAL: Zero target events observed in out-of-sample holdout; single-cluster train data.,ADVISORY_MEDIAN_RELATIVE_HAZARD,"{'30d': False, '90d': False, '180d': True, '365d': True, '730d': True}"
CAS_CLEAN_147,SNP_CAS_CLEAN_147_S19_AWARD_20260527,20260527,SECTION_19_TO_AWARD,1.0.0-cox-production-baseline,-0.517754,0.595857,0.999687,0.999687,0.999255,0.994892,0.990147,0.000313,0.000313,0.000745,0.005108,0.009853,CALIBRATION NOT RELIABLE — INSUFFICIENT EVENTS,EXTREME_UNCERTAINTY_ZERO_EVENTS,CRITICAL: Zero target events observed in out-of-sample holdout; single-cluster train data.,ADVISORY_MEDIAN_RELATIVE_HAZARD,"{'30d': False, '90d': False, '180d': True, '365d': True, '730d': True}"
CAS_CLEAN_015,SNP_CAS_CLEAN_015_S19_AWARD_20260613,20260613,SECTION_19_TO_AWARD,1.0.0-cox-production-baseline,-0.486654,0.61468,0.999677,0.999677,0.999231,0.994731,0.989837,0.000323,0.000323,0.000769,0.005269,0.010163,CALIBRATION NOT RELIABLE — INSUFFICIENT EVENTS,EXTREME_UNCERTAINTY_ZERO_EVENTS,CRITICAL: Zero target events observed in out-of-sample holdout; single-cluster train data.,ADVISORY_MEDIAN_RELATIVE_HAZARD,"{'30d': False, '90d': False, '180d': True, '365d': True, '730d': True}"
CAS_CLEAN_045,SNP_CAS_CLEAN_045_S19_AWARD_20260613,20260613,SECTION_19_TO_AWARD,1.0.0-cox-production-baseline,-0.4781,0.61996,0.999674,0.999674,0.999225,0.994686,0.98975,0.000326,0.000326,0.000775,0.005314,0.01025,CALIBRATION NOT RELIABLE — INSUFFICIENT EVENTS,EXTREME_UNCERTAINTY_ZERO_EVENTS,CRITICAL: Zero target events observed in out-of-sample holdout; single-cluster train data.,ADVISORY_MEDIAN_RELATIVE_HAZARD,"{'30d': False, '90d': False, '180d': True, '365d': True, '730d': True}"
CAS_CLEAN_076,SNP_CAS_CLEAN_076_S19_AWARD_20260613,20260613,SECTION_19_TO_AWARD,1.0.0-cox-production-baseline,-0.4781,0.61996,0.999674,0.999674,0.999225,0.994686,0.98975,0.000326,0.000326,0.000775,0.005314,0.01025,CALIBRATION NOT RELIABLE — INSUFFICIENT EVENTS,EXTREME_UNCERTAINTY_ZERO_EVENTS,CRITICAL: Zero target events observed in out-of-sample holdout; single-cluster train data.,ADVISORY_MEDIAN_RELATIVE_HAZARD,"{'30d': False, '90d': False, '180d': True, '365d': True, '730d': True}"
CAS_CLEAN_114,SNP_CAS_CLEAN_114_S19_AWARD_20260613,20260613,SECTION_19_TO_AWARD,1.0.0-cox-production-baseline,-0.374761,0.687454,0.999638,0.999638,0.999141,0.99411,0.988641,0.000362,0.000362,0.000859,0.00589,0.011359,CALIBRATION NOT RELIABLE — INSUFFICIENT EVENTS,EXTREME_UNCERTAINTY_ZERO_EVENTS,CRITICAL: Zero target events observed in out-of-sample holdout; single-cluster train data.,ADVISORY_MEDIAN_RELATIVE_HAZARD,"{'30d': False, '90d': False, '180d': True, '365d': True, '730d': True}"
CAS_CLEAN_132,SNP_CAS_CLEAN_132_S19_AWARD_20260613,20260613,SECTION_19_TO_AWARD,1.0.0-cox-production-baseline,-0.459384,0.631673,0.999668,0.999668,0.99921,0.994586,0.989558,0.000332,0.000332,0.00079,0.005414,0.010442,CALIBRATION NOT RELIABLE — INSUFFICIENT EVENTS,EXTREME_UNCERTAINTY_ZERO_EVENTS,CRITICAL: Zero target events observed in out-of-sample holdout; single-cluster train data.,ADVISORY_MEDIAN_RELATIVE_HAZARD,"{'30d': False, '90d': False, '180d': True, '365d': True, '730d': True}"
CAS_CLEAN_134,SNP_CAS_CLEAN_134_S19_AWARD_20260613,20260613,SECTION_19_TO_AWARD,1.0.0-cox-production-baseline,-0.562723,0.569656,0.9997,0.9997,0.999288,0.995116,0.990578,0.0003,0.0003,0.000712,0.004884,0.009422,CALIBRATION NOT RELIABLE — INSUFFICIENT EVENTS,EXTREME_UNCERTAINTY_ZERO_EVENTS,CRITICAL: Zero target events observed in out-of-sample holdout; single-cluster train data.,ADVISORY_MEDIAN_RELATIVE_HAZARD,"{'30d': False, '90d': False, '180d': True, '365d': True, '730d': True}"
CAS_CLEAN_160,SNP_CAS_CLEAN_160_S19_AWARD_20260617,20260617,SECTION_19_TO_AWARD,1.0.0-cox-production-baseline,-0.459384,0.631673,0.999668,0.999668,0.99921,0.994586,0.989558,0.000332,0.000332,0.00079,0.005414,0.010442,CALIBRATION NOT RELIABLE — INSUFFICIENT EVENTS,EXTREME_UNCERTAINTY_ZERO_EVENTS,CRITICAL: Zero target events observed in out-of-sample holdout; single-cluster train data.,ADVISORY_MEDIAN_RELATIVE_HAZARD,"{'30d': False, '90d': False, '180d': True, '365d': True, '730d': True}"
CAS_CLEAN_161,SNP_CAS_CLEAN_161_S19_AWARD_20260617,20260617,SECTION_19_TO_AWARD,1.0.0-cox-production-baseline,-0.459384,0.631673,0.999668,0.999668,0.99921,0.994586,0.989558,0.000332,0.000332,0.00079,0.005414,0.010442,CALIBRATION NOT RELIABLE — INSUFFICIENT EVENTS,EXTREME_UNCERTAINTY_ZERO_EVENTS,CRITICAL: Zero target events observed in out-of-sample holdout; single-cluster train data.,ADVISORY_MEDIAN_RELATIVE_HAZARD,"{'30d': False, '90d': False, '180d': True, '365d': True, '730d': True}"
CAS_CLEAN_162,SNP_CAS_CLEAN_162_S19_AWARD_20260617,20260617,SECTION_19_TO_AWARD,1.0.0-cox-production-baseline,-0.459384,0.631673,0.999668,0.999668,0.99921,0.994586,0.989558,0.000332,0.000332,0.00079,0.005414,0.010442,CALIBRATION NOT RELIABLE — INSUFFICIENT EVENTS,EXTREME_UNCERTAINTY_ZERO_EVENTS,CRITICAL: Zero target events observed in out-of-sample holdout; single-cluster train data.,ADVISORY_MEDIAN_RELATIVE_HAZARD,"{'30d': False, '90d': False, '180d': True, '365d': True, '730d': True}"
CAS_CLEAN_163,SNP_CAS_CLEAN_163_S19_AWARD_20260617,20260617,SECTION_19_TO_AWARD,1.0.0-cox-production-baseline,-0.459384,0.631673,0.999668,0.999668,0.99921,0.994586,0.989558,0.000332,0.000332,0.00079,0.005414,0.010442,CALIBRATION NOT RELIABLE — INSUFFICIENT EVENTS,EXTREME_UNCERTAINTY_ZERO_EVENTS,CRITICAL: Zero target events observed in out-of-sample holdout; single-cluster train data.,ADVISORY_MEDIAN_RELATIVE_HAZARD,"{'30d': False, '90d': False, '180d': True, '365d': True, '730d': True}"
CAS_CLEAN_070,SNP_CAS_CLEAN_070_S19_AWARD_20260619,20260619,SECTION_19_TO_AWARD,1.0.0-cox-production-baseline,5.890384,361.544091,0.826775,0.826775,0.636219,0.044733,0.002458,0.173225,0.173225,0.363781,0.955267,0.997542,CALIBRATION NOT RELIABLE — INSUFFICIENT EVENTS,EXTREME_UNCERTAINTY_ZERO_EVENTS,CRITICAL: Zero target events observed in out-of-sample holdout; single-cluster train data.,ADVISORY_HIGHEST_DECILE_HAZARD,"{'30d': False, '90d': False, '180d': True, '365d': True, '730d': True}"
CAS_CLEAN_124,SNP_CAS_CLEAN_124_S19_AWARD_20260628,20260628,SECTION_19_TO_AWARD,1.0.0-cox-production-baseline,-0.429813,0.650631,0.999658,0.999658,0.999187,0.994424,0.989246,0.000342,0.000342,0.000813,0.005576,0.010754,CALIBRATION NOT RELIABLE — INSUFFICIENT EVENTS,EXTREME_UNCERTAINTY_ZERO_EVENTS,CRITICAL: Zero target events observed in out-of-sample holdout; single-cluster train data.,ADVISORY_MEDIAN_RELATIVE_HAZARD,"{'30d': False, '90d': False, '180d': True, '365d': True, '730d': True}"
CAS_CLEAN_034,SNP_CAS_CLEAN_034_S19_AWARD_20260703,20260703,SECTION_19_TO_AWARD,1.0.0-cox-production-baseline,-0.110104,0.895741,0.999529,0.999529,0.99888,0.992332,0.985225,0.000471,0.000471,0.00112,0.007668,0.014775,CALIBRATION NOT RELIABLE — INSUFFICIENT EVENTS,EXTREME_UNCERTAINTY_ZERO_EVENTS,CRITICAL: Zero target events observed in out-of-sample holdout; single-cluster train data.,ADVISORY_ELEVATED_RELATIVE_HAZARD,"{'30d': False, '90d': False, '180d': True, '365d': True, '730d': True}"
CAS_CLEAN_051,SNP_CAS_CLEAN_051_S19_AWARD_20260719,20260719,SECTION_19_TO_AWARD,1.0.0-cox-production-baseline,-0.459384,0.631673,0.999668,0.999668,0.99921,0.994586,0.989558,0.000332,0.000332,0.00079,0.005414,0.010442,CALIBRATION NOT RELIABLE — INSUFFICIENT EVENTS,EXTREME_UNCERTAINTY_ZERO_EVENTS,CRITICAL: Zero target events observed in out-of-sample holdout; single-cluster train data.,ADVISORY_MEDIAN_RELATIVE_HAZARD,"{'30d': False, '90d': False, '180d': True, '365d': True, '730d': True}"
CAS_CLEAN_108,SNP_CAS_CLEAN_108_S19_AWARD_20260729,20260729,SECTION_19_TO_AWARD,1.0.0-cox-production-baseline,-0.110104,0.895741,0.999529,0.999529,0.99888,0.992332,0.985225,0.000471,0.000471,0.00112,0.007668,0.014775,CALIBRATION NOT RELIABLE — INSUFFICIENT EVENTS,EXTREME_UNCERTAINTY_ZERO_EVENTS,CRITICAL: Zero target events observed in out-of-sample holdout; single-cluster train data.,ADVISORY_ELEVATED_RELATIVE_HAZARD,"{'30d': False, '90d': False, '180d': True, '365d': True, '730d': True}"
CAS_CLEAN_011,SNP_CAS_CLEAN_011_S19_AWARD_20260801,20260801,SECTION_19_TO_AWARD,1.0.0-cox-production-baseline,-0.459384,0.631673,0.999668,0.999668,0.99921,0.994586,0.989558,0.000332,0.000332,0.00079,0.005414,0.010442,CALIBRATION NOT RELIABLE — INSUFFICIENT EVENTS,EXTREME_UNCERTAINTY_ZERO_EVENTS,CRITICAL: Zero target events observed in out-of-sample holdout; single-cluster train data.,ADVISORY_MEDIAN_RELATIVE_HAZARD,"{'30d': False, '90d': False, '180d': True, '365d': True, '730d': True}"
CAS_CLEAN_053,SNP_CAS_CLEAN_053_S19_AWARD_20260815,20260815,SECTION_19_TO_AWARD,1.0.0-cox-production-baseline,-0.289464,0.748665,0.999606,0.999606,0.999064,0.993587,0.987636,0.000394,0.000394,0.000936,0.006413,0.012364,CALIBRATION NOT RELIABLE — INSUFFICIENT EVENTS,EXTREME_UNCERTAINTY_ZERO_EVENTS,CRITICAL: Zero target events observed in out-of-sample holdout; single-cluster train data.,ADVISORY_ELEVATED_RELATIVE_HAZARD,"{'30d': False, '90d': False, '180d': True, '365d': True, '730d': True}"
CAS_CLEAN_003,SNP_CAS_CLEAN_003_S19_AWARD_20260825,20260825,SECTION_19_TO_AWARD,1.0.0-cox-production-baseline,-0.349056,0.705354,0.999629,0.999629,0.999118,0.993957,0.988347,0.000371,0.000371,0.000882,0.006043,0.011653,CALIBRATION NOT RELIABLE — INSUFFICIENT EVENTS,EXTREME_UNCERTAINTY_ZERO_EVENTS,CRITICAL: Zero target events observed in out-of-sample holdout; single-cluster train data.,ADVISORY_MEDIAN_RELATIVE_HAZARD,"{'30d': False, '90d': False, '180d': True, '365d': True, '730d': True}"
CAS_CLEAN_006,SNP_CAS_CLEAN_006_S19_AWARD_20260825,20260825,SECTION_19_TO_AWARD,1.0.0-cox-production-baseline,-0.347834,0.706216,0.999629,0.999629,0.999117,0.993949,0.988332,0.000371,0.000371,0.000883,0.006051,0.011668,CALIBRATION NOT RELIABLE — INSUFFICIENT EVENTS,EXTREME_UNCERTAINTY_ZERO_EVENTS,CRITICAL: Zero target events observed in out-of-sample holdout; single-cluster train data.,ADVISORY_MEDIAN_RELATIVE_HAZARD,"{'30d': False, '90d': False, '180d': True, '365d': True, '730d': True}"
CAS_CLEAN_014,SNP_CAS_CLEAN_014_S19_AWARD_20260825,20260825,SECTION_19_TO_AWARD,1.0.0-cox-production-baseline,-0.347834,0.706216,0.999629,0.999629,0.999117,0.993949,0.988332,0.000371,0.000371,0.000883,0.006051,0.011668,CALIBRATION NOT RELIABLE — INSUFFICIENT EVENTS,EXTREME_UNCERTAINTY_ZERO_EVENTS,CRITICAL: Zero target events observed in out-of-sample holdout; single-cluster train data.,ADVISORY_MEDIAN_RELATIVE_HAZARD,"{'30d': False, '90d': False, '180d': True, '365d': True, '730d': True}"
CAS_CLEAN_019,SNP_CAS_CLEAN_019_S19_AWARD_20260825,20260825,SECTION_19_TO_AWARD,1.0.0-cox-production-baseline,-0.347834,0.706216,0.999629,0.999629,0.999117,0.993949,0.988332,0.000371,0.000371,0.000883,0.006051,0.011668,CALIBRATION NOT RELIABLE — INSUFFICIENT EVENTS,EXTREME_UNCERTAINTY_ZERO_EVENTS,CRITICAL: Zero target events observed in out-of-sample holdout; single-cluster train data.,ADVISORY_MEDIAN_RELATIVE_HAZARD,"{'30d': False, '90d': False, '180d': True, '365d': True, '730d': True}"
CAS_CLEAN_060,SNP_CAS_CLEAN_060_S19_AWARD_20260825,20260825,SECTION_19_TO_AWARD,1.0.0-cox-production-baseline,0.468948,1.598312,0.999159,0.999159,0.998003,0.986358,0.973788,0.000841,0.000841,0.001997,0.013642,0.026212,CALIBRATION NOT RELIABLE — INSUFFICIENT EVENTS,EXTREME_UNCERTAINTY_ZERO_EVENTS,CRITICAL: Zero target events observed in out-of-sample holdout; single-cluster train data.,ADVISORY_HIGHEST_DECILE_HAZARD,"{'30d': False, '90d': False, '180d': True, '365d': True, '730d': True}"
CAS_CLEAN_080,SNP_CAS_CLEAN_080_S19_AWARD_20260825,20260825,SECTION_19_TO_AWARD,1.0.0-cox-production-baseline,-0.347834,0.706216,0.999629,0.999629,0.999117,0.993949,0.988332,0.000371,0.000371,0.000883,0.006051,0.011668,CALIBRATION NOT RELIABLE — INSUFFICIENT EVENTS,EXTREME_UNCERTAINTY_ZERO_EVENTS,CRITICAL: Zero target events observed in out-of-sample holdout; single-cluster train data.,ADVISORY_MEDIAN_RELATIVE_HAZARD,"{'30d': False, '90d': False, '180d': True, '365d': True, '730d': True}"
CAS_CLEAN_129,SNP_CAS_CLEAN_129_S19_AWARD_20260825,20260825,SECTION_19_TO_AWARD,1.0.0-cox-production-baseline,-0.347834,0.706216,0.999629,0.999629,0.999117,0.993949,0.988332,0.000371,0.000371,0.000883,0.006051,0.011668,CALIBRATION NOT RELIABLE — INSUFFICIENT EVENTS,EXTREME_UNCERTAINTY_ZERO_EVENTS,CRITICAL: Zero target events observed in out-of-sample holdout; single-cluster train data.,ADVISORY_MEDIAN_RELATIVE_HAZARD,"{'30d': False, '90d': False, '180d': True, '365d': True, '730d': True}"
CAS_CLEAN_146,SNP_CAS_CLEAN_146_S19_AWARD_20260825,20260825,SECTION_19_TO_AWARD,1.0.0-cox-production-baseline,-0.347834,0.706216,0.999629,0.999629,0.999117,0.993949,0.988332,0.000371,0.000371,0.000883,0.006051,0.011668,CALIBRATION NOT RELIABLE — INSUFFICIENT EVENTS,EXTREME_UNCERTAINTY_ZERO_EVENTS,CRITICAL: Zero target events observed in out-of-sample holdout; single-cluster train data.,ADVISORY_MEDIAN_RELATIVE_HAZARD,"{'30d': False, '90d': False, '180d': True, '365d': True, '730d': True}"
CAS_CLEAN_147,SNP_CAS_CLEAN_147_S19_AWARD_20260825,20260825,SECTION_19_TO_AWARD,1.0.0-cox-production-baseline,-0.347834,0.706216,0.999629,0.999629,0.999117,0.993949,0.988332,0.000371,0.000371,0.000883,0.006051,0.011668,CALIBRATION NOT RELIABLE — INSUFFICIENT EVENTS,EXTREME_UNCERTAINTY_ZERO_EVENTS,CRITICAL: Zero target events observed in out-of-sample holdout; single-cluster train data.,ADVISORY_MEDIAN_RELATIVE_HAZARD,"{'30d': False, '90d': False, '180d': True, '365d': True, '730d': True}"
CAS_CLEAN_015,SNP_CAS_CLEAN_015_S19_AWARD_20260911,20260911,SECTION_19_TO_AWARD,1.0.0-cox-production-baseline,-0.316734,0.728525,0.999617,0.999617,0.999089,0.993759,0.987966,0.000383,0.000383,0.000911,0.006241,0.012034,CALIBRATION NOT RELIABLE — INSUFFICIENT EVENTS,EXTREME_UNCERTAINTY_ZERO_EVENTS,CRITICAL: Zero target events observed in out-of-sample holdout; single-cluster train data.,ADVISORY_MEDIAN_RELATIVE_HAZARD,"{'30d': False, '90d': False, '180d': True, '365d': True, '730d': True}"
CAS_CLEAN_045,SNP_CAS_CLEAN_045_S19_AWARD_20260911,20260911,SECTION_19_TO_AWARD,1.0.0-cox-production-baseline,-0.30818,0.734783,0.999613,0.999613,0.999081,0.993705,0.987863,0.000387,0.000387,0.000919,0.006295,0.012137,CALIBRATION NOT RELIABLE — INSUFFICIENT EVENTS,EXTREME_UNCERTAINTY_ZERO_EVENTS,CRITICAL: Zero target events observed in out-of-sample holdout; single-cluster train data.,ADVISORY_MEDIAN_RELATIVE_HAZARD,"{'30d': False, '90d': False, '180d': True, '365d': True, '730d': True}"
CAS_CLEAN_076,SNP_CAS_CLEAN_076_S19_AWARD_20260911,20260911,SECTION_19_TO_AWARD,1.0.0-cox-production-baseline,-0.30818,0.734783,0.999613,0.999613,0.999081,0.993705,0.987863,0.000387,0.000387,0.000919,0.006295,0.012137,CALIBRATION NOT RELIABLE — INSUFFICIENT EVENTS,EXTREME_UNCERTAINTY_ZERO_EVENTS,CRITICAL: Zero target events observed in out-of-sample holdout; single-cluster train data.,ADVISORY_MEDIAN_RELATIVE_HAZARD,"{'30d': False, '90d': False, '180d': True, '365d': True, '730d': True}"
CAS_CLEAN_114,SNP_CAS_CLEAN_114_S19_AWARD_20260911,20260911,SECTION_19_TO_AWARD,1.0.0-cox-production-baseline,-0.204841,0.814777,0.999571,0.999571,0.998981,0.993022,0.986551,0.000429,0.000429,0.001019,0.006978,0.013449,CALIBRATION NOT RELIABLE — INSUFFICIENT EVENTS,EXTREME_UNCERTAINTY_ZERO_EVENTS,CRITICAL: Zero target events observed in out-of-sample holdout; single-cluster train data.,ADVISORY_ELEVATED_RELATIVE_HAZARD,"{'30d': False, '90d': False, '180d': True, '365d': True, '730d': True}"
CAS_CLEAN_132,SNP_CAS_CLEAN_132_S19_AWARD_20260911,20260911,SECTION_19_TO_AWARD,1.0.0-cox-production-baseline,-0.289464,0.748665,0.999606,0.999606,0.999064,0.993587,0.987636,0.000394,0.000394,0.000936,0.006413,0.012364,CALIBRATION NOT RELIABLE — INSUFFICIENT EVENTS,EXTREME_UNCERTAINTY_ZERO_EVENTS,CRITICAL: Zero target events observed in out-of-sample holdout; single-cluster train data.,ADVISORY_ELEVATED_RELATIVE_HAZARD,"{'30d': False, '90d': False, '180d': True, '365d': True, '730d': True}"
CAS_CLEAN_134,SNP_CAS_CLEAN_134_S19_AWARD_20260911,20260911,SECTION_19_TO_AWARD,1.0.0-cox-production-baseline,-0.392803,0.675162,0.999645,0.999645,0.999156,0.994215,0.988843,0.000355,0.000355,0.000844,0.005785,0.011157,CALIBRATION NOT RELIABLE — INSUFFICIENT EVENTS,EXTREME_UNCERTAINTY_ZERO_EVENTS,CRITICAL: Zero target events observed in out-of-sample holdout; single-cluster train data.,ADVISORY_MEDIAN_RELATIVE_HAZARD,"{'30d': False, '90d': False, '180d': True, '365d': True, '730d': True}"
CAS_CLEAN_160,SNP_CAS_CLEAN_160_S19_AWARD_20260915,20260915,SECTION_19_TO_AWARD,1.0.0-cox-production-baseline,-0.289464,0.748665,0.999606,0.999606,0.999064,0.993587,0.987636,0.000394,0.000394,0.000936,0.006413,0.012364,CALIBRATION NOT RELIABLE — INSUFFICIENT EVENTS,EXTREME_UNCERTAINTY_ZERO_EVENTS,CRITICAL: Zero target events observed in out-of-sample holdout; single-cluster train data.,ADVISORY_ELEVATED_RELATIVE_HAZARD,"{'30d': False, '90d': False, '180d': True, '365d': True, '730d': True}"
CAS_CLEAN_161,SNP_CAS_CLEAN_161_S19_AWARD_20260915,20260915,SECTION_19_TO_AWARD,1.0.0-cox-production-baseline,-0.289464,0.748665,0.999606,0.999606,0.999064,0.993587,0.987636,0.000394,0.000394,0.000936,0.006413,0.012364,CALIBRATION NOT RELIABLE — INSUFFICIENT EVENTS,EXTREME_UNCERTAINTY_ZERO_EVENTS,CRITICAL: Zero target events observed in out-of-sample holdout; single-cluster train data.,ADVISORY_ELEVATED_RELATIVE_HAZARD,"{'30d': False, '90d': False, '180d': True, '365d': True, '730d': True}"
CAS_CLEAN_162,SNP_CAS_CLEAN_162_S19_AWARD_20260915,20260915,SECTION_19_TO_AWARD,1.0.0-cox-production-baseline,-0.289464,0.748665,0.999606,0.999606,0.999064,0.993587,0.987636,0.000394,0.000394,0.000936,0.006413,0.012364,CALIBRATION NOT RELIABLE — INSUFFICIENT EVENTS,EXTREME_UNCERTAINTY_ZERO_EVENTS,CRITICAL: Zero target events observed in out-of-sample holdout; single-cluster train data.,ADVISORY_ELEVATED_RELATIVE_HAZARD,"{'30d': False, '90d': False, '180d': True, '365d': True, '730d': True}"
CAS_CLEAN_163,SNP_CAS_CLEAN_163_S19_AWARD_20260915,20260915,SECTION_19_TO_AWARD,1.0.0-cox-production-baseline,-0.289464,0.748665,0.999606,0.999606,0.999064,0.993587,0.987636,0.000394,0.000394,0.000936,0.006413,0.012364,CALIBRATION NOT RELIABLE — INSUFFICIENT EVENTS,EXTREME_UNCERTAINTY_ZERO_EVENTS,CRITICAL: Zero target events observed in out-of-sample holdout; single-cluster train data.,ADVISORY_ELEVATED_RELATIVE_HAZARD,"{'30d': False, '90d': False, '180d': True, '365d': True, '730d': True}"
CAS_CLEAN_124,SNP_CAS_CLEAN_124_S19_AWARD_20260926,20260926,SECTION_19_TO_AWARD,1.0.0-cox-production-baseline,-0.259893,0.771134,0.999594,0.999594,0.999036,0.993395,0.987267,0.000406,0.000406,0.000964,0.006605,0.012733,CALIBRATION NOT RELIABLE — INSUFFICIENT EVENTS,EXTREME_UNCERTAINTY_ZERO_EVENTS,CRITICAL: Zero target events observed in out-of-sample holdout; single-cluster train data.,ADVISORY_ELEVATED_RELATIVE_HAZARD,"{'30d': False, '90d': False, '180d': True, '365d': True, '730d': True}"
CAS_CLEAN_271,SNP_CAS_CLEAN_271_CASE_INITIATION_MILESTONE_20190921,20190921,CASE_INITIATION_TO_MILESTONE,1.0.0-cox-production-baseline,-0.928645,0.395089,0.999524,0.992361,0.991243,0.990628,0.990628,0.000476,0.007639,0.008757,0.009372,0.009372,PARTIAL — CALIBRATION NOT RELIABLE DUE TO EVENT SPARSITY,HIGH_UNCERTAINTY_SPARSE_EVENTS,HIGH UNCERTAINTY: Estimates derived from sparse administrative milestone occurrences.,ADVISORY_MEDIAN_RELATIVE_HAZARD,"{'30d': False, '90d': False, '180d': True, '365d': True, '730d': True}"
CAS_CLEAN_271,SNP_CAS_CLEAN_271_CASE_INITIATION_MILESTONE_20191220,20191220,CASE_INITIATION_TO_MILESTONE,1.0.0-cox-production-baseline,-1.045015,0.351687,0.999576,0.993197,0.992201,0.991653,0.991653,0.000424,0.006803,0.007799,0.008347,0.008347,PARTIAL — CALIBRATION NOT RELIABLE DUE TO EVENT SPARSITY,HIGH_UNCERTAINTY_SPARSE_EVENTS,HIGH UNCERTAINTY: Estimates derived from sparse administrative milestone occurrences.,ADVISORY_MEDIAN_RELATIVE_HAZARD,"{'30d': False, '90d': False, '180d': True, '365d': True, '730d': True}"
CAS_CLEAN_271,SNP_CAS_CLEAN_271_CASE_INITIATION_MILESTONE_20200319,20200319,CASE_INITIATION_TO_MILESTONE,1.0.0-cox-production-baseline,-1.161385,0.313052,0.999623,0.993942,0.993055,0.992567,0.992567,0.000377,0.006058,0.006945,0.007433,0.007433,PARTIAL — CALIBRATION NOT RELIABLE DUE TO EVENT SPARSITY,HIGH_UNCERTAINTY_SPARSE_EVENTS,HIGH UNCERTAINTY: Estimates derived from sparse administrative milestone occurrences.,ADVISORY_MEDIAN_RELATIVE_HAZARD,"{'30d': False, '90d': False, '180d': True, '365d': True, '730d': True}"
CAS_CLEAN_271,SNP_CAS_CLEAN_271_CASE_INITIATION_MILESTONE_20200617,20200617,CASE_INITIATION_TO_MILESTONE,1.0.0-cox-production-baseline,-1.277755,0.278662,0.999664,0.994606,0.993816,0.993381,0.993381,0.000336,0.005394,0.006184,0.006619,0.006619,PARTIAL — CALIBRATION NOT RELIABLE DUE TO EVENT SPARSITY,HIGH_UNCERTAINTY_SPARSE_EVENTS,HIGH UNCERTAINTY: Estimates derived from sparse administrative milestone occurrences.,ADVISORY_MEDIAN_RELATIVE_HAZARD,"{'30d': False, '90d': False, '180d': True, '365d': True, '730d': True}"
CAS_CLEAN_271,SNP_CAS_CLEAN_271_CASE_INITIATION_MILESTONE_20200920,20200920,CASE_INITIATION_TO_MILESTONE,1.0.0-cox-production-baseline,-1.40059,0.246452,0.999703,0.995228,0.994529,0.994144,0.994144,0.000297,0.004772,0.005471,0.005856,0.005856,PARTIAL — CALIBRATION NOT RELIABLE DUE TO EVENT SPARSITY,HIGH_UNCERTAINTY_SPARSE_EVENTS,HIGH UNCERTAINTY: Estimates derived from sparse administrative milestone occurrences.,ADVISORY_MEDIAN_RELATIVE_HAZARD,"{'30d': False, '90d': False, '180d': True, '365d': True, '730d': True}"
CAS_CLEAN_271,SNP_CAS_CLEAN_271_CASE_INITIATION_MILESTONE_20210920,20210920,CASE_INITIATION_TO_MILESTONE,1.0.0-cox-production-baseline,-1.872535,0.153733,0.999815,0.99702,0.996583,0.996343,0.996343,0.000185,0.00298,0.003417,0.003657,0.003657,PARTIAL — CALIBRATION NOT RELIABLE DUE TO EVENT SPARSITY,HIGH_UNCERTAINTY_SPARSE_EVENTS,HIGH UNCERTAINTY: Estimates derived from sparse administrative milestone occurrences.,ADVISORY_LOWER_RELATIVE_HAZARD,"{'30d': False, '90d': False, '180d': True, '365d': True, '730d': True}"
CAS_CLEAN_268,SNP_CAS_CLEAN_268_CASE_INITIATION_MILESTONE_20221111,20221111,CASE_INITIATION_TO_MILESTONE,1.0.0-cox-production-baseline,-1.173096,0.309408,0.999627,0.994012,0.993136,0.992653,0.992653,0.000373,0.005988,0.006864,0.007347,0.007347,PARTIAL — CALIBRATION NOT RELIABLE DUE TO EVENT SPARSITY,HIGH_UNCERTAINTY_SPARSE_EVENTS,HIGH UNCERTAINTY: Estimates derived from sparse administrative milestone occurrences.,ADVISORY_MEDIAN_RELATIVE_HAZARD,"{'30d': False, '90d': False, '180d': True, '365d': True, '730d': True}"
CAS_CLEAN_269,SNP_CAS_CLEAN_269_CASE_INITIATION_MILESTONE_20221111,20221111,CASE_INITIATION_TO_MILESTONE,1.0.0-cox-production-baseline,-1.173096,0.309408,0.999627,0.994012,0.993136,0.992653,0.992653,0.000373,0.005988,0.006864,0.007347,0.007347,PARTIAL — CALIBRATION NOT RELIABLE DUE TO EVENT SPARSITY,HIGH_UNCERTAINTY_SPARSE_EVENTS,HIGH UNCERTAINTY: Estimates derived from sparse administrative milestone occurrences.,ADVISORY_MEDIAN_RELATIVE_HAZARD,"{'30d': False, '90d': False, '180d': True, '365d': True, '730d': True}"
CAS_CLEAN_270,SNP_CAS_CLEAN_270_CASE_INITIATION_MILESTONE_20221111,20221111,CASE_INITIATION_TO_MILESTONE,1.0.0-cox-production-baseline,-0.928645,0.395089,0.999524,0.992361,0.991243,0.990628,0.990628,0.000476,0.007639,0.008757,0.009372,0.009372,PARTIAL — CALIBRATION NOT RELIABLE DUE TO EVENT SPARSITY,HIGH_UNCERTAINTY_SPARSE_EVENTS,HIGH UNCERTAINTY: Estimates derived from sparse administrative milestone occurrences.,ADVISORY_MEDIAN_RELATIVE_HAZARD,"{'30d': False, '90d': False, '180d': True, '365d': True, '730d': True}"
CAS_CLEAN_267,SNP_CAS_CLEAN_267_CASE_INITIATION_MILESTONE_20221117,20221117,CASE_INITIATION_TO_MILESTONE,1.0.0-cox-production-baseline,-1.173096,0.309408,0.999627,0.994012,0.993136,0.992653,0.992653,0.000373,0.005988,0.006864,0.007347,0.007347,PARTIAL — CALIBRATION NOT RELIABLE DUE TO EVENT SPARSITY,HIGH_UNCERTAINTY_SPARSE_EVENTS,HIGH UNCERTAINTY: Estimates derived from sparse administrative milestone occurrences.,ADVISORY_MEDIAN_RELATIVE_HAZARD,"{'30d': False, '90d': False, '180d': True, '365d': True, '730d': True}"
CAS_CLEAN_268,SNP_CAS_CLEAN_268_CASE_INITIATION_MILESTONE_20230209,20230209,CASE_INITIATION_TO_MILESTONE,1.0.0-cox-production-baseline,-1.289466,0.275418,0.999668,0.994668,0.993887,0.993458,0.993458,0.000332,0.005332,0.006113,0.006542,0.006542,PARTIAL — CALIBRATION NOT RELIABLE DUE TO EVENT SPARSITY,HIGH_UNCERTAINTY_SPARSE_EVENTS,HIGH UNCERTAINTY: Estimates derived from sparse administrative milestone occurrences.,ADVISORY_MEDIAN_RELATIVE_HAZARD,"{'30d': False, '90d': False, '180d': True, '365d': True, '730d': True}"
CAS_CLEAN_269,SNP_CAS_CLEAN_269_CASE_INITIATION_MILESTONE_20230209,20230209,CASE_INITIATION_TO_MILESTONE,1.0.0-cox-production-baseline,-1.289466,0.275418,0.999668,0.994668,0.993887,0.993458,0.993458,0.000332,0.005332,0.006113,0.006542,0.006542,PARTIAL — CALIBRATION NOT RELIABLE DUE TO EVENT SPARSITY,HIGH_UNCERTAINTY_SPARSE_EVENTS,HIGH UNCERTAINTY: Estimates derived from sparse administrative milestone occurrences.,ADVISORY_MEDIAN_RELATIVE_HAZARD,"{'30d': False, '90d': False, '180d': True, '365d': True, '730d': True}"
CAS_CLEAN_270,SNP_CAS_CLEAN_270_CASE_INITIATION_MILESTONE_20230209,20230209,CASE_INITIATION_TO_MILESTONE,1.0.0-cox-production-baseline,-1.045015,0.351687,0.999576,0.993197,0.992201,0.991653,0.991653,0.000424,0.006803,0.007799,0.008347,0.008347,PARTIAL — CALIBRATION NOT RELIABLE DUE TO EVENT SPARSITY,HIGH_UNCERTAINTY_SPARSE_EVENTS,HIGH UNCERTAINTY: Estimates derived from sparse administrative milestone occurrences.,ADVISORY_MEDIAN_RELATIVE_HAZARD,"{'30d': False, '90d': False, '180d': True, '365d': True, '730d': True}"
CAS_CLEAN_267,SNP_CAS_CLEAN_267_CASE_INITIATION_MILESTONE_20230215,20230215,CASE_INITIATION_TO_MILESTONE,1.0.0-cox-production-baseline,-1.289466,0.275418,0.999668,0.994668,0.993887,0.993458,0.993458,0.000332,0.005332,0.006113,0.006542,0.006542,PARTIAL — CALIBRATION NOT RELIABLE DUE TO EVENT SPARSITY,HIGH_UNCERTAINTY_SPARSE_EVENTS,HIGH UNCERTAINTY: Estimates derived from sparse administrative milestone occurrences.,ADVISORY_MEDIAN_RELATIVE_HAZARD,"{'30d': False, '90d': False, '180d': True, '365d': True, '730d': True}"
CAS_CLEAN_268,SNP_CAS_CLEAN_268_CASE_INITIATION_MILESTONE_20230510,20230510,CASE_INITIATION_TO_MILESTONE,1.0.0-cox-production-baseline,-1.405836,0.245162,0.999705,0.995253,0.994557,0.994174,0.994174,0.000295,0.004747,0.005443,0.005826,0.005826,PARTIAL — CALIBRATION NOT RELIABLE DUE TO EVENT SPARSITY,HIGH_UNCERTAINTY_SPARSE_EVENTS,HIGH UNCERTAINTY: Estimates derived from sparse administrative milestone occurrences.,ADVISORY_MEDIAN_RELATIVE_HAZARD,"{'30d': False, '90d': False, '180d': True, '365d': True, '730d': True}"
CAS_CLEAN_269,SNP_CAS_CLEAN_269_CASE_INITIATION_MILESTONE_20230510,20230510,CASE_INITIATION_TO_MILESTONE,1.0.0-cox-production-baseline,-1.405836,0.245162,0.999705,0.995253,0.994557,0.994174,0.994174,0.000295,0.004747,0.005443,0.005826,0.005826,PARTIAL — CALIBRATION NOT RELIABLE DUE TO EVENT SPARSITY,HIGH_UNCERTAINTY_SPARSE_EVENTS,HIGH UNCERTAINTY: Estimates derived from sparse administrative milestone occurrences.,ADVISORY_MEDIAN_RELATIVE_HAZARD,"{'30d': False, '90d': False, '180d': True, '365d': True, '730d': True}"
CAS_CLEAN_270,SNP_CAS_CLEAN_270_CASE_INITIATION_MILESTONE_20230510,20230510,CASE_INITIATION_TO_MILESTONE,1.0.0-cox-production-baseline,-1.161385,0.313052,0.999623,0.993942,0.993055,0.992567,0.992567,0.000377,0.006058,0.006945,0.007433,0.007433,PARTIAL — CALIBRATION NOT RELIABLE DUE TO EVENT SPARSITY,HIGH_UNCERTAINTY_SPARSE_EVENTS,HIGH UNCERTAINTY: Estimates derived from sparse administrative milestone occurrences.,ADVISORY_MEDIAN_RELATIVE_HAZARD,"{'30d': False, '90d': False, '180d': True, '365d': True, '730d': True}"
CAS_CLEAN_267,SNP_CAS_CLEAN_267_CASE_INITIATION_MILESTONE_20230516,20230516,CASE_INITIATION_TO_MILESTONE,1.0.0-cox-production-baseline,-1.405836,0.245162,0.999705,0.995253,0.994557,0.994174,0.994174,0.000295,0.004747,0.005443,0.005826,0.005826,PARTIAL — CALIBRATION NOT RELIABLE DUE TO EVENT SPARSITY,HIGH_UNCERTAINTY_SPARSE_EVENTS,HIGH UNCERTAINTY: Estimates derived from sparse administrative milestone occurrences.,ADVISORY_MEDIAN_RELATIVE_HAZARD,"{'30d': False, '90d': False, '180d': True, '365d': True, '730d': True}"
CAS_CLEAN_268,SNP_CAS_CLEAN_268_CASE_INITIATION_MILESTONE_20230808,20230808,CASE_INITIATION_TO_MILESTONE,1.0.0-cox-production-baseline,-1.522206,0.21823,0.999737,0.995773,0.995154,0.994812,0.994812,0.000263,0.004227,0.004846,0.005188,0.005188,PARTIAL — CALIBRATION NOT RELIABLE DUE TO EVENT SPARSITY,HIGH_UNCERTAINTY_SPARSE_EVENTS,HIGH UNCERTAINTY: Estimates derived from sparse administrative milestone occurrences.,ADVISORY_LOWER_RELATIVE_HAZARD,"{'30d': False, '90d': False, '180d': True, '365d': True, '730d': True}"
CAS_CLEAN_269,SNP_CAS_CLEAN_269_CASE_INITIATION_MILESTONE_20230808,20230808,CASE_INITIATION_TO_MILESTONE,1.0.0-cox-production-baseline,-1.522206,0.21823,0.999737,0.995773,0.995154,0.994812,0.994812,0.000263,0.004227,0.004846,0.005188,0.005188,PARTIAL — CALIBRATION NOT RELIABLE DUE TO EVENT SPARSITY,HIGH_UNCERTAINTY_SPARSE_EVENTS,HIGH UNCERTAINTY: Estimates derived from sparse administrative milestone occurrences.,ADVISORY_LOWER_RELATIVE_HAZARD,"{'30d': False, '90d': False, '180d': True, '365d': True, '730d': True}"
CAS_CLEAN_270,SNP_CAS_CLEAN_270_CASE_INITIATION_MILESTONE_20230808,20230808,CASE_INITIATION_TO_MILESTONE,1.0.0-cox-production-baseline,-1.277755,0.278662,0.999664,0.994606,0.993816,0.993381,0.993381,0.000336,0.005394,0.006184,0.006619,0.006619,PARTIAL — CALIBRATION NOT RELIABLE DUE TO EVENT SPARSITY,HIGH_UNCERTAINTY_SPARSE_EVENTS,HIGH UNCERTAINTY: Estimates derived from sparse administrative milestone occurrences.,ADVISORY_MEDIAN_RELATIVE_HAZARD,"{'30d': False, '90d': False, '180d': True, '365d': True, '730d': True}"
CAS_CLEAN_267,SNP_CAS_CLEAN_267_CASE_INITIATION_MILESTONE_20230814,20230814,CASE_INITIATION_TO_MILESTONE,1.0.0-cox-production-baseline,-1.522206,0.21823,0.999737,0.995773,0.995154,0.994812,0.994812,0.000263,0.004227,0.004846,0.005188,0.005188,PARTIAL — CALIBRATION NOT RELIABLE DUE TO EVENT SPARSITY,HIGH_UNCERTAINTY_SPARSE_EVENTS,HIGH UNCERTAINTY: Estimates derived from sparse administrative milestone occurrences.,ADVISORY_LOWER_RELATIVE_HAZARD,"{'30d': False, '90d': False, '180d': True, '365d': True, '730d': True}"
CAS_CLEAN_268,SNP_CAS_CLEAN_268_CASE_INITIATION_MILESTONE_20231111,20231111,CASE_INITIATION_TO_MILESTONE,1.0.0-cox-production-baseline,-1.645041,0.193005,0.999768,0.996261,0.995713,0.995411,0.995411,0.000232,0.003739,0.004287,0.004589,0.004589,PARTIAL — CALIBRATION NOT RELIABLE DUE TO EVENT SPARSITY,HIGH_UNCERTAINTY_SPARSE_EVENTS,HIGH UNCERTAINTY: Estimates derived from sparse administrative milestone occurrences.,ADVISORY_LOWER_RELATIVE_HAZARD,"{'30d': False, '90d': False, '180d': True, '365d': True, '730d': True}"
CAS_CLEAN_269,SNP_CAS_CLEAN_269_CASE_INITIATION_MILESTONE_20231111,20231111,CASE_INITIATION_TO_MILESTONE,1.0.0-cox-production-baseline,-1.645041,0.193005,0.999768,0.996261,0.995713,0.995411,0.995411,0.000232,0.003739,0.004287,0.004589,0.004589,PARTIAL — CALIBRATION NOT RELIABLE DUE TO EVENT SPARSITY,HIGH_UNCERTAINTY_SPARSE_EVENTS,HIGH UNCERTAINTY: Estimates derived from sparse administrative milestone occurrences.,ADVISORY_LOWER_RELATIVE_HAZARD,"{'30d': False, '90d': False, '180d': True, '365d': True, '730d': True}"
CAS_CLEAN_270,SNP_CAS_CLEAN_270_CASE_INITIATION_MILESTONE_20231111,20231111,CASE_INITIATION_TO_MILESTONE,1.0.0-cox-production-baseline,-1.40059,0.246452,0.999703,0.995228,0.994529,0.994144,0.994144,0.000297,0.004772,0.005471,0.005856,0.005856,PARTIAL — CALIBRATION NOT RELIABLE DUE TO EVENT SPARSITY,HIGH_UNCERTAINTY_SPARSE_EVENTS,HIGH UNCERTAINTY: Estimates derived from sparse administrative milestone occurrences.,ADVISORY_MEDIAN_RELATIVE_HAZARD,"{'30d': False, '90d': False, '180d': True, '365d': True, '730d': True}"
CAS_CLEAN_267,SNP_CAS_CLEAN_267_CASE_INITIATION_MILESTONE_20231117,20231117,CASE_INITIATION_TO_MILESTONE,1.0.0-cox-production-baseline,-1.645041,0.193005,0.999768,0.996261,0.995713,0.995411,0.995411,0.000232,0.003739,0.004287,0.004589,0.004589,PARTIAL — CALIBRATION NOT RELIABLE DUE TO EVENT SPARSITY,HIGH_UNCERTAINTY_SPARSE_EVENTS,HIGH UNCERTAINTY: Estimates derived from sparse administrative milestone occurrences.,ADVISORY_LOWER_RELATIVE_HAZARD,"{'30d': False, '90d': False, '180d': True, '365d': True, '730d': True}"
CAS_CLEAN_087,SNP_CAS_CLEAN_087_CASE_INITIATION_MILESTONE_20240131,20240131,CASE_INITIATION_TO_MILESTONE,1.0.0-cox-production-baseline,-0.991979,0.370842,0.999553,0.992828,0.991778,0.991201,0.991201,0.000447,0.007172,0.008222,0.008799,0.008799,PARTIAL — CALIBRATION NOT RELIABLE DUE TO EVENT SPARSITY,HIGH_UNCERTAINTY_SPARSE_EVENTS,HIGH UNCERTAINTY: Estimates derived from sparse administrative milestone occurrences.,ADVISORY_MEDIAN_RELATIVE_HAZARD,"{'30d': False, '90d': False, '180d': True, '365d': True, '730d': True}"
CAS_CLEAN_002,SNP_CAS_CLEAN_002_CASE_INITIATION_MILESTONE_20240222,20240222,CASE_INITIATION_TO_MILESTONE,1.0.0-cox-production-baseline,-0.796935,0.450708,0.999457,0.99129,0.990017,0.989316,0.989316,0.000543,0.00871,0.009983,0.010684,0.010684,PARTIAL — CALIBRATION NOT RELIABLE DUE TO EVENT SPARSITY,HIGH_UNCERTAINTY_SPARSE_EVENTS,HIGH UNCERTAINTY: Estimates derived from sparse administrative milestone occurrences.,ADVISORY_ELEVATED_RELATIVE_HAZARD,"{'30d': False, '90d': False, '180d': True, '365d': True, '730d': True}"
CAS_CLEAN_029,SNP_CAS_CLEAN_029_CASE_INITIATION_MILESTONE_20240227,20240227,CASE_INITIATION_TO_MILESTONE,1.0.0-cox-production-baseline,0.439935,1.552606,0.998131,0.970313,0.966026,0.963673,0.963673,0.001869,0.029687,0.033974,0.036327,0.036327,PARTIAL — CALIBRATION NOT RELIABLE DUE TO EVENT SPARSITY,HIGH_UNCERTAINTY_SPARSE_EVENTS,HIGH UNCERTAINTY: Estimates derived from sparse administrative milestone occurrences.,ADVISORY_HIGHEST_DECILE_HAZARD,"{'30d': False, '90d': False, '180d': True, '365d': True, '730d': True}"
CAS_CLEAN_021,SNP_CAS_CLEAN_021_CASE_INITIATION_MILESTONE_20240305,20240305,CASE_INITIATION_TO_MILESTONE,1.0.0-cox-production-baseline,-0.991979,0.370842,0.999553,0.992828,0.991778,0.991201,0.991201,0.000447,0.007172,0.008222,0.008799,0.008799,PARTIAL — CALIBRATION NOT RELIABLE DUE TO EVENT SPARSITY,HIGH_UNCERTAINTY_SPARSE_EVENTS,HIGH UNCERTAINTY: Estimates derived from sparse administrative milestone occurrences.,ADVISORY_MEDIAN_RELATIVE_HAZARD,"{'30d': False, '90d': False, '180d': True, '365d': True, '730d': True}"
CAS_CLEAN_164,SNP_CAS_CLEAN_164_CASE_INITIATION_MILESTONE_20240313,20240313,CASE_INITIATION_TO_MILESTONE,1.0.0-cox-production-baseline,-0.991979,0.370842,0.999553,0.992828,0.991778,0.991201,0.991201,0.000447,0.007172,0.008222,0.008799,0.008799,PARTIAL — CALIBRATION NOT RELIABLE DUE TO EVENT SPARSITY,HIGH_UNCERTAINTY_SPARSE_EVENTS,HIGH UNCERTAINTY: Estimates derived from sparse administrative milestone occurrences.,ADVISORY_MEDIAN_RELATIVE_HAZARD,"{'30d': False, '90d': False, '180d': True, '365d': True, '730d': True}"
CAS_CLEAN_165,SNP_CAS_CLEAN_165_CASE_INITIATION_MILESTONE_20240313,20240313,CASE_INITIATION_TO_MILESTONE,1.0.0-cox-production-baseline,-0.991979,0.370842,0.999553,0.992828,0.991778,0.991201,0.991201,0.000447,0.007172,0.008222,0.008799,0.008799,PARTIAL — CALIBRATION NOT RELIABLE DUE TO EVENT SPARSITY,HIGH_UNCERTAINTY_SPARSE_EVENTS,HIGH UNCERTAINTY: Estimates derived from sparse administrative milestone occurrences.,ADVISORY_MEDIAN_RELATIVE_HAZARD,"{'30d': False, '90d': False, '180d': True, '365d': True, '730d': True}"
CAS_CLEAN_039,SNP_CAS_CLEAN_039_CASE_INITIATION_MILESTONE_20240314,20240314,CASE_INITIATION_TO_MILESTONE,1.0.0-cox-production-baseline,0.439935,1.552606,0.998131,0.970313,0.966026,0.963673,0.963673,0.001869,0.029687,0.033974,0.036327,0.036327,PARTIAL — CALIBRATION NOT RELIABLE DUE TO EVENT SPARSITY,HIGH_UNCERTAINTY_SPARSE_EVENTS,HIGH UNCERTAINTY: Estimates derived from sparse administrative milestone occurrences.,ADVISORY_HIGHEST_DECILE_HAZARD,"{'30d': False, '90d': False, '180d': True, '365d': True, '730d': True}"
CAS_CLEAN_041,SNP_CAS_CLEAN_041_CASE_INITIATION_MILESTONE_20240314,20240314,CASE_INITIATION_TO_MILESTONE,1.0.0-cox-production-baseline,0.439935,1.552606,0.998131,0.970313,0.966026,0.963673,0.963673,0.001869,0.029687,0.033974,0.036327,0.036327,PARTIAL — CALIBRATION NOT RELIABLE DUE TO EVENT SPARSITY,HIGH_UNCERTAINTY_SPARSE_EVENTS,HIGH UNCERTAINTY: Estimates derived from sparse administrative milestone occurrences.,ADVISORY_HIGHEST_DECILE_HAZARD,"{'30d': False, '90d': False, '180d': True, '365d': True, '730d': True}"
CAS_CLEAN_136,SNP_CAS_CLEAN_136_CASE_INITIATION_MILESTONE_20240314,20240314,CASE_INITIATION_TO_MILESTONE,1.0.0-cox-production-baseline,0.439935,1.552606,0.998131,0.970313,0.966026,0.963673,0.963673,0.001869,0.029687,0.033974,0.036327,0.036327,PARTIAL — CALIBRATION NOT RELIABLE DUE TO EVENT SPARSITY,HIGH_UNCERTAINTY_SPARSE_EVENTS,HIGH UNCERTAINTY: Estimates derived from sparse administrative milestone occurrences.,ADVISORY_HIGHEST_DECILE_HAZARD,"{'30d': False, '90d': False, '180d': True, '365d': True, '730d': True}"
CAS_CLEAN_087,SNP_CAS_CLEAN_087_CASE_INITIATION_MILESTONE_20240430,20240430,CASE_INITIATION_TO_MILESTONE,1.0.0-cox-production-baseline,-1.108349,0.330104,0.999602,0.993613,0.992678,0.992164,0.992164,0.000398,0.006387,0.007322,0.007836,0.007836,PARTIAL — CALIBRATION NOT RELIABLE DUE TO EVENT SPARSITY,HIGH_UNCERTAINTY_SPARSE_EVENTS,HIGH UNCERTAINTY: Estimates derived from sparse administrative milestone occurrences.,ADVISORY_MEDIAN_RELATIVE_HAZARD,"{'30d': False, '90d': False, '180d': True, '365d': True, '730d': True}"
CAS_CLEAN_002,SNP_CAS_CLEAN_002_CASE_INITIATION_MILESTONE_20240522,20240522,CASE_INITIATION_TO_MILESTONE,1.0.0-cox-production-baseline,-0.913305,0.401196,0.999517,0.992243,0.991108,0.990484,0.990484,0.000483,0.007757,0.008892,0.009516,0.009516,PARTIAL — CALIBRATION NOT RELIABLE DUE TO EVENT SPARSITY,HIGH_UNCERTAINTY_SPARSE_EVENTS,HIGH UNCERTAINTY: Estimates derived from sparse administrative milestone occurrences.,ADVISORY_MEDIAN_RELATIVE_HAZARD,"{'30d': False, '90d': False, '180d': True, '365d': True, '730d': True}"
CAS_CLEAN_029,SNP_CAS_CLEAN_029_CASE_INITIATION_MILESTONE_20240527,20240527,CASE_INITIATION_TO_MILESTONE,1.0.0-cox-production-baseline,0.323565,1.382046,0.998336,0.973531,0.969701,0.967599,0.967599,0.001664,0.026469,0.030299,0.032401,0.032401,PARTIAL — CALIBRATION NOT RELIABLE DUE TO EVENT SPARSITY,HIGH_UNCERTAINTY_SPARSE_EVENTS,HIGH UNCERTAINTY: Estimates derived from sparse administrative milestone occurrences.,ADVISORY_HIGHEST_DECILE_HAZARD,"{'30d': False, '90d': False, '180d': True, '365d': True, '730d': True}"
CAS_CLEAN_021,SNP_CAS_CLEAN_021_CASE_INITIATION_MILESTONE_20240603,20240603,CASE_INITIATION_TO_MILESTONE,1.0.0-cox-production-baseline,-1.108349,0.330104,0.999602,0.993613,0.992678,0.992164,0.992164,0.000398,0.006387,0.007322,0.007836,0.007836,PARTIAL — CALIBRATION NOT RELIABLE DUE TO EVENT SPARSITY,HIGH_UNCERTAINTY_SPARSE_EVENTS,HIGH UNCERTAINTY: Estimates derived from sparse administrative milestone occurrences.,ADVISORY_MEDIAN_RELATIVE_HAZARD,"{'30d': False, '90d': False, '180d': True, '365d': True, '730d': True}"
CAS_CLEAN_164,SNP_CAS_CLEAN_164_CASE_INITIATION_MILESTONE_20240611,20240611,CASE_INITIATION_TO_MILESTONE,1.0.0-cox-production-baseline,-1.108349,0.330104,0.999602,0.993613,0.992678,0.992164,0.992164,0.000398,0.006387,0.007322,0.007836,0.007836,PARTIAL — CALIBRATION NOT RELIABLE DUE TO EVENT SPARSITY,HIGH_UNCERTAINTY_SPARSE_EVENTS,HIGH UNCERTAINTY: Estimates derived from sparse administrative milestone occurrences.,ADVISORY_MEDIAN_RELATIVE_HAZARD,"{'30d': False, '90d': False, '180d': True, '365d': True, '730d': True}"
CAS_CLEAN_165,SNP_CAS_CLEAN_165_CASE_INITIATION_MILESTONE_20240611,20240611,CASE_INITIATION_TO_MILESTONE,1.0.0-cox-production-baseline,-1.108349,0.330104,0.999602,0.993613,0.992678,0.992164,0.992164,0.000398,0.006387,0.007322,0.007836,0.007836,PARTIAL — CALIBRATION NOT RELIABLE DUE TO EVENT SPARSITY,HIGH_UNCERTAINTY_SPARSE_EVENTS,HIGH UNCERTAINTY: Estimates derived from sparse administrative milestone occurrences.,ADVISORY_MEDIAN_RELATIVE_HAZARD,"{'30d': False, '90d': False, '180d': True, '365d': True, '730d': True}"
CAS_CLEAN_039,SNP_CAS_CLEAN_039_CASE_INITIATION_MILESTONE_20240612,20240612,CASE_INITIATION_TO_MILESTONE,1.0.0-cox-production-baseline,0.323565,1.382046,0.998336,0.973531,0.969701,0.967599,0.967599,0.001664,0.026469,0.030299,0.032401,0.032401,PARTIAL — CALIBRATION NOT RELIABLE DUE TO EVENT SPARSITY,HIGH_UNCERTAINTY_SPARSE_EVENTS,HIGH UNCERTAINTY: Estimates derived from sparse administrative milestone occurrences.,ADVISORY_HIGHEST_DECILE_HAZARD,"{'30d': False, '90d': False, '180d': True, '365d': True, '730d': True}"
CAS_CLEAN_041,SNP_CAS_CLEAN_041_CASE_INITIATION_MILESTONE_20240612,20240612,CASE_INITIATION_TO_MILESTONE,1.0.0-cox-production-baseline,0.323565,1.382046,0.998336,0.973531,0.969701,0.967599,0.967599,0.001664,0.026469,0.030299,0.032401,0.032401,PARTIAL — CALIBRATION NOT RELIABLE DUE TO EVENT SPARSITY,HIGH_UNCERTAINTY_SPARSE_EVENTS,HIGH UNCERTAINTY: Estimates derived from sparse administrative milestone occurrences.,ADVISORY_HIGHEST_DECILE_HAZARD,"{'30d': False, '90d': False, '180d': True, '365d': True, '730d': True}"
CAS_CLEAN_136,SNP_CAS_CLEAN_136_CASE_INITIATION_MILESTONE_20240612,20240612,CASE_INITIATION_TO_MILESTONE,1.0.0-cox-production-baseline,0.323565,1.382046,0.998336,0.973531,0.969701,0.967599,0.967599,0.001664,0.026469,0.030299,0.032401,0.032401,PARTIAL — CALIBRATION NOT RELIABLE DUE TO EVENT SPARSITY,HIGH_UNCERTAINTY_SPARSE_EVENTS,HIGH UNCERTAINTY: Estimates derived from sparse administrative milestone occurrences.,ADVISORY_HIGHEST_DECILE_HAZARD,"{'30d': False, '90d': False, '180d': True, '365d': True, '730d': True}"
CAS_CLEAN_126,SNP_CAS_CLEAN_126_CASE_INITIATION_MILESTONE_20240625,20240625,CASE_INITIATION_TO_MILESTONE,1.0.0-cox-production-baseline,-0.796935,0.450708,0.999457,0.99129,0.990017,0.989316,0.989316,0.000543,0.00871,0.009983,0.010684,0.010684,PARTIAL — CALIBRATION NOT RELIABLE DUE TO EVENT SPARSITY,HIGH_UNCERTAINTY_SPARSE_EVENTS,HIGH UNCERTAINTY: Estimates derived from sparse administrative milestone occurrences.,ADVISORY_ELEVATED_RELATIVE_HAZARD,"{'30d': False, '90d': False, '180d': True, '365d': True, '730d': True}"
CAS_CLEAN_127,SNP_CAS_CLEAN_127_CASE_INITIATION_MILESTONE_20240625,20240625,CASE_INITIATION_TO_MILESTONE,1.0.0-cox-production-baseline,-0.796935,0.450708,0.999457,0.99129,0.990017,0.989316,0.989316,0.000543,0.00871,0.009983,0.010684,0.010684,PARTIAL — CALIBRATION NOT RELIABLE DUE TO EVENT SPARSITY,HIGH_UNCERTAINTY_SPARSE_EVENTS,HIGH UNCERTAINTY: Estimates derived from sparse administrative milestone occurrences.,ADVISORY_ELEVATED_RELATIVE_HAZARD,"{'30d': False, '90d': False, '180d': True, '365d': True, '730d': True}"
CAS_CLEAN_020,SNP_CAS_CLEAN_020_CASE_INITIATION_MILESTONE_20240710,20240710,CASE_INITIATION_TO_MILESTONE,1.0.0-cox-production-baseline,-0.991979,0.370842,0.999553,0.992828,0.991778,0.991201,0.991201,0.000447,0.007172,0.008222,0.008799,0.008799,PARTIAL — CALIBRATION NOT RELIABLE DUE TO EVENT SPARSITY,HIGH_UNCERTAINTY_SPARSE_EVENTS,HIGH UNCERTAINTY: Estimates derived from sparse administrative milestone occurrences.,ADVISORY_MEDIAN_RELATIVE_HAZARD,"{'30d': False, '90d': False, '180d': True, '365d': True, '730d': True}"
CAS_CLEAN_032,SNP_CAS_CLEAN_032_CASE_INITIATION_MILESTONE_20240729,20240729,CASE_INITIATION_TO_MILESTONE,1.0.0-cox-production-baseline,-0.991979,0.370842,0.999553,0.992828,0.991778,0.991201,0.991201,0.000447,0.007172,0.008222,0.008799,0.008799,PARTIAL — CALIBRATION NOT RELIABLE DUE TO EVENT SPARSITY,HIGH_UNCERTAINTY_SPARSE_EVENTS,HIGH UNCERTAINTY: Estimates derived from sparse administrative milestone occurrences.,ADVISORY_MEDIAN_RELATIVE_HAZARD,"{'30d': False, '90d': False, '180d': True, '365d': True, '730d': True}"
CAS_CLEAN_087,SNP_CAS_CLEAN_087_CASE_INITIATION_MILESTONE_20240729,20240729,CASE_INITIATION_TO_MILESTONE,1.0.0-cox-production-baseline,-1.224719,0.29384,0.999646,0.994313,0.99348,0.993021,0.993021,0.000354,0.005687,0.00652,0.006979,0.006979,PARTIAL — CALIBRATION NOT RELIABLE DUE TO EVENT SPARSITY,HIGH_UNCERTAINTY_SPARSE_EVENTS,HIGH UNCERTAINTY: Estimates derived from sparse administrative milestone occurrences.,ADVISORY_MEDIAN_RELATIVE_HAZARD,"{'30d': False, '90d': False, '180d': True, '365d': True, '730d': True}"
CAS_CLEAN_094,SNP_CAS_CLEAN_094_CASE_INITIATION_MILESTONE_20240806,20240806,CASE_INITIATION_TO_MILESTONE,1.0.0-cox-production-baseline,-0.991979,0.370842,0.999553,0.992828,0.991778,0.991201,0.991201,0.000447,0.007172,0.008222,0.008799,0.008799,PARTIAL — CALIBRATION NOT RELIABLE DUE TO EVENT SPARSITY,HIGH_UNCERTAINTY_SPARSE_EVENTS,HIGH UNCERTAINTY: Estimates derived from sparse administrative milestone occurrences.,ADVISORY_MEDIAN_RELATIVE_HAZARD,"{'30d': False, '90d': False, '180d': True, '365d': True, '730d': True}"
CAS_CLEAN_140,SNP_CAS_CLEAN_140_CASE_INITIATION_MILESTONE_20240808,20240808,CASE_INITIATION_TO_MILESTONE,1.0.0-cox-production-baseline,0.439935,1.552606,0.998131,0.970313,0.966026,0.963673,0.963673,0.001869,0.029687,0.033974,0.036327,0.036327,PARTIAL — CALIBRATION NOT RELIABLE DUE TO EVENT SPARSITY,HIGH_UNCERTAINTY_SPARSE_EVENTS,HIGH UNCERTAINTY: Estimates derived from sparse administrative milestone occurrences.,ADVISORY_HIGHEST_DECILE_HAZARD,"{'30d': False, '90d': False, '180d': True, '365d': True, '730d': True}"
CAS_CLEAN_061,SNP_CAS_CLEAN_061_CASE_INITIATION_MILESTONE_20240814,20240814,CASE_INITIATION_TO_MILESTONE,1.0.0-cox-production-baseline,-0.796935,0.450708,0.999457,0.99129,0.990017,0.989316,0.989316,0.000543,0.00871,0.009983,0.010684,0.010684,PARTIAL — CALIBRATION NOT RELIABLE DUE TO EVENT SPARSITY,HIGH_UNCERTAINTY_SPARSE_EVENTS,HIGH UNCERTAINTY: Estimates derived from sparse administrative milestone occurrences.,ADVISORY_ELEVATED_RELATIVE_HAZARD,"{'30d': False, '90d': False, '180d': True, '365d': True, '730d': True}"
CAS_CLEAN_002,SNP_CAS_CLEAN_002_CASE_INITIATION_MILESTONE_20240820,20240820,CASE_INITIATION_TO_MILESTONE,1.0.0-cox-production-baseline,-1.029675,0.357123,0.99957,0.993092,0.992081,0.991525,0.991525,0.00043,0.006908,0.007919,0.008475,0.008475,PARTIAL — CALIBRATION NOT RELIABLE DUE TO EVENT SPARSITY,HIGH_UNCERTAINTY_SPARSE_EVENTS,HIGH UNCERTAINTY: Estimates derived from sparse administrative milestone occurrences.,ADVISORY_MEDIAN_RELATIVE_HAZARD,"{'30d': False, '90d': False, '180d': True, '365d': True, '730d': True}"
CAS_CLEAN_099,SNP_CAS_CLEAN_099_CASE_INITIATION_MILESTONE_20240822,20240822,CASE_INITIATION_TO_MILESTONE,1.0.0-cox-production-baseline,-0.991979,0.370842,0.999553,0.992828,0.991778,0.991201,0.991201,0.000447,0.007172,0.008222,0.008799,0.008799,PARTIAL — CALIBRATION NOT RELIABLE DUE TO EVENT SPARSITY,HIGH_UNCERTAINTY_SPARSE_EVENTS,HIGH UNCERTAINTY: Estimates derived from sparse administrative milestone occurrences.,ADVISORY_MEDIAN_RELATIVE_HAZARD,"{'30d': False, '90d': False, '180d': True, '365d': True, '730d': True}"
CAS_CLEAN_128,SNP_CAS_CLEAN_128_CASE_INITIATION_MILESTONE_20240822,20240822,CASE_INITIATION_TO_MILESTONE,1.0.0-cox-production-baseline,-0.796935,0.450708,0.999457,0.99129,0.990017,0.989316,0.989316,0.000543,0.00871,0.009983,0.010684,0.010684,PARTIAL — CALIBRATION NOT RELIABLE DUE TO EVENT SPARSITY,HIGH_UNCERTAINTY_SPARSE_EVENTS,HIGH UNCERTAINTY: Estimates derived from sparse administrative milestone occurrences.,ADVISORY_ELEVATED_RELATIVE_HAZARD,"{'30d': False, '90d': False, '180d': True, '365d': True, '730d': True}"
CAS_CLEAN_029,SNP_CAS_CLEAN_029_CASE_INITIATION_MILESTONE_20240825,20240825,CASE_INITIATION_TO_MILESTONE,1.0.0-cox-production-baseline,0.207195,1.230222,0.998519,0.976404,0.972984,0.971106,0.971106,0.001481,0.023596,0.027016,0.028894,0.028894,PARTIAL — CALIBRATION NOT RELIABLE DUE TO EVENT SPARSITY,HIGH_UNCERTAINTY_SPARSE_EVENTS,HIGH UNCERTAINTY: Estimates derived from sparse administrative milestone occurrences.,ADVISORY_HIGHEST_DECILE_HAZARD,"{'30d': False, '90d': False, '180d': True, '365d': True, '730d': True}"
CAS_CLEAN_021,SNP_CAS_CLEAN_021_CASE_INITIATION_MILESTONE_20240901,20240901,CASE_INITIATION_TO_MILESTONE,1.0.0-cox-production-baseline,-1.224719,0.29384,0.999646,0.994313,0.99348,0.993021,0.993021,0.000354,0.005687,0.00652,0.006979,0.006979,PARTIAL — CALIBRATION NOT RELIABLE DUE TO EVENT SPARSITY,HIGH_UNCERTAINTY_SPARSE_EVENTS,HIGH UNCERTAINTY: Estimates derived from sparse administrative milestone occurrences.,ADVISORY_MEDIAN_RELATIVE_HAZARD,"{'30d': False, '90d': False, '180d': True, '365d': True, '730d': True}"
CAS_CLEAN_164,SNP_CAS_CLEAN_164_CASE_INITIATION_MILESTONE_20240909,20240909,CASE_INITIATION_TO_MILESTONE,1.0.0-cox-production-baseline,-1.224719,0.29384,0.999646,0.994313,0.99348,0.993021,0.993021,0.000354,0.005687,0.00652,0.006979,0.006979,PARTIAL — CALIBRATION NOT RELIABLE DUE TO EVENT SPARSITY,HIGH_UNCERTAINTY_SPARSE_EVENTS,HIGH UNCERTAINTY: Estimates derived from sparse administrative milestone occurrences.,ADVISORY_MEDIAN_RELATIVE_HAZARD,"{'30d': False, '90d': False, '180d': True, '365d': True, '730d': True}"
CAS_CLEAN_165,SNP_CAS_CLEAN_165_CASE_INITIATION_MILESTONE_20240909,20240909,CASE_INITIATION_TO_MILESTONE,1.0.0-cox-production-baseline,-1.224719,0.29384,0.999646,0.994313,0.99348,0.993021,0.993021,0.000354,0.005687,0.00652,0.006979,0.006979,PARTIAL — CALIBRATION NOT RELIABLE DUE TO EVENT SPARSITY,HIGH_UNCERTAINTY_SPARSE_EVENTS,HIGH UNCERTAINTY: Estimates derived from sparse administrative milestone occurrences.,ADVISORY_MEDIAN_RELATIVE_HAZARD,"{'30d': False, '90d': False, '180d': True, '365d': True, '730d': True}"
CAS_CLEAN_039,SNP_CAS_CLEAN_039_CASE_INITIATION_MILESTONE_20240910,20240910,CASE_INITIATION_TO_MILESTONE,1.0.0-cox-production-baseline,0.207195,1.230222,0.998519,0.976404,0.972984,0.971106,0.971106,0.001481,0.023596,0.027016,0.028894,0.028894,PARTIAL — CALIBRATION NOT RELIABLE DUE TO EVENT SPARSITY,HIGH_UNCERTAINTY_SPARSE_EVENTS,HIGH UNCERTAINTY: Estimates derived from sparse administrative milestone occurrences.,ADVISORY_HIGHEST_DECILE_HAZARD,"{'30d': False, '90d': False, '180d': True, '365d': True, '730d': True}"
CAS_CLEAN_041,SNP_CAS_CLEAN_041_CASE_INITIATION_MILESTONE_20240910,20240910,CASE_INITIATION_TO_MILESTONE,1.0.0-cox-production-baseline,0.207195,1.230222,0.998519,0.976404,0.972984,0.971106,0.971106,0.001481,0.023596,0.027016,0.028894,0.028894,PARTIAL — CALIBRATION NOT RELIABLE DUE TO EVENT SPARSITY,HIGH_UNCERTAINTY_SPARSE_EVENTS,HIGH UNCERTAINTY: Estimates derived from sparse administrative milestone occurrences.,ADVISORY_HIGHEST_DECILE_HAZARD,"{'30d': False, '90d': False, '180d': True, '365d': True, '730d': True}"
CAS_CLEAN_136,SNP_CAS_CLEAN_136_CASE_INITIATION_MILESTONE_20240910,20240910,CASE_INITIATION_TO_MILESTONE,1.0.0-cox-production-baseline,0.207195,1.230222,0.998519,0.976404,0.972984,0.971106,0.971106,0.001481,0.023596,0.027016,0.028894,0.028894,PARTIAL — CALIBRATION NOT RELIABLE DUE TO EVENT SPARSITY,HIGH_UNCERTAINTY_SPARSE_EVENTS,HIGH UNCERTAINTY: Estimates derived from sparse administrative milestone occurrences.,ADVISORY_HIGHEST_DECILE_HAZARD,"{'30d': False, '90d': False, '180d': True, '365d': True, '730d': True}"
CAS_CLEAN_126,SNP_CAS_CLEAN_126_CASE_INITIATION_MILESTONE_20240923,20240923,CASE_INITIATION_TO_MILESTONE,1.0.0-cox-production-baseline,-0.913305,0.401196,0.999517,0.992243,0.991108,0.990484,0.990484,0.000483,0.007757,0.008892,0.009516,0.009516,PARTIAL — CALIBRATION NOT RELIABLE DUE TO EVENT SPARSITY,HIGH_UNCERTAINTY_SPARSE_EVENTS,HIGH UNCERTAINTY: Estimates derived from sparse administrative milestone occurrences.,ADVISORY_MEDIAN_RELATIVE_HAZARD,"{'30d': False, '90d': False, '180d': True, '365d': True, '730d': True}"
CAS_CLEAN_127,SNP_CAS_CLEAN_127_CASE_INITIATION_MILESTONE_20240923,20240923,CASE_INITIATION_TO_MILESTONE,1.0.0-cox-production-baseline,-0.913305,0.401196,0.999517,0.992243,0.991108,0.990484,0.990484,0.000483,0.007757,0.008892,0.009516,0.009516,PARTIAL — CALIBRATION NOT RELIABLE DUE TO EVENT SPARSITY,HIGH_UNCERTAINTY_SPARSE_EVENTS,HIGH UNCERTAINTY: Estimates derived from sparse administrative milestone occurrences.,ADVISORY_MEDIAN_RELATIVE_HAZARD,"{'30d': False, '90d': False, '180d': True, '365d': True, '730d': True}"
CAS_CLEAN_096,SNP_CAS_CLEAN_096_CASE_INITIATION_MILESTONE_20241001,20241001,CASE_INITIATION_TO_MILESTONE,1.0.0-cox-production-baseline,-0.799041,0.44976,0.999458,0.991308,0.990037,0.989338,0.989338,0.000542,0.008692,0.009963,0.010662,0.010662,PARTIAL — CALIBRATION NOT RELIABLE DUE TO EVENT SPARSITY,HIGH_UNCERTAINTY_SPARSE_EVENTS,HIGH UNCERTAINTY: Estimates derived from sparse administrative milestone occurrences.,ADVISORY_ELEVATED_RELATIVE_HAZARD,"{'30d': False, '90d': False, '180d': True, '365d': True, '730d': True}"
CAS_CLEAN_020,SNP_CAS_CLEAN_020_CASE_INITIATION_MILESTONE_20241008,20241008,CASE_INITIATION_TO_MILESTONE,1.0.0-cox-production-baseline,-1.108349,0.330104,0.999602,0.993613,0.992678,0.992164,0.992164,0.000398,0.006387,0.007322,0.007836,0.007836,PARTIAL — CALIBRATION NOT RELIABLE DUE TO EVENT SPARSITY,HIGH_UNCERTAINTY_SPARSE_EVENTS,HIGH UNCERTAINTY: Estimates derived from sparse administrative milestone occurrences.,ADVISORY_MEDIAN_RELATIVE_HAZARD,"{'30d': False, '90d': False, '180d': True, '365d': True, '730d': True}"
CAS_CLEAN_071,SNP_CAS_CLEAN_071_CASE_INITIATION_MILESTONE_20241011,20241011,CASE_INITIATION_TO_MILESTONE,1.0.0-cox-production-baseline,1.015077,2.759576,0.996681,0.947845,0.940415,0.936348,0.936348,0.003319,0.052155,0.059585,0.063652,0.063652,PARTIAL — CALIBRATION NOT RELIABLE DUE TO EVENT SPARSITY,HIGH_UNCERTAINTY_SPARSE_EVENTS,HIGH UNCERTAINTY: Estimates derived from sparse administrative milestone occurrences.,ADVISORY_HIGHEST_DECILE_HAZARD,"{'30d': False, '90d': False, '180d': True, '365d': True, '730d': True}"
CAS_CLEAN_032,SNP_CAS_CLEAN_032_CASE_INITIATION_MILESTONE_20241027,20241027,CASE_INITIATION_TO_MILESTONE,1.0.0-cox-production-baseline,-1.108349,0.330104,0.999602,0.993613,0.992678,0.992164,0.992164,0.000398,0.006387,0.007322,0.007836,0.007836,PARTIAL — CALIBRATION NOT RELIABLE DUE TO EVENT SPARSITY,HIGH_UNCERTAINTY_SPARSE_EVENTS,HIGH UNCERTAINTY: Estimates derived from sparse administrative milestone occurrences.,ADVISORY_MEDIAN_RELATIVE_HAZARD,"{'30d': False, '90d': False, '180d': True, '365d': True, '730d': True}"
CAS_CLEAN_087,SNP_CAS_CLEAN_087_CASE_INITIATION_MILESTONE_20241027,20241027,CASE_INITIATION_TO_MILESTONE,1.0.0-cox-production-baseline,-1.341089,0.261561,0.999685,0.994936,0.994194,0.993786,0.993786,0.000315,0.005064,0.005806,0.006214,0.006214,PARTIAL — CALIBRATION NOT RELIABLE DUE TO EVENT SPARSITY,HIGH_UNCERTAINTY_SPARSE_EVENTS,HIGH UNCERTAINTY: Estimates derived from sparse administrative milestone occurrences.,ADVISORY_MEDIAN_RELATIVE_HAZARD,"{'30d': False, '90d': False, '180d': True, '365d': True, '730d': True}"
CAS_CLEAN_094,SNP_CAS_CLEAN_094_CASE_INITIATION_MILESTONE_20241104,20241104,CASE_INITIATION_TO_MILESTONE,1.0.0-cox-production-baseline,-1.108349,0.330104,0.999602,0.993613,0.992678,0.992164,0.992164,0.000398,0.006387,0.007322,0.007836,0.007836,PARTIAL — CALIBRATION NOT RELIABLE DUE TO EVENT SPARSITY,HIGH_UNCERTAINTY_SPARSE_EVENTS,HIGH UNCERTAINTY: Estimates derived from sparse administrative milestone occurrences.,ADVISORY_MEDIAN_RELATIVE_HAZARD,"{'30d': False, '90d': False, '180d': True, '365d': True, '730d': True}"
CAS_CLEAN_140,SNP_CAS_CLEAN_140_CASE_INITIATION_MILESTONE_20241106,20241106,CASE_INITIATION_TO_MILESTONE,1.0.0-cox-production-baseline,0.323565,1.382046,0.998336,0.973531,0.969701,0.967599,0.967599,0.001664,0.026469,0.030299,0.032401,0.032401,PARTIAL — CALIBRATION NOT RELIABLE DUE TO EVENT SPARSITY,HIGH_UNCERTAINTY_SPARSE_EVENTS,HIGH UNCERTAINTY: Estimates derived from sparse administrative milestone occurrences.,ADVISORY_HIGHEST_DECILE_HAZARD,"{'30d': False, '90d': False, '180d': True, '365d': True, '730d': True}"
CAS_CLEAN_268,SNP_CAS_CLEAN_268_CASE_INITIATION_MILESTONE_20241110,20241110,CASE_INITIATION_TO_MILESTONE,1.0.0-cox-production-baseline,-2.116986,0.120394,0.999855,0.997666,0.997323,0.997135,0.997135,0.000145,0.002334,0.002677,0.002865,0.002865,PARTIAL — CALIBRATION NOT RELIABLE DUE TO EVENT SPARSITY,HIGH_UNCERTAINTY_SPARSE_EVENTS,HIGH UNCERTAINTY: Estimates derived from sparse administrative milestone occurrences.,ADVISORY_LOWER_RELATIVE_HAZARD,"{'30d': False, '90d': False, '180d': True, '365d': True, '730d': True}"
CAS_CLEAN_269,SNP_CAS_CLEAN_269_CASE_INITIATION_MILESTONE_20241110,20241110,CASE_INITIATION_TO_MILESTONE,1.0.0-cox-production-baseline,-2.116986,0.120394,0.999855,0.997666,0.997323,0.997135,0.997135,0.000145,0.002334,0.002677,0.002865,0.002865,PARTIAL — CALIBRATION NOT RELIABLE DUE TO EVENT SPARSITY,HIGH_UNCERTAINTY_SPARSE_EVENTS,HIGH UNCERTAINTY: Estimates derived from sparse administrative milestone occurrences.,ADVISORY_LOWER_RELATIVE_HAZARD,"{'30d': False, '90d': False, '180d': True, '365d': True, '730d': True}"
CAS_CLEAN_270,SNP_CAS_CLEAN_270_CASE_INITIATION_MILESTONE_20241110,20241110,CASE_INITIATION_TO_MILESTONE,1.0.0-cox-production-baseline,-1.872535,0.153733,0.999815,0.99702,0.996583,0.996343,0.996343,0.000185,0.00298,0.003417,0.003657,0.003657,PARTIAL — CALIBRATION NOT RELIABLE DUE TO EVENT SPARSITY,HIGH_UNCERTAINTY_SPARSE_EVENTS,HIGH UNCERTAINTY: Estimates derived from sparse administrative milestone occurrences.,ADVISORY_LOWER_RELATIVE_HAZARD,"{'30d': False, '90d': False, '180d': True, '365d': True, '730d': True}"
CAS_CLEAN_061,SNP_CAS_CLEAN_061_CASE_INITIATION_MILESTONE_20241112,20241112,CASE_INITIATION_TO_MILESTONE,1.0.0-cox-production-baseline,-0.913305,0.401196,0.999517,0.992243,0.991108,0.990484,0.990484,0.000483,0.007757,0.008892,0.009516,0.009516,PARTIAL — CALIBRATION NOT RELIABLE DUE TO EVENT SPARSITY,HIGH_UNCERTAINTY_SPARSE_EVENTS,HIGH UNCERTAINTY: Estimates derived from sparse administrative milestone occurrences.,ADVISORY_MEDIAN_RELATIVE_HAZARD,"{'30d': False, '90d': False, '180d': True, '365d': True, '730d': True}"
CAS_CLEAN_267,SNP_CAS_CLEAN_267_CASE_INITIATION_MILESTONE_20241116,20241116,CASE_INITIATION_TO_MILESTONE,1.0.0-cox-production-baseline,-2.116986,0.120394,0.999855,0.997666,0.997323,0.997135,0.997135,0.000145,0.002334,0.002677,0.002865,0.002865,PARTIAL — CALIBRATION NOT RELIABLE DUE TO EVENT SPARSITY,HIGH_UNCERTAINTY_SPARSE_EVENTS,HIGH UNCERTAINTY: Estimates derived from sparse administrative milestone occurrences.,ADVISORY_LOWER_RELATIVE_HAZARD,"{'30d': False, '90d': False, '180d': True, '365d': True, '730d': True}"
CAS_CLEAN_002,SNP_CAS_CLEAN_002_CASE_INITIATION_MILESTONE_20241118,20241118,CASE_INITIATION_TO_MILESTONE,1.0.0-cox-production-baseline,-1.146045,0.317892,0.999617,0.993849,0.992948,0.992452,0.992452,0.000383,0.006151,0.007052,0.007548,0.007548,PARTIAL — CALIBRATION NOT RELIABLE DUE TO EVENT SPARSITY,HIGH_UNCERTAINTY_SPARSE_EVENTS,HIGH UNCERTAINTY: Estimates derived from sparse administrative milestone occurrences.,ADVISORY_MEDIAN_RELATIVE_HAZARD,"{'30d': False, '90d': False, '180d': True, '365d': True, '730d': True}"
CAS_CLEAN_099,SNP_CAS_CLEAN_099_CASE_INITIATION_MILESTONE_20241120,20241120,CASE_INITIATION_TO_MILESTONE,1.0.0-cox-production-baseline,-1.108349,0.330104,0.999602,0.993613,0.992678,0.992164,0.992164,0.000398,0.006387,0.007322,0.007836,0.007836,PARTIAL — CALIBRATION NOT RELIABLE DUE TO EVENT SPARSITY,HIGH_UNCERTAINTY_SPARSE_EVENTS,HIGH UNCERTAINTY: Estimates derived from sparse administrative milestone occurrences.,ADVISORY_MEDIAN_RELATIVE_HAZARD,"{'30d': False, '90d': False, '180d': True, '365d': True, '730d': True}"
CAS_CLEAN_128,SNP_CAS_CLEAN_128_CASE_INITIATION_MILESTONE_20241120,20241120,CASE_INITIATION_TO_MILESTONE,1.0.0-cox-production-baseline,-0.913305,0.401196,0.999517,0.992243,0.991108,0.990484,0.990484,0.000483,0.007757,0.008892,0.009516,0.009516,PARTIAL — CALIBRATION NOT RELIABLE DUE TO EVENT SPARSITY,HIGH_UNCERTAINTY_SPARSE_EVENTS,HIGH UNCERTAINTY: Estimates derived from sparse administrative milestone occurrences.,ADVISORY_MEDIAN_RELATIVE_HAZARD,"{'30d': False, '90d': False, '180d': True, '365d': True, '730d': True}"
CAS_CLEAN_029,SNP_CAS_CLEAN_029_CASE_INITIATION_MILESTONE_20241123,20241123,CASE_INITIATION_TO_MILESTONE,1.0.0-cox-production-baseline,0.090825,1.095077,0.998682,0.978969,0.975916,0.974239,0.974239,0.001318,0.021031,0.024084,0.025761,0.025761,PARTIAL — CALIBRATION NOT RELIABLE DUE TO EVENT SPARSITY,HIGH_UNCERTAINTY_SPARSE_EVENTS,HIGH UNCERTAINTY: Estimates derived from sparse administrative milestone occurrences.,ADVISORY_ELEVATED_RELATIVE_HAZARD,"{'30d': False, '90d': False, '180d': True, '365d': True, '730d': True}"
CAS_CLEAN_021,SNP_CAS_CLEAN_021_CASE_INITIATION_MILESTONE_20241130,20241130,CASE_INITIATION_TO_MILESTONE,1.0.0-cox-production-baseline,-1.341089,0.261561,0.999685,0.994936,0.994194,0.993786,0.993786,0.000315,0.005064,0.005806,0.006214,0.006214,PARTIAL — CALIBRATION NOT RELIABLE DUE TO EVENT SPARSITY,HIGH_UNCERTAINTY_SPARSE_EVENTS,HIGH UNCERTAINTY: Estimates derived from sparse administrative milestone occurrences.,ADVISORY_MEDIAN_RELATIVE_HAZARD,"{'30d': False, '90d': False, '180d': True, '365d': True, '730d': True}"
CAS_CLEAN_148,SNP_CAS_CLEAN_148_CASE_INITIATION_MILESTONE_20241202,20241202,CASE_INITIATION_TO_MILESTONE,1.0.0-cox-production-baseline,-0.991979,0.370842,0.999553,0.992828,0.991778,0.991201,0.991201,0.000447,0.007172,0.008222,0.008799,0.008799,PARTIAL — CALIBRATION NOT RELIABLE DUE TO EVENT SPARSITY,HIGH_UNCERTAINTY_SPARSE_EVENTS,HIGH UNCERTAINTY: Estimates derived from sparse administrative milestone occurrences.,ADVISORY_MEDIAN_RELATIVE_HAZARD,"{'30d': False, '90d': False, '180d': True, '365d': True, '730d': True}"
CAS_CLEAN_164,SNP_CAS_CLEAN_164_CASE_INITIATION_MILESTONE_20241208,20241208,CASE_INITIATION_TO_MILESTONE,1.0.0-cox-production-baseline,-1.341089,0.261561,0.999685,0.994936,0.994194,0.993786,0.993786,0.000315,0.005064,0.005806,0.006214,0.006214,PARTIAL — CALIBRATION NOT RELIABLE DUE TO EVENT SPARSITY,HIGH_UNCERTAINTY_SPARSE_EVENTS,HIGH UNCERTAINTY: Estimates derived from sparse administrative milestone occurrences.,ADVISORY_MEDIAN_RELATIVE_HAZARD,"{'30d': False, '90d': False, '180d': True, '365d': True, '730d': True}"
CAS_CLEAN_165,SNP_CAS_CLEAN_165_CASE_INITIATION_MILESTONE_20241208,20241208,CASE_INITIATION_TO_MILESTONE,1.0.0-cox-production-baseline,-1.341089,0.261561,0.999685,0.994936,0.994194,0.993786,0.993786,0.000315,0.005064,0.005806,0.006214,0.006214,PARTIAL — CALIBRATION NOT RELIABLE DUE TO EVENT SPARSITY,HIGH_UNCERTAINTY_SPARSE_EVENTS,HIGH UNCERTAINTY: Estimates derived from sparse administrative milestone occurrences.,ADVISORY_MEDIAN_RELATIVE_HAZARD,"{'30d': False, '90d': False, '180d': True, '365d': True, '730d': True}"
CAS_CLEAN_039,SNP_CAS_CLEAN_039_CASE_INITIATION_MILESTONE_20241209,20241209,CASE_INITIATION_TO_MILESTONE,1.0.0-cox-production-baseline,0.090825,1.095077,0.998682,0.978969,0.975916,0.974239,0.974239,0.001318,0.021031,0.024084,0.025761,0.025761,PARTIAL — CALIBRATION NOT RELIABLE DUE TO EVENT SPARSITY,HIGH_UNCERTAINTY_SPARSE_EVENTS,HIGH UNCERTAINTY: Estimates derived from sparse administrative milestone occurrences.,ADVISORY_ELEVATED_RELATIVE_HAZARD,"{'30d': False, '90d': False, '180d': True, '365d': True, '730d': True}"
CAS_CLEAN_041,SNP_CAS_CLEAN_041_CASE_INITIATION_MILESTONE_20241209,20241209,CASE_INITIATION_TO_MILESTONE,1.0.0-cox-production-baseline,0.090825,1.095077,0.998682,0.978969,0.975916,0.974239,0.974239,0.001318,0.021031,0.024084,0.025761,0.025761,PARTIAL — CALIBRATION NOT RELIABLE DUE TO EVENT SPARSITY,HIGH_UNCERTAINTY_SPARSE_EVENTS,HIGH UNCERTAINTY: Estimates derived from sparse administrative milestone occurrences.,ADVISORY_ELEVATED_RELATIVE_HAZARD,"{'30d': False, '90d': False, '180d': True, '365d': True, '730d': True}"
CAS_CLEAN_136,SNP_CAS_CLEAN_136_CASE_INITIATION_MILESTONE_20241209,20241209,CASE_INITIATION_TO_MILESTONE,1.0.0-cox-production-baseline,0.090825,1.095077,0.998682,0.978969,0.975916,0.974239,0.974239,0.001318,0.021031,0.024084,0.025761,0.025761,PARTIAL — CALIBRATION NOT RELIABLE DUE TO EVENT SPARSITY,HIGH_UNCERTAINTY_SPARSE_EVENTS,HIGH UNCERTAINTY: Estimates derived from sparse administrative milestone occurrences.,ADVISORY_ELEVATED_RELATIVE_HAZARD,"{'30d': False, '90d': False, '180d': True, '365d': True, '730d': True}"
CAS_CLEAN_005,SNP_CAS_CLEAN_005_CASE_INITIATION_MILESTONE_20241210,20241210,CASE_INITIATION_TO_MILESTONE,1.0.0-cox-production-baseline,-0.796935,0.450708,0.999457,0.99129,0.990017,0.989316,0.989316,0.000543,0.00871,0.009983,0.010684,0.010684,PARTIAL — CALIBRATION NOT RELIABLE DUE TO EVENT SPARSITY,HIGH_UNCERTAINTY_SPARSE_EVENTS,HIGH UNCERTAINTY: Estimates derived from sparse administrative milestone occurrences.,ADVISORY_ELEVATED_RELATIVE_HAZARD,"{'30d': False, '90d': False, '180d': True, '365d': True, '730d': True}"
CAS_CLEAN_079,SNP_CAS_CLEAN_079_CASE_INITIATION_MILESTONE_20241210,20241210,CASE_INITIATION_TO_MILESTONE,1.0.0-cox-production-baseline,-0.796935,0.450708,0.999457,0.99129,0.990017,0.989316,0.989316,0.000543,0.00871,0.009983,0.010684,0.010684,PARTIAL — CALIBRATION NOT RELIABLE DUE TO EVENT SPARSITY,HIGH_UNCERTAINTY_SPARSE_EVENTS,HIGH UNCERTAINTY: Estimates derived from sparse administrative milestone occurrences.,ADVISORY_ELEVATED_RELATIVE_HAZARD,"{'30d': False, '90d': False, '180d': True, '365d': True, '730d': True}"
CAS_CLEAN_145,SNP_CAS_CLEAN_145_CASE_INITIATION_MILESTONE_20241210,20241210,CASE_INITIATION_TO_MILESTONE,1.0.0-cox-production-baseline,-0.796935,0.450708,0.999457,0.99129,0.990017,0.989316,0.989316,0.000543,0.00871,0.009983,0.010684,0.010684,PARTIAL — CALIBRATION NOT RELIABLE DUE TO EVENT SPARSITY,HIGH_UNCERTAINTY_SPARSE_EVENTS,HIGH UNCERTAINTY: Estimates derived from sparse administrative milestone occurrences.,ADVISORY_ELEVATED_RELATIVE_HAZARD,"{'30d': False, '90d': False, '180d': True, '365d': True, '730d': True}"
CAS_CLEAN_091,SNP_CAS_CLEAN_091_CASE_INITIATION_MILESTONE_20241212,20241212,CASE_INITIATION_TO_MILESTONE,1.0.0-cox-production-baseline,-0.991979,0.370842,0.999553,0.992828,0.991778,0.991201,0.991201,0.000447,0.007172,0.008222,0.008799,0.008799,PARTIAL — CALIBRATION NOT RELIABLE DUE TO EVENT SPARSITY,HIGH_UNCERTAINTY_SPARSE_EVENTS,HIGH UNCERTAINTY: Estimates derived from sparse administrative milestone occurrences.,ADVISORY_MEDIAN_RELATIVE_HAZARD,"{'30d': False, '90d': False, '180d': True, '365d': True, '730d': True}"
CAS_CLEAN_126,SNP_CAS_CLEAN_126_CASE_INITIATION_MILESTONE_20241222,20241222,CASE_INITIATION_TO_MILESTONE,1.0.0-cox-production-baseline,-1.029675,0.357123,0.99957,0.993092,0.992081,0.991525,0.991525,0.00043,0.006908,0.007919,0.008475,0.008475,PARTIAL — CALIBRATION NOT RELIABLE DUE TO EVENT SPARSITY,HIGH_UNCERTAINTY_SPARSE_EVENTS,HIGH UNCERTAINTY: Estimates derived from sparse administrative milestone occurrences.,ADVISORY_MEDIAN_RELATIVE_HAZARD,"{'30d': False, '90d': False, '180d': True, '365d': True, '730d': True}"
CAS_CLEAN_127,SNP_CAS_CLEAN_127_CASE_INITIATION_MILESTONE_20241222,20241222,CASE_INITIATION_TO_MILESTONE,1.0.0-cox-production-baseline,-1.029675,0.357123,0.99957,0.993092,0.992081,0.991525,0.991525,0.00043,0.006908,0.007919,0.008475,0.008475,PARTIAL — CALIBRATION NOT RELIABLE DUE TO EVENT SPARSITY,HIGH_UNCERTAINTY_SPARSE_EVENTS,HIGH UNCERTAINTY: Estimates derived from sparse administrative milestone occurrences.,ADVISORY_MEDIAN_RELATIVE_HAZARD,"{'30d': False, '90d': False, '180d': True, '365d': True, '730d': True}"
CAS_CLEAN_228,SNP_CAS_CLEAN_228_CASE_INITIATION_MILESTONE_20241223,20241223,CASE_INITIATION_TO_MILESTONE,1.0.0-cox-production-baseline,-1.259725,0.283732,0.999658,0.994508,0.993703,0.993261,0.993261,0.000342,0.005492,0.006297,0.006739,0.006739,PARTIAL — CALIBRATION NOT RELIABLE DUE TO EVENT SPARSITY,HIGH_UNCERTAINTY_SPARSE_EVENTS,HIGH UNCERTAINTY: Estimates derived from sparse administrative milestone occurrences.,ADVISORY_MEDIAN_RELATIVE_HAZARD,"{'30d': False, '90d': False, '180d': True, '365d': True, '730d': True}"
CAS_CLEAN_229,SNP_CAS_CLEAN_229_CASE_INITIATION_MILESTONE_20241223,20241223,CASE_INITIATION_TO_MILESTONE,1.0.0-cox-production-baseline,-1.259725,0.283732,0.999658,0.994508,0.993703,0.993261,0.993261,0.000342,0.005492,0.006297,0.006739,0.006739,PARTIAL — CALIBRATION NOT RELIABLE DUE TO EVENT SPARSITY,HIGH_UNCERTAINTY_SPARSE_EVENTS,HIGH UNCERTAINTY: Estimates derived from sparse administrative milestone occurrences.,ADVISORY_MEDIAN_RELATIVE_HAZARD,"{'30d': False, '90d': False, '180d': True, '365d': True, '730d': True}"
CAS_CLEAN_230,SNP_CAS_CLEAN_230_CASE_INITIATION_MILESTONE_20241223,20241223,CASE_INITIATION_TO_MILESTONE,1.0.0-cox-production-baseline,-1.259725,0.283732,0.999658,0.994508,0.993703,0.993261,0.993261,0.000342,0.005492,0.006297,0.006739,0.006739,PARTIAL — CALIBRATION NOT RELIABLE DUE TO EVENT SPARSITY,HIGH_UNCERTAINTY_SPARSE_EVENTS,HIGH UNCERTAINTY: Estimates derived from sparse administrative milestone occurrences.,ADVISORY_MEDIAN_RELATIVE_HAZARD,"{'30d': False, '90d': False, '180d': True, '365d': True, '730d': True}"
CAS_CLEAN_231,SNP_CAS_CLEAN_231_CASE_INITIATION_MILESTONE_20241223,20241223,CASE_INITIATION_TO_MILESTONE,1.0.0-cox-production-baseline,-1.259725,0.283732,0.999658,0.994508,0.993703,0.993261,0.993261,0.000342,0.005492,0.006297,0.006739,0.006739,PARTIAL — CALIBRATION NOT RELIABLE DUE TO EVENT SPARSITY,HIGH_UNCERTAINTY_SPARSE_EVENTS,HIGH UNCERTAINTY: Estimates derived from sparse administrative milestone occurrences.,ADVISORY_MEDIAN_RELATIVE_HAZARD,"{'30d': False, '90d': False, '180d': True, '365d': True, '730d': True}"
CAS_CLEAN_232,SNP_CAS_CLEAN_232_CASE_INITIATION_MILESTONE_20241223,20241223,CASE_INITIATION_TO_MILESTONE,1.0.0-cox-production-baseline,-1.259725,0.283732,0.999658,0.994508,0.993703,0.993261,0.993261,0.000342,0.005492,0.006297,0.006739,0.006739,PARTIAL — CALIBRATION NOT RELIABLE DUE TO EVENT SPARSITY,HIGH_UNCERTAINTY_SPARSE_EVENTS,HIGH UNCERTAINTY: Estimates derived from sparse administrative milestone occurrences.,ADVISORY_MEDIAN_RELATIVE_HAZARD,"{'30d': False, '90d': False, '180d': True, '365d': True, '730d': True}"
CAS_CLEAN_242,SNP_CAS_CLEAN_242_CASE_INITIATION_MILESTONE_20241223,20241223,CASE_INITIATION_TO_MILESTONE,1.0.0-cox-production-baseline,-1.259725,0.283732,0.999658,0.994508,0.993703,0.993261,0.993261,0.000342,0.005492,0.006297,0.006739,0.006739,PARTIAL — CALIBRATION NOT RELIABLE DUE TO EVENT SPARSITY,HIGH_UNCERTAINTY_SPARSE_EVENTS,HIGH UNCERTAINTY: Estimates derived from sparse administrative milestone occurrences.,ADVISORY_MEDIAN_RELATIVE_HAZARD,"{'30d': False, '90d': False, '180d': True, '365d': True, '730d': True}"
CAS_CLEAN_001,SNP_CAS_CLEAN_001_CASE_INITIATION_MILESTONE_20241227,20241227,CASE_INITIATION_TO_MILESTONE,1.0.0-cox-production-baseline,-0.796935,0.450708,0.999457,0.99129,0.990017,0.989316,0.989316,0.000543,0.00871,0.009983,0.010684,0.010684,PARTIAL — CALIBRATION NOT RELIABLE DUE TO EVENT SPARSITY,HIGH_UNCERTAINTY_SPARSE_EVENTS,HIGH UNCERTAINTY: Estimates derived from sparse administrative milestone occurrences.,ADVISORY_ELEVATED_RELATIVE_HAZARD,"{'30d': False, '90d': False, '180d': True, '365d': True, '730d': True}"
CAS_CLEAN_227,SNP_CAS_CLEAN_227_CASE_INITIATION_MILESTONE_20241227,20241227,CASE_INITIATION_TO_MILESTONE,1.0.0-cox-production-baseline,-1.259725,0.283732,0.999658,0.994508,0.993703,0.993261,0.993261,0.000342,0.005492,0.006297,0.006739,0.006739,PARTIAL — CALIBRATION NOT RELIABLE DUE TO EVENT SPARSITY,HIGH_UNCERTAINTY_SPARSE_EVENTS,HIGH UNCERTAINTY: Estimates derived from sparse administrative milestone occurrences.,ADVISORY_MEDIAN_RELATIVE_HAZARD,"{'30d': False, '90d': False, '180d': True, '365d': True, '730d': True}"
CAS_CLEAN_240,SNP_CAS_CLEAN_240_CASE_INITIATION_MILESTONE_20241227,20241227,CASE_INITIATION_TO_MILESTONE,1.0.0-cox-production-baseline,-1.259725,0.283732,0.999658,0.994508,0.993703,0.993261,0.993261,0.000342,0.005492,0.006297,0.006739,0.006739,PARTIAL — CALIBRATION NOT RELIABLE DUE TO EVENT SPARSITY,HIGH_UNCERTAINTY_SPARSE_EVENTS,HIGH UNCERTAINTY: Estimates derived from sparse administrative milestone occurrences.,ADVISORY_MEDIAN_RELATIVE_HAZARD,"{'30d': False, '90d': False, '180d': True, '365d': True, '730d': True}"
CAS_CLEAN_096,SNP_CAS_CLEAN_096_CASE_INITIATION_MILESTONE_20241230,20241230,CASE_INITIATION_TO_MILESTONE,1.0.0-cox-production-baseline,-0.915411,0.400352,0.999518,0.992259,0.991127,0.990504,0.990504,0.000482,0.007741,0.008873,0.009496,0.009496,PARTIAL — CALIBRATION NOT RELIABLE DUE TO EVENT SPARSITY,HIGH_UNCERTAINTY_SPARSE_EVENTS,HIGH UNCERTAINTY: Estimates derived from sparse administrative milestone occurrences.,ADVISORY_MEDIAN_RELATIVE_HAZARD,"{'30d': False, '90d': False, '180d': True, '365d': True, '730d': True}"
CAS_CLEAN_095,SNP_CAS_CLEAN_095_CASE_INITIATION_MILESTONE_20250101,20250101,CASE_INITIATION_TO_MILESTONE,1.0.0-cox-production-baseline,-0.991979,0.370842,0.999553,0.992828,0.991778,0.991201,0.991201,0.000447,0.007172,0.008222,0.008799,0.008799,PARTIAL — CALIBRATION NOT RELIABLE DUE TO EVENT SPARSITY,HIGH_UNCERTAINTY_SPARSE_EVENTS,HIGH UNCERTAINTY: Estimates derived from sparse administrative milestone occurrences.,ADVISORY_MEDIAN_RELATIVE_HAZARD,"{'30d': False, '90d': False, '180d': True, '365d': True, '730d': True}"
CAS_CLEAN_214,SNP_CAS_CLEAN_214_CASE_INITIATION_MILESTONE_20250101,20250101,CASE_INITIATION_TO_MILESTONE,1.0.0-cox-production-baseline,-1.259725,0.283732,0.999658,0.994508,0.993703,0.993261,0.993261,0.000342,0.005492,0.006297,0.006739,0.006739,PARTIAL — CALIBRATION NOT RELIABLE DUE TO EVENT SPARSITY,HIGH_UNCERTAINTY_SPARSE_EVENTS,HIGH UNCERTAINTY: Estimates derived from sparse administrative milestone occurrences.,ADVISORY_MEDIAN_RELATIVE_HAZARD,"{'30d': False, '90d': False, '180d': True, '365d': True, '730d': True}"
CAS_CLEAN_223,SNP_CAS_CLEAN_223_CASE_INITIATION_MILESTONE_20250101,20250101,CASE_INITIATION_TO_MILESTONE,1.0.0-cox-production-baseline,-1.259725,0.283732,0.999658,0.994508,0.993703,0.993261,0.993261,0.000342,0.005492,0.006297,0.006739,0.006739,PARTIAL — CALIBRATION NOT RELIABLE DUE TO EVENT SPARSITY,HIGH_UNCERTAINTY_SPARSE_EVENTS,HIGH UNCERTAINTY: Estimates derived from sparse administrative milestone occurrences.,ADVISORY_MEDIAN_RELATIVE_HAZARD,"{'30d': False, '90d': False, '180d': True, '365d': True, '730d': True}"
CAS_CLEAN_224,SNP_CAS_CLEAN_224_CASE_INITIATION_MILESTONE_20250101,20250101,CASE_INITIATION_TO_MILESTONE,1.0.0-cox-production-baseline,-1.259725,0.283732,0.999658,0.994508,0.993703,0.993261,0.993261,0.000342,0.005492,0.006297,0.006739,0.006739,PARTIAL — CALIBRATION NOT RELIABLE DUE TO EVENT SPARSITY,HIGH_UNCERTAINTY_SPARSE_EVENTS,HIGH UNCERTAINTY: Estimates derived from sparse administrative milestone occurrences.,ADVISORY_MEDIAN_RELATIVE_HAZARD,"{'30d': False, '90d': False, '180d': True, '365d': True, '730d': True}"
CAS_CLEAN_225,SNP_CAS_CLEAN_225_CASE_INITIATION_MILESTONE_20250101,20250101,CASE_INITIATION_TO_MILESTONE,1.0.0-cox-production-baseline,-1.259725,0.283732,0.999658,0.994508,0.993703,0.993261,0.993261,0.000342,0.005492,0.006297,0.006739,0.006739,PARTIAL — CALIBRATION NOT RELIABLE DUE TO EVENT SPARSITY,HIGH_UNCERTAINTY_SPARSE_EVENTS,HIGH UNCERTAINTY: Estimates derived from sparse administrative milestone occurrences.,ADVISORY_MEDIAN_RELATIVE_HAZARD,"{'30d': False, '90d': False, '180d': True, '365d': True, '730d': True}"
CAS_CLEAN_185,SNP_CAS_CLEAN_185_CASE_INITIATION_MILESTONE_20250103,20250103,CASE_INITIATION_TO_MILESTONE,1.0.0-cox-production-baseline,-1.259725,0.283732,0.999658,0.994508,0.993703,0.993261,0.993261,0.000342,0.005492,0.006297,0.006739,0.006739,PARTIAL — CALIBRATION NOT RELIABLE DUE TO EVENT SPARSITY,HIGH_UNCERTAINTY_SPARSE_EVENTS,HIGH UNCERTAINTY: Estimates derived from sparse administrative milestone occurrences.,ADVISORY_MEDIAN_RELATIVE_HAZARD,"{'30d': False, '90d': False, '180d': True, '365d': True, '730d': True}"
CAS_CLEAN_020,SNP_CAS_CLEAN_020_CASE_INITIATION_MILESTONE_20250106,20250106,CASE_INITIATION_TO_MILESTONE,1.0.0-cox-production-baseline,-1.224719,0.29384,0.999646,0.994313,0.99348,0.993021,0.993021,0.000354,0.005687,0.00652,0.006979,0.006979,PARTIAL — CALIBRATION NOT RELIABLE DUE TO EVENT SPARSITY,HIGH_UNCERTAINTY_SPARSE_EVENTS,HIGH UNCERTAINTY: Estimates derived from sparse administrative milestone occurrences.,ADVISORY_MEDIAN_RELATIVE_HAZARD,"{'30d': False, '90d': False, '180d': True, '365d': True, '730d': True}"
CAS_CLEAN_071,SNP_CAS_CLEAN_071_CASE_INITIATION_MILESTONE_20250109,20250109,CASE_INITIATION_TO_MILESTONE,1.0.0-cox-production-baseline,1.015077,2.759576,0.996681,0.947845,0.940415,0.936348,0.936348,0.003319,0.052155,0.059585,0.063652,0.063652,PARTIAL — CALIBRATION NOT RELIABLE DUE TO EVENT SPARSITY,HIGH_UNCERTAINTY_SPARSE_EVENTS,HIGH UNCERTAINTY: Estimates derived from sparse administrative milestone occurrences.,ADVISORY_HIGHEST_DECILE_HAZARD,"{'30d': False, '90d': False, '180d': True, '365d': True, '730d': True}"
CAS_CLEAN_009,SNP_CAS_CLEAN_009_CASE_INITIATION_MILESTONE_20250114,20250114,CASE_INITIATION_TO_MILESTONE,1.0.0-cox-production-baseline,0.439935,1.552606,0.998131,0.970313,0.966026,0.963673,0.963673,0.001869,0.029687,0.033974,0.036327,0.036327,PARTIAL — CALIBRATION NOT RELIABLE DUE TO EVENT SPARSITY,HIGH_UNCERTAINTY_SPARSE_EVENTS,HIGH UNCERTAINTY: Estimates derived from sparse administrative milestone occurrences.,ADVISORY_HIGHEST_DECILE_HAZARD,"{'30d': False, '90d': False, '180d': True, '365d': True, '730d': True}"
CAS_CLEAN_064,SNP_CAS_CLEAN_064_CASE_INITIATION_MILESTONE_20250114,20250114,CASE_INITIATION_TO_MILESTONE,1.0.0-cox-production-baseline,0.439935,1.552606,0.998131,0.970313,0.966026,0.963673,0.963673,0.001869,0.029687,0.033974,0.036327,0.036327,PARTIAL — CALIBRATION NOT RELIABLE DUE TO EVENT SPARSITY,HIGH_UNCERTAINTY_SPARSE_EVENTS,HIGH UNCERTAINTY: Estimates derived from sparse administrative milestone occurrences.,ADVISORY_HIGHEST_DECILE_HAZARD,"{'30d': False, '90d': False, '180d': True, '365d': True, '730d': True}"
CAS_CLEAN_120,SNP_CAS_CLEAN_120_CASE_INITIATION_MILESTONE_20250114,20250114,CASE_INITIATION_TO_MILESTONE,1.0.0-cox-production-baseline,0.439935,1.552606,0.998131,0.970313,0.966026,0.963673,0.963673,0.001869,0.029687,0.033974,0.036327,0.036327,PARTIAL — CALIBRATION NOT RELIABLE DUE TO EVENT SPARSITY,HIGH_UNCERTAINTY_SPARSE_EVENTS,HIGH UNCERTAINTY: Estimates derived from sparse administrative milestone occurrences.,ADVISORY_HIGHEST_DECILE_HAZARD,"{'30d': False, '90d': False, '180d': True, '365d': True, '730d': True}"
CAS_CLEAN_005,SNP_CAS_CLEAN_005_CASE_INITIATION_MILESTONE_20250115,20250115,CASE_INITIATION_TO_MILESTONE,1.0.0-cox-production-baseline,-1.087228,0.33715,0.999594,0.993477,0.992522,0.991997,0.991997,0.000406,0.006523,0.007478,0.008003,0.008003,PARTIAL — CALIBRATION NOT RELIABLE DUE TO EVENT SPARSITY,HIGH_UNCERTAINTY_SPARSE_EVENTS,HIGH UNCERTAINTY: Estimates derived from sparse administrative milestone occurrences.,ADVISORY_MEDIAN_RELATIVE_HAZARD,"{'30d': False, '90d': False, '180d': True, '365d': True, '730d': True}"
CAS_CLEAN_079,SNP_CAS_CLEAN_079_CASE_INITIATION_MILESTONE_20250115,20250115,CASE_INITIATION_TO_MILESTONE,1.0.0-cox-production-baseline,-1.087228,0.33715,0.999594,0.993477,0.992522,0.991997,0.991997,0.000406,0.006523,0.007478,0.008003,0.008003,PARTIAL — CALIBRATION NOT RELIABLE DUE TO EVENT SPARSITY,HIGH_UNCERTAINTY_SPARSE_EVENTS,HIGH UNCERTAINTY: Estimates derived from sparse administrative milestone occurrences.,ADVISORY_MEDIAN_RELATIVE_HAZARD,"{'30d': False, '90d': False, '180d': True, '365d': True, '730d': True}"
CAS_CLEAN_145,SNP_CAS_CLEAN_145_CASE_INITIATION_MILESTONE_20250115,20250115,CASE_INITIATION_TO_MILESTONE,1.0.0-cox-production-baseline,-1.087228,0.33715,0.999594,0.993477,0.992522,0.991997,0.991997,0.000406,0.006523,0.007478,0.008003,0.008003,PARTIAL — CALIBRATION NOT RELIABLE DUE TO EVENT SPARSITY,HIGH_UNCERTAINTY_SPARSE_EVENTS,HIGH UNCERTAINTY: Estimates derived from sparse administrative milestone occurrences.,ADVISORY_MEDIAN_RELATIVE_HAZARD,"{'30d': False, '90d': False, '180d': True, '365d': True, '730d': True}"
CAS_CLEAN_149,SNP_CAS_CLEAN_149_CASE_INITIATION_MILESTONE_20250115,20250115,CASE_INITIATION_TO_MILESTONE,1.0.0-cox-production-baseline,-0.796935,0.450708,0.999457,0.99129,0.990017,0.989316,0.989316,0.000543,0.00871,0.009983,0.010684,0.010684,PARTIAL — CALIBRATION NOT RELIABLE DUE TO EVENT SPARSITY,HIGH_UNCERTAINTY_SPARSE_EVENTS,HIGH UNCERTAINTY: Estimates derived from sparse administrative milestone occurrences.,ADVISORY_ELEVATED_RELATIVE_HAZARD,"{'30d': False, '90d': False, '180d': True, '365d': True, '730d': True}"
CAS_CLEAN_156,SNP_CAS_CLEAN_156_CASE_INITIATION_MILESTONE_20250115,20250115,CASE_INITIATION_TO_MILESTONE,1.0.0-cox-production-baseline,-0.796935,0.450708,0.999457,0.99129,0.990017,0.989316,0.989316,0.000543,0.00871,0.009983,0.010684,0.010684,PARTIAL — CALIBRATION NOT RELIABLE DUE TO EVENT SPARSITY,HIGH_UNCERTAINTY_SPARSE_EVENTS,HIGH UNCERTAINTY: Estimates derived from sparse administrative milestone occurrences.,ADVISORY_ELEVATED_RELATIVE_HAZARD,"{'30d': False, '90d': False, '180d': True, '365d': True, '730d': True}"
CAS_CLEAN_054,SNP_CAS_CLEAN_054_CASE_INITIATION_MILESTONE_20250122,20250122,CASE_INITIATION_TO_MILESTONE,1.0.0-cox-production-baseline,0.439935,1.552606,0.998131,0.970313,0.966026,0.963673,0.963673,0.001869,0.029687,0.033974,0.036327,0.036327,PARTIAL — CALIBRATION NOT RELIABLE DUE TO EVENT SPARSITY,HIGH_UNCERTAINTY_SPARSE_EVENTS,HIGH UNCERTAINTY: Estimates derived from sparse administrative milestone occurrences.,ADVISORY_HIGHEST_DECILE_HAZARD,"{'30d': False, '90d': False, '180d': True, '365d': True, '730d': True}"
CAS_CLEAN_057,SNP_CAS_CLEAN_057_CASE_INITIATION_MILESTONE_20250123,20250123,CASE_INITIATION_TO_MILESTONE,1.0.0-cox-production-baseline,-0.796935,0.450708,0.999457,0.99129,0.990017,0.989316,0.989316,0.000543,0.00871,0.009983,0.010684,0.010684,PARTIAL — CALIBRATION NOT RELIABLE DUE TO EVENT SPARSITY,HIGH_UNCERTAINTY_SPARSE_EVENTS,HIGH UNCERTAINTY: Estimates derived from sparse administrative milestone occurrences.,ADVISORY_ELEVATED_RELATIVE_HAZARD,"{'30d': False, '90d': False, '180d': True, '365d': True, '730d': True}"
CAS_CLEAN_112,SNP_CAS_CLEAN_112_CASE_INITIATION_MILESTONE_20250123,20250123,CASE_INITIATION_TO_MILESTONE,1.0.0-cox-production-baseline,-0.796935,0.450708,0.999457,0.99129,0.990017,0.989316,0.989316,0.000543,0.00871,0.009983,0.010684,0.010684,PARTIAL — CALIBRATION NOT RELIABLE DUE TO EVENT SPARSITY,HIGH_UNCERTAINTY_SPARSE_EVENTS,HIGH UNCERTAINTY: Estimates derived from sparse administrative milestone occurrences.,ADVISORY_ELEVATED_RELATIVE_HAZARD,"{'30d': False, '90d': False, '180d': True, '365d': True, '730d': True}"
CAS_CLEAN_032,SNP_CAS_CLEAN_032_CASE_INITIATION_MILESTONE_20250125,20250125,CASE_INITIATION_TO_MILESTONE,1.0.0-cox-production-baseline,-1.224719,0.29384,0.999646,0.994313,0.99348,0.993021,0.993021,0.000354,0.005687,0.00652,0.006979,0.006979,PARTIAL — CALIBRATION NOT RELIABLE DUE TO EVENT SPARSITY,HIGH_UNCERTAINTY_SPARSE_EVENTS,HIGH UNCERTAINTY: Estimates derived from sparse administrative milestone occurrences.,ADVISORY_MEDIAN_RELATIVE_HAZARD,"{'30d': False, '90d': False, '180d': True, '365d': True, '730d': True}"
CAS_CLEAN_222,SNP_CAS_CLEAN_222_CASE_INITIATION_MILESTONE_20250128,20250128,CASE_INITIATION_TO_MILESTONE,1.0.0-cox-production-baseline,-1.259725,0.283732,0.999658,0.994508,0.993703,0.993261,0.993261,0.000342,0.005492,0.006297,0.006739,0.006739,PARTIAL — CALIBRATION NOT RELIABLE DUE TO EVENT SPARSITY,HIGH_UNCERTAINTY_SPARSE_EVENTS,HIGH UNCERTAINTY: Estimates derived from sparse administrative milestone occurrences.,ADVISORY_MEDIAN_RELATIVE_HAZARD,"{'30d': False, '90d': False, '180d': True, '365d': True, '730d': True}"
CAS_CLEAN_087,SNP_CAS_CLEAN_087_CASE_INITIATION_MILESTONE_20250130,20250130,CASE_INITIATION_TO_MILESTONE,1.0.0-cox-production-baseline,-1.463924,0.231327,0.999721,0.99552,0.994863,0.994502,0.994502,0.000279,0.00448,0.005137,0.005498,0.005498,PARTIAL — CALIBRATION NOT RELIABLE DUE TO EVENT SPARSITY,HIGH_UNCERTAINTY_SPARSE_EVENTS,HIGH UNCERTAINTY: Estimates derived from sparse administrative milestone occurrences.,ADVISORY_MEDIAN_RELATIVE_HAZARD,"{'30d': False, '90d': False, '180d': True, '365d': True, '730d': True}"
CAS_CLEAN_094,SNP_CAS_CLEAN_094_CASE_INITIATION_MILESTONE_20250202,20250202,CASE_INITIATION_TO_MILESTONE,1.0.0-cox-production-baseline,-1.224719,0.29384,0.999646,0.994313,0.99348,0.993021,0.993021,0.000354,0.005687,0.00652,0.006979,0.006979,PARTIAL — CALIBRATION NOT RELIABLE DUE TO EVENT SPARSITY,HIGH_UNCERTAINTY_SPARSE_EVENTS,HIGH UNCERTAINTY: Estimates derived from sparse administrative milestone occurrences.,ADVISORY_MEDIAN_RELATIVE_HAZARD,"{'30d': False, '90d': False, '180d': True, '365d': True, '730d': True}"
CAS_CLEAN_140,SNP_CAS_CLEAN_140_CASE_INITIATION_MILESTONE_20250204,20250204,CASE_INITIATION_TO_MILESTONE,1.0.0-cox-production-baseline,0.207195,1.230222,0.998519,0.976404,0.972984,0.971106,0.971106,0.001481,0.023596,0.027016,0.028894,0.028894,PARTIAL — CALIBRATION NOT RELIABLE DUE TO EVENT SPARSITY,HIGH_UNCERTAINTY_SPARSE_EVENTS,HIGH UNCERTAINTY: Estimates derived from sparse administrative milestone occurrences.,ADVISORY_HIGHEST_DECILE_HAZARD,"{'30d': False, '90d': False, '180d': True, '365d': True, '730d': True}"
CAS_CLEAN_095,SNP_CAS_CLEAN_095_CASE_INITIATION_MILESTONE_20250207,20250207,CASE_INITIATION_TO_MILESTONE,1.0.0-cox-production-baseline,-1.089334,0.33644,0.999595,0.993491,0.992538,0.992014,0.992014,0.000405,0.006509,0.007462,0.007986,0.007986,PARTIAL — CALIBRATION NOT RELIABLE DUE TO EVENT SPARSITY,HIGH_UNCERTAINTY_SPARSE_EVENTS,HIGH UNCERTAINTY: Estimates derived from sparse administrative milestone occurrences.,ADVISORY_MEDIAN_RELATIVE_HAZARD,"{'30d': False, '90d': False, '180d': True, '365d': True, '730d': True}"
CAS_CLEAN_061,SNP_CAS_CLEAN_061_CASE_INITIATION_MILESTONE_20250210,20250210,CASE_INITIATION_TO_MILESTONE,1.0.0-cox-production-baseline,-1.029675,0.357123,0.99957,0.993092,0.992081,0.991525,0.991525,0.00043,0.006908,0.007919,0.008475,0.008475,PARTIAL — CALIBRATION NOT RELIABLE DUE TO EVENT SPARSITY,HIGH_UNCERTAINTY_SPARSE_EVENTS,HIGH UNCERTAINTY: Estimates derived from sparse administrative milestone occurrences.,ADVISORY_MEDIAN_RELATIVE_HAZARD,"{'30d': False, '90d': False, '180d': True, '365d': True, '730d': True}"
CAS_CLEAN_216,SNP_CAS_CLEAN_216_CASE_INITIATION_MILESTONE_20250213,20250213,CASE_INITIATION_TO_MILESTONE,1.0.0-cox-production-baseline,-1.259725,0.283732,0.999658,0.994508,0.993703,0.993261,0.993261,0.000342,0.005492,0.006297,0.006739,0.006739,PARTIAL — CALIBRATION NOT RELIABLE DUE TO EVENT SPARSITY,HIGH_UNCERTAINTY_SPARSE_EVENTS,HIGH UNCERTAINTY: Estimates derived from sparse administrative milestone occurrences.,ADVISORY_MEDIAN_RELATIVE_HAZARD,"{'30d': False, '90d': False, '180d': True, '365d': True, '730d': True}"
CAS_CLEAN_218,SNP_CAS_CLEAN_218_CASE_INITIATION_MILESTONE_20250213,20250213,CASE_INITIATION_TO_MILESTONE,1.0.0-cox-production-baseline,-1.259725,0.283732,0.999658,0.994508,0.993703,0.993261,0.993261,0.000342,0.005492,0.006297,0.006739,0.006739,PARTIAL — CALIBRATION NOT RELIABLE DUE TO EVENT SPARSITY,HIGH_UNCERTAINTY_SPARSE_EVENTS,HIGH UNCERTAINTY: Estimates derived from sparse administrative milestone occurrences.,ADVISORY_MEDIAN_RELATIVE_HAZARD,"{'30d': False, '90d': False, '180d': True, '365d': True, '730d': True}"
CAS_CLEAN_219,SNP_CAS_CLEAN_219_CASE_INITIATION_MILESTONE_20250213,20250213,CASE_INITIATION_TO_MILESTONE,1.0.0-cox-production-baseline,-1.259725,0.283732,0.999658,0.994508,0.993703,0.993261,0.993261,0.000342,0.005492,0.006297,0.006739,0.006739,PARTIAL — CALIBRATION NOT RELIABLE DUE TO EVENT SPARSITY,HIGH_UNCERTAINTY_SPARSE_EVENTS,HIGH UNCERTAINTY: Estimates derived from sparse administrative milestone occurrences.,ADVISORY_MEDIAN_RELATIVE_HAZARD,"{'30d': False, '90d': False, '180d': True, '365d': True, '730d': True}"
CAS_CLEAN_221,SNP_CAS_CLEAN_221_CASE_INITIATION_MILESTONE_20250213,20250213,CASE_INITIATION_TO_MILESTONE,1.0.0-cox-production-baseline,-1.259725,0.283732,0.999658,0.994508,0.993703,0.993261,0.993261,0.000342,0.005492,0.006297,0.006739,0.006739,PARTIAL — CALIBRATION NOT RELIABLE DUE TO EVENT SPARSITY,HIGH_UNCERTAINTY_SPARSE_EVENTS,HIGH UNCERTAINTY: Estimates derived from sparse administrative milestone occurrences.,ADVISORY_MEDIAN_RELATIVE_HAZARD,"{'30d': False, '90d': False, '180d': True, '365d': True, '730d': True}"
CAS_CLEAN_016,SNP_CAS_CLEAN_016_CASE_INITIATION_MILESTONE_20250214,20250214,CASE_INITIATION_TO_MILESTONE,1.0.0-cox-production-baseline,-0.796935,0.450708,0.999457,0.99129,0.990017,0.989316,0.989316,0.000543,0.00871,0.009983,0.010684,0.010684,PARTIAL — CALIBRATION NOT RELIABLE DUE TO EVENT SPARSITY,HIGH_UNCERTAINTY_SPARSE_EVENTS,HIGH UNCERTAINTY: Estimates derived from sparse administrative milestone occurrences.,ADVISORY_ELEVATED_RELATIVE_HAZARD,"{'30d': False, '90d': False, '180d': True, '365d': True, '730d': True}"
CAS_CLEAN_070,SNP_CAS_CLEAN_070_CASE_INITIATION_MILESTONE_20250214,20250214,CASE_INITIATION_TO_MILESTONE,1.0.0-cox-production-baseline,1.461459,4.312247,0.994818,0.919706,0.908465,0.902332,0.902332,0.005182,0.080294,0.091535,0.097668,0.097668,PARTIAL — CALIBRATION NOT RELIABLE DUE TO EVENT SPARSITY,HIGH_UNCERTAINTY_SPARSE_EVENTS,HIGH UNCERTAINTY: Estimates derived from sparse administrative milestone occurrences.,ADVISORY_HIGHEST_DECILE_HAZARD,"{'30d': False, '90d': False, '180d': True, '365d': True, '730d': True}"
CAS_CLEAN_099,SNP_CAS_CLEAN_099_CASE_INITIATION_MILESTONE_20250218,20250218,CASE_INITIATION_TO_MILESTONE,1.0.0-cox-production-baseline,-1.224719,0.29384,0.999646,0.994313,0.99348,0.993021,0.993021,0.000354,0.005687,0.00652,0.006979,0.006979,PARTIAL — CALIBRATION NOT RELIABLE DUE TO EVENT SPARSITY,HIGH_UNCERTAINTY_SPARSE_EVENTS,HIGH UNCERTAINTY: Estimates derived from sparse administrative milestone occurrences.,ADVISORY_MEDIAN_RELATIVE_HAZARD,"{'30d': False, '90d': False, '180d': True, '365d': True, '730d': True}"
CAS_CLEAN_128,SNP_CAS_CLEAN_128_CASE_INITIATION_MILESTONE_20250218,20250218,CASE_INITIATION_TO_MILESTONE,1.0.0-cox-production-baseline,-1.029675,0.357123,0.99957,0.993092,0.992081,0.991525,0.991525,0.00043,0.006908,0.007919,0.008475,0.008475,PARTIAL — CALIBRATION NOT RELIABLE DUE TO EVENT SPARSITY,HIGH_UNCERTAINTY_SPARSE_EVENTS,HIGH UNCERTAINTY: Estimates derived from sparse administrative milestone occurrences.,ADVISORY_MEDIAN_RELATIVE_HAZARD,"{'30d': False, '90d': False, '180d': True, '365d': True, '730d': True}"
CAS_CLEAN_234,SNP_CAS_CLEAN_234_CASE_INITIATION_MILESTONE_20250220,20250220,CASE_INITIATION_TO_MILESTONE,1.0.0-cox-production-baseline,-0.813343,0.443373,0.999466,0.991431,0.990178,0.989489,0.989489,0.000534,0.008569,0.009822,0.010511,0.010511,PARTIAL — CALIBRATION NOT RELIABLE DUE TO EVENT SPARSITY,HIGH_UNCERTAINTY_SPARSE_EVENTS,HIGH UNCERTAINTY: Estimates derived from sparse administrative milestone occurrences.,ADVISORY_ELEVATED_RELATIVE_HAZARD,"{'30d': False, '90d': False, '180d': True, '365d': True, '730d': True}"
CAS_CLEAN_002,SNP_CAS_CLEAN_002_CASE_INITIATION_MILESTONE_20250221,20250221,CASE_INITIATION_TO_MILESTONE,1.0.0-cox-production-baseline,-1.26888,0.281146,0.999661,0.994558,0.993761,0.993322,0.993322,0.000339,0.005442,0.006239,0.006678,0.006678,PARTIAL — CALIBRATION NOT RELIABLE DUE TO EVENT SPARSITY,HIGH_UNCERTAINTY_SPARSE_EVENTS,HIGH UNCERTAINTY: Estimates derived from sparse administrative milestone occurrences.,ADVISORY_MEDIAN_RELATIVE_HAZARD,"{'30d': False, '90d': False, '180d': True, '365d': True, '730d': True}"
CAS_CLEAN_100,SNP_CAS_CLEAN_100_CASE_INITIATION_MILESTONE_20250225,20250225,CASE_INITIATION_TO_MILESTONE,1.0.0-cox-production-baseline,-0.799041,0.44976,0.999458,0.991308,0.990037,0.989338,0.989338,0.000542,0.008692,0.009963,0.010662,0.010662,PARTIAL — CALIBRATION NOT RELIABLE DUE TO EVENT SPARSITY,HIGH_UNCERTAINTY_SPARSE_EVENTS,HIGH UNCERTAINTY: Estimates derived from sparse administrative milestone occurrences.,ADVISORY_ELEVATED_RELATIVE_HAZARD,"{'30d': False, '90d': False, '180d': True, '365d': True, '730d': True}"
CAS_CLEAN_029,SNP_CAS_CLEAN_029_CASE_INITIATION_MILESTONE_20250226,20250226,CASE_INITIATION_TO_MILESTONE,1.0.0-cox-production-baseline,-0.03201,0.968497,0.998834,0.981377,0.97867,0.977182,0.977182,0.001166,0.018623,0.02133,0.022818,0.022818,PARTIAL — CALIBRATION NOT RELIABLE DUE TO EVENT SPARSITY,HIGH_UNCERTAINTY_SPARSE_EVENTS,HIGH UNCERTAINTY: Estimates derived from sparse administrative milestone occurrences.,ADVISORY_ELEVATED_RELATIVE_HAZARD,"{'30d': False, '90d': False, '180d': True, '365d': True, '730d': True}"
CAS_CLEAN_203,SNP_CAS_CLEAN_203_CASE_INITIATION_MILESTONE_20250227,20250227,CASE_INITIATION_TO_MILESTONE,1.0.0-cox-production-baseline,-1.259725,0.283732,0.999658,0.994508,0.993703,0.993261,0.993261,0.000342,0.005492,0.006297,0.006739,0.006739,PARTIAL — CALIBRATION NOT RELIABLE DUE TO EVENT SPARSITY,HIGH_UNCERTAINTY_SPARSE_EVENTS,HIGH UNCERTAINTY: Estimates derived from sparse administrative milestone occurrences.,ADVISORY_MEDIAN_RELATIVE_HAZARD,"{'30d': False, '90d': False, '180d': True, '365d': True, '730d': True}"
CAS_CLEAN_204,SNP_CAS_CLEAN_204_CASE_INITIATION_MILESTONE_20250227,20250227,CASE_INITIATION_TO_MILESTONE,1.0.0-cox-production-baseline,-1.259725,0.283732,0.999658,0.994508,0.993703,0.993261,0.993261,0.000342,0.005492,0.006297,0.006739,0.006739,PARTIAL — CALIBRATION NOT RELIABLE DUE TO EVENT SPARSITY,HIGH_UNCERTAINTY_SPARSE_EVENTS,HIGH UNCERTAINTY: Estimates derived from sparse administrative milestone occurrences.,ADVISORY_MEDIAN_RELATIVE_HAZARD,"{'30d': False, '90d': False, '180d': True, '365d': True, '730d': True}"
CAS_CLEAN_205,SNP_CAS_CLEAN_205_CASE_INITIATION_MILESTONE_20250227,20250227,CASE_INITIATION_TO_MILESTONE,1.0.0-cox-production-baseline,-1.259725,0.283732,0.999658,0.994508,0.993703,0.993261,0.993261,0.000342,0.005492,0.006297,0.006739,0.006739,PARTIAL — CALIBRATION NOT RELIABLE DUE TO EVENT SPARSITY,HIGH_UNCERTAINTY_SPARSE_EVENTS,HIGH UNCERTAINTY: Estimates derived from sparse administrative milestone occurrences.,ADVISORY_MEDIAN_RELATIVE_HAZARD,"{'30d': False, '90d': False, '180d': True, '365d': True, '730d': True}"
CAS_CLEAN_206,SNP_CAS_CLEAN_206_CASE_INITIATION_MILESTONE_20250227,20250227,CASE_INITIATION_TO_MILESTONE,1.0.0-cox-production-baseline,-1.259725,0.283732,0.999658,0.994508,0.993703,0.993261,0.993261,0.000342,0.005492,0.006297,0.006739,0.006739,PARTIAL — CALIBRATION NOT RELIABLE DUE TO EVENT SPARSITY,HIGH_UNCERTAINTY_SPARSE_EVENTS,HIGH UNCERTAINTY: Estimates derived from sparse administrative milestone occurrences.,ADVISORY_MEDIAN_RELATIVE_HAZARD,"{'30d': False, '90d': False, '180d': True, '365d': True, '730d': True}"
CAS_CLEAN_211,SNP_CAS_CLEAN_211_CASE_INITIATION_MILESTONE_20250301,20250301,CASE_INITIATION_TO_MILESTONE,1.0.0-cox-production-baseline,-1.259725,0.283732,0.999658,0.994508,0.993703,0.993261,0.993261,0.000342,0.005492,0.006297,0.006739,0.006739,PARTIAL — CALIBRATION NOT RELIABLE DUE TO EVENT SPARSITY,HIGH_UNCERTAINTY_SPARSE_EVENTS,HIGH UNCERTAINTY: Estimates derived from sparse administrative milestone occurrences.,ADVISORY_MEDIAN_RELATIVE_HAZARD,"{'30d': False, '90d': False, '180d': True, '365d': True, '730d': True}"
CAS_CLEAN_148,SNP_CAS_CLEAN_148_CASE_INITIATION_MILESTONE_20250302,20250302,CASE_INITIATION_TO_MILESTONE,1.0.0-cox-production-baseline,-1.108349,0.330104,0.999602,0.993613,0.992678,0.992164,0.992164,0.000398,0.006387,0.007322,0.007836,0.007836,PARTIAL — CALIBRATION NOT RELIABLE DUE TO EVENT SPARSITY,HIGH_UNCERTAINTY_SPARSE_EVENTS,HIGH UNCERTAINTY: Estimates derived from sparse administrative milestone occurrences.,ADVISORY_MEDIAN_RELATIVE_HAZARD,"{'30d': False, '90d': False, '180d': True, '365d': True, '730d': True}"
CAS_CLEAN_021,SNP_CAS_CLEAN_021_CASE_INITIATION_MILESTONE_20250305,20250305,CASE_INITIATION_TO_MILESTONE,1.0.0-cox-production-baseline,-1.463924,0.231327,0.999721,0.99552,0.994863,0.994502,0.994502,0.000279,0.00448,0.005137,0.005498,0.005498,PARTIAL — CALIBRATION NOT RELIABLE DUE TO EVENT SPARSITY,HIGH_UNCERTAINTY_SPARSE_EVENTS,HIGH UNCERTAINTY: Estimates derived from sparse administrative milestone occurrences.,ADVISORY_MEDIAN_RELATIVE_HAZARD,"{'30d': False, '90d': False, '180d': True, '365d': True, '730d': True}"
CAS_CLEAN_005,SNP_CAS_CLEAN_005_CASE_INITIATION_MILESTONE_20250310,20250310,CASE_INITIATION_TO_MILESTONE,1.0.0-cox-production-baseline,-1.15705,0.314412,0.999621,0.993916,0.993025,0.992535,0.992535,0.000379,0.006084,0.006975,0.007465,0.007465,PARTIAL — CALIBRATION NOT RELIABLE DUE TO EVENT SPARSITY,HIGH_UNCERTAINTY_SPARSE_EVENTS,HIGH UNCERTAINTY: Estimates derived from sparse administrative milestone occurrences.,ADVISORY_MEDIAN_RELATIVE_HAZARD,"{'30d': False, '90d': False, '180d': True, '365d': True, '730d': True}"
CAS_CLEAN_079,SNP_CAS_CLEAN_079_CASE_INITIATION_MILESTONE_20250310,20250310,CASE_INITIATION_TO_MILESTONE,1.0.0-cox-production-baseline,-1.15705,0.314412,0.999621,0.993916,0.993025,0.992535,0.992535,0.000379,0.006084,0.006975,0.007465,0.007465,PARTIAL — CALIBRATION NOT RELIABLE DUE TO EVENT SPARSITY,HIGH_UNCERTAINTY_SPARSE_EVENTS,HIGH UNCERTAINTY: Estimates derived from sparse administrative milestone occurrences.,ADVISORY_MEDIAN_RELATIVE_HAZARD,"{'30d': False, '90d': False, '180d': True, '365d': True, '730d': True}"
CAS_CLEAN_145,SNP_CAS_CLEAN_145_CASE_INITIATION_MILESTONE_20250310,20250310,CASE_INITIATION_TO_MILESTONE,1.0.0-cox-production-baseline,-1.15705,0.314412,0.999621,0.993916,0.993025,0.992535,0.992535,0.000379,0.006084,0.006975,0.007465,0.007465,PARTIAL — CALIBRATION NOT RELIABLE DUE TO EVENT SPARSITY,HIGH_UNCERTAINTY_SPARSE_EVENTS,HIGH UNCERTAINTY: Estimates derived from sparse administrative milestone occurrences.,ADVISORY_MEDIAN_RELATIVE_HAZARD,"{'30d': False, '90d': False, '180d': True, '365d': True, '730d': True}"
CAS_CLEAN_212,SNP_CAS_CLEAN_212_CASE_INITIATION_MILESTONE_20250310,20250310,CASE_INITIATION_TO_MILESTONE,1.0.0-cox-production-baseline,-1.259725,0.283732,0.999658,0.994508,0.993703,0.993261,0.993261,0.000342,0.005492,0.006297,0.006739,0.006739,PARTIAL — CALIBRATION NOT RELIABLE DUE TO EVENT SPARSITY,HIGH_UNCERTAINTY_SPARSE_EVENTS,HIGH UNCERTAINTY: Estimates derived from sparse administrative milestone occurrences.,ADVISORY_MEDIAN_RELATIVE_HAZARD,"{'30d': False, '90d': False, '180d': True, '365d': True, '730d': True}"
CAS_CLEAN_213,SNP_CAS_CLEAN_213_CASE_INITIATION_MILESTONE_20250310,20250310,CASE_INITIATION_TO_MILESTONE,1.0.0-cox-production-baseline,-1.259725,0.283732,0.999658,0.994508,0.993703,0.993261,0.993261,0.000342,0.005492,0.006297,0.006739,0.006739,PARTIAL — CALIBRATION NOT RELIABLE DUE TO EVENT SPARSITY,HIGH_UNCERTAINTY_SPARSE_EVENTS,HIGH UNCERTAINTY: Estimates derived from sparse administrative milestone occurrences.,ADVISORY_MEDIAN_RELATIVE_HAZARD,"{'30d': False, '90d': False, '180d': True, '365d': True, '730d': True}"
CAS_CLEAN_215,SNP_CAS_CLEAN_215_CASE_INITIATION_MILESTONE_20250311,20250311,CASE_INITIATION_TO_MILESTONE,1.0.0-cox-production-baseline,-1.259725,0.283732,0.999658,0.994508,0.993703,0.993261,0.993261,0.000342,0.005492,0.006297,0.006739,0.006739,PARTIAL — CALIBRATION NOT RELIABLE DUE TO EVENT SPARSITY,HIGH_UNCERTAINTY_SPARSE_EVENTS,HIGH UNCERTAINTY: Estimates derived from sparse administrative milestone occurrences.,ADVISORY_MEDIAN_RELATIVE_HAZARD,"{'30d': False, '90d': False, '180d': True, '365d': True, '730d': True}"
CAS_CLEAN_091,SNP_CAS_CLEAN_091_CASE_INITIATION_MILESTONE_20250312,20250312,CASE_INITIATION_TO_MILESTONE,1.0.0-cox-production-baseline,-1.108349,0.330104,0.999602,0.993613,0.992678,0.992164,0.992164,0.000398,0.006387,0.007322,0.007836,0.007836,PARTIAL — CALIBRATION NOT RELIABLE DUE TO EVENT SPARSITY,HIGH_UNCERTAINTY_SPARSE_EVENTS,HIGH UNCERTAINTY: Estimates derived from sparse administrative milestone occurrences.,ADVISORY_MEDIAN_RELATIVE_HAZARD,"{'30d': False, '90d': False, '180d': True, '365d': True, '730d': True}"
CAS_CLEAN_164,SNP_CAS_CLEAN_164_CASE_INITIATION_MILESTONE_20250313,20250313,CASE_INITIATION_TO_MILESTONE,1.0.0-cox-production-baseline,-1.463924,0.231327,0.999721,0.99552,0.994863,0.994502,0.994502,0.000279,0.00448,0.005137,0.005498,0.005498,PARTIAL — CALIBRATION NOT RELIABLE DUE TO EVENT SPARSITY,HIGH_UNCERTAINTY_SPARSE_EVENTS,HIGH UNCERTAINTY: Estimates derived from sparse administrative milestone occurrences.,ADVISORY_MEDIAN_RELATIVE_HAZARD,"{'30d': False, '90d': False, '180d': True, '365d': True, '730d': True}"
CAS_CLEAN_165,SNP_CAS_CLEAN_165_CASE_INITIATION_MILESTONE_20250313,20250313,CASE_INITIATION_TO_MILESTONE,1.0.0-cox-production-baseline,-1.463924,0.231327,0.999721,0.99552,0.994863,0.994502,0.994502,0.000279,0.00448,0.005137,0.005498,0.005498,PARTIAL — CALIBRATION NOT RELIABLE DUE TO EVENT SPARSITY,HIGH_UNCERTAINTY_SPARSE_EVENTS,HIGH UNCERTAINTY: Estimates derived from sparse administrative milestone occurrences.,ADVISORY_MEDIAN_RELATIVE_HAZARD,"{'30d': False, '90d': False, '180d': True, '365d': True, '730d': True}"
CAS_CLEAN_207,SNP_CAS_CLEAN_207_CASE_INITIATION_MILESTONE_20250313,20250313,CASE_INITIATION_TO_MILESTONE,1.0.0-cox-production-baseline,-1.259725,0.283732,0.999658,0.994508,0.993703,0.993261,0.993261,0.000342,0.005492,0.006297,0.006739,0.006739,PARTIAL — CALIBRATION NOT RELIABLE DUE TO EVENT SPARSITY,HIGH_UNCERTAINTY_SPARSE_EVENTS,HIGH UNCERTAINTY: Estimates derived from sparse administrative milestone occurrences.,ADVISORY_MEDIAN_RELATIVE_HAZARD,"{'30d': False, '90d': False, '180d': True, '365d': True, '730d': True}"
CAS_CLEAN_208,SNP_CAS_CLEAN_208_CASE_INITIATION_MILESTONE_20250313,20250313,CASE_INITIATION_TO_MILESTONE,1.0.0-cox-production-baseline,-1.259725,0.283732,0.999658,0.994508,0.993703,0.993261,0.993261,0.000342,0.005492,0.006297,0.006739,0.006739,PARTIAL — CALIBRATION NOT RELIABLE DUE TO EVENT SPARSITY,HIGH_UNCERTAINTY_SPARSE_EVENTS,HIGH UNCERTAINTY: Estimates derived from sparse administrative milestone occurrences.,ADVISORY_MEDIAN_RELATIVE_HAZARD,"{'30d': False, '90d': False, '180d': True, '365d': True, '730d': True}"
CAS_CLEAN_209,SNP_CAS_CLEAN_209_CASE_INITIATION_MILESTONE_20250313,20250313,CASE_INITIATION_TO_MILESTONE,1.0.0-cox-production-baseline,-1.259725,0.283732,0.999658,0.994508,0.993703,0.993261,0.993261,0.000342,0.005492,0.006297,0.006739,0.006739,PARTIAL — CALIBRATION NOT RELIABLE DUE TO EVENT SPARSITY,HIGH_UNCERTAINTY_SPARSE_EVENTS,HIGH UNCERTAINTY: Estimates derived from sparse administrative milestone occurrences.,ADVISORY_MEDIAN_RELATIVE_HAZARD,"{'30d': False, '90d': False, '180d': True, '365d': True, '730d': True}"
CAS_CLEAN_039,SNP_CAS_CLEAN_039_CASE_INITIATION_MILESTONE_20250314,20250314,CASE_INITIATION_TO_MILESTONE,1.0.0-cox-production-baseline,-0.03201,0.968497,0.998834,0.981377,0.97867,0.977182,0.977182,0.001166,0.018623,0.02133,0.022818,0.022818,PARTIAL — CALIBRATION NOT RELIABLE DUE TO EVENT SPARSITY,HIGH_UNCERTAINTY_SPARSE_EVENTS,HIGH UNCERTAINTY: Estimates derived from sparse administrative milestone occurrences.,ADVISORY_ELEVATED_RELATIVE_HAZARD,"{'30d': False, '90d': False, '180d': True, '365d': True, '730d': True}"
CAS_CLEAN_041,SNP_CAS_CLEAN_041_CASE_INITIATION_MILESTONE_20250314,20250314,CASE_INITIATION_TO_MILESTONE,1.0.0-cox-production-baseline,-0.03201,0.968497,0.998834,0.981377,0.97867,0.977182,0.977182,0.001166,0.018623,0.02133,0.022818,0.022818,PARTIAL — CALIBRATION NOT RELIABLE DUE TO EVENT SPARSITY,HIGH_UNCERTAINTY_SPARSE_EVENTS,HIGH UNCERTAINTY: Estimates derived from sparse administrative milestone occurrences.,ADVISORY_ELEVATED_RELATIVE_HAZARD,"{'30d': False, '90d': False, '180d': True, '365d': True, '730d': True}"
CAS_CLEAN_136,SNP_CAS_CLEAN_136_CASE_INITIATION_MILESTONE_20250314,20250314,CASE_INITIATION_TO_MILESTONE,1.0.0-cox-production-baseline,-0.03201,0.968497,0.998834,0.981377,0.97867,0.977182,0.977182,0.001166,0.018623,0.02133,0.022818,0.022818,PARTIAL — CALIBRATION NOT RELIABLE DUE TO EVENT SPARSITY,HIGH_UNCERTAINTY_SPARSE_EVENTS,HIGH UNCERTAINTY: Estimates derived from sparse administrative milestone occurrences.,ADVISORY_ELEVATED_RELATIVE_HAZARD,"{'30d': False, '90d': False, '180d': True, '365d': True, '730d': True}"
CAS_CLEAN_258,SNP_CAS_CLEAN_258_CASE_INITIATION_MILESTONE_20250317,20250317,CASE_INITIATION_TO_MILESTONE,1.0.0-cox-production-baseline,-1.013842,0.362822,0.999563,0.992982,0.991955,0.99139,0.99139,0.000437,0.007018,0.008045,0.00861,0.00861,PARTIAL — CALIBRATION NOT RELIABLE DUE TO EVENT SPARSITY,HIGH_UNCERTAINTY_SPARSE_EVENTS,HIGH UNCERTAINTY: Estimates derived from sparse administrative milestone occurrences.,ADVISORY_MEDIAN_RELATIVE_HAZARD,"{'30d': False, '90d': False, '180d': True, '365d': True, '730d': True}"
CAS_CLEAN_210,SNP_CAS_CLEAN_210_CASE_INITIATION_MILESTONE_20250320,20250320,CASE_INITIATION_TO_MILESTONE,1.0.0-cox-production-baseline,-1.259725,0.283732,0.999658,0.994508,0.993703,0.993261,0.993261,0.000342,0.005492,0.006297,0.006739,0.006739,PARTIAL — CALIBRATION NOT RELIABLE DUE TO EVENT SPARSITY,HIGH_UNCERTAINTY_SPARSE_EVENTS,HIGH UNCERTAINTY: Estimates derived from sparse administrative milestone occurrences.,ADVISORY_MEDIAN_RELATIVE_HAZARD,"{'30d': False, '90d': False, '180d': True, '365d': True, '730d': True}"
CAS_CLEAN_126,SNP_CAS_CLEAN_126_CASE_INITIATION_MILESTONE_20250322,20250322,CASE_INITIATION_TO_MILESTONE,1.0.0-cox-production-baseline,-1.146045,0.317892,0.999617,0.993849,0.992948,0.992452,0.992452,0.000383,0.006151,0.007052,0.007548,0.007548,PARTIAL — CALIBRATION NOT RELIABLE DUE TO EVENT SPARSITY,HIGH_UNCERTAINTY_SPARSE_EVENTS,HIGH UNCERTAINTY: Estimates derived from sparse administrative milestone occurrences.,ADVISORY_MEDIAN_RELATIVE_HAZARD,"{'30d': False, '90d': False, '180d': True, '365d': True, '730d': True}"
CAS_CLEAN_127,SNP_CAS_CLEAN_127_CASE_INITIATION_MILESTONE_20250322,20250322,CASE_INITIATION_TO_MILESTONE,1.0.0-cox-production-baseline,-1.146045,0.317892,0.999617,0.993849,0.992948,0.992452,0.992452,0.000383,0.006151,0.007052,0.007548,0.007548,PARTIAL — CALIBRATION NOT RELIABLE DUE TO EVENT SPARSITY,HIGH_UNCERTAINTY_SPARSE_EVENTS,HIGH UNCERTAINTY: Estimates derived from sparse administrative milestone occurrences.,ADVISORY_MEDIAN_RELATIVE_HAZARD,"{'30d': False, '90d': False, '180d': True, '365d': True, '730d': True}"
CAS_CLEAN_228,SNP_CAS_CLEAN_228_CASE_INITIATION_MILESTONE_20250323,20250323,CASE_INITIATION_TO_MILESTONE,1.0.0-cox-production-baseline,-1.376095,0.252563,0.999696,0.99511,0.994393,0.993999,0.993999,0.000304,0.00489,0.005607,0.006001,0.006001,PARTIAL — CALIBRATION NOT RELIABLE DUE TO EVENT SPARSITY,HIGH_UNCERTAINTY_SPARSE_EVENTS,HIGH UNCERTAINTY: Estimates derived from sparse administrative milestone occurrences.,ADVISORY_MEDIAN_RELATIVE_HAZARD,"{'30d': False, '90d': False, '180d': True, '365d': True, '730d': True}"
CAS_CLEAN_229,SNP_CAS_CLEAN_229_CASE_INITIATION_MILESTONE_20250323,20250323,CASE_INITIATION_TO_MILESTONE,1.0.0-cox-production-baseline,-1.376095,0.252563,0.999696,0.99511,0.994393,0.993999,0.993999,0.000304,0.00489,0.005607,0.006001,0.006001,PARTIAL — CALIBRATION NOT RELIABLE DUE TO EVENT SPARSITY,HIGH_UNCERTAINTY_SPARSE_EVENTS,HIGH UNCERTAINTY: Estimates derived from sparse administrative milestone occurrences.,ADVISORY_MEDIAN_RELATIVE_HAZARD,"{'30d': False, '90d': False, '180d': True, '365d': True, '730d': True}"
CAS_CLEAN_230,SNP_CAS_CLEAN_230_CASE_INITIATION_MILESTONE_20250323,20250323,CASE_INITIATION_TO_MILESTONE,1.0.0-cox-production-baseline,-1.376095,0.252563,0.999696,0.99511,0.994393,0.993999,0.993999,0.000304,0.00489,0.005607,0.006001,0.006001,PARTIAL — CALIBRATION NOT RELIABLE DUE TO EVENT SPARSITY,HIGH_UNCERTAINTY_SPARSE_EVENTS,HIGH UNCERTAINTY: Estimates derived from sparse administrative milestone occurrences.,ADVISORY_MEDIAN_RELATIVE_HAZARD,"{'30d': False, '90d': False, '180d': True, '365d': True, '730d': True}"
CAS_CLEAN_231,SNP_CAS_CLEAN_231_CASE_INITIATION_MILESTONE_20250323,20250323,CASE_INITIATION_TO_MILESTONE,1.0.0-cox-production-baseline,-1.376095,0.252563,0.999696,0.99511,0.994393,0.993999,0.993999,0.000304,0.00489,0.005607,0.006001,0.006001,PARTIAL — CALIBRATION NOT RELIABLE DUE TO EVENT SPARSITY,HIGH_UNCERTAINTY_SPARSE_EVENTS,HIGH UNCERTAINTY: Estimates derived from sparse administrative milestone occurrences.,ADVISORY_MEDIAN_RELATIVE_HAZARD,"{'30d': False, '90d': False, '180d': True, '365d': True, '730d': True}"
CAS_CLEAN_232,SNP_CAS_CLEAN_232_CASE_INITIATION_MILESTONE_20250323,20250323,CASE_INITIATION_TO_MILESTONE,1.0.0-cox-production-baseline,-1.376095,0.252563,0.999696,0.99511,0.994393,0.993999,0.993999,0.000304,0.00489,0.005607,0.006001,0.006001,PARTIAL — CALIBRATION NOT RELIABLE DUE TO EVENT SPARSITY,HIGH_UNCERTAINTY_SPARSE_EVENTS,HIGH UNCERTAINTY: Estimates derived from sparse administrative milestone occurrences.,ADVISORY_MEDIAN_RELATIVE_HAZARD,"{'30d': False, '90d': False, '180d': True, '365d': True, '730d': True}"
CAS_CLEAN_242,SNP_CAS_CLEAN_242_CASE_INITIATION_MILESTONE_20250323,20250323,CASE_INITIATION_TO_MILESTONE,1.0.0-cox-production-baseline,-1.376095,0.252563,0.999696,0.99511,0.994393,0.993999,0.993999,0.000304,0.00489,0.005607,0.006001,0.006001,PARTIAL — CALIBRATION NOT RELIABLE DUE TO EVENT SPARSITY,HIGH_UNCERTAINTY_SPARSE_EVENTS,HIGH UNCERTAINTY: Estimates derived from sparse administrative milestone occurrences.,ADVISORY_MEDIAN_RELATIVE_HAZARD,"{'30d': False, '90d': False, '180d': True, '365d': True, '730d': True}"
CAS_CLEAN_001,SNP_CAS_CLEAN_001_CASE_INITIATION_MILESTONE_20250327,20250327,CASE_INITIATION_TO_MILESTONE,1.0.0-cox-production-baseline,-0.913305,0.401196,0.999517,0.992243,0.991108,0.990484,0.990484,0.000483,0.007757,0.008892,0.009516,0.009516,PARTIAL — CALIBRATION NOT RELIABLE DUE TO EVENT SPARSITY,HIGH_UNCERTAINTY_SPARSE_EVENTS,HIGH UNCERTAINTY: Estimates derived from sparse administrative milestone occurrences.,ADVISORY_MEDIAN_RELATIVE_HAZARD,"{'30d': False, '90d': False, '180d': True, '365d': True, '730d': True}"
CAS_CLEAN_227,SNP_CAS_CLEAN_227_CASE_INITIATION_MILESTONE_20250327,20250327,CASE_INITIATION_TO_MILESTONE,1.0.0-cox-production-baseline,-1.376095,0.252563,0.999696,0.99511,0.994393,0.993999,0.993999,0.000304,0.00489,0.005607,0.006001,0.006001,PARTIAL — CALIBRATION NOT RELIABLE DUE TO EVENT SPARSITY,HIGH_UNCERTAINTY_SPARSE_EVENTS,HIGH UNCERTAINTY: Estimates derived from sparse administrative milestone occurrences.,ADVISORY_MEDIAN_RELATIVE_HAZARD,"{'30d': False, '90d': False, '180d': True, '365d': True, '730d': True}"
CAS_CLEAN_240,SNP_CAS_CLEAN_240_CASE_INITIATION_MILESTONE_20250327,20250327,CASE_INITIATION_TO_MILESTONE,1.0.0-cox-production-baseline,-1.376095,0.252563,0.999696,0.99511,0.994393,0.993999,0.993999,0.000304,0.00489,0.005607,0.006001,0.006001,PARTIAL — CALIBRATION NOT RELIABLE DUE TO EVENT SPARSITY,HIGH_UNCERTAINTY_SPARSE_EVENTS,HIGH UNCERTAINTY: Estimates derived from sparse administrative milestone occurrences.,ADVISORY_MEDIAN_RELATIVE_HAZARD,"{'30d': False, '90d': False, '180d': True, '365d': True, '730d': True}"
CAS_CLEAN_096,SNP_CAS_CLEAN_096_CASE_INITIATION_MILESTONE_20250330,20250330,CASE_INITIATION_TO_MILESTONE,1.0.0-cox-production-baseline,-1.031781,0.356372,0.999571,0.993107,0.992098,0.991543,0.991543,0.000429,0.006893,0.007902,0.008457,0.008457,PARTIAL — CALIBRATION NOT RELIABLE DUE TO EVENT SPARSITY,HIGH_UNCERTAINTY_SPARSE_EVENTS,HIGH UNCERTAINTY: Estimates derived from sparse administrative milestone occurrences.,ADVISORY_MEDIAN_RELATIVE_HAZARD,"{'30d': False, '90d': False, '180d': True, '365d': True, '730d': True}"
CAS_CLEAN_095,SNP_CAS_CLEAN_095_CASE_INITIATION_MILESTONE_20250401,20250401,CASE_INITIATION_TO_MILESTONE,1.0.0-cox-production-baseline,-1.157863,0.314157,0.999622,0.993921,0.993031,0.992541,0.992541,0.000378,0.006079,0.006969,0.007459,0.007459,PARTIAL — CALIBRATION NOT RELIABLE DUE TO EVENT SPARSITY,HIGH_UNCERTAINTY_SPARSE_EVENTS,HIGH UNCERTAINTY: Estimates derived from sparse administrative milestone occurrences.,ADVISORY_MEDIAN_RELATIVE_HAZARD,"{'30d': False, '90d': False, '180d': True, '365d': True, '730d': True}"
CAS_CLEAN_214,SNP_CAS_CLEAN_214_CASE_INITIATION_MILESTONE_20250401,20250401,CASE_INITIATION_TO_MILESTONE,1.0.0-cox-production-baseline,-1.376095,0.252563,0.999696,0.99511,0.994393,0.993999,0.993999,0.000304,0.00489,0.005607,0.006001,0.006001,PARTIAL — CALIBRATION NOT RELIABLE DUE TO EVENT SPARSITY,HIGH_UNCERTAINTY_SPARSE_EVENTS,HIGH UNCERTAINTY: Estimates derived from sparse administrative milestone occurrences.,ADVISORY_MEDIAN_RELATIVE_HAZARD,"{'30d': False, '90d': False, '180d': True, '365d': True, '730d': True}"
CAS_CLEAN_223,SNP_CAS_CLEAN_223_CASE_INITIATION_MILESTONE_20250401,20250401,CASE_INITIATION_TO_MILESTONE,1.0.0-cox-production-baseline,-1.376095,0.252563,0.999696,0.99511,0.994393,0.993999,0.993999,0.000304,0.00489,0.005607,0.006001,0.006001,PARTIAL — CALIBRATION NOT RELIABLE DUE TO EVENT SPARSITY,HIGH_UNCERTAINTY_SPARSE_EVENTS,HIGH UNCERTAINTY: Estimates derived from sparse administrative milestone occurrences.,ADVISORY_MEDIAN_RELATIVE_HAZARD,"{'30d': False, '90d': False, '180d': True, '365d': True, '730d': True}"
CAS_CLEAN_224,SNP_CAS_CLEAN_224_CASE_INITIATION_MILESTONE_20250401,20250401,CASE_INITIATION_TO_MILESTONE,1.0.0-cox-production-baseline,-1.376095,0.252563,0.999696,0.99511,0.994393,0.993999,0.993999,0.000304,0.00489,0.005607,0.006001,0.006001,PARTIAL — CALIBRATION NOT RELIABLE DUE TO EVENT SPARSITY,HIGH_UNCERTAINTY_SPARSE_EVENTS,HIGH UNCERTAINTY: Estimates derived from sparse administrative milestone occurrences.,ADVISORY_MEDIAN_RELATIVE_HAZARD,"{'30d': False, '90d': False, '180d': True, '365d': True, '730d': True}"
CAS_CLEAN_225,SNP_CAS_CLEAN_225_CASE_INITIATION_MILESTONE_20250401,20250401,CASE_INITIATION_TO_MILESTONE,1.0.0-cox-production-baseline,-1.376095,0.252563,0.999696,0.99511,0.994393,0.993999,0.993999,0.000304,0.00489,0.005607,0.006001,0.006001,PARTIAL — CALIBRATION NOT RELIABLE DUE TO EVENT SPARSITY,HIGH_UNCERTAINTY_SPARSE_EVENTS,HIGH UNCERTAINTY: Estimates derived from sparse administrative milestone occurrences.,ADVISORY_MEDIAN_RELATIVE_HAZARD,"{'30d': False, '90d': False, '180d': True, '365d': True, '730d': True}"
CAS_CLEAN_185,SNP_CAS_CLEAN_185_CASE_INITIATION_MILESTONE_20250403,20250403,CASE_INITIATION_TO_MILESTONE,1.0.0-cox-production-baseline,-1.376095,0.252563,0.999696,0.99511,0.994393,0.993999,0.993999,0.000304,0.00489,0.005607,0.006001,0.006001,PARTIAL — CALIBRATION NOT RELIABLE DUE TO EVENT SPARSITY,HIGH_UNCERTAINTY_SPARSE_EVENTS,HIGH UNCERTAINTY: Estimates derived from sparse administrative milestone occurrences.,ADVISORY_MEDIAN_RELATIVE_HAZARD,"{'30d': False, '90d': False, '180d': True, '365d': True, '730d': True}"
CAS_CLEAN_201,SNP_CAS_CLEAN_201_CASE_INITIATION_MILESTONE_20250404,20250404,CASE_INITIATION_TO_MILESTONE,1.0.0-cox-production-baseline,-1.259725,0.283732,0.999658,0.994508,0.993703,0.993261,0.993261,0.000342,0.005492,0.006297,0.006739,0.006739,PARTIAL — CALIBRATION NOT RELIABLE DUE TO EVENT SPARSITY,HIGH_UNCERTAINTY_SPARSE_EVENTS,HIGH UNCERTAINTY: Estimates derived from sparse administrative milestone occurrences.,ADVISORY_MEDIAN_RELATIVE_HAZARD,"{'30d': False, '90d': False, '180d': True, '365d': True, '730d': True}"
CAS_CLEAN_238,SNP_CAS_CLEAN_238_CASE_INITIATION_MILESTONE_20250404,20250404,CASE_INITIATION_TO_MILESTONE,1.0.0-cox-production-baseline,-1.259725,0.283732,0.999658,0.994508,0.993703,0.993261,0.993261,0.000342,0.005492,0.006297,0.006739,0.006739,PARTIAL — CALIBRATION NOT RELIABLE DUE TO EVENT SPARSITY,HIGH_UNCERTAINTY_SPARSE_EVENTS,HIGH UNCERTAINTY: Estimates derived from sparse administrative milestone occurrences.,ADVISORY_MEDIAN_RELATIVE_HAZARD,"{'30d': False, '90d': False, '180d': True, '365d': True, '730d': True}"
CAS_CLEAN_020,SNP_CAS_CLEAN_020_CASE_INITIATION_MILESTONE_20250406,20250406,CASE_INITIATION_TO_MILESTONE,1.0.0-cox-production-baseline,-1.341089,0.261561,0.999685,0.994936,0.994194,0.993786,0.993786,0.000315,0.005064,0.005806,0.006214,0.006214,PARTIAL — CALIBRATION NOT RELIABLE DUE TO EVENT SPARSITY,HIGH_UNCERTAINTY_SPARSE_EVENTS,HIGH UNCERTAINTY: Estimates derived from sparse administrative milestone occurrences.,ADVISORY_MEDIAN_RELATIVE_HAZARD,"{'30d': False, '90d': False, '180d': True, '365d': True, '730d': True}"
CAS_CLEAN_071,SNP_CAS_CLEAN_071_CASE_INITIATION_MILESTONE_20250409,20250409,CASE_INITIATION_TO_MILESTONE,1.0.0-cox-production-baseline,1.015077,2.759576,0.996681,0.947845,0.940415,0.936348,0.936348,0.003319,0.052155,0.059585,0.063652,0.063652,PARTIAL — CALIBRATION NOT RELIABLE DUE TO EVENT SPARSITY,HIGH_UNCERTAINTY_SPARSE_EVENTS,HIGH UNCERTAINTY: Estimates derived from sparse administrative milestone occurrences.,ADVISORY_HIGHEST_DECILE_HAZARD,"{'30d': False, '90d': False, '180d': True, '365d': True, '730d': True}"
CAS_CLEAN_009,SNP_CAS_CLEAN_009_CASE_INITIATION_MILESTONE_20250414,20250414,CASE_INITIATION_TO_MILESTONE,1.0.0-cox-production-baseline,0.323565,1.382046,0.998336,0.973531,0.969701,0.967599,0.967599,0.001664,0.026469,0.030299,0.032401,0.032401,PARTIAL — CALIBRATION NOT RELIABLE DUE TO EVENT SPARSITY,HIGH_UNCERTAINTY_SPARSE_EVENTS,HIGH UNCERTAINTY: Estimates derived from sparse administrative milestone occurrences.,ADVISORY_HIGHEST_DECILE_HAZARD,"{'30d': False, '90d': False, '180d': True, '365d': True, '730d': True}"
CAS_CLEAN_064,SNP_CAS_CLEAN_064_CASE_INITIATION_MILESTONE_20250414,20250414,CASE_INITIATION_TO_MILESTONE,1.0.0-cox-production-baseline,0.323565,1.382046,0.998336,0.973531,0.969701,0.967599,0.967599,0.001664,0.026469,0.030299,0.032401,0.032401,PARTIAL — CALIBRATION NOT RELIABLE DUE TO EVENT SPARSITY,HIGH_UNCERTAINTY_SPARSE_EVENTS,HIGH UNCERTAINTY: Estimates derived from sparse administrative milestone occurrences.,ADVISORY_HIGHEST_DECILE_HAZARD,"{'30d': False, '90d': False, '180d': True, '365d': True, '730d': True}"
CAS_CLEAN_120,SNP_CAS_CLEAN_120_CASE_INITIATION_MILESTONE_20250414,20250414,CASE_INITIATION_TO_MILESTONE,1.0.0-cox-production-baseline,0.323565,1.382046,0.998336,0.973531,0.969701,0.967599,0.967599,0.001664,0.026469,0.030299,0.032401,0.032401,PARTIAL — CALIBRATION NOT RELIABLE DUE TO EVENT SPARSITY,HIGH_UNCERTAINTY_SPARSE_EVENTS,HIGH UNCERTAINTY: Estimates derived from sparse administrative milestone occurrences.,ADVISORY_HIGHEST_DECILE_HAZARD,"{'30d': False, '90d': False, '180d': True, '365d': True, '730d': True}"
CAS_CLEAN_149,SNP_CAS_CLEAN_149_CASE_INITIATION_MILESTONE_20250415,20250415,CASE_INITIATION_TO_MILESTONE,1.0.0-cox-production-baseline,-0.913305,0.401196,0.999517,0.992243,0.991108,0.990484,0.990484,0.000483,0.007757,0.008892,0.009516,0.009516,PARTIAL — CALIBRATION NOT RELIABLE DUE TO EVENT SPARSITY,HIGH_UNCERTAINTY_SPARSE_EVENTS,HIGH UNCERTAINTY: Estimates derived from sparse administrative milestone occurrences.,ADVISORY_MEDIAN_RELATIVE_HAZARD,"{'30d': False, '90d': False, '180d': True, '365d': True, '730d': True}"
CAS_CLEAN_156,SNP_CAS_CLEAN_156_CASE_INITIATION_MILESTONE_20250415,20250415,CASE_INITIATION_TO_MILESTONE,1.0.0-cox-production-baseline,-0.913305,0.401196,0.999517,0.992243,0.991108,0.990484,0.990484,0.000483,0.007757,0.008892,0.009516,0.009516,PARTIAL — CALIBRATION NOT RELIABLE DUE TO EVENT SPARSITY,HIGH_UNCERTAINTY_SPARSE_EVENTS,HIGH UNCERTAINTY: Estimates derived from sparse administrative milestone occurrences.,ADVISORY_MEDIAN_RELATIVE_HAZARD,"{'30d': False, '90d': False, '180d': True, '365d': True, '730d': True}"
CAS_CLEAN_042,SNP_CAS_CLEAN_042_CASE_INITIATION_MILESTONE_20250417,20250417,CASE_INITIATION_TO_MILESTONE,1.0.0-cox-production-baseline,-0.991979,0.370842,0.999553,0.992828,0.991778,0.991201,0.991201,0.000447,0.007172,0.008222,0.008799,0.008799,PARTIAL — CALIBRATION NOT RELIABLE DUE TO EVENT SPARSITY,HIGH_UNCERTAINTY_SPARSE_EVENTS,HIGH UNCERTAINTY: Estimates derived from sparse administrative milestone occurrences.,ADVISORY_MEDIAN_RELATIVE_HAZARD,"{'30d': False, '90d': False, '180d': True, '365d': True, '730d': True}"
CAS_CLEAN_092,SNP_CAS_CLEAN_092_CASE_INITIATION_MILESTONE_20250417,20250417,CASE_INITIATION_TO_MILESTONE,1.0.0-cox-production-baseline,-0.991979,0.370842,0.999553,0.992828,0.991778,0.991201,0.991201,0.000447,0.007172,0.008222,0.008799,0.008799,PARTIAL — CALIBRATION NOT RELIABLE DUE TO EVENT SPARSITY,HIGH_UNCERTAINTY_SPARSE_EVENTS,HIGH UNCERTAINTY: Estimates derived from sparse administrative milestone occurrences.,ADVISORY_MEDIAN_RELATIVE_HAZARD,"{'30d': False, '90d': False, '180d': True, '365d': True, '730d': True}"
CAS_CLEAN_197,SNP_CAS_CLEAN_197_CASE_INITIATION_MILESTONE_20250417,20250417,CASE_INITIATION_TO_MILESTONE,1.0.0-cox-production-baseline,-1.259725,0.283732,0.999658,0.994508,0.993703,0.993261,0.993261,0.000342,0.005492,0.006297,0.006739,0.006739,PARTIAL — CALIBRATION NOT RELIABLE DUE TO EVENT SPARSITY,HIGH_UNCERTAINTY_SPARSE_EVENTS,HIGH UNCERTAINTY: Estimates derived from sparse administrative milestone occurrences.,ADVISORY_MEDIAN_RELATIVE_HAZARD,"{'30d': False, '90d': False, '180d': True, '365d': True, '730d': True}"
CAS_CLEAN_198,SNP_CAS_CLEAN_198_CASE_INITIATION_MILESTONE_20250421,20250421,CASE_INITIATION_TO_MILESTONE,1.0.0-cox-production-baseline,-1.259725,0.283732,0.999658,0.994508,0.993703,0.993261,0.993261,0.000342,0.005492,0.006297,0.006739,0.006739,PARTIAL — CALIBRATION NOT RELIABLE DUE TO EVENT SPARSITY,HIGH_UNCERTAINTY_SPARSE_EVENTS,HIGH UNCERTAINTY: Estimates derived from sparse administrative milestone occurrences.,ADVISORY_MEDIAN_RELATIVE_HAZARD,"{'30d': False, '90d': False, '180d': True, '365d': True, '730d': True}"
CAS_CLEAN_199,SNP_CAS_CLEAN_199_CASE_INITIATION_MILESTONE_20250421,20250421,CASE_INITIATION_TO_MILESTONE,1.0.0-cox-production-baseline,-1.259725,0.283732,0.999658,0.994508,0.993703,0.993261,0.993261,0.000342,0.005492,0.006297,0.006739,0.006739,PARTIAL — CALIBRATION NOT RELIABLE DUE TO EVENT SPARSITY,HIGH_UNCERTAINTY_SPARSE_EVENTS,HIGH UNCERTAINTY: Estimates derived from sparse administrative milestone occurrences.,ADVISORY_MEDIAN_RELATIVE_HAZARD,"{'30d': False, '90d': False, '180d': True, '365d': True, '730d': True}"
CAS_CLEAN_200,SNP_CAS_CLEAN_200_CASE_INITIATION_MILESTONE_20250421,20250421,CASE_INITIATION_TO_MILESTONE,1.0.0-cox-production-baseline,-1.259725,0.283732,0.999658,0.994508,0.993703,0.993261,0.993261,0.000342,0.005492,0.006297,0.006739,0.006739,PARTIAL — CALIBRATION NOT RELIABLE DUE TO EVENT SPARSITY,HIGH_UNCERTAINTY_SPARSE_EVENTS,HIGH UNCERTAINTY: Estimates derived from sparse administrative milestone occurrences.,ADVISORY_MEDIAN_RELATIVE_HAZARD,"{'30d': False, '90d': False, '180d': True, '365d': True, '730d': True}"
CAS_CLEAN_264,SNP_CAS_CLEAN_264_CASE_INITIATION_MILESTONE_20250421,20250421,CASE_INITIATION_TO_MILESTONE,1.0.0-cox-production-baseline,-1.400952,0.246362,0.999703,0.995229,0.994531,0.994146,0.994146,0.000297,0.004771,0.005469,0.005854,0.005854,PARTIAL — CALIBRATION NOT RELIABLE DUE TO EVENT SPARSITY,HIGH_UNCERTAINTY_SPARSE_EVENTS,HIGH UNCERTAINTY: Estimates derived from sparse administrative milestone occurrences.,ADVISORY_MEDIAN_RELATIVE_HAZARD,"{'30d': False, '90d': False, '180d': True, '365d': True, '730d': True}"
CAS_CLEAN_054,SNP_CAS_CLEAN_054_CASE_INITIATION_MILESTONE_20250422,20250422,CASE_INITIATION_TO_MILESTONE,1.0.0-cox-production-baseline,0.323565,1.382046,0.998336,0.973531,0.969701,0.967599,0.967599,0.001664,0.026469,0.030299,0.032401,0.032401,PARTIAL — CALIBRATION NOT RELIABLE DUE TO EVENT SPARSITY,HIGH_UNCERTAINTY_SPARSE_EVENTS,HIGH UNCERTAINTY: Estimates derived from sparse administrative milestone occurrences.,ADVISORY_HIGHEST_DECILE_HAZARD,"{'30d': False, '90d': False, '180d': True, '365d': True, '730d': True}"
CAS_CLEAN_057,SNP_CAS_CLEAN_057_CASE_INITIATION_MILESTONE_20250423,20250423,CASE_INITIATION_TO_MILESTONE,1.0.0-cox-production-baseline,-0.913305,0.401196,0.999517,0.992243,0.991108,0.990484,0.990484,0.000483,0.007757,0.008892,0.009516,0.009516,PARTIAL — CALIBRATION NOT RELIABLE DUE TO EVENT SPARSITY,HIGH_UNCERTAINTY_SPARSE_EVENTS,HIGH UNCERTAINTY: Estimates derived from sparse administrative milestone occurrences.,ADVISORY_MEDIAN_RELATIVE_HAZARD,"{'30d': False, '90d': False, '180d': True, '365d': True, '730d': True}"
CAS_CLEAN_112,SNP_CAS_CLEAN_112_CASE_INITIATION_MILESTONE_20250423,20250423,CASE_INITIATION_TO_MILESTONE,1.0.0-cox-production-baseline,-0.913305,0.401196,0.999517,0.992243,0.991108,0.990484,0.990484,0.000483,0.007757,0.008892,0.009516,0.009516,PARTIAL — CALIBRATION NOT RELIABLE DUE TO EVENT SPARSITY,HIGH_UNCERTAINTY_SPARSE_EVENTS,HIGH UNCERTAINTY: Estimates derived from sparse administrative milestone occurrences.,ADVISORY_MEDIAN_RELATIVE_HAZARD,"{'30d': False, '90d': False, '180d': True, '365d': True, '730d': True}"
CAS_CLEAN_032,SNP_CAS_CLEAN_032_CASE_INITIATION_MILESTONE_20250425,20250425,CASE_INITIATION_TO_MILESTONE,1.0.0-cox-production-baseline,-1.341089,0.261561,0.999685,0.994936,0.994194,0.993786,0.993786,0.000315,0.005064,0.005806,0.006214,0.006214,PARTIAL — CALIBRATION NOT RELIABLE DUE TO EVENT SPARSITY,HIGH_UNCERTAINTY_SPARSE_EVENTS,HIGH UNCERTAINTY: Estimates derived from sparse administrative milestone occurrences.,ADVISORY_MEDIAN_RELATIVE_HAZARD,"{'30d': False, '90d': False, '180d': True, '365d': True, '730d': True}"
CAS_CLEAN_222,SNP_CAS_CLEAN_222_CASE_INITIATION_MILESTONE_20250428,20250428,CASE_INITIATION_TO_MILESTONE,1.0.0-cox-production-baseline,-1.376095,0.252563,0.999696,0.99511,0.994393,0.993999,0.993999,0.000304,0.00489,0.005607,0.006001,0.006001,PARTIAL — CALIBRATION NOT RELIABLE DUE TO EVENT SPARSITY,HIGH_UNCERTAINTY_SPARSE_EVENTS,HIGH UNCERTAINTY: Estimates derived from sparse administrative milestone occurrences.,ADVISORY_MEDIAN_RELATIVE_HAZARD,"{'30d': False, '90d': False, '180d': True, '365d': True, '730d': True}"
CAS_CLEAN_094,SNP_CAS_CLEAN_094_CASE_INITIATION_MILESTONE_20250503,20250503,CASE_INITIATION_TO_MILESTONE,1.0.0-cox-production-baseline,-1.341089,0.261561,0.999685,0.994936,0.994194,0.993786,0.993786,0.000315,0.005064,0.005806,0.006214,0.006214,PARTIAL — CALIBRATION NOT RELIABLE DUE TO EVENT SPARSITY,HIGH_UNCERTAINTY_SPARSE_EVENTS,HIGH UNCERTAINTY: Estimates derived from sparse administrative milestone occurrences.,ADVISORY_MEDIAN_RELATIVE_HAZARD,"{'30d': False, '90d': False, '180d': True, '365d': True, '730d': True}"
CAS_CLEAN_097,SNP_CAS_CLEAN_097_CASE_INITIATION_MILESTONE_20250505,20250505,CASE_INITIATION_TO_MILESTONE,1.0.0-cox-production-baseline,-0.352659,0.702817,0.999154,0.986451,0.984476,0.983389,0.983389,0.000846,0.013549,0.015524,0.016611,0.016611,PARTIAL — CALIBRATION NOT RELIABLE DUE TO EVENT SPARSITY,HIGH_UNCERTAINTY_SPARSE_EVENTS,HIGH UNCERTAINTY: Estimates derived from sparse administrative milestone occurrences.,ADVISORY_ELEVATED_RELATIVE_HAZARD,"{'30d': False, '90d': False, '180d': True, '365d': True, '730d': True}"
CAS_CLEAN_140,SNP_CAS_CLEAN_140_CASE_INITIATION_MILESTONE_20250505,20250505,CASE_INITIATION_TO_MILESTONE,1.0.0-cox-production-baseline,0.090825,1.095077,0.998682,0.978969,0.975916,0.974239,0.974239,0.001318,0.021031,0.024084,0.025761,0.025761,PARTIAL — CALIBRATION NOT RELIABLE DUE TO EVENT SPARSITY,HIGH_UNCERTAINTY_SPARSE_EVENTS,HIGH UNCERTAINTY: Estimates derived from sparse administrative milestone occurrences.,ADVISORY_ELEVATED_RELATIVE_HAZARD,"{'30d': False, '90d': False, '180d': True, '365d': True, '730d': True}"
CAS_CLEAN_061,SNP_CAS_CLEAN_061_CASE_INITIATION_MILESTONE_20250511,20250511,CASE_INITIATION_TO_MILESTONE,1.0.0-cox-production-baseline,-1.146045,0.317892,0.999617,0.993849,0.992948,0.992452,0.992452,0.000383,0.006151,0.007052,0.007548,0.007548,PARTIAL — CALIBRATION NOT RELIABLE DUE TO EVENT SPARSITY,HIGH_UNCERTAINTY_SPARSE_EVENTS,HIGH UNCERTAINTY: Estimates derived from sparse administrative milestone occurrences.,ADVISORY_MEDIAN_RELATIVE_HAZARD,"{'30d': False, '90d': False, '180d': True, '365d': True, '730d': True}"
CAS_CLEAN_216,SNP_CAS_CLEAN_216_CASE_INITIATION_MILESTONE_20250514,20250514,CASE_INITIATION_TO_MILESTONE,1.0.0-cox-production-baseline,-1.376095,0.252563,0.999696,0.99511,0.994393,0.993999,0.993999,0.000304,0.00489,0.005607,0.006001,0.006001,PARTIAL — CALIBRATION NOT RELIABLE DUE TO EVENT SPARSITY,HIGH_UNCERTAINTY_SPARSE_EVENTS,HIGH UNCERTAINTY: Estimates derived from sparse administrative milestone occurrences.,ADVISORY_MEDIAN_RELATIVE_HAZARD,"{'30d': False, '90d': False, '180d': True, '365d': True, '730d': True}"
CAS_CLEAN_218,SNP_CAS_CLEAN_218_CASE_INITIATION_MILESTONE_20250514,20250514,CASE_INITIATION_TO_MILESTONE,1.0.0-cox-production-baseline,-1.376095,0.252563,0.999696,0.99511,0.994393,0.993999,0.993999,0.000304,0.00489,0.005607,0.006001,0.006001,PARTIAL — CALIBRATION NOT RELIABLE DUE TO EVENT SPARSITY,HIGH_UNCERTAINTY_SPARSE_EVENTS,HIGH UNCERTAINTY: Estimates derived from sparse administrative milestone occurrences.,ADVISORY_MEDIAN_RELATIVE_HAZARD,"{'30d': False, '90d': False, '180d': True, '365d': True, '730d': True}"
CAS_CLEAN_219,SNP_CAS_CLEAN_219_CASE_INITIATION_MILESTONE_20250514,20250514,CASE_INITIATION_TO_MILESTONE,1.0.0-cox-production-baseline,-1.376095,0.252563,0.999696,0.99511,0.994393,0.993999,0.993999,0.000304,0.00489,0.005607,0.006001,0.006001,PARTIAL — CALIBRATION NOT RELIABLE DUE TO EVENT SPARSITY,HIGH_UNCERTAINTY_SPARSE_EVENTS,HIGH UNCERTAINTY: Estimates derived from sparse administrative milestone occurrences.,ADVISORY_MEDIAN_RELATIVE_HAZARD,"{'30d': False, '90d': False, '180d': True, '365d': True, '730d': True}"
CAS_CLEAN_221,SNP_CAS_CLEAN_221_CASE_INITIATION_MILESTONE_20250514,20250514,CASE_INITIATION_TO_MILESTONE,1.0.0-cox-production-baseline,-1.376095,0.252563,0.999696,0.99511,0.994393,0.993999,0.993999,0.000304,0.00489,0.005607,0.006001,0.006001,PARTIAL — CALIBRATION NOT RELIABLE DUE TO EVENT SPARSITY,HIGH_UNCERTAINTY_SPARSE_EVENTS,HIGH UNCERTAINTY: Estimates derived from sparse administrative milestone occurrences.,ADVISORY_MEDIAN_RELATIVE_HAZARD,"{'30d': False, '90d': False, '180d': True, '365d': True, '730d': True}"
CAS_CLEAN_016,SNP_CAS_CLEAN_016_CASE_INITIATION_MILESTONE_20250515,20250515,CASE_INITIATION_TO_MILESTONE,1.0.0-cox-production-baseline,-0.913305,0.401196,0.999517,0.992243,0.991108,0.990484,0.990484,0.000483,0.007757,0.008892,0.009516,0.009516,PARTIAL — CALIBRATION NOT RELIABLE DUE TO EVENT SPARSITY,HIGH_UNCERTAINTY_SPARSE_EVENTS,HIGH UNCERTAINTY: Estimates derived from sparse administrative milestone occurrences.,ADVISORY_MEDIAN_RELATIVE_HAZARD,"{'30d': False, '90d': False, '180d': True, '365d': True, '730d': True}"
CAS_CLEAN_070,SNP_CAS_CLEAN_070_CASE_INITIATION_MILESTONE_20250515,20250515,CASE_INITIATION_TO_MILESTONE,1.0.0-cox-production-baseline,1.461459,4.312247,0.994818,0.919706,0.908465,0.902332,0.902332,0.005182,0.080294,0.091535,0.097668,0.097668,PARTIAL — CALIBRATION NOT RELIABLE DUE TO EVENT SPARSITY,HIGH_UNCERTAINTY_SPARSE_EVENTS,HIGH UNCERTAINTY: Estimates derived from sparse administrative milestone occurrences.,ADVISORY_HIGHEST_DECILE_HAZARD,"{'30d': False, '90d': False, '180d': True, '365d': True, '730d': True}"
CAS_CLEAN_099,SNP_CAS_CLEAN_099_CASE_INITIATION_MILESTONE_20250519,20250519,CASE_INITIATION_TO_MILESTONE,1.0.0-cox-production-baseline,-1.341089,0.261561,0.999685,0.994936,0.994194,0.993786,0.993786,0.000315,0.005064,0.005806,0.006214,0.006214,PARTIAL — CALIBRATION NOT RELIABLE DUE TO EVENT SPARSITY,HIGH_UNCERTAINTY_SPARSE_EVENTS,HIGH UNCERTAINTY: Estimates derived from sparse administrative milestone occurrences.,ADVISORY_MEDIAN_RELATIVE_HAZARD,"{'30d': False, '90d': False, '180d': True, '365d': True, '730d': True}"
CAS_CLEAN_128,SNP_CAS_CLEAN_128_CASE_INITIATION_MILESTONE_20250519,20250519,CASE_INITIATION_TO_MILESTONE,1.0.0-cox-production-baseline,-1.146045,0.317892,0.999617,0.993849,0.992948,0.992452,0.992452,0.000383,0.006151,0.007052,0.007548,0.007548,PARTIAL — CALIBRATION NOT RELIABLE DUE TO EVENT SPARSITY,HIGH_UNCERTAINTY_SPARSE_EVENTS,HIGH UNCERTAINTY: Estimates derived from sparse administrative milestone occurrences.,ADVISORY_MEDIAN_RELATIVE_HAZARD,"{'30d': False, '90d': False, '180d': True, '365d': True, '730d': True}"
CAS_CLEAN_234,SNP_CAS_CLEAN_234_CASE_INITIATION_MILESTONE_20250521,20250521,CASE_INITIATION_TO_MILESTONE,1.0.0-cox-production-baseline,-0.929713,0.394667,0.999525,0.992369,0.991252,0.990638,0.990638,0.000475,0.007631,0.008748,0.009362,0.009362,PARTIAL — CALIBRATION NOT RELIABLE DUE TO EVENT SPARSITY,HIGH_UNCERTAINTY_SPARSE_EVENTS,HIGH UNCERTAINTY: Estimates derived from sparse administrative milestone occurrences.,ADVISORY_MEDIAN_RELATIVE_HAZARD,"{'30d': False, '90d': False, '180d': True, '365d': True, '730d': True}"
CAS_CLEAN_100,SNP_CAS_CLEAN_100_CASE_INITIATION_MILESTONE_20250526,20250526,CASE_INITIATION_TO_MILESTONE,1.0.0-cox-production-baseline,-0.915411,0.400352,0.999518,0.992259,0.991127,0.990504,0.990504,0.000482,0.007741,0.008873,0.009496,0.009496,PARTIAL — CALIBRATION NOT RELIABLE DUE TO EVENT SPARSITY,HIGH_UNCERTAINTY_SPARSE_EVENTS,HIGH UNCERTAINTY: Estimates derived from sparse administrative milestone occurrences.,ADVISORY_MEDIAN_RELATIVE_HAZARD,"{'30d': False, '90d': False, '180d': True, '365d': True, '730d': True}"
CAS_CLEAN_024,SNP_CAS_CLEAN_024_CASE_INITIATION_MILESTONE_20250528,20250528,CASE_INITIATION_TO_MILESTONE,1.0.0-cox-production-baseline,-0.991979,0.370842,0.999553,0.992828,0.991778,0.991201,0.991201,0.000447,0.007172,0.008222,0.008799,0.008799,PARTIAL — CALIBRATION NOT RELIABLE DUE TO EVENT SPARSITY,HIGH_UNCERTAINTY_SPARSE_EVENTS,HIGH UNCERTAINTY: Estimates derived from sparse administrative milestone occurrences.,ADVISORY_MEDIAN_RELATIVE_HAZARD,"{'30d': False, '90d': False, '180d': True, '365d': True, '730d': True}"
CAS_CLEAN_203,SNP_CAS_CLEAN_203_CASE_INITIATION_MILESTONE_20250528,20250528,CASE_INITIATION_TO_MILESTONE,1.0.0-cox-production-baseline,-1.376095,0.252563,0.999696,0.99511,0.994393,0.993999,0.993999,0.000304,0.00489,0.005607,0.006001,0.006001,PARTIAL — CALIBRATION NOT RELIABLE DUE TO EVENT SPARSITY,HIGH_UNCERTAINTY_SPARSE_EVENTS,HIGH UNCERTAINTY: Estimates derived from sparse administrative milestone occurrences.,ADVISORY_MEDIAN_RELATIVE_HAZARD,"{'30d': False, '90d': False, '180d': True, '365d': True, '730d': True}"
CAS_CLEAN_204,SNP_CAS_CLEAN_204_CASE_INITIATION_MILESTONE_20250528,20250528,CASE_INITIATION_TO_MILESTONE,1.0.0-cox-production-baseline,-1.376095,0.252563,0.999696,0.99511,0.994393,0.993999,0.993999,0.000304,0.00489,0.005607,0.006001,0.006001,PARTIAL — CALIBRATION NOT RELIABLE DUE TO EVENT SPARSITY,HIGH_UNCERTAINTY_SPARSE_EVENTS,HIGH UNCERTAINTY: Estimates derived from sparse administrative milestone occurrences.,ADVISORY_MEDIAN_RELATIVE_HAZARD,"{'30d': False, '90d': False, '180d': True, '365d': True, '730d': True}"
CAS_CLEAN_205,SNP_CAS_CLEAN_205_CASE_INITIATION_MILESTONE_20250528,20250528,CASE_INITIATION_TO_MILESTONE,1.0.0-cox-production-baseline,-1.376095,0.252563,0.999696,0.99511,0.994393,0.993999,0.993999,0.000304,0.00489,0.005607,0.006001,0.006001,PARTIAL — CALIBRATION NOT RELIABLE DUE TO EVENT SPARSITY,HIGH_UNCERTAINTY_SPARSE_EVENTS,HIGH UNCERTAINTY: Estimates derived from sparse administrative milestone occurrences.,ADVISORY_MEDIAN_RELATIVE_HAZARD,"{'30d': False, '90d': False, '180d': True, '365d': True, '730d': True}"
CAS_CLEAN_206,SNP_CAS_CLEAN_206_CASE_INITIATION_MILESTONE_20250528,20250528,CASE_INITIATION_TO_MILESTONE,1.0.0-cox-production-baseline,-1.376095,0.252563,0.999696,0.99511,0.994393,0.993999,0.993999,0.000304,0.00489,0.005607,0.006001,0.006001,PARTIAL — CALIBRATION NOT RELIABLE DUE TO EVENT SPARSITY,HIGH_UNCERTAINTY_SPARSE_EVENTS,HIGH UNCERTAINTY: Estimates derived from sparse administrative milestone occurrences.,ADVISORY_MEDIAN_RELATIVE_HAZARD,"{'30d': False, '90d': False, '180d': True, '365d': True, '730d': True}"
CAS_CLEAN_033,SNP_CAS_CLEAN_033_CASE_INITIATION_MILESTONE_20250530,20250530,CASE_INITIATION_TO_MILESTONE,1.0.0-cox-production-baseline,-0.545597,0.579496,0.999302,0.988815,0.987182,0.986284,0.986284,0.000698,0.011185,0.012818,0.013716,0.013716,PARTIAL — CALIBRATION NOT RELIABLE DUE TO EVENT SPARSITY,HIGH_UNCERTAINTY_SPARSE_EVENTS,HIGH UNCERTAINTY: Estimates derived from sparse administrative milestone occurrences.,ADVISORY_ELEVATED_RELATIVE_HAZARD,"{'30d': False, '90d': False, '180d': True, '365d': True, '730d': True}"
CAS_CLEAN_211,SNP_CAS_CLEAN_211_CASE_INITIATION_MILESTONE_20250530,20250530,CASE_INITIATION_TO_MILESTONE,1.0.0-cox-production-baseline,-1.376095,0.252563,0.999696,0.99511,0.994393,0.993999,0.993999,0.000304,0.00489,0.005607,0.006001,0.006001,PARTIAL — CALIBRATION NOT RELIABLE DUE TO EVENT SPARSITY,HIGH_UNCERTAINTY_SPARSE_EVENTS,HIGH UNCERTAINTY: Estimates derived from sparse administrative milestone occurrences.,ADVISORY_MEDIAN_RELATIVE_HAZARD,"{'30d': False, '90d': False, '180d': True, '365d': True, '730d': True}"
CAS_CLEAN_148,SNP_CAS_CLEAN_148_CASE_INITIATION_MILESTONE_20250531,20250531,CASE_INITIATION_TO_MILESTONE,1.0.0-cox-production-baseline,-1.224719,0.29384,0.999646,0.994313,0.99348,0.993021,0.993021,0.000354,0.005687,0.00652,0.006979,0.006979,PARTIAL — CALIBRATION NOT RELIABLE DUE TO EVENT SPARSITY,HIGH_UNCERTAINTY_SPARSE_EVENTS,HIGH UNCERTAINTY: Estimates derived from sparse administrative milestone occurrences.,ADVISORY_MEDIAN_RELATIVE_HAZARD,"{'30d': False, '90d': False, '180d': True, '365d': True, '730d': True}"
CAS_CLEAN_023,SNP_CAS_CLEAN_023_CASE_INITIATION_MILESTONE_20250605,20250605,CASE_INITIATION_TO_MILESTONE,1.0.0-cox-production-baseline,-0.991979,0.370842,0.999553,0.992828,0.991778,0.991201,0.991201,0.000447,0.007172,0.008222,0.008799,0.008799,PARTIAL — CALIBRATION NOT RELIABLE DUE TO EVENT SPARSITY,HIGH_UNCERTAINTY_SPARSE_EVENTS,HIGH UNCERTAINTY: Estimates derived from sparse administrative milestone occurrences.,ADVISORY_MEDIAN_RELATIVE_HAZARD,"{'30d': False, '90d': False, '180d': True, '365d': True, '730d': True}"
CAS_CLEAN_193,SNP_CAS_CLEAN_193_CASE_INITIATION_MILESTONE_20250606,20250606,CASE_INITIATION_TO_MILESTONE,1.0.0-cox-production-baseline,-1.259725,0.283732,0.999658,0.994508,0.993703,0.993261,0.993261,0.000342,0.005492,0.006297,0.006739,0.006739,PARTIAL — CALIBRATION NOT RELIABLE DUE TO EVENT SPARSITY,HIGH_UNCERTAINTY_SPARSE_EVENTS,HIGH UNCERTAINTY: Estimates derived from sparse administrative milestone occurrences.,ADVISORY_MEDIAN_RELATIVE_HAZARD,"{'30d': False, '90d': False, '180d': True, '365d': True, '730d': True}"
CAS_CLEAN_196,SNP_CAS_CLEAN_196_CASE_INITIATION_MILESTONE_20250606,20250606,CASE_INITIATION_TO_MILESTONE,1.0.0-cox-production-baseline,-1.259725,0.283732,0.999658,0.994508,0.993703,0.993261,0.993261,0.000342,0.005492,0.006297,0.006739,0.006739,PARTIAL — CALIBRATION NOT RELIABLE DUE TO EVENT SPARSITY,HIGH_UNCERTAINTY_SPARSE_EVENTS,HIGH UNCERTAINTY: Estimates derived from sparse administrative milestone occurrences.,ADVISORY_MEDIAN_RELATIVE_HAZARD,"{'30d': False, '90d': False, '180d': True, '365d': True, '730d': True}"
CAS_CLEAN_005,SNP_CAS_CLEAN_005_CASE_INITIATION_MILESTONE_20250608,20250608,CASE_INITIATION_TO_MILESTONE,1.0.0-cox-production-baseline,-1.27342,0.279873,0.999663,0.994582,0.993789,0.993352,0.993352,0.000337,0.005418,0.006211,0.006648,0.006648,PARTIAL — CALIBRATION NOT RELIABLE DUE TO EVENT SPARSITY,HIGH_UNCERTAINTY_SPARSE_EVENTS,HIGH UNCERTAINTY: Estimates derived from sparse administrative milestone occurrences.,ADVISORY_MEDIAN_RELATIVE_HAZARD,"{'30d': False, '90d': False, '180d': True, '365d': True, '730d': True}"
CAS_CLEAN_079,SNP_CAS_CLEAN_079_CASE_INITIATION_MILESTONE_20250608,20250608,CASE_INITIATION_TO_MILESTONE,1.0.0-cox-production-baseline,-1.27342,0.279873,0.999663,0.994582,0.993789,0.993352,0.993352,0.000337,0.005418,0.006211,0.006648,0.006648,PARTIAL — CALIBRATION NOT RELIABLE DUE TO EVENT SPARSITY,HIGH_UNCERTAINTY_SPARSE_EVENTS,HIGH UNCERTAINTY: Estimates derived from sparse administrative milestone occurrences.,ADVISORY_MEDIAN_RELATIVE_HAZARD,"{'30d': False, '90d': False, '180d': True, '365d': True, '730d': True}"
CAS_CLEAN_145,SNP_CAS_CLEAN_145_CASE_INITIATION_MILESTONE_20250608,20250608,CASE_INITIATION_TO_MILESTONE,1.0.0-cox-production-baseline,-1.27342,0.279873,0.999663,0.994582,0.993789,0.993352,0.993352,0.000337,0.005418,0.006211,0.006648,0.006648,PARTIAL — CALIBRATION NOT RELIABLE DUE TO EVENT SPARSITY,HIGH_UNCERTAINTY_SPARSE_EVENTS,HIGH UNCERTAINTY: Estimates derived from sparse administrative milestone occurrences.,ADVISORY_MEDIAN_RELATIVE_HAZARD,"{'30d': False, '90d': False, '180d': True, '365d': True, '730d': True}"
CAS_CLEAN_212,SNP_CAS_CLEAN_212_CASE_INITIATION_MILESTONE_20250608,20250608,CASE_INITIATION_TO_MILESTONE,1.0.0-cox-production-baseline,-1.376095,0.252563,0.999696,0.99511,0.994393,0.993999,0.993999,0.000304,0.00489,0.005607,0.006001,0.006001,PARTIAL — CALIBRATION NOT RELIABLE DUE TO EVENT SPARSITY,HIGH_UNCERTAINTY_SPARSE_EVENTS,HIGH UNCERTAINTY: Estimates derived from sparse administrative milestone occurrences.,ADVISORY_MEDIAN_RELATIVE_HAZARD,"{'30d': False, '90d': False, '180d': True, '365d': True, '730d': True}"
CAS_CLEAN_213,SNP_CAS_CLEAN_213_CASE_INITIATION_MILESTONE_20250608,20250608,CASE_INITIATION_TO_MILESTONE,1.0.0-cox-production-baseline,-1.376095,0.252563,0.999696,0.99511,0.994393,0.993999,0.993999,0.000304,0.00489,0.005607,0.006001,0.006001,PARTIAL — CALIBRATION NOT RELIABLE DUE TO EVENT SPARSITY,HIGH_UNCERTAINTY_SPARSE_EVENTS,HIGH UNCERTAINTY: Estimates derived from sparse administrative milestone occurrences.,ADVISORY_MEDIAN_RELATIVE_HAZARD,"{'30d': False, '90d': False, '180d': True, '365d': True, '730d': True}"
CAS_CLEAN_215,SNP_CAS_CLEAN_215_CASE_INITIATION_MILESTONE_20250609,20250609,CASE_INITIATION_TO_MILESTONE,1.0.0-cox-production-baseline,-1.376095,0.252563,0.999696,0.99511,0.994393,0.993999,0.993999,0.000304,0.00489,0.005607,0.006001,0.006001,PARTIAL — CALIBRATION NOT RELIABLE DUE TO EVENT SPARSITY,HIGH_UNCERTAINTY_SPARSE_EVENTS,HIGH UNCERTAINTY: Estimates derived from sparse administrative milestone occurrences.,ADVISORY_MEDIAN_RELATIVE_HAZARD,"{'30d': False, '90d': False, '180d': True, '365d': True, '730d': True}"
CAS_CLEAN_091,SNP_CAS_CLEAN_091_CASE_INITIATION_MILESTONE_20250610,20250610,CASE_INITIATION_TO_MILESTONE,1.0.0-cox-production-baseline,-1.224719,0.29384,0.999646,0.994313,0.99348,0.993021,0.993021,0.000354,0.005687,0.00652,0.006979,0.006979,PARTIAL — CALIBRATION NOT RELIABLE DUE TO EVENT SPARSITY,HIGH_UNCERTAINTY_SPARSE_EVENTS,HIGH UNCERTAINTY: Estimates derived from sparse administrative milestone occurrences.,ADVISORY_MEDIAN_RELATIVE_HAZARD,"{'30d': False, '90d': False, '180d': True, '365d': True, '730d': True}"
CAS_CLEAN_207,SNP_CAS_CLEAN_207_CASE_INITIATION_MILESTONE_20250611,20250611,CASE_INITIATION_TO_MILESTONE,1.0.0-cox-production-baseline,-1.376095,0.252563,0.999696,0.99511,0.994393,0.993999,0.993999,0.000304,0.00489,0.005607,0.006001,0.006001,PARTIAL — CALIBRATION NOT RELIABLE DUE TO EVENT SPARSITY,HIGH_UNCERTAINTY_SPARSE_EVENTS,HIGH UNCERTAINTY: Estimates derived from sparse administrative milestone occurrences.,ADVISORY_MEDIAN_RELATIVE_HAZARD,"{'30d': False, '90d': False, '180d': True, '365d': True, '730d': True}"
CAS_CLEAN_208,SNP_CAS_CLEAN_208_CASE_INITIATION_MILESTONE_20250611,20250611,CASE_INITIATION_TO_MILESTONE,1.0.0-cox-production-baseline,-1.376095,0.252563,0.999696,0.99511,0.994393,0.993999,0.993999,0.000304,0.00489,0.005607,0.006001,0.006001,PARTIAL — CALIBRATION NOT RELIABLE DUE TO EVENT SPARSITY,HIGH_UNCERTAINTY_SPARSE_EVENTS,HIGH UNCERTAINTY: Estimates derived from sparse administrative milestone occurrences.,ADVISORY_MEDIAN_RELATIVE_HAZARD,"{'30d': False, '90d': False, '180d': True, '365d': True, '730d': True}"
CAS_CLEAN_209,SNP_CAS_CLEAN_209_CASE_INITIATION_MILESTONE_20250611,20250611,CASE_INITIATION_TO_MILESTONE,1.0.0-cox-production-baseline,-1.376095,0.252563,0.999696,0.99511,0.994393,0.993999,0.993999,0.000304,0.00489,0.005607,0.006001,0.006001,PARTIAL — CALIBRATION NOT RELIABLE DUE TO EVENT SPARSITY,HIGH_UNCERTAINTY_SPARSE_EVENTS,HIGH UNCERTAINTY: Estimates derived from sparse administrative milestone occurrences.,ADVISORY_MEDIAN_RELATIVE_HAZARD,"{'30d': False, '90d': False, '180d': True, '365d': True, '730d': True}"
CAS_CLEAN_258,SNP_CAS_CLEAN_258_CASE_INITIATION_MILESTONE_20250615,20250615,CASE_INITIATION_TO_MILESTONE,1.0.0-cox-production-baseline,-1.130212,0.322965,0.999611,0.993751,0.992836,0.992332,0.992332,0.000389,0.006249,0.007164,0.007668,0.007668,PARTIAL — CALIBRATION NOT RELIABLE DUE TO EVENT SPARSITY,HIGH_UNCERTAINTY_SPARSE_EVENTS,HIGH UNCERTAINTY: Estimates derived from sparse administrative milestone occurrences.,ADVISORY_MEDIAN_RELATIVE_HAZARD,"{'30d': False, '90d': False, '180d': True, '365d': True, '730d': True}"
CAS_CLEAN_210,SNP_CAS_CLEAN_210_CASE_INITIATION_MILESTONE_20250618,20250618,CASE_INITIATION_TO_MILESTONE,1.0.0-cox-production-baseline,-1.376095,0.252563,0.999696,0.99511,0.994393,0.993999,0.993999,0.000304,0.00489,0.005607,0.006001,0.006001,PARTIAL — CALIBRATION NOT RELIABLE DUE TO EVENT SPARSITY,HIGH_UNCERTAINTY_SPARSE_EVENTS,HIGH UNCERTAINTY: Estimates derived from sparse administrative milestone occurrences.,ADVISORY_MEDIAN_RELATIVE_HAZARD,"{'30d': False, '90d': False, '180d': True, '365d': True, '730d': True}"
CAS_CLEAN_228,SNP_CAS_CLEAN_228_CASE_INITIATION_MILESTONE_20250621,20250621,CASE_INITIATION_TO_MILESTONE,1.0.0-cox-production-baseline,-1.492465,0.224818,0.999729,0.995646,0.995008,0.994656,0.994656,0.000271,0.004354,0.004992,0.005344,0.005344,PARTIAL — CALIBRATION NOT RELIABLE DUE TO EVENT SPARSITY,HIGH_UNCERTAINTY_SPARSE_EVENTS,HIGH UNCERTAINTY: Estimates derived from sparse administrative milestone occurrences.,ADVISORY_LOWER_RELATIVE_HAZARD,"{'30d': False, '90d': False, '180d': True, '365d': True, '730d': True}"
CAS_CLEAN_229,SNP_CAS_CLEAN_229_CASE_INITIATION_MILESTONE_20250621,20250621,CASE_INITIATION_TO_MILESTONE,1.0.0-cox-production-baseline,-1.492465,0.224818,0.999729,0.995646,0.995008,0.994656,0.994656,0.000271,0.004354,0.004992,0.005344,0.005344,PARTIAL — CALIBRATION NOT RELIABLE DUE TO EVENT SPARSITY,HIGH_UNCERTAINTY_SPARSE_EVENTS,HIGH UNCERTAINTY: Estimates derived from sparse administrative milestone occurrences.,ADVISORY_LOWER_RELATIVE_HAZARD,"{'30d': False, '90d': False, '180d': True, '365d': True, '730d': True}"
CAS_CLEAN_230,SNP_CAS_CLEAN_230_CASE_INITIATION_MILESTONE_20250621,20250621,CASE_INITIATION_TO_MILESTONE,1.0.0-cox-production-baseline,-1.492465,0.224818,0.999729,0.995646,0.995008,0.994656,0.994656,0.000271,0.004354,0.004992,0.005344,0.005344,PARTIAL — CALIBRATION NOT RELIABLE DUE TO EVENT SPARSITY,HIGH_UNCERTAINTY_SPARSE_EVENTS,HIGH UNCERTAINTY: Estimates derived from sparse administrative milestone occurrences.,ADVISORY_LOWER_RELATIVE_HAZARD,"{'30d': False, '90d': False, '180d': True, '365d': True, '730d': True}"
CAS_CLEAN_231,SNP_CAS_CLEAN_231_CASE_INITIATION_MILESTONE_20250621,20250621,CASE_INITIATION_TO_MILESTONE,1.0.0-cox-production-baseline,-1.492465,0.224818,0.999729,0.995646,0.995008,0.994656,0.994656,0.000271,0.004354,0.004992,0.005344,0.005344,PARTIAL — CALIBRATION NOT RELIABLE DUE TO EVENT SPARSITY,HIGH_UNCERTAINTY_SPARSE_EVENTS,HIGH UNCERTAINTY: Estimates derived from sparse administrative milestone occurrences.,ADVISORY_LOWER_RELATIVE_HAZARD,"{'30d': False, '90d': False, '180d': True, '365d': True, '730d': True}"
CAS_CLEAN_232,SNP_CAS_CLEAN_232_CASE_INITIATION_MILESTONE_20250621,20250621,CASE_INITIATION_TO_MILESTONE,1.0.0-cox-production-baseline,-1.492465,0.224818,0.999729,0.995646,0.995008,0.994656,0.994656,0.000271,0.004354,0.004992,0.005344,0.005344,PARTIAL — CALIBRATION NOT RELIABLE DUE TO EVENT SPARSITY,HIGH_UNCERTAINTY_SPARSE_EVENTS,HIGH UNCERTAINTY: Estimates derived from sparse administrative milestone occurrences.,ADVISORY_LOWER_RELATIVE_HAZARD,"{'30d': False, '90d': False, '180d': True, '365d': True, '730d': True}"
CAS_CLEAN_242,SNP_CAS_CLEAN_242_CASE_INITIATION_MILESTONE_20250621,20250621,CASE_INITIATION_TO_MILESTONE,1.0.0-cox-production-baseline,-1.492465,0.224818,0.999729,0.995646,0.995008,0.994656,0.994656,0.000271,0.004354,0.004992,0.005344,0.005344,PARTIAL — CALIBRATION NOT RELIABLE DUE TO EVENT SPARSITY,HIGH_UNCERTAINTY_SPARSE_EVENTS,HIGH UNCERTAINTY: Estimates derived from sparse administrative milestone occurrences.,ADVISORY_LOWER_RELATIVE_HAZARD,"{'30d': False, '90d': False, '180d': True, '365d': True, '730d': True}"
CAS_CLEAN_101,SNP_CAS_CLEAN_101_CASE_INITIATION_MILESTONE_20250623,20250623,CASE_INITIATION_TO_MILESTONE,1.0.0-cox-production-baseline,-0.799041,0.44976,0.999458,0.991308,0.990037,0.989338,0.989338,0.000542,0.008692,0.009963,0.010662,0.010662,PARTIAL — CALIBRATION NOT RELIABLE DUE TO EVENT SPARSITY,HIGH_UNCERTAINTY_SPARSE_EVENTS,HIGH UNCERTAINTY: Estimates derived from sparse administrative milestone occurrences.,ADVISORY_ELEVATED_RELATIVE_HAZARD,"{'30d': False, '90d': False, '180d': True, '365d': True, '730d': True}"
CAS_CLEAN_001,SNP_CAS_CLEAN_001_CASE_INITIATION_MILESTONE_20250625,20250625,CASE_INITIATION_TO_MILESTONE,1.0.0-cox-production-baseline,-1.029675,0.357123,0.99957,0.993092,0.992081,0.991525,0.991525,0.00043,0.006908,0.007919,0.008475,0.008475,PARTIAL — CALIBRATION NOT RELIABLE DUE TO EVENT SPARSITY,HIGH_UNCERTAINTY_SPARSE_EVENTS,HIGH UNCERTAINTY: Estimates derived from sparse administrative milestone occurrences.,ADVISORY_MEDIAN_RELATIVE_HAZARD,"{'30d': False, '90d': False, '180d': True, '365d': True, '730d': True}"
CAS_CLEAN_126,SNP_CAS_CLEAN_126_CASE_INITIATION_MILESTONE_20250625,20250625,CASE_INITIATION_TO_MILESTONE,1.0.0-cox-production-baseline,-1.26888,0.281146,0.999661,0.994558,0.993761,0.993322,0.993322,0.000339,0.005442,0.006239,0.006678,0.006678,PARTIAL — CALIBRATION NOT RELIABLE DUE TO EVENT SPARSITY,HIGH_UNCERTAINTY_SPARSE_EVENTS,HIGH UNCERTAINTY: Estimates derived from sparse administrative milestone occurrences.,ADVISORY_MEDIAN_RELATIVE_HAZARD,"{'30d': False, '90d': False, '180d': True, '365d': True, '730d': True}"
CAS_CLEAN_127,SNP_CAS_CLEAN_127_CASE_INITIATION_MILESTONE_20250625,20250625,CASE_INITIATION_TO_MILESTONE,1.0.0-cox-production-baseline,-1.26888,0.281146,0.999661,0.994558,0.993761,0.993322,0.993322,0.000339,0.005442,0.006239,0.006678,0.006678,PARTIAL — CALIBRATION NOT RELIABLE DUE TO EVENT SPARSITY,HIGH_UNCERTAINTY_SPARSE_EVENTS,HIGH UNCERTAINTY: Estimates derived from sparse administrative milestone occurrences.,ADVISORY_MEDIAN_RELATIVE_HAZARD,"{'30d': False, '90d': False, '180d': True, '365d': True, '730d': True}"
CAS_CLEAN_227,SNP_CAS_CLEAN_227_CASE_INITIATION_MILESTONE_20250625,20250625,CASE_INITIATION_TO_MILESTONE,1.0.0-cox-production-baseline,-1.492465,0.224818,0.999729,0.995646,0.995008,0.994656,0.994656,0.000271,0.004354,0.004992,0.005344,0.005344,PARTIAL — CALIBRATION NOT RELIABLE DUE TO EVENT SPARSITY,HIGH_UNCERTAINTY_SPARSE_EVENTS,HIGH UNCERTAINTY: Estimates derived from sparse administrative milestone occurrences.,ADVISORY_LOWER_RELATIVE_HAZARD,"{'30d': False, '90d': False, '180d': True, '365d': True, '730d': True}"
CAS_CLEAN_240,SNP_CAS_CLEAN_240_CASE_INITIATION_MILESTONE_20250625,20250625,CASE_INITIATION_TO_MILESTONE,1.0.0-cox-production-baseline,-1.492465,0.224818,0.999729,0.995646,0.995008,0.994656,0.994656,0.000271,0.004354,0.004992,0.005344,0.005344,PARTIAL — CALIBRATION NOT RELIABLE DUE TO EVENT SPARSITY,HIGH_UNCERTAINTY_SPARSE_EVENTS,HIGH UNCERTAINTY: Estimates derived from sparse administrative milestone occurrences.,ADVISORY_LOWER_RELATIVE_HAZARD,"{'30d': False, '90d': False, '180d': True, '365d': True, '730d': True}"
CAS_CLEAN_042,SNP_CAS_CLEAN_042_CASE_INITIATION_MILESTONE_20250626,20250626,CASE_INITIATION_TO_MILESTONE,1.0.0-cox-production-baseline,-1.282272,0.277406,0.999666,0.99463,0.993843,0.99341,0.99341,0.000334,0.00537,0.006157,0.00659,0.00659,PARTIAL — CALIBRATION NOT RELIABLE DUE TO EVENT SPARSITY,HIGH_UNCERTAINTY_SPARSE_EVENTS,HIGH UNCERTAINTY: Estimates derived from sparse administrative milestone occurrences.,ADVISORY_MEDIAN_RELATIVE_HAZARD,"{'30d': False, '90d': False, '180d': True, '365d': True, '730d': True}"
CAS_CLEAN_093,SNP_CAS_CLEAN_093_CASE_INITIATION_MILESTONE_20250626,20250626,CASE_INITIATION_TO_MILESTONE,1.0.0-cox-production-baseline,-0.991979,0.370842,0.999553,0.992828,0.991778,0.991201,0.991201,0.000447,0.007172,0.008222,0.008799,0.008799,PARTIAL — CALIBRATION NOT RELIABLE DUE TO EVENT SPARSITY,HIGH_UNCERTAINTY_SPARSE_EVENTS,HIGH UNCERTAINTY: Estimates derived from sparse administrative milestone occurrences.,ADVISORY_MEDIAN_RELATIVE_HAZARD,"{'30d': False, '90d': False, '180d': True, '365d': True, '730d': True}"
CAS_CLEAN_194,SNP_CAS_CLEAN_194_CASE_INITIATION_MILESTONE_20250627,20250627,CASE_INITIATION_TO_MILESTONE,1.0.0-cox-production-baseline,-1.259725,0.283732,0.999658,0.994508,0.993703,0.993261,0.993261,0.000342,0.005492,0.006297,0.006739,0.006739,PARTIAL — CALIBRATION NOT RELIABLE DUE TO EVENT SPARSITY,HIGH_UNCERTAINTY_SPARSE_EVENTS,HIGH UNCERTAINTY: Estimates derived from sparse administrative milestone occurrences.,ADVISORY_MEDIAN_RELATIVE_HAZARD,"{'30d': False, '90d': False, '180d': True, '365d': True, '730d': True}"
CAS_CLEAN_195,SNP_CAS_CLEAN_195_CASE_INITIATION_MILESTONE_20250627,20250627,CASE_INITIATION_TO_MILESTONE,1.0.0-cox-production-baseline,-1.259725,0.283732,0.999658,0.994508,0.993703,0.993261,0.993261,0.000342,0.005492,0.006297,0.006739,0.006739,PARTIAL — CALIBRATION NOT RELIABLE DUE TO EVENT SPARSITY,HIGH_UNCERTAINTY_SPARSE_EVENTS,HIGH UNCERTAINTY: Estimates derived from sparse administrative milestone occurrences.,ADVISORY_MEDIAN_RELATIVE_HAZARD,"{'30d': False, '90d': False, '180d': True, '365d': True, '730d': True}"
CAS_CLEAN_096,SNP_CAS_CLEAN_096_CASE_INITIATION_MILESTONE_20250628,20250628,CASE_INITIATION_TO_MILESTONE,1.0.0-cox-production-baseline,-1.148151,0.317223,0.999618,0.993862,0.992963,0.992468,0.992468,0.000382,0.006138,0.007037,0.007532,0.007532,PARTIAL — CALIBRATION NOT RELIABLE DUE TO EVENT SPARSITY,HIGH_UNCERTAINTY_SPARSE_EVENTS,HIGH UNCERTAINTY: Estimates derived from sparse administrative milestone occurrences.,ADVISORY_MEDIAN_RELATIVE_HAZARD,"{'30d': False, '90d': False, '180d': True, '365d': True, '730d': True}"
CAS_CLEAN_095,SNP_CAS_CLEAN_095_CASE_INITIATION_MILESTONE_20250630,20250630,CASE_INITIATION_TO_MILESTONE,1.0.0-cox-production-baseline,-1.274233,0.279645,0.999663,0.994587,0.993794,0.993357,0.993357,0.000337,0.005413,0.006206,0.006643,0.006643,PARTIAL — CALIBRATION NOT RELIABLE DUE TO EVENT SPARSITY,HIGH_UNCERTAINTY_SPARSE_EVENTS,HIGH UNCERTAINTY: Estimates derived from sparse administrative milestone occurrences.,ADVISORY_MEDIAN_RELATIVE_HAZARD,"{'30d': False, '90d': False, '180d': True, '365d': True, '730d': True}"
CAS_CLEAN_214,SNP_CAS_CLEAN_214_CASE_INITIATION_MILESTONE_20250630,20250630,CASE_INITIATION_TO_MILESTONE,1.0.0-cox-production-baseline,-1.492465,0.224818,0.999729,0.995646,0.995008,0.994656,0.994656,0.000271,0.004354,0.004992,0.005344,0.005344,PARTIAL — CALIBRATION NOT RELIABLE DUE TO EVENT SPARSITY,HIGH_UNCERTAINTY_SPARSE_EVENTS,HIGH UNCERTAINTY: Estimates derived from sparse administrative milestone occurrences.,ADVISORY_LOWER_RELATIVE_HAZARD,"{'30d': False, '90d': False, '180d': True, '365d': True, '730d': True}"
CAS_CLEAN_223,SNP_CAS_CLEAN_223_CASE_INITIATION_MILESTONE_20250630,20250630,CASE_INITIATION_TO_MILESTONE,1.0.0-cox-production-baseline,-1.492465,0.224818,0.999729,0.995646,0.995008,0.994656,0.994656,0.000271,0.004354,0.004992,0.005344,0.005344,PARTIAL — CALIBRATION NOT RELIABLE DUE TO EVENT SPARSITY,HIGH_UNCERTAINTY_SPARSE_EVENTS,HIGH UNCERTAINTY: Estimates derived from sparse administrative milestone occurrences.,ADVISORY_LOWER_RELATIVE_HAZARD,"{'30d': False, '90d': False, '180d': True, '365d': True, '730d': True}"
CAS_CLEAN_224,SNP_CAS_CLEAN_224_CASE_INITIATION_MILESTONE_20250630,20250630,CASE_INITIATION_TO_MILESTONE,1.0.0-cox-production-baseline,-1.492465,0.224818,0.999729,0.995646,0.995008,0.994656,0.994656,0.000271,0.004354,0.004992,0.005344,0.005344,PARTIAL — CALIBRATION NOT RELIABLE DUE TO EVENT SPARSITY,HIGH_UNCERTAINTY_SPARSE_EVENTS,HIGH UNCERTAINTY: Estimates derived from sparse administrative milestone occurrences.,ADVISORY_LOWER_RELATIVE_HAZARD,"{'30d': False, '90d': False, '180d': True, '365d': True, '730d': True}"
CAS_CLEAN_225,SNP_CAS_CLEAN_225_CASE_INITIATION_MILESTONE_20250630,20250630,CASE_INITIATION_TO_MILESTONE,1.0.0-cox-production-baseline,-1.492465,0.224818,0.999729,0.995646,0.995008,0.994656,0.994656,0.000271,0.004354,0.004992,0.005344,0.005344,PARTIAL — CALIBRATION NOT RELIABLE DUE TO EVENT SPARSITY,HIGH_UNCERTAINTY_SPARSE_EVENTS,HIGH UNCERTAINTY: Estimates derived from sparse administrative milestone occurrences.,ADVISORY_LOWER_RELATIVE_HAZARD,"{'30d': False, '90d': False, '180d': True, '365d': True, '730d': True}"
CAS_CLEAN_185,SNP_CAS_CLEAN_185_CASE_INITIATION_MILESTONE_20250702,20250702,CASE_INITIATION_TO_MILESTONE,1.0.0-cox-production-baseline,-1.492465,0.224818,0.999729,0.995646,0.995008,0.994656,0.994656,0.000271,0.004354,0.004992,0.005344,0.005344,PARTIAL — CALIBRATION NOT RELIABLE DUE TO EVENT SPARSITY,HIGH_UNCERTAINTY_SPARSE_EVENTS,HIGH UNCERTAINTY: Estimates derived from sparse administrative milestone occurrences.,ADVISORY_LOWER_RELATIVE_HAZARD,"{'30d': False, '90d': False, '180d': True, '365d': True, '730d': True}"
CAS_CLEAN_201,SNP_CAS_CLEAN_201_CASE_INITIATION_MILESTONE_20250703,20250703,CASE_INITIATION_TO_MILESTONE,1.0.0-cox-production-baseline,-1.376095,0.252563,0.999696,0.99511,0.994393,0.993999,0.993999,0.000304,0.00489,0.005607,0.006001,0.006001,PARTIAL — CALIBRATION NOT RELIABLE DUE TO EVENT SPARSITY,HIGH_UNCERTAINTY_SPARSE_EVENTS,HIGH UNCERTAINTY: Estimates derived from sparse administrative milestone occurrences.,ADVISORY_MEDIAN_RELATIVE_HAZARD,"{'30d': False, '90d': False, '180d': True, '365d': True, '730d': True}"
CAS_CLEAN_238,SNP_CAS_CLEAN_238_CASE_INITIATION_MILESTONE_20250703,20250703,CASE_INITIATION_TO_MILESTONE,1.0.0-cox-production-baseline,-1.376095,0.252563,0.999696,0.99511,0.994393,0.993999,0.993999,0.000304,0.00489,0.005607,0.006001,0.006001,PARTIAL — CALIBRATION NOT RELIABLE DUE TO EVENT SPARSITY,HIGH_UNCERTAINTY_SPARSE_EVENTS,HIGH UNCERTAINTY: Estimates derived from sparse administrative milestone occurrences.,ADVISORY_MEDIAN_RELATIVE_HAZARD,"{'30d': False, '90d': False, '180d': True, '365d': True, '730d': True}"
CAS_CLEAN_071,SNP_CAS_CLEAN_071_CASE_INITIATION_MILESTONE_20250708,20250708,CASE_INITIATION_TO_MILESTONE,1.0.0-cox-production-baseline,1.015077,2.759576,0.996681,0.947845,0.940415,0.936348,0.936348,0.003319,0.052155,0.059585,0.063652,0.063652,PARTIAL — CALIBRATION NOT RELIABLE DUE TO EVENT SPARSITY,HIGH_UNCERTAINTY_SPARSE_EVENTS,HIGH UNCERTAINTY: Estimates derived from sparse administrative milestone occurrences.,ADVISORY_HIGHEST_DECILE_HAZARD,"{'30d': False, '90d': False, '180d': True, '365d': True, '730d': True}"
CAS_CLEAN_020,SNP_CAS_CLEAN_020_CASE_INITIATION_MILESTONE_20250710,20250710,CASE_INITIATION_TO_MILESTONE,1.0.0-cox-production-baseline,-1.463924,0.231327,0.999721,0.99552,0.994863,0.994502,0.994502,0.000279,0.00448,0.005137,0.005498,0.005498,PARTIAL — CALIBRATION NOT RELIABLE DUE TO EVENT SPARSITY,HIGH_UNCERTAINTY_SPARSE_EVENTS,HIGH UNCERTAINTY: Estimates derived from sparse administrative milestone occurrences.,ADVISORY_MEDIAN_RELATIVE_HAZARD,"{'30d': False, '90d': False, '180d': True, '365d': True, '730d': True}"
CAS_CLEAN_009,SNP_CAS_CLEAN_009_CASE_INITIATION_MILESTONE_20250713,20250713,CASE_INITIATION_TO_MILESTONE,1.0.0-cox-production-baseline,0.207195,1.230222,0.998519,0.976404,0.972984,0.971106,0.971106,0.001481,0.023596,0.027016,0.028894,0.028894,PARTIAL — CALIBRATION NOT RELIABLE DUE TO EVENT SPARSITY,HIGH_UNCERTAINTY_SPARSE_EVENTS,HIGH UNCERTAINTY: Estimates derived from sparse administrative milestone occurrences.,ADVISORY_HIGHEST_DECILE_HAZARD,"{'30d': False, '90d': False, '180d': True, '365d': True, '730d': True}"
CAS_CLEAN_064,SNP_CAS_CLEAN_064_CASE_INITIATION_MILESTONE_20250713,20250713,CASE_INITIATION_TO_MILESTONE,1.0.0-cox-production-baseline,0.207195,1.230222,0.998519,0.976404,0.972984,0.971106,0.971106,0.001481,0.023596,0.027016,0.028894,0.028894,PARTIAL — CALIBRATION NOT RELIABLE DUE TO EVENT SPARSITY,HIGH_UNCERTAINTY_SPARSE_EVENTS,HIGH UNCERTAINTY: Estimates derived from sparse administrative milestone occurrences.,ADVISORY_HIGHEST_DECILE_HAZARD,"{'30d': False, '90d': False, '180d': True, '365d': True, '730d': True}"
CAS_CLEAN_120,SNP_CAS_CLEAN_120_CASE_INITIATION_MILESTONE_20250713,20250713,CASE_INITIATION_TO_MILESTONE,1.0.0-cox-production-baseline,0.207195,1.230222,0.998519,0.976404,0.972984,0.971106,0.971106,0.001481,0.023596,0.027016,0.028894,0.028894,PARTIAL — CALIBRATION NOT RELIABLE DUE TO EVENT SPARSITY,HIGH_UNCERTAINTY_SPARSE_EVENTS,HIGH UNCERTAINTY: Estimates derived from sparse administrative milestone occurrences.,ADVISORY_HIGHEST_DECILE_HAZARD,"{'30d': False, '90d': False, '180d': True, '365d': True, '730d': True}"
CAS_CLEAN_149,SNP_CAS_CLEAN_149_CASE_INITIATION_MILESTONE_20250714,20250714,CASE_INITIATION_TO_MILESTONE,1.0.0-cox-production-baseline,-1.029675,0.357123,0.99957,0.993092,0.992081,0.991525,0.991525,0.00043,0.006908,0.007919,0.008475,0.008475,PARTIAL — CALIBRATION NOT RELIABLE DUE TO EVENT SPARSITY,HIGH_UNCERTAINTY_SPARSE_EVENTS,HIGH UNCERTAINTY: Estimates derived from sparse administrative milestone occurrences.,ADVISORY_MEDIAN_RELATIVE_HAZARD,"{'30d': False, '90d': False, '180d': True, '365d': True, '730d': True}"
CAS_CLEAN_156,SNP_CAS_CLEAN_156_CASE_INITIATION_MILESTONE_20250714,20250714,CASE_INITIATION_TO_MILESTONE,1.0.0-cox-production-baseline,-1.029675,0.357123,0.99957,0.993092,0.992081,0.991525,0.991525,0.00043,0.006908,0.007919,0.008475,0.008475,PARTIAL — CALIBRATION NOT RELIABLE DUE TO EVENT SPARSITY,HIGH_UNCERTAINTY_SPARSE_EVENTS,HIGH UNCERTAINTY: Estimates derived from sparse administrative milestone occurrences.,ADVISORY_MEDIAN_RELATIVE_HAZARD,"{'30d': False, '90d': False, '180d': True, '365d': True, '730d': True}"
CAS_CLEAN_042,SNP_CAS_CLEAN_042_CASE_INITIATION_MILESTONE_20250716,20250716,CASE_INITIATION_TO_MILESTONE,1.0.0-cox-production-baseline,-1.308132,0.270325,0.999674,0.994767,0.994,0.993578,0.993578,0.000326,0.005233,0.006,0.006422,0.006422,PARTIAL — CALIBRATION NOT RELIABLE DUE TO EVENT SPARSITY,HIGH_UNCERTAINTY_SPARSE_EVENTS,HIGH UNCERTAINTY: Estimates derived from sparse administrative milestone occurrences.,ADVISORY_MEDIAN_RELATIVE_HAZARD,"{'30d': False, '90d': False, '180d': True, '365d': True, '730d': True}"
CAS_CLEAN_092,SNP_CAS_CLEAN_092_CASE_INITIATION_MILESTONE_20250716,20250716,CASE_INITIATION_TO_MILESTONE,1.0.0-cox-production-baseline,-1.108349,0.330104,0.999602,0.993613,0.992678,0.992164,0.992164,0.000398,0.006387,0.007322,0.007836,0.007836,PARTIAL — CALIBRATION NOT RELIABLE DUE TO EVENT SPARSITY,HIGH_UNCERTAINTY_SPARSE_EVENTS,HIGH UNCERTAINTY: Estimates derived from sparse administrative milestone occurrences.,ADVISORY_MEDIAN_RELATIVE_HAZARD,"{'30d': False, '90d': False, '180d': True, '365d': True, '730d': True}"
CAS_CLEAN_197,SNP_CAS_CLEAN_197_CASE_INITIATION_MILESTONE_20250716,20250716,CASE_INITIATION_TO_MILESTONE,1.0.0-cox-production-baseline,-1.376095,0.252563,0.999696,0.99511,0.994393,0.993999,0.993999,0.000304,0.00489,0.005607,0.006001,0.006001,PARTIAL — CALIBRATION NOT RELIABLE DUE TO EVENT SPARSITY,HIGH_UNCERTAINTY_SPARSE_EVENTS,HIGH UNCERTAINTY: Estimates derived from sparse administrative milestone occurrences.,ADVISORY_MEDIAN_RELATIVE_HAZARD,"{'30d': False, '90d': False, '180d': True, '365d': True, '730d': True}"
CAS_CLEAN_191,SNP_CAS_CLEAN_191_CASE_INITIATION_MILESTONE_20250717,20250717,CASE_INITIATION_TO_MILESTONE,1.0.0-cox-production-baseline,-1.259725,0.283732,0.999658,0.994508,0.993703,0.993261,0.993261,0.000342,0.005492,0.006297,0.006739,0.006739,PARTIAL — CALIBRATION NOT RELIABLE DUE TO EVENT SPARSITY,HIGH_UNCERTAINTY_SPARSE_EVENTS,HIGH UNCERTAINTY: Estimates derived from sparse administrative milestone occurrences.,ADVISORY_MEDIAN_RELATIVE_HAZARD,"{'30d': False, '90d': False, '180d': True, '365d': True, '730d': True}"
CAS_CLEAN_198,SNP_CAS_CLEAN_198_CASE_INITIATION_MILESTONE_20250720,20250720,CASE_INITIATION_TO_MILESTONE,1.0.0-cox-production-baseline,-1.376095,0.252563,0.999696,0.99511,0.994393,0.993999,0.993999,0.000304,0.00489,0.005607,0.006001,0.006001,PARTIAL — CALIBRATION NOT RELIABLE DUE TO EVENT SPARSITY,HIGH_UNCERTAINTY_SPARSE_EVENTS,HIGH UNCERTAINTY: Estimates derived from sparse administrative milestone occurrences.,ADVISORY_MEDIAN_RELATIVE_HAZARD,"{'30d': False, '90d': False, '180d': True, '365d': True, '730d': True}"
CAS_CLEAN_199,SNP_CAS_CLEAN_199_CASE_INITIATION_MILESTONE_20250720,20250720,CASE_INITIATION_TO_MILESTONE,1.0.0-cox-production-baseline,-1.376095,0.252563,0.999696,0.99511,0.994393,0.993999,0.993999,0.000304,0.00489,0.005607,0.006001,0.006001,PARTIAL — CALIBRATION NOT RELIABLE DUE TO EVENT SPARSITY,HIGH_UNCERTAINTY_SPARSE_EVENTS,HIGH UNCERTAINTY: Estimates derived from sparse administrative milestone occurrences.,ADVISORY_MEDIAN_RELATIVE_HAZARD,"{'30d': False, '90d': False, '180d': True, '365d': True, '730d': True}"
CAS_CLEAN_200,SNP_CAS_CLEAN_200_CASE_INITIATION_MILESTONE_20250720,20250720,CASE_INITIATION_TO_MILESTONE,1.0.0-cox-production-baseline,-1.376095,0.252563,0.999696,0.99511,0.994393,0.993999,0.993999,0.000304,0.00489,0.005607,0.006001,0.006001,PARTIAL — CALIBRATION NOT RELIABLE DUE TO EVENT SPARSITY,HIGH_UNCERTAINTY_SPARSE_EVENTS,HIGH UNCERTAINTY: Estimates derived from sparse administrative milestone occurrences.,ADVISORY_MEDIAN_RELATIVE_HAZARD,"{'30d': False, '90d': False, '180d': True, '365d': True, '730d': True}"
CAS_CLEAN_264,SNP_CAS_CLEAN_264_CASE_INITIATION_MILESTONE_20250720,20250720,CASE_INITIATION_TO_MILESTONE,1.0.0-cox-production-baseline,-1.517322,0.219298,0.999736,0.995752,0.99513,0.994787,0.994787,0.000264,0.004248,0.00487,0.005213,0.005213,PARTIAL — CALIBRATION NOT RELIABLE DUE TO EVENT SPARSITY,HIGH_UNCERTAINTY_SPARSE_EVENTS,HIGH UNCERTAINTY: Estimates derived from sparse administrative milestone occurrences.,ADVISORY_LOWER_RELATIVE_HAZARD,"{'30d': False, '90d': False, '180d': True, '365d': True, '730d': True}"
CAS_CLEAN_054,SNP_CAS_CLEAN_054_CASE_INITIATION_MILESTONE_20250721,20250721,CASE_INITIATION_TO_MILESTONE,1.0.0-cox-production-baseline,0.207195,1.230222,0.998519,0.976404,0.972984,0.971106,0.971106,0.001481,0.023596,0.027016,0.028894,0.028894,PARTIAL — CALIBRATION NOT RELIABLE DUE TO EVENT SPARSITY,HIGH_UNCERTAINTY_SPARSE_EVENTS,HIGH UNCERTAINTY: Estimates derived from sparse administrative milestone occurrences.,ADVISORY_HIGHEST_DECILE_HAZARD,"{'30d': False, '90d': False, '180d': True, '365d': True, '730d': True}"
CAS_CLEAN_237,SNP_CAS_CLEAN_237_CASE_INITIATION_MILESTONE_20250721,20250721,CASE_INITIATION_TO_MILESTONE,1.0.0-cox-production-baseline,-1.259725,0.283732,0.999658,0.994508,0.993703,0.993261,0.993261,0.000342,0.005492,0.006297,0.006739,0.006739,PARTIAL — CALIBRATION NOT RELIABLE DUE TO EVENT SPARSITY,HIGH_UNCERTAINTY_SPARSE_EVENTS,HIGH UNCERTAINTY: Estimates derived from sparse administrative milestone occurrences.,ADVISORY_MEDIAN_RELATIVE_HAZARD,"{'30d': False, '90d': False, '180d': True, '365d': True, '730d': True}"
CAS_CLEAN_251,SNP_CAS_CLEAN_251_CASE_INITIATION_MILESTONE_20250721,20250721,CASE_INITIATION_TO_MILESTONE,1.0.0-cox-production-baseline,-1.259725,0.283732,0.999658,0.994508,0.993703,0.993261,0.993261,0.000342,0.005492,0.006297,0.006739,0.006739,PARTIAL — CALIBRATION NOT RELIABLE DUE TO EVENT SPARSITY,HIGH_UNCERTAINTY_SPARSE_EVENTS,HIGH UNCERTAINTY: Estimates derived from sparse administrative milestone occurrences.,ADVISORY_MEDIAN_RELATIVE_HAZARD,"{'30d': False, '90d': False, '180d': True, '365d': True, '730d': True}"
CAS_CLEAN_057,SNP_CAS_CLEAN_057_CASE_INITIATION_MILESTONE_20250722,20250722,CASE_INITIATION_TO_MILESTONE,1.0.0-cox-production-baseline,-1.029675,0.357123,0.99957,0.993092,0.992081,0.991525,0.991525,0.00043,0.006908,0.007919,0.008475,0.008475,PARTIAL — CALIBRATION NOT RELIABLE DUE TO EVENT SPARSITY,HIGH_UNCERTAINTY_SPARSE_EVENTS,HIGH UNCERTAINTY: Estimates derived from sparse administrative milestone occurrences.,ADVISORY_MEDIAN_RELATIVE_HAZARD,"{'30d': False, '90d': False, '180d': True, '365d': True, '730d': True}"
CAS_CLEAN_112,SNP_CAS_CLEAN_112_CASE_INITIATION_MILESTONE_20250722,20250722,CASE_INITIATION_TO_MILESTONE,1.0.0-cox-production-baseline,-1.029675,0.357123,0.99957,0.993092,0.992081,0.991525,0.991525,0.00043,0.006908,0.007919,0.008475,0.008475,PARTIAL — CALIBRATION NOT RELIABLE DUE TO EVENT SPARSITY,HIGH_UNCERTAINTY_SPARSE_EVENTS,HIGH UNCERTAINTY: Estimates derived from sparse administrative milestone occurrences.,ADVISORY_MEDIAN_RELATIVE_HAZARD,"{'30d': False, '90d': False, '180d': True, '365d': True, '730d': True}"
CAS_CLEAN_222,SNP_CAS_CLEAN_222_CASE_INITIATION_MILESTONE_20250727,20250727,CASE_INITIATION_TO_MILESTONE,1.0.0-cox-production-baseline,-1.492465,0.224818,0.999729,0.995646,0.995008,0.994656,0.994656,0.000271,0.004354,0.004992,0.005344,0.005344,PARTIAL — CALIBRATION NOT RELIABLE DUE TO EVENT SPARSITY,HIGH_UNCERTAINTY_SPARSE_EVENTS,HIGH UNCERTAINTY: Estimates derived from sparse administrative milestone occurrences.,ADVISORY_LOWER_RELATIVE_HAZARD,"{'30d': False, '90d': False, '180d': True, '365d': True, '730d': True}"
CAS_CLEAN_032,SNP_CAS_CLEAN_032_CASE_INITIATION_MILESTONE_20250729,20250729,CASE_INITIATION_TO_MILESTONE,1.0.0-cox-production-baseline,-1.463924,0.231327,0.999721,0.99552,0.994863,0.994502,0.994502,0.000279,0.00448,0.005137,0.005498,0.005498,PARTIAL — CALIBRATION NOT RELIABLE DUE TO EVENT SPARSITY,HIGH_UNCERTAINTY_SPARSE_EVENTS,HIGH UNCERTAINTY: Estimates derived from sparse administrative milestone occurrences.,ADVISORY_MEDIAN_RELATIVE_HAZARD,"{'30d': False, '90d': False, '180d': True, '365d': True, '730d': True}"
CAS_CLEAN_025,SNP_CAS_CLEAN_025_CASE_INITIATION_MILESTONE_20250801,20250801,CASE_INITIATION_TO_MILESTONE,1.0.0-cox-production-baseline,0.439935,1.552606,0.998131,0.970313,0.966026,0.963673,0.963673,0.001869,0.029687,0.033974,0.036327,0.036327,PARTIAL — CALIBRATION NOT RELIABLE DUE TO EVENT SPARSITY,HIGH_UNCERTAINTY_SPARSE_EVENTS,HIGH UNCERTAINTY: Estimates derived from sparse administrative milestone occurrences.,ADVISORY_HIGHEST_DECILE_HAZARD,"{'30d': False, '90d': False, '180d': True, '365d': True, '730d': True}"
CAS_CLEAN_026,SNP_CAS_CLEAN_026_CASE_INITIATION_MILESTONE_20250801,20250801,CASE_INITIATION_TO_MILESTONE,1.0.0-cox-production-baseline,0.439935,1.552606,0.998131,0.970313,0.966026,0.963673,0.963673,0.001869,0.029687,0.033974,0.036327,0.036327,PARTIAL — CALIBRATION NOT RELIABLE DUE TO EVENT SPARSITY,HIGH_UNCERTAINTY_SPARSE_EVENTS,HIGH UNCERTAINTY: Estimates derived from sparse administrative milestone occurrences.,ADVISORY_HIGHEST_DECILE_HAZARD,"{'30d': False, '90d': False, '180d': True, '365d': True, '730d': True}"
CAS_CLEAN_065,SNP_CAS_CLEAN_065_CASE_INITIATION_MILESTONE_20250801,20250801,CASE_INITIATION_TO_MILESTONE,1.0.0-cox-production-baseline,0.439935,1.552606,0.998131,0.970313,0.966026,0.963673,0.963673,0.001869,0.029687,0.033974,0.036327,0.036327,PARTIAL — CALIBRATION NOT RELIABLE DUE TO EVENT SPARSITY,HIGH_UNCERTAINTY_SPARSE_EVENTS,HIGH UNCERTAINTY: Estimates derived from sparse administrative milestone occurrences.,ADVISORY_HIGHEST_DECILE_HAZARD,"{'30d': False, '90d': False, '180d': True, '365d': True, '730d': True}"
CAS_CLEAN_078,SNP_CAS_CLEAN_078_CASE_INITIATION_MILESTONE_20250801,20250801,CASE_INITIATION_TO_MILESTONE,1.0.0-cox-production-baseline,0.439935,1.552606,0.998131,0.970313,0.966026,0.963673,0.963673,0.001869,0.029687,0.033974,0.036327,0.036327,PARTIAL — CALIBRATION NOT RELIABLE DUE TO EVENT SPARSITY,HIGH_UNCERTAINTY_SPARSE_EVENTS,HIGH UNCERTAINTY: Estimates derived from sparse administrative milestone occurrences.,ADVISORY_HIGHEST_DECILE_HAZARD,"{'30d': False, '90d': False, '180d': True, '365d': True, '730d': True}"
CAS_CLEAN_103,SNP_CAS_CLEAN_103_CASE_INITIATION_MILESTONE_20250801,20250801,CASE_INITIATION_TO_MILESTONE,1.0.0-cox-production-baseline,0.439935,1.552606,0.998131,0.970313,0.966026,0.963673,0.963673,0.001869,0.029687,0.033974,0.036327,0.036327,PARTIAL — CALIBRATION NOT RELIABLE DUE TO EVENT SPARSITY,HIGH_UNCERTAINTY_SPARSE_EVENTS,HIGH UNCERTAINTY: Estimates derived from sparse administrative milestone occurrences.,ADVISORY_HIGHEST_DECILE_HAZARD,"{'30d': False, '90d': False, '180d': True, '365d': True, '730d': True}"
CAS_CLEAN_121,SNP_CAS_CLEAN_121_CASE_INITIATION_MILESTONE_20250801,20250801,CASE_INITIATION_TO_MILESTONE,1.0.0-cox-production-baseline,0.439935,1.552606,0.998131,0.970313,0.966026,0.963673,0.963673,0.001869,0.029687,0.033974,0.036327,0.036327,PARTIAL — CALIBRATION NOT RELIABLE DUE TO EVENT SPARSITY,HIGH_UNCERTAINTY_SPARSE_EVENTS,HIGH UNCERTAINTY: Estimates derived from sparse administrative milestone occurrences.,ADVISORY_HIGHEST_DECILE_HAZARD,"{'30d': False, '90d': False, '180d': True, '365d': True, '730d': True}"
CAS_CLEAN_097,SNP_CAS_CLEAN_097_CASE_INITIATION_MILESTONE_20250803,20250803,CASE_INITIATION_TO_MILESTONE,1.0.0-cox-production-baseline,-0.469029,0.625609,0.999247,0.98793,0.986169,0.985201,0.985201,0.000753,0.01207,0.013831,0.014799,0.014799,PARTIAL — CALIBRATION NOT RELIABLE DUE TO EVENT SPARSITY,HIGH_UNCERTAINTY_SPARSE_EVENTS,HIGH UNCERTAINTY: Estimates derived from sparse administrative milestone occurrences.,ADVISORY_ELEVATED_RELATIVE_HAZARD,"{'30d': False, '90d': False, '180d': True, '365d': True, '730d': True}"
CAS_CLEAN_190,SNP_CAS_CLEAN_190_CASE_INITIATION_MILESTONE_20250804,20250804,CASE_INITIATION_TO_MILESTONE,1.0.0-cox-production-baseline,-1.259725,0.283732,0.999658,0.994508,0.993703,0.993261,0.993261,0.000342,0.005492,0.006297,0.006739,0.006739,PARTIAL — CALIBRATION NOT RELIABLE DUE TO EVENT SPARSITY,HIGH_UNCERTAINTY_SPARSE_EVENTS,HIGH UNCERTAINTY: Estimates derived from sparse administrative milestone occurrences.,ADVISORY_MEDIAN_RELATIVE_HAZARD,"{'30d': False, '90d': False, '180d': True, '365d': True, '730d': True}"
CAS_CLEAN_094,SNP_CAS_CLEAN_094_CASE_INITIATION_MILESTONE_20250806,20250806,CASE_INITIATION_TO_MILESTONE,1.0.0-cox-production-baseline,-1.463924,0.231327,0.999721,0.99552,0.994863,0.994502,0.994502,0.000279,0.00448,0.005137,0.005498,0.005498,PARTIAL — CALIBRATION NOT RELIABLE DUE TO EVENT SPARSITY,HIGH_UNCERTAINTY_SPARSE_EVENTS,HIGH UNCERTAINTY: Estimates derived from sparse administrative milestone occurrences.,ADVISORY_MEDIAN_RELATIVE_HAZARD,"{'30d': False, '90d': False, '180d': True, '365d': True, '730d': True}"
CAS_CLEAN_140,SNP_CAS_CLEAN_140_CASE_INITIATION_MILESTONE_20250808,20250808,CASE_INITIATION_TO_MILESTONE,1.0.0-cox-production-baseline,-0.03201,0.968497,0.998834,0.981377,0.97867,0.977182,0.977182,0.001166,0.018623,0.02133,0.022818,0.022818,PARTIAL — CALIBRATION NOT RELIABLE DUE TO EVENT SPARSITY,HIGH_UNCERTAINTY_SPARSE_EVENTS,HIGH UNCERTAINTY: Estimates derived from sparse administrative milestone occurrences.,ADVISORY_ELEVATED_RELATIVE_HAZARD,"{'30d': False, '90d': False, '180d': True, '365d': True, '730d': True}"
CAS_CLEAN_216,SNP_CAS_CLEAN_216_CASE_INITIATION_MILESTONE_20250812,20250812,CASE_INITIATION_TO_MILESTONE,1.0.0-cox-production-baseline,-1.492465,0.224818,0.999729,0.995646,0.995008,0.994656,0.994656,0.000271,0.004354,0.004992,0.005344,0.005344,PARTIAL — CALIBRATION NOT RELIABLE DUE TO EVENT SPARSITY,HIGH_UNCERTAINTY_SPARSE_EVENTS,HIGH UNCERTAINTY: Estimates derived from sparse administrative milestone occurrences.,ADVISORY_LOWER_RELATIVE_HAZARD,"{'30d': False, '90d': False, '180d': True, '365d': True, '730d': True}"
CAS_CLEAN_218,SNP_CAS_CLEAN_218_CASE_INITIATION_MILESTONE_20250812,20250812,CASE_INITIATION_TO_MILESTONE,1.0.0-cox-production-baseline,-1.492465,0.224818,0.999729,0.995646,0.995008,0.994656,0.994656,0.000271,0.004354,0.004992,0.005344,0.005344,PARTIAL — CALIBRATION NOT RELIABLE DUE TO EVENT SPARSITY,HIGH_UNCERTAINTY_SPARSE_EVENTS,HIGH UNCERTAINTY: Estimates derived from sparse administrative milestone occurrences.,ADVISORY_LOWER_RELATIVE_HAZARD,"{'30d': False, '90d': False, '180d': True, '365d': True, '730d': True}"
CAS_CLEAN_219,SNP_CAS_CLEAN_219_CASE_INITIATION_MILESTONE_20250812,20250812,CASE_INITIATION_TO_MILESTONE,1.0.0-cox-production-baseline,-1.492465,0.224818,0.999729,0.995646,0.995008,0.994656,0.994656,0.000271,0.004354,0.004992,0.005344,0.005344,PARTIAL — CALIBRATION NOT RELIABLE DUE TO EVENT SPARSITY,HIGH_UNCERTAINTY_SPARSE_EVENTS,HIGH UNCERTAINTY: Estimates derived from sparse administrative milestone occurrences.,ADVISORY_LOWER_RELATIVE_HAZARD,"{'30d': False, '90d': False, '180d': True, '365d': True, '730d': True}"
CAS_CLEAN_221,SNP_CAS_CLEAN_221_CASE_INITIATION_MILESTONE_20250812,20250812,CASE_INITIATION_TO_MILESTONE,1.0.0-cox-production-baseline,-1.492465,0.224818,0.999729,0.995646,0.995008,0.994656,0.994656,0.000271,0.004354,0.004992,0.005344,0.005344,PARTIAL — CALIBRATION NOT RELIABLE DUE TO EVENT SPARSITY,HIGH_UNCERTAINTY_SPARSE_EVENTS,HIGH UNCERTAINTY: Estimates derived from sparse administrative milestone occurrences.,ADVISORY_LOWER_RELATIVE_HAZARD,"{'30d': False, '90d': False, '180d': True, '365d': True, '730d': True}"
CAS_CLEAN_016,SNP_CAS_CLEAN_016_CASE_INITIATION_MILESTONE_20250813,20250813,CASE_INITIATION_TO_MILESTONE,1.0.0-cox-production-baseline,-1.029675,0.357123,0.99957,0.993092,0.992081,0.991525,0.991525,0.00043,0.006908,0.007919,0.008475,0.008475,PARTIAL — CALIBRATION NOT RELIABLE DUE TO EVENT SPARSITY,HIGH_UNCERTAINTY_SPARSE_EVENTS,HIGH UNCERTAINTY: Estimates derived from sparse administrative milestone occurrences.,ADVISORY_MEDIAN_RELATIVE_HAZARD,"{'30d': False, '90d': False, '180d': True, '365d': True, '730d': True}"
CAS_CLEAN_061,SNP_CAS_CLEAN_061_CASE_INITIATION_MILESTONE_20250814,20250814,CASE_INITIATION_TO_MILESTONE,1.0.0-cox-production-baseline,-1.26888,0.281146,0.999661,0.994558,0.993761,0.993322,0.993322,0.000339,0.005442,0.006239,0.006678,0.006678,PARTIAL — CALIBRATION NOT RELIABLE DUE TO EVENT SPARSITY,HIGH_UNCERTAINTY_SPARSE_EVENTS,HIGH UNCERTAINTY: Estimates derived from sparse administrative milestone occurrences.,ADVISORY_MEDIAN_RELATIVE_HAZARD,"{'30d': False, '90d': False, '180d': True, '365d': True, '730d': True}"
CAS_CLEAN_234,SNP_CAS_CLEAN_234_CASE_INITIATION_MILESTONE_20250819,20250819,CASE_INITIATION_TO_MILESTONE,1.0.0-cox-production-baseline,-1.046083,0.351311,0.999577,0.993204,0.99221,0.991662,0.991662,0.000423,0.006796,0.00779,0.008338,0.008338,PARTIAL — CALIBRATION NOT RELIABLE DUE TO EVENT SPARSITY,HIGH_UNCERTAINTY_SPARSE_EVENTS,HIGH UNCERTAINTY: Estimates derived from sparse administrative milestone occurrences.,ADVISORY_MEDIAN_RELATIVE_HAZARD,"{'30d': False, '90d': False, '180d': True, '365d': True, '730d': True}"
CAS_CLEAN_099,SNP_CAS_CLEAN_099_CASE_INITIATION_MILESTONE_20250822,20250822,CASE_INITIATION_TO_MILESTONE,1.0.0-cox-production-baseline,-1.463924,0.231327,0.999721,0.99552,0.994863,0.994502,0.994502,0.000279,0.00448,0.005137,0.005498,0.005498,PARTIAL — CALIBRATION NOT RELIABLE DUE TO EVENT SPARSITY,HIGH_UNCERTAINTY_SPARSE_EVENTS,HIGH UNCERTAINTY: Estimates derived from sparse administrative milestone occurrences.,ADVISORY_MEDIAN_RELATIVE_HAZARD,"{'30d': False, '90d': False, '180d': True, '365d': True, '730d': True}"
CAS_CLEAN_128,SNP_CAS_CLEAN_128_CASE_INITIATION_MILESTONE_20250822,20250822,CASE_INITIATION_TO_MILESTONE,1.0.0-cox-production-baseline,-1.26888,0.281146,0.999661,0.994558,0.993761,0.993322,0.993322,0.000339,0.005442,0.006239,0.006678,0.006678,PARTIAL — CALIBRATION NOT RELIABLE DUE TO EVENT SPARSITY,HIGH_UNCERTAINTY_SPARSE_EVENTS,HIGH UNCERTAINTY: Estimates derived from sparse administrative milestone occurrences.,ADVISORY_MEDIAN_RELATIVE_HAZARD,"{'30d': False, '90d': False, '180d': True, '365d': True, '730d': True}"
CAS_CLEAN_100,SNP_CAS_CLEAN_100_CASE_INITIATION_MILESTONE_20250824,20250824,CASE_INITIATION_TO_MILESTONE,1.0.0-cox-production-baseline,-1.031781,0.356372,0.999571,0.993107,0.992098,0.991543,0.991543,0.000429,0.006893,0.007902,0.008457,0.008457,PARTIAL — CALIBRATION NOT RELIABLE DUE TO EVENT SPARSITY,HIGH_UNCERTAINTY_SPARSE_EVENTS,HIGH UNCERTAINTY: Estimates derived from sparse administrative milestone occurrences.,ADVISORY_MEDIAN_RELATIVE_HAZARD,"{'30d': False, '90d': False, '180d': True, '365d': True, '730d': True}"
CAS_CLEAN_024,SNP_CAS_CLEAN_024_CASE_INITIATION_MILESTONE_20250826,20250826,CASE_INITIATION_TO_MILESTONE,1.0.0-cox-production-baseline,-1.108349,0.330104,0.999602,0.993613,0.992678,0.992164,0.992164,0.000398,0.006387,0.007322,0.007836,0.007836,PARTIAL — CALIBRATION NOT RELIABLE DUE TO EVENT SPARSITY,HIGH_UNCERTAINTY_SPARSE_EVENTS,HIGH UNCERTAINTY: Estimates derived from sparse administrative milestone occurrences.,ADVISORY_MEDIAN_RELATIVE_HAZARD,"{'30d': False, '90d': False, '180d': True, '365d': True, '730d': True}"
CAS_CLEAN_203,SNP_CAS_CLEAN_203_CASE_INITIATION_MILESTONE_20250826,20250826,CASE_INITIATION_TO_MILESTONE,1.0.0-cox-production-baseline,-1.492465,0.224818,0.999729,0.995646,0.995008,0.994656,0.994656,0.000271,0.004354,0.004992,0.005344,0.005344,PARTIAL — CALIBRATION NOT RELIABLE DUE TO EVENT SPARSITY,HIGH_UNCERTAINTY_SPARSE_EVENTS,HIGH UNCERTAINTY: Estimates derived from sparse administrative milestone occurrences.,ADVISORY_LOWER_RELATIVE_HAZARD,"{'30d': False, '90d': False, '180d': True, '365d': True, '730d': True}"
CAS_CLEAN_204,SNP_CAS_CLEAN_204_CASE_INITIATION_MILESTONE_20250826,20250826,CASE_INITIATION_TO_MILESTONE,1.0.0-cox-production-baseline,-1.492465,0.224818,0.999729,0.995646,0.995008,0.994656,0.994656,0.000271,0.004354,0.004992,0.005344,0.005344,PARTIAL — CALIBRATION NOT RELIABLE DUE TO EVENT SPARSITY,HIGH_UNCERTAINTY_SPARSE_EVENTS,HIGH UNCERTAINTY: Estimates derived from sparse administrative milestone occurrences.,ADVISORY_LOWER_RELATIVE_HAZARD,"{'30d': False, '90d': False, '180d': True, '365d': True, '730d': True}"
CAS_CLEAN_205,SNP_CAS_CLEAN_205_CASE_INITIATION_MILESTONE_20250826,20250826,CASE_INITIATION_TO_MILESTONE,1.0.0-cox-production-baseline,-1.492465,0.224818,0.999729,0.995646,0.995008,0.994656,0.994656,0.000271,0.004354,0.004992,0.005344,0.005344,PARTIAL — CALIBRATION NOT RELIABLE DUE TO EVENT SPARSITY,HIGH_UNCERTAINTY_SPARSE_EVENTS,HIGH UNCERTAINTY: Estimates derived from sparse administrative milestone occurrences.,ADVISORY_LOWER_RELATIVE_HAZARD,"{'30d': False, '90d': False, '180d': True, '365d': True, '730d': True}"
CAS_CLEAN_206,SNP_CAS_CLEAN_206_CASE_INITIATION_MILESTONE_20250826,20250826,CASE_INITIATION_TO_MILESTONE,1.0.0-cox-production-baseline,-1.492465,0.224818,0.999729,0.995646,0.995008,0.994656,0.994656,0.000271,0.004354,0.004992,0.005344,0.005344,PARTIAL — CALIBRATION NOT RELIABLE DUE TO EVENT SPARSITY,HIGH_UNCERTAINTY_SPARSE_EVENTS,HIGH UNCERTAINTY: Estimates derived from sparse administrative milestone occurrences.,ADVISORY_LOWER_RELATIVE_HAZARD,"{'30d': False, '90d': False, '180d': True, '365d': True, '730d': True}"
CAS_CLEAN_033,SNP_CAS_CLEAN_033_CASE_INITIATION_MILESTONE_20250828,20250828,CASE_INITIATION_TO_MILESTONE,1.0.0-cox-production-baseline,-0.661967,0.515836,0.999379,0.990038,0.988582,0.987781,0.987781,0.000621,0.009962,0.011418,0.012219,0.012219,PARTIAL — CALIBRATION NOT RELIABLE DUE TO EVENT SPARSITY,HIGH_UNCERTAINTY_SPARSE_EVENTS,HIGH UNCERTAINTY: Estimates derived from sparse administrative milestone occurrences.,ADVISORY_ELEVATED_RELATIVE_HAZARD,"{'30d': False, '90d': False, '180d': True, '365d': True, '730d': True}"
CAS_CLEAN_211,SNP_CAS_CLEAN_211_CASE_INITIATION_MILESTONE_20250828,20250828,CASE_INITIATION_TO_MILESTONE,1.0.0-cox-production-baseline,-1.492465,0.224818,0.999729,0.995646,0.995008,0.994656,0.994656,0.000271,0.004354,0.004992,0.005344,0.005344,PARTIAL — CALIBRATION NOT RELIABLE DUE TO EVENT SPARSITY,HIGH_UNCERTAINTY_SPARSE_EVENTS,HIGH UNCERTAINTY: Estimates derived from sparse administrative milestone occurrences.,ADVISORY_LOWER_RELATIVE_HAZARD,"{'30d': False, '90d': False, '180d': True, '365d': True, '730d': True}"
CAS_CLEAN_148,SNP_CAS_CLEAN_148_CASE_INITIATION_MILESTONE_20250829,20250829,CASE_INITIATION_TO_MILESTONE,1.0.0-cox-production-baseline,-1.341089,0.261561,0.999685,0.994936,0.994194,0.993786,0.993786,0.000315,0.005064,0.005806,0.006214,0.006214,PARTIAL — CALIBRATION NOT RELIABLE DUE TO EVENT SPARSITY,HIGH_UNCERTAINTY_SPARSE_EVENTS,HIGH UNCERTAINTY: Estimates derived from sparse administrative milestone occurrences.,ADVISORY_MEDIAN_RELATIVE_HAZARD,"{'30d': False, '90d': False, '180d': True, '365d': True, '730d': True}"
CAS_CLEAN_023,SNP_CAS_CLEAN_023_CASE_INITIATION_MILESTONE_20250903,20250903,CASE_INITIATION_TO_MILESTONE,1.0.0-cox-production-baseline,-1.108349,0.330104,0.999602,0.993613,0.992678,0.992164,0.992164,0.000398,0.006387,0.007322,0.007836,0.007836,PARTIAL — CALIBRATION NOT RELIABLE DUE TO EVENT SPARSITY,HIGH_UNCERTAINTY_SPARSE_EVENTS,HIGH UNCERTAINTY: Estimates derived from sparse administrative milestone occurrences.,ADVISORY_MEDIAN_RELATIVE_HAZARD,"{'30d': False, '90d': False, '180d': True, '365d': True, '730d': True}"
CAS_CLEAN_189,SNP_CAS_CLEAN_189_CASE_INITIATION_MILESTONE_20250903,20250903,CASE_INITIATION_TO_MILESTONE,1.0.0-cox-production-baseline,-1.259725,0.283732,0.999658,0.994508,0.993703,0.993261,0.993261,0.000342,0.005492,0.006297,0.006739,0.006739,PARTIAL — CALIBRATION NOT RELIABLE DUE TO EVENT SPARSITY,HIGH_UNCERTAINTY_SPARSE_EVENTS,HIGH UNCERTAINTY: Estimates derived from sparse administrative milestone occurrences.,ADVISORY_MEDIAN_RELATIVE_HAZARD,"{'30d': False, '90d': False, '180d': True, '365d': True, '730d': True}"
CAS_CLEAN_193,SNP_CAS_CLEAN_193_CASE_INITIATION_MILESTONE_20250904,20250904,CASE_INITIATION_TO_MILESTONE,1.0.0-cox-production-baseline,-1.376095,0.252563,0.999696,0.99511,0.994393,0.993999,0.993999,0.000304,0.00489,0.005607,0.006001,0.006001,PARTIAL — CALIBRATION NOT RELIABLE DUE TO EVENT SPARSITY,HIGH_UNCERTAINTY_SPARSE_EVENTS,HIGH UNCERTAINTY: Estimates derived from sparse administrative milestone occurrences.,ADVISORY_MEDIAN_RELATIVE_HAZARD,"{'30d': False, '90d': False, '180d': True, '365d': True, '730d': True}"
CAS_CLEAN_196,SNP_CAS_CLEAN_196_CASE_INITIATION_MILESTONE_20250904,20250904,CASE_INITIATION_TO_MILESTONE,1.0.0-cox-production-baseline,-1.376095,0.252563,0.999696,0.99511,0.994393,0.993999,0.993999,0.000304,0.00489,0.005607,0.006001,0.006001,PARTIAL — CALIBRATION NOT RELIABLE DUE TO EVENT SPARSITY,HIGH_UNCERTAINTY_SPARSE_EVENTS,HIGH UNCERTAINTY: Estimates derived from sparse administrative milestone occurrences.,ADVISORY_MEDIAN_RELATIVE_HAZARD,"{'30d': False, '90d': False, '180d': True, '365d': True, '730d': True}"
CAS_CLEAN_005,SNP_CAS_CLEAN_005_CASE_INITIATION_MILESTONE_20250906,20250906,CASE_INITIATION_TO_MILESTONE,1.0.0-cox-production-baseline,-1.38979,0.249128,0.9997,0.995176,0.994469,0.99408,0.99408,0.0003,0.004824,0.005531,0.00592,0.00592,PARTIAL — CALIBRATION NOT RELIABLE DUE TO EVENT SPARSITY,HIGH_UNCERTAINTY_SPARSE_EVENTS,HIGH UNCERTAINTY: Estimates derived from sparse administrative milestone occurrences.,ADVISORY_MEDIAN_RELATIVE_HAZARD,"{'30d': False, '90d': False, '180d': True, '365d': True, '730d': True}"
CAS_CLEAN_079,SNP_CAS_CLEAN_079_CASE_INITIATION_MILESTONE_20250906,20250906,CASE_INITIATION_TO_MILESTONE,1.0.0-cox-production-baseline,-1.38979,0.249128,0.9997,0.995176,0.994469,0.99408,0.99408,0.0003,0.004824,0.005531,0.00592,0.00592,PARTIAL — CALIBRATION NOT RELIABLE DUE TO EVENT SPARSITY,HIGH_UNCERTAINTY_SPARSE_EVENTS,HIGH UNCERTAINTY: Estimates derived from sparse administrative milestone occurrences.,ADVISORY_MEDIAN_RELATIVE_HAZARD,"{'30d': False, '90d': False, '180d': True, '365d': True, '730d': True}"
CAS_CLEAN_145,SNP_CAS_CLEAN_145_CASE_INITIATION_MILESTONE_20250906,20250906,CASE_INITIATION_TO_MILESTONE,1.0.0-cox-production-baseline,-1.38979,0.249128,0.9997,0.995176,0.994469,0.99408,0.99408,0.0003,0.004824,0.005531,0.00592,0.00592,PARTIAL — CALIBRATION NOT RELIABLE DUE TO EVENT SPARSITY,HIGH_UNCERTAINTY_SPARSE_EVENTS,HIGH UNCERTAINTY: Estimates derived from sparse administrative milestone occurrences.,ADVISORY_MEDIAN_RELATIVE_HAZARD,"{'30d': False, '90d': False, '180d': True, '365d': True, '730d': True}"
CAS_CLEAN_212,SNP_CAS_CLEAN_212_CASE_INITIATION_MILESTONE_20250906,20250906,CASE_INITIATION_TO_MILESTONE,1.0.0-cox-production-baseline,-1.492465,0.224818,0.999729,0.995646,0.995008,0.994656,0.994656,0.000271,0.004354,0.004992,0.005344,0.005344,PARTIAL — CALIBRATION NOT RELIABLE DUE TO EVENT SPARSITY,HIGH_UNCERTAINTY_SPARSE_EVENTS,HIGH UNCERTAINTY: Estimates derived from sparse administrative milestone occurrences.,ADVISORY_LOWER_RELATIVE_HAZARD,"{'30d': False, '90d': False, '180d': True, '365d': True, '730d': True}"
CAS_CLEAN_213,SNP_CAS_CLEAN_213_CASE_INITIATION_MILESTONE_20250906,20250906,CASE_INITIATION_TO_MILESTONE,1.0.0-cox-production-baseline,-1.492465,0.224818,0.999729,0.995646,0.995008,0.994656,0.994656,0.000271,0.004354,0.004992,0.005344,0.005344,PARTIAL — CALIBRATION NOT RELIABLE DUE TO EVENT SPARSITY,HIGH_UNCERTAINTY_SPARSE_EVENTS,HIGH UNCERTAINTY: Estimates derived from sparse administrative milestone occurrences.,ADVISORY_LOWER_RELATIVE_HAZARD,"{'30d': False, '90d': False, '180d': True, '365d': True, '730d': True}"
CAS_CLEAN_215,SNP_CAS_CLEAN_215_CASE_INITIATION_MILESTONE_20250907,20250907,CASE_INITIATION_TO_MILESTONE,1.0.0-cox-production-baseline,-1.492465,0.224818,0.999729,0.995646,0.995008,0.994656,0.994656,0.000271,0.004354,0.004992,0.005344,0.005344,PARTIAL — CALIBRATION NOT RELIABLE DUE TO EVENT SPARSITY,HIGH_UNCERTAINTY_SPARSE_EVENTS,HIGH UNCERTAINTY: Estimates derived from sparse administrative milestone occurrences.,ADVISORY_LOWER_RELATIVE_HAZARD,"{'30d': False, '90d': False, '180d': True, '365d': True, '730d': True}"
CAS_CLEAN_091,SNP_CAS_CLEAN_091_CASE_INITIATION_MILESTONE_20250908,20250908,CASE_INITIATION_TO_MILESTONE,1.0.0-cox-production-baseline,-1.341089,0.261561,0.999685,0.994936,0.994194,0.993786,0.993786,0.000315,0.005064,0.005806,0.006214,0.006214,PARTIAL — CALIBRATION NOT RELIABLE DUE TO EVENT SPARSITY,HIGH_UNCERTAINTY_SPARSE_EVENTS,HIGH UNCERTAINTY: Estimates derived from sparse administrative milestone occurrences.,ADVISORY_MEDIAN_RELATIVE_HAZARD,"{'30d': False, '90d': False, '180d': True, '365d': True, '730d': True}"
CAS_CLEAN_207,SNP_CAS_CLEAN_207_CASE_INITIATION_MILESTONE_20250909,20250909,CASE_INITIATION_TO_MILESTONE,1.0.0-cox-production-baseline,-1.492465,0.224818,0.999729,0.995646,0.995008,0.994656,0.994656,0.000271,0.004354,0.004992,0.005344,0.005344,PARTIAL — CALIBRATION NOT RELIABLE DUE TO EVENT SPARSITY,HIGH_UNCERTAINTY_SPARSE_EVENTS,HIGH UNCERTAINTY: Estimates derived from sparse administrative milestone occurrences.,ADVISORY_LOWER_RELATIVE_HAZARD,"{'30d': False, '90d': False, '180d': True, '365d': True, '730d': True}"
CAS_CLEAN_208,SNP_CAS_CLEAN_208_CASE_INITIATION_MILESTONE_20250909,20250909,CASE_INITIATION_TO_MILESTONE,1.0.0-cox-production-baseline,-1.492465,0.224818,0.999729,0.995646,0.995008,0.994656,0.994656,0.000271,0.004354,0.004992,0.005344,0.005344,PARTIAL — CALIBRATION NOT RELIABLE DUE TO EVENT SPARSITY,HIGH_UNCERTAINTY_SPARSE_EVENTS,HIGH UNCERTAINTY: Estimates derived from sparse administrative milestone occurrences.,ADVISORY_LOWER_RELATIVE_HAZARD,"{'30d': False, '90d': False, '180d': True, '365d': True, '730d': True}"
CAS_CLEAN_209,SNP_CAS_CLEAN_209_CASE_INITIATION_MILESTONE_20250909,20250909,CASE_INITIATION_TO_MILESTONE,1.0.0-cox-production-baseline,-1.492465,0.224818,0.999729,0.995646,0.995008,0.994656,0.994656,0.000271,0.004354,0.004992,0.005344,0.005344,PARTIAL — CALIBRATION NOT RELIABLE DUE TO EVENT SPARSITY,HIGH_UNCERTAINTY_SPARSE_EVENTS,HIGH UNCERTAINTY: Estimates derived from sparse administrative milestone occurrences.,ADVISORY_LOWER_RELATIVE_HAZARD,"{'30d': False, '90d': False, '180d': True, '365d': True, '730d': True}"
CAS_CLEAN_245,SNP_CAS_CLEAN_245_CASE_INITIATION_MILESTONE_20250910,20250910,CASE_INITIATION_TO_MILESTONE,1.0.0-cox-production-baseline,-1.259725,0.283732,0.999658,0.994508,0.993703,0.993261,0.993261,0.000342,0.005492,0.006297,0.006739,0.006739,PARTIAL — CALIBRATION NOT RELIABLE DUE TO EVENT SPARSITY,HIGH_UNCERTAINTY_SPARSE_EVENTS,HIGH UNCERTAINTY: Estimates derived from sparse administrative milestone occurrences.,ADVISORY_MEDIAN_RELATIVE_HAZARD,"{'30d': False, '90d': False, '180d': True, '365d': True, '730d': True}"
CAS_CLEAN_258,SNP_CAS_CLEAN_258_CASE_INITIATION_MILESTONE_20250913,20250913,CASE_INITIATION_TO_MILESTONE,1.0.0-cox-production-baseline,-1.246582,0.287486,0.999654,0.994435,0.99362,0.993172,0.993172,0.000346,0.005565,0.00638,0.006828,0.006828,PARTIAL — CALIBRATION NOT RELIABLE DUE TO EVENT SPARSITY,HIGH_UNCERTAINTY_SPARSE_EVENTS,HIGH UNCERTAINTY: Estimates derived from sparse administrative milestone occurrences.,ADVISORY_MEDIAN_RELATIVE_HAZARD,"{'30d': False, '90d': False, '180d': True, '365d': True, '730d': True}"
CAS_CLEAN_210,SNP_CAS_CLEAN_210_CASE_INITIATION_MILESTONE_20250916,20250916,CASE_INITIATION_TO_MILESTONE,1.0.0-cox-production-baseline,-1.492465,0.224818,0.999729,0.995646,0.995008,0.994656,0.994656,0.000271,0.004354,0.004992,0.005344,0.005344,PARTIAL — CALIBRATION NOT RELIABLE DUE TO EVENT SPARSITY,HIGH_UNCERTAINTY_SPARSE_EVENTS,HIGH UNCERTAINTY: Estimates derived from sparse administrative milestone occurrences.,ADVISORY_LOWER_RELATIVE_HAZARD,"{'30d': False, '90d': False, '180d': True, '365d': True, '730d': True}"
CAS_CLEAN_244,SNP_CAS_CLEAN_244_CASE_INITIATION_MILESTONE_20250917,20250917,CASE_INITIATION_TO_MILESTONE,1.0.0-cox-production-baseline,-1.259725,0.283732,0.999658,0.994508,0.993703,0.993261,0.993261,0.000342,0.005492,0.006297,0.006739,0.006739,PARTIAL — CALIBRATION NOT RELIABLE DUE TO EVENT SPARSITY,HIGH_UNCERTAINTY_SPARSE_EVENTS,HIGH UNCERTAINTY: Estimates derived from sparse administrative milestone occurrences.,ADVISORY_MEDIAN_RELATIVE_HAZARD,"{'30d': False, '90d': False, '180d': True, '365d': True, '730d': True}"
CAS_CLEAN_045,SNP_CAS_CLEAN_045_CASE_INITIATION_MILESTONE_20250919,20250919,CASE_INITIATION_TO_MILESTONE,1.0.0-cox-production-baseline,0.439935,1.552606,0.998131,0.970313,0.966026,0.963673,0.963673,0.001869,0.029687,0.033974,0.036327,0.036327,PARTIAL — CALIBRATION NOT RELIABLE DUE TO EVENT SPARSITY,HIGH_UNCERTAINTY_SPARSE_EVENTS,HIGH UNCERTAINTY: Estimates derived from sparse administrative milestone occurrences.,ADVISORY_HIGHEST_DECILE_HAZARD,"{'30d': False, '90d': False, '180d': True, '365d': True, '730d': True}"
CAS_CLEAN_076,SNP_CAS_CLEAN_076_CASE_INITIATION_MILESTONE_20250919,20250919,CASE_INITIATION_TO_MILESTONE,1.0.0-cox-production-baseline,0.439935,1.552606,0.998131,0.970313,0.966026,0.963673,0.963673,0.001869,0.029687,0.033974,0.036327,0.036327,PARTIAL — CALIBRATION NOT RELIABLE DUE TO EVENT SPARSITY,HIGH_UNCERTAINTY_SPARSE_EVENTS,HIGH UNCERTAINTY: Estimates derived from sparse administrative milestone occurrences.,ADVISORY_HIGHEST_DECILE_HAZARD,"{'30d': False, '90d': False, '180d': True, '365d': True, '730d': True}"
CAS_CLEAN_114,SNP_CAS_CLEAN_114_CASE_INITIATION_MILESTONE_20250919,20250919,CASE_INITIATION_TO_MILESTONE,1.0.0-cox-production-baseline,0.439935,1.552606,0.998131,0.970313,0.966026,0.963673,0.963673,0.001869,0.029687,0.033974,0.036327,0.036327,PARTIAL — CALIBRATION NOT RELIABLE DUE TO EVENT SPARSITY,HIGH_UNCERTAINTY_SPARSE_EVENTS,HIGH UNCERTAINTY: Estimates derived from sparse administrative milestone occurrences.,ADVISORY_HIGHEST_DECILE_HAZARD,"{'30d': False, '90d': False, '180d': True, '365d': True, '730d': True}"
CAS_CLEAN_133,SNP_CAS_CLEAN_133_CASE_INITIATION_MILESTONE_20250919,20250919,CASE_INITIATION_TO_MILESTONE,1.0.0-cox-production-baseline,-0.799041,0.44976,0.999458,0.991308,0.990037,0.989338,0.989338,0.000542,0.008692,0.009963,0.010662,0.010662,PARTIAL — CALIBRATION NOT RELIABLE DUE TO EVENT SPARSITY,HIGH_UNCERTAINTY_SPARSE_EVENTS,HIGH UNCERTAINTY: Estimates derived from sparse administrative milestone occurrences.,ADVISORY_ELEVATED_RELATIVE_HAZARD,"{'30d': False, '90d': False, '180d': True, '365d': True, '730d': True}"
CAS_CLEAN_228,SNP_CAS_CLEAN_228_CASE_INITIATION_MILESTONE_20250919,20250919,CASE_INITIATION_TO_MILESTONE,1.0.0-cox-production-baseline,-1.608835,0.200121,0.999759,0.996123,0.995555,0.995242,0.995242,0.000241,0.003877,0.004445,0.004758,0.004758,PARTIAL — CALIBRATION NOT RELIABLE DUE TO EVENT SPARSITY,HIGH_UNCERTAINTY_SPARSE_EVENTS,HIGH UNCERTAINTY: Estimates derived from sparse administrative milestone occurrences.,ADVISORY_LOWER_RELATIVE_HAZARD,"{'30d': False, '90d': False, '180d': True, '365d': True, '730d': True}"
CAS_CLEAN_229,SNP_CAS_CLEAN_229_CASE_INITIATION_MILESTONE_20250919,20250919,CASE_INITIATION_TO_MILESTONE,1.0.0-cox-production-baseline,-1.608835,0.200121,0.999759,0.996123,0.995555,0.995242,0.995242,0.000241,0.003877,0.004445,0.004758,0.004758,PARTIAL — CALIBRATION NOT RELIABLE DUE TO EVENT SPARSITY,HIGH_UNCERTAINTY_SPARSE_EVENTS,HIGH UNCERTAINTY: Estimates derived from sparse administrative milestone occurrences.,ADVISORY_LOWER_RELATIVE_HAZARD,"{'30d': False, '90d': False, '180d': True, '365d': True, '730d': True}"
CAS_CLEAN_230,SNP_CAS_CLEAN_230_CASE_INITIATION_MILESTONE_20250919,20250919,CASE_INITIATION_TO_MILESTONE,1.0.0-cox-production-baseline,-1.608835,0.200121,0.999759,0.996123,0.995555,0.995242,0.995242,0.000241,0.003877,0.004445,0.004758,0.004758,PARTIAL — CALIBRATION NOT RELIABLE DUE TO EVENT SPARSITY,HIGH_UNCERTAINTY_SPARSE_EVENTS,HIGH UNCERTAINTY: Estimates derived from sparse administrative milestone occurrences.,ADVISORY_LOWER_RELATIVE_HAZARD,"{'30d': False, '90d': False, '180d': True, '365d': True, '730d': True}"
CAS_CLEAN_231,SNP_CAS_CLEAN_231_CASE_INITIATION_MILESTONE_20250919,20250919,CASE_INITIATION_TO_MILESTONE,1.0.0-cox-production-baseline,-1.608835,0.200121,0.999759,0.996123,0.995555,0.995242,0.995242,0.000241,0.003877,0.004445,0.004758,0.004758,PARTIAL — CALIBRATION NOT RELIABLE DUE TO EVENT SPARSITY,HIGH_UNCERTAINTY_SPARSE_EVENTS,HIGH UNCERTAINTY: Estimates derived from sparse administrative milestone occurrences.,ADVISORY_LOWER_RELATIVE_HAZARD,"{'30d': False, '90d': False, '180d': True, '365d': True, '730d': True}"
CAS_CLEAN_232,SNP_CAS_CLEAN_232_CASE_INITIATION_MILESTONE_20250919,20250919,CASE_INITIATION_TO_MILESTONE,1.0.0-cox-production-baseline,-1.608835,0.200121,0.999759,0.996123,0.995555,0.995242,0.995242,0.000241,0.003877,0.004445,0.004758,0.004758,PARTIAL — CALIBRATION NOT RELIABLE DUE TO EVENT SPARSITY,HIGH_UNCERTAINTY_SPARSE_EVENTS,HIGH UNCERTAINTY: Estimates derived from sparse administrative milestone occurrences.,ADVISORY_LOWER_RELATIVE_HAZARD,"{'30d': False, '90d': False, '180d': True, '365d': True, '730d': True}"
CAS_CLEAN_242,SNP_CAS_CLEAN_242_CASE_INITIATION_MILESTONE_20250919,20250919,CASE_INITIATION_TO_MILESTONE,1.0.0-cox-production-baseline,-1.608835,0.200121,0.999759,0.996123,0.995555,0.995242,0.995242,0.000241,0.003877,0.004445,0.004758,0.004758,PARTIAL — CALIBRATION NOT RELIABLE DUE TO EVENT SPARSITY,HIGH_UNCERTAINTY_SPARSE_EVENTS,HIGH UNCERTAINTY: Estimates derived from sparse administrative milestone occurrences.,ADVISORY_LOWER_RELATIVE_HAZARD,"{'30d': False, '90d': False, '180d': True, '365d': True, '730d': True}"
CAS_CLEAN_101,SNP_CAS_CLEAN_101_CASE_INITIATION_MILESTONE_20250921,20250921,CASE_INITIATION_TO_MILESTONE,1.0.0-cox-production-baseline,-0.915411,0.400352,0.999518,0.992259,0.991127,0.990504,0.990504,0.000482,0.007741,0.008873,0.009496,0.009496,PARTIAL — CALIBRATION NOT RELIABLE DUE TO EVENT SPARSITY,HIGH_UNCERTAINTY_SPARSE_EVENTS,HIGH UNCERTAINTY: Estimates derived from sparse administrative milestone occurrences.,ADVISORY_MEDIAN_RELATIVE_HAZARD,"{'30d': False, '90d': False, '180d': True, '365d': True, '730d': True}"
CAS_CLEAN_001,SNP_CAS_CLEAN_001_CASE_INITIATION_MILESTONE_20250923,20250923,CASE_INITIATION_TO_MILESTONE,1.0.0-cox-production-baseline,-1.146045,0.317892,0.999617,0.993849,0.992948,0.992452,0.992452,0.000383,0.006151,0.007052,0.007548,0.007548,PARTIAL — CALIBRATION NOT RELIABLE DUE TO EVENT SPARSITY,HIGH_UNCERTAINTY_SPARSE_EVENTS,HIGH UNCERTAINTY: Estimates derived from sparse administrative milestone occurrences.,ADVISORY_MEDIAN_RELATIVE_HAZARD,"{'30d': False, '90d': False, '180d': True, '365d': True, '730d': True}"
CAS_CLEAN_227,SNP_CAS_CLEAN_227_CASE_INITIATION_MILESTONE_20250923,20250923,CASE_INITIATION_TO_MILESTONE,1.0.0-cox-production-baseline,-1.608835,0.200121,0.999759,0.996123,0.995555,0.995242,0.995242,0.000241,0.003877,0.004445,0.004758,0.004758,PARTIAL — CALIBRATION NOT RELIABLE DUE TO EVENT SPARSITY,HIGH_UNCERTAINTY_SPARSE_EVENTS,HIGH UNCERTAINTY: Estimates derived from sparse administrative milestone occurrences.,ADVISORY_LOWER_RELATIVE_HAZARD,"{'30d': False, '90d': False, '180d': True, '365d': True, '730d': True}"
CAS_CLEAN_240,SNP_CAS_CLEAN_240_CASE_INITIATION_MILESTONE_20250923,20250923,CASE_INITIATION_TO_MILESTONE,1.0.0-cox-production-baseline,-1.608835,0.200121,0.999759,0.996123,0.995555,0.995242,0.995242,0.000241,0.003877,0.004445,0.004758,0.004758,PARTIAL — CALIBRATION NOT RELIABLE DUE TO EVENT SPARSITY,HIGH_UNCERTAINTY_SPARSE_EVENTS,HIGH UNCERTAINTY: Estimates derived from sparse administrative milestone occurrences.,ADVISORY_LOWER_RELATIVE_HAZARD,"{'30d': False, '90d': False, '180d': True, '365d': True, '730d': True}"
CAS_CLEAN_093,SNP_CAS_CLEAN_093_CASE_INITIATION_MILESTONE_20250924,20250924,CASE_INITIATION_TO_MILESTONE,1.0.0-cox-production-baseline,-1.108349,0.330104,0.999602,0.993613,0.992678,0.992164,0.992164,0.000398,0.006387,0.007322,0.007836,0.007836,PARTIAL — CALIBRATION NOT RELIABLE DUE TO EVENT SPARSITY,HIGH_UNCERTAINTY_SPARSE_EVENTS,HIGH UNCERTAINTY: Estimates derived from sparse administrative milestone occurrences.,ADVISORY_MEDIAN_RELATIVE_HAZARD,"{'30d': False, '90d': False, '180d': True, '365d': True, '730d': True}"
CAS_CLEAN_194,SNP_CAS_CLEAN_194_CASE_INITIATION_MILESTONE_20250925,20250925,CASE_INITIATION_TO_MILESTONE,1.0.0-cox-production-baseline,-1.376095,0.252563,0.999696,0.99511,0.994393,0.993999,0.993999,0.000304,0.00489,0.005607,0.006001,0.006001,PARTIAL — CALIBRATION NOT RELIABLE DUE TO EVENT SPARSITY,HIGH_UNCERTAINTY_SPARSE_EVENTS,HIGH UNCERTAINTY: Estimates derived from sparse administrative milestone occurrences.,ADVISORY_MEDIAN_RELATIVE_HAZARD,"{'30d': False, '90d': False, '180d': True, '365d': True, '730d': True}"
CAS_CLEAN_195,SNP_CAS_CLEAN_195_CASE_INITIATION_MILESTONE_20250925,20250925,CASE_INITIATION_TO_MILESTONE,1.0.0-cox-production-baseline,-1.376095,0.252563,0.999696,0.99511,0.994393,0.993999,0.993999,0.000304,0.00489,0.005607,0.006001,0.006001,PARTIAL — CALIBRATION NOT RELIABLE DUE TO EVENT SPARSITY,HIGH_UNCERTAINTY_SPARSE_EVENTS,HIGH UNCERTAINTY: Estimates derived from sparse administrative milestone occurrences.,ADVISORY_MEDIAN_RELATIVE_HAZARD,"{'30d': False, '90d': False, '180d': True, '365d': True, '730d': True}"
CAS_CLEAN_243,SNP_CAS_CLEAN_243_CASE_INITIATION_MILESTONE_20250925,20250925,CASE_INITIATION_TO_MILESTONE,1.0.0-cox-production-baseline,-1.259725,0.283732,0.999658,0.994508,0.993703,0.993261,0.993261,0.000342,0.005492,0.006297,0.006739,0.006739,PARTIAL — CALIBRATION NOT RELIABLE DUE TO EVENT SPARSITY,HIGH_UNCERTAINTY_SPARSE_EVENTS,HIGH UNCERTAINTY: Estimates derived from sparse administrative milestone occurrences.,ADVISORY_MEDIAN_RELATIVE_HAZARD,"{'30d': False, '90d': False, '180d': True, '365d': True, '730d': True}"
CAS_CLEAN_015,SNP_CAS_CLEAN_015_CASE_INITIATION_MILESTONE_20250926,20250926,CASE_INITIATION_TO_MILESTONE,1.0.0-cox-production-baseline,0.439935,1.552606,0.998131,0.970313,0.966026,0.963673,0.963673,0.001869,0.029687,0.033974,0.036327,0.036327,PARTIAL — CALIBRATION NOT RELIABLE DUE TO EVENT SPARSITY,HIGH_UNCERTAINTY_SPARSE_EVENTS,HIGH UNCERTAINTY: Estimates derived from sparse administrative milestone occurrences.,ADVISORY_HIGHEST_DECILE_HAZARD,"{'30d': False, '90d': False, '180d': True, '365d': True, '730d': True}"
CAS_CLEAN_095,SNP_CAS_CLEAN_095_CASE_INITIATION_MILESTONE_20250928,20250928,CASE_INITIATION_TO_MILESTONE,1.0.0-cox-production-baseline,-1.390603,0.248925,0.9997,0.99518,0.994474,0.994085,0.994085,0.0003,0.00482,0.005526,0.005915,0.005915,PARTIAL — CALIBRATION NOT RELIABLE DUE TO EVENT SPARSITY,HIGH_UNCERTAINTY_SPARSE_EVENTS,HIGH UNCERTAINTY: Estimates derived from sparse administrative milestone occurrences.,ADVISORY_MEDIAN_RELATIVE_HAZARD,"{'30d': False, '90d': False, '180d': True, '365d': True, '730d': True}"
CAS_CLEAN_214,SNP_CAS_CLEAN_214_CASE_INITIATION_MILESTONE_20250928,20250928,CASE_INITIATION_TO_MILESTONE,1.0.0-cox-production-baseline,-1.608835,0.200121,0.999759,0.996123,0.995555,0.995242,0.995242,0.000241,0.003877,0.004445,0.004758,0.004758,PARTIAL — CALIBRATION NOT RELIABLE DUE TO EVENT SPARSITY,HIGH_UNCERTAINTY_SPARSE_EVENTS,HIGH UNCERTAINTY: Estimates derived from sparse administrative milestone occurrences.,ADVISORY_LOWER_RELATIVE_HAZARD,"{'30d': False, '90d': False, '180d': True, '365d': True, '730d': True}"
CAS_CLEAN_223,SNP_CAS_CLEAN_223_CASE_INITIATION_MILESTONE_20250928,20250928,CASE_INITIATION_TO_MILESTONE,1.0.0-cox-production-baseline,-1.608835,0.200121,0.999759,0.996123,0.995555,0.995242,0.995242,0.000241,0.003877,0.004445,0.004758,0.004758,PARTIAL — CALIBRATION NOT RELIABLE DUE TO EVENT SPARSITY,HIGH_UNCERTAINTY_SPARSE_EVENTS,HIGH UNCERTAINTY: Estimates derived from sparse administrative milestone occurrences.,ADVISORY_LOWER_RELATIVE_HAZARD,"{'30d': False, '90d': False, '180d': True, '365d': True, '730d': True}"
CAS_CLEAN_224,SNP_CAS_CLEAN_224_CASE_INITIATION_MILESTONE_20250928,20250928,CASE_INITIATION_TO_MILESTONE,1.0.0-cox-production-baseline,-1.608835,0.200121,0.999759,0.996123,0.995555,0.995242,0.995242,0.000241,0.003877,0.004445,0.004758,0.004758,PARTIAL — CALIBRATION NOT RELIABLE DUE TO EVENT SPARSITY,HIGH_UNCERTAINTY_SPARSE_EVENTS,HIGH UNCERTAINTY: Estimates derived from sparse administrative milestone occurrences.,ADVISORY_LOWER_RELATIVE_HAZARD,"{'30d': False, '90d': False, '180d': True, '365d': True, '730d': True}"
CAS_CLEAN_225,SNP_CAS_CLEAN_225_CASE_INITIATION_MILESTONE_20250928,20250928,CASE_INITIATION_TO_MILESTONE,1.0.0-cox-production-baseline,-1.608835,0.200121,0.999759,0.996123,0.995555,0.995242,0.995242,0.000241,0.003877,0.004445,0.004758,0.004758,PARTIAL — CALIBRATION NOT RELIABLE DUE TO EVENT SPARSITY,HIGH_UNCERTAINTY_SPARSE_EVENTS,HIGH UNCERTAINTY: Estimates derived from sparse administrative milestone occurrences.,ADVISORY_LOWER_RELATIVE_HAZARD,"{'30d': False, '90d': False, '180d': True, '365d': True, '730d': True}"
CAS_CLEAN_006,SNP_CAS_CLEAN_006_CASE_INITIATION_MILESTONE_20250929,20250929,CASE_INITIATION_TO_MILESTONE,1.0.0-cox-production-baseline,0.439935,1.552606,0.998131,0.970313,0.966026,0.963673,0.963673,0.001869,0.029687,0.033974,0.036327,0.036327,PARTIAL — CALIBRATION NOT RELIABLE DUE TO EVENT SPARSITY,HIGH_UNCERTAINTY_SPARSE_EVENTS,HIGH UNCERTAINTY: Estimates derived from sparse administrative milestone occurrences.,ADVISORY_HIGHEST_DECILE_HAZARD,"{'30d': False, '90d': False, '180d': True, '365d': True, '730d': True}"
CAS_CLEAN_014,SNP_CAS_CLEAN_014_CASE_INITIATION_MILESTONE_20250929,20250929,CASE_INITIATION_TO_MILESTONE,1.0.0-cox-production-baseline,0.439935,1.552606,0.998131,0.970313,0.966026,0.963673,0.963673,0.001869,0.029687,0.033974,0.036327,0.036327,PARTIAL — CALIBRATION NOT RELIABLE DUE TO EVENT SPARSITY,HIGH_UNCERTAINTY_SPARSE_EVENTS,HIGH UNCERTAINTY: Estimates derived from sparse administrative milestone occurrences.,ADVISORY_HIGHEST_DECILE_HAZARD,"{'30d': False, '90d': False, '180d': True, '365d': True, '730d': True}"
CAS_CLEAN_019,SNP_CAS_CLEAN_019_CASE_INITIATION_MILESTONE_20250929,20250929,CASE_INITIATION_TO_MILESTONE,1.0.0-cox-production-baseline,0.439935,1.552606,0.998131,0.970313,0.966026,0.963673,0.963673,0.001869,0.029687,0.033974,0.036327,0.036327,PARTIAL — CALIBRATION NOT RELIABLE DUE TO EVENT SPARSITY,HIGH_UNCERTAINTY_SPARSE_EVENTS,HIGH UNCERTAINTY: Estimates derived from sparse administrative milestone occurrences.,ADVISORY_HIGHEST_DECILE_HAZARD,"{'30d': False, '90d': False, '180d': True, '365d': True, '730d': True}"
CAS_CLEAN_060,SNP_CAS_CLEAN_060_CASE_INITIATION_MILESTONE_20250929,20250929,CASE_INITIATION_TO_MILESTONE,1.0.0-cox-production-baseline,0.886317,2.426178,0.997081,0.953999,0.947421,0.943817,0.943817,0.002919,0.046001,0.052579,0.056183,0.056183,PARTIAL — CALIBRATION NOT RELIABLE DUE TO EVENT SPARSITY,HIGH_UNCERTAINTY_SPARSE_EVENTS,HIGH UNCERTAINTY: Estimates derived from sparse administrative milestone occurrences.,ADVISORY_HIGHEST_DECILE_HAZARD,"{'30d': False, '90d': False, '180d': True, '365d': True, '730d': True}"
CAS_CLEAN_080,SNP_CAS_CLEAN_080_CASE_INITIATION_MILESTONE_20250929,20250929,CASE_INITIATION_TO_MILESTONE,1.0.0-cox-production-baseline,0.439935,1.552606,0.998131,0.970313,0.966026,0.963673,0.963673,0.001869,0.029687,0.033974,0.036327,0.036327,PARTIAL — CALIBRATION NOT RELIABLE DUE TO EVENT SPARSITY,HIGH_UNCERTAINTY_SPARSE_EVENTS,HIGH UNCERTAINTY: Estimates derived from sparse administrative milestone occurrences.,ADVISORY_HIGHEST_DECILE_HAZARD,"{'30d': False, '90d': False, '180d': True, '365d': True, '730d': True}"
CAS_CLEAN_129,SNP_CAS_CLEAN_129_CASE_INITIATION_MILESTONE_20250929,20250929,CASE_INITIATION_TO_MILESTONE,1.0.0-cox-production-baseline,0.439935,1.552606,0.998131,0.970313,0.966026,0.963673,0.963673,0.001869,0.029687,0.033974,0.036327,0.036327,PARTIAL — CALIBRATION NOT RELIABLE DUE TO EVENT SPARSITY,HIGH_UNCERTAINTY_SPARSE_EVENTS,HIGH UNCERTAINTY: Estimates derived from sparse administrative milestone occurrences.,ADVISORY_HIGHEST_DECILE_HAZARD,"{'30d': False, '90d': False, '180d': True, '365d': True, '730d': True}"
CAS_CLEAN_146,SNP_CAS_CLEAN_146_CASE_INITIATION_MILESTONE_20250929,20250929,CASE_INITIATION_TO_MILESTONE,1.0.0-cox-production-baseline,0.439935,1.552606,0.998131,0.970313,0.966026,0.963673,0.963673,0.001869,0.029687,0.033974,0.036327,0.036327,PARTIAL — CALIBRATION NOT RELIABLE DUE TO EVENT SPARSITY,HIGH_UNCERTAINTY_SPARSE_EVENTS,HIGH UNCERTAINTY: Estimates derived from sparse administrative milestone occurrences.,ADVISORY_HIGHEST_DECILE_HAZARD,"{'30d': False, '90d': False, '180d': True, '365d': True, '730d': True}"
CAS_CLEAN_147,SNP_CAS_CLEAN_147_CASE_INITIATION_MILESTONE_20250929,20250929,CASE_INITIATION_TO_MILESTONE,1.0.0-cox-production-baseline,0.439935,1.552606,0.998131,0.970313,0.966026,0.963673,0.963673,0.001869,0.029687,0.033974,0.036327,0.036327,PARTIAL — CALIBRATION NOT RELIABLE DUE TO EVENT SPARSITY,HIGH_UNCERTAINTY_SPARSE_EVENTS,HIGH UNCERTAINTY: Estimates derived from sparse administrative milestone occurrences.,ADVISORY_HIGHEST_DECILE_HAZARD,"{'30d': False, '90d': False, '180d': True, '365d': True, '730d': True}"
CAS_CLEAN_003,SNP_CAS_CLEAN_003_CASE_INITIATION_MILESTONE_20250930,20250930,CASE_INITIATION_TO_MILESTONE,1.0.0-cox-production-baseline,0.439935,1.552606,0.998131,0.970313,0.966026,0.963673,0.963673,0.001869,0.029687,0.033974,0.036327,0.036327,PARTIAL — CALIBRATION NOT RELIABLE DUE TO EVENT SPARSITY,HIGH_UNCERTAINTY_SPARSE_EVENTS,HIGH UNCERTAINTY: Estimates derived from sparse administrative milestone occurrences.,ADVISORY_HIGHEST_DECILE_HAZARD,"{'30d': False, '90d': False, '180d': True, '365d': True, '730d': True}"
CAS_CLEAN_124,SNP_CAS_CLEAN_124_CASE_INITIATION_MILESTONE_20250930,20250930,CASE_INITIATION_TO_MILESTONE,1.0.0-cox-production-baseline,0.439935,1.552606,0.998131,0.970313,0.966026,0.963673,0.963673,0.001869,0.029687,0.033974,0.036327,0.036327,PARTIAL — CALIBRATION NOT RELIABLE DUE TO EVENT SPARSITY,HIGH_UNCERTAINTY_SPARSE_EVENTS,HIGH UNCERTAINTY: Estimates derived from sparse administrative milestone occurrences.,ADVISORY_HIGHEST_DECILE_HAZARD,"{'30d': False, '90d': False, '180d': True, '365d': True, '730d': True}"
CAS_CLEAN_185,SNP_CAS_CLEAN_185_CASE_INITIATION_MILESTONE_20250930,20250930,CASE_INITIATION_TO_MILESTONE,1.0.0-cox-production-baseline,-1.608835,0.200121,0.999759,0.996123,0.995555,0.995242,0.995242,0.000241,0.003877,0.004445,0.004758,0.004758,PARTIAL — CALIBRATION NOT RELIABLE DUE TO EVENT SPARSITY,HIGH_UNCERTAINTY_SPARSE_EVENTS,HIGH UNCERTAINTY: Estimates derived from sparse administrative milestone occurrences.,ADVISORY_LOWER_RELATIVE_HAZARD,"{'30d': False, '90d': False, '180d': True, '365d': True, '730d': True}"
CAS_CLEAN_096,SNP_CAS_CLEAN_096_CASE_INITIATION_MILESTONE_20251001,20251001,CASE_INITIATION_TO_MILESTONE,1.0.0-cox-production-baseline,-1.270986,0.280555,0.999662,0.994569,0.993774,0.993336,0.993336,0.000338,0.005431,0.006226,0.006664,0.006664,PARTIAL — CALIBRATION NOT RELIABLE DUE TO EVENT SPARSITY,HIGH_UNCERTAINTY_SPARSE_EVENTS,HIGH UNCERTAINTY: Estimates derived from sparse administrative milestone occurrences.,ADVISORY_MEDIAN_RELATIVE_HAZARD,"{'30d': False, '90d': False, '180d': True, '365d': True, '730d': True}"
CAS_CLEAN_201,SNP_CAS_CLEAN_201_CASE_INITIATION_MILESTONE_20251001,20251001,CASE_INITIATION_TO_MILESTONE,1.0.0-cox-production-baseline,-1.492465,0.224818,0.999729,0.995646,0.995008,0.994656,0.994656,0.000271,0.004354,0.004992,0.005344,0.005344,PARTIAL — CALIBRATION NOT RELIABLE DUE TO EVENT SPARSITY,HIGH_UNCERTAINTY_SPARSE_EVENTS,HIGH UNCERTAINTY: Estimates derived from sparse administrative milestone occurrences.,ADVISORY_LOWER_RELATIVE_HAZARD,"{'30d': False, '90d': False, '180d': True, '365d': True, '730d': True}"
CAS_CLEAN_238,SNP_CAS_CLEAN_238_CASE_INITIATION_MILESTONE_20251001,20251001,CASE_INITIATION_TO_MILESTONE,1.0.0-cox-production-baseline,-1.492465,0.224818,0.999729,0.995646,0.995008,0.994656,0.994656,0.000271,0.004354,0.004992,0.005344,0.005344,PARTIAL — CALIBRATION NOT RELIABLE DUE TO EVENT SPARSITY,HIGH_UNCERTAINTY_SPARSE_EVENTS,HIGH UNCERTAINTY: Estimates derived from sparse administrative milestone occurrences.,ADVISORY_LOWER_RELATIVE_HAZARD,"{'30d': False, '90d': False, '180d': True, '365d': True, '730d': True}"
CAS_CLEAN_009,SNP_CAS_CLEAN_009_CASE_INITIATION_MILESTONE_20251011,20251011,CASE_INITIATION_TO_MILESTONE,1.0.0-cox-production-baseline,0.090825,1.095077,0.998682,0.978969,0.975916,0.974239,0.974239,0.001318,0.021031,0.024084,0.025761,0.025761,PARTIAL — CALIBRATION NOT RELIABLE DUE TO EVENT SPARSITY,HIGH_UNCERTAINTY_SPARSE_EVENTS,HIGH UNCERTAINTY: Estimates derived from sparse administrative milestone occurrences.,ADVISORY_ELEVATED_RELATIVE_HAZARD,"{'30d': False, '90d': False, '180d': True, '365d': True, '730d': True}"
CAS_CLEAN_064,SNP_CAS_CLEAN_064_CASE_INITIATION_MILESTONE_20251011,20251011,CASE_INITIATION_TO_MILESTONE,1.0.0-cox-production-baseline,0.090825,1.095077,0.998682,0.978969,0.975916,0.974239,0.974239,0.001318,0.021031,0.024084,0.025761,0.025761,PARTIAL — CALIBRATION NOT RELIABLE DUE TO EVENT SPARSITY,HIGH_UNCERTAINTY_SPARSE_EVENTS,HIGH UNCERTAINTY: Estimates derived from sparse administrative milestone occurrences.,ADVISORY_ELEVATED_RELATIVE_HAZARD,"{'30d': False, '90d': False, '180d': True, '365d': True, '730d': True}"
CAS_CLEAN_071,SNP_CAS_CLEAN_071_CASE_INITIATION_MILESTONE_20251011,20251011,CASE_INITIATION_TO_MILESTONE,1.0.0-cox-production-baseline,1.015077,2.759576,0.996681,0.947845,0.940415,0.936348,0.936348,0.003319,0.052155,0.059585,0.063652,0.063652,PARTIAL — CALIBRATION NOT RELIABLE DUE TO EVENT SPARSITY,HIGH_UNCERTAINTY_SPARSE_EVENTS,HIGH UNCERTAINTY: Estimates derived from sparse administrative milestone occurrences.,ADVISORY_HIGHEST_DECILE_HAZARD,"{'30d': False, '90d': False, '180d': True, '365d': True, '730d': True}"
CAS_CLEAN_120,SNP_CAS_CLEAN_120_CASE_INITIATION_MILESTONE_20251011,20251011,CASE_INITIATION_TO_MILESTONE,1.0.0-cox-production-baseline,0.090825,1.095077,0.998682,0.978969,0.975916,0.974239,0.974239,0.001318,0.021031,0.024084,0.025761,0.025761,PARTIAL — CALIBRATION NOT RELIABLE DUE TO EVENT SPARSITY,HIGH_UNCERTAINTY_SPARSE_EVENTS,HIGH UNCERTAINTY: Estimates derived from sparse administrative milestone occurrences.,ADVISORY_ELEVATED_RELATIVE_HAZARD,"{'30d': False, '90d': False, '180d': True, '365d': True, '730d': True}"
CAS_CLEAN_149,SNP_CAS_CLEAN_149_CASE_INITIATION_MILESTONE_20251012,20251012,CASE_INITIATION_TO_MILESTONE,1.0.0-cox-production-baseline,-1.146045,0.317892,0.999617,0.993849,0.992948,0.992452,0.992452,0.000383,0.006151,0.007052,0.007548,0.007548,PARTIAL — CALIBRATION NOT RELIABLE DUE TO EVENT SPARSITY,HIGH_UNCERTAINTY_SPARSE_EVENTS,HIGH UNCERTAINTY: Estimates derived from sparse administrative milestone occurrences.,ADVISORY_MEDIAN_RELATIVE_HAZARD,"{'30d': False, '90d': False, '180d': True, '365d': True, '730d': True}"
CAS_CLEAN_156,SNP_CAS_CLEAN_156_CASE_INITIATION_MILESTONE_20251012,20251012,CASE_INITIATION_TO_MILESTONE,1.0.0-cox-production-baseline,-1.146045,0.317892,0.999617,0.993849,0.992948,0.992452,0.992452,0.000383,0.006151,0.007052,0.007548,0.007548,PARTIAL — CALIBRATION NOT RELIABLE DUE TO EVENT SPARSITY,HIGH_UNCERTAINTY_SPARSE_EVENTS,HIGH UNCERTAINTY: Estimates derived from sparse administrative milestone occurrences.,ADVISORY_MEDIAN_RELATIVE_HAZARD,"{'30d': False, '90d': False, '180d': True, '365d': True, '730d': True}"
CAS_CLEAN_042,SNP_CAS_CLEAN_042_CASE_INITIATION_MILESTONE_20251014,20251014,CASE_INITIATION_TO_MILESTONE,1.0.0-cox-production-baseline,-1.424502,0.240628,0.99971,0.99534,0.994657,0.994282,0.994282,0.00029,0.00466,0.005343,0.005718,0.005718,PARTIAL — CALIBRATION NOT RELIABLE DUE TO EVENT SPARSITY,HIGH_UNCERTAINTY_SPARSE_EVENTS,HIGH UNCERTAINTY: Estimates derived from sparse administrative milestone occurrences.,ADVISORY_MEDIAN_RELATIVE_HAZARD,"{'30d': False, '90d': False, '180d': True, '365d': True, '730d': True}"
CAS_CLEAN_092,SNP_CAS_CLEAN_092_CASE_INITIATION_MILESTONE_20251014,20251014,CASE_INITIATION_TO_MILESTONE,1.0.0-cox-production-baseline,-1.224719,0.29384,0.999646,0.994313,0.99348,0.993021,0.993021,0.000354,0.005687,0.00652,0.006979,0.006979,PARTIAL — CALIBRATION NOT RELIABLE DUE TO EVENT SPARSITY,HIGH_UNCERTAINTY_SPARSE_EVENTS,HIGH UNCERTAINTY: Estimates derived from sparse administrative milestone occurrences.,ADVISORY_MEDIAN_RELATIVE_HAZARD,"{'30d': False, '90d': False, '180d': True, '365d': True, '730d': True}"
CAS_CLEAN_197,SNP_CAS_CLEAN_197_CASE_INITIATION_MILESTONE_20251014,20251014,CASE_INITIATION_TO_MILESTONE,1.0.0-cox-production-baseline,-1.492465,0.224818,0.999729,0.995646,0.995008,0.994656,0.994656,0.000271,0.004354,0.004992,0.005344,0.005344,PARTIAL — CALIBRATION NOT RELIABLE DUE TO EVENT SPARSITY,HIGH_UNCERTAINTY_SPARSE_EVENTS,HIGH UNCERTAINTY: Estimates derived from sparse administrative milestone occurrences.,ADVISORY_LOWER_RELATIVE_HAZARD,"{'30d': False, '90d': False, '180d': True, '365d': True, '730d': True}"
CAS_CLEAN_191,SNP_CAS_CLEAN_191_CASE_INITIATION_MILESTONE_20251015,20251015,CASE_INITIATION_TO_MILESTONE,1.0.0-cox-production-baseline,-1.376095,0.252563,0.999696,0.99511,0.994393,0.993999,0.993999,0.000304,0.00489,0.005607,0.006001,0.006001,PARTIAL — CALIBRATION NOT RELIABLE DUE TO EVENT SPARSITY,HIGH_UNCERTAINTY_SPARSE_EVENTS,HIGH UNCERTAINTY: Estimates derived from sparse administrative milestone occurrences.,ADVISORY_MEDIAN_RELATIVE_HAZARD,"{'30d': False, '90d': False, '180d': True, '365d': True, '730d': True}"
CAS_CLEAN_198,SNP_CAS_CLEAN_198_CASE_INITIATION_MILESTONE_20251018,20251018,CASE_INITIATION_TO_MILESTONE,1.0.0-cox-production-baseline,-1.492465,0.224818,0.999729,0.995646,0.995008,0.994656,0.994656,0.000271,0.004354,0.004992,0.005344,0.005344,PARTIAL — CALIBRATION NOT RELIABLE DUE TO EVENT SPARSITY,HIGH_UNCERTAINTY_SPARSE_EVENTS,HIGH UNCERTAINTY: Estimates derived from sparse administrative milestone occurrences.,ADVISORY_LOWER_RELATIVE_HAZARD,"{'30d': False, '90d': False, '180d': True, '365d': True, '730d': True}"
CAS_CLEAN_199,SNP_CAS_CLEAN_199_CASE_INITIATION_MILESTONE_20251018,20251018,CASE_INITIATION_TO_MILESTONE,1.0.0-cox-production-baseline,-1.492465,0.224818,0.999729,0.995646,0.995008,0.994656,0.994656,0.000271,0.004354,0.004992,0.005344,0.005344,PARTIAL — CALIBRATION NOT RELIABLE DUE TO EVENT SPARSITY,HIGH_UNCERTAINTY_SPARSE_EVENTS,HIGH UNCERTAINTY: Estimates derived from sparse administrative milestone occurrences.,ADVISORY_LOWER_RELATIVE_HAZARD,"{'30d': False, '90d': False, '180d': True, '365d': True, '730d': True}"
CAS_CLEAN_200,SNP_CAS_CLEAN_200_CASE_INITIATION_MILESTONE_20251018,20251018,CASE_INITIATION_TO_MILESTONE,1.0.0-cox-production-baseline,-1.492465,0.224818,0.999729,0.995646,0.995008,0.994656,0.994656,0.000271,0.004354,0.004992,0.005344,0.005344,PARTIAL — CALIBRATION NOT RELIABLE DUE TO EVENT SPARSITY,HIGH_UNCERTAINTY_SPARSE_EVENTS,HIGH UNCERTAINTY: Estimates derived from sparse administrative milestone occurrences.,ADVISORY_LOWER_RELATIVE_HAZARD,"{'30d': False, '90d': False, '180d': True, '365d': True, '730d': True}"
CAS_CLEAN_264,SNP_CAS_CLEAN_264_CASE_INITIATION_MILESTONE_20251018,20251018,CASE_INITIATION_TO_MILESTONE,1.0.0-cox-production-baseline,-1.633692,0.195208,0.999765,0.996218,0.995664,0.995358,0.995358,0.000235,0.003782,0.004336,0.004642,0.004642,PARTIAL — CALIBRATION NOT RELIABLE DUE TO EVENT SPARSITY,HIGH_UNCERTAINTY_SPARSE_EVENTS,HIGH UNCERTAINTY: Estimates derived from sparse administrative milestone occurrences.,ADVISORY_LOWER_RELATIVE_HAZARD,"{'30d': False, '90d': False, '180d': True, '365d': True, '730d': True}"
CAS_CLEAN_054,SNP_CAS_CLEAN_054_CASE_INITIATION_MILESTONE_20251019,20251019,CASE_INITIATION_TO_MILESTONE,1.0.0-cox-production-baseline,0.090825,1.095077,0.998682,0.978969,0.975916,0.974239,0.974239,0.001318,0.021031,0.024084,0.025761,0.025761,PARTIAL — CALIBRATION NOT RELIABLE DUE TO EVENT SPARSITY,HIGH_UNCERTAINTY_SPARSE_EVENTS,HIGH UNCERTAINTY: Estimates derived from sparse administrative milestone occurrences.,ADVISORY_ELEVATED_RELATIVE_HAZARD,"{'30d': False, '90d': False, '180d': True, '365d': True, '730d': True}"
CAS_CLEAN_237,SNP_CAS_CLEAN_237_CASE_INITIATION_MILESTONE_20251019,20251019,CASE_INITIATION_TO_MILESTONE,1.0.0-cox-production-baseline,-1.376095,0.252563,0.999696,0.99511,0.994393,0.993999,0.993999,0.000304,0.00489,0.005607,0.006001,0.006001,PARTIAL — CALIBRATION NOT RELIABLE DUE TO EVENT SPARSITY,HIGH_UNCERTAINTY_SPARSE_EVENTS,HIGH UNCERTAINTY: Estimates derived from sparse administrative milestone occurrences.,ADVISORY_MEDIAN_RELATIVE_HAZARD,"{'30d': False, '90d': False, '180d': True, '365d': True, '730d': True}"
CAS_CLEAN_251,SNP_CAS_CLEAN_251_CASE_INITIATION_MILESTONE_20251019,20251019,CASE_INITIATION_TO_MILESTONE,1.0.0-cox-production-baseline,-1.376095,0.252563,0.999696,0.99511,0.994393,0.993999,0.993999,0.000304,0.00489,0.005607,0.006001,0.006001,PARTIAL — CALIBRATION NOT RELIABLE DUE TO EVENT SPARSITY,HIGH_UNCERTAINTY_SPARSE_EVENTS,HIGH UNCERTAINTY: Estimates derived from sparse administrative milestone occurrences.,ADVISORY_MEDIAN_RELATIVE_HAZARD,"{'30d': False, '90d': False, '180d': True, '365d': True, '730d': True}"
CAS_CLEAN_057,SNP_CAS_CLEAN_057_CASE_INITIATION_MILESTONE_20251020,20251020,CASE_INITIATION_TO_MILESTONE,1.0.0-cox-production-baseline,-1.146045,0.317892,0.999617,0.993849,0.992948,0.992452,0.992452,0.000383,0.006151,0.007052,0.007548,0.007548,PARTIAL — CALIBRATION NOT RELIABLE DUE TO EVENT SPARSITY,HIGH_UNCERTAINTY_SPARSE_EVENTS,HIGH UNCERTAINTY: Estimates derived from sparse administrative milestone occurrences.,ADVISORY_MEDIAN_RELATIVE_HAZARD,"{'30d': False, '90d': False, '180d': True, '365d': True, '730d': True}"
CAS_CLEAN_112,SNP_CAS_CLEAN_112_CASE_INITIATION_MILESTONE_20251020,20251020,CASE_INITIATION_TO_MILESTONE,1.0.0-cox-production-baseline,-1.146045,0.317892,0.999617,0.993849,0.992948,0.992452,0.992452,0.000383,0.006151,0.007052,0.007548,0.007548,PARTIAL — CALIBRATION NOT RELIABLE DUE TO EVENT SPARSITY,HIGH_UNCERTAINTY_SPARSE_EVENTS,HIGH UNCERTAINTY: Estimates derived from sparse administrative milestone occurrences.,ADVISORY_MEDIAN_RELATIVE_HAZARD,"{'30d': False, '90d': False, '180d': True, '365d': True, '730d': True}"
CAS_CLEAN_222,SNP_CAS_CLEAN_222_CASE_INITIATION_MILESTONE_20251025,20251025,CASE_INITIATION_TO_MILESTONE,1.0.0-cox-production-baseline,-1.608835,0.200121,0.999759,0.996123,0.995555,0.995242,0.995242,0.000241,0.003877,0.004445,0.004758,0.004758,PARTIAL — CALIBRATION NOT RELIABLE DUE TO EVENT SPARSITY,HIGH_UNCERTAINTY_SPARSE_EVENTS,HIGH UNCERTAINTY: Estimates derived from sparse administrative milestone occurrences.,ADVISORY_LOWER_RELATIVE_HAZARD,"{'30d': False, '90d': False, '180d': True, '365d': True, '730d': True}"
CAS_CLEAN_025,SNP_CAS_CLEAN_025_CASE_INITIATION_MILESTONE_20251030,20251030,CASE_INITIATION_TO_MILESTONE,1.0.0-cox-production-baseline,0.323565,1.382046,0.998336,0.973531,0.969701,0.967599,0.967599,0.001664,0.026469,0.030299,0.032401,0.032401,PARTIAL — CALIBRATION NOT RELIABLE DUE TO EVENT SPARSITY,HIGH_UNCERTAINTY_SPARSE_EVENTS,HIGH UNCERTAINTY: Estimates derived from sparse administrative milestone occurrences.,ADVISORY_HIGHEST_DECILE_HAZARD,"{'30d': False, '90d': False, '180d': True, '365d': True, '730d': True}"
CAS_CLEAN_026,SNP_CAS_CLEAN_026_CASE_INITIATION_MILESTONE_20251030,20251030,CASE_INITIATION_TO_MILESTONE,1.0.0-cox-production-baseline,0.323565,1.382046,0.998336,0.973531,0.969701,0.967599,0.967599,0.001664,0.026469,0.030299,0.032401,0.032401,PARTIAL — CALIBRATION NOT RELIABLE DUE TO EVENT SPARSITY,HIGH_UNCERTAINTY_SPARSE_EVENTS,HIGH UNCERTAINTY: Estimates derived from sparse administrative milestone occurrences.,ADVISORY_HIGHEST_DECILE_HAZARD,"{'30d': False, '90d': False, '180d': True, '365d': True, '730d': True}"
CAS_CLEAN_065,SNP_CAS_CLEAN_065_CASE_INITIATION_MILESTONE_20251030,20251030,CASE_INITIATION_TO_MILESTONE,1.0.0-cox-production-baseline,0.323565,1.382046,0.998336,0.973531,0.969701,0.967599,0.967599,0.001664,0.026469,0.030299,0.032401,0.032401,PARTIAL — CALIBRATION NOT RELIABLE DUE TO EVENT SPARSITY,HIGH_UNCERTAINTY_SPARSE_EVENTS,HIGH UNCERTAINTY: Estimates derived from sparse administrative milestone occurrences.,ADVISORY_HIGHEST_DECILE_HAZARD,"{'30d': False, '90d': False, '180d': True, '365d': True, '730d': True}"
CAS_CLEAN_078,SNP_CAS_CLEAN_078_CASE_INITIATION_MILESTONE_20251030,20251030,CASE_INITIATION_TO_MILESTONE,1.0.0-cox-production-baseline,0.323565,1.382046,0.998336,0.973531,0.969701,0.967599,0.967599,0.001664,0.026469,0.030299,0.032401,0.032401,PARTIAL — CALIBRATION NOT RELIABLE DUE TO EVENT SPARSITY,HIGH_UNCERTAINTY_SPARSE_EVENTS,HIGH UNCERTAINTY: Estimates derived from sparse administrative milestone occurrences.,ADVISORY_HIGHEST_DECILE_HAZARD,"{'30d': False, '90d': False, '180d': True, '365d': True, '730d': True}"
CAS_CLEAN_103,SNP_CAS_CLEAN_103_CASE_INITIATION_MILESTONE_20251030,20251030,CASE_INITIATION_TO_MILESTONE,1.0.0-cox-production-baseline,0.323565,1.382046,0.998336,0.973531,0.969701,0.967599,0.967599,0.001664,0.026469,0.030299,0.032401,0.032401,PARTIAL — CALIBRATION NOT RELIABLE DUE TO EVENT SPARSITY,HIGH_UNCERTAINTY_SPARSE_EVENTS,HIGH UNCERTAINTY: Estimates derived from sparse administrative milestone occurrences.,ADVISORY_HIGHEST_DECILE_HAZARD,"{'30d': False, '90d': False, '180d': True, '365d': True, '730d': True}"
CAS_CLEAN_121,SNP_CAS_CLEAN_121_CASE_INITIATION_MILESTONE_20251030,20251030,CASE_INITIATION_TO_MILESTONE,1.0.0-cox-production-baseline,0.323565,1.382046,0.998336,0.973531,0.969701,0.967599,0.967599,0.001664,0.026469,0.030299,0.032401,0.032401,PARTIAL — CALIBRATION NOT RELIABLE DUE TO EVENT SPARSITY,HIGH_UNCERTAINTY_SPARSE_EVENTS,HIGH UNCERTAINTY: Estimates derived from sparse administrative milestone occurrences.,ADVISORY_HIGHEST_DECILE_HAZARD,"{'30d': False, '90d': False, '180d': True, '365d': True, '730d': True}"
CAS_CLEAN_097,SNP_CAS_CLEAN_097_CASE_INITIATION_MILESTONE_20251101,20251101,CASE_INITIATION_TO_MILESTONE,1.0.0-cox-production-baseline,-0.585399,0.556884,0.999329,0.989249,0.987679,0.986816,0.986816,0.000671,0.010751,0.012321,0.013184,0.013184,PARTIAL — CALIBRATION NOT RELIABLE DUE TO EVENT SPARSITY,HIGH_UNCERTAINTY_SPARSE_EVENTS,HIGH UNCERTAINTY: Estimates derived from sparse administrative milestone occurrences.,ADVISORY_ELEVATED_RELATIVE_HAZARD,"{'30d': False, '90d': False, '180d': True, '365d': True, '730d': True}"
CAS_CLEAN_190,SNP_CAS_CLEAN_190_CASE_INITIATION_MILESTONE_20251102,20251102,CASE_INITIATION_TO_MILESTONE,1.0.0-cox-production-baseline,-1.376095,0.252563,0.999696,0.99511,0.994393,0.993999,0.993999,0.000304,0.00489,0.005607,0.006001,0.006001,PARTIAL — CALIBRATION NOT RELIABLE DUE TO EVENT SPARSITY,HIGH_UNCERTAINTY_SPARSE_EVENTS,HIGH UNCERTAINTY: Estimates derived from sparse administrative milestone occurrences.,ADVISORY_MEDIAN_RELATIVE_HAZARD,"{'30d': False, '90d': False, '180d': True, '365d': True, '730d': True}"
CAS_CLEAN_216,SNP_CAS_CLEAN_216_CASE_INITIATION_MILESTONE_20251110,20251110,CASE_INITIATION_TO_MILESTONE,1.0.0-cox-production-baseline,-1.608835,0.200121,0.999759,0.996123,0.995555,0.995242,0.995242,0.000241,0.003877,0.004445,0.004758,0.004758,PARTIAL — CALIBRATION NOT RELIABLE DUE TO EVENT SPARSITY,HIGH_UNCERTAINTY_SPARSE_EVENTS,HIGH UNCERTAINTY: Estimates derived from sparse administrative milestone occurrences.,ADVISORY_LOWER_RELATIVE_HAZARD,"{'30d': False, '90d': False, '180d': True, '365d': True, '730d': True}"
CAS_CLEAN_218,SNP_CAS_CLEAN_218_CASE_INITIATION_MILESTONE_20251110,20251110,CASE_INITIATION_TO_MILESTONE,1.0.0-cox-production-baseline,-1.608835,0.200121,0.999759,0.996123,0.995555,0.995242,0.995242,0.000241,0.003877,0.004445,0.004758,0.004758,PARTIAL — CALIBRATION NOT RELIABLE DUE TO EVENT SPARSITY,HIGH_UNCERTAINTY_SPARSE_EVENTS,HIGH UNCERTAINTY: Estimates derived from sparse administrative milestone occurrences.,ADVISORY_LOWER_RELATIVE_HAZARD,"{'30d': False, '90d': False, '180d': True, '365d': True, '730d': True}"
CAS_CLEAN_219,SNP_CAS_CLEAN_219_CASE_INITIATION_MILESTONE_20251110,20251110,CASE_INITIATION_TO_MILESTONE,1.0.0-cox-production-baseline,-1.608835,0.200121,0.999759,0.996123,0.995555,0.995242,0.995242,0.000241,0.003877,0.004445,0.004758,0.004758,PARTIAL — CALIBRATION NOT RELIABLE DUE TO EVENT SPARSITY,HIGH_UNCERTAINTY_SPARSE_EVENTS,HIGH UNCERTAINTY: Estimates derived from sparse administrative milestone occurrences.,ADVISORY_LOWER_RELATIVE_HAZARD,"{'30d': False, '90d': False, '180d': True, '365d': True, '730d': True}"
CAS_CLEAN_221,SNP_CAS_CLEAN_221_CASE_INITIATION_MILESTONE_20251110,20251110,CASE_INITIATION_TO_MILESTONE,1.0.0-cox-production-baseline,-1.608835,0.200121,0.999759,0.996123,0.995555,0.995242,0.995242,0.000241,0.003877,0.004445,0.004758,0.004758,PARTIAL — CALIBRATION NOT RELIABLE DUE TO EVENT SPARSITY,HIGH_UNCERTAINTY_SPARSE_EVENTS,HIGH UNCERTAINTY: Estimates derived from sparse administrative milestone occurrences.,ADVISORY_LOWER_RELATIVE_HAZARD,"{'30d': False, '90d': False, '180d': True, '365d': True, '730d': True}"
CAS_CLEAN_016,SNP_CAS_CLEAN_016_CASE_INITIATION_MILESTONE_20251111,20251111,CASE_INITIATION_TO_MILESTONE,1.0.0-cox-production-baseline,-1.146045,0.317892,0.999617,0.993849,0.992948,0.992452,0.992452,0.000383,0.006151,0.007052,0.007548,0.007548,PARTIAL — CALIBRATION NOT RELIABLE DUE TO EVENT SPARSITY,HIGH_UNCERTAINTY_SPARSE_EVENTS,HIGH UNCERTAINTY: Estimates derived from sparse administrative milestone occurrences.,ADVISORY_MEDIAN_RELATIVE_HAZARD,"{'30d': False, '90d': False, '180d': True, '365d': True, '730d': True}"
CAS_CLEAN_234,SNP_CAS_CLEAN_234_CASE_INITIATION_MILESTONE_20251117,20251117,CASE_INITIATION_TO_MILESTONE,1.0.0-cox-production-baseline,-1.162453,0.312718,0.999623,0.993948,0.993062,0.992575,0.992575,0.000377,0.006052,0.006938,0.007425,0.007425,PARTIAL — CALIBRATION NOT RELIABLE DUE TO EVENT SPARSITY,HIGH_UNCERTAINTY_SPARSE_EVENTS,HIGH UNCERTAINTY: Estimates derived from sparse administrative milestone occurrences.,ADVISORY_MEDIAN_RELATIVE_HAZARD,"{'30d': False, '90d': False, '180d': True, '365d': True, '730d': True}"
CAS_CLEAN_100,SNP_CAS_CLEAN_100_CASE_INITIATION_MILESTONE_20251122,20251122,CASE_INITIATION_TO_MILESTONE,1.0.0-cox-production-baseline,-1.148151,0.317223,0.999618,0.993862,0.992963,0.992468,0.992468,0.000382,0.006138,0.007037,0.007532,0.007532,PARTIAL — CALIBRATION NOT RELIABLE DUE TO EVENT SPARSITY,HIGH_UNCERTAINTY_SPARSE_EVENTS,HIGH UNCERTAINTY: Estimates derived from sparse administrative milestone occurrences.,ADVISORY_MEDIAN_RELATIVE_HAZARD,"{'30d': False, '90d': False, '180d': True, '365d': True, '730d': True}"
CAS_CLEAN_024,SNP_CAS_CLEAN_024_CASE_INITIATION_MILESTONE_20251124,20251124,CASE_INITIATION_TO_MILESTONE,1.0.0-cox-production-baseline,-1.224719,0.29384,0.999646,0.994313,0.99348,0.993021,0.993021,0.000354,0.005687,0.00652,0.006979,0.006979,PARTIAL — CALIBRATION NOT RELIABLE DUE TO EVENT SPARSITY,HIGH_UNCERTAINTY_SPARSE_EVENTS,HIGH UNCERTAINTY: Estimates derived from sparse administrative milestone occurrences.,ADVISORY_MEDIAN_RELATIVE_HAZARD,"{'30d': False, '90d': False, '180d': True, '365d': True, '730d': True}"
CAS_CLEAN_203,SNP_CAS_CLEAN_203_CASE_INITIATION_MILESTONE_20251124,20251124,CASE_INITIATION_TO_MILESTONE,1.0.0-cox-production-baseline,-1.608835,0.200121,0.999759,0.996123,0.995555,0.995242,0.995242,0.000241,0.003877,0.004445,0.004758,0.004758,PARTIAL — CALIBRATION NOT RELIABLE DUE TO EVENT SPARSITY,HIGH_UNCERTAINTY_SPARSE_EVENTS,HIGH UNCERTAINTY: Estimates derived from sparse administrative milestone occurrences.,ADVISORY_LOWER_RELATIVE_HAZARD,"{'30d': False, '90d': False, '180d': True, '365d': True, '730d': True}"
CAS_CLEAN_204,SNP_CAS_CLEAN_204_CASE_INITIATION_MILESTONE_20251124,20251124,CASE_INITIATION_TO_MILESTONE,1.0.0-cox-production-baseline,-1.608835,0.200121,0.999759,0.996123,0.995555,0.995242,0.995242,0.000241,0.003877,0.004445,0.004758,0.004758,PARTIAL — CALIBRATION NOT RELIABLE DUE TO EVENT SPARSITY,HIGH_UNCERTAINTY_SPARSE_EVENTS,HIGH UNCERTAINTY: Estimates derived from sparse administrative milestone occurrences.,ADVISORY_LOWER_RELATIVE_HAZARD,"{'30d': False, '90d': False, '180d': True, '365d': True, '730d': True}"
CAS_CLEAN_205,SNP_CAS_CLEAN_205_CASE_INITIATION_MILESTONE_20251124,20251124,CASE_INITIATION_TO_MILESTONE,1.0.0-cox-production-baseline,-1.608835,0.200121,0.999759,0.996123,0.995555,0.995242,0.995242,0.000241,0.003877,0.004445,0.004758,0.004758,PARTIAL — CALIBRATION NOT RELIABLE DUE TO EVENT SPARSITY,HIGH_UNCERTAINTY_SPARSE_EVENTS,HIGH UNCERTAINTY: Estimates derived from sparse administrative milestone occurrences.,ADVISORY_LOWER_RELATIVE_HAZARD,"{'30d': False, '90d': False, '180d': True, '365d': True, '730d': True}"
CAS_CLEAN_206,SNP_CAS_CLEAN_206_CASE_INITIATION_MILESTONE_20251124,20251124,CASE_INITIATION_TO_MILESTONE,1.0.0-cox-production-baseline,-1.608835,0.200121,0.999759,0.996123,0.995555,0.995242,0.995242,0.000241,0.003877,0.004445,0.004758,0.004758,PARTIAL — CALIBRATION NOT RELIABLE DUE TO EVENT SPARSITY,HIGH_UNCERTAINTY_SPARSE_EVENTS,HIGH UNCERTAINTY: Estimates derived from sparse administrative milestone occurrences.,ADVISORY_LOWER_RELATIVE_HAZARD,"{'30d': False, '90d': False, '180d': True, '365d': True, '730d': True}"
CAS_CLEAN_033,SNP_CAS_CLEAN_033_CASE_INITIATION_MILESTONE_20251126,20251126,CASE_INITIATION_TO_MILESTONE,1.0.0-cox-production-baseline,-0.778337,0.459169,0.999447,0.991127,0.98983,0.989116,0.989116,0.000553,0.008873,0.01017,0.010884,0.010884,PARTIAL — CALIBRATION NOT RELIABLE DUE TO EVENT SPARSITY,HIGH_UNCERTAINTY_SPARSE_EVENTS,HIGH UNCERTAINTY: Estimates derived from sparse administrative milestone occurrences.,ADVISORY_ELEVATED_RELATIVE_HAZARD,"{'30d': False, '90d': False, '180d': True, '365d': True, '730d': True}"
CAS_CLEAN_211,SNP_CAS_CLEAN_211_CASE_INITIATION_MILESTONE_20251126,20251126,CASE_INITIATION_TO_MILESTONE,1.0.0-cox-production-baseline,-1.608835,0.200121,0.999759,0.996123,0.995555,0.995242,0.995242,0.000241,0.003877,0.004445,0.004758,0.004758,PARTIAL — CALIBRATION NOT RELIABLE DUE TO EVENT SPARSITY,HIGH_UNCERTAINTY_SPARSE_EVENTS,HIGH UNCERTAINTY: Estimates derived from sparse administrative milestone occurrences.,ADVISORY_LOWER_RELATIVE_HAZARD,"{'30d': False, '90d': False, '180d': True, '365d': True, '730d': True}"
CAS_CLEAN_023,SNP_CAS_CLEAN_023_CASE_INITIATION_MILESTONE_20251202,20251202,CASE_INITIATION_TO_MILESTONE,1.0.0-cox-production-baseline,-1.224719,0.29384,0.999646,0.994313,0.99348,0.993021,0.993021,0.000354,0.005687,0.00652,0.006979,0.006979,PARTIAL — CALIBRATION NOT RELIABLE DUE TO EVENT SPARSITY,HIGH_UNCERTAINTY_SPARSE_EVENTS,HIGH UNCERTAINTY: Estimates derived from sparse administrative milestone occurrences.,ADVISORY_MEDIAN_RELATIVE_HAZARD,"{'30d': False, '90d': False, '180d': True, '365d': True, '730d': True}"
CAS_CLEAN_148,SNP_CAS_CLEAN_148_CASE_INITIATION_MILESTONE_20251202,20251202,CASE_INITIATION_TO_MILESTONE,1.0.0-cox-production-baseline,-1.463924,0.231327,0.999721,0.99552,0.994863,0.994502,0.994502,0.000279,0.00448,0.005137,0.005498,0.005498,PARTIAL — CALIBRATION NOT RELIABLE DUE TO EVENT SPARSITY,HIGH_UNCERTAINTY_SPARSE_EVENTS,HIGH UNCERTAINTY: Estimates derived from sparse administrative milestone occurrences.,ADVISORY_MEDIAN_RELATIVE_HAZARD,"{'30d': False, '90d': False, '180d': True, '365d': True, '730d': True}"
CAS_CLEAN_189,SNP_CAS_CLEAN_189_CASE_INITIATION_MILESTONE_20251202,20251202,CASE_INITIATION_TO_MILESTONE,1.0.0-cox-production-baseline,-1.376095,0.252563,0.999696,0.99511,0.994393,0.993999,0.993999,0.000304,0.00489,0.005607,0.006001,0.006001,PARTIAL — CALIBRATION NOT RELIABLE DUE TO EVENT SPARSITY,HIGH_UNCERTAINTY_SPARSE_EVENTS,HIGH UNCERTAINTY: Estimates derived from sparse administrative milestone occurrences.,ADVISORY_MEDIAN_RELATIVE_HAZARD,"{'30d': False, '90d': False, '180d': True, '365d': True, '730d': True}"
CAS_CLEAN_193,SNP_CAS_CLEAN_193_CASE_INITIATION_MILESTONE_20251203,20251203,CASE_INITIATION_TO_MILESTONE,1.0.0-cox-production-baseline,-1.492465,0.224818,0.999729,0.995646,0.995008,0.994656,0.994656,0.000271,0.004354,0.004992,0.005344,0.005344,PARTIAL — CALIBRATION NOT RELIABLE DUE TO EVENT SPARSITY,HIGH_UNCERTAINTY_SPARSE_EVENTS,HIGH UNCERTAINTY: Estimates derived from sparse administrative milestone occurrences.,ADVISORY_LOWER_RELATIVE_HAZARD,"{'30d': False, '90d': False, '180d': True, '365d': True, '730d': True}"
CAS_CLEAN_196,SNP_CAS_CLEAN_196_CASE_INITIATION_MILESTONE_20251203,20251203,CASE_INITIATION_TO_MILESTONE,1.0.0-cox-production-baseline,-1.492465,0.224818,0.999729,0.995646,0.995008,0.994656,0.994656,0.000271,0.004354,0.004992,0.005344,0.005344,PARTIAL — CALIBRATION NOT RELIABLE DUE TO EVENT SPARSITY,HIGH_UNCERTAINTY_SPARSE_EVENTS,HIGH UNCERTAINTY: Estimates derived from sparse administrative milestone occurrences.,ADVISORY_LOWER_RELATIVE_HAZARD,"{'30d': False, '90d': False, '180d': True, '365d': True, '730d': True}"
CAS_CLEAN_212,SNP_CAS_CLEAN_212_CASE_INITIATION_MILESTONE_20251205,20251205,CASE_INITIATION_TO_MILESTONE,1.0.0-cox-production-baseline,-1.608835,0.200121,0.999759,0.996123,0.995555,0.995242,0.995242,0.000241,0.003877,0.004445,0.004758,0.004758,PARTIAL — CALIBRATION NOT RELIABLE DUE TO EVENT SPARSITY,HIGH_UNCERTAINTY_SPARSE_EVENTS,HIGH UNCERTAINTY: Estimates derived from sparse administrative milestone occurrences.,ADVISORY_LOWER_RELATIVE_HAZARD,"{'30d': False, '90d': False, '180d': True, '365d': True, '730d': True}"
CAS_CLEAN_213,SNP_CAS_CLEAN_213_CASE_INITIATION_MILESTONE_20251205,20251205,CASE_INITIATION_TO_MILESTONE,1.0.0-cox-production-baseline,-1.608835,0.200121,0.999759,0.996123,0.995555,0.995242,0.995242,0.000241,0.003877,0.004445,0.004758,0.004758,PARTIAL — CALIBRATION NOT RELIABLE DUE TO EVENT SPARSITY,HIGH_UNCERTAINTY_SPARSE_EVENTS,HIGH UNCERTAINTY: Estimates derived from sparse administrative milestone occurrences.,ADVISORY_LOWER_RELATIVE_HAZARD,"{'30d': False, '90d': False, '180d': True, '365d': True, '730d': True}"
CAS_CLEAN_215,SNP_CAS_CLEAN_215_CASE_INITIATION_MILESTONE_20251206,20251206,CASE_INITIATION_TO_MILESTONE,1.0.0-cox-production-baseline,-1.608835,0.200121,0.999759,0.996123,0.995555,0.995242,0.995242,0.000241,0.003877,0.004445,0.004758,0.004758,PARTIAL — CALIBRATION NOT RELIABLE DUE TO EVENT SPARSITY,HIGH_UNCERTAINTY_SPARSE_EVENTS,HIGH UNCERTAINTY: Estimates derived from sparse administrative milestone occurrences.,ADVISORY_LOWER_RELATIVE_HAZARD,"{'30d': False, '90d': False, '180d': True, '365d': True, '730d': True}"
CAS_CLEAN_207,SNP_CAS_CLEAN_207_CASE_INITIATION_MILESTONE_20251208,20251208,CASE_INITIATION_TO_MILESTONE,1.0.0-cox-production-baseline,-1.608835,0.200121,0.999759,0.996123,0.995555,0.995242,0.995242,0.000241,0.003877,0.004445,0.004758,0.004758,PARTIAL — CALIBRATION NOT RELIABLE DUE TO EVENT SPARSITY,HIGH_UNCERTAINTY_SPARSE_EVENTS,HIGH UNCERTAINTY: Estimates derived from sparse administrative milestone occurrences.,ADVISORY_LOWER_RELATIVE_HAZARD,"{'30d': False, '90d': False, '180d': True, '365d': True, '730d': True}"
CAS_CLEAN_208,SNP_CAS_CLEAN_208_CASE_INITIATION_MILESTONE_20251208,20251208,CASE_INITIATION_TO_MILESTONE,1.0.0-cox-production-baseline,-1.608835,0.200121,0.999759,0.996123,0.995555,0.995242,0.995242,0.000241,0.003877,0.004445,0.004758,0.004758,PARTIAL — CALIBRATION NOT RELIABLE DUE TO EVENT SPARSITY,HIGH_UNCERTAINTY_SPARSE_EVENTS,HIGH UNCERTAINTY: Estimates derived from sparse administrative milestone occurrences.,ADVISORY_LOWER_RELATIVE_HAZARD,"{'30d': False, '90d': False, '180d': True, '365d': True, '730d': True}"
CAS_CLEAN_209,SNP_CAS_CLEAN_209_CASE_INITIATION_MILESTONE_20251208,20251208,CASE_INITIATION_TO_MILESTONE,1.0.0-cox-production-baseline,-1.608835,0.200121,0.999759,0.996123,0.995555,0.995242,0.995242,0.000241,0.003877,0.004445,0.004758,0.004758,PARTIAL — CALIBRATION NOT RELIABLE DUE TO EVENT SPARSITY,HIGH_UNCERTAINTY_SPARSE_EVENTS,HIGH UNCERTAINTY: Estimates derived from sparse administrative milestone occurrences.,ADVISORY_LOWER_RELATIVE_HAZARD,"{'30d': False, '90d': False, '180d': True, '365d': True, '730d': True}"
CAS_CLEAN_245,SNP_CAS_CLEAN_245_CASE_INITIATION_MILESTONE_20251209,20251209,CASE_INITIATION_TO_MILESTONE,1.0.0-cox-production-baseline,-1.376095,0.252563,0.999696,0.99511,0.994393,0.993999,0.993999,0.000304,0.00489,0.005607,0.006001,0.006001,PARTIAL — CALIBRATION NOT RELIABLE DUE TO EVENT SPARSITY,HIGH_UNCERTAINTY_SPARSE_EVENTS,HIGH UNCERTAINTY: Estimates derived from sparse administrative milestone occurrences.,ADVISORY_MEDIAN_RELATIVE_HAZARD,"{'30d': False, '90d': False, '180d': True, '365d': True, '730d': True}"
CAS_CLEAN_005,SNP_CAS_CLEAN_005_CASE_INITIATION_MILESTONE_20251210,20251210,CASE_INITIATION_TO_MILESTONE,1.0.0-cox-production-baseline,-1.512625,0.220331,0.999735,0.995732,0.995107,0.994763,0.994763,0.000265,0.004268,0.004893,0.005237,0.005237,PARTIAL — CALIBRATION NOT RELIABLE DUE TO EVENT SPARSITY,HIGH_UNCERTAINTY_SPARSE_EVENTS,HIGH UNCERTAINTY: Estimates derived from sparse administrative milestone occurrences.,ADVISORY_LOWER_RELATIVE_HAZARD,"{'30d': False, '90d': False, '180d': True, '365d': True, '730d': True}"
CAS_CLEAN_079,SNP_CAS_CLEAN_079_CASE_INITIATION_MILESTONE_20251210,20251210,CASE_INITIATION_TO_MILESTONE,1.0.0-cox-production-baseline,-1.512625,0.220331,0.999735,0.995732,0.995107,0.994763,0.994763,0.000265,0.004268,0.004893,0.005237,0.005237,PARTIAL — CALIBRATION NOT RELIABLE DUE TO EVENT SPARSITY,HIGH_UNCERTAINTY_SPARSE_EVENTS,HIGH UNCERTAINTY: Estimates derived from sparse administrative milestone occurrences.,ADVISORY_LOWER_RELATIVE_HAZARD,"{'30d': False, '90d': False, '180d': True, '365d': True, '730d': True}"
CAS_CLEAN_145,SNP_CAS_CLEAN_145_CASE_INITIATION_MILESTONE_20251210,20251210,CASE_INITIATION_TO_MILESTONE,1.0.0-cox-production-baseline,-1.512625,0.220331,0.999735,0.995732,0.995107,0.994763,0.994763,0.000265,0.004268,0.004893,0.005237,0.005237,PARTIAL — CALIBRATION NOT RELIABLE DUE TO EVENT SPARSITY,HIGH_UNCERTAINTY_SPARSE_EVENTS,HIGH UNCERTAINTY: Estimates derived from sparse administrative milestone occurrences.,ADVISORY_LOWER_RELATIVE_HAZARD,"{'30d': False, '90d': False, '180d': True, '365d': True, '730d': True}"
CAS_CLEAN_091,SNP_CAS_CLEAN_091_CASE_INITIATION_MILESTONE_20251212,20251212,CASE_INITIATION_TO_MILESTONE,1.0.0-cox-production-baseline,-1.463924,0.231327,0.999721,0.99552,0.994863,0.994502,0.994502,0.000279,0.00448,0.005137,0.005498,0.005498,PARTIAL — CALIBRATION NOT RELIABLE DUE TO EVENT SPARSITY,HIGH_UNCERTAINTY_SPARSE_EVENTS,HIGH UNCERTAINTY: Estimates derived from sparse administrative milestone occurrences.,ADVISORY_MEDIAN_RELATIVE_HAZARD,"{'30d': False, '90d': False, '180d': True, '365d': True, '730d': True}"
CAS_CLEAN_258,SNP_CAS_CLEAN_258_CASE_INITIATION_MILESTONE_20251212,20251212,CASE_INITIATION_TO_MILESTONE,1.0.0-cox-production-baseline,-1.362952,0.255904,0.999692,0.995045,0.994319,0.99392,0.99392,0.000308,0.004955,0.005681,0.00608,0.00608,PARTIAL — CALIBRATION NOT RELIABLE DUE TO EVENT SPARSITY,HIGH_UNCERTAINTY_SPARSE_EVENTS,HIGH UNCERTAINTY: Estimates derived from sparse administrative milestone occurrences.,ADVISORY_MEDIAN_RELATIVE_HAZARD,"{'30d': False, '90d': False, '180d': True, '365d': True, '730d': True}"
CAS_CLEAN_259,SNP_CAS_CLEAN_259_CASE_INITIATION_MILESTONE_20251212,20251212,CASE_INITIATION_TO_MILESTONE,1.0.0-cox-production-baseline,0.030962,1.031446,0.998758,0.980179,0.9773,0.975717,0.975717,0.001242,0.019821,0.0227,0.024283,0.024283,PARTIAL — CALIBRATION NOT RELIABLE DUE TO EVENT SPARSITY,HIGH_UNCERTAINTY_SPARSE_EVENTS,HIGH UNCERTAINTY: Estimates derived from sparse administrative milestone occurrences.,ADVISORY_ELEVATED_RELATIVE_HAZARD,"{'30d': False, '90d': False, '180d': True, '365d': True, '730d': True}"
CAS_CLEAN_210,SNP_CAS_CLEAN_210_CASE_INITIATION_MILESTONE_20251215,20251215,CASE_INITIATION_TO_MILESTONE,1.0.0-cox-production-baseline,-1.608835,0.200121,0.999759,0.996123,0.995555,0.995242,0.995242,0.000241,0.003877,0.004445,0.004758,0.004758,PARTIAL — CALIBRATION NOT RELIABLE DUE TO EVENT SPARSITY,HIGH_UNCERTAINTY_SPARSE_EVENTS,HIGH UNCERTAINTY: Estimates derived from sparse administrative milestone occurrences.,ADVISORY_LOWER_RELATIVE_HAZARD,"{'30d': False, '90d': False, '180d': True, '365d': True, '730d': True}"
CAS_CLEAN_244,SNP_CAS_CLEAN_244_CASE_INITIATION_MILESTONE_20251216,20251216,CASE_INITIATION_TO_MILESTONE,1.0.0-cox-production-baseline,-1.376095,0.252563,0.999696,0.99511,0.994393,0.993999,0.993999,0.000304,0.00489,0.005607,0.006001,0.006001,PARTIAL — CALIBRATION NOT RELIABLE DUE TO EVENT SPARSITY,HIGH_UNCERTAINTY_SPARSE_EVENTS,HIGH UNCERTAINTY: Estimates derived from sparse administrative milestone occurrences.,ADVISORY_MEDIAN_RELATIVE_HAZARD,"{'30d': False, '90d': False, '180d': True, '365d': True, '730d': True}"
CAS_CLEAN_133,SNP_CAS_CLEAN_133_CASE_INITIATION_MILESTONE_20251218,20251218,CASE_INITIATION_TO_MILESTONE,1.0.0-cox-production-baseline,-0.915411,0.400352,0.999518,0.992259,0.991127,0.990504,0.990504,0.000482,0.007741,0.008873,0.009496,0.009496,PARTIAL — CALIBRATION NOT RELIABLE DUE TO EVENT SPARSITY,HIGH_UNCERTAINTY_SPARSE_EVENTS,HIGH UNCERTAINTY: Estimates derived from sparse administrative milestone occurrences.,ADVISORY_MEDIAN_RELATIVE_HAZARD,"{'30d': False, '90d': False, '180d': True, '365d': True, '730d': True}"
CAS_CLEAN_101,SNP_CAS_CLEAN_101_CASE_INITIATION_MILESTONE_20251220,20251220,CASE_INITIATION_TO_MILESTONE,1.0.0-cox-production-baseline,-1.031781,0.356372,0.999571,0.993107,0.992098,0.991543,0.991543,0.000429,0.006893,0.007902,0.008457,0.008457,PARTIAL — CALIBRATION NOT RELIABLE DUE TO EVENT SPARSITY,HIGH_UNCERTAINTY_SPARSE_EVENTS,HIGH UNCERTAINTY: Estimates derived from sparse administrative milestone occurrences.,ADVISORY_MEDIAN_RELATIVE_HAZARD,"{'30d': False, '90d': False, '180d': True, '365d': True, '730d': True}"
CAS_CLEAN_093,SNP_CAS_CLEAN_093_CASE_INITIATION_MILESTONE_20251223,20251223,CASE_INITIATION_TO_MILESTONE,1.0.0-cox-production-baseline,-1.224719,0.29384,0.999646,0.994313,0.99348,0.993021,0.993021,0.000354,0.005687,0.00652,0.006979,0.006979,PARTIAL — CALIBRATION NOT RELIABLE DUE TO EVENT SPARSITY,HIGH_UNCERTAINTY_SPARSE_EVENTS,HIGH UNCERTAINTY: Estimates derived from sparse administrative milestone occurrences.,ADVISORY_MEDIAN_RELATIVE_HAZARD,"{'30d': False, '90d': False, '180d': True, '365d': True, '730d': True}"
CAS_CLEAN_228,SNP_CAS_CLEAN_228_CASE_INITIATION_MILESTONE_20251223,20251223,CASE_INITIATION_TO_MILESTONE,1.0.0-cox-production-baseline,-1.73167,0.176989,0.999787,0.996571,0.996068,0.995791,0.995791,0.000213,0.003429,0.003932,0.004209,0.004209,PARTIAL — CALIBRATION NOT RELIABLE DUE TO EVENT SPARSITY,HIGH_UNCERTAINTY_SPARSE_EVENTS,HIGH UNCERTAINTY: Estimates derived from sparse administrative milestone occurrences.,ADVISORY_LOWER_RELATIVE_HAZARD,"{'30d': False, '90d': False, '180d': True, '365d': True, '730d': True}"
CAS_CLEAN_229,SNP_CAS_CLEAN_229_CASE_INITIATION_MILESTONE_20251223,20251223,CASE_INITIATION_TO_MILESTONE,1.0.0-cox-production-baseline,-1.73167,0.176989,0.999787,0.996571,0.996068,0.995791,0.995791,0.000213,0.003429,0.003932,0.004209,0.004209,PARTIAL — CALIBRATION NOT RELIABLE DUE TO EVENT SPARSITY,HIGH_UNCERTAINTY_SPARSE_EVENTS,HIGH UNCERTAINTY: Estimates derived from sparse administrative milestone occurrences.,ADVISORY_LOWER_RELATIVE_HAZARD,"{'30d': False, '90d': False, '180d': True, '365d': True, '730d': True}"
CAS_CLEAN_230,SNP_CAS_CLEAN_230_CASE_INITIATION_MILESTONE_20251223,20251223,CASE_INITIATION_TO_MILESTONE,1.0.0-cox-production-baseline,-1.73167,0.176989,0.999787,0.996571,0.996068,0.995791,0.995791,0.000213,0.003429,0.003932,0.004209,0.004209,PARTIAL — CALIBRATION NOT RELIABLE DUE TO EVENT SPARSITY,HIGH_UNCERTAINTY_SPARSE_EVENTS,HIGH UNCERTAINTY: Estimates derived from sparse administrative milestone occurrences.,ADVISORY_LOWER_RELATIVE_HAZARD,"{'30d': False, '90d': False, '180d': True, '365d': True, '730d': True}"
CAS_CLEAN_231,SNP_CAS_CLEAN_231_CASE_INITIATION_MILESTONE_20251223,20251223,CASE_INITIATION_TO_MILESTONE,1.0.0-cox-production-baseline,-1.73167,0.176989,0.999787,0.996571,0.996068,0.995791,0.995791,0.000213,0.003429,0.003932,0.004209,0.004209,PARTIAL — CALIBRATION NOT RELIABLE DUE TO EVENT SPARSITY,HIGH_UNCERTAINTY_SPARSE_EVENTS,HIGH UNCERTAINTY: Estimates derived from sparse administrative milestone occurrences.,ADVISORY_LOWER_RELATIVE_HAZARD,"{'30d': False, '90d': False, '180d': True, '365d': True, '730d': True}"
CAS_CLEAN_232,SNP_CAS_CLEAN_232_CASE_INITIATION_MILESTONE_20251223,20251223,CASE_INITIATION_TO_MILESTONE,1.0.0-cox-production-baseline,-1.73167,0.176989,0.999787,0.996571,0.996068,0.995791,0.995791,0.000213,0.003429,0.003932,0.004209,0.004209,PARTIAL — CALIBRATION NOT RELIABLE DUE TO EVENT SPARSITY,HIGH_UNCERTAINTY_SPARSE_EVENTS,HIGH UNCERTAINTY: Estimates derived from sparse administrative milestone occurrences.,ADVISORY_LOWER_RELATIVE_HAZARD,"{'30d': False, '90d': False, '180d': True, '365d': True, '730d': True}"
CAS_CLEAN_242,SNP_CAS_CLEAN_242_CASE_INITIATION_MILESTONE_20251223,20251223,CASE_INITIATION_TO_MILESTONE,1.0.0-cox-production-baseline,-1.73167,0.176989,0.999787,0.996571,0.996068,0.995791,0.995791,0.000213,0.003429,0.003932,0.004209,0.004209,PARTIAL — CALIBRATION NOT RELIABLE DUE TO EVENT SPARSITY,HIGH_UNCERTAINTY_SPARSE_EVENTS,HIGH UNCERTAINTY: Estimates derived from sparse administrative milestone occurrences.,ADVISORY_LOWER_RELATIVE_HAZARD,"{'30d': False, '90d': False, '180d': True, '365d': True, '730d': True}"
CAS_CLEAN_194,SNP_CAS_CLEAN_194_CASE_INITIATION_MILESTONE_20251224,20251224,CASE_INITIATION_TO_MILESTONE,1.0.0-cox-production-baseline,-1.492465,0.224818,0.999729,0.995646,0.995008,0.994656,0.994656,0.000271,0.004354,0.004992,0.005344,0.005344,PARTIAL — CALIBRATION NOT RELIABLE DUE TO EVENT SPARSITY,HIGH_UNCERTAINTY_SPARSE_EVENTS,HIGH UNCERTAINTY: Estimates derived from sparse administrative milestone occurrences.,ADVISORY_LOWER_RELATIVE_HAZARD,"{'30d': False, '90d': False, '180d': True, '365d': True, '730d': True}"
CAS_CLEAN_195,SNP_CAS_CLEAN_195_CASE_INITIATION_MILESTONE_20251224,20251224,CASE_INITIATION_TO_MILESTONE,1.0.0-cox-production-baseline,-1.492465,0.224818,0.999729,0.995646,0.995008,0.994656,0.994656,0.000271,0.004354,0.004992,0.005344,0.005344,PARTIAL — CALIBRATION NOT RELIABLE DUE TO EVENT SPARSITY,HIGH_UNCERTAINTY_SPARSE_EVENTS,HIGH UNCERTAINTY: Estimates derived from sparse administrative milestone occurrences.,ADVISORY_LOWER_RELATIVE_HAZARD,"{'30d': False, '90d': False, '180d': True, '365d': True, '730d': True}"
CAS_CLEAN_243,SNP_CAS_CLEAN_243_CASE_INITIATION_MILESTONE_20251224,20251224,CASE_INITIATION_TO_MILESTONE,1.0.0-cox-production-baseline,-1.376095,0.252563,0.999696,0.99511,0.994393,0.993999,0.993999,0.000304,0.00489,0.005607,0.006001,0.006001,PARTIAL — CALIBRATION NOT RELIABLE DUE TO EVENT SPARSITY,HIGH_UNCERTAINTY_SPARSE_EVENTS,HIGH UNCERTAINTY: Estimates derived from sparse administrative milestone occurrences.,ADVISORY_MEDIAN_RELATIVE_HAZARD,"{'30d': False, '90d': False, '180d': True, '365d': True, '730d': True}"
CAS_CLEAN_001,SNP_CAS_CLEAN_001_CASE_INITIATION_MILESTONE_20251227,20251227,CASE_INITIATION_TO_MILESTONE,1.0.0-cox-production-baseline,-1.26888,0.281146,0.999661,0.994558,0.993761,0.993322,0.993322,0.000339,0.005442,0.006239,0.006678,0.006678,PARTIAL — CALIBRATION NOT RELIABLE DUE TO EVENT SPARSITY,HIGH_UNCERTAINTY_SPARSE_EVENTS,HIGH UNCERTAINTY: Estimates derived from sparse administrative milestone occurrences.,ADVISORY_MEDIAN_RELATIVE_HAZARD,"{'30d': False, '90d': False, '180d': True, '365d': True, '730d': True}"
CAS_CLEAN_227,SNP_CAS_CLEAN_227_CASE_INITIATION_MILESTONE_20251227,20251227,CASE_INITIATION_TO_MILESTONE,1.0.0-cox-production-baseline,-1.73167,0.176989,0.999787,0.996571,0.996068,0.995791,0.995791,0.000213,0.003429,0.003932,0.004209,0.004209,PARTIAL — CALIBRATION NOT RELIABLE DUE TO EVENT SPARSITY,HIGH_UNCERTAINTY_SPARSE_EVENTS,HIGH UNCERTAINTY: Estimates derived from sparse administrative milestone occurrences.,ADVISORY_LOWER_RELATIVE_HAZARD,"{'30d': False, '90d': False, '180d': True, '365d': True, '730d': True}"
CAS_CLEAN_240,SNP_CAS_CLEAN_240_CASE_INITIATION_MILESTONE_20251227,20251227,CASE_INITIATION_TO_MILESTONE,1.0.0-cox-production-baseline,-1.73167,0.176989,0.999787,0.996571,0.996068,0.995791,0.995791,0.000213,0.003429,0.003932,0.004209,0.004209,PARTIAL — CALIBRATION NOT RELIABLE DUE TO EVENT SPARSITY,HIGH_UNCERTAINTY_SPARSE_EVENTS,HIGH UNCERTAINTY: Estimates derived from sparse administrative milestone occurrences.,ADVISORY_LOWER_RELATIVE_HAZARD,"{'30d': False, '90d': False, '180d': True, '365d': True, '730d': True}"
CAS_CLEAN_124,SNP_CAS_CLEAN_124_CASE_INITIATION_MILESTONE_20251229,20251229,CASE_INITIATION_TO_MILESTONE,1.0.0-cox-production-baseline,0.323565,1.382046,0.998336,0.973531,0.969701,0.967599,0.967599,0.001664,0.026469,0.030299,0.032401,0.032401,PARTIAL — CALIBRATION NOT RELIABLE DUE TO EVENT SPARSITY,HIGH_UNCERTAINTY_SPARSE_EVENTS,HIGH UNCERTAINTY: Estimates derived from sparse administrative milestone occurrences.,ADVISORY_HIGHEST_DECILE_HAZARD,"{'30d': False, '90d': False, '180d': True, '365d': True, '730d': True}"
CAS_CLEAN_201,SNP_CAS_CLEAN_201_CASE_INITIATION_MILESTONE_20251230,20251230,CASE_INITIATION_TO_MILESTONE,1.0.0-cox-production-baseline,-1.608835,0.200121,0.999759,0.996123,0.995555,0.995242,0.995242,0.000241,0.003877,0.004445,0.004758,0.004758,PARTIAL — CALIBRATION NOT RELIABLE DUE TO EVENT SPARSITY,HIGH_UNCERTAINTY_SPARSE_EVENTS,HIGH UNCERTAINTY: Estimates derived from sparse administrative milestone occurrences.,ADVISORY_LOWER_RELATIVE_HAZARD,"{'30d': False, '90d': False, '180d': True, '365d': True, '730d': True}"
CAS_CLEAN_238,SNP_CAS_CLEAN_238_CASE_INITIATION_MILESTONE_20251230,20251230,CASE_INITIATION_TO_MILESTONE,1.0.0-cox-production-baseline,-1.608835,0.200121,0.999759,0.996123,0.995555,0.995242,0.995242,0.000241,0.003877,0.004445,0.004758,0.004758,PARTIAL — CALIBRATION NOT RELIABLE DUE TO EVENT SPARSITY,HIGH_UNCERTAINTY_SPARSE_EVENTS,HIGH UNCERTAINTY: Estimates derived from sparse administrative milestone occurrences.,ADVISORY_LOWER_RELATIVE_HAZARD,"{'30d': False, '90d': False, '180d': True, '365d': True, '730d': True}"
CAS_CLEAN_095,SNP_CAS_CLEAN_095_CASE_INITIATION_MILESTONE_20260101,20260101,CASE_INITIATION_TO_MILESTONE,1.0.0-cox-production-baseline,-1.513438,0.220152,0.999735,0.995736,0.995111,0.994767,0.994767,0.000265,0.004264,0.004889,0.005233,0.005233,PARTIAL — CALIBRATION NOT RELIABLE DUE TO EVENT SPARSITY,HIGH_UNCERTAINTY_SPARSE_EVENTS,HIGH UNCERTAINTY: Estimates derived from sparse administrative milestone occurrences.,ADVISORY_LOWER_RELATIVE_HAZARD,"{'30d': False, '90d': False, '180d': True, '365d': True, '730d': True}"
CAS_CLEAN_214,SNP_CAS_CLEAN_214_CASE_INITIATION_MILESTONE_20260101,20260101,CASE_INITIATION_TO_MILESTONE,1.0.0-cox-production-baseline,-1.73167,0.176989,0.999787,0.996571,0.996068,0.995791,0.995791,0.000213,0.003429,0.003932,0.004209,0.004209,PARTIAL — CALIBRATION NOT RELIABLE DUE TO EVENT SPARSITY,HIGH_UNCERTAINTY_SPARSE_EVENTS,HIGH UNCERTAINTY: Estimates derived from sparse administrative milestone occurrences.,ADVISORY_LOWER_RELATIVE_HAZARD,"{'30d': False, '90d': False, '180d': True, '365d': True, '730d': True}"
CAS_CLEAN_223,SNP_CAS_CLEAN_223_CASE_INITIATION_MILESTONE_20260101,20260101,CASE_INITIATION_TO_MILESTONE,1.0.0-cox-production-baseline,-1.73167,0.176989,0.999787,0.996571,0.996068,0.995791,0.995791,0.000213,0.003429,0.003932,0.004209,0.004209,PARTIAL — CALIBRATION NOT RELIABLE DUE TO EVENT SPARSITY,HIGH_UNCERTAINTY_SPARSE_EVENTS,HIGH UNCERTAINTY: Estimates derived from sparse administrative milestone occurrences.,ADVISORY_LOWER_RELATIVE_HAZARD,"{'30d': False, '90d': False, '180d': True, '365d': True, '730d': True}"
CAS_CLEAN_224,SNP_CAS_CLEAN_224_CASE_INITIATION_MILESTONE_20260101,20260101,CASE_INITIATION_TO_MILESTONE,1.0.0-cox-production-baseline,-1.73167,0.176989,0.999787,0.996571,0.996068,0.995791,0.995791,0.000213,0.003429,0.003932,0.004209,0.004209,PARTIAL — CALIBRATION NOT RELIABLE DUE TO EVENT SPARSITY,HIGH_UNCERTAINTY_SPARSE_EVENTS,HIGH UNCERTAINTY: Estimates derived from sparse administrative milestone occurrences.,ADVISORY_LOWER_RELATIVE_HAZARD,"{'30d': False, '90d': False, '180d': True, '365d': True, '730d': True}"
CAS_CLEAN_225,SNP_CAS_CLEAN_225_CASE_INITIATION_MILESTONE_20260101,20260101,CASE_INITIATION_TO_MILESTONE,1.0.0-cox-production-baseline,-1.73167,0.176989,0.999787,0.996571,0.996068,0.995791,0.995791,0.000213,0.003429,0.003932,0.004209,0.004209,PARTIAL — CALIBRATION NOT RELIABLE DUE TO EVENT SPARSITY,HIGH_UNCERTAINTY_SPARSE_EVENTS,HIGH UNCERTAINTY: Estimates derived from sparse administrative milestone occurrences.,ADVISORY_LOWER_RELATIVE_HAZARD,"{'30d': False, '90d': False, '180d': True, '365d': True, '730d': True}"
CAS_CLEAN_185,SNP_CAS_CLEAN_185_CASE_INITIATION_MILESTONE_20260103,20260103,CASE_INITIATION_TO_MILESTONE,1.0.0-cox-production-baseline,-1.73167,0.176989,0.999787,0.996571,0.996068,0.995791,0.995791,0.000213,0.003429,0.003932,0.004209,0.004209,PARTIAL — CALIBRATION NOT RELIABLE DUE TO EVENT SPARSITY,HIGH_UNCERTAINTY_SPARSE_EVENTS,HIGH UNCERTAINTY: Estimates derived from sparse administrative milestone occurrences.,ADVISORY_LOWER_RELATIVE_HAZARD,"{'30d': False, '90d': False, '180d': True, '365d': True, '730d': True}"
CAS_CLEAN_052,SNP_CAS_CLEAN_052_CASE_INITIATION_MILESTONE_20260109,20260109,CASE_INITIATION_TO_MILESTONE,1.0.0-cox-production-baseline,-0.991979,0.370842,0.999553,0.992828,0.991778,0.991201,0.991201,0.000447,0.007172,0.008222,0.008799,0.008799,PARTIAL — CALIBRATION NOT RELIABLE DUE TO EVENT SPARSITY,HIGH_UNCERTAINTY_SPARSE_EVENTS,HIGH UNCERTAINTY: Estimates derived from sparse administrative milestone occurrences.,ADVISORY_MEDIAN_RELATIVE_HAZARD,"{'30d': False, '90d': False, '180d': True, '365d': True, '730d': True}"
CAS_CLEAN_042,SNP_CAS_CLEAN_042_CASE_INITIATION_MILESTONE_20260112,20260112,CASE_INITIATION_TO_MILESTONE,1.0.0-cox-production-baseline,-1.540872,0.214194,0.999742,0.995851,0.995243,0.994908,0.994908,0.000258,0.004149,0.004757,0.005092,0.005092,PARTIAL — CALIBRATION NOT RELIABLE DUE TO EVENT SPARSITY,HIGH_UNCERTAINTY_SPARSE_EVENTS,HIGH UNCERTAINTY: Estimates derived from sparse administrative milestone occurrences.,ADVISORY_LOWER_RELATIVE_HAZARD,"{'30d': False, '90d': False, '180d': True, '365d': True, '730d': True}"
CAS_CLEAN_092,SNP_CAS_CLEAN_092_CASE_INITIATION_MILESTONE_20260112,20260112,CASE_INITIATION_TO_MILESTONE,1.0.0-cox-production-baseline,-1.341089,0.261561,0.999685,0.994936,0.994194,0.993786,0.993786,0.000315,0.005064,0.005806,0.006214,0.006214,PARTIAL — CALIBRATION NOT RELIABLE DUE TO EVENT SPARSITY,HIGH_UNCERTAINTY_SPARSE_EVENTS,HIGH UNCERTAINTY: Estimates derived from sparse administrative milestone occurrences.,ADVISORY_MEDIAN_RELATIVE_HAZARD,"{'30d': False, '90d': False, '180d': True, '365d': True, '730d': True}"
CAS_CLEAN_197,SNP_CAS_CLEAN_197_CASE_INITIATION_MILESTONE_20260112,20260112,CASE_INITIATION_TO_MILESTONE,1.0.0-cox-production-baseline,-1.608835,0.200121,0.999759,0.996123,0.995555,0.995242,0.995242,0.000241,0.003877,0.004445,0.004758,0.004758,PARTIAL — CALIBRATION NOT RELIABLE DUE TO EVENT SPARSITY,HIGH_UNCERTAINTY_SPARSE_EVENTS,HIGH UNCERTAINTY: Estimates derived from sparse administrative milestone occurrences.,ADVISORY_LOWER_RELATIVE_HAZARD,"{'30d': False, '90d': False, '180d': True, '365d': True, '730d': True}"
CAS_CLEAN_191,SNP_CAS_CLEAN_191_CASE_INITIATION_MILESTONE_20260113,20260113,CASE_INITIATION_TO_MILESTONE,1.0.0-cox-production-baseline,-1.492465,0.224818,0.999729,0.995646,0.995008,0.994656,0.994656,0.000271,0.004354,0.004992,0.005344,0.005344,PARTIAL — CALIBRATION NOT RELIABLE DUE TO EVENT SPARSITY,HIGH_UNCERTAINTY_SPARSE_EVENTS,HIGH UNCERTAINTY: Estimates derived from sparse administrative milestone occurrences.,ADVISORY_LOWER_RELATIVE_HAZARD,"{'30d': False, '90d': False, '180d': True, '365d': True, '730d': True}"
CAS_CLEAN_009,SNP_CAS_CLEAN_009_CASE_INITIATION_MILESTONE_20260114,20260114,CASE_INITIATION_TO_MILESTONE,1.0.0-cox-production-baseline,-0.03201,0.968497,0.998834,0.981377,0.97867,0.977182,0.977182,0.001166,0.018623,0.02133,0.022818,0.022818,PARTIAL — CALIBRATION NOT RELIABLE DUE TO EVENT SPARSITY,HIGH_UNCERTAINTY_SPARSE_EVENTS,HIGH UNCERTAINTY: Estimates derived from sparse administrative milestone occurrences.,ADVISORY_ELEVATED_RELATIVE_HAZARD,"{'30d': False, '90d': False, '180d': True, '365d': True, '730d': True}"
CAS_CLEAN_064,SNP_CAS_CLEAN_064_CASE_INITIATION_MILESTONE_20260114,20260114,CASE_INITIATION_TO_MILESTONE,1.0.0-cox-production-baseline,-0.03201,0.968497,0.998834,0.981377,0.97867,0.977182,0.977182,0.001166,0.018623,0.02133,0.022818,0.022818,PARTIAL — CALIBRATION NOT RELIABLE DUE TO EVENT SPARSITY,HIGH_UNCERTAINTY_SPARSE_EVENTS,HIGH UNCERTAINTY: Estimates derived from sparse administrative milestone occurrences.,ADVISORY_ELEVATED_RELATIVE_HAZARD,"{'30d': False, '90d': False, '180d': True, '365d': True, '730d': True}"
CAS_CLEAN_120,SNP_CAS_CLEAN_120_CASE_INITIATION_MILESTONE_20260114,20260114,CASE_INITIATION_TO_MILESTONE,1.0.0-cox-production-baseline,-0.03201,0.968497,0.998834,0.981377,0.97867,0.977182,0.977182,0.001166,0.018623,0.02133,0.022818,0.022818,PARTIAL — CALIBRATION NOT RELIABLE DUE TO EVENT SPARSITY,HIGH_UNCERTAINTY_SPARSE_EVENTS,HIGH UNCERTAINTY: Estimates derived from sparse administrative milestone occurrences.,ADVISORY_ELEVATED_RELATIVE_HAZARD,"{'30d': False, '90d': False, '180d': True, '365d': True, '730d': True}"
CAS_CLEAN_149,SNP_CAS_CLEAN_149_CASE_INITIATION_MILESTONE_20260115,20260115,CASE_INITIATION_TO_MILESTONE,1.0.0-cox-production-baseline,-1.26888,0.281146,0.999661,0.994558,0.993761,0.993322,0.993322,0.000339,0.005442,0.006239,0.006678,0.006678,PARTIAL — CALIBRATION NOT RELIABLE DUE TO EVENT SPARSITY,HIGH_UNCERTAINTY_SPARSE_EVENTS,HIGH UNCERTAINTY: Estimates derived from sparse administrative milestone occurrences.,ADVISORY_MEDIAN_RELATIVE_HAZARD,"{'30d': False, '90d': False, '180d': True, '365d': True, '730d': True}"
CAS_CLEAN_156,SNP_CAS_CLEAN_156_CASE_INITIATION_MILESTONE_20260115,20260115,CASE_INITIATION_TO_MILESTONE,1.0.0-cox-production-baseline,-1.26888,0.281146,0.999661,0.994558,0.993761,0.993322,0.993322,0.000339,0.005442,0.006239,0.006678,0.006678,PARTIAL — CALIBRATION NOT RELIABLE DUE TO EVENT SPARSITY,HIGH_UNCERTAINTY_SPARSE_EVENTS,HIGH UNCERTAINTY: Estimates derived from sparse administrative milestone occurrences.,ADVISORY_MEDIAN_RELATIVE_HAZARD,"{'30d': False, '90d': False, '180d': True, '365d': True, '730d': True}"
CAS_CLEAN_198,SNP_CAS_CLEAN_198_CASE_INITIATION_MILESTONE_20260116,20260116,CASE_INITIATION_TO_MILESTONE,1.0.0-cox-production-baseline,-1.608835,0.200121,0.999759,0.996123,0.995555,0.995242,0.995242,0.000241,0.003877,0.004445,0.004758,0.004758,PARTIAL — CALIBRATION NOT RELIABLE DUE TO EVENT SPARSITY,HIGH_UNCERTAINTY_SPARSE_EVENTS,HIGH UNCERTAINTY: Estimates derived from sparse administrative milestone occurrences.,ADVISORY_LOWER_RELATIVE_HAZARD,"{'30d': False, '90d': False, '180d': True, '365d': True, '730d': True}"
CAS_CLEAN_199,SNP_CAS_CLEAN_199_CASE_INITIATION_MILESTONE_20260116,20260116,CASE_INITIATION_TO_MILESTONE,1.0.0-cox-production-baseline,-1.608835,0.200121,0.999759,0.996123,0.995555,0.995242,0.995242,0.000241,0.003877,0.004445,0.004758,0.004758,PARTIAL — CALIBRATION NOT RELIABLE DUE TO EVENT SPARSITY,HIGH_UNCERTAINTY_SPARSE_EVENTS,HIGH UNCERTAINTY: Estimates derived from sparse administrative milestone occurrences.,ADVISORY_LOWER_RELATIVE_HAZARD,"{'30d': False, '90d': False, '180d': True, '365d': True, '730d': True}"
CAS_CLEAN_200,SNP_CAS_CLEAN_200_CASE_INITIATION_MILESTONE_20260116,20260116,CASE_INITIATION_TO_MILESTONE,1.0.0-cox-production-baseline,-1.608835,0.200121,0.999759,0.996123,0.995555,0.995242,0.995242,0.000241,0.003877,0.004445,0.004758,0.004758,PARTIAL — CALIBRATION NOT RELIABLE DUE TO EVENT SPARSITY,HIGH_UNCERTAINTY_SPARSE_EVENTS,HIGH UNCERTAINTY: Estimates derived from sparse administrative milestone occurrences.,ADVISORY_LOWER_RELATIVE_HAZARD,"{'30d': False, '90d': False, '180d': True, '365d': True, '730d': True}"
CAS_CLEAN_264,SNP_CAS_CLEAN_264_CASE_INITIATION_MILESTONE_20260116,20260116,CASE_INITIATION_TO_MILESTONE,1.0.0-cox-production-baseline,-1.750062,0.173763,0.999791,0.996633,0.996139,0.995867,0.995867,0.000209,0.003367,0.003861,0.004133,0.004133,PARTIAL — CALIBRATION NOT RELIABLE DUE TO EVENT SPARSITY,HIGH_UNCERTAINTY_SPARSE_EVENTS,HIGH UNCERTAINTY: Estimates derived from sparse administrative milestone occurrences.,ADVISORY_LOWER_RELATIVE_HAZARD,"{'30d': False, '90d': False, '180d': True, '365d': True, '730d': True}"
CAS_CLEAN_237,SNP_CAS_CLEAN_237_CASE_INITIATION_MILESTONE_20260117,20260117,CASE_INITIATION_TO_MILESTONE,1.0.0-cox-production-baseline,-1.492465,0.224818,0.999729,0.995646,0.995008,0.994656,0.994656,0.000271,0.004354,0.004992,0.005344,0.005344,PARTIAL — CALIBRATION NOT RELIABLE DUE TO EVENT SPARSITY,HIGH_UNCERTAINTY_SPARSE_EVENTS,HIGH UNCERTAINTY: Estimates derived from sparse administrative milestone occurrences.,ADVISORY_LOWER_RELATIVE_HAZARD,"{'30d': False, '90d': False, '180d': True, '365d': True, '730d': True}"
CAS_CLEAN_251,SNP_CAS_CLEAN_251_CASE_INITIATION_MILESTONE_20260117,20260117,CASE_INITIATION_TO_MILESTONE,1.0.0-cox-production-baseline,-1.492465,0.224818,0.999729,0.995646,0.995008,0.994656,0.994656,0.000271,0.004354,0.004992,0.005344,0.005344,PARTIAL — CALIBRATION NOT RELIABLE DUE TO EVENT SPARSITY,HIGH_UNCERTAINTY_SPARSE_EVENTS,HIGH UNCERTAINTY: Estimates derived from sparse administrative milestone occurrences.,ADVISORY_LOWER_RELATIVE_HAZARD,"{'30d': False, '90d': False, '180d': True, '365d': True, '730d': True}"
CAS_CLEAN_113,SNP_CAS_CLEAN_113_CASE_INITIATION_MILESTONE_20260119,20260119,CASE_INITIATION_TO_MILESTONE,1.0.0-cox-production-baseline,-0.991979,0.370842,0.999553,0.992828,0.991778,0.991201,0.991201,0.000447,0.007172,0.008222,0.008799,0.008799,PARTIAL — CALIBRATION NOT RELIABLE DUE TO EVENT SPARSITY,HIGH_UNCERTAINTY_SPARSE_EVENTS,HIGH UNCERTAINTY: Estimates derived from sparse administrative milestone occurrences.,ADVISORY_MEDIAN_RELATIVE_HAZARD,"{'30d': False, '90d': False, '180d': True, '365d': True, '730d': True}"
CAS_CLEAN_133,SNP_CAS_CLEAN_133_CASE_INITIATION_MILESTONE_20260119,20260119,CASE_INITIATION_TO_MILESTONE,1.0.0-cox-production-baseline,-1.089334,0.33644,0.999595,0.993491,0.992538,0.992014,0.992014,0.000405,0.006509,0.007462,0.007986,0.007986,PARTIAL — CALIBRATION NOT RELIABLE DUE TO EVENT SPARSITY,HIGH_UNCERTAINTY_SPARSE_EVENTS,HIGH UNCERTAINTY: Estimates derived from sparse administrative milestone occurrences.,ADVISORY_MEDIAN_RELATIVE_HAZARD,"{'30d': False, '90d': False, '180d': True, '365d': True, '730d': True}"
CAS_CLEAN_054,SNP_CAS_CLEAN_054_CASE_INITIATION_MILESTONE_20260122,20260122,CASE_INITIATION_TO_MILESTONE,1.0.0-cox-production-baseline,-0.03201,0.968497,0.998834,0.981377,0.97867,0.977182,0.977182,0.001166,0.018623,0.02133,0.022818,0.022818,PARTIAL — CALIBRATION NOT RELIABLE DUE TO EVENT SPARSITY,HIGH_UNCERTAINTY_SPARSE_EVENTS,HIGH UNCERTAINTY: Estimates derived from sparse administrative milestone occurrences.,ADVISORY_ELEVATED_RELATIVE_HAZARD,"{'30d': False, '90d': False, '180d': True, '365d': True, '730d': True}"
CAS_CLEAN_057,SNP_CAS_CLEAN_057_CASE_INITIATION_MILESTONE_20260123,20260123,CASE_INITIATION_TO_MILESTONE,1.0.0-cox-production-baseline,-1.26888,0.281146,0.999661,0.994558,0.993761,0.993322,0.993322,0.000339,0.005442,0.006239,0.006678,0.006678,PARTIAL — CALIBRATION NOT RELIABLE DUE TO EVENT SPARSITY,HIGH_UNCERTAINTY_SPARSE_EVENTS,HIGH UNCERTAINTY: Estimates derived from sparse administrative milestone occurrences.,ADVISORY_MEDIAN_RELATIVE_HAZARD,"{'30d': False, '90d': False, '180d': True, '365d': True, '730d': True}"
CAS_CLEAN_112,SNP_CAS_CLEAN_112_CASE_INITIATION_MILESTONE_20260123,20260123,CASE_INITIATION_TO_MILESTONE,1.0.0-cox-production-baseline,-1.26888,0.281146,0.999661,0.994558,0.993761,0.993322,0.993322,0.000339,0.005442,0.006239,0.006678,0.006678,PARTIAL — CALIBRATION NOT RELIABLE DUE TO EVENT SPARSITY,HIGH_UNCERTAINTY_SPARSE_EVENTS,HIGH UNCERTAINTY: Estimates derived from sparse administrative milestone occurrences.,ADVISORY_MEDIAN_RELATIVE_HAZARD,"{'30d': False, '90d': False, '180d': True, '365d': True, '730d': True}"
CAS_CLEAN_025,SNP_CAS_CLEAN_025_CASE_INITIATION_MILESTONE_20260128,20260128,CASE_INITIATION_TO_MILESTONE,1.0.0-cox-production-baseline,0.207195,1.230222,0.998519,0.976404,0.972984,0.971106,0.971106,0.001481,0.023596,0.027016,0.028894,0.028894,PARTIAL — CALIBRATION NOT RELIABLE DUE TO EVENT SPARSITY,HIGH_UNCERTAINTY_SPARSE_EVENTS,HIGH UNCERTAINTY: Estimates derived from sparse administrative milestone occurrences.,ADVISORY_HIGHEST_DECILE_HAZARD,"{'30d': False, '90d': False, '180d': True, '365d': True, '730d': True}"
CAS_CLEAN_026,SNP_CAS_CLEAN_026_CASE_INITIATION_MILESTONE_20260128,20260128,CASE_INITIATION_TO_MILESTONE,1.0.0-cox-production-baseline,0.207195,1.230222,0.998519,0.976404,0.972984,0.971106,0.971106,0.001481,0.023596,0.027016,0.028894,0.028894,PARTIAL — CALIBRATION NOT RELIABLE DUE TO EVENT SPARSITY,HIGH_UNCERTAINTY_SPARSE_EVENTS,HIGH UNCERTAINTY: Estimates derived from sparse administrative milestone occurrences.,ADVISORY_HIGHEST_DECILE_HAZARD,"{'30d': False, '90d': False, '180d': True, '365d': True, '730d': True}"
CAS_CLEAN_065,SNP_CAS_CLEAN_065_CASE_INITIATION_MILESTONE_20260128,20260128,CASE_INITIATION_TO_MILESTONE,1.0.0-cox-production-baseline,0.207195,1.230222,0.998519,0.976404,0.972984,0.971106,0.971106,0.001481,0.023596,0.027016,0.028894,0.028894,PARTIAL — CALIBRATION NOT RELIABLE DUE TO EVENT SPARSITY,HIGH_UNCERTAINTY_SPARSE_EVENTS,HIGH UNCERTAINTY: Estimates derived from sparse administrative milestone occurrences.,ADVISORY_HIGHEST_DECILE_HAZARD,"{'30d': False, '90d': False, '180d': True, '365d': True, '730d': True}"
CAS_CLEAN_078,SNP_CAS_CLEAN_078_CASE_INITIATION_MILESTONE_20260128,20260128,CASE_INITIATION_TO_MILESTONE,1.0.0-cox-production-baseline,0.207195,1.230222,0.998519,0.976404,0.972984,0.971106,0.971106,0.001481,0.023596,0.027016,0.028894,0.028894,PARTIAL — CALIBRATION NOT RELIABLE DUE TO EVENT SPARSITY,HIGH_UNCERTAINTY_SPARSE_EVENTS,HIGH UNCERTAINTY: Estimates derived from sparse administrative milestone occurrences.,ADVISORY_HIGHEST_DECILE_HAZARD,"{'30d': False, '90d': False, '180d': True, '365d': True, '730d': True}"
CAS_CLEAN_103,SNP_CAS_CLEAN_103_CASE_INITIATION_MILESTONE_20260128,20260128,CASE_INITIATION_TO_MILESTONE,1.0.0-cox-production-baseline,0.207195,1.230222,0.998519,0.976404,0.972984,0.971106,0.971106,0.001481,0.023596,0.027016,0.028894,0.028894,PARTIAL — CALIBRATION NOT RELIABLE DUE TO EVENT SPARSITY,HIGH_UNCERTAINTY_SPARSE_EVENTS,HIGH UNCERTAINTY: Estimates derived from sparse administrative milestone occurrences.,ADVISORY_HIGHEST_DECILE_HAZARD,"{'30d': False, '90d': False, '180d': True, '365d': True, '730d': True}"
CAS_CLEAN_121,SNP_CAS_CLEAN_121_CASE_INITIATION_MILESTONE_20260128,20260128,CASE_INITIATION_TO_MILESTONE,1.0.0-cox-production-baseline,0.207195,1.230222,0.998519,0.976404,0.972984,0.971106,0.971106,0.001481,0.023596,0.027016,0.028894,0.028894,PARTIAL — CALIBRATION NOT RELIABLE DUE TO EVENT SPARSITY,HIGH_UNCERTAINTY_SPARSE_EVENTS,HIGH UNCERTAINTY: Estimates derived from sparse administrative milestone occurrences.,ADVISORY_HIGHEST_DECILE_HAZARD,"{'30d': False, '90d': False, '180d': True, '365d': True, '730d': True}"
CAS_CLEAN_222,SNP_CAS_CLEAN_222_CASE_INITIATION_MILESTONE_20260128,20260128,CASE_INITIATION_TO_MILESTONE,1.0.0-cox-production-baseline,-1.73167,0.176989,0.999787,0.996571,0.996068,0.995791,0.995791,0.000213,0.003429,0.003932,0.004209,0.004209,PARTIAL — CALIBRATION NOT RELIABLE DUE TO EVENT SPARSITY,HIGH_UNCERTAINTY_SPARSE_EVENTS,HIGH UNCERTAINTY: Estimates derived from sparse administrative milestone occurrences.,ADVISORY_LOWER_RELATIVE_HAZARD,"{'30d': False, '90d': False, '180d': True, '365d': True, '730d': True}"
CAS_CLEAN_087,SNP_CAS_CLEAN_087_CASE_INITIATION_MILESTONE_20260130,20260130,CASE_INITIATION_TO_MILESTONE,1.0.0-cox-production-baseline,-1.935869,0.144299,0.999826,0.997203,0.996793,0.996567,0.996567,0.000174,0.002797,0.003207,0.003433,0.003433,PARTIAL — CALIBRATION NOT RELIABLE DUE TO EVENT SPARSITY,HIGH_UNCERTAINTY_SPARSE_EVENTS,HIGH UNCERTAINTY: Estimates derived from sparse administrative milestone occurrences.,ADVISORY_LOWER_RELATIVE_HAZARD,"{'30d': False, '90d': False, '180d': True, '365d': True, '730d': True}"
CAS_CLEAN_097,SNP_CAS_CLEAN_097_CASE_INITIATION_MILESTONE_20260130,20260130,CASE_INITIATION_TO_MILESTONE,1.0.0-cox-production-baseline,-0.701769,0.495708,0.999403,0.990424,0.989025,0.988255,0.988255,0.000597,0.009576,0.010975,0.011745,0.011745,PARTIAL — CALIBRATION NOT RELIABLE DUE TO EVENT SPARSITY,HIGH_UNCERTAINTY_SPARSE_EVENTS,HIGH UNCERTAINTY: Estimates derived from sparse administrative milestone occurrences.,ADVISORY_ELEVATED_RELATIVE_HAZARD,"{'30d': False, '90d': False, '180d': True, '365d': True, '730d': True}"
CAS_CLEAN_190,SNP_CAS_CLEAN_190_CASE_INITIATION_MILESTONE_20260131,20260131,CASE_INITIATION_TO_MILESTONE,1.0.0-cox-production-baseline,-1.492465,0.224818,0.999729,0.995646,0.995008,0.994656,0.994656,0.000271,0.004354,0.004992,0.005344,0.005344,PARTIAL — CALIBRATION NOT RELIABLE DUE TO EVENT SPARSITY,HIGH_UNCERTAINTY_SPARSE_EVENTS,HIGH UNCERTAINTY: Estimates derived from sparse administrative milestone occurrences.,ADVISORY_LOWER_RELATIVE_HAZARD,"{'30d': False, '90d': False, '180d': True, '365d': True, '730d': True}"
CAS_CLEAN_182,SNP_CAS_CLEAN_182_CASE_INITIATION_MILESTONE_20260205,20260205,CASE_INITIATION_TO_MILESTONE,1.0.0-cox-production-baseline,-0.813343,0.443373,0.999466,0.991431,0.990178,0.989489,0.989489,0.000534,0.008569,0.009822,0.010511,0.010511,PARTIAL — CALIBRATION NOT RELIABLE DUE TO EVENT SPARSITY,HIGH_UNCERTAINTY_SPARSE_EVENTS,HIGH UNCERTAINTY: Estimates derived from sparse administrative milestone occurrences.,ADVISORY_ELEVATED_RELATIVE_HAZARD,"{'30d': False, '90d': False, '180d': True, '365d': True, '730d': True}"
CAS_CLEAN_216,SNP_CAS_CLEAN_216_CASE_INITIATION_MILESTONE_20260213,20260213,CASE_INITIATION_TO_MILESTONE,1.0.0-cox-production-baseline,-1.73167,0.176989,0.999787,0.996571,0.996068,0.995791,0.995791,0.000213,0.003429,0.003932,0.004209,0.004209,PARTIAL — CALIBRATION NOT RELIABLE DUE TO EVENT SPARSITY,HIGH_UNCERTAINTY_SPARSE_EVENTS,HIGH UNCERTAINTY: Estimates derived from sparse administrative milestone occurrences.,ADVISORY_LOWER_RELATIVE_HAZARD,"{'30d': False, '90d': False, '180d': True, '365d': True, '730d': True}"
CAS_CLEAN_218,SNP_CAS_CLEAN_218_CASE_INITIATION_MILESTONE_20260213,20260213,CASE_INITIATION_TO_MILESTONE,1.0.0-cox-production-baseline,-1.73167,0.176989,0.999787,0.996571,0.996068,0.995791,0.995791,0.000213,0.003429,0.003932,0.004209,0.004209,PARTIAL — CALIBRATION NOT RELIABLE DUE TO EVENT SPARSITY,HIGH_UNCERTAINTY_SPARSE_EVENTS,HIGH UNCERTAINTY: Estimates derived from sparse administrative milestone occurrences.,ADVISORY_LOWER_RELATIVE_HAZARD,"{'30d': False, '90d': False, '180d': True, '365d': True, '730d': True}"
CAS_CLEAN_219,SNP_CAS_CLEAN_219_CASE_INITIATION_MILESTONE_20260213,20260213,CASE_INITIATION_TO_MILESTONE,1.0.0-cox-production-baseline,-1.73167,0.176989,0.999787,0.996571,0.996068,0.995791,0.995791,0.000213,0.003429,0.003932,0.004209,0.004209,PARTIAL — CALIBRATION NOT RELIABLE DUE TO EVENT SPARSITY,HIGH_UNCERTAINTY_SPARSE_EVENTS,HIGH UNCERTAINTY: Estimates derived from sparse administrative milestone occurrences.,ADVISORY_LOWER_RELATIVE_HAZARD,"{'30d': False, '90d': False, '180d': True, '365d': True, '730d': True}"
CAS_CLEAN_221,SNP_CAS_CLEAN_221_CASE_INITIATION_MILESTONE_20260213,20260213,CASE_INITIATION_TO_MILESTONE,1.0.0-cox-production-baseline,-1.73167,0.176989,0.999787,0.996571,0.996068,0.995791,0.995791,0.000213,0.003429,0.003932,0.004209,0.004209,PARTIAL — CALIBRATION NOT RELIABLE DUE TO EVENT SPARSITY,HIGH_UNCERTAINTY_SPARSE_EVENTS,HIGH UNCERTAINTY: Estimates derived from sparse administrative milestone occurrences.,ADVISORY_LOWER_RELATIVE_HAZARD,"{'30d': False, '90d': False, '180d': True, '365d': True, '730d': True}"
CAS_CLEAN_016,SNP_CAS_CLEAN_016_CASE_INITIATION_MILESTONE_20260214,20260214,CASE_INITIATION_TO_MILESTONE,1.0.0-cox-production-baseline,-1.26888,0.281146,0.999661,0.994558,0.993761,0.993322,0.993322,0.000339,0.005442,0.006239,0.006678,0.006678,PARTIAL — CALIBRATION NOT RELIABLE DUE TO EVENT SPARSITY,HIGH_UNCERTAINTY_SPARSE_EVENTS,HIGH UNCERTAINTY: Estimates derived from sparse administrative milestone occurrences.,ADVISORY_MEDIAN_RELATIVE_HAZARD,"{'30d': False, '90d': False, '180d': True, '365d': True, '730d': True}"
CAS_CLEAN_234,SNP_CAS_CLEAN_234_CASE_INITIATION_MILESTONE_20260220,20260220,CASE_INITIATION_TO_MILESTONE,1.0.0-cox-production-baseline,-1.285288,0.276571,0.999667,0.994646,0.993862,0.99343,0.99343,0.000333,0.005354,0.006138,0.00657,0.00657,PARTIAL — CALIBRATION NOT RELIABLE DUE TO EVENT SPARSITY,HIGH_UNCERTAINTY_SPARSE_EVENTS,HIGH UNCERTAINTY: Estimates derived from sparse administrative milestone occurrences.,ADVISORY_MEDIAN_RELATIVE_HAZARD,"{'30d': False, '90d': False, '180d': True, '365d': True, '730d': True}"
CAS_CLEAN_002,SNP_CAS_CLEAN_002_CASE_INITIATION_MILESTONE_20260221,20260221,CASE_INITIATION_TO_MILESTONE,1.0.0-cox-production-baseline,-1.740825,0.175376,0.999789,0.996602,0.996103,0.995829,0.995829,0.000211,0.003398,0.003897,0.004171,0.004171,PARTIAL — CALIBRATION NOT RELIABLE DUE TO EVENT SPARSITY,HIGH_UNCERTAINTY_SPARSE_EVENTS,HIGH UNCERTAINTY: Estimates derived from sparse administrative milestone occurrences.,ADVISORY_LOWER_RELATIVE_HAZARD,"{'30d': False, '90d': False, '180d': True, '365d': True, '730d': True}"
CAS_CLEAN_024,SNP_CAS_CLEAN_024_CASE_INITIATION_MILESTONE_20260222,20260222,CASE_INITIATION_TO_MILESTONE,1.0.0-cox-production-baseline,-1.341089,0.261561,0.999685,0.994936,0.994194,0.993786,0.993786,0.000315,0.005064,0.005806,0.006214,0.006214,PARTIAL — CALIBRATION NOT RELIABLE DUE TO EVENT SPARSITY,HIGH_UNCERTAINTY_SPARSE_EVENTS,HIGH UNCERTAINTY: Estimates derived from sparse administrative milestone occurrences.,ADVISORY_MEDIAN_RELATIVE_HAZARD,"{'30d': False, '90d': False, '180d': True, '365d': True, '730d': True}"
CAS_CLEAN_033,SNP_CAS_CLEAN_033_CASE_INITIATION_MILESTONE_20260224,20260224,CASE_INITIATION_TO_MILESTONE,1.0.0-cox-production-baseline,-0.894707,0.408727,0.999508,0.992098,0.990942,0.990306,0.990306,0.000492,0.007902,0.009058,0.009694,0.009694,PARTIAL — CALIBRATION NOT RELIABLE DUE TO EVENT SPARSITY,HIGH_UNCERTAINTY_SPARSE_EVENTS,HIGH UNCERTAINTY: Estimates derived from sparse administrative milestone occurrences.,ADVISORY_ELEVATED_RELATIVE_HAZARD,"{'30d': False, '90d': False, '180d': True, '365d': True, '730d': True}"
CAS_CLEAN_100,SNP_CAS_CLEAN_100_CASE_INITIATION_MILESTONE_20260225,20260225,CASE_INITIATION_TO_MILESTONE,1.0.0-cox-production-baseline,-1.270986,0.280555,0.999662,0.994569,0.993774,0.993336,0.993336,0.000338,0.005431,0.006226,0.006664,0.006664,PARTIAL — CALIBRATION NOT RELIABLE DUE TO EVENT SPARSITY,HIGH_UNCERTAINTY_SPARSE_EVENTS,HIGH UNCERTAINTY: Estimates derived from sparse administrative milestone occurrences.,ADVISORY_MEDIAN_RELATIVE_HAZARD,"{'30d': False, '90d': False, '180d': True, '365d': True, '730d': True}"
CAS_CLEAN_029,SNP_CAS_CLEAN_029_CASE_INITIATION_MILESTONE_20260226,20260226,CASE_INITIATION_TO_MILESTONE,1.0.0-cox-production-baseline,-0.503955,0.604137,0.999272,0.988342,0.986641,0.985705,0.985705,0.000728,0.011658,0.013359,0.014295,0.014295,PARTIAL — CALIBRATION NOT RELIABLE DUE TO EVENT SPARSITY,HIGH_UNCERTAINTY_SPARSE_EVENTS,HIGH UNCERTAINTY: Estimates derived from sparse administrative milestone occurrences.,ADVISORY_ELEVATED_RELATIVE_HAZARD,"{'30d': False, '90d': False, '180d': True, '365d': True, '730d': True}"
CAS_CLEAN_203,SNP_CAS_CLEAN_203_CASE_INITIATION_MILESTONE_20260227,20260227,CASE_INITIATION_TO_MILESTONE,1.0.0-cox-production-baseline,-1.73167,0.176989,0.999787,0.996571,0.996068,0.995791,0.995791,0.000213,0.003429,0.003932,0.004209,0.004209,PARTIAL — CALIBRATION NOT RELIABLE DUE TO EVENT SPARSITY,HIGH_UNCERTAINTY_SPARSE_EVENTS,HIGH UNCERTAINTY: Estimates derived from sparse administrative milestone occurrences.,ADVISORY_LOWER_RELATIVE_HAZARD,"{'30d': False, '90d': False, '180d': True, '365d': True, '730d': True}"
CAS_CLEAN_204,SNP_CAS_CLEAN_204_CASE_INITIATION_MILESTONE_20260227,20260227,CASE_INITIATION_TO_MILESTONE,1.0.0-cox-production-baseline,-1.73167,0.176989,0.999787,0.996571,0.996068,0.995791,0.995791,0.000213,0.003429,0.003932,0.004209,0.004209,PARTIAL — CALIBRATION NOT RELIABLE DUE TO EVENT SPARSITY,HIGH_UNCERTAINTY_SPARSE_EVENTS,HIGH UNCERTAINTY: Estimates derived from sparse administrative milestone occurrences.,ADVISORY_LOWER_RELATIVE_HAZARD,"{'30d': False, '90d': False, '180d': True, '365d': True, '730d': True}"
CAS_CLEAN_205,SNP_CAS_CLEAN_205_CASE_INITIATION_MILESTONE_20260227,20260227,CASE_INITIATION_TO_MILESTONE,1.0.0-cox-production-baseline,-1.73167,0.176989,0.999787,0.996571,0.996068,0.995791,0.995791,0.000213,0.003429,0.003932,0.004209,0.004209,PARTIAL — CALIBRATION NOT RELIABLE DUE TO EVENT SPARSITY,HIGH_UNCERTAINTY_SPARSE_EVENTS,HIGH UNCERTAINTY: Estimates derived from sparse administrative milestone occurrences.,ADVISORY_LOWER_RELATIVE_HAZARD,"{'30d': False, '90d': False, '180d': True, '365d': True, '730d': True}"
CAS_CLEAN_206,SNP_CAS_CLEAN_206_CASE_INITIATION_MILESTONE_20260227,20260227,CASE_INITIATION_TO_MILESTONE,1.0.0-cox-production-baseline,-1.73167,0.176989,0.999787,0.996571,0.996068,0.995791,0.995791,0.000213,0.003429,0.003932,0.004209,0.004209,PARTIAL — CALIBRATION NOT RELIABLE DUE TO EVENT SPARSITY,HIGH_UNCERTAINTY_SPARSE_EVENTS,HIGH UNCERTAINTY: Estimates derived from sparse administrative milestone occurrences.,ADVISORY_LOWER_RELATIVE_HAZARD,"{'30d': False, '90d': False, '180d': True, '365d': True, '730d': True}"
CAS_CLEAN_211,SNP_CAS_CLEAN_211_CASE_INITIATION_MILESTONE_20260301,20260301,CASE_INITIATION_TO_MILESTONE,1.0.0-cox-production-baseline,-1.73167,0.176989,0.999787,0.996571,0.996068,0.995791,0.995791,0.000213,0.003429,0.003932,0.004209,0.004209,PARTIAL — CALIBRATION NOT RELIABLE DUE TO EVENT SPARSITY,HIGH_UNCERTAINTY_SPARSE_EVENTS,HIGH UNCERTAINTY: Estimates derived from sparse administrative milestone occurrences.,ADVISORY_LOWER_RELATIVE_HAZARD,"{'30d': False, '90d': False, '180d': True, '365d': True, '730d': True}"
CAS_CLEAN_023,SNP_CAS_CLEAN_023_CASE_INITIATION_MILESTONE_20260302,20260302,CASE_INITIATION_TO_MILESTONE,1.0.0-cox-production-baseline,-1.341089,0.261561,0.999685,0.994936,0.994194,0.993786,0.993786,0.000315,0.005064,0.005806,0.006214,0.006214,PARTIAL — CALIBRATION NOT RELIABLE DUE TO EVENT SPARSITY,HIGH_UNCERTAINTY_SPARSE_EVENTS,HIGH UNCERTAINTY: Estimates derived from sparse administrative milestone occurrences.,ADVISORY_MEDIAN_RELATIVE_HAZARD,"{'30d': False, '90d': False, '180d': True, '365d': True, '730d': True}"
CAS_CLEAN_189,SNP_CAS_CLEAN_189_CASE_INITIATION_MILESTONE_20260302,20260302,CASE_INITIATION_TO_MILESTONE,1.0.0-cox-production-baseline,-1.492465,0.224818,0.999729,0.995646,0.995008,0.994656,0.994656,0.000271,0.004354,0.004992,0.005344,0.005344,PARTIAL — CALIBRATION NOT RELIABLE DUE TO EVENT SPARSITY,HIGH_UNCERTAINTY_SPARSE_EVENTS,HIGH UNCERTAINTY: Estimates derived from sparse administrative milestone occurrences.,ADVISORY_LOWER_RELATIVE_HAZARD,"{'30d': False, '90d': False, '180d': True, '365d': True, '730d': True}"
CAS_CLEAN_193,SNP_CAS_CLEAN_193_CASE_INITIATION_MILESTONE_20260303,20260303,CASE_INITIATION_TO_MILESTONE,1.0.0-cox-production-baseline,-1.608835,0.200121,0.999759,0.996123,0.995555,0.995242,0.995242,0.000241,0.003877,0.004445,0.004758,0.004758,PARTIAL — CALIBRATION NOT RELIABLE DUE TO EVENT SPARSITY,HIGH_UNCERTAINTY_SPARSE_EVENTS,HIGH UNCERTAINTY: Estimates derived from sparse administrative milestone occurrences.,ADVISORY_LOWER_RELATIVE_HAZARD,"{'30d': False, '90d': False, '180d': True, '365d': True, '730d': True}"
CAS_CLEAN_196,SNP_CAS_CLEAN_196_CASE_INITIATION_MILESTONE_20260303,20260303,CASE_INITIATION_TO_MILESTONE,1.0.0-cox-production-baseline,-1.608835,0.200121,0.999759,0.996123,0.995555,0.995242,0.995242,0.000241,0.003877,0.004445,0.004758,0.004758,PARTIAL — CALIBRATION NOT RELIABLE DUE TO EVENT SPARSITY,HIGH_UNCERTAINTY_SPARSE_EVENTS,HIGH UNCERTAINTY: Estimates derived from sparse administrative milestone occurrences.,ADVISORY_LOWER_RELATIVE_HAZARD,"{'30d': False, '90d': False, '180d': True, '365d': True, '730d': True}"
CAS_CLEAN_021,SNP_CAS_CLEAN_021_CASE_INITIATION_MILESTONE_20260305,20260305,CASE_INITIATION_TO_MILESTONE,1.0.0-cox-production-baseline,-1.935869,0.144299,0.999826,0.997203,0.996793,0.996567,0.996567,0.000174,0.002797,0.003207,0.003433,0.003433,PARTIAL — CALIBRATION NOT RELIABLE DUE TO EVENT SPARSITY,HIGH_UNCERTAINTY_SPARSE_EVENTS,HIGH UNCERTAINTY: Estimates derived from sparse administrative milestone occurrences.,ADVISORY_LOWER_RELATIVE_HAZARD,"{'30d': False, '90d': False, '180d': True, '365d': True, '730d': True}"
CAS_CLEAN_181,SNP_CAS_CLEAN_181_CASE_INITIATION_MILESTONE_20260309,20260309,CASE_INITIATION_TO_MILESTONE,1.0.0-cox-production-baseline,-0.813343,0.443373,0.999466,0.991431,0.990178,0.989489,0.989489,0.000534,0.008569,0.009822,0.010511,0.010511,PARTIAL — CALIBRATION NOT RELIABLE DUE TO EVENT SPARSITY,HIGH_UNCERTAINTY_SPARSE_EVENTS,HIGH UNCERTAINTY: Estimates derived from sparse administrative milestone occurrences.,ADVISORY_ELEVATED_RELATIVE_HAZARD,"{'30d': False, '90d': False, '180d': True, '365d': True, '730d': True}"
CAS_CLEAN_245,SNP_CAS_CLEAN_245_CASE_INITIATION_MILESTONE_20260309,20260309,CASE_INITIATION_TO_MILESTONE,1.0.0-cox-production-baseline,-1.492465,0.224818,0.999729,0.995646,0.995008,0.994656,0.994656,0.000271,0.004354,0.004992,0.005344,0.005344,PARTIAL — CALIBRATION NOT RELIABLE DUE TO EVENT SPARSITY,HIGH_UNCERTAINTY_SPARSE_EVENTS,HIGH UNCERTAINTY: Estimates derived from sparse administrative milestone occurrences.,ADVISORY_LOWER_RELATIVE_HAZARD,"{'30d': False, '90d': False, '180d': True, '365d': True, '730d': True}"
CAS_CLEAN_212,SNP_CAS_CLEAN_212_CASE_INITIATION_MILESTONE_20260310,20260310,CASE_INITIATION_TO_MILESTONE,1.0.0-cox-production-baseline,-1.73167,0.176989,0.999787,0.996571,0.996068,0.995791,0.995791,0.000213,0.003429,0.003932,0.004209,0.004209,PARTIAL — CALIBRATION NOT RELIABLE DUE TO EVENT SPARSITY,HIGH_UNCERTAINTY_SPARSE_EVENTS,HIGH UNCERTAINTY: Estimates derived from sparse administrative milestone occurrences.,ADVISORY_LOWER_RELATIVE_HAZARD,"{'30d': False, '90d': False, '180d': True, '365d': True, '730d': True}"
CAS_CLEAN_213,SNP_CAS_CLEAN_213_CASE_INITIATION_MILESTONE_20260310,20260310,CASE_INITIATION_TO_MILESTONE,1.0.0-cox-production-baseline,-1.73167,0.176989,0.999787,0.996571,0.996068,0.995791,0.995791,0.000213,0.003429,0.003932,0.004209,0.004209,PARTIAL — CALIBRATION NOT RELIABLE DUE TO EVENT SPARSITY,HIGH_UNCERTAINTY_SPARSE_EVENTS,HIGH UNCERTAINTY: Estimates derived from sparse administrative milestone occurrences.,ADVISORY_LOWER_RELATIVE_HAZARD,"{'30d': False, '90d': False, '180d': True, '365d': True, '730d': True}"
CAS_CLEAN_215,SNP_CAS_CLEAN_215_CASE_INITIATION_MILESTONE_20260311,20260311,CASE_INITIATION_TO_MILESTONE,1.0.0-cox-production-baseline,-1.73167,0.176989,0.999787,0.996571,0.996068,0.995791,0.995791,0.000213,0.003429,0.003932,0.004209,0.004209,PARTIAL — CALIBRATION NOT RELIABLE DUE TO EVENT SPARSITY,HIGH_UNCERTAINTY_SPARSE_EVENTS,HIGH UNCERTAINTY: Estimates derived from sparse administrative milestone occurrences.,ADVISORY_LOWER_RELATIVE_HAZARD,"{'30d': False, '90d': False, '180d': True, '365d': True, '730d': True}"
CAS_CLEAN_259,SNP_CAS_CLEAN_259_CASE_INITIATION_MILESTONE_20260312,20260312,CASE_INITIATION_TO_MILESTONE,1.0.0-cox-production-baseline,-0.085408,0.918138,0.998895,0.982337,0.979768,0.978356,0.978356,0.001105,0.017663,0.020232,0.021644,0.021644,PARTIAL — CALIBRATION NOT RELIABLE DUE TO EVENT SPARSITY,HIGH_UNCERTAINTY_SPARSE_EVENTS,HIGH UNCERTAINTY: Estimates derived from sparse administrative milestone occurrences.,ADVISORY_ELEVATED_RELATIVE_HAZARD,"{'30d': False, '90d': False, '180d': True, '365d': True, '730d': True}"
CAS_CLEAN_164,SNP_CAS_CLEAN_164_CASE_INITIATION_MILESTONE_20260313,20260313,CASE_INITIATION_TO_MILESTONE,1.0.0-cox-production-baseline,-1.935869,0.144299,0.999826,0.997203,0.996793,0.996567,0.996567,0.000174,0.002797,0.003207,0.003433,0.003433,PARTIAL — CALIBRATION NOT RELIABLE DUE TO EVENT SPARSITY,HIGH_UNCERTAINTY_SPARSE_EVENTS,HIGH UNCERTAINTY: Estimates derived from sparse administrative milestone occurrences.,ADVISORY_LOWER_RELATIVE_HAZARD,"{'30d': False, '90d': False, '180d': True, '365d': True, '730d': True}"
CAS_CLEAN_165,SNP_CAS_CLEAN_165_CASE_INITIATION_MILESTONE_20260313,20260313,CASE_INITIATION_TO_MILESTONE,1.0.0-cox-production-baseline,-1.935869,0.144299,0.999826,0.997203,0.996793,0.996567,0.996567,0.000174,0.002797,0.003207,0.003433,0.003433,PARTIAL — CALIBRATION NOT RELIABLE DUE TO EVENT SPARSITY,HIGH_UNCERTAINTY_SPARSE_EVENTS,HIGH UNCERTAINTY: Estimates derived from sparse administrative milestone occurrences.,ADVISORY_LOWER_RELATIVE_HAZARD,"{'30d': False, '90d': False, '180d': True, '365d': True, '730d': True}"
CAS_CLEAN_207,SNP_CAS_CLEAN_207_CASE_INITIATION_MILESTONE_20260313,20260313,CASE_INITIATION_TO_MILESTONE,1.0.0-cox-production-baseline,-1.73167,0.176989,0.999787,0.996571,0.996068,0.995791,0.995791,0.000213,0.003429,0.003932,0.004209,0.004209,PARTIAL — CALIBRATION NOT RELIABLE DUE TO EVENT SPARSITY,HIGH_UNCERTAINTY_SPARSE_EVENTS,HIGH UNCERTAINTY: Estimates derived from sparse administrative milestone occurrences.,ADVISORY_LOWER_RELATIVE_HAZARD,"{'30d': False, '90d': False, '180d': True, '365d': True, '730d': True}"
CAS_CLEAN_208,SNP_CAS_CLEAN_208_CASE_INITIATION_MILESTONE_20260313,20260313,CASE_INITIATION_TO_MILESTONE,1.0.0-cox-production-baseline,-1.73167,0.176989,0.999787,0.996571,0.996068,0.995791,0.995791,0.000213,0.003429,0.003932,0.004209,0.004209,PARTIAL — CALIBRATION NOT RELIABLE DUE TO EVENT SPARSITY,HIGH_UNCERTAINTY_SPARSE_EVENTS,HIGH UNCERTAINTY: Estimates derived from sparse administrative milestone occurrences.,ADVISORY_LOWER_RELATIVE_HAZARD,"{'30d': False, '90d': False, '180d': True, '365d': True, '730d': True}"
CAS_CLEAN_209,SNP_CAS_CLEAN_209_CASE_INITIATION_MILESTONE_20260313,20260313,CASE_INITIATION_TO_MILESTONE,1.0.0-cox-production-baseline,-1.73167,0.176989,0.999787,0.996571,0.996068,0.995791,0.995791,0.000213,0.003429,0.003932,0.004209,0.004209,PARTIAL — CALIBRATION NOT RELIABLE DUE TO EVENT SPARSITY,HIGH_UNCERTAINTY_SPARSE_EVENTS,HIGH UNCERTAINTY: Estimates derived from sparse administrative milestone occurrences.,ADVISORY_LOWER_RELATIVE_HAZARD,"{'30d': False, '90d': False, '180d': True, '365d': True, '730d': True}"
CAS_CLEAN_039,SNP_CAS_CLEAN_039_CASE_INITIATION_MILESTONE_20260314,20260314,CASE_INITIATION_TO_MILESTONE,1.0.0-cox-production-baseline,-0.503955,0.604137,0.999272,0.988342,0.986641,0.985705,0.985705,0.000728,0.011658,0.013359,0.014295,0.014295,PARTIAL — CALIBRATION NOT RELIABLE DUE TO EVENT SPARSITY,HIGH_UNCERTAINTY_SPARSE_EVENTS,HIGH UNCERTAINTY: Estimates derived from sparse administrative milestone occurrences.,ADVISORY_ELEVATED_RELATIVE_HAZARD,"{'30d': False, '90d': False, '180d': True, '365d': True, '730d': True}"
CAS_CLEAN_041,SNP_CAS_CLEAN_041_CASE_INITIATION_MILESTONE_20260314,20260314,CASE_INITIATION_TO_MILESTONE,1.0.0-cox-production-baseline,-0.503955,0.604137,0.999272,0.988342,0.986641,0.985705,0.985705,0.000728,0.011658,0.013359,0.014295,0.014295,PARTIAL — CALIBRATION NOT RELIABLE DUE TO EVENT SPARSITY,HIGH_UNCERTAINTY_SPARSE_EVENTS,HIGH UNCERTAINTY: Estimates derived from sparse administrative milestone occurrences.,ADVISORY_ELEVATED_RELATIVE_HAZARD,"{'30d': False, '90d': False, '180d': True, '365d': True, '730d': True}"
CAS_CLEAN_136,SNP_CAS_CLEAN_136_CASE_INITIATION_MILESTONE_20260314,20260314,CASE_INITIATION_TO_MILESTONE,1.0.0-cox-production-baseline,-0.503955,0.604137,0.999272,0.988342,0.986641,0.985705,0.985705,0.000728,0.011658,0.013359,0.014295,0.014295,PARTIAL — CALIBRATION NOT RELIABLE DUE TO EVENT SPARSITY,HIGH_UNCERTAINTY_SPARSE_EVENTS,HIGH UNCERTAINTY: Estimates derived from sparse administrative milestone occurrences.,ADVISORY_ELEVATED_RELATIVE_HAZARD,"{'30d': False, '90d': False, '180d': True, '365d': True, '730d': True}"
CAS_CLEAN_244,SNP_CAS_CLEAN_244_CASE_INITIATION_MILESTONE_20260316,20260316,CASE_INITIATION_TO_MILESTONE,1.0.0-cox-production-baseline,-1.492465,0.224818,0.999729,0.995646,0.995008,0.994656,0.994656,0.000271,0.004354,0.004992,0.005344,0.005344,PARTIAL — CALIBRATION NOT RELIABLE DUE TO EVENT SPARSITY,HIGH_UNCERTAINTY_SPARSE_EVENTS,HIGH UNCERTAINTY: Estimates derived from sparse administrative milestone occurrences.,ADVISORY_LOWER_RELATIVE_HAZARD,"{'30d': False, '90d': False, '180d': True, '365d': True, '730d': True}"
CAS_CLEAN_258,SNP_CAS_CLEAN_258_CASE_INITIATION_MILESTONE_20260317,20260317,CASE_INITIATION_TO_MILESTONE,1.0.0-cox-production-baseline,-1.485787,0.226324,0.999727,0.995617,0.994974,0.994621,0.994621,0.000273,0.004383,0.005026,0.005379,0.005379,PARTIAL — CALIBRATION NOT RELIABLE DUE TO EVENT SPARSITY,HIGH_UNCERTAINTY_SPARSE_EVENTS,HIGH UNCERTAINTY: Estimates derived from sparse administrative milestone occurrences.,ADVISORY_MEDIAN_RELATIVE_HAZARD,"{'30d': False, '90d': False, '180d': True, '365d': True, '730d': True}"
CAS_CLEAN_133,SNP_CAS_CLEAN_133_CASE_INITIATION_MILESTONE_20260318,20260318,CASE_INITIATION_TO_MILESTONE,1.0.0-cox-production-baseline,-1.164328,0.312132,0.999624,0.99396,0.993075,0.992589,0.992589,0.000376,0.00604,0.006925,0.007411,0.007411,PARTIAL — CALIBRATION NOT RELIABLE DUE TO EVENT SPARSITY,HIGH_UNCERTAINTY_SPARSE_EVENTS,HIGH UNCERTAINTY: Estimates derived from sparse administrative milestone occurrences.,ADVISORY_MEDIAN_RELATIVE_HAZARD,"{'30d': False, '90d': False, '180d': True, '365d': True, '730d': True}"
CAS_CLEAN_101,SNP_CAS_CLEAN_101_CASE_INITIATION_MILESTONE_20260320,20260320,CASE_INITIATION_TO_MILESTONE,1.0.0-cox-production-baseline,-1.148151,0.317223,0.999618,0.993862,0.992963,0.992468,0.992468,0.000382,0.006138,0.007037,0.007532,0.007532,PARTIAL — CALIBRATION NOT RELIABLE DUE TO EVENT SPARSITY,HIGH_UNCERTAINTY_SPARSE_EVENTS,HIGH UNCERTAINTY: Estimates derived from sparse administrative milestone occurrences.,ADVISORY_MEDIAN_RELATIVE_HAZARD,"{'30d': False, '90d': False, '180d': True, '365d': True, '730d': True}"
CAS_CLEAN_210,SNP_CAS_CLEAN_210_CASE_INITIATION_MILESTONE_20260320,20260320,CASE_INITIATION_TO_MILESTONE,1.0.0-cox-production-baseline,-1.73167,0.176989,0.999787,0.996571,0.996068,0.995791,0.995791,0.000213,0.003429,0.003932,0.004209,0.004209,PARTIAL — CALIBRATION NOT RELIABLE DUE TO EVENT SPARSITY,HIGH_UNCERTAINTY_SPARSE_EVENTS,HIGH UNCERTAINTY: Estimates derived from sparse administrative milestone occurrences.,ADVISORY_LOWER_RELATIVE_HAZARD,"{'30d': False, '90d': False, '180d': True, '365d': True, '730d': True}"
CAS_CLEAN_093,SNP_CAS_CLEAN_093_CASE_INITIATION_MILESTONE_20260323,20260323,CASE_INITIATION_TO_MILESTONE,1.0.0-cox-production-baseline,-1.341089,0.261561,0.999685,0.994936,0.994194,0.993786,0.993786,0.000315,0.005064,0.005806,0.006214,0.006214,PARTIAL — CALIBRATION NOT RELIABLE DUE TO EVENT SPARSITY,HIGH_UNCERTAINTY_SPARSE_EVENTS,HIGH UNCERTAINTY: Estimates derived from sparse administrative milestone occurrences.,ADVISORY_MEDIAN_RELATIVE_HAZARD,"{'30d': False, '90d': False, '180d': True, '365d': True, '730d': True}"
CAS_CLEAN_194,SNP_CAS_CLEAN_194_CASE_INITIATION_MILESTONE_20260324,20260324,CASE_INITIATION_TO_MILESTONE,1.0.0-cox-production-baseline,-1.608835,0.200121,0.999759,0.996123,0.995555,0.995242,0.995242,0.000241,0.003877,0.004445,0.004758,0.004758,PARTIAL — CALIBRATION NOT RELIABLE DUE TO EVENT SPARSITY,HIGH_UNCERTAINTY_SPARSE_EVENTS,HIGH UNCERTAINTY: Estimates derived from sparse administrative milestone occurrences.,ADVISORY_LOWER_RELATIVE_HAZARD,"{'30d': False, '90d': False, '180d': True, '365d': True, '730d': True}"
CAS_CLEAN_195,SNP_CAS_CLEAN_195_CASE_INITIATION_MILESTONE_20260324,20260324,CASE_INITIATION_TO_MILESTONE,1.0.0-cox-production-baseline,-1.608835,0.200121,0.999759,0.996123,0.995555,0.995242,0.995242,0.000241,0.003877,0.004445,0.004758,0.004758,PARTIAL — CALIBRATION NOT RELIABLE DUE TO EVENT SPARSITY,HIGH_UNCERTAINTY_SPARSE_EVENTS,HIGH UNCERTAINTY: Estimates derived from sparse administrative milestone occurrences.,ADVISORY_LOWER_RELATIVE_HAZARD,"{'30d': False, '90d': False, '180d': True, '365d': True, '730d': True}"
CAS_CLEAN_243,SNP_CAS_CLEAN_243_CASE_INITIATION_MILESTONE_20260324,20260324,CASE_INITIATION_TO_MILESTONE,1.0.0-cox-production-baseline,-1.492465,0.224818,0.999729,0.995646,0.995008,0.994656,0.994656,0.000271,0.004354,0.004992,0.005344,0.005344,PARTIAL — CALIBRATION NOT RELIABLE DUE TO EVENT SPARSITY,HIGH_UNCERTAINTY_SPARSE_EVENTS,HIGH UNCERTAINTY: Estimates derived from sparse administrative milestone occurrences.,ADVISORY_LOWER_RELATIVE_HAZARD,"{'30d': False, '90d': False, '180d': True, '365d': True, '730d': True}"
CAS_CLEAN_124,SNP_CAS_CLEAN_124_CASE_INITIATION_MILESTONE_20260329,20260329,CASE_INITIATION_TO_MILESTONE,1.0.0-cox-production-baseline,0.207195,1.230222,0.998519,0.976404,0.972984,0.971106,0.971106,0.001481,0.023596,0.027016,0.028894,0.028894,PARTIAL — CALIBRATION NOT RELIABLE DUE TO EVENT SPARSITY,HIGH_UNCERTAINTY_SPARSE_EVENTS,HIGH UNCERTAINTY: Estimates derived from sparse administrative milestone occurrences.,ADVISORY_HIGHEST_DECILE_HAZARD,"{'30d': False, '90d': False, '180d': True, '365d': True, '730d': True}"
CAS_CLEAN_201,SNP_CAS_CLEAN_201_CASE_INITIATION_MILESTONE_20260404,20260404,CASE_INITIATION_TO_MILESTONE,1.0.0-cox-production-baseline,-1.73167,0.176989,0.999787,0.996571,0.996068,0.995791,0.995791,0.000213,0.003429,0.003932,0.004209,0.004209,PARTIAL — CALIBRATION NOT RELIABLE DUE TO EVENT SPARSITY,HIGH_UNCERTAINTY_SPARSE_EVENTS,HIGH UNCERTAINTY: Estimates derived from sparse administrative milestone occurrences.,ADVISORY_LOWER_RELATIVE_HAZARD,"{'30d': False, '90d': False, '180d': True, '365d': True, '730d': True}"
CAS_CLEAN_238,SNP_CAS_CLEAN_238_CASE_INITIATION_MILESTONE_20260404,20260404,CASE_INITIATION_TO_MILESTONE,1.0.0-cox-production-baseline,-1.73167,0.176989,0.999787,0.996571,0.996068,0.995791,0.995791,0.000213,0.003429,0.003932,0.004209,0.004209,PARTIAL — CALIBRATION NOT RELIABLE DUE TO EVENT SPARSITY,HIGH_UNCERTAINTY_SPARSE_EVENTS,HIGH UNCERTAINTY: Estimates derived from sparse administrative milestone occurrences.,ADVISORY_LOWER_RELATIVE_HAZARD,"{'30d': False, '90d': False, '180d': True, '365d': True, '730d': True}"
CAS_CLEAN_052,SNP_CAS_CLEAN_052_CASE_INITIATION_MILESTONE_20260409,20260409,CASE_INITIATION_TO_MILESTONE,1.0.0-cox-production-baseline,-1.108349,0.330104,0.999602,0.993613,0.992678,0.992164,0.992164,0.000398,0.006387,0.007322,0.007836,0.007836,PARTIAL — CALIBRATION NOT RELIABLE DUE TO EVENT SPARSITY,HIGH_UNCERTAINTY_SPARSE_EVENTS,HIGH UNCERTAINTY: Estimates derived from sparse administrative milestone occurrences.,ADVISORY_MEDIAN_RELATIVE_HAZARD,"{'30d': False, '90d': False, '180d': True, '365d': True, '730d': True}"
CAS_CLEAN_191,SNP_CAS_CLEAN_191_CASE_INITIATION_MILESTONE_20260413,20260413,CASE_INITIATION_TO_MILESTONE,1.0.0-cox-production-baseline,-1.608835,0.200121,0.999759,0.996123,0.995555,0.995242,0.995242,0.000241,0.003877,0.004445,0.004758,0.004758,PARTIAL — CALIBRATION NOT RELIABLE DUE TO EVENT SPARSITY,HIGH_UNCERTAINTY_SPARSE_EVENTS,HIGH UNCERTAINTY: Estimates derived from sparse administrative milestone occurrences.,ADVISORY_LOWER_RELATIVE_HAZARD,"{'30d': False, '90d': False, '180d': True, '365d': True, '730d': True}"
CAS_CLEAN_042,SNP_CAS_CLEAN_042_CASE_INITIATION_MILESTONE_20260417,20260417,CASE_INITIATION_TO_MILESTONE,1.0.0-cox-production-baseline,-1.663707,0.189435,0.999772,0.99633,0.995792,0.995495,0.995495,0.000228,0.00367,0.004208,0.004505,0.004505,PARTIAL — CALIBRATION NOT RELIABLE DUE TO EVENT SPARSITY,HIGH_UNCERTAINTY_SPARSE_EVENTS,HIGH UNCERTAINTY: Estimates derived from sparse administrative milestone occurrences.,ADVISORY_LOWER_RELATIVE_HAZARD,"{'30d': False, '90d': False, '180d': True, '365d': True, '730d': True}"
CAS_CLEAN_092,SNP_CAS_CLEAN_092_CASE_INITIATION_MILESTONE_20260417,20260417,CASE_INITIATION_TO_MILESTONE,1.0.0-cox-production-baseline,-1.463924,0.231327,0.999721,0.99552,0.994863,0.994502,0.994502,0.000279,0.00448,0.005137,0.005498,0.005498,PARTIAL — CALIBRATION NOT RELIABLE DUE TO EVENT SPARSITY,HIGH_UNCERTAINTY_SPARSE_EVENTS,HIGH UNCERTAINTY: Estimates derived from sparse administrative milestone occurrences.,ADVISORY_MEDIAN_RELATIVE_HAZARD,"{'30d': False, '90d': False, '180d': True, '365d': True, '730d': True}"
CAS_CLEAN_197,SNP_CAS_CLEAN_197_CASE_INITIATION_MILESTONE_20260417,20260417,CASE_INITIATION_TO_MILESTONE,1.0.0-cox-production-baseline,-1.73167,0.176989,0.999787,0.996571,0.996068,0.995791,0.995791,0.000213,0.003429,0.003932,0.004209,0.004209,PARTIAL — CALIBRATION NOT RELIABLE DUE TO EVENT SPARSITY,HIGH_UNCERTAINTY_SPARSE_EVENTS,HIGH UNCERTAINTY: Estimates derived from sparse administrative milestone occurrences.,ADVISORY_LOWER_RELATIVE_HAZARD,"{'30d': False, '90d': False, '180d': True, '365d': True, '730d': True}"
CAS_CLEAN_237,SNP_CAS_CLEAN_237_CASE_INITIATION_MILESTONE_20260417,20260417,CASE_INITIATION_TO_MILESTONE,1.0.0-cox-production-baseline,-1.608835,0.200121,0.999759,0.996123,0.995555,0.995242,0.995242,0.000241,0.003877,0.004445,0.004758,0.004758,PARTIAL — CALIBRATION NOT RELIABLE DUE TO EVENT SPARSITY,HIGH_UNCERTAINTY_SPARSE_EVENTS,HIGH UNCERTAINTY: Estimates derived from sparse administrative milestone occurrences.,ADVISORY_LOWER_RELATIVE_HAZARD,"{'30d': False, '90d': False, '180d': True, '365d': True, '730d': True}"
CAS_CLEAN_251,SNP_CAS_CLEAN_251_CASE_INITIATION_MILESTONE_20260417,20260417,CASE_INITIATION_TO_MILESTONE,1.0.0-cox-production-baseline,-1.608835,0.200121,0.999759,0.996123,0.995555,0.995242,0.995242,0.000241,0.003877,0.004445,0.004758,0.004758,PARTIAL — CALIBRATION NOT RELIABLE DUE TO EVENT SPARSITY,HIGH_UNCERTAINTY_SPARSE_EVENTS,HIGH UNCERTAINTY: Estimates derived from sparse administrative milestone occurrences.,ADVISORY_LOWER_RELATIVE_HAZARD,"{'30d': False, '90d': False, '180d': True, '365d': True, '730d': True}"
CAS_CLEAN_113,SNP_CAS_CLEAN_113_CASE_INITIATION_MILESTONE_20260419,20260419,CASE_INITIATION_TO_MILESTONE,1.0.0-cox-production-baseline,-1.108349,0.330104,0.999602,0.993613,0.992678,0.992164,0.992164,0.000398,0.006387,0.007322,0.007836,0.007836,PARTIAL — CALIBRATION NOT RELIABLE DUE TO EVENT SPARSITY,HIGH_UNCERTAINTY_SPARSE_EVENTS,HIGH UNCERTAINTY: Estimates derived from sparse administrative milestone occurrences.,ADVISORY_MEDIAN_RELATIVE_HAZARD,"{'30d': False, '90d': False, '180d': True, '365d': True, '730d': True}"
CAS_CLEAN_260,SNP_CAS_CLEAN_260_CASE_INITIATION_MILESTONE_20260420,20260420,CASE_INITIATION_TO_MILESTONE,1.0.0-cox-production-baseline,0.606104,1.833275,0.997794,0.965042,0.960009,0.957249,0.957249,0.002206,0.034958,0.039991,0.042751,0.042751,PARTIAL — CALIBRATION NOT RELIABLE DUE TO EVENT SPARSITY,HIGH_UNCERTAINTY_SPARSE_EVENTS,HIGH UNCERTAINTY: Estimates derived from sparse administrative milestone occurrences.,ADVISORY_HIGHEST_DECILE_HAZARD,"{'30d': False, '90d': False, '180d': True, '365d': True, '730d': True}"
CAS_CLEAN_198,SNP_CAS_CLEAN_198_CASE_INITIATION_MILESTONE_20260421,20260421,CASE_INITIATION_TO_MILESTONE,1.0.0-cox-production-baseline,-1.73167,0.176989,0.999787,0.996571,0.996068,0.995791,0.995791,0.000213,0.003429,0.003932,0.004209,0.004209,PARTIAL — CALIBRATION NOT RELIABLE DUE TO EVENT SPARSITY,HIGH_UNCERTAINTY_SPARSE_EVENTS,HIGH UNCERTAINTY: Estimates derived from sparse administrative milestone occurrences.,ADVISORY_LOWER_RELATIVE_HAZARD,"{'30d': False, '90d': False, '180d': True, '365d': True, '730d': True}"
CAS_CLEAN_199,SNP_CAS_CLEAN_199_CASE_INITIATION_MILESTONE_20260421,20260421,CASE_INITIATION_TO_MILESTONE,1.0.0-cox-production-baseline,-1.73167,0.176989,0.999787,0.996571,0.996068,0.995791,0.995791,0.000213,0.003429,0.003932,0.004209,0.004209,PARTIAL — CALIBRATION NOT RELIABLE DUE TO EVENT SPARSITY,HIGH_UNCERTAINTY_SPARSE_EVENTS,HIGH UNCERTAINTY: Estimates derived from sparse administrative milestone occurrences.,ADVISORY_LOWER_RELATIVE_HAZARD,"{'30d': False, '90d': False, '180d': True, '365d': True, '730d': True}"
CAS_CLEAN_200,SNP_CAS_CLEAN_200_CASE_INITIATION_MILESTONE_20260421,20260421,CASE_INITIATION_TO_MILESTONE,1.0.0-cox-production-baseline,-1.73167,0.176989,0.999787,0.996571,0.996068,0.995791,0.995791,0.000213,0.003429,0.003932,0.004209,0.004209,PARTIAL — CALIBRATION NOT RELIABLE DUE TO EVENT SPARSITY,HIGH_UNCERTAINTY_SPARSE_EVENTS,HIGH UNCERTAINTY: Estimates derived from sparse administrative milestone occurrences.,ADVISORY_LOWER_RELATIVE_HAZARD,"{'30d': False, '90d': False, '180d': True, '365d': True, '730d': True}"
CAS_CLEAN_264,SNP_CAS_CLEAN_264_CASE_INITIATION_MILESTONE_20260421,20260421,CASE_INITIATION_TO_MILESTONE,1.0.0-cox-production-baseline,-1.872897,0.153678,0.999815,0.997022,0.996585,0.996344,0.996344,0.000185,0.002978,0.003415,0.003656,0.003656,PARTIAL — CALIBRATION NOT RELIABLE DUE TO EVENT SPARSITY,HIGH_UNCERTAINTY_SPARSE_EVENTS,HIGH UNCERTAINTY: Estimates derived from sparse administrative milestone occurrences.,ADVISORY_LOWER_RELATIVE_HAZARD,"{'30d': False, '90d': False, '180d': True, '365d': True, '730d': True}"
CAS_CLEAN_025,SNP_CAS_CLEAN_025_CASE_INITIATION_MILESTONE_20260428,20260428,CASE_INITIATION_TO_MILESTONE,1.0.0-cox-production-baseline,0.090825,1.095077,0.998682,0.978969,0.975916,0.974239,0.974239,0.001318,0.021031,0.024084,0.025761,0.025761,PARTIAL — CALIBRATION NOT RELIABLE DUE TO EVENT SPARSITY,HIGH_UNCERTAINTY_SPARSE_EVENTS,HIGH UNCERTAINTY: Estimates derived from sparse administrative milestone occurrences.,ADVISORY_ELEVATED_RELATIVE_HAZARD,"{'30d': False, '90d': False, '180d': True, '365d': True, '730d': True}"
CAS_CLEAN_026,SNP_CAS_CLEAN_026_CASE_INITIATION_MILESTONE_20260428,20260428,CASE_INITIATION_TO_MILESTONE,1.0.0-cox-production-baseline,0.090825,1.095077,0.998682,0.978969,0.975916,0.974239,0.974239,0.001318,0.021031,0.024084,0.025761,0.025761,PARTIAL — CALIBRATION NOT RELIABLE DUE TO EVENT SPARSITY,HIGH_UNCERTAINTY_SPARSE_EVENTS,HIGH UNCERTAINTY: Estimates derived from sparse administrative milestone occurrences.,ADVISORY_ELEVATED_RELATIVE_HAZARD,"{'30d': False, '90d': False, '180d': True, '365d': True, '730d': True}"
CAS_CLEAN_027,SNP_CAS_CLEAN_027_CASE_INITIATION_MILESTONE_20260428,20260428,CASE_INITIATION_TO_MILESTONE,1.0.0-cox-production-baseline,0.439935,1.552606,0.998131,0.970313,0.966026,0.963673,0.963673,0.001869,0.029687,0.033974,0.036327,0.036327,PARTIAL — CALIBRATION NOT RELIABLE DUE TO EVENT SPARSITY,HIGH_UNCERTAINTY_SPARSE_EVENTS,HIGH UNCERTAINTY: Estimates derived from sparse administrative milestone occurrences.,ADVISORY_HIGHEST_DECILE_HAZARD,"{'30d': False, '90d': False, '180d': True, '365d': True, '730d': True}"
CAS_CLEAN_028,SNP_CAS_CLEAN_028_CASE_INITIATION_MILESTONE_20260428,20260428,CASE_INITIATION_TO_MILESTONE,1.0.0-cox-production-baseline,0.439935,1.552606,0.998131,0.970313,0.966026,0.963673,0.963673,0.001869,0.029687,0.033974,0.036327,0.036327,PARTIAL — CALIBRATION NOT RELIABLE DUE TO EVENT SPARSITY,HIGH_UNCERTAINTY_SPARSE_EVENTS,HIGH UNCERTAINTY: Estimates derived from sparse administrative milestone occurrences.,ADVISORY_HIGHEST_DECILE_HAZARD,"{'30d': False, '90d': False, '180d': True, '365d': True, '730d': True}"
CAS_CLEAN_065,SNP_CAS_CLEAN_065_CASE_INITIATION_MILESTONE_20260428,20260428,CASE_INITIATION_TO_MILESTONE,1.0.0-cox-production-baseline,0.090825,1.095077,0.998682,0.978969,0.975916,0.974239,0.974239,0.001318,0.021031,0.024084,0.025761,0.025761,PARTIAL — CALIBRATION NOT RELIABLE DUE TO EVENT SPARSITY,HIGH_UNCERTAINTY_SPARSE_EVENTS,HIGH UNCERTAINTY: Estimates derived from sparse administrative milestone occurrences.,ADVISORY_ELEVATED_RELATIVE_HAZARD,"{'30d': False, '90d': False, '180d': True, '365d': True, '730d': True}"
CAS_CLEAN_078,SNP_CAS_CLEAN_078_CASE_INITIATION_MILESTONE_20260428,20260428,CASE_INITIATION_TO_MILESTONE,1.0.0-cox-production-baseline,0.090825,1.095077,0.998682,0.978969,0.975916,0.974239,0.974239,0.001318,0.021031,0.024084,0.025761,0.025761,PARTIAL — CALIBRATION NOT RELIABLE DUE TO EVENT SPARSITY,HIGH_UNCERTAINTY_SPARSE_EVENTS,HIGH UNCERTAINTY: Estimates derived from sparse administrative milestone occurrences.,ADVISORY_ELEVATED_RELATIVE_HAZARD,"{'30d': False, '90d': False, '180d': True, '365d': True, '730d': True}"
CAS_CLEAN_103,SNP_CAS_CLEAN_103_CASE_INITIATION_MILESTONE_20260428,20260428,CASE_INITIATION_TO_MILESTONE,1.0.0-cox-production-baseline,0.090825,1.095077,0.998682,0.978969,0.975916,0.974239,0.974239,0.001318,0.021031,0.024084,0.025761,0.025761,PARTIAL — CALIBRATION NOT RELIABLE DUE TO EVENT SPARSITY,HIGH_UNCERTAINTY_SPARSE_EVENTS,HIGH UNCERTAINTY: Estimates derived from sparse administrative milestone occurrences.,ADVISORY_ELEVATED_RELATIVE_HAZARD,"{'30d': False, '90d': False, '180d': True, '365d': True, '730d': True}"
CAS_CLEAN_121,SNP_CAS_CLEAN_121_CASE_INITIATION_MILESTONE_20260428,20260428,CASE_INITIATION_TO_MILESTONE,1.0.0-cox-production-baseline,0.090825,1.095077,0.998682,0.978969,0.975916,0.974239,0.974239,0.001318,0.021031,0.024084,0.025761,0.025761,PARTIAL — CALIBRATION NOT RELIABLE DUE TO EVENT SPARSITY,HIGH_UNCERTAINTY_SPARSE_EVENTS,HIGH UNCERTAINTY: Estimates derived from sparse administrative milestone occurrences.,ADVISORY_ELEVATED_RELATIVE_HAZARD,"{'30d': False, '90d': False, '180d': True, '365d': True, '730d': True}"
CAS_CLEAN_190,SNP_CAS_CLEAN_190_CASE_INITIATION_MILESTONE_20260501,20260501,CASE_INITIATION_TO_MILESTONE,1.0.0-cox-production-baseline,-1.608835,0.200121,0.999759,0.996123,0.995555,0.995242,0.995242,0.000241,0.003877,0.004445,0.004758,0.004758,PARTIAL — CALIBRATION NOT RELIABLE DUE TO EVENT SPARSITY,HIGH_UNCERTAINTY_SPARSE_EVENTS,HIGH UNCERTAINTY: Estimates derived from sparse administrative milestone occurrences.,ADVISORY_LOWER_RELATIVE_HAZARD,"{'30d': False, '90d': False, '180d': True, '365d': True, '730d': True}"
CAS_CLEAN_097,SNP_CAS_CLEAN_097_CASE_INITIATION_MILESTONE_20260505,20260505,CASE_INITIATION_TO_MILESTONE,1.0.0-cox-production-baseline,-0.824604,0.438409,0.999472,0.991527,0.990288,0.989606,0.989606,0.000528,0.008473,0.009712,0.010394,0.010394,PARTIAL — CALIBRATION NOT RELIABLE DUE TO EVENT SPARSITY,HIGH_UNCERTAINTY_SPARSE_EVENTS,HIGH UNCERTAINTY: Estimates derived from sparse administrative milestone occurrences.,ADVISORY_ELEVATED_RELATIVE_HAZARD,"{'30d': False, '90d': False, '180d': True, '365d': True, '730d': True}"
CAS_CLEAN_182,SNP_CAS_CLEAN_182_CASE_INITIATION_MILESTONE_20260506,20260506,CASE_INITIATION_TO_MILESTONE,1.0.0-cox-production-baseline,-0.929713,0.394667,0.999525,0.992369,0.991252,0.990638,0.990638,0.000475,0.007631,0.008748,0.009362,0.009362,PARTIAL — CALIBRATION NOT RELIABLE DUE TO EVENT SPARSITY,HIGH_UNCERTAINTY_SPARSE_EVENTS,HIGH UNCERTAINTY: Estimates derived from sparse administrative milestone occurrences.,ADVISORY_MEDIAN_RELATIVE_HAZARD,"{'30d': False, '90d': False, '180d': True, '365d': True, '730d': True}"
CAS_CLEAN_024,SNP_CAS_CLEAN_024_CASE_INITIATION_MILESTONE_20260528,20260528,CASE_INITIATION_TO_MILESTONE,1.0.0-cox-production-baseline,-1.463924,0.231327,0.999721,0.99552,0.994863,0.994502,0.994502,0.000279,0.00448,0.005137,0.005498,0.005498,PARTIAL — CALIBRATION NOT RELIABLE DUE TO EVENT SPARSITY,HIGH_UNCERTAINTY_SPARSE_EVENTS,HIGH UNCERTAINTY: Estimates derived from sparse administrative milestone occurrences.,ADVISORY_MEDIAN_RELATIVE_HAZARD,"{'30d': False, '90d': False, '180d': True, '365d': True, '730d': True}"
CAS_CLEAN_033,SNP_CAS_CLEAN_033_CASE_INITIATION_MILESTONE_20260530,20260530,CASE_INITIATION_TO_MILESTONE,1.0.0-cox-production-baseline,-1.017542,0.361482,0.999565,0.993008,0.991985,0.991422,0.991422,0.000435,0.006992,0.008015,0.008578,0.008578,PARTIAL — CALIBRATION NOT RELIABLE DUE TO EVENT SPARSITY,HIGH_UNCERTAINTY_SPARSE_EVENTS,HIGH UNCERTAINTY: Estimates derived from sparse administrative milestone occurrences.,ADVISORY_MEDIAN_RELATIVE_HAZARD,"{'30d': False, '90d': False, '180d': True, '365d': True, '730d': True}"
CAS_CLEAN_189,SNP_CAS_CLEAN_189_CASE_INITIATION_MILESTONE_20260531,20260531,CASE_INITIATION_TO_MILESTONE,1.0.0-cox-production-baseline,-1.608835,0.200121,0.999759,0.996123,0.995555,0.995242,0.995242,0.000241,0.003877,0.004445,0.004758,0.004758,PARTIAL — CALIBRATION NOT RELIABLE DUE TO EVENT SPARSITY,HIGH_UNCERTAINTY_SPARSE_EVENTS,HIGH UNCERTAINTY: Estimates derived from sparse administrative milestone occurrences.,ADVISORY_LOWER_RELATIVE_HAZARD,"{'30d': False, '90d': False, '180d': True, '365d': True, '730d': True}"
CAS_CLEAN_023,SNP_CAS_CLEAN_023_CASE_INITIATION_MILESTONE_20260605,20260605,CASE_INITIATION_TO_MILESTONE,1.0.0-cox-production-baseline,-1.463924,0.231327,0.999721,0.99552,0.994863,0.994502,0.994502,0.000279,0.00448,0.005137,0.005498,0.005498,PARTIAL — CALIBRATION NOT RELIABLE DUE TO EVENT SPARSITY,HIGH_UNCERTAINTY_SPARSE_EVENTS,HIGH UNCERTAINTY: Estimates derived from sparse administrative milestone occurrences.,ADVISORY_MEDIAN_RELATIVE_HAZARD,"{'30d': False, '90d': False, '180d': True, '365d': True, '730d': True}"
CAS_CLEAN_193,SNP_CAS_CLEAN_193_CASE_INITIATION_MILESTONE_20260606,20260606,CASE_INITIATION_TO_MILESTONE,1.0.0-cox-production-baseline,-1.73167,0.176989,0.999787,0.996571,0.996068,0.995791,0.995791,0.000213,0.003429,0.003932,0.004209,0.004209,PARTIAL — CALIBRATION NOT RELIABLE DUE TO EVENT SPARSITY,HIGH_UNCERTAINTY_SPARSE_EVENTS,HIGH UNCERTAINTY: Estimates derived from sparse administrative milestone occurrences.,ADVISORY_LOWER_RELATIVE_HAZARD,"{'30d': False, '90d': False, '180d': True, '365d': True, '730d': True}"
CAS_CLEAN_196,SNP_CAS_CLEAN_196_CASE_INITIATION_MILESTONE_20260606,20260606,CASE_INITIATION_TO_MILESTONE,1.0.0-cox-production-baseline,-1.73167,0.176989,0.999787,0.996571,0.996068,0.995791,0.995791,0.000213,0.003429,0.003932,0.004209,0.004209,PARTIAL — CALIBRATION NOT RELIABLE DUE TO EVENT SPARSITY,HIGH_UNCERTAINTY_SPARSE_EVENTS,HIGH UNCERTAINTY: Estimates derived from sparse administrative milestone occurrences.,ADVISORY_LOWER_RELATIVE_HAZARD,"{'30d': False, '90d': False, '180d': True, '365d': True, '730d': True}"
CAS_CLEAN_181,SNP_CAS_CLEAN_181_CASE_INITIATION_MILESTONE_20260607,20260607,CASE_INITIATION_TO_MILESTONE,1.0.0-cox-production-baseline,-0.929713,0.394667,0.999525,0.992369,0.991252,0.990638,0.990638,0.000475,0.007631,0.008748,0.009362,0.009362,PARTIAL — CALIBRATION NOT RELIABLE DUE TO EVENT SPARSITY,HIGH_UNCERTAINTY_SPARSE_EVENTS,HIGH UNCERTAINTY: Estimates derived from sparse administrative milestone occurrences.,ADVISORY_MEDIAN_RELATIVE_HAZARD,"{'30d': False, '90d': False, '180d': True, '365d': True, '730d': True}"
CAS_CLEAN_245,SNP_CAS_CLEAN_245_CASE_INITIATION_MILESTONE_20260607,20260607,CASE_INITIATION_TO_MILESTONE,1.0.0-cox-production-baseline,-1.608835,0.200121,0.999759,0.996123,0.995555,0.995242,0.995242,0.000241,0.003877,0.004445,0.004758,0.004758,PARTIAL — CALIBRATION NOT RELIABLE DUE TO EVENT SPARSITY,HIGH_UNCERTAINTY_SPARSE_EVENTS,HIGH UNCERTAINTY: Estimates derived from sparse administrative milestone occurrences.,ADVISORY_LOWER_RELATIVE_HAZARD,"{'30d': False, '90d': False, '180d': True, '365d': True, '730d': True}"
CAS_CLEAN_259,SNP_CAS_CLEAN_259_CASE_INITIATION_MILESTONE_20260610,20260610,CASE_INITIATION_TO_MILESTONE,1.0.0-cox-production-baseline,-0.201778,0.817276,0.999016,0.984262,0.98197,0.980711,0.980711,0.000984,0.015738,0.01803,0.019289,0.019289,PARTIAL — CALIBRATION NOT RELIABLE DUE TO EVENT SPARSITY,HIGH_UNCERTAINTY_SPARSE_EVENTS,HIGH UNCERTAINTY: Estimates derived from sparse administrative milestone occurrences.,ADVISORY_ELEVATED_RELATIVE_HAZARD,"{'30d': False, '90d': False, '180d': True, '365d': True, '730d': True}"
CAS_CLEAN_244,SNP_CAS_CLEAN_244_CASE_INITIATION_MILESTONE_20260614,20260614,CASE_INITIATION_TO_MILESTONE,1.0.0-cox-production-baseline,-1.608835,0.200121,0.999759,0.996123,0.995555,0.995242,0.995242,0.000241,0.003877,0.004445,0.004758,0.004758,PARTIAL — CALIBRATION NOT RELIABLE DUE TO EVENT SPARSITY,HIGH_UNCERTAINTY_SPARSE_EVENTS,HIGH UNCERTAINTY: Estimates derived from sparse administrative milestone occurrences.,ADVISORY_LOWER_RELATIVE_HAZARD,"{'30d': False, '90d': False, '180d': True, '365d': True, '730d': True}"
CAS_CLEAN_133,SNP_CAS_CLEAN_133_CASE_INITIATION_MILESTONE_20260616,20260616,CASE_INITIATION_TO_MILESTONE,1.0.0-cox-production-baseline,-1.280698,0.277843,0.999665,0.994622,0.993834,0.9934,0.9934,0.000335,0.005378,0.006166,0.0066,0.0066,PARTIAL — CALIBRATION NOT RELIABLE DUE TO EVENT SPARSITY,HIGH_UNCERTAINTY_SPARSE_EVENTS,HIGH UNCERTAINTY: Estimates derived from sparse administrative milestone occurrences.,ADVISORY_MEDIAN_RELATIVE_HAZARD,"{'30d': False, '90d': False, '180d': True, '365d': True, '730d': True}"
CAS_CLEAN_243,SNP_CAS_CLEAN_243_CASE_INITIATION_MILESTONE_20260622,20260622,CASE_INITIATION_TO_MILESTONE,1.0.0-cox-production-baseline,-1.608835,0.200121,0.999759,0.996123,0.995555,0.995242,0.995242,0.000241,0.003877,0.004445,0.004758,0.004758,PARTIAL — CALIBRATION NOT RELIABLE DUE TO EVENT SPARSITY,HIGH_UNCERTAINTY_SPARSE_EVENTS,HIGH UNCERTAINTY: Estimates derived from sparse administrative milestone occurrences.,ADVISORY_LOWER_RELATIVE_HAZARD,"{'30d': False, '90d': False, '180d': True, '365d': True, '730d': True}"
CAS_CLEAN_101,SNP_CAS_CLEAN_101_CASE_INITIATION_MILESTONE_20260623,20260623,CASE_INITIATION_TO_MILESTONE,1.0.0-cox-production-baseline,-1.270986,0.280555,0.999662,0.994569,0.993774,0.993336,0.993336,0.000338,0.005431,0.006226,0.006664,0.006664,PARTIAL — CALIBRATION NOT RELIABLE DUE TO EVENT SPARSITY,HIGH_UNCERTAINTY_SPARSE_EVENTS,HIGH UNCERTAINTY: Estimates derived from sparse administrative milestone occurrences.,ADVISORY_MEDIAN_RELATIVE_HAZARD,"{'30d': False, '90d': False, '180d': True, '365d': True, '730d': True}"
CAS_CLEAN_126,SNP_CAS_CLEAN_126_CASE_INITIATION_MILESTONE_20260625,20260625,CASE_INITIATION_TO_MILESTONE,1.0.0-cox-production-baseline,-1.740825,0.175376,0.999789,0.996602,0.996103,0.995829,0.995829,0.000211,0.003398,0.003897,0.004171,0.004171,PARTIAL — CALIBRATION NOT RELIABLE DUE TO EVENT SPARSITY,HIGH_UNCERTAINTY_SPARSE_EVENTS,HIGH UNCERTAINTY: Estimates derived from sparse administrative milestone occurrences.,ADVISORY_LOWER_RELATIVE_HAZARD,"{'30d': False, '90d': False, '180d': True, '365d': True, '730d': True}"
CAS_CLEAN_127,SNP_CAS_CLEAN_127_CASE_INITIATION_MILESTONE_20260625,20260625,CASE_INITIATION_TO_MILESTONE,1.0.0-cox-production-baseline,-1.740825,0.175376,0.999789,0.996602,0.996103,0.995829,0.995829,0.000211,0.003398,0.003897,0.004171,0.004171,PARTIAL — CALIBRATION NOT RELIABLE DUE TO EVENT SPARSITY,HIGH_UNCERTAINTY_SPARSE_EVENTS,HIGH UNCERTAINTY: Estimates derived from sparse administrative milestone occurrences.,ADVISORY_LOWER_RELATIVE_HAZARD,"{'30d': False, '90d': False, '180d': True, '365d': True, '730d': True}"
CAS_CLEAN_093,SNP_CAS_CLEAN_093_CASE_INITIATION_MILESTONE_20260626,20260626,CASE_INITIATION_TO_MILESTONE,1.0.0-cox-production-baseline,-1.463924,0.231327,0.999721,0.99552,0.994863,0.994502,0.994502,0.000279,0.00448,0.005137,0.005498,0.005498,PARTIAL — CALIBRATION NOT RELIABLE DUE TO EVENT SPARSITY,HIGH_UNCERTAINTY_SPARSE_EVENTS,HIGH UNCERTAINTY: Estimates derived from sparse administrative milestone occurrences.,ADVISORY_MEDIAN_RELATIVE_HAZARD,"{'30d': False, '90d': False, '180d': True, '365d': True, '730d': True}"
CAS_CLEAN_194,SNP_CAS_CLEAN_194_CASE_INITIATION_MILESTONE_20260627,20260627,CASE_INITIATION_TO_MILESTONE,1.0.0-cox-production-baseline,-1.73167,0.176989,0.999787,0.996571,0.996068,0.995791,0.995791,0.000213,0.003429,0.003932,0.004209,0.004209,PARTIAL — CALIBRATION NOT RELIABLE DUE TO EVENT SPARSITY,HIGH_UNCERTAINTY_SPARSE_EVENTS,HIGH UNCERTAINTY: Estimates derived from sparse administrative milestone occurrences.,ADVISORY_LOWER_RELATIVE_HAZARD,"{'30d': False, '90d': False, '180d': True, '365d': True, '730d': True}"
CAS_CLEAN_195,SNP_CAS_CLEAN_195_CASE_INITIATION_MILESTONE_20260627,20260627,CASE_INITIATION_TO_MILESTONE,1.0.0-cox-production-baseline,-1.73167,0.176989,0.999787,0.996571,0.996068,0.995791,0.995791,0.000213,0.003429,0.003932,0.004209,0.004209,PARTIAL — CALIBRATION NOT RELIABLE DUE TO EVENT SPARSITY,HIGH_UNCERTAINTY_SPARSE_EVENTS,HIGH UNCERTAINTY: Estimates derived from sparse administrative milestone occurrences.,ADVISORY_LOWER_RELATIVE_HAZARD,"{'30d': False, '90d': False, '180d': True, '365d': True, '730d': True}"
CAS_CLEAN_052,SNP_CAS_CLEAN_052_CASE_INITIATION_MILESTONE_20260708,20260708,CASE_INITIATION_TO_MILESTONE,1.0.0-cox-production-baseline,-1.224719,0.29384,0.999646,0.994313,0.99348,0.993021,0.993021,0.000354,0.005687,0.00652,0.006979,0.006979,PARTIAL — CALIBRATION NOT RELIABLE DUE TO EVENT SPARSITY,HIGH_UNCERTAINTY_SPARSE_EVENTS,HIGH UNCERTAINTY: Estimates derived from sparse administrative milestone occurrences.,ADVISORY_MEDIAN_RELATIVE_HAZARD,"{'30d': False, '90d': False, '180d': True, '365d': True, '730d': True}"
CAS_CLEAN_020,SNP_CAS_CLEAN_020_CASE_INITIATION_MILESTONE_20260710,20260710,CASE_INITIATION_TO_MILESTONE,1.0.0-cox-production-baseline,-1.935869,0.144299,0.999826,0.997203,0.996793,0.996567,0.996567,0.000174,0.002797,0.003207,0.003433,0.003433,PARTIAL — CALIBRATION NOT RELIABLE DUE TO EVENT SPARSITY,HIGH_UNCERTAINTY_SPARSE_EVENTS,HIGH UNCERTAINTY: Estimates derived from sparse administrative milestone occurrences.,ADVISORY_LOWER_RELATIVE_HAZARD,"{'30d': False, '90d': False, '180d': True, '365d': True, '730d': True}"
CAS_CLEAN_191,SNP_CAS_CLEAN_191_CASE_INITIATION_MILESTONE_20260717,20260717,CASE_INITIATION_TO_MILESTONE,1.0.0-cox-production-baseline,-1.73167,0.176989,0.999787,0.996571,0.996068,0.995791,0.995791,0.000213,0.003429,0.003932,0.004209,0.004209,PARTIAL — CALIBRATION NOT RELIABLE DUE TO EVENT SPARSITY,HIGH_UNCERTAINTY_SPARSE_EVENTS,HIGH UNCERTAINTY: Estimates derived from sparse administrative milestone occurrences.,ADVISORY_LOWER_RELATIVE_HAZARD,"{'30d': False, '90d': False, '180d': True, '365d': True, '730d': True}"
CAS_CLEAN_113,SNP_CAS_CLEAN_113_CASE_INITIATION_MILESTONE_20260718,20260718,CASE_INITIATION_TO_MILESTONE,1.0.0-cox-production-baseline,-1.224719,0.29384,0.999646,0.994313,0.99348,0.993021,0.993021,0.000354,0.005687,0.00652,0.006979,0.006979,PARTIAL — CALIBRATION NOT RELIABLE DUE TO EVENT SPARSITY,HIGH_UNCERTAINTY_SPARSE_EVENTS,HIGH UNCERTAINTY: Estimates derived from sparse administrative milestone occurrences.,ADVISORY_MEDIAN_RELATIVE_HAZARD,"{'30d': False, '90d': False, '180d': True, '365d': True, '730d': True}"
CAS_CLEAN_260,SNP_CAS_CLEAN_260_CASE_INITIATION_MILESTONE_20260719,20260719,CASE_INITIATION_TO_MILESTONE,1.0.0-cox-production-baseline,0.606104,1.833275,0.997794,0.965042,0.960009,0.957249,0.957249,0.002206,0.034958,0.039991,0.042751,0.042751,PARTIAL — CALIBRATION NOT RELIABLE DUE TO EVENT SPARSITY,HIGH_UNCERTAINTY_SPARSE_EVENTS,HIGH UNCERTAINTY: Estimates derived from sparse administrative milestone occurrences.,ADVISORY_HIGHEST_DECILE_HAZARD,"{'30d': False, '90d': False, '180d': True, '365d': True, '730d': True}"
CAS_CLEAN_237,SNP_CAS_CLEAN_237_CASE_INITIATION_MILESTONE_20260721,20260721,CASE_INITIATION_TO_MILESTONE,1.0.0-cox-production-baseline,-1.73167,0.176989,0.999787,0.996571,0.996068,0.995791,0.995791,0.000213,0.003429,0.003932,0.004209,0.004209,PARTIAL — CALIBRATION NOT RELIABLE DUE TO EVENT SPARSITY,HIGH_UNCERTAINTY_SPARSE_EVENTS,HIGH UNCERTAINTY: Estimates derived from sparse administrative milestone occurrences.,ADVISORY_LOWER_RELATIVE_HAZARD,"{'30d': False, '90d': False, '180d': True, '365d': True, '730d': True}"
CAS_CLEAN_251,SNP_CAS_CLEAN_251_CASE_INITIATION_MILESTONE_20260721,20260721,CASE_INITIATION_TO_MILESTONE,1.0.0-cox-production-baseline,-1.73167,0.176989,0.999787,0.996571,0.996068,0.995791,0.995791,0.000213,0.003429,0.003932,0.004209,0.004209,PARTIAL — CALIBRATION NOT RELIABLE DUE TO EVENT SPARSITY,HIGH_UNCERTAINTY_SPARSE_EVENTS,HIGH UNCERTAINTY: Estimates derived from sparse administrative milestone occurrences.,ADVISORY_LOWER_RELATIVE_HAZARD,"{'30d': False, '90d': False, '180d': True, '365d': True, '730d': True}"
CAS_CLEAN_027,SNP_CAS_CLEAN_027_CASE_INITIATION_MILESTONE_20260727,20260727,CASE_INITIATION_TO_MILESTONE,1.0.0-cox-production-baseline,0.323565,1.382046,0.998336,0.973531,0.969701,0.967599,0.967599,0.001664,0.026469,0.030299,0.032401,0.032401,PARTIAL — CALIBRATION NOT RELIABLE DUE TO EVENT SPARSITY,HIGH_UNCERTAINTY_SPARSE_EVENTS,HIGH UNCERTAINTY: Estimates derived from sparse administrative milestone occurrences.,ADVISORY_HIGHEST_DECILE_HAZARD,"{'30d': False, '90d': False, '180d': True, '365d': True, '730d': True}"
CAS_CLEAN_028,SNP_CAS_CLEAN_028_CASE_INITIATION_MILESTONE_20260727,20260727,CASE_INITIATION_TO_MILESTONE,1.0.0-cox-production-baseline,0.323565,1.382046,0.998336,0.973531,0.969701,0.967599,0.967599,0.001664,0.026469,0.030299,0.032401,0.032401,PARTIAL — CALIBRATION NOT RELIABLE DUE TO EVENT SPARSITY,HIGH_UNCERTAINTY_SPARSE_EVENTS,HIGH UNCERTAINTY: Estimates derived from sparse administrative milestone occurrences.,ADVISORY_HIGHEST_DECILE_HAZARD,"{'30d': False, '90d': False, '180d': True, '365d': True, '730d': True}"
CAS_CLEAN_032,SNP_CAS_CLEAN_032_CASE_INITIATION_MILESTONE_20260729,20260729,CASE_INITIATION_TO_MILESTONE,1.0.0-cox-production-baseline,-1.935869,0.144299,0.999826,0.997203,0.996793,0.996567,0.996567,0.000174,0.002797,0.003207,0.003433,0.003433,PARTIAL — CALIBRATION NOT RELIABLE DUE TO EVENT SPARSITY,HIGH_UNCERTAINTY_SPARSE_EVENTS,HIGH UNCERTAINTY: Estimates derived from sparse administrative milestone occurrences.,ADVISORY_LOWER_RELATIVE_HAZARD,"{'30d': False, '90d': False, '180d': True, '365d': True, '730d': True}"
CAS_CLEAN_025,SNP_CAS_CLEAN_025_CASE_INITIATION_MILESTONE_20260801,20260801,CASE_INITIATION_TO_MILESTONE,1.0.0-cox-production-baseline,-0.03201,0.968497,0.998834,0.981377,0.97867,0.977182,0.977182,0.001166,0.018623,0.02133,0.022818,0.022818,PARTIAL — CALIBRATION NOT RELIABLE DUE TO EVENT SPARSITY,HIGH_UNCERTAINTY_SPARSE_EVENTS,HIGH UNCERTAINTY: Estimates derived from sparse administrative milestone occurrences.,ADVISORY_ELEVATED_RELATIVE_HAZARD,"{'30d': False, '90d': False, '180d': True, '365d': True, '730d': True}"
CAS_CLEAN_026,SNP_CAS_CLEAN_026_CASE_INITIATION_MILESTONE_20260801,20260801,CASE_INITIATION_TO_MILESTONE,1.0.0-cox-production-baseline,-0.03201,0.968497,0.998834,0.981377,0.97867,0.977182,0.977182,0.001166,0.018623,0.02133,0.022818,0.022818,PARTIAL — CALIBRATION NOT RELIABLE DUE TO EVENT SPARSITY,HIGH_UNCERTAINTY_SPARSE_EVENTS,HIGH UNCERTAINTY: Estimates derived from sparse administrative milestone occurrences.,ADVISORY_ELEVATED_RELATIVE_HAZARD,"{'30d': False, '90d': False, '180d': True, '365d': True, '730d': True}"
CAS_CLEAN_065,SNP_CAS_CLEAN_065_CASE_INITIATION_MILESTONE_20260801,20260801,CASE_INITIATION_TO_MILESTONE,1.0.0-cox-production-baseline,-0.03201,0.968497,0.998834,0.981377,0.97867,0.977182,0.977182,0.001166,0.018623,0.02133,0.022818,0.022818,PARTIAL — CALIBRATION NOT RELIABLE DUE TO EVENT SPARSITY,HIGH_UNCERTAINTY_SPARSE_EVENTS,HIGH UNCERTAINTY: Estimates derived from sparse administrative milestone occurrences.,ADVISORY_ELEVATED_RELATIVE_HAZARD,"{'30d': False, '90d': False, '180d': True, '365d': True, '730d': True}"
CAS_CLEAN_078,SNP_CAS_CLEAN_078_CASE_INITIATION_MILESTONE_20260801,20260801,CASE_INITIATION_TO_MILESTONE,1.0.0-cox-production-baseline,-0.03201,0.968497,0.998834,0.981377,0.97867,0.977182,0.977182,0.001166,0.018623,0.02133,0.022818,0.022818,PARTIAL — CALIBRATION NOT RELIABLE DUE TO EVENT SPARSITY,HIGH_UNCERTAINTY_SPARSE_EVENTS,HIGH UNCERTAINTY: Estimates derived from sparse administrative milestone occurrences.,ADVISORY_ELEVATED_RELATIVE_HAZARD,"{'30d': False, '90d': False, '180d': True, '365d': True, '730d': True}"
CAS_CLEAN_103,SNP_CAS_CLEAN_103_CASE_INITIATION_MILESTONE_20260801,20260801,CASE_INITIATION_TO_MILESTONE,1.0.0-cox-production-baseline,-0.03201,0.968497,0.998834,0.981377,0.97867,0.977182,0.977182,0.001166,0.018623,0.02133,0.022818,0.022818,PARTIAL — CALIBRATION NOT RELIABLE DUE TO EVENT SPARSITY,HIGH_UNCERTAINTY_SPARSE_EVENTS,HIGH UNCERTAINTY: Estimates derived from sparse administrative milestone occurrences.,ADVISORY_ELEVATED_RELATIVE_HAZARD,"{'30d': False, '90d': False, '180d': True, '365d': True, '730d': True}"
CAS_CLEAN_121,SNP_CAS_CLEAN_121_CASE_INITIATION_MILESTONE_20260801,20260801,CASE_INITIATION_TO_MILESTONE,1.0.0-cox-production-baseline,-0.03201,0.968497,0.998834,0.981377,0.97867,0.977182,0.977182,0.001166,0.018623,0.02133,0.022818,0.022818,PARTIAL — CALIBRATION NOT RELIABLE DUE TO EVENT SPARSITY,HIGH_UNCERTAINTY_SPARSE_EVENTS,HIGH UNCERTAINTY: Estimates derived from sparse administrative milestone occurrences.,ADVISORY_ELEVATED_RELATIVE_HAZARD,"{'30d': False, '90d': False, '180d': True, '365d': True, '730d': True}"
CAS_CLEAN_182,SNP_CAS_CLEAN_182_CASE_INITIATION_MILESTONE_20260804,20260804,CASE_INITIATION_TO_MILESTONE,1.0.0-cox-production-baseline,-1.046083,0.351311,0.999577,0.993204,0.99221,0.991662,0.991662,0.000423,0.006796,0.00779,0.008338,0.008338,PARTIAL — CALIBRATION NOT RELIABLE DUE TO EVENT SPARSITY,HIGH_UNCERTAINTY_SPARSE_EVENTS,HIGH UNCERTAINTY: Estimates derived from sparse administrative milestone occurrences.,ADVISORY_MEDIAN_RELATIVE_HAZARD,"{'30d': False, '90d': False, '180d': True, '365d': True, '730d': True}"
CAS_CLEAN_190,SNP_CAS_CLEAN_190_CASE_INITIATION_MILESTONE_20260804,20260804,CASE_INITIATION_TO_MILESTONE,1.0.0-cox-production-baseline,-1.73167,0.176989,0.999787,0.996571,0.996068,0.995791,0.995791,0.000213,0.003429,0.003932,0.004209,0.004209,PARTIAL — CALIBRATION NOT RELIABLE DUE TO EVENT SPARSITY,HIGH_UNCERTAINTY_SPARSE_EVENTS,HIGH UNCERTAINTY: Estimates derived from sparse administrative milestone occurrences.,ADVISORY_LOWER_RELATIVE_HAZARD,"{'30d': False, '90d': False, '180d': True, '365d': True, '730d': True}"
CAS_CLEAN_094,SNP_CAS_CLEAN_094_CASE_INITIATION_MILESTONE_20260806,20260806,CASE_INITIATION_TO_MILESTONE,1.0.0-cox-production-baseline,-1.935869,0.144299,0.999826,0.997203,0.996793,0.996567,0.996567,0.000174,0.002797,0.003207,0.003433,0.003433,PARTIAL — CALIBRATION NOT RELIABLE DUE TO EVENT SPARSITY,HIGH_UNCERTAINTY_SPARSE_EVENTS,HIGH UNCERTAINTY: Estimates derived from sparse administrative milestone occurrences.,ADVISORY_LOWER_RELATIVE_HAZARD,"{'30d': False, '90d': False, '180d': True, '365d': True, '730d': True}"
CAS_CLEAN_140,SNP_CAS_CLEAN_140_CASE_INITIATION_MILESTONE_20260808,20260808,CASE_INITIATION_TO_MILESTONE,1.0.0-cox-production-baseline,-0.503955,0.604137,0.999272,0.988342,0.986641,0.985705,0.985705,0.000728,0.011658,0.013359,0.014295,0.014295,PARTIAL — CALIBRATION NOT RELIABLE DUE TO EVENT SPARSITY,HIGH_UNCERTAINTY_SPARSE_EVENTS,HIGH UNCERTAINTY: Estimates derived from sparse administrative milestone occurrences.,ADVISORY_ELEVATED_RELATIVE_HAZARD,"{'30d': False, '90d': False, '180d': True, '365d': True, '730d': True}"
CAS_CLEAN_061,SNP_CAS_CLEAN_061_CASE_INITIATION_MILESTONE_20260814,20260814,CASE_INITIATION_TO_MILESTONE,1.0.0-cox-production-baseline,-1.740825,0.175376,0.999789,0.996602,0.996103,0.995829,0.995829,0.000211,0.003398,0.003897,0.004171,0.004171,PARTIAL — CALIBRATION NOT RELIABLE DUE TO EVENT SPARSITY,HIGH_UNCERTAINTY_SPARSE_EVENTS,HIGH UNCERTAINTY: Estimates derived from sparse administrative milestone occurrences.,ADVISORY_LOWER_RELATIVE_HAZARD,"{'30d': False, '90d': False, '180d': True, '365d': True, '730d': True}"
CAS_CLEAN_099,SNP_CAS_CLEAN_099_CASE_INITIATION_MILESTONE_20260822,20260822,CASE_INITIATION_TO_MILESTONE,1.0.0-cox-production-baseline,-1.935869,0.144299,0.999826,0.997203,0.996793,0.996567,0.996567,0.000174,0.002797,0.003207,0.003433,0.003433,PARTIAL — CALIBRATION NOT RELIABLE DUE TO EVENT SPARSITY,HIGH_UNCERTAINTY_SPARSE_EVENTS,HIGH UNCERTAINTY: Estimates derived from sparse administrative milestone occurrences.,ADVISORY_LOWER_RELATIVE_HAZARD,"{'30d': False, '90d': False, '180d': True, '365d': True, '730d': True}"
CAS_CLEAN_128,SNP_CAS_CLEAN_128_CASE_INITIATION_MILESTONE_20260822,20260822,CASE_INITIATION_TO_MILESTONE,1.0.0-cox-production-baseline,-1.740825,0.175376,0.999789,0.996602,0.996103,0.995829,0.995829,0.000211,0.003398,0.003897,0.004171,0.004171,PARTIAL — CALIBRATION NOT RELIABLE DUE TO EVENT SPARSITY,HIGH_UNCERTAINTY_SPARSE_EVENTS,HIGH UNCERTAINTY: Estimates derived from sparse administrative milestone occurrences.,ADVISORY_LOWER_RELATIVE_HAZARD,"{'30d': False, '90d': False, '180d': True, '365d': True, '730d': True}"
CAS_CLEAN_189,SNP_CAS_CLEAN_189_CASE_INITIATION_MILESTONE_20260903,20260903,CASE_INITIATION_TO_MILESTONE,1.0.0-cox-production-baseline,-1.73167,0.176989,0.999787,0.996571,0.996068,0.995791,0.995791,0.000213,0.003429,0.003932,0.004209,0.004209,PARTIAL — CALIBRATION NOT RELIABLE DUE TO EVENT SPARSITY,HIGH_UNCERTAINTY_SPARSE_EVENTS,HIGH UNCERTAINTY: Estimates derived from sparse administrative milestone occurrences.,ADVISORY_LOWER_RELATIVE_HAZARD,"{'30d': False, '90d': False, '180d': True, '365d': True, '730d': True}"
CAS_CLEAN_181,SNP_CAS_CLEAN_181_CASE_INITIATION_MILESTONE_20260905,20260905,CASE_INITIATION_TO_MILESTONE,1.0.0-cox-production-baseline,-1.046083,0.351311,0.999577,0.993204,0.99221,0.991662,0.991662,0.000423,0.006796,0.00779,0.008338,0.008338,PARTIAL — CALIBRATION NOT RELIABLE DUE TO EVENT SPARSITY,HIGH_UNCERTAINTY_SPARSE_EVENTS,HIGH UNCERTAINTY: Estimates derived from sparse administrative milestone occurrences.,ADVISORY_MEDIAN_RELATIVE_HAZARD,"{'30d': False, '90d': False, '180d': True, '365d': True, '730d': True}"
CAS_CLEAN_259,SNP_CAS_CLEAN_259_CASE_INITIATION_MILESTONE_20260908,20260908,CASE_INITIATION_TO_MILESTONE,1.0.0-cox-production-baseline,-0.318148,0.727495,0.999124,0.985978,0.983935,0.982811,0.982811,0.000876,0.014022,0.016065,0.017189,0.017189,PARTIAL — CALIBRATION NOT RELIABLE DUE TO EVENT SPARSITY,HIGH_UNCERTAINTY_SPARSE_EVENTS,HIGH UNCERTAINTY: Estimates derived from sparse administrative milestone occurrences.,ADVISORY_ELEVATED_RELATIVE_HAZARD,"{'30d': False, '90d': False, '180d': True, '365d': True, '730d': True}"
CAS_CLEAN_245,SNP_CAS_CLEAN_245_CASE_INITIATION_MILESTONE_20260910,20260910,CASE_INITIATION_TO_MILESTONE,1.0.0-cox-production-baseline,-1.73167,0.176989,0.999787,0.996571,0.996068,0.995791,0.995791,0.000213,0.003429,0.003932,0.004209,0.004209,PARTIAL — CALIBRATION NOT RELIABLE DUE TO EVENT SPARSITY,HIGH_UNCERTAINTY_SPARSE_EVENTS,HIGH UNCERTAINTY: Estimates derived from sparse administrative milestone occurrences.,ADVISORY_LOWER_RELATIVE_HAZARD,"{'30d': False, '90d': False, '180d': True, '365d': True, '730d': True}"
CAS_CLEAN_244,SNP_CAS_CLEAN_244_CASE_INITIATION_MILESTONE_20260917,20260917,CASE_INITIATION_TO_MILESTONE,1.0.0-cox-production-baseline,-1.73167,0.176989,0.999787,0.996571,0.996068,0.995791,0.995791,0.000213,0.003429,0.003932,0.004209,0.004209,PARTIAL — CALIBRATION NOT RELIABLE DUE TO EVENT SPARSITY,HIGH_UNCERTAINTY_SPARSE_EVENTS,HIGH UNCERTAINTY: Estimates derived from sparse administrative milestone occurrences.,ADVISORY_LOWER_RELATIVE_HAZARD,"{'30d': False, '90d': False, '180d': True, '365d': True, '730d': True}"
CAS_CLEAN_133,SNP_CAS_CLEAN_133_CASE_INITIATION_MILESTONE_20260919,20260919,CASE_INITIATION_TO_MILESTONE,1.0.0-cox-production-baseline,-1.403533,0.245727,0.999704,0.995242,0.994545,0.994161,0.994161,0.000296,0.004758,0.005455,0.005839,0.005839,PARTIAL — CALIBRATION NOT RELIABLE DUE TO EVENT SPARSITY,HIGH_UNCERTAINTY_SPARSE_EVENTS,HIGH UNCERTAINTY: Estimates derived from sparse administrative milestone occurrences.,ADVISORY_MEDIAN_RELATIVE_HAZARD,"{'30d': False, '90d': False, '180d': True, '365d': True, '730d': True}"
CAS_CLEAN_243,SNP_CAS_CLEAN_243_CASE_INITIATION_MILESTONE_20260925,20260925,CASE_INITIATION_TO_MILESTONE,1.0.0-cox-production-baseline,-1.73167,0.176989,0.999787,0.996571,0.996068,0.995791,0.995791,0.000213,0.003429,0.003932,0.004209,0.004209,PARTIAL — CALIBRATION NOT RELIABLE DUE TO EVENT SPARSITY,HIGH_UNCERTAINTY_SPARSE_EVENTS,HIGH UNCERTAINTY: Estimates derived from sparse administrative milestone occurrences.,ADVISORY_LOWER_RELATIVE_HAZARD,"{'30d': False, '90d': False, '180d': True, '365d': True, '730d': True}"
