case_id,snapshot_id,snapshot_date,transition,model_version,model_checksum,linear_predictor,relative_hazard,top_positive_contributors,top_negative_contributors,num_positive_contributors,num_negative_contributors,uncertainty_status,calibration_status,data_quality_warning
CAS_CLEAN_271,SNP_CAS_CLEAN_271_CASE_INITIATION_MILESTONE_20190921,20190921,CASE_INITIATION_TO_MILESTONE,1.0.0-cox-production-baseline,2493aa920caf664a,-0.928645,0.395089,act_key_RFCTLARR_2013 (+0.2005),current_stage_GENERAL_NOTICE (-0.4558); derived_notice_count (-0.2903); derived_project_type_Irrigation / Canal (-0.2019); district_Yavatmal (-0.1811),1,4,HIGH_UNCERTAINTY_SPARSE_EVENTS,PARTIAL — CALIBRATION NOT RELIABLE DUE TO EVENT SPARSITY,HIGH UNCERTAINTY: Estimates derived from sparse administrative milestone occurrences.
CAS_CLEAN_271,SNP_CAS_CLEAN_271_CASE_INITIATION_MILESTONE_20191220,20191220,CASE_INITIATION_TO_MILESTONE,1.0.0-cox-production-baseline,2493aa920caf664a,-1.045015,0.351687,act_key_RFCTLARR_2013 (+0.2005),current_stage_GENERAL_NOTICE (-0.4558); derived_notice_count (-0.2903); derived_project_type_Irrigation / Canal (-0.2019); district_Yavatmal (-0.1811); derived_days_in_current_stage (-0.1164),1,5,HIGH_UNCERTAINTY_SPARSE_EVENTS,PARTIAL — CALIBRATION NOT RELIABLE DUE TO EVENT SPARSITY,HIGH UNCERTAINTY: Estimates derived from sparse administrative milestone occurrences.
CAS_CLEAN_271,SNP_CAS_CLEAN_271_CASE_INITIATION_MILESTONE_20200319,20200319,CASE_INITIATION_TO_MILESTONE,1.0.0-cox-production-baseline,2493aa920caf664a,-1.161385,0.313052,act_key_RFCTLARR_2013 (+0.2005),current_stage_GENERAL_NOTICE (-0.4558); derived_notice_count (-0.2903); derived_days_in_current_stage (-0.2327); derived_project_type_Irrigation / Canal (-0.2019); district_Yavatmal (-0.1811),1,5,HIGH_UNCERTAINTY_SPARSE_EVENTS,PARTIAL — CALIBRATION NOT RELIABLE DUE TO EVENT SPARSITY,HIGH UNCERTAINTY: Estimates derived from sparse administrative milestone occurrences.
CAS_CLEAN_271,SNP_CAS_CLEAN_271_CASE_INITIATION_MILESTONE_20200617,20200617,CASE_INITIATION_TO_MILESTONE,1.0.0-cox-production-baseline,2493aa920caf664a,-1.277755,0.278662,act_key_RFCTLARR_2013 (+0.2005),current_stage_GENERAL_NOTICE (-0.4558); derived_days_in_current_stage (-0.3491); derived_notice_count (-0.2903); derived_project_type_Irrigation / Canal (-0.2019); district_Yavatmal (-0.1811),1,5,HIGH_UNCERTAINTY_SPARSE_EVENTS,PARTIAL — CALIBRATION NOT RELIABLE DUE TO EVENT SPARSITY,HIGH UNCERTAINTY: Estimates derived from sparse administrative milestone occurrences.
CAS_CLEAN_271,SNP_CAS_CLEAN_271_CASE_INITIATION_MILESTONE_20200920,20200920,CASE_INITIATION_TO_MILESTONE,1.0.0-cox-production-baseline,2493aa920caf664a,-1.40059,0.246452,act_key_RFCTLARR_2013 (+0.2005),derived_days_in_current_stage (-0.4719); current_stage_GENERAL_NOTICE (-0.4558); derived_notice_count (-0.2903); derived_project_type_Irrigation / Canal (-0.2019); district_Yavatmal (-0.1811),1,5,HIGH_UNCERTAINTY_SPARSE_EVENTS,PARTIAL — CALIBRATION NOT RELIABLE DUE TO EVENT SPARSITY,HIGH UNCERTAINTY: Estimates derived from sparse administrative milestone occurrences.
CAS_CLEAN_271,SNP_CAS_CLEAN_271_CASE_INITIATION_MILESTONE_20210920,20210920,CASE_INITIATION_TO_MILESTONE,1.0.0-cox-production-baseline,2493aa920caf664a,-1.872535,0.153733,act_key_RFCTLARR_2013 (+0.2005),derived_days_in_current_stage (-0.9439); current_stage_GENERAL_NOTICE (-0.4558); derived_notice_count (-0.2903); derived_project_type_Irrigation / Canal (-0.2019); district_Yavatmal (-0.1811),1,5,HIGH_UNCERTAINTY_SPARSE_EVENTS,PARTIAL — CALIBRATION NOT RELIABLE DUE TO EVENT SPARSITY,HIGH UNCERTAINTY: Estimates derived from sparse administrative milestone occurrences.
CAS_CLEAN_268,SNP_CAS_CLEAN_268_CASE_INITIATION_MILESTONE_20221111,20221111,CASE_INITIATION_TO_MILESTONE,1.0.0-cox-production-baseline,2493aa920caf664a,-1.173096,0.309408,act_key_RFCTLARR_2013 (+0.2005),current_stage_GENERAL_NOTICE (-0.4558); derived_project_type_Rural Infrastructure (-0.4464); derived_notice_count (-0.2903); district_Yavatmal (-0.1811),1,4,HIGH_UNCERTAINTY_SPARSE_EVENTS,PARTIAL — CALIBRATION NOT RELIABLE DUE TO EVENT SPARSITY,HIGH UNCERTAINTY: Estimates derived from sparse administrative milestone occurrences.
CAS_CLEAN_269,SNP_CAS_CLEAN_269_CASE_INITIATION_MILESTONE_20221111,20221111,CASE_INITIATION_TO_MILESTONE,1.0.0-cox-production-baseline,2493aa920caf664a,-1.173096,0.309408,act_key_RFCTLARR_2013 (+0.2005),current_stage_GENERAL_NOTICE (-0.4558); derived_project_type_Rural Infrastructure (-0.4464); derived_notice_count (-0.2903); district_Yavatmal (-0.1811),1,4,HIGH_UNCERTAINTY_SPARSE_EVENTS,PARTIAL — CALIBRATION NOT RELIABLE DUE TO EVENT SPARSITY,HIGH UNCERTAINTY: Estimates derived from sparse administrative milestone occurrences.
CAS_CLEAN_270,SNP_CAS_CLEAN_270_CASE_INITIATION_MILESTONE_20221111,20221111,CASE_INITIATION_TO_MILESTONE,1.0.0-cox-production-baseline,2493aa920caf664a,-0.928645,0.395089,act_key_RFCTLARR_2013 (+0.2005),current_stage_GENERAL_NOTICE (-0.4558); derived_notice_count (-0.2903); derived_project_type_Irrigation / Canal (-0.2019); district_Yavatmal (-0.1811),1,4,HIGH_UNCERTAINTY_SPARSE_EVENTS,PARTIAL — CALIBRATION NOT RELIABLE DUE TO EVENT SPARSITY,HIGH UNCERTAINTY: Estimates derived from sparse administrative milestone occurrences.
CAS_CLEAN_267,SNP_CAS_CLEAN_267_CASE_INITIATION_MILESTONE_20221117,20221117,CASE_INITIATION_TO_MILESTONE,1.0.0-cox-production-baseline,2493aa920caf664a,-1.173096,0.309408,act_key_RFCTLARR_2013 (+0.2005),current_stage_GENERAL_NOTICE (-0.4558); derived_project_type_Rural Infrastructure (-0.4464); derived_notice_count (-0.2903); district_Yavatmal (-0.1811),1,4,HIGH_UNCERTAINTY_SPARSE_EVENTS,PARTIAL — CALIBRATION NOT RELIABLE DUE TO EVENT SPARSITY,HIGH UNCERTAINTY: Estimates derived from sparse administrative milestone occurrences.
CAS_CLEAN_268,SNP_CAS_CLEAN_268_CASE_INITIATION_MILESTONE_20230209,20230209,CASE_INITIATION_TO_MILESTONE,1.0.0-cox-production-baseline,2493aa920caf664a,-1.289466,0.275418,act_key_RFCTLARR_2013 (+0.2005),current_stage_GENERAL_NOTICE (-0.4558); derived_project_type_Rural Infrastructure (-0.4464); derived_notice_count (-0.2903); district_Yavatmal (-0.1811); derived_days_in_current_stage (-0.1164),1,5,HIGH_UNCERTAINTY_SPARSE_EVENTS,PARTIAL — CALIBRATION NOT RELIABLE DUE TO EVENT SPARSITY,HIGH UNCERTAINTY: Estimates derived from sparse administrative milestone occurrences.
CAS_CLEAN_269,SNP_CAS_CLEAN_269_CASE_INITIATION_MILESTONE_20230209,20230209,CASE_INITIATION_TO_MILESTONE,1.0.0-cox-production-baseline,2493aa920caf664a,-1.289466,0.275418,act_key_RFCTLARR_2013 (+0.2005),current_stage_GENERAL_NOTICE (-0.4558); derived_project_type_Rural Infrastructure (-0.4464); derived_notice_count (-0.2903); district_Yavatmal (-0.1811); derived_days_in_current_stage (-0.1164),1,5,HIGH_UNCERTAINTY_SPARSE_EVENTS,PARTIAL — CALIBRATION NOT RELIABLE DUE TO EVENT SPARSITY,HIGH UNCERTAINTY: Estimates derived from sparse administrative milestone occurrences.
CAS_CLEAN_270,SNP_CAS_CLEAN_270_CASE_INITIATION_MILESTONE_20230209,20230209,CASE_INITIATION_TO_MILESTONE,1.0.0-cox-production-baseline,2493aa920caf664a,-1.045015,0.351687,act_key_RFCTLARR_2013 (+0.2005),current_stage_GENERAL_NOTICE (-0.4558); derived_notice_count (-0.2903); derived_project_type_Irrigation / Canal (-0.2019); district_Yavatmal (-0.1811); derived_days_in_current_stage (-0.1164),1,5,HIGH_UNCERTAINTY_SPARSE_EVENTS,PARTIAL — CALIBRATION NOT RELIABLE DUE TO EVENT SPARSITY,HIGH UNCERTAINTY: Estimates derived from sparse administrative milestone occurrences.
CAS_CLEAN_267,SNP_CAS_CLEAN_267_CASE_INITIATION_MILESTONE_20230215,20230215,CASE_INITIATION_TO_MILESTONE,1.0.0-cox-production-baseline,2493aa920caf664a,-1.289466,0.275418,act_key_RFCTLARR_2013 (+0.2005),current_stage_GENERAL_NOTICE (-0.4558); derived_project_type_Rural Infrastructure (-0.4464); derived_notice_count (-0.2903); district_Yavatmal (-0.1811); derived_days_in_current_stage (-0.1164),1,5,HIGH_UNCERTAINTY_SPARSE_EVENTS,PARTIAL — CALIBRATION NOT RELIABLE DUE TO EVENT SPARSITY,HIGH UNCERTAINTY: Estimates derived from sparse administrative milestone occurrences.
CAS_CLEAN_268,SNP_CAS_CLEAN_268_CASE_INITIATION_MILESTONE_20230510,20230510,CASE_INITIATION_TO_MILESTONE,1.0.0-cox-production-baseline,2493aa920caf664a,-1.405836,0.245162,act_key_RFCTLARR_2013 (+0.2005),current_stage_GENERAL_NOTICE (-0.4558); derived_project_type_Rural Infrastructure (-0.4464); derived_notice_count (-0.2903); derived_days_in_current_stage (-0.2327); district_Yavatmal (-0.1811),1,5,HIGH_UNCERTAINTY_SPARSE_EVENTS,PARTIAL — CALIBRATION NOT RELIABLE DUE TO EVENT SPARSITY,HIGH UNCERTAINTY: Estimates derived from sparse administrative milestone occurrences.
CAS_CLEAN_269,SNP_CAS_CLEAN_269_CASE_INITIATION_MILESTONE_20230510,20230510,CASE_INITIATION_TO_MILESTONE,1.0.0-cox-production-baseline,2493aa920caf664a,-1.405836,0.245162,act_key_RFCTLARR_2013 (+0.2005),current_stage_GENERAL_NOTICE (-0.4558); derived_project_type_Rural Infrastructure (-0.4464); derived_notice_count (-0.2903); derived_days_in_current_stage (-0.2327); district_Yavatmal (-0.1811),1,5,HIGH_UNCERTAINTY_SPARSE_EVENTS,PARTIAL — CALIBRATION NOT RELIABLE DUE TO EVENT SPARSITY,HIGH UNCERTAINTY: Estimates derived from sparse administrative milestone occurrences.
CAS_CLEAN_270,SNP_CAS_CLEAN_270_CASE_INITIATION_MILESTONE_20230510,20230510,CASE_INITIATION_TO_MILESTONE,1.0.0-cox-production-baseline,2493aa920caf664a,-1.161385,0.313052,act_key_RFCTLARR_2013 (+0.2005),current_stage_GENERAL_NOTICE (-0.4558); derived_notice_count (-0.2903); derived_days_in_current_stage (-0.2327); derived_project_type_Irrigation / Canal (-0.2019); district_Yavatmal (-0.1811),1,5,HIGH_UNCERTAINTY_SPARSE_EVENTS,PARTIAL — CALIBRATION NOT RELIABLE DUE TO EVENT SPARSITY,HIGH UNCERTAINTY: Estimates derived from sparse administrative milestone occurrences.
CAS_CLEAN_267,SNP_CAS_CLEAN_267_CASE_INITIATION_MILESTONE_20230516,20230516,CASE_INITIATION_TO_MILESTONE,1.0.0-cox-production-baseline,2493aa920caf664a,-1.405836,0.245162,act_key_RFCTLARR_2013 (+0.2005),current_stage_GENERAL_NOTICE (-0.4558); derived_project_type_Rural Infrastructure (-0.4464); derived_notice_count (-0.2903); derived_days_in_current_stage (-0.2327); district_Yavatmal (-0.1811),1,5,HIGH_UNCERTAINTY_SPARSE_EVENTS,PARTIAL — CALIBRATION NOT RELIABLE DUE TO EVENT SPARSITY,HIGH UNCERTAINTY: Estimates derived from sparse administrative milestone occurrences.
CAS_CLEAN_268,SNP_CAS_CLEAN_268_CASE_INITIATION_MILESTONE_20230808,20230808,CASE_INITIATION_TO_MILESTONE,1.0.0-cox-production-baseline,2493aa920caf664a,-1.522206,0.21823,act_key_RFCTLARR_2013 (+0.2005),current_stage_GENERAL_NOTICE (-0.4558); derived_project_type_Rural Infrastructure (-0.4464); derived_days_in_current_stage (-0.3491); derived_notice_count (-0.2903); district_Yavatmal (-0.1811),1,5,HIGH_UNCERTAINTY_SPARSE_EVENTS,PARTIAL — CALIBRATION NOT RELIABLE DUE TO EVENT SPARSITY,HIGH UNCERTAINTY: Estimates derived from sparse administrative milestone occurrences.
CAS_CLEAN_269,SNP_CAS_CLEAN_269_CASE_INITIATION_MILESTONE_20230808,20230808,CASE_INITIATION_TO_MILESTONE,1.0.0-cox-production-baseline,2493aa920caf664a,-1.522206,0.21823,act_key_RFCTLARR_2013 (+0.2005),current_stage_GENERAL_NOTICE (-0.4558); derived_project_type_Rural Infrastructure (-0.4464); derived_days_in_current_stage (-0.3491); derived_notice_count (-0.2903); district_Yavatmal (-0.1811),1,5,HIGH_UNCERTAINTY_SPARSE_EVENTS,PARTIAL — CALIBRATION NOT RELIABLE DUE TO EVENT SPARSITY,HIGH UNCERTAINTY: Estimates derived from sparse administrative milestone occurrences.
CAS_CLEAN_270,SNP_CAS_CLEAN_270_CASE_INITIATION_MILESTONE_20230808,20230808,CASE_INITIATION_TO_MILESTONE,1.0.0-cox-production-baseline,2493aa920caf664a,-1.277755,0.278662,act_key_RFCTLARR_2013 (+0.2005),current_stage_GENERAL_NOTICE (-0.4558); derived_days_in_current_stage (-0.3491); derived_notice_count (-0.2903); derived_project_type_Irrigation / Canal (-0.2019); district_Yavatmal (-0.1811),1,5,HIGH_UNCERTAINTY_SPARSE_EVENTS,PARTIAL — CALIBRATION NOT RELIABLE DUE TO EVENT SPARSITY,HIGH UNCERTAINTY: Estimates derived from sparse administrative milestone occurrences.
CAS_CLEAN_267,SNP_CAS_CLEAN_267_CASE_INITIATION_MILESTONE_20230814,20230814,CASE_INITIATION_TO_MILESTONE,1.0.0-cox-production-baseline,2493aa920caf664a,-1.522206,0.21823,act_key_RFCTLARR_2013 (+0.2005),current_stage_GENERAL_NOTICE (-0.4558); derived_project_type_Rural Infrastructure (-0.4464); derived_days_in_current_stage (-0.3491); derived_notice_count (-0.2903); district_Yavatmal (-0.1811),1,5,HIGH_UNCERTAINTY_SPARSE_EVENTS,PARTIAL — CALIBRATION NOT RELIABLE DUE TO EVENT SPARSITY,HIGH UNCERTAINTY: Estimates derived from sparse administrative milestone occurrences.
CAS_CLEAN_268,SNP_CAS_CLEAN_268_CASE_INITIATION_MILESTONE_20231111,20231111,CASE_INITIATION_TO_MILESTONE,1.0.0-cox-production-baseline,2493aa920caf664a,-1.645041,0.193005,act_key_RFCTLARR_2013 (+0.2005),derived_days_in_current_stage (-0.4719); current_stage_GENERAL_NOTICE (-0.4558); derived_project_type_Rural Infrastructure (-0.4464); derived_notice_count (-0.2903); district_Yavatmal (-0.1811),1,5,HIGH_UNCERTAINTY_SPARSE_EVENTS,PARTIAL — CALIBRATION NOT RELIABLE DUE TO EVENT SPARSITY,HIGH UNCERTAINTY: Estimates derived from sparse administrative milestone occurrences.
CAS_CLEAN_269,SNP_CAS_CLEAN_269_CASE_INITIATION_MILESTONE_20231111,20231111,CASE_INITIATION_TO_MILESTONE,1.0.0-cox-production-baseline,2493aa920caf664a,-1.645041,0.193005,act_key_RFCTLARR_2013 (+0.2005),derived_days_in_current_stage (-0.4719); current_stage_GENERAL_NOTICE (-0.4558); derived_project_type_Rural Infrastructure (-0.4464); derived_notice_count (-0.2903); district_Yavatmal (-0.1811),1,5,HIGH_UNCERTAINTY_SPARSE_EVENTS,PARTIAL — CALIBRATION NOT RELIABLE DUE TO EVENT SPARSITY,HIGH UNCERTAINTY: Estimates derived from sparse administrative milestone occurrences.
CAS_CLEAN_270,SNP_CAS_CLEAN_270_CASE_INITIATION_MILESTONE_20231111,20231111,CASE_INITIATION_TO_MILESTONE,1.0.0-cox-production-baseline,2493aa920caf664a,-1.40059,0.246452,act_key_RFCTLARR_2013 (+0.2005),derived_days_in_current_stage (-0.4719); current_stage_GENERAL_NOTICE (-0.4558); derived_notice_count (-0.2903); derived_project_type_Irrigation / Canal (-0.2019); district_Yavatmal (-0.1811),1,5,HIGH_UNCERTAINTY_SPARSE_EVENTS,PARTIAL — CALIBRATION NOT RELIABLE DUE TO EVENT SPARSITY,HIGH UNCERTAINTY: Estimates derived from sparse administrative milestone occurrences.
CAS_CLEAN_267,SNP_CAS_CLEAN_267_CASE_INITIATION_MILESTONE_20231117,20231117,CASE_INITIATION_TO_MILESTONE,1.0.0-cox-production-baseline,2493aa920caf664a,-1.645041,0.193005,act_key_RFCTLARR_2013 (+0.2005),derived_days_in_current_stage (-0.4719); current_stage_GENERAL_NOTICE (-0.4558); derived_project_type_Rural Infrastructure (-0.4464); derived_notice_count (-0.2903); district_Yavatmal (-0.1811),1,5,HIGH_UNCERTAINTY_SPARSE_EVENTS,PARTIAL — CALIBRATION NOT RELIABLE DUE TO EVENT SPARSITY,HIGH UNCERTAINTY: Estimates derived from sparse administrative milestone occurrences.
CAS_CLEAN_087,SNP_CAS_CLEAN_087_CASE_INITIATION_MILESTONE_20240131,20240131,CASE_INITIATION_TO_MILESTONE,1.0.0-cox-production-baseline,2493aa920caf664a,-0.991979,0.370842,act_key_RFCTLARR_2013 (+0.2005),current_stage_GENERAL_NOTICE (-0.4558); derived_project_type_Rural Infrastructure (-0.4464); derived_notice_count (-0.2903),1,3,HIGH_UNCERTAINTY_SPARSE_EVENTS,PARTIAL — CALIBRATION NOT RELIABLE DUE TO EVENT SPARSITY,HIGH UNCERTAINTY: Estimates derived from sparse administrative milestone occurrences.
CAS_CLEAN_002,SNP_CAS_CLEAN_002_CASE_INITIATION_MILESTONE_20240222,20240222,CASE_INITIATION_TO_MILESTONE,1.0.0-cox-production-baseline,2493aa920caf664a,-0.796935,0.450708,act_key_RFCTLARR_2013 (+0.2005),derived_project_type_Rural Infrastructure (-0.4464); derived_notice_count (-0.2903); derived_is_direct_purchase (-0.2608),1,3,HIGH_UNCERTAINTY_SPARSE_EVENTS,PARTIAL — CALIBRATION NOT RELIABLE DUE TO EVENT SPARSITY,HIGH UNCERTAINTY: Estimates derived from sparse administrative milestone occurrences.
CAS_CLEAN_029,SNP_CAS_CLEAN_029_CASE_INITIATION_MILESTONE_20240227,20240227,CASE_INITIATION_TO_MILESTONE,1.0.0-cox-production-baseline,2493aa920caf664a,0.439935,1.552606,current_stage_SECTION_11 (+0.9761); act_key_RFCTLARR_2013 (+0.2005),derived_project_type_Rural Infrastructure (-0.4464); derived_notice_count (-0.2903),2,2,HIGH_UNCERTAINTY_SPARSE_EVENTS,PARTIAL — CALIBRATION NOT RELIABLE DUE TO EVENT SPARSITY,HIGH UNCERTAINTY: Estimates derived from sparse administrative milestone occurrences.
CAS_CLEAN_021,SNP_CAS_CLEAN_021_CASE_INITIATION_MILESTONE_20240305,20240305,CASE_INITIATION_TO_MILESTONE,1.0.0-cox-production-baseline,2493aa920caf664a,-0.991979,0.370842,act_key_RFCTLARR_2013 (+0.2005),current_stage_GENERAL_NOTICE (-0.4558); derived_project_type_Rural Infrastructure (-0.4464); derived_notice_count (-0.2903),1,3,HIGH_UNCERTAINTY_SPARSE_EVENTS,PARTIAL — CALIBRATION NOT RELIABLE DUE TO EVENT SPARSITY,HIGH UNCERTAINTY: Estimates derived from sparse administrative milestone occurrences.
CAS_CLEAN_164,SNP_CAS_CLEAN_164_CASE_INITIATION_MILESTONE_20240313,20240313,CASE_INITIATION_TO_MILESTONE,1.0.0-cox-production-baseline,2493aa920caf664a,-0.991979,0.370842,act_key_RFCTLARR_2013 (+0.2005),current_stage_GENERAL_NOTICE (-0.4558); derived_project_type_Rural Infrastructure (-0.4464); derived_notice_count (-0.2903),1,3,HIGH_UNCERTAINTY_SPARSE_EVENTS,PARTIAL — CALIBRATION NOT RELIABLE DUE TO EVENT SPARSITY,HIGH UNCERTAINTY: Estimates derived from sparse administrative milestone occurrences.
CAS_CLEAN_165,SNP_CAS_CLEAN_165_CASE_INITIATION_MILESTONE_20240313,20240313,CASE_INITIATION_TO_MILESTONE,1.0.0-cox-production-baseline,2493aa920caf664a,-0.991979,0.370842,act_key_RFCTLARR_2013 (+0.2005),current_stage_GENERAL_NOTICE (-0.4558); derived_project_type_Rural Infrastructure (-0.4464); derived_notice_count (-0.2903),1,3,HIGH_UNCERTAINTY_SPARSE_EVENTS,PARTIAL — CALIBRATION NOT RELIABLE DUE TO EVENT SPARSITY,HIGH UNCERTAINTY: Estimates derived from sparse administrative milestone occurrences.
CAS_CLEAN_039,SNP_CAS_CLEAN_039_CASE_INITIATION_MILESTONE_20240314,20240314,CASE_INITIATION_TO_MILESTONE,1.0.0-cox-production-baseline,2493aa920caf664a,0.439935,1.552606,current_stage_SECTION_11 (+0.9761); act_key_RFCTLARR_2013 (+0.2005),derived_project_type_Rural Infrastructure (-0.4464); derived_notice_count (-0.2903),2,2,HIGH_UNCERTAINTY_SPARSE_EVENTS,PARTIAL — CALIBRATION NOT RELIABLE DUE TO EVENT SPARSITY,HIGH UNCERTAINTY: Estimates derived from sparse administrative milestone occurrences.
CAS_CLEAN_041,SNP_CAS_CLEAN_041_CASE_INITIATION_MILESTONE_20240314,20240314,CASE_INITIATION_TO_MILESTONE,1.0.0-cox-production-baseline,2493aa920caf664a,0.439935,1.552606,current_stage_SECTION_11 (+0.9761); act_key_RFCTLARR_2013 (+0.2005),derived_project_type_Rural Infrastructure (-0.4464); derived_notice_count (-0.2903),2,2,HIGH_UNCERTAINTY_SPARSE_EVENTS,PARTIAL — CALIBRATION NOT RELIABLE DUE TO EVENT SPARSITY,HIGH UNCERTAINTY: Estimates derived from sparse administrative milestone occurrences.
CAS_CLEAN_136,SNP_CAS_CLEAN_136_CASE_INITIATION_MILESTONE_20240314,20240314,CASE_INITIATION_TO_MILESTONE,1.0.0-cox-production-baseline,2493aa920caf664a,0.439935,1.552606,current_stage_SECTION_11 (+0.9761); act_key_RFCTLARR_2013 (+0.2005),derived_project_type_Rural Infrastructure (-0.4464); derived_notice_count (-0.2903),2,2,HIGH_UNCERTAINTY_SPARSE_EVENTS,PARTIAL — CALIBRATION NOT RELIABLE DUE TO EVENT SPARSITY,HIGH UNCERTAINTY: Estimates derived from sparse administrative milestone occurrences.
CAS_CLEAN_087,SNP_CAS_CLEAN_087_CASE_INITIATION_MILESTONE_20240430,20240430,CASE_INITIATION_TO_MILESTONE,1.0.0-cox-production-baseline,2493aa920caf664a,-1.108349,0.330104,act_key_RFCTLARR_2013 (+0.2005),current_stage_GENERAL_NOTICE (-0.4558); derived_project_type_Rural Infrastructure (-0.4464); derived_notice_count (-0.2903); derived_days_in_current_stage (-0.1164),1,4,HIGH_UNCERTAINTY_SPARSE_EVENTS,PARTIAL — CALIBRATION NOT RELIABLE DUE TO EVENT SPARSITY,HIGH UNCERTAINTY: Estimates derived from sparse administrative milestone occurrences.
CAS_CLEAN_002,SNP_CAS_CLEAN_002_CASE_INITIATION_MILESTONE_20240522,20240522,CASE_INITIATION_TO_MILESTONE,1.0.0-cox-production-baseline,2493aa920caf664a,-0.913305,0.401196,act_key_RFCTLARR_2013 (+0.2005),derived_project_type_Rural Infrastructure (-0.4464); derived_notice_count (-0.2903); derived_is_direct_purchase (-0.2608); derived_days_in_current_stage (-0.1164),1,4,HIGH_UNCERTAINTY_SPARSE_EVENTS,PARTIAL — CALIBRATION NOT RELIABLE DUE TO EVENT SPARSITY,HIGH UNCERTAINTY: Estimates derived from sparse administrative milestone occurrences.
CAS_CLEAN_029,SNP_CAS_CLEAN_029_CASE_INITIATION_MILESTONE_20240527,20240527,CASE_INITIATION_TO_MILESTONE,1.0.0-cox-production-baseline,2493aa920caf664a,0.323565,1.382046,current_stage_SECTION_11 (+0.9761); act_key_RFCTLARR_2013 (+0.2005),derived_project_type_Rural Infrastructure (-0.4464); derived_notice_count (-0.2903); derived_days_in_current_stage (-0.1164),2,3,HIGH_UNCERTAINTY_SPARSE_EVENTS,PARTIAL — CALIBRATION NOT RELIABLE DUE TO EVENT SPARSITY,HIGH UNCERTAINTY: Estimates derived from sparse administrative milestone occurrences.
CAS_CLEAN_021,SNP_CAS_CLEAN_021_CASE_INITIATION_MILESTONE_20240603,20240603,CASE_INITIATION_TO_MILESTONE,1.0.0-cox-production-baseline,2493aa920caf664a,-1.108349,0.330104,act_key_RFCTLARR_2013 (+0.2005),current_stage_GENERAL_NOTICE (-0.4558); derived_project_type_Rural Infrastructure (-0.4464); derived_notice_count (-0.2903); derived_days_in_current_stage (-0.1164),1,4,HIGH_UNCERTAINTY_SPARSE_EVENTS,PARTIAL — CALIBRATION NOT RELIABLE DUE TO EVENT SPARSITY,HIGH UNCERTAINTY: Estimates derived from sparse administrative milestone occurrences.
CAS_CLEAN_164,SNP_CAS_CLEAN_164_CASE_INITIATION_MILESTONE_20240611,20240611,CASE_INITIATION_TO_MILESTONE,1.0.0-cox-production-baseline,2493aa920caf664a,-1.108349,0.330104,act_key_RFCTLARR_2013 (+0.2005),current_stage_GENERAL_NOTICE (-0.4558); derived_project_type_Rural Infrastructure (-0.4464); derived_notice_count (-0.2903); derived_days_in_current_stage (-0.1164),1,4,HIGH_UNCERTAINTY_SPARSE_EVENTS,PARTIAL — CALIBRATION NOT RELIABLE DUE TO EVENT SPARSITY,HIGH UNCERTAINTY: Estimates derived from sparse administrative milestone occurrences.
CAS_CLEAN_165,SNP_CAS_CLEAN_165_CASE_INITIATION_MILESTONE_20240611,20240611,CASE_INITIATION_TO_MILESTONE,1.0.0-cox-production-baseline,2493aa920caf664a,-1.108349,0.330104,act_key_RFCTLARR_2013 (+0.2005),current_stage_GENERAL_NOTICE (-0.4558); derived_project_type_Rural Infrastructure (-0.4464); derived_notice_count (-0.2903); derived_days_in_current_stage (-0.1164),1,4,HIGH_UNCERTAINTY_SPARSE_EVENTS,PARTIAL — CALIBRATION NOT RELIABLE DUE TO EVENT SPARSITY,HIGH UNCERTAINTY: Estimates derived from sparse administrative milestone occurrences.
CAS_CLEAN_039,SNP_CAS_CLEAN_039_CASE_INITIATION_MILESTONE_20240612,20240612,CASE_INITIATION_TO_MILESTONE,1.0.0-cox-production-baseline,2493aa920caf664a,0.323565,1.382046,current_stage_SECTION_11 (+0.9761); act_key_RFCTLARR_2013 (+0.2005),derived_project_type_Rural Infrastructure (-0.4464); derived_notice_count (-0.2903); derived_days_in_current_stage (-0.1164),2,3,HIGH_UNCERTAINTY_SPARSE_EVENTS,PARTIAL — CALIBRATION NOT RELIABLE DUE TO EVENT SPARSITY,HIGH UNCERTAINTY: Estimates derived from sparse administrative milestone occurrences.
CAS_CLEAN_041,SNP_CAS_CLEAN_041_CASE_INITIATION_MILESTONE_20240612,20240612,CASE_INITIATION_TO_MILESTONE,1.0.0-cox-production-baseline,2493aa920caf664a,0.323565,1.382046,current_stage_SECTION_11 (+0.9761); act_key_RFCTLARR_2013 (+0.2005),derived_project_type_Rural Infrastructure (-0.4464); derived_notice_count (-0.2903); derived_days_in_current_stage (-0.1164),2,3,HIGH_UNCERTAINTY_SPARSE_EVENTS,PARTIAL — CALIBRATION NOT RELIABLE DUE TO EVENT SPARSITY,HIGH UNCERTAINTY: Estimates derived from sparse administrative milestone occurrences.
CAS_CLEAN_136,SNP_CAS_CLEAN_136_CASE_INITIATION_MILESTONE_20240612,20240612,CASE_INITIATION_TO_MILESTONE,1.0.0-cox-production-baseline,2493aa920caf664a,0.323565,1.382046,current_stage_SECTION_11 (+0.9761); act_key_RFCTLARR_2013 (+0.2005),derived_project_type_Rural Infrastructure (-0.4464); derived_notice_count (-0.2903); derived_days_in_current_stage (-0.1164),2,3,HIGH_UNCERTAINTY_SPARSE_EVENTS,PARTIAL — CALIBRATION NOT RELIABLE DUE TO EVENT SPARSITY,HIGH UNCERTAINTY: Estimates derived from sparse administrative milestone occurrences.
CAS_CLEAN_126,SNP_CAS_CLEAN_126_CASE_INITIATION_MILESTONE_20240625,20240625,CASE_INITIATION_TO_MILESTONE,1.0.0-cox-production-baseline,2493aa920caf664a,-0.796935,0.450708,act_key_RFCTLARR_2013 (+0.2005),derived_project_type_Rural Infrastructure (-0.4464); derived_notice_count (-0.2903); derived_is_direct_purchase (-0.2608),1,3,HIGH_UNCERTAINTY_SPARSE_EVENTS,PARTIAL — CALIBRATION NOT RELIABLE DUE TO EVENT SPARSITY,HIGH UNCERTAINTY: Estimates derived from sparse administrative milestone occurrences.
CAS_CLEAN_127,SNP_CAS_CLEAN_127_CASE_INITIATION_MILESTONE_20240625,20240625,CASE_INITIATION_TO_MILESTONE,1.0.0-cox-production-baseline,2493aa920caf664a,-0.796935,0.450708,act_key_RFCTLARR_2013 (+0.2005),derived_project_type_Rural Infrastructure (-0.4464); derived_notice_count (-0.2903); derived_is_direct_purchase (-0.2608),1,3,HIGH_UNCERTAINTY_SPARSE_EVENTS,PARTIAL — CALIBRATION NOT RELIABLE DUE TO EVENT SPARSITY,HIGH UNCERTAINTY: Estimates derived from sparse administrative milestone occurrences.
CAS_CLEAN_020,SNP_CAS_CLEAN_020_CASE_INITIATION_MILESTONE_20240710,20240710,CASE_INITIATION_TO_MILESTONE,1.0.0-cox-production-baseline,2493aa920caf664a,-0.991979,0.370842,act_key_RFCTLARR_2013 (+0.2005),current_stage_GENERAL_NOTICE (-0.4558); derived_project_type_Rural Infrastructure (-0.4464); derived_notice_count (-0.2903),1,3,HIGH_UNCERTAINTY_SPARSE_EVENTS,PARTIAL — CALIBRATION NOT RELIABLE DUE TO EVENT SPARSITY,HIGH UNCERTAINTY: Estimates derived from sparse administrative milestone occurrences.
CAS_CLEAN_032,SNP_CAS_CLEAN_032_CASE_INITIATION_MILESTONE_20240729,20240729,CASE_INITIATION_TO_MILESTONE,1.0.0-cox-production-baseline,2493aa920caf664a,-0.991979,0.370842,act_key_RFCTLARR_2013 (+0.2005),current_stage_GENERAL_NOTICE (-0.4558); derived_project_type_Rural Infrastructure (-0.4464); derived_notice_count (-0.2903),1,3,HIGH_UNCERTAINTY_SPARSE_EVENTS,PARTIAL — CALIBRATION NOT RELIABLE DUE TO EVENT SPARSITY,HIGH UNCERTAINTY: Estimates derived from sparse administrative milestone occurrences.
CAS_CLEAN_087,SNP_CAS_CLEAN_087_CASE_INITIATION_MILESTONE_20240729,20240729,CASE_INITIATION_TO_MILESTONE,1.0.0-cox-production-baseline,2493aa920caf664a,-1.224719,0.29384,act_key_RFCTLARR_2013 (+0.2005),current_stage_GENERAL_NOTICE (-0.4558); derived_project_type_Rural Infrastructure (-0.4464); derived_notice_count (-0.2903); derived_days_in_current_stage (-0.2327),1,4,HIGH_UNCERTAINTY_SPARSE_EVENTS,PARTIAL — CALIBRATION NOT RELIABLE DUE TO EVENT SPARSITY,HIGH UNCERTAINTY: Estimates derived from sparse administrative milestone occurrences.
CAS_CLEAN_094,SNP_CAS_CLEAN_094_CASE_INITIATION_MILESTONE_20240806,20240806,CASE_INITIATION_TO_MILESTONE,1.0.0-cox-production-baseline,2493aa920caf664a,-0.991979,0.370842,act_key_RFCTLARR_2013 (+0.2005),current_stage_GENERAL_NOTICE (-0.4558); derived_project_type_Rural Infrastructure (-0.4464); derived_notice_count (-0.2903),1,3,HIGH_UNCERTAINTY_SPARSE_EVENTS,PARTIAL — CALIBRATION NOT RELIABLE DUE TO EVENT SPARSITY,HIGH UNCERTAINTY: Estimates derived from sparse administrative milestone occurrences.
CAS_CLEAN_140,SNP_CAS_CLEAN_140_CASE_INITIATION_MILESTONE_20240808,20240808,CASE_INITIATION_TO_MILESTONE,1.0.0-cox-production-baseline,2493aa920caf664a,0.439935,1.552606,current_stage_SECTION_11 (+0.9761); act_key_RFCTLARR_2013 (+0.2005),derived_project_type_Rural Infrastructure (-0.4464); derived_notice_count (-0.2903),2,2,HIGH_UNCERTAINTY_SPARSE_EVENTS,PARTIAL — CALIBRATION NOT RELIABLE DUE TO EVENT SPARSITY,HIGH UNCERTAINTY: Estimates derived from sparse administrative milestone occurrences.
CAS_CLEAN_061,SNP_CAS_CLEAN_061_CASE_INITIATION_MILESTONE_20240814,20240814,CASE_INITIATION_TO_MILESTONE,1.0.0-cox-production-baseline,2493aa920caf664a,-0.796935,0.450708,act_key_RFCTLARR_2013 (+0.2005),derived_project_type_Rural Infrastructure (-0.4464); derived_notice_count (-0.2903); derived_is_direct_purchase (-0.2608),1,3,HIGH_UNCERTAINTY_SPARSE_EVENTS,PARTIAL — CALIBRATION NOT RELIABLE DUE TO EVENT SPARSITY,HIGH UNCERTAINTY: Estimates derived from sparse administrative milestone occurrences.
CAS_CLEAN_002,SNP_CAS_CLEAN_002_CASE_INITIATION_MILESTONE_20240820,20240820,CASE_INITIATION_TO_MILESTONE,1.0.0-cox-production-baseline,2493aa920caf664a,-1.029675,0.357123,act_key_RFCTLARR_2013 (+0.2005),derived_project_type_Rural Infrastructure (-0.4464); derived_notice_count (-0.2903); derived_is_direct_purchase (-0.2608); derived_days_in_current_stage (-0.2327),1,4,HIGH_UNCERTAINTY_SPARSE_EVENTS,PARTIAL — CALIBRATION NOT RELIABLE DUE TO EVENT SPARSITY,HIGH UNCERTAINTY: Estimates derived from sparse administrative milestone occurrences.
CAS_CLEAN_099,SNP_CAS_CLEAN_099_CASE_INITIATION_MILESTONE_20240822,20240822,CASE_INITIATION_TO_MILESTONE,1.0.0-cox-production-baseline,2493aa920caf664a,-0.991979,0.370842,act_key_RFCTLARR_2013 (+0.2005),current_stage_GENERAL_NOTICE (-0.4558); derived_project_type_Rural Infrastructure (-0.4464); derived_notice_count (-0.2903),1,3,HIGH_UNCERTAINTY_SPARSE_EVENTS,PARTIAL — CALIBRATION NOT RELIABLE DUE TO EVENT SPARSITY,HIGH UNCERTAINTY: Estimates derived from sparse administrative milestone occurrences.
CAS_CLEAN_128,SNP_CAS_CLEAN_128_CASE_INITIATION_MILESTONE_20240822,20240822,CASE_INITIATION_TO_MILESTONE,1.0.0-cox-production-baseline,2493aa920caf664a,-0.796935,0.450708,act_key_RFCTLARR_2013 (+0.2005),derived_project_type_Rural Infrastructure (-0.4464); derived_notice_count (-0.2903); derived_is_direct_purchase (-0.2608),1,3,HIGH_UNCERTAINTY_SPARSE_EVENTS,PARTIAL — CALIBRATION NOT RELIABLE DUE TO EVENT SPARSITY,HIGH UNCERTAINTY: Estimates derived from sparse administrative milestone occurrences.
CAS_CLEAN_029,SNP_CAS_CLEAN_029_CASE_INITIATION_MILESTONE_20240825,20240825,CASE_INITIATION_TO_MILESTONE,1.0.0-cox-production-baseline,2493aa920caf664a,0.207195,1.230222,current_stage_SECTION_11 (+0.9761); act_key_RFCTLARR_2013 (+0.2005),derived_project_type_Rural Infrastructure (-0.4464); derived_notice_count (-0.2903); derived_days_in_current_stage (-0.2327),2,3,HIGH_UNCERTAINTY_SPARSE_EVENTS,PARTIAL — CALIBRATION NOT RELIABLE DUE TO EVENT SPARSITY,HIGH UNCERTAINTY: Estimates derived from sparse administrative milestone occurrences.
CAS_CLEAN_021,SNP_CAS_CLEAN_021_CASE_INITIATION_MILESTONE_20240901,20240901,CASE_INITIATION_TO_MILESTONE,1.0.0-cox-production-baseline,2493aa920caf664a,-1.224719,0.29384,act_key_RFCTLARR_2013 (+0.2005),current_stage_GENERAL_NOTICE (-0.4558); derived_project_type_Rural Infrastructure (-0.4464); derived_notice_count (-0.2903); derived_days_in_current_stage (-0.2327),1,4,HIGH_UNCERTAINTY_SPARSE_EVENTS,PARTIAL — CALIBRATION NOT RELIABLE DUE TO EVENT SPARSITY,HIGH UNCERTAINTY: Estimates derived from sparse administrative milestone occurrences.
CAS_CLEAN_164,SNP_CAS_CLEAN_164_CASE_INITIATION_MILESTONE_20240909,20240909,CASE_INITIATION_TO_MILESTONE,1.0.0-cox-production-baseline,2493aa920caf664a,-1.224719,0.29384,act_key_RFCTLARR_2013 (+0.2005),current_stage_GENERAL_NOTICE (-0.4558); derived_project_type_Rural Infrastructure (-0.4464); derived_notice_count (-0.2903); derived_days_in_current_stage (-0.2327),1,4,HIGH_UNCERTAINTY_SPARSE_EVENTS,PARTIAL — CALIBRATION NOT RELIABLE DUE TO EVENT SPARSITY,HIGH UNCERTAINTY: Estimates derived from sparse administrative milestone occurrences.
CAS_CLEAN_165,SNP_CAS_CLEAN_165_CASE_INITIATION_MILESTONE_20240909,20240909,CASE_INITIATION_TO_MILESTONE,1.0.0-cox-production-baseline,2493aa920caf664a,-1.224719,0.29384,act_key_RFCTLARR_2013 (+0.2005),current_stage_GENERAL_NOTICE (-0.4558); derived_project_type_Rural Infrastructure (-0.4464); derived_notice_count (-0.2903); derived_days_in_current_stage (-0.2327),1,4,HIGH_UNCERTAINTY_SPARSE_EVENTS,PARTIAL — CALIBRATION NOT RELIABLE DUE TO EVENT SPARSITY,HIGH UNCERTAINTY: Estimates derived from sparse administrative milestone occurrences.
CAS_CLEAN_039,SNP_CAS_CLEAN_039_CASE_INITIATION_MILESTONE_20240910,20240910,CASE_INITIATION_TO_MILESTONE,1.0.0-cox-production-baseline,2493aa920caf664a,0.207195,1.230222,current_stage_SECTION_11 (+0.9761); act_key_RFCTLARR_2013 (+0.2005),derived_project_type_Rural Infrastructure (-0.4464); derived_notice_count (-0.2903); derived_days_in_current_stage (-0.2327),2,3,HIGH_UNCERTAINTY_SPARSE_EVENTS,PARTIAL — CALIBRATION NOT RELIABLE DUE TO EVENT SPARSITY,HIGH UNCERTAINTY: Estimates derived from sparse administrative milestone occurrences.
CAS_CLEAN_041,SNP_CAS_CLEAN_041_CASE_INITIATION_MILESTONE_20240910,20240910,CASE_INITIATION_TO_MILESTONE,1.0.0-cox-production-baseline,2493aa920caf664a,0.207195,1.230222,current_stage_SECTION_11 (+0.9761); act_key_RFCTLARR_2013 (+0.2005),derived_project_type_Rural Infrastructure (-0.4464); derived_notice_count (-0.2903); derived_days_in_current_stage (-0.2327),2,3,HIGH_UNCERTAINTY_SPARSE_EVENTS,PARTIAL — CALIBRATION NOT RELIABLE DUE TO EVENT SPARSITY,HIGH UNCERTAINTY: Estimates derived from sparse administrative milestone occurrences.
CAS_CLEAN_136,SNP_CAS_CLEAN_136_CASE_INITIATION_MILESTONE_20240910,20240910,CASE_INITIATION_TO_MILESTONE,1.0.0-cox-production-baseline,2493aa920caf664a,0.207195,1.230222,current_stage_SECTION_11 (+0.9761); act_key_RFCTLARR_2013 (+0.2005),derived_project_type_Rural Infrastructure (-0.4464); derived_notice_count (-0.2903); derived_days_in_current_stage (-0.2327),2,3,HIGH_UNCERTAINTY_SPARSE_EVENTS,PARTIAL — CALIBRATION NOT RELIABLE DUE TO EVENT SPARSITY,HIGH UNCERTAINTY: Estimates derived from sparse administrative milestone occurrences.
CAS_CLEAN_126,SNP_CAS_CLEAN_126_CASE_INITIATION_MILESTONE_20240923,20240923,CASE_INITIATION_TO_MILESTONE,1.0.0-cox-production-baseline,2493aa920caf664a,-0.913305,0.401196,act_key_RFCTLARR_2013 (+0.2005),derived_project_type_Rural Infrastructure (-0.4464); derived_notice_count (-0.2903); derived_is_direct_purchase (-0.2608); derived_days_in_current_stage (-0.1164),1,4,HIGH_UNCERTAINTY_SPARSE_EVENTS,PARTIAL — CALIBRATION NOT RELIABLE DUE TO EVENT SPARSITY,HIGH UNCERTAINTY: Estimates derived from sparse administrative milestone occurrences.
CAS_CLEAN_127,SNP_CAS_CLEAN_127_CASE_INITIATION_MILESTONE_20240923,20240923,CASE_INITIATION_TO_MILESTONE,1.0.0-cox-production-baseline,2493aa920caf664a,-0.913305,0.401196,act_key_RFCTLARR_2013 (+0.2005),derived_project_type_Rural Infrastructure (-0.4464); derived_notice_count (-0.2903); derived_is_direct_purchase (-0.2608); derived_days_in_current_stage (-0.1164),1,4,HIGH_UNCERTAINTY_SPARSE_EVENTS,PARTIAL — CALIBRATION NOT RELIABLE DUE TO EVENT SPARSITY,HIGH UNCERTAINTY: Estimates derived from sparse administrative milestone occurrences.
CAS_CLEAN_096,SNP_CAS_CLEAN_096_CASE_INITIATION_MILESTONE_20241001,20241001,CASE_INITIATION_TO_MILESTONE,1.0.0-cox-production-baseline,2493aa920caf664a,-0.799041,0.44976,act_key_RFCTLARR_2013 (+0.2005),derived_project_type_Rural Infrastructure (-0.4464); derived_notice_count (-0.2903); current_stage_SECTION_21 (-0.2629),1,3,HIGH_UNCERTAINTY_SPARSE_EVENTS,PARTIAL — CALIBRATION NOT RELIABLE DUE TO EVENT SPARSITY,HIGH UNCERTAINTY: Estimates derived from sparse administrative milestone occurrences.
CAS_CLEAN_020,SNP_CAS_CLEAN_020_CASE_INITIATION_MILESTONE_20241008,20241008,CASE_INITIATION_TO_MILESTONE,1.0.0-cox-production-baseline,2493aa920caf664a,-1.108349,0.330104,act_key_RFCTLARR_2013 (+0.2005),current_stage_GENERAL_NOTICE (-0.4558); derived_project_type_Rural Infrastructure (-0.4464); derived_notice_count (-0.2903); derived_days_in_current_stage (-0.1164),1,4,HIGH_UNCERTAINTY_SPARSE_EVENTS,PARTIAL — CALIBRATION NOT RELIABLE DUE TO EVENT SPARSITY,HIGH UNCERTAINTY: Estimates derived from sparse administrative milestone occurrences.
CAS_CLEAN_071,SNP_CAS_CLEAN_071_CASE_INITIATION_MILESTONE_20241011,20241011,CASE_INITIATION_TO_MILESTONE,1.0.0-cox-production-baseline,2493aa920caf664a,1.015077,2.759576,extension_count (+0.6305); current_stage_INITIATION (+0.6305); act_key_RFCTLARR_2013 (+0.2005),derived_project_type_Rural Infrastructure (-0.4464),3,1,HIGH_UNCERTAINTY_SPARSE_EVENTS,PARTIAL — CALIBRATION NOT RELIABLE DUE TO EVENT SPARSITY,HIGH UNCERTAINTY: Estimates derived from sparse administrative milestone occurrences.
CAS_CLEAN_032,SNP_CAS_CLEAN_032_CASE_INITIATION_MILESTONE_20241027,20241027,CASE_INITIATION_TO_MILESTONE,1.0.0-cox-production-baseline,2493aa920caf664a,-1.108349,0.330104,act_key_RFCTLARR_2013 (+0.2005),current_stage_GENERAL_NOTICE (-0.4558); derived_project_type_Rural Infrastructure (-0.4464); derived_notice_count (-0.2903); derived_days_in_current_stage (-0.1164),1,4,HIGH_UNCERTAINTY_SPARSE_EVENTS,PARTIAL — CALIBRATION NOT RELIABLE DUE TO EVENT SPARSITY,HIGH UNCERTAINTY: Estimates derived from sparse administrative milestone occurrences.
CAS_CLEAN_087,SNP_CAS_CLEAN_087_CASE_INITIATION_MILESTONE_20241027,20241027,CASE_INITIATION_TO_MILESTONE,1.0.0-cox-production-baseline,2493aa920caf664a,-1.341089,0.261561,act_key_RFCTLARR_2013 (+0.2005),current_stage_GENERAL_NOTICE (-0.4558); derived_project_type_Rural Infrastructure (-0.4464); derived_days_in_current_stage (-0.3491); derived_notice_count (-0.2903),1,4,HIGH_UNCERTAINTY_SPARSE_EVENTS,PARTIAL — CALIBRATION NOT RELIABLE DUE TO EVENT SPARSITY,HIGH UNCERTAINTY: Estimates derived from sparse administrative milestone occurrences.
CAS_CLEAN_094,SNP_CAS_CLEAN_094_CASE_INITIATION_MILESTONE_20241104,20241104,CASE_INITIATION_TO_MILESTONE,1.0.0-cox-production-baseline,2493aa920caf664a,-1.108349,0.330104,act_key_RFCTLARR_2013 (+0.2005),current_stage_GENERAL_NOTICE (-0.4558); derived_project_type_Rural Infrastructure (-0.4464); derived_notice_count (-0.2903); derived_days_in_current_stage (-0.1164),1,4,HIGH_UNCERTAINTY_SPARSE_EVENTS,PARTIAL — CALIBRATION NOT RELIABLE DUE TO EVENT SPARSITY,HIGH UNCERTAINTY: Estimates derived from sparse administrative milestone occurrences.
CAS_CLEAN_140,SNP_CAS_CLEAN_140_CASE_INITIATION_MILESTONE_20241106,20241106,CASE_INITIATION_TO_MILESTONE,1.0.0-cox-production-baseline,2493aa920caf664a,0.323565,1.382046,current_stage_SECTION_11 (+0.9761); act_key_RFCTLARR_2013 (+0.2005),derived_project_type_Rural Infrastructure (-0.4464); derived_notice_count (-0.2903); derived_days_in_current_stage (-0.1164),2,3,HIGH_UNCERTAINTY_SPARSE_EVENTS,PARTIAL — CALIBRATION NOT RELIABLE DUE TO EVENT SPARSITY,HIGH UNCERTAINTY: Estimates derived from sparse administrative milestone occurrences.
CAS_CLEAN_268,SNP_CAS_CLEAN_268_CASE_INITIATION_MILESTONE_20241110,20241110,CASE_INITIATION_TO_MILESTONE,1.0.0-cox-production-baseline,2493aa920caf664a,-2.116986,0.120394,act_key_RFCTLARR_2013 (+0.2005),derived_days_in_current_stage (-0.9439); current_stage_GENERAL_NOTICE (-0.4558); derived_project_type_Rural Infrastructure (-0.4464); derived_notice_count (-0.2903); district_Yavatmal (-0.1811),1,5,HIGH_UNCERTAINTY_SPARSE_EVENTS,PARTIAL — CALIBRATION NOT RELIABLE DUE TO EVENT SPARSITY,HIGH UNCERTAINTY: Estimates derived from sparse administrative milestone occurrences.
CAS_CLEAN_269,SNP_CAS_CLEAN_269_CASE_INITIATION_MILESTONE_20241110,20241110,CASE_INITIATION_TO_MILESTONE,1.0.0-cox-production-baseline,2493aa920caf664a,-2.116986,0.120394,act_key_RFCTLARR_2013 (+0.2005),derived_days_in_current_stage (-0.9439); current_stage_GENERAL_NOTICE (-0.4558); derived_project_type_Rural Infrastructure (-0.4464); derived_notice_count (-0.2903); district_Yavatmal (-0.1811),1,5,HIGH_UNCERTAINTY_SPARSE_EVENTS,PARTIAL — CALIBRATION NOT RELIABLE DUE TO EVENT SPARSITY,HIGH UNCERTAINTY: Estimates derived from sparse administrative milestone occurrences.
CAS_CLEAN_270,SNP_CAS_CLEAN_270_CASE_INITIATION_MILESTONE_20241110,20241110,CASE_INITIATION_TO_MILESTONE,1.0.0-cox-production-baseline,2493aa920caf664a,-1.872535,0.153733,act_key_RFCTLARR_2013 (+0.2005),derived_days_in_current_stage (-0.9439); current_stage_GENERAL_NOTICE (-0.4558); derived_notice_count (-0.2903); derived_project_type_Irrigation / Canal (-0.2019); district_Yavatmal (-0.1811),1,5,HIGH_UNCERTAINTY_SPARSE_EVENTS,PARTIAL — CALIBRATION NOT RELIABLE DUE TO EVENT SPARSITY,HIGH UNCERTAINTY: Estimates derived from sparse administrative milestone occurrences.
CAS_CLEAN_061,SNP_CAS_CLEAN_061_CASE_INITIATION_MILESTONE_20241112,20241112,CASE_INITIATION_TO_MILESTONE,1.0.0-cox-production-baseline,2493aa920caf664a,-0.913305,0.401196,act_key_RFCTLARR_2013 (+0.2005),derived_project_type_Rural Infrastructure (-0.4464); derived_notice_count (-0.2903); derived_is_direct_purchase (-0.2608); derived_days_in_current_stage (-0.1164),1,4,HIGH_UNCERTAINTY_SPARSE_EVENTS,PARTIAL — CALIBRATION NOT RELIABLE DUE TO EVENT SPARSITY,HIGH UNCERTAINTY: Estimates derived from sparse administrative milestone occurrences.
CAS_CLEAN_267,SNP_CAS_CLEAN_267_CASE_INITIATION_MILESTONE_20241116,20241116,CASE_INITIATION_TO_MILESTONE,1.0.0-cox-production-baseline,2493aa920caf664a,-2.116986,0.120394,act_key_RFCTLARR_2013 (+0.2005),derived_days_in_current_stage (-0.9439); current_stage_GENERAL_NOTICE (-0.4558); derived_project_type_Rural Infrastructure (-0.4464); derived_notice_count (-0.2903); district_Yavatmal (-0.1811),1,5,HIGH_UNCERTAINTY_SPARSE_EVENTS,PARTIAL — CALIBRATION NOT RELIABLE DUE TO EVENT SPARSITY,HIGH UNCERTAINTY: Estimates derived from sparse administrative milestone occurrences.
CAS_CLEAN_002,SNP_CAS_CLEAN_002_CASE_INITIATION_MILESTONE_20241118,20241118,CASE_INITIATION_TO_MILESTONE,1.0.0-cox-production-baseline,2493aa920caf664a,-1.146045,0.317892,act_key_RFCTLARR_2013 (+0.2005),derived_project_type_Rural Infrastructure (-0.4464); derived_days_in_current_stage (-0.3491); derived_notice_count (-0.2903); derived_is_direct_purchase (-0.2608),1,4,HIGH_UNCERTAINTY_SPARSE_EVENTS,PARTIAL — CALIBRATION NOT RELIABLE DUE TO EVENT SPARSITY,HIGH UNCERTAINTY: Estimates derived from sparse administrative milestone occurrences.
CAS_CLEAN_099,SNP_CAS_CLEAN_099_CASE_INITIATION_MILESTONE_20241120,20241120,CASE_INITIATION_TO_MILESTONE,1.0.0-cox-production-baseline,2493aa920caf664a,-1.108349,0.330104,act_key_RFCTLARR_2013 (+0.2005),current_stage_GENERAL_NOTICE (-0.4558); derived_project_type_Rural Infrastructure (-0.4464); derived_notice_count (-0.2903); derived_days_in_current_stage (-0.1164),1,4,HIGH_UNCERTAINTY_SPARSE_EVENTS,PARTIAL — CALIBRATION NOT RELIABLE DUE TO EVENT SPARSITY,HIGH UNCERTAINTY: Estimates derived from sparse administrative milestone occurrences.
CAS_CLEAN_128,SNP_CAS_CLEAN_128_CASE_INITIATION_MILESTONE_20241120,20241120,CASE_INITIATION_TO_MILESTONE,1.0.0-cox-production-baseline,2493aa920caf664a,-0.913305,0.401196,act_key_RFCTLARR_2013 (+0.2005),derived_project_type_Rural Infrastructure (-0.4464); derived_notice_count (-0.2903); derived_is_direct_purchase (-0.2608); derived_days_in_current_stage (-0.1164),1,4,HIGH_UNCERTAINTY_SPARSE_EVENTS,PARTIAL — CALIBRATION NOT RELIABLE DUE TO EVENT SPARSITY,HIGH UNCERTAINTY: Estimates derived from sparse administrative milestone occurrences.
CAS_CLEAN_029,SNP_CAS_CLEAN_029_CASE_INITIATION_MILESTONE_20241123,20241123,CASE_INITIATION_TO_MILESTONE,1.0.0-cox-production-baseline,2493aa920caf664a,0.090825,1.095077,current_stage_SECTION_11 (+0.9761); act_key_RFCTLARR_2013 (+0.2005),derived_project_type_Rural Infrastructure (-0.4464); derived_days_in_current_stage (-0.3491); derived_notice_count (-0.2903),2,3,HIGH_UNCERTAINTY_SPARSE_EVENTS,PARTIAL — CALIBRATION NOT RELIABLE DUE TO EVENT SPARSITY,HIGH UNCERTAINTY: Estimates derived from sparse administrative milestone occurrences.
CAS_CLEAN_021,SNP_CAS_CLEAN_021_CASE_INITIATION_MILESTONE_20241130,20241130,CASE_INITIATION_TO_MILESTONE,1.0.0-cox-production-baseline,2493aa920caf664a,-1.341089,0.261561,act_key_RFCTLARR_2013 (+0.2005),current_stage_GENERAL_NOTICE (-0.4558); derived_project_type_Rural Infrastructure (-0.4464); derived_days_in_current_stage (-0.3491); derived_notice_count (-0.2903),1,4,HIGH_UNCERTAINTY_SPARSE_EVENTS,PARTIAL — CALIBRATION NOT RELIABLE DUE TO EVENT SPARSITY,HIGH UNCERTAINTY: Estimates derived from sparse administrative milestone occurrences.
CAS_CLEAN_148,SNP_CAS_CLEAN_148_CASE_INITIATION_MILESTONE_20241202,20241202,CASE_INITIATION_TO_MILESTONE,1.0.0-cox-production-baseline,2493aa920caf664a,-0.991979,0.370842,act_key_RFCTLARR_2013 (+0.2005),current_stage_GENERAL_NOTICE (-0.4558); derived_project_type_Rural Infrastructure (-0.4464); derived_notice_count (-0.2903),1,3,HIGH_UNCERTAINTY_SPARSE_EVENTS,PARTIAL — CALIBRATION NOT RELIABLE DUE TO EVENT SPARSITY,HIGH UNCERTAINTY: Estimates derived from sparse administrative milestone occurrences.
CAS_CLEAN_164,SNP_CAS_CLEAN_164_CASE_INITIATION_MILESTONE_20241208,20241208,CASE_INITIATION_TO_MILESTONE,1.0.0-cox-production-baseline,2493aa920caf664a,-1.341089,0.261561,act_key_RFCTLARR_2013 (+0.2005),current_stage_GENERAL_NOTICE (-0.4558); derived_project_type_Rural Infrastructure (-0.4464); derived_days_in_current_stage (-0.3491); derived_notice_count (-0.2903),1,4,HIGH_UNCERTAINTY_SPARSE_EVENTS,PARTIAL — CALIBRATION NOT RELIABLE DUE TO EVENT SPARSITY,HIGH UNCERTAINTY: Estimates derived from sparse administrative milestone occurrences.
CAS_CLEAN_165,SNP_CAS_CLEAN_165_CASE_INITIATION_MILESTONE_20241208,20241208,CASE_INITIATION_TO_MILESTONE,1.0.0-cox-production-baseline,2493aa920caf664a,-1.341089,0.261561,act_key_RFCTLARR_2013 (+0.2005),current_stage_GENERAL_NOTICE (-0.4558); derived_project_type_Rural Infrastructure (-0.4464); derived_days_in_current_stage (-0.3491); derived_notice_count (-0.2903),1,4,HIGH_UNCERTAINTY_SPARSE_EVENTS,PARTIAL — CALIBRATION NOT RELIABLE DUE TO EVENT SPARSITY,HIGH UNCERTAINTY: Estimates derived from sparse administrative milestone occurrences.
CAS_CLEAN_039,SNP_CAS_CLEAN_039_CASE_INITIATION_MILESTONE_20241209,20241209,CASE_INITIATION_TO_MILESTONE,1.0.0-cox-production-baseline,2493aa920caf664a,0.090825,1.095077,current_stage_SECTION_11 (+0.9761); act_key_RFCTLARR_2013 (+0.2005),derived_project_type_Rural Infrastructure (-0.4464); derived_days_in_current_stage (-0.3491); derived_notice_count (-0.2903),2,3,HIGH_UNCERTAINTY_SPARSE_EVENTS,PARTIAL — CALIBRATION NOT RELIABLE DUE TO EVENT SPARSITY,HIGH UNCERTAINTY: Estimates derived from sparse administrative milestone occurrences.
CAS_CLEAN_041,SNP_CAS_CLEAN_041_CASE_INITIATION_MILESTONE_20241209,20241209,CASE_INITIATION_TO_MILESTONE,1.0.0-cox-production-baseline,2493aa920caf664a,0.090825,1.095077,current_stage_SECTION_11 (+0.9761); act_key_RFCTLARR_2013 (+0.2005),derived_project_type_Rural Infrastructure (-0.4464); derived_days_in_current_stage (-0.3491); derived_notice_count (-0.2903),2,3,HIGH_UNCERTAINTY_SPARSE_EVENTS,PARTIAL — CALIBRATION NOT RELIABLE DUE TO EVENT SPARSITY,HIGH UNCERTAINTY: Estimates derived from sparse administrative milestone occurrences.
CAS_CLEAN_136,SNP_CAS_CLEAN_136_CASE_INITIATION_MILESTONE_20241209,20241209,CASE_INITIATION_TO_MILESTONE,1.0.0-cox-production-baseline,2493aa920caf664a,0.090825,1.095077,current_stage_SECTION_11 (+0.9761); act_key_RFCTLARR_2013 (+0.2005),derived_project_type_Rural Infrastructure (-0.4464); derived_days_in_current_stage (-0.3491); derived_notice_count (-0.2903),2,3,HIGH_UNCERTAINTY_SPARSE_EVENTS,PARTIAL — CALIBRATION NOT RELIABLE DUE TO EVENT SPARSITY,HIGH UNCERTAINTY: Estimates derived from sparse administrative milestone occurrences.
CAS_CLEAN_005,SNP_CAS_CLEAN_005_CASE_INITIATION_MILESTONE_20241210,20241210,CASE_INITIATION_TO_MILESTONE,1.0.0-cox-production-baseline,2493aa920caf664a,-0.796935,0.450708,act_key_RFCTLARR_2013 (+0.2005),derived_project_type_Rural Infrastructure (-0.4464); derived_notice_count (-0.2903); derived_is_direct_purchase (-0.2608),1,3,HIGH_UNCERTAINTY_SPARSE_EVENTS,PARTIAL — CALIBRATION NOT RELIABLE DUE TO EVENT SPARSITY,HIGH UNCERTAINTY: Estimates derived from sparse administrative milestone occurrences.
CAS_CLEAN_079,SNP_CAS_CLEAN_079_CASE_INITIATION_MILESTONE_20241210,20241210,CASE_INITIATION_TO_MILESTONE,1.0.0-cox-production-baseline,2493aa920caf664a,-0.796935,0.450708,act_key_RFCTLARR_2013 (+0.2005),derived_project_type_Rural Infrastructure (-0.4464); derived_notice_count (-0.2903); derived_is_direct_purchase (-0.2608),1,3,HIGH_UNCERTAINTY_SPARSE_EVENTS,PARTIAL — CALIBRATION NOT RELIABLE DUE TO EVENT SPARSITY,HIGH UNCERTAINTY: Estimates derived from sparse administrative milestone occurrences.
CAS_CLEAN_145,SNP_CAS_CLEAN_145_CASE_INITIATION_MILESTONE_20241210,20241210,CASE_INITIATION_TO_MILESTONE,1.0.0-cox-production-baseline,2493aa920caf664a,-0.796935,0.450708,act_key_RFCTLARR_2013 (+0.2005),derived_project_type_Rural Infrastructure (-0.4464); derived_notice_count (-0.2903); derived_is_direct_purchase (-0.2608),1,3,HIGH_UNCERTAINTY_SPARSE_EVENTS,PARTIAL — CALIBRATION NOT RELIABLE DUE TO EVENT SPARSITY,HIGH UNCERTAINTY: Estimates derived from sparse administrative milestone occurrences.
CAS_CLEAN_091,SNP_CAS_CLEAN_091_CASE_INITIATION_MILESTONE_20241212,20241212,CASE_INITIATION_TO_MILESTONE,1.0.0-cox-production-baseline,2493aa920caf664a,-0.991979,0.370842,act_key_RFCTLARR_2013 (+0.2005),current_stage_GENERAL_NOTICE (-0.4558); derived_project_type_Rural Infrastructure (-0.4464); derived_notice_count (-0.2903),1,3,HIGH_UNCERTAINTY_SPARSE_EVENTS,PARTIAL — CALIBRATION NOT RELIABLE DUE TO EVENT SPARSITY,HIGH UNCERTAINTY: Estimates derived from sparse administrative milestone occurrences.
CAS_CLEAN_126,SNP_CAS_CLEAN_126_CASE_INITIATION_MILESTONE_20241222,20241222,CASE_INITIATION_TO_MILESTONE,1.0.0-cox-production-baseline,2493aa920caf664a,-1.029675,0.357123,act_key_RFCTLARR_2013 (+0.2005),derived_project_type_Rural Infrastructure (-0.4464); derived_notice_count (-0.2903); derived_is_direct_purchase (-0.2608); derived_days_in_current_stage (-0.2327),1,4,HIGH_UNCERTAINTY_SPARSE_EVENTS,PARTIAL — CALIBRATION NOT RELIABLE DUE TO EVENT SPARSITY,HIGH UNCERTAINTY: Estimates derived from sparse administrative milestone occurrences.
CAS_CLEAN_127,SNP_CAS_CLEAN_127_CASE_INITIATION_MILESTONE_20241222,20241222,CASE_INITIATION_TO_MILESTONE,1.0.0-cox-production-baseline,2493aa920caf664a,-1.029675,0.357123,act_key_RFCTLARR_2013 (+0.2005),derived_project_type_Rural Infrastructure (-0.4464); derived_notice_count (-0.2903); derived_is_direct_purchase (-0.2608); derived_days_in_current_stage (-0.2327),1,4,HIGH_UNCERTAINTY_SPARSE_EVENTS,PARTIAL — CALIBRATION NOT RELIABLE DUE TO EVENT SPARSITY,HIGH UNCERTAINTY: Estimates derived from sparse administrative milestone occurrences.
CAS_CLEAN_228,SNP_CAS_CLEAN_228_CASE_INITIATION_MILESTONE_20241223,20241223,CASE_INITIATION_TO_MILESTONE,1.0.0-cox-production-baseline,2493aa920caf664a,-1.259725,0.283732,act_key_RFCTLARR_2013 (+0.2005),current_stage_GENERAL_NOTICE (-0.4558); derived_project_type_Rural Infrastructure (-0.4464); derived_notice_count (-0.2903); district_Pune (-0.2677),1,4,HIGH_UNCERTAINTY_SPARSE_EVENTS,PARTIAL — CALIBRATION NOT RELIABLE DUE TO EVENT SPARSITY,HIGH UNCERTAINTY: Estimates derived from sparse administrative milestone occurrences.
CAS_CLEAN_229,SNP_CAS_CLEAN_229_CASE_INITIATION_MILESTONE_20241223,20241223,CASE_INITIATION_TO_MILESTONE,1.0.0-cox-production-baseline,2493aa920caf664a,-1.259725,0.283732,act_key_RFCTLARR_2013 (+0.2005),current_stage_GENERAL_NOTICE (-0.4558); derived_project_type_Rural Infrastructure (-0.4464); derived_notice_count (-0.2903); district_Pune (-0.2677),1,4,HIGH_UNCERTAINTY_SPARSE_EVENTS,PARTIAL — CALIBRATION NOT RELIABLE DUE TO EVENT SPARSITY,HIGH UNCERTAINTY: Estimates derived from sparse administrative milestone occurrences.
CAS_CLEAN_230,SNP_CAS_CLEAN_230_CASE_INITIATION_MILESTONE_20241223,20241223,CASE_INITIATION_TO_MILESTONE,1.0.0-cox-production-baseline,2493aa920caf664a,-1.259725,0.283732,act_key_RFCTLARR_2013 (+0.2005),current_stage_GENERAL_NOTICE (-0.4558); derived_project_type_Rural Infrastructure (-0.4464); derived_notice_count (-0.2903); district_Pune (-0.2677),1,4,HIGH_UNCERTAINTY_SPARSE_EVENTS,PARTIAL — CALIBRATION NOT RELIABLE DUE TO EVENT SPARSITY,HIGH UNCERTAINTY: Estimates derived from sparse administrative milestone occurrences.
CAS_CLEAN_231,SNP_CAS_CLEAN_231_CASE_INITIATION_MILESTONE_20241223,20241223,CASE_INITIATION_TO_MILESTONE,1.0.0-cox-production-baseline,2493aa920caf664a,-1.259725,0.283732,act_key_RFCTLARR_2013 (+0.2005),current_stage_GENERAL_NOTICE (-0.4558); derived_project_type_Rural Infrastructure (-0.4464); derived_notice_count (-0.2903); district_Pune (-0.2677),1,4,HIGH_UNCERTAINTY_SPARSE_EVENTS,PARTIAL — CALIBRATION NOT RELIABLE DUE TO EVENT SPARSITY,HIGH UNCERTAINTY: Estimates derived from sparse administrative milestone occurrences.
CAS_CLEAN_232,SNP_CAS_CLEAN_232_CASE_INITIATION_MILESTONE_20241223,20241223,CASE_INITIATION_TO_MILESTONE,1.0.0-cox-production-baseline,2493aa920caf664a,-1.259725,0.283732,act_key_RFCTLARR_2013 (+0.2005),current_stage_GENERAL_NOTICE (-0.4558); derived_project_type_Rural Infrastructure (-0.4464); derived_notice_count (-0.2903); district_Pune (-0.2677),1,4,HIGH_UNCERTAINTY_SPARSE_EVENTS,PARTIAL — CALIBRATION NOT RELIABLE DUE TO EVENT SPARSITY,HIGH UNCERTAINTY: Estimates derived from sparse administrative milestone occurrences.
CAS_CLEAN_242,SNP_CAS_CLEAN_242_CASE_INITIATION_MILESTONE_20241223,20241223,CASE_INITIATION_TO_MILESTONE,1.0.0-cox-production-baseline,2493aa920caf664a,-1.259725,0.283732,act_key_RFCTLARR_2013 (+0.2005),current_stage_GENERAL_NOTICE (-0.4558); derived_project_type_Rural Infrastructure (-0.4464); derived_notice_count (-0.2903); district_Pune (-0.2677),1,4,HIGH_UNCERTAINTY_SPARSE_EVENTS,PARTIAL — CALIBRATION NOT RELIABLE DUE TO EVENT SPARSITY,HIGH UNCERTAINTY: Estimates derived from sparse administrative milestone occurrences.
CAS_CLEAN_001,SNP_CAS_CLEAN_001_CASE_INITIATION_MILESTONE_20241227,20241227,CASE_INITIATION_TO_MILESTONE,1.0.0-cox-production-baseline,2493aa920caf664a,-0.796935,0.450708,act_key_RFCTLARR_2013 (+0.2005),derived_project_type_Rural Infrastructure (-0.4464); derived_notice_count (-0.2903); derived_is_direct_purchase (-0.2608),1,3,HIGH_UNCERTAINTY_SPARSE_EVENTS,PARTIAL — CALIBRATION NOT RELIABLE DUE TO EVENT SPARSITY,HIGH UNCERTAINTY: Estimates derived from sparse administrative milestone occurrences.
CAS_CLEAN_227,SNP_CAS_CLEAN_227_CASE_INITIATION_MILESTONE_20241227,20241227,CASE_INITIATION_TO_MILESTONE,1.0.0-cox-production-baseline,2493aa920caf664a,-1.259725,0.283732,act_key_RFCTLARR_2013 (+0.2005),current_stage_GENERAL_NOTICE (-0.4558); derived_project_type_Rural Infrastructure (-0.4464); derived_notice_count (-0.2903); district_Pune (-0.2677),1,4,HIGH_UNCERTAINTY_SPARSE_EVENTS,PARTIAL — CALIBRATION NOT RELIABLE DUE TO EVENT SPARSITY,HIGH UNCERTAINTY: Estimates derived from sparse administrative milestone occurrences.
CAS_CLEAN_240,SNP_CAS_CLEAN_240_CASE_INITIATION_MILESTONE_20241227,20241227,CASE_INITIATION_TO_MILESTONE,1.0.0-cox-production-baseline,2493aa920caf664a,-1.259725,0.283732,act_key_RFCTLARR_2013 (+0.2005),current_stage_GENERAL_NOTICE (-0.4558); derived_project_type_Rural Infrastructure (-0.4464); derived_notice_count (-0.2903); district_Pune (-0.2677),1,4,HIGH_UNCERTAINTY_SPARSE_EVENTS,PARTIAL — CALIBRATION NOT RELIABLE DUE TO EVENT SPARSITY,HIGH UNCERTAINTY: Estimates derived from sparse administrative milestone occurrences.
CAS_CLEAN_096,SNP_CAS_CLEAN_096_CASE_INITIATION_MILESTONE_20241230,20241230,CASE_INITIATION_TO_MILESTONE,1.0.0-cox-production-baseline,2493aa920caf664a,-0.915411,0.400352,act_key_RFCTLARR_2013 (+0.2005),derived_project_type_Rural Infrastructure (-0.4464); derived_notice_count (-0.2903); current_stage_SECTION_21 (-0.2629); derived_days_in_current_stage (-0.1164),1,4,HIGH_UNCERTAINTY_SPARSE_EVENTS,PARTIAL — CALIBRATION NOT RELIABLE DUE TO EVENT SPARSITY,HIGH UNCERTAINTY: Estimates derived from sparse administrative milestone occurrences.
CAS_CLEAN_095,SNP_CAS_CLEAN_095_CASE_INITIATION_MILESTONE_20250101,20250101,CASE_INITIATION_TO_MILESTONE,1.0.0-cox-production-baseline,2493aa920caf664a,-0.991979,0.370842,act_key_RFCTLARR_2013 (+0.2005),current_stage_GENERAL_NOTICE (-0.4558); derived_project_type_Rural Infrastructure (-0.4464); derived_notice_count (-0.2903),1,3,HIGH_UNCERTAINTY_SPARSE_EVENTS,PARTIAL — CALIBRATION NOT RELIABLE DUE TO EVENT SPARSITY,HIGH UNCERTAINTY: Estimates derived from sparse administrative milestone occurrences.
CAS_CLEAN_214,SNP_CAS_CLEAN_214_CASE_INITIATION_MILESTONE_20250101,20250101,CASE_INITIATION_TO_MILESTONE,1.0.0-cox-production-baseline,2493aa920caf664a,-1.259725,0.283732,act_key_RFCTLARR_2013 (+0.2005),current_stage_GENERAL_NOTICE (-0.4558); derived_project_type_Rural Infrastructure (-0.4464); derived_notice_count (-0.2903); district_Pune (-0.2677),1,4,HIGH_UNCERTAINTY_SPARSE_EVENTS,PARTIAL — CALIBRATION NOT RELIABLE DUE TO EVENT SPARSITY,HIGH UNCERTAINTY: Estimates derived from sparse administrative milestone occurrences.
CAS_CLEAN_223,SNP_CAS_CLEAN_223_CASE_INITIATION_MILESTONE_20250101,20250101,CASE_INITIATION_TO_MILESTONE,1.0.0-cox-production-baseline,2493aa920caf664a,-1.259725,0.283732,act_key_RFCTLARR_2013 (+0.2005),current_stage_GENERAL_NOTICE (-0.4558); derived_project_type_Rural Infrastructure (-0.4464); derived_notice_count (-0.2903); district_Pune (-0.2677),1,4,HIGH_UNCERTAINTY_SPARSE_EVENTS,PARTIAL — CALIBRATION NOT RELIABLE DUE TO EVENT SPARSITY,HIGH UNCERTAINTY: Estimates derived from sparse administrative milestone occurrences.
CAS_CLEAN_224,SNP_CAS_CLEAN_224_CASE_INITIATION_MILESTONE_20250101,20250101,CASE_INITIATION_TO_MILESTONE,1.0.0-cox-production-baseline,2493aa920caf664a,-1.259725,0.283732,act_key_RFCTLARR_2013 (+0.2005),current_stage_GENERAL_NOTICE (-0.4558); derived_project_type_Rural Infrastructure (-0.4464); derived_notice_count (-0.2903); district_Pune (-0.2677),1,4,HIGH_UNCERTAINTY_SPARSE_EVENTS,PARTIAL — CALIBRATION NOT RELIABLE DUE TO EVENT SPARSITY,HIGH UNCERTAINTY: Estimates derived from sparse administrative milestone occurrences.
CAS_CLEAN_225,SNP_CAS_CLEAN_225_CASE_INITIATION_MILESTONE_20250101,20250101,CASE_INITIATION_TO_MILESTONE,1.0.0-cox-production-baseline,2493aa920caf664a,-1.259725,0.283732,act_key_RFCTLARR_2013 (+0.2005),current_stage_GENERAL_NOTICE (-0.4558); derived_project_type_Rural Infrastructure (-0.4464); derived_notice_count (-0.2903); district_Pune (-0.2677),1,4,HIGH_UNCERTAINTY_SPARSE_EVENTS,PARTIAL — CALIBRATION NOT RELIABLE DUE TO EVENT SPARSITY,HIGH UNCERTAINTY: Estimates derived from sparse administrative milestone occurrences.
CAS_CLEAN_185,SNP_CAS_CLEAN_185_CASE_INITIATION_MILESTONE_20250103,20250103,CASE_INITIATION_TO_MILESTONE,1.0.0-cox-production-baseline,2493aa920caf664a,-1.259725,0.283732,act_key_RFCTLARR_2013 (+0.2005),current_stage_GENERAL_NOTICE (-0.4558); derived_project_type_Rural Infrastructure (-0.4464); derived_notice_count (-0.2903); district_Pune (-0.2677),1,4,HIGH_UNCERTAINTY_SPARSE_EVENTS,PARTIAL — CALIBRATION NOT RELIABLE DUE TO EVENT SPARSITY,HIGH UNCERTAINTY: Estimates derived from sparse administrative milestone occurrences.
CAS_CLEAN_020,SNP_CAS_CLEAN_020_CASE_INITIATION_MILESTONE_20250106,20250106,CASE_INITIATION_TO_MILESTONE,1.0.0-cox-production-baseline,2493aa920caf664a,-1.224719,0.29384,act_key_RFCTLARR_2013 (+0.2005),current_stage_GENERAL_NOTICE (-0.4558); derived_project_type_Rural Infrastructure (-0.4464); derived_notice_count (-0.2903); derived_days_in_current_stage (-0.2327),1,4,HIGH_UNCERTAINTY_SPARSE_EVENTS,PARTIAL — CALIBRATION NOT RELIABLE DUE TO EVENT SPARSITY,HIGH UNCERTAINTY: Estimates derived from sparse administrative milestone occurrences.
CAS_CLEAN_071,SNP_CAS_CLEAN_071_CASE_INITIATION_MILESTONE_20250109,20250109,CASE_INITIATION_TO_MILESTONE,1.0.0-cox-production-baseline,2493aa920caf664a,1.015077,2.759576,extension_count (+0.6305); current_stage_INITIATION (+0.6305); act_key_RFCTLARR_2013 (+0.2005),derived_project_type_Rural Infrastructure (-0.4464),3,1,HIGH_UNCERTAINTY_SPARSE_EVENTS,PARTIAL — CALIBRATION NOT RELIABLE DUE TO EVENT SPARSITY,HIGH UNCERTAINTY: Estimates derived from sparse administrative milestone occurrences.
CAS_CLEAN_009,SNP_CAS_CLEAN_009_CASE_INITIATION_MILESTONE_20250114,20250114,CASE_INITIATION_TO_MILESTONE,1.0.0-cox-production-baseline,2493aa920caf664a,0.439935,1.552606,current_stage_SECTION_11 (+0.9761); act_key_RFCTLARR_2013 (+0.2005),derived_project_type_Rural Infrastructure (-0.4464); derived_notice_count (-0.2903),2,2,HIGH_UNCERTAINTY_SPARSE_EVENTS,PARTIAL — CALIBRATION NOT RELIABLE DUE TO EVENT SPARSITY,HIGH UNCERTAINTY: Estimates derived from sparse administrative milestone occurrences.
CAS_CLEAN_064,SNP_CAS_CLEAN_064_CASE_INITIATION_MILESTONE_20250114,20250114,CASE_INITIATION_TO_MILESTONE,1.0.0-cox-production-baseline,2493aa920caf664a,0.439935,1.552606,current_stage_SECTION_11 (+0.9761); act_key_RFCTLARR_2013 (+0.2005),derived_project_type_Rural Infrastructure (-0.4464); derived_notice_count (-0.2903),2,2,HIGH_UNCERTAINTY_SPARSE_EVENTS,PARTIAL — CALIBRATION NOT RELIABLE DUE TO EVENT SPARSITY,HIGH UNCERTAINTY: Estimates derived from sparse administrative milestone occurrences.
CAS_CLEAN_120,SNP_CAS_CLEAN_120_CASE_INITIATION_MILESTONE_20250114,20250114,CASE_INITIATION_TO_MILESTONE,1.0.0-cox-production-baseline,2493aa920caf664a,0.439935,1.552606,current_stage_SECTION_11 (+0.9761); act_key_RFCTLARR_2013 (+0.2005),derived_project_type_Rural Infrastructure (-0.4464); derived_notice_count (-0.2903),2,2,HIGH_UNCERTAINTY_SPARSE_EVENTS,PARTIAL — CALIBRATION NOT RELIABLE DUE TO EVENT SPARSITY,HIGH UNCERTAINTY: Estimates derived from sparse administrative milestone occurrences.
CAS_CLEAN_005,SNP_CAS_CLEAN_005_CASE_INITIATION_MILESTONE_20250115,20250115,CASE_INITIATION_TO_MILESTONE,1.0.0-cox-production-baseline,2493aa920caf664a,-1.087228,0.33715,act_key_RFCTLARR_2013 (+0.2005),derived_notice_count (-0.5806); derived_project_type_Rural Infrastructure (-0.4464); derived_is_direct_purchase (-0.2608),1,3,HIGH_UNCERTAINTY_SPARSE_EVENTS,PARTIAL — CALIBRATION NOT RELIABLE DUE TO EVENT SPARSITY,HIGH UNCERTAINTY: Estimates derived from sparse administrative milestone occurrences.
CAS_CLEAN_079,SNP_CAS_CLEAN_079_CASE_INITIATION_MILESTONE_20250115,20250115,CASE_INITIATION_TO_MILESTONE,1.0.0-cox-production-baseline,2493aa920caf664a,-1.087228,0.33715,act_key_RFCTLARR_2013 (+0.2005),derived_notice_count (-0.5806); derived_project_type_Rural Infrastructure (-0.4464); derived_is_direct_purchase (-0.2608),1,3,HIGH_UNCERTAINTY_SPARSE_EVENTS,PARTIAL — CALIBRATION NOT RELIABLE DUE TO EVENT SPARSITY,HIGH UNCERTAINTY: Estimates derived from sparse administrative milestone occurrences.
CAS_CLEAN_145,SNP_CAS_CLEAN_145_CASE_INITIATION_MILESTONE_20250115,20250115,CASE_INITIATION_TO_MILESTONE,1.0.0-cox-production-baseline,2493aa920caf664a,-1.087228,0.33715,act_key_RFCTLARR_2013 (+0.2005),derived_notice_count (-0.5806); derived_project_type_Rural Infrastructure (-0.4464); derived_is_direct_purchase (-0.2608),1,3,HIGH_UNCERTAINTY_SPARSE_EVENTS,PARTIAL — CALIBRATION NOT RELIABLE DUE TO EVENT SPARSITY,HIGH UNCERTAINTY: Estimates derived from sparse administrative milestone occurrences.
CAS_CLEAN_149,SNP_CAS_CLEAN_149_CASE_INITIATION_MILESTONE_20250115,20250115,CASE_INITIATION_TO_MILESTONE,1.0.0-cox-production-baseline,2493aa920caf664a,-0.796935,0.450708,act_key_RFCTLARR_2013 (+0.2005),derived_project_type_Rural Infrastructure (-0.4464); derived_notice_count (-0.2903); derived_is_direct_purchase (-0.2608),1,3,HIGH_UNCERTAINTY_SPARSE_EVENTS,PARTIAL — CALIBRATION NOT RELIABLE DUE TO EVENT SPARSITY,HIGH UNCERTAINTY: Estimates derived from sparse administrative milestone occurrences.
CAS_CLEAN_156,SNP_CAS_CLEAN_156_CASE_INITIATION_MILESTONE_20250115,20250115,CASE_INITIATION_TO_MILESTONE,1.0.0-cox-production-baseline,2493aa920caf664a,-0.796935,0.450708,act_key_RFCTLARR_2013 (+0.2005),derived_project_type_Rural Infrastructure (-0.4464); derived_notice_count (-0.2903); derived_is_direct_purchase (-0.2608),1,3,HIGH_UNCERTAINTY_SPARSE_EVENTS,PARTIAL — CALIBRATION NOT RELIABLE DUE TO EVENT SPARSITY,HIGH UNCERTAINTY: Estimates derived from sparse administrative milestone occurrences.
CAS_CLEAN_054,SNP_CAS_CLEAN_054_CASE_INITIATION_MILESTONE_20250122,20250122,CASE_INITIATION_TO_MILESTONE,1.0.0-cox-production-baseline,2493aa920caf664a,0.439935,1.552606,current_stage_SECTION_11 (+0.9761); act_key_RFCTLARR_2013 (+0.2005),derived_project_type_Rural Infrastructure (-0.4464); derived_notice_count (-0.2903),2,2,HIGH_UNCERTAINTY_SPARSE_EVENTS,PARTIAL — CALIBRATION NOT RELIABLE DUE TO EVENT SPARSITY,HIGH UNCERTAINTY: Estimates derived from sparse administrative milestone occurrences.
CAS_CLEAN_057,SNP_CAS_CLEAN_057_CASE_INITIATION_MILESTONE_20250123,20250123,CASE_INITIATION_TO_MILESTONE,1.0.0-cox-production-baseline,2493aa920caf664a,-0.796935,0.450708,act_key_RFCTLARR_2013 (+0.2005),derived_project_type_Rural Infrastructure (-0.4464); derived_notice_count (-0.2903); derived_is_direct_purchase (-0.2608),1,3,HIGH_UNCERTAINTY_SPARSE_EVENTS,PARTIAL — CALIBRATION NOT RELIABLE DUE TO EVENT SPARSITY,HIGH UNCERTAINTY: Estimates derived from sparse administrative milestone occurrences.
CAS_CLEAN_112,SNP_CAS_CLEAN_112_CASE_INITIATION_MILESTONE_20250123,20250123,CASE_INITIATION_TO_MILESTONE,1.0.0-cox-production-baseline,2493aa920caf664a,-0.796935,0.450708,act_key_RFCTLARR_2013 (+0.2005),derived_project_type_Rural Infrastructure (-0.4464); derived_notice_count (-0.2903); derived_is_direct_purchase (-0.2608),1,3,HIGH_UNCERTAINTY_SPARSE_EVENTS,PARTIAL — CALIBRATION NOT RELIABLE DUE TO EVENT SPARSITY,HIGH UNCERTAINTY: Estimates derived from sparse administrative milestone occurrences.
CAS_CLEAN_032,SNP_CAS_CLEAN_032_CASE_INITIATION_MILESTONE_20250125,20250125,CASE_INITIATION_TO_MILESTONE,1.0.0-cox-production-baseline,2493aa920caf664a,-1.224719,0.29384,act_key_RFCTLARR_2013 (+0.2005),current_stage_GENERAL_NOTICE (-0.4558); derived_project_type_Rural Infrastructure (-0.4464); derived_notice_count (-0.2903); derived_days_in_current_stage (-0.2327),1,4,HIGH_UNCERTAINTY_SPARSE_EVENTS,PARTIAL — CALIBRATION NOT RELIABLE DUE TO EVENT SPARSITY,HIGH UNCERTAINTY: Estimates derived from sparse administrative milestone occurrences.
CAS_CLEAN_222,SNP_CAS_CLEAN_222_CASE_INITIATION_MILESTONE_20250128,20250128,CASE_INITIATION_TO_MILESTONE,1.0.0-cox-production-baseline,2493aa920caf664a,-1.259725,0.283732,act_key_RFCTLARR_2013 (+0.2005),current_stage_GENERAL_NOTICE (-0.4558); derived_project_type_Rural Infrastructure (-0.4464); derived_notice_count (-0.2903); district_Pune (-0.2677),1,4,HIGH_UNCERTAINTY_SPARSE_EVENTS,PARTIAL — CALIBRATION NOT RELIABLE DUE TO EVENT SPARSITY,HIGH UNCERTAINTY: Estimates derived from sparse administrative milestone occurrences.
CAS_CLEAN_087,SNP_CAS_CLEAN_087_CASE_INITIATION_MILESTONE_20250130,20250130,CASE_INITIATION_TO_MILESTONE,1.0.0-cox-production-baseline,2493aa920caf664a,-1.463924,0.231327,act_key_RFCTLARR_2013 (+0.2005),derived_days_in_current_stage (-0.4719); current_stage_GENERAL_NOTICE (-0.4558); derived_project_type_Rural Infrastructure (-0.4464); derived_notice_count (-0.2903),1,4,HIGH_UNCERTAINTY_SPARSE_EVENTS,PARTIAL — CALIBRATION NOT RELIABLE DUE TO EVENT SPARSITY,HIGH UNCERTAINTY: Estimates derived from sparse administrative milestone occurrences.
CAS_CLEAN_094,SNP_CAS_CLEAN_094_CASE_INITIATION_MILESTONE_20250202,20250202,CASE_INITIATION_TO_MILESTONE,1.0.0-cox-production-baseline,2493aa920caf664a,-1.224719,0.29384,act_key_RFCTLARR_2013 (+0.2005),current_stage_GENERAL_NOTICE (-0.4558); derived_project_type_Rural Infrastructure (-0.4464); derived_notice_count (-0.2903); derived_days_in_current_stage (-0.2327),1,4,HIGH_UNCERTAINTY_SPARSE_EVENTS,PARTIAL — CALIBRATION NOT RELIABLE DUE TO EVENT SPARSITY,HIGH UNCERTAINTY: Estimates derived from sparse administrative milestone occurrences.
CAS_CLEAN_140,SNP_CAS_CLEAN_140_CASE_INITIATION_MILESTONE_20250204,20250204,CASE_INITIATION_TO_MILESTONE,1.0.0-cox-production-baseline,2493aa920caf664a,0.207195,1.230222,current_stage_SECTION_11 (+0.9761); act_key_RFCTLARR_2013 (+0.2005),derived_project_type_Rural Infrastructure (-0.4464); derived_notice_count (-0.2903); derived_days_in_current_stage (-0.2327),2,3,HIGH_UNCERTAINTY_SPARSE_EVENTS,PARTIAL — CALIBRATION NOT RELIABLE DUE TO EVENT SPARSITY,HIGH UNCERTAINTY: Estimates derived from sparse administrative milestone occurrences.
CAS_CLEAN_095,SNP_CAS_CLEAN_095_CASE_INITIATION_MILESTONE_20250207,20250207,CASE_INITIATION_TO_MILESTONE,1.0.0-cox-production-baseline,2493aa920caf664a,-1.089334,0.33644,act_key_RFCTLARR_2013 (+0.2005),derived_notice_count (-0.5806); derived_project_type_Rural Infrastructure (-0.4464); current_stage_SECTION_21 (-0.2629),1,3,HIGH_UNCERTAINTY_SPARSE_EVENTS,PARTIAL — CALIBRATION NOT RELIABLE DUE TO EVENT SPARSITY,HIGH UNCERTAINTY: Estimates derived from sparse administrative milestone occurrences.
CAS_CLEAN_061,SNP_CAS_CLEAN_061_CASE_INITIATION_MILESTONE_20250210,20250210,CASE_INITIATION_TO_MILESTONE,1.0.0-cox-production-baseline,2493aa920caf664a,-1.029675,0.357123,act_key_RFCTLARR_2013 (+0.2005),derived_project_type_Rural Infrastructure (-0.4464); derived_notice_count (-0.2903); derived_is_direct_purchase (-0.2608); derived_days_in_current_stage (-0.2327),1,4,HIGH_UNCERTAINTY_SPARSE_EVENTS,PARTIAL — CALIBRATION NOT RELIABLE DUE TO EVENT SPARSITY,HIGH UNCERTAINTY: Estimates derived from sparse administrative milestone occurrences.
CAS_CLEAN_216,SNP_CAS_CLEAN_216_CASE_INITIATION_MILESTONE_20250213,20250213,CASE_INITIATION_TO_MILESTONE,1.0.0-cox-production-baseline,2493aa920caf664a,-1.259725,0.283732,act_key_RFCTLARR_2013 (+0.2005),current_stage_GENERAL_NOTICE (-0.4558); derived_project_type_Rural Infrastructure (-0.4464); derived_notice_count (-0.2903); district_Pune (-0.2677),1,4,HIGH_UNCERTAINTY_SPARSE_EVENTS,PARTIAL — CALIBRATION NOT RELIABLE DUE TO EVENT SPARSITY,HIGH UNCERTAINTY: Estimates derived from sparse administrative milestone occurrences.
CAS_CLEAN_218,SNP_CAS_CLEAN_218_CASE_INITIATION_MILESTONE_20250213,20250213,CASE_INITIATION_TO_MILESTONE,1.0.0-cox-production-baseline,2493aa920caf664a,-1.259725,0.283732,act_key_RFCTLARR_2013 (+0.2005),current_stage_GENERAL_NOTICE (-0.4558); derived_project_type_Rural Infrastructure (-0.4464); derived_notice_count (-0.2903); district_Pune (-0.2677),1,4,HIGH_UNCERTAINTY_SPARSE_EVENTS,PARTIAL — CALIBRATION NOT RELIABLE DUE TO EVENT SPARSITY,HIGH UNCERTAINTY: Estimates derived from sparse administrative milestone occurrences.
CAS_CLEAN_219,SNP_CAS_CLEAN_219_CASE_INITIATION_MILESTONE_20250213,20250213,CASE_INITIATION_TO_MILESTONE,1.0.0-cox-production-baseline,2493aa920caf664a,-1.259725,0.283732,act_key_RFCTLARR_2013 (+0.2005),current_stage_GENERAL_NOTICE (-0.4558); derived_project_type_Rural Infrastructure (-0.4464); derived_notice_count (-0.2903); district_Pune (-0.2677),1,4,HIGH_UNCERTAINTY_SPARSE_EVENTS,PARTIAL — CALIBRATION NOT RELIABLE DUE TO EVENT SPARSITY,HIGH UNCERTAINTY: Estimates derived from sparse administrative milestone occurrences.
CAS_CLEAN_221,SNP_CAS_CLEAN_221_CASE_INITIATION_MILESTONE_20250213,20250213,CASE_INITIATION_TO_MILESTONE,1.0.0-cox-production-baseline,2493aa920caf664a,-1.259725,0.283732,act_key_RFCTLARR_2013 (+0.2005),current_stage_GENERAL_NOTICE (-0.4558); derived_project_type_Rural Infrastructure (-0.4464); derived_notice_count (-0.2903); district_Pune (-0.2677),1,4,HIGH_UNCERTAINTY_SPARSE_EVENTS,PARTIAL — CALIBRATION NOT RELIABLE DUE TO EVENT SPARSITY,HIGH UNCERTAINTY: Estimates derived from sparse administrative milestone occurrences.
CAS_CLEAN_016,SNP_CAS_CLEAN_016_CASE_INITIATION_MILESTONE_20250214,20250214,CASE_INITIATION_TO_MILESTONE,1.0.0-cox-production-baseline,2493aa920caf664a,-0.796935,0.450708,act_key_RFCTLARR_2013 (+0.2005),derived_project_type_Rural Infrastructure (-0.4464); derived_notice_count (-0.2903); derived_is_direct_purchase (-0.2608),1,3,HIGH_UNCERTAINTY_SPARSE_EVENTS,PARTIAL — CALIBRATION NOT RELIABLE DUE TO EVENT SPARSITY,HIGH UNCERTAINTY: Estimates derived from sparse administrative milestone occurrences.
CAS_CLEAN_070,SNP_CAS_CLEAN_070_CASE_INITIATION_MILESTONE_20250214,20250214,CASE_INITIATION_TO_MILESTONE,1.0.0-cox-production-baseline,2493aa920caf664a,1.461459,4.312247,extension_count (+0.6305); current_stage_INITIATION (+0.6305); act_key_RFCTLARR_2013 (+0.2005),,3,0,HIGH_UNCERTAINTY_SPARSE_EVENTS,PARTIAL — CALIBRATION NOT RELIABLE DUE TO EVENT SPARSITY,HIGH UNCERTAINTY: Estimates derived from sparse administrative milestone occurrences.
CAS_CLEAN_099,SNP_CAS_CLEAN_099_CASE_INITIATION_MILESTONE_20250218,20250218,CASE_INITIATION_TO_MILESTONE,1.0.0-cox-production-baseline,2493aa920caf664a,-1.224719,0.29384,act_key_RFCTLARR_2013 (+0.2005),current_stage_GENERAL_NOTICE (-0.4558); derived_project_type_Rural Infrastructure (-0.4464); derived_notice_count (-0.2903); derived_days_in_current_stage (-0.2327),1,4,HIGH_UNCERTAINTY_SPARSE_EVENTS,PARTIAL — CALIBRATION NOT RELIABLE DUE TO EVENT SPARSITY,HIGH UNCERTAINTY: Estimates derived from sparse administrative milestone occurrences.
CAS_CLEAN_128,SNP_CAS_CLEAN_128_CASE_INITIATION_MILESTONE_20250218,20250218,CASE_INITIATION_TO_MILESTONE,1.0.0-cox-production-baseline,2493aa920caf664a,-1.029675,0.357123,act_key_RFCTLARR_2013 (+0.2005),derived_project_type_Rural Infrastructure (-0.4464); derived_notice_count (-0.2903); derived_is_direct_purchase (-0.2608); derived_days_in_current_stage (-0.2327),1,4,HIGH_UNCERTAINTY_SPARSE_EVENTS,PARTIAL — CALIBRATION NOT RELIABLE DUE TO EVENT SPARSITY,HIGH UNCERTAINTY: Estimates derived from sparse administrative milestone occurrences.
CAS_CLEAN_234,SNP_CAS_CLEAN_234_CASE_INITIATION_MILESTONE_20250220,20250220,CASE_INITIATION_TO_MILESTONE,1.0.0-cox-production-baseline,2493aa920caf664a,-0.813343,0.443373,act_key_RFCTLARR_2013 (+0.2005),current_stage_GENERAL_NOTICE (-0.4558); derived_notice_count (-0.2903); district_Pune (-0.2677),1,3,HIGH_UNCERTAINTY_SPARSE_EVENTS,PARTIAL — CALIBRATION NOT RELIABLE DUE TO EVENT SPARSITY,HIGH UNCERTAINTY: Estimates derived from sparse administrative milestone occurrences.
CAS_CLEAN_002,SNP_CAS_CLEAN_002_CASE_INITIATION_MILESTONE_20250221,20250221,CASE_INITIATION_TO_MILESTONE,1.0.0-cox-production-baseline,2493aa920caf664a,-1.26888,0.281146,act_key_RFCTLARR_2013 (+0.2005),derived_days_in_current_stage (-0.4719); derived_project_type_Rural Infrastructure (-0.4464); derived_notice_count (-0.2903); derived_is_direct_purchase (-0.2608),1,4,HIGH_UNCERTAINTY_SPARSE_EVENTS,PARTIAL — CALIBRATION NOT RELIABLE DUE TO EVENT SPARSITY,HIGH UNCERTAINTY: Estimates derived from sparse administrative milestone occurrences.
CAS_CLEAN_100,SNP_CAS_CLEAN_100_CASE_INITIATION_MILESTONE_20250225,20250225,CASE_INITIATION_TO_MILESTONE,1.0.0-cox-production-baseline,2493aa920caf664a,-0.799041,0.44976,act_key_RFCTLARR_2013 (+0.2005),derived_project_type_Rural Infrastructure (-0.4464); derived_notice_count (-0.2903); current_stage_SECTION_21 (-0.2629),1,3,HIGH_UNCERTAINTY_SPARSE_EVENTS,PARTIAL — CALIBRATION NOT RELIABLE DUE TO EVENT SPARSITY,HIGH UNCERTAINTY: Estimates derived from sparse administrative milestone occurrences.
CAS_CLEAN_029,SNP_CAS_CLEAN_029_CASE_INITIATION_MILESTONE_20250226,20250226,CASE_INITIATION_TO_MILESTONE,1.0.0-cox-production-baseline,2493aa920caf664a,-0.03201,0.968497,current_stage_SECTION_11 (+0.9761); act_key_RFCTLARR_2013 (+0.2005),derived_days_in_current_stage (-0.4719); derived_project_type_Rural Infrastructure (-0.4464); derived_notice_count (-0.2903),2,3,HIGH_UNCERTAINTY_SPARSE_EVENTS,PARTIAL — CALIBRATION NOT RELIABLE DUE TO EVENT SPARSITY,HIGH UNCERTAINTY: Estimates derived from sparse administrative milestone occurrences.
CAS_CLEAN_203,SNP_CAS_CLEAN_203_CASE_INITIATION_MILESTONE_20250227,20250227,CASE_INITIATION_TO_MILESTONE,1.0.0-cox-production-baseline,2493aa920caf664a,-1.259725,0.283732,act_key_RFCTLARR_2013 (+0.2005),current_stage_GENERAL_NOTICE (-0.4558); derived_project_type_Rural Infrastructure (-0.4464); derived_notice_count (-0.2903); district_Pune (-0.2677),1,4,HIGH_UNCERTAINTY_SPARSE_EVENTS,PARTIAL — CALIBRATION NOT RELIABLE DUE TO EVENT SPARSITY,HIGH UNCERTAINTY: Estimates derived from sparse administrative milestone occurrences.
CAS_CLEAN_204,SNP_CAS_CLEAN_204_CASE_INITIATION_MILESTONE_20250227,20250227,CASE_INITIATION_TO_MILESTONE,1.0.0-cox-production-baseline,2493aa920caf664a,-1.259725,0.283732,act_key_RFCTLARR_2013 (+0.2005),current_stage_GENERAL_NOTICE (-0.4558); derived_project_type_Rural Infrastructure (-0.4464); derived_notice_count (-0.2903); district_Pune (-0.2677),1,4,HIGH_UNCERTAINTY_SPARSE_EVENTS,PARTIAL — CALIBRATION NOT RELIABLE DUE TO EVENT SPARSITY,HIGH UNCERTAINTY: Estimates derived from sparse administrative milestone occurrences.
CAS_CLEAN_205,SNP_CAS_CLEAN_205_CASE_INITIATION_MILESTONE_20250227,20250227,CASE_INITIATION_TO_MILESTONE,1.0.0-cox-production-baseline,2493aa920caf664a,-1.259725,0.283732,act_key_RFCTLARR_2013 (+0.2005),current_stage_GENERAL_NOTICE (-0.4558); derived_project_type_Rural Infrastructure (-0.4464); derived_notice_count (-0.2903); district_Pune (-0.2677),1,4,HIGH_UNCERTAINTY_SPARSE_EVENTS,PARTIAL — CALIBRATION NOT RELIABLE DUE TO EVENT SPARSITY,HIGH UNCERTAINTY: Estimates derived from sparse administrative milestone occurrences.
CAS_CLEAN_206,SNP_CAS_CLEAN_206_CASE_INITIATION_MILESTONE_20250227,20250227,CASE_INITIATION_TO_MILESTONE,1.0.0-cox-production-baseline,2493aa920caf664a,-1.259725,0.283732,act_key_RFCTLARR_2013 (+0.2005),current_stage_GENERAL_NOTICE (-0.4558); derived_project_type_Rural Infrastructure (-0.4464); derived_notice_count (-0.2903); district_Pune (-0.2677),1,4,HIGH_UNCERTAINTY_SPARSE_EVENTS,PARTIAL — CALIBRATION NOT RELIABLE DUE TO EVENT SPARSITY,HIGH UNCERTAINTY: Estimates derived from sparse administrative milestone occurrences.
CAS_CLEAN_211,SNP_CAS_CLEAN_211_CASE_INITIATION_MILESTONE_20250301,20250301,CASE_INITIATION_TO_MILESTONE,1.0.0-cox-production-baseline,2493aa920caf664a,-1.259725,0.283732,act_key_RFCTLARR_2013 (+0.2005),current_stage_GENERAL_NOTICE (-0.4558); derived_project_type_Rural Infrastructure (-0.4464); derived_notice_count (-0.2903); district_Pune (-0.2677),1,4,HIGH_UNCERTAINTY_SPARSE_EVENTS,PARTIAL — CALIBRATION NOT RELIABLE DUE TO EVENT SPARSITY,HIGH UNCERTAINTY: Estimates derived from sparse administrative milestone occurrences.
CAS_CLEAN_148,SNP_CAS_CLEAN_148_CASE_INITIATION_MILESTONE_20250302,20250302,CASE_INITIATION_TO_MILESTONE,1.0.0-cox-production-baseline,2493aa920caf664a,-1.108349,0.330104,act_key_RFCTLARR_2013 (+0.2005),current_stage_GENERAL_NOTICE (-0.4558); derived_project_type_Rural Infrastructure (-0.4464); derived_notice_count (-0.2903); derived_days_in_current_stage (-0.1164),1,4,HIGH_UNCERTAINTY_SPARSE_EVENTS,PARTIAL — CALIBRATION NOT RELIABLE DUE TO EVENT SPARSITY,HIGH UNCERTAINTY: Estimates derived from sparse administrative milestone occurrences.
CAS_CLEAN_021,SNP_CAS_CLEAN_021_CASE_INITIATION_MILESTONE_20250305,20250305,CASE_INITIATION_TO_MILESTONE,1.0.0-cox-production-baseline,2493aa920caf664a,-1.463924,0.231327,act_key_RFCTLARR_2013 (+0.2005),derived_days_in_current_stage (-0.4719); current_stage_GENERAL_NOTICE (-0.4558); derived_project_type_Rural Infrastructure (-0.4464); derived_notice_count (-0.2903),1,4,HIGH_UNCERTAINTY_SPARSE_EVENTS,PARTIAL — CALIBRATION NOT RELIABLE DUE TO EVENT SPARSITY,HIGH UNCERTAINTY: Estimates derived from sparse administrative milestone occurrences.
CAS_CLEAN_005,SNP_CAS_CLEAN_005_CASE_INITIATION_MILESTONE_20250310,20250310,CASE_INITIATION_TO_MILESTONE,1.0.0-cox-production-baseline,2493aa920caf664a,-1.15705,0.314412,act_key_RFCTLARR_2013 (+0.2005),derived_notice_count (-0.5806); derived_project_type_Rural Infrastructure (-0.4464); derived_is_direct_purchase (-0.2608); derived_days_in_current_stage (-0.0698),1,4,HIGH_UNCERTAINTY_SPARSE_EVENTS,PARTIAL — CALIBRATION NOT RELIABLE DUE TO EVENT SPARSITY,HIGH UNCERTAINTY: Estimates derived from sparse administrative milestone occurrences.
CAS_CLEAN_079,SNP_CAS_CLEAN_079_CASE_INITIATION_MILESTONE_20250310,20250310,CASE_INITIATION_TO_MILESTONE,1.0.0-cox-production-baseline,2493aa920caf664a,-1.15705,0.314412,act_key_RFCTLARR_2013 (+0.2005),derived_notice_count (-0.5806); derived_project_type_Rural Infrastructure (-0.4464); derived_is_direct_purchase (-0.2608); derived_days_in_current_stage (-0.0698),1,4,HIGH_UNCERTAINTY_SPARSE_EVENTS,PARTIAL — CALIBRATION NOT RELIABLE DUE TO EVENT SPARSITY,HIGH UNCERTAINTY: Estimates derived from sparse administrative milestone occurrences.
CAS_CLEAN_145,SNP_CAS_CLEAN_145_CASE_INITIATION_MILESTONE_20250310,20250310,CASE_INITIATION_TO_MILESTONE,1.0.0-cox-production-baseline,2493aa920caf664a,-1.15705,0.314412,act_key_RFCTLARR_2013 (+0.2005),derived_notice_count (-0.5806); derived_project_type_Rural Infrastructure (-0.4464); derived_is_direct_purchase (-0.2608); derived_days_in_current_stage (-0.0698),1,4,HIGH_UNCERTAINTY_SPARSE_EVENTS,PARTIAL — CALIBRATION NOT RELIABLE DUE TO EVENT SPARSITY,HIGH UNCERTAINTY: Estimates derived from sparse administrative milestone occurrences.
CAS_CLEAN_212,SNP_CAS_CLEAN_212_CASE_INITIATION_MILESTONE_20250310,20250310,CASE_INITIATION_TO_MILESTONE,1.0.0-cox-production-baseline,2493aa920caf664a,-1.259725,0.283732,act_key_RFCTLARR_2013 (+0.2005),current_stage_GENERAL_NOTICE (-0.4558); derived_project_type_Rural Infrastructure (-0.4464); derived_notice_count (-0.2903); district_Pune (-0.2677),1,4,HIGH_UNCERTAINTY_SPARSE_EVENTS,PARTIAL — CALIBRATION NOT RELIABLE DUE TO EVENT SPARSITY,HIGH UNCERTAINTY: Estimates derived from sparse administrative milestone occurrences.
CAS_CLEAN_213,SNP_CAS_CLEAN_213_CASE_INITIATION_MILESTONE_20250310,20250310,CASE_INITIATION_TO_MILESTONE,1.0.0-cox-production-baseline,2493aa920caf664a,-1.259725,0.283732,act_key_RFCTLARR_2013 (+0.2005),current_stage_GENERAL_NOTICE (-0.4558); derived_project_type_Rural Infrastructure (-0.4464); derived_notice_count (-0.2903); district_Pune (-0.2677),1,4,HIGH_UNCERTAINTY_SPARSE_EVENTS,PARTIAL — CALIBRATION NOT RELIABLE DUE TO EVENT SPARSITY,HIGH UNCERTAINTY: Estimates derived from sparse administrative milestone occurrences.
CAS_CLEAN_215,SNP_CAS_CLEAN_215_CASE_INITIATION_MILESTONE_20250311,20250311,CASE_INITIATION_TO_MILESTONE,1.0.0-cox-production-baseline,2493aa920caf664a,-1.259725,0.283732,act_key_RFCTLARR_2013 (+0.2005),current_stage_GENERAL_NOTICE (-0.4558); derived_project_type_Rural Infrastructure (-0.4464); derived_notice_count (-0.2903); district_Pune (-0.2677),1,4,HIGH_UNCERTAINTY_SPARSE_EVENTS,PARTIAL — CALIBRATION NOT RELIABLE DUE TO EVENT SPARSITY,HIGH UNCERTAINTY: Estimates derived from sparse administrative milestone occurrences.
CAS_CLEAN_091,SNP_CAS_CLEAN_091_CASE_INITIATION_MILESTONE_20250312,20250312,CASE_INITIATION_TO_MILESTONE,1.0.0-cox-production-baseline,2493aa920caf664a,-1.108349,0.330104,act_key_RFCTLARR_2013 (+0.2005),current_stage_GENERAL_NOTICE (-0.4558); derived_project_type_Rural Infrastructure (-0.4464); derived_notice_count (-0.2903); derived_days_in_current_stage (-0.1164),1,4,HIGH_UNCERTAINTY_SPARSE_EVENTS,PARTIAL — CALIBRATION NOT RELIABLE DUE TO EVENT SPARSITY,HIGH UNCERTAINTY: Estimates derived from sparse administrative milestone occurrences.
CAS_CLEAN_164,SNP_CAS_CLEAN_164_CASE_INITIATION_MILESTONE_20250313,20250313,CASE_INITIATION_TO_MILESTONE,1.0.0-cox-production-baseline,2493aa920caf664a,-1.463924,0.231327,act_key_RFCTLARR_2013 (+0.2005),derived_days_in_current_stage (-0.4719); current_stage_GENERAL_NOTICE (-0.4558); derived_project_type_Rural Infrastructure (-0.4464); derived_notice_count (-0.2903),1,4,HIGH_UNCERTAINTY_SPARSE_EVENTS,PARTIAL — CALIBRATION NOT RELIABLE DUE TO EVENT SPARSITY,HIGH UNCERTAINTY: Estimates derived from sparse administrative milestone occurrences.
CAS_CLEAN_165,SNP_CAS_CLEAN_165_CASE_INITIATION_MILESTONE_20250313,20250313,CASE_INITIATION_TO_MILESTONE,1.0.0-cox-production-baseline,2493aa920caf664a,-1.463924,0.231327,act_key_RFCTLARR_2013 (+0.2005),derived_days_in_current_stage (-0.4719); current_stage_GENERAL_NOTICE (-0.4558); derived_project_type_Rural Infrastructure (-0.4464); derived_notice_count (-0.2903),1,4,HIGH_UNCERTAINTY_SPARSE_EVENTS,PARTIAL — CALIBRATION NOT RELIABLE DUE TO EVENT SPARSITY,HIGH UNCERTAINTY: Estimates derived from sparse administrative milestone occurrences.
CAS_CLEAN_207,SNP_CAS_CLEAN_207_CASE_INITIATION_MILESTONE_20250313,20250313,CASE_INITIATION_TO_MILESTONE,1.0.0-cox-production-baseline,2493aa920caf664a,-1.259725,0.283732,act_key_RFCTLARR_2013 (+0.2005),current_stage_GENERAL_NOTICE (-0.4558); derived_project_type_Rural Infrastructure (-0.4464); derived_notice_count (-0.2903); district_Pune (-0.2677),1,4,HIGH_UNCERTAINTY_SPARSE_EVENTS,PARTIAL — CALIBRATION NOT RELIABLE DUE TO EVENT SPARSITY,HIGH UNCERTAINTY: Estimates derived from sparse administrative milestone occurrences.
CAS_CLEAN_208,SNP_CAS_CLEAN_208_CASE_INITIATION_MILESTONE_20250313,20250313,CASE_INITIATION_TO_MILESTONE,1.0.0-cox-production-baseline,2493aa920caf664a,-1.259725,0.283732,act_key_RFCTLARR_2013 (+0.2005),current_stage_GENERAL_NOTICE (-0.4558); derived_project_type_Rural Infrastructure (-0.4464); derived_notice_count (-0.2903); district_Pune (-0.2677),1,4,HIGH_UNCERTAINTY_SPARSE_EVENTS,PARTIAL — CALIBRATION NOT RELIABLE DUE TO EVENT SPARSITY,HIGH UNCERTAINTY: Estimates derived from sparse administrative milestone occurrences.
CAS_CLEAN_209,SNP_CAS_CLEAN_209_CASE_INITIATION_MILESTONE_20250313,20250313,CASE_INITIATION_TO_MILESTONE,1.0.0-cox-production-baseline,2493aa920caf664a,-1.259725,0.283732,act_key_RFCTLARR_2013 (+0.2005),current_stage_GENERAL_NOTICE (-0.4558); derived_project_type_Rural Infrastructure (-0.4464); derived_notice_count (-0.2903); district_Pune (-0.2677),1,4,HIGH_UNCERTAINTY_SPARSE_EVENTS,PARTIAL — CALIBRATION NOT RELIABLE DUE TO EVENT SPARSITY,HIGH UNCERTAINTY: Estimates derived from sparse administrative milestone occurrences.
CAS_CLEAN_039,SNP_CAS_CLEAN_039_CASE_INITIATION_MILESTONE_20250314,20250314,CASE_INITIATION_TO_MILESTONE,1.0.0-cox-production-baseline,2493aa920caf664a,-0.03201,0.968497,current_stage_SECTION_11 (+0.9761); act_key_RFCTLARR_2013 (+0.2005),derived_days_in_current_stage (-0.4719); derived_project_type_Rural Infrastructure (-0.4464); derived_notice_count (-0.2903),2,3,HIGH_UNCERTAINTY_SPARSE_EVENTS,PARTIAL — CALIBRATION NOT RELIABLE DUE TO EVENT SPARSITY,HIGH UNCERTAINTY: Estimates derived from sparse administrative milestone occurrences.
CAS_CLEAN_041,SNP_CAS_CLEAN_041_CASE_INITIATION_MILESTONE_20250314,20250314,CASE_INITIATION_TO_MILESTONE,1.0.0-cox-production-baseline,2493aa920caf664a,-0.03201,0.968497,current_stage_SECTION_11 (+0.9761); act_key_RFCTLARR_2013 (+0.2005),derived_days_in_current_stage (-0.4719); derived_project_type_Rural Infrastructure (-0.4464); derived_notice_count (-0.2903),2,3,HIGH_UNCERTAINTY_SPARSE_EVENTS,PARTIAL — CALIBRATION NOT RELIABLE DUE TO EVENT SPARSITY,HIGH UNCERTAINTY: Estimates derived from sparse administrative milestone occurrences.
CAS_CLEAN_136,SNP_CAS_CLEAN_136_CASE_INITIATION_MILESTONE_20250314,20250314,CASE_INITIATION_TO_MILESTONE,1.0.0-cox-production-baseline,2493aa920caf664a,-0.03201,0.968497,current_stage_SECTION_11 (+0.9761); act_key_RFCTLARR_2013 (+0.2005),derived_days_in_current_stage (-0.4719); derived_project_type_Rural Infrastructure (-0.4464); derived_notice_count (-0.2903),2,3,HIGH_UNCERTAINTY_SPARSE_EVENTS,PARTIAL — CALIBRATION NOT RELIABLE DUE TO EVENT SPARSITY,HIGH UNCERTAINTY: Estimates derived from sparse administrative milestone occurrences.
CAS_CLEAN_258,SNP_CAS_CLEAN_258_CASE_INITIATION_MILESTONE_20250317,20250317,CASE_INITIATION_TO_MILESTONE,1.0.0-cox-production-baseline,2493aa920caf664a,-1.013842,0.362822,,current_stage_GENERAL_NOTICE (-0.4558); derived_notice_count (-0.2903); district_Pune (-0.2677),0,3,HIGH_UNCERTAINTY_SPARSE_EVENTS,PARTIAL — CALIBRATION NOT RELIABLE DUE TO EVENT SPARSITY,HIGH UNCERTAINTY: Estimates derived from sparse administrative milestone occurrences.
CAS_CLEAN_210,SNP_CAS_CLEAN_210_CASE_INITIATION_MILESTONE_20250320,20250320,CASE_INITIATION_TO_MILESTONE,1.0.0-cox-production-baseline,2493aa920caf664a,-1.259725,0.283732,act_key_RFCTLARR_2013 (+0.2005),current_stage_GENERAL_NOTICE (-0.4558); derived_project_type_Rural Infrastructure (-0.4464); derived_notice_count (-0.2903); district_Pune (-0.2677),1,4,HIGH_UNCERTAINTY_SPARSE_EVENTS,PARTIAL — CALIBRATION NOT RELIABLE DUE TO EVENT SPARSITY,HIGH UNCERTAINTY: Estimates derived from sparse administrative milestone occurrences.
CAS_CLEAN_126,SNP_CAS_CLEAN_126_CASE_INITIATION_MILESTONE_20250322,20250322,CASE_INITIATION_TO_MILESTONE,1.0.0-cox-production-baseline,2493aa920caf664a,-1.146045,0.317892,act_key_RFCTLARR_2013 (+0.2005),derived_project_type_Rural Infrastructure (-0.4464); derived_days_in_current_stage (-0.3491); derived_notice_count (-0.2903); derived_is_direct_purchase (-0.2608),1,4,HIGH_UNCERTAINTY_SPARSE_EVENTS,PARTIAL — CALIBRATION NOT RELIABLE DUE TO EVENT SPARSITY,HIGH UNCERTAINTY: Estimates derived from sparse administrative milestone occurrences.
CAS_CLEAN_127,SNP_CAS_CLEAN_127_CASE_INITIATION_MILESTONE_20250322,20250322,CASE_INITIATION_TO_MILESTONE,1.0.0-cox-production-baseline,2493aa920caf664a,-1.146045,0.317892,act_key_RFCTLARR_2013 (+0.2005),derived_project_type_Rural Infrastructure (-0.4464); derived_days_in_current_stage (-0.3491); derived_notice_count (-0.2903); derived_is_direct_purchase (-0.2608),1,4,HIGH_UNCERTAINTY_SPARSE_EVENTS,PARTIAL — CALIBRATION NOT RELIABLE DUE TO EVENT SPARSITY,HIGH UNCERTAINTY: Estimates derived from sparse administrative milestone occurrences.
CAS_CLEAN_228,SNP_CAS_CLEAN_228_CASE_INITIATION_MILESTONE_20250323,20250323,CASE_INITIATION_TO_MILESTONE,1.0.0-cox-production-baseline,2493aa920caf664a,-1.376095,0.252563,act_key_RFCTLARR_2013 (+0.2005),current_stage_GENERAL_NOTICE (-0.4558); derived_project_type_Rural Infrastructure (-0.4464); derived_notice_count (-0.2903); district_Pune (-0.2677); derived_days_in_current_stage (-0.1164),1,5,HIGH_UNCERTAINTY_SPARSE_EVENTS,PARTIAL — CALIBRATION NOT RELIABLE DUE TO EVENT SPARSITY,HIGH UNCERTAINTY: Estimates derived from sparse administrative milestone occurrences.
CAS_CLEAN_229,SNP_CAS_CLEAN_229_CASE_INITIATION_MILESTONE_20250323,20250323,CASE_INITIATION_TO_MILESTONE,1.0.0-cox-production-baseline,2493aa920caf664a,-1.376095,0.252563,act_key_RFCTLARR_2013 (+0.2005),current_stage_GENERAL_NOTICE (-0.4558); derived_project_type_Rural Infrastructure (-0.4464); derived_notice_count (-0.2903); district_Pune (-0.2677); derived_days_in_current_stage (-0.1164),1,5,HIGH_UNCERTAINTY_SPARSE_EVENTS,PARTIAL — CALIBRATION NOT RELIABLE DUE TO EVENT SPARSITY,HIGH UNCERTAINTY: Estimates derived from sparse administrative milestone occurrences.
CAS_CLEAN_230,SNP_CAS_CLEAN_230_CASE_INITIATION_MILESTONE_20250323,20250323,CASE_INITIATION_TO_MILESTONE,1.0.0-cox-production-baseline,2493aa920caf664a,-1.376095,0.252563,act_key_RFCTLARR_2013 (+0.2005),current_stage_GENERAL_NOTICE (-0.4558); derived_project_type_Rural Infrastructure (-0.4464); derived_notice_count (-0.2903); district_Pune (-0.2677); derived_days_in_current_stage (-0.1164),1,5,HIGH_UNCERTAINTY_SPARSE_EVENTS,PARTIAL — CALIBRATION NOT RELIABLE DUE TO EVENT SPARSITY,HIGH UNCERTAINTY: Estimates derived from sparse administrative milestone occurrences.
CAS_CLEAN_231,SNP_CAS_CLEAN_231_CASE_INITIATION_MILESTONE_20250323,20250323,CASE_INITIATION_TO_MILESTONE,1.0.0-cox-production-baseline,2493aa920caf664a,-1.376095,0.252563,act_key_RFCTLARR_2013 (+0.2005),current_stage_GENERAL_NOTICE (-0.4558); derived_project_type_Rural Infrastructure (-0.4464); derived_notice_count (-0.2903); district_Pune (-0.2677); derived_days_in_current_stage (-0.1164),1,5,HIGH_UNCERTAINTY_SPARSE_EVENTS,PARTIAL — CALIBRATION NOT RELIABLE DUE TO EVENT SPARSITY,HIGH UNCERTAINTY: Estimates derived from sparse administrative milestone occurrences.
CAS_CLEAN_232,SNP_CAS_CLEAN_232_CASE_INITIATION_MILESTONE_20250323,20250323,CASE_INITIATION_TO_MILESTONE,1.0.0-cox-production-baseline,2493aa920caf664a,-1.376095,0.252563,act_key_RFCTLARR_2013 (+0.2005),current_stage_GENERAL_NOTICE (-0.4558); derived_project_type_Rural Infrastructure (-0.4464); derived_notice_count (-0.2903); district_Pune (-0.2677); derived_days_in_current_stage (-0.1164),1,5,HIGH_UNCERTAINTY_SPARSE_EVENTS,PARTIAL — CALIBRATION NOT RELIABLE DUE TO EVENT SPARSITY,HIGH UNCERTAINTY: Estimates derived from sparse administrative milestone occurrences.
CAS_CLEAN_242,SNP_CAS_CLEAN_242_CASE_INITIATION_MILESTONE_20250323,20250323,CASE_INITIATION_TO_MILESTONE,1.0.0-cox-production-baseline,2493aa920caf664a,-1.376095,0.252563,act_key_RFCTLARR_2013 (+0.2005),current_stage_GENERAL_NOTICE (-0.4558); derived_project_type_Rural Infrastructure (-0.4464); derived_notice_count (-0.2903); district_Pune (-0.2677); derived_days_in_current_stage (-0.1164),1,5,HIGH_UNCERTAINTY_SPARSE_EVENTS,PARTIAL — CALIBRATION NOT RELIABLE DUE TO EVENT SPARSITY,HIGH UNCERTAINTY: Estimates derived from sparse administrative milestone occurrences.
CAS_CLEAN_001,SNP_CAS_CLEAN_001_CASE_INITIATION_MILESTONE_20250327,20250327,CASE_INITIATION_TO_MILESTONE,1.0.0-cox-production-baseline,2493aa920caf664a,-0.913305,0.401196,act_key_RFCTLARR_2013 (+0.2005),derived_project_type_Rural Infrastructure (-0.4464); derived_notice_count (-0.2903); derived_is_direct_purchase (-0.2608); derived_days_in_current_stage (-0.1164),1,4,HIGH_UNCERTAINTY_SPARSE_EVENTS,PARTIAL — CALIBRATION NOT RELIABLE DUE TO EVENT SPARSITY,HIGH UNCERTAINTY: Estimates derived from sparse administrative milestone occurrences.
CAS_CLEAN_227,SNP_CAS_CLEAN_227_CASE_INITIATION_MILESTONE_20250327,20250327,CASE_INITIATION_TO_MILESTONE,1.0.0-cox-production-baseline,2493aa920caf664a,-1.376095,0.252563,act_key_RFCTLARR_2013 (+0.2005),current_stage_GENERAL_NOTICE (-0.4558); derived_project_type_Rural Infrastructure (-0.4464); derived_notice_count (-0.2903); district_Pune (-0.2677); derived_days_in_current_stage (-0.1164),1,5,HIGH_UNCERTAINTY_SPARSE_EVENTS,PARTIAL — CALIBRATION NOT RELIABLE DUE TO EVENT SPARSITY,HIGH UNCERTAINTY: Estimates derived from sparse administrative milestone occurrences.
CAS_CLEAN_240,SNP_CAS_CLEAN_240_CASE_INITIATION_MILESTONE_20250327,20250327,CASE_INITIATION_TO_MILESTONE,1.0.0-cox-production-baseline,2493aa920caf664a,-1.376095,0.252563,act_key_RFCTLARR_2013 (+0.2005),current_stage_GENERAL_NOTICE (-0.4558); derived_project_type_Rural Infrastructure (-0.4464); derived_notice_count (-0.2903); district_Pune (-0.2677); derived_days_in_current_stage (-0.1164),1,5,HIGH_UNCERTAINTY_SPARSE_EVENTS,PARTIAL — CALIBRATION NOT RELIABLE DUE TO EVENT SPARSITY,HIGH UNCERTAINTY: Estimates derived from sparse administrative milestone occurrences.
CAS_CLEAN_096,SNP_CAS_CLEAN_096_CASE_INITIATION_MILESTONE_20250330,20250330,CASE_INITIATION_TO_MILESTONE,1.0.0-cox-production-baseline,2493aa920caf664a,-1.031781,0.356372,act_key_RFCTLARR_2013 (+0.2005),derived_project_type_Rural Infrastructure (-0.4464); derived_notice_count (-0.2903); current_stage_SECTION_21 (-0.2629); derived_days_in_current_stage (-0.2327),1,4,HIGH_UNCERTAINTY_SPARSE_EVENTS,PARTIAL — CALIBRATION NOT RELIABLE DUE TO EVENT SPARSITY,HIGH UNCERTAINTY: Estimates derived from sparse administrative milestone occurrences.
CAS_CLEAN_095,SNP_CAS_CLEAN_095_CASE_INITIATION_MILESTONE_20250401,20250401,CASE_INITIATION_TO_MILESTONE,1.0.0-cox-production-baseline,2493aa920caf664a,-1.157863,0.314157,act_key_RFCTLARR_2013 (+0.2005),derived_notice_count (-0.5806); derived_project_type_Rural Infrastructure (-0.4464); current_stage_SECTION_21 (-0.2629); derived_days_in_current_stage (-0.0685),1,4,HIGH_UNCERTAINTY_SPARSE_EVENTS,PARTIAL — CALIBRATION NOT RELIABLE DUE TO EVENT SPARSITY,HIGH UNCERTAINTY: Estimates derived from sparse administrative milestone occurrences.
CAS_CLEAN_214,SNP_CAS_CLEAN_214_CASE_INITIATION_MILESTONE_20250401,20250401,CASE_INITIATION_TO_MILESTONE,1.0.0-cox-production-baseline,2493aa920caf664a,-1.376095,0.252563,act_key_RFCTLARR_2013 (+0.2005),current_stage_GENERAL_NOTICE (-0.4558); derived_project_type_Rural Infrastructure (-0.4464); derived_notice_count (-0.2903); district_Pune (-0.2677); derived_days_in_current_stage (-0.1164),1,5,HIGH_UNCERTAINTY_SPARSE_EVENTS,PARTIAL — CALIBRATION NOT RELIABLE DUE TO EVENT SPARSITY,HIGH UNCERTAINTY: Estimates derived from sparse administrative milestone occurrences.
CAS_CLEAN_223,SNP_CAS_CLEAN_223_CASE_INITIATION_MILESTONE_20250401,20250401,CASE_INITIATION_TO_MILESTONE,1.0.0-cox-production-baseline,2493aa920caf664a,-1.376095,0.252563,act_key_RFCTLARR_2013 (+0.2005),current_stage_GENERAL_NOTICE (-0.4558); derived_project_type_Rural Infrastructure (-0.4464); derived_notice_count (-0.2903); district_Pune (-0.2677); derived_days_in_current_stage (-0.1164),1,5,HIGH_UNCERTAINTY_SPARSE_EVENTS,PARTIAL — CALIBRATION NOT RELIABLE DUE TO EVENT SPARSITY,HIGH UNCERTAINTY: Estimates derived from sparse administrative milestone occurrences.
CAS_CLEAN_224,SNP_CAS_CLEAN_224_CASE_INITIATION_MILESTONE_20250401,20250401,CASE_INITIATION_TO_MILESTONE,1.0.0-cox-production-baseline,2493aa920caf664a,-1.376095,0.252563,act_key_RFCTLARR_2013 (+0.2005),current_stage_GENERAL_NOTICE (-0.4558); derived_project_type_Rural Infrastructure (-0.4464); derived_notice_count (-0.2903); district_Pune (-0.2677); derived_days_in_current_stage (-0.1164),1,5,HIGH_UNCERTAINTY_SPARSE_EVENTS,PARTIAL — CALIBRATION NOT RELIABLE DUE TO EVENT SPARSITY,HIGH UNCERTAINTY: Estimates derived from sparse administrative milestone occurrences.
CAS_CLEAN_225,SNP_CAS_CLEAN_225_CASE_INITIATION_MILESTONE_20250401,20250401,CASE_INITIATION_TO_MILESTONE,1.0.0-cox-production-baseline,2493aa920caf664a,-1.376095,0.252563,act_key_RFCTLARR_2013 (+0.2005),current_stage_GENERAL_NOTICE (-0.4558); derived_project_type_Rural Infrastructure (-0.4464); derived_notice_count (-0.2903); district_Pune (-0.2677); derived_days_in_current_stage (-0.1164),1,5,HIGH_UNCERTAINTY_SPARSE_EVENTS,PARTIAL — CALIBRATION NOT RELIABLE DUE TO EVENT SPARSITY,HIGH UNCERTAINTY: Estimates derived from sparse administrative milestone occurrences.
CAS_CLEAN_185,SNP_CAS_CLEAN_185_CASE_INITIATION_MILESTONE_20250403,20250403,CASE_INITIATION_TO_MILESTONE,1.0.0-cox-production-baseline,2493aa920caf664a,-1.376095,0.252563,act_key_RFCTLARR_2013 (+0.2005),current_stage_GENERAL_NOTICE (-0.4558); derived_project_type_Rural Infrastructure (-0.4464); derived_notice_count (-0.2903); district_Pune (-0.2677); derived_days_in_current_stage (-0.1164),1,5,HIGH_UNCERTAINTY_SPARSE_EVENTS,PARTIAL — CALIBRATION NOT RELIABLE DUE TO EVENT SPARSITY,HIGH UNCERTAINTY: Estimates derived from sparse administrative milestone occurrences.
CAS_CLEAN_201,SNP_CAS_CLEAN_201_CASE_INITIATION_MILESTONE_20250404,20250404,CASE_INITIATION_TO_MILESTONE,1.0.0-cox-production-baseline,2493aa920caf664a,-1.259725,0.283732,act_key_RFCTLARR_2013 (+0.2005),current_stage_GENERAL_NOTICE (-0.4558); derived_project_type_Rural Infrastructure (-0.4464); derived_notice_count (-0.2903); district_Pune (-0.2677),1,4,HIGH_UNCERTAINTY_SPARSE_EVENTS,PARTIAL — CALIBRATION NOT RELIABLE DUE TO EVENT SPARSITY,HIGH UNCERTAINTY: Estimates derived from sparse administrative milestone occurrences.
CAS_CLEAN_238,SNP_CAS_CLEAN_238_CASE_INITIATION_MILESTONE_20250404,20250404,CASE_INITIATION_TO_MILESTONE,1.0.0-cox-production-baseline,2493aa920caf664a,-1.259725,0.283732,act_key_RFCTLARR_2013 (+0.2005),current_stage_GENERAL_NOTICE (-0.4558); derived_project_type_Rural Infrastructure (-0.4464); derived_notice_count (-0.2903); district_Pune (-0.2677),1,4,HIGH_UNCERTAINTY_SPARSE_EVENTS,PARTIAL — CALIBRATION NOT RELIABLE DUE TO EVENT SPARSITY,HIGH UNCERTAINTY: Estimates derived from sparse administrative milestone occurrences.
CAS_CLEAN_020,SNP_CAS_CLEAN_020_CASE_INITIATION_MILESTONE_20250406,20250406,CASE_INITIATION_TO_MILESTONE,1.0.0-cox-production-baseline,2493aa920caf664a,-1.341089,0.261561,act_key_RFCTLARR_2013 (+0.2005),current_stage_GENERAL_NOTICE (-0.4558); derived_project_type_Rural Infrastructure (-0.4464); derived_days_in_current_stage (-0.3491); derived_notice_count (-0.2903),1,4,HIGH_UNCERTAINTY_SPARSE_EVENTS,PARTIAL — CALIBRATION NOT RELIABLE DUE TO EVENT SPARSITY,HIGH UNCERTAINTY: Estimates derived from sparse administrative milestone occurrences.
CAS_CLEAN_071,SNP_CAS_CLEAN_071_CASE_INITIATION_MILESTONE_20250409,20250409,CASE_INITIATION_TO_MILESTONE,1.0.0-cox-production-baseline,2493aa920caf664a,1.015077,2.759576,extension_count (+0.6305); current_stage_INITIATION (+0.6305); act_key_RFCTLARR_2013 (+0.2005),derived_project_type_Rural Infrastructure (-0.4464),3,1,HIGH_UNCERTAINTY_SPARSE_EVENTS,PARTIAL — CALIBRATION NOT RELIABLE DUE TO EVENT SPARSITY,HIGH UNCERTAINTY: Estimates derived from sparse administrative milestone occurrences.
CAS_CLEAN_009,SNP_CAS_CLEAN_009_CASE_INITIATION_MILESTONE_20250414,20250414,CASE_INITIATION_TO_MILESTONE,1.0.0-cox-production-baseline,2493aa920caf664a,0.323565,1.382046,current_stage_SECTION_11 (+0.9761); act_key_RFCTLARR_2013 (+0.2005),derived_project_type_Rural Infrastructure (-0.4464); derived_notice_count (-0.2903); derived_days_in_current_stage (-0.1164),2,3,HIGH_UNCERTAINTY_SPARSE_EVENTS,PARTIAL — CALIBRATION NOT RELIABLE DUE TO EVENT SPARSITY,HIGH UNCERTAINTY: Estimates derived from sparse administrative milestone occurrences.
CAS_CLEAN_064,SNP_CAS_CLEAN_064_CASE_INITIATION_MILESTONE_20250414,20250414,CASE_INITIATION_TO_MILESTONE,1.0.0-cox-production-baseline,2493aa920caf664a,0.323565,1.382046,current_stage_SECTION_11 (+0.9761); act_key_RFCTLARR_2013 (+0.2005),derived_project_type_Rural Infrastructure (-0.4464); derived_notice_count (-0.2903); derived_days_in_current_stage (-0.1164),2,3,HIGH_UNCERTAINTY_SPARSE_EVENTS,PARTIAL — CALIBRATION NOT RELIABLE DUE TO EVENT SPARSITY,HIGH UNCERTAINTY: Estimates derived from sparse administrative milestone occurrences.
CAS_CLEAN_120,SNP_CAS_CLEAN_120_CASE_INITIATION_MILESTONE_20250414,20250414,CASE_INITIATION_TO_MILESTONE,1.0.0-cox-production-baseline,2493aa920caf664a,0.323565,1.382046,current_stage_SECTION_11 (+0.9761); act_key_RFCTLARR_2013 (+0.2005),derived_project_type_Rural Infrastructure (-0.4464); derived_notice_count (-0.2903); derived_days_in_current_stage (-0.1164),2,3,HIGH_UNCERTAINTY_SPARSE_EVENTS,PARTIAL — CALIBRATION NOT RELIABLE DUE TO EVENT SPARSITY,HIGH UNCERTAINTY: Estimates derived from sparse administrative milestone occurrences.
CAS_CLEAN_149,SNP_CAS_CLEAN_149_CASE_INITIATION_MILESTONE_20250415,20250415,CASE_INITIATION_TO_MILESTONE,1.0.0-cox-production-baseline,2493aa920caf664a,-0.913305,0.401196,act_key_RFCTLARR_2013 (+0.2005),derived_project_type_Rural Infrastructure (-0.4464); derived_notice_count (-0.2903); derived_is_direct_purchase (-0.2608); derived_days_in_current_stage (-0.1164),1,4,HIGH_UNCERTAINTY_SPARSE_EVENTS,PARTIAL — CALIBRATION NOT RELIABLE DUE TO EVENT SPARSITY,HIGH UNCERTAINTY: Estimates derived from sparse administrative milestone occurrences.
CAS_CLEAN_156,SNP_CAS_CLEAN_156_CASE_INITIATION_MILESTONE_20250415,20250415,CASE_INITIATION_TO_MILESTONE,1.0.0-cox-production-baseline,2493aa920caf664a,-0.913305,0.401196,act_key_RFCTLARR_2013 (+0.2005),derived_project_type_Rural Infrastructure (-0.4464); derived_notice_count (-0.2903); derived_is_direct_purchase (-0.2608); derived_days_in_current_stage (-0.1164),1,4,HIGH_UNCERTAINTY_SPARSE_EVENTS,PARTIAL — CALIBRATION NOT RELIABLE DUE TO EVENT SPARSITY,HIGH UNCERTAINTY: Estimates derived from sparse administrative milestone occurrences.
CAS_CLEAN_042,SNP_CAS_CLEAN_042_CASE_INITIATION_MILESTONE_20250417,20250417,CASE_INITIATION_TO_MILESTONE,1.0.0-cox-production-baseline,2493aa920caf664a,-0.991979,0.370842,act_key_RFCTLARR_2013 (+0.2005),current_stage_GENERAL_NOTICE (-0.4558); derived_project_type_Rural Infrastructure (-0.4464); derived_notice_count (-0.2903),1,3,HIGH_UNCERTAINTY_SPARSE_EVENTS,PARTIAL — CALIBRATION NOT RELIABLE DUE TO EVENT SPARSITY,HIGH UNCERTAINTY: Estimates derived from sparse administrative milestone occurrences.
CAS_CLEAN_092,SNP_CAS_CLEAN_092_CASE_INITIATION_MILESTONE_20250417,20250417,CASE_INITIATION_TO_MILESTONE,1.0.0-cox-production-baseline,2493aa920caf664a,-0.991979,0.370842,act_key_RFCTLARR_2013 (+0.2005),current_stage_GENERAL_NOTICE (-0.4558); derived_project_type_Rural Infrastructure (-0.4464); derived_notice_count (-0.2903),1,3,HIGH_UNCERTAINTY_SPARSE_EVENTS,PARTIAL — CALIBRATION NOT RELIABLE DUE TO EVENT SPARSITY,HIGH UNCERTAINTY: Estimates derived from sparse administrative milestone occurrences.
CAS_CLEAN_197,SNP_CAS_CLEAN_197_CASE_INITIATION_MILESTONE_20250417,20250417,CASE_INITIATION_TO_MILESTONE,1.0.0-cox-production-baseline,2493aa920caf664a,-1.259725,0.283732,act_key_RFCTLARR_2013 (+0.2005),current_stage_GENERAL_NOTICE (-0.4558); derived_project_type_Rural Infrastructure (-0.4464); derived_notice_count (-0.2903); district_Pune (-0.2677),1,4,HIGH_UNCERTAINTY_SPARSE_EVENTS,PARTIAL — CALIBRATION NOT RELIABLE DUE TO EVENT SPARSITY,HIGH UNCERTAINTY: Estimates derived from sparse administrative milestone occurrences.
CAS_CLEAN_198,SNP_CAS_CLEAN_198_CASE_INITIATION_MILESTONE_20250421,20250421,CASE_INITIATION_TO_MILESTONE,1.0.0-cox-production-baseline,2493aa920caf664a,-1.259725,0.283732,act_key_RFCTLARR_2013 (+0.2005),current_stage_GENERAL_NOTICE (-0.4558); derived_project_type_Rural Infrastructure (-0.4464); derived_notice_count (-0.2903); district_Pune (-0.2677),1,4,HIGH_UNCERTAINTY_SPARSE_EVENTS,PARTIAL — CALIBRATION NOT RELIABLE DUE TO EVENT SPARSITY,HIGH UNCERTAINTY: Estimates derived from sparse administrative milestone occurrences.
CAS_CLEAN_199,SNP_CAS_CLEAN_199_CASE_INITIATION_MILESTONE_20250421,20250421,CASE_INITIATION_TO_MILESTONE,1.0.0-cox-production-baseline,2493aa920caf664a,-1.259725,0.283732,act_key_RFCTLARR_2013 (+0.2005),current_stage_GENERAL_NOTICE (-0.4558); derived_project_type_Rural Infrastructure (-0.4464); derived_notice_count (-0.2903); district_Pune (-0.2677),1,4,HIGH_UNCERTAINTY_SPARSE_EVENTS,PARTIAL — CALIBRATION NOT RELIABLE DUE TO EVENT SPARSITY,HIGH UNCERTAINTY: Estimates derived from sparse administrative milestone occurrences.
CAS_CLEAN_200,SNP_CAS_CLEAN_200_CASE_INITIATION_MILESTONE_20250421,20250421,CASE_INITIATION_TO_MILESTONE,1.0.0-cox-production-baseline,2493aa920caf664a,-1.259725,0.283732,act_key_RFCTLARR_2013 (+0.2005),current_stage_GENERAL_NOTICE (-0.4558); derived_project_type_Rural Infrastructure (-0.4464); derived_notice_count (-0.2903); district_Pune (-0.2677),1,4,HIGH_UNCERTAINTY_SPARSE_EVENTS,PARTIAL — CALIBRATION NOT RELIABLE DUE TO EVENT SPARSITY,HIGH UNCERTAINTY: Estimates derived from sparse administrative milestone occurrences.
CAS_CLEAN_264,SNP_CAS_CLEAN_264_CASE_INITIATION_MILESTONE_20250421,20250421,CASE_INITIATION_TO_MILESTONE,1.0.0-cox-production-baseline,2493aa920caf664a,-1.400952,0.246362,act_key_RFCTLARR_2013 (+0.2005),current_stage_GENERAL_NOTICE (-0.4558); derived_project_type_Rural Infrastructure (-0.4464); district_Solapur (-0.4090); derived_notice_count (-0.2903),1,4,HIGH_UNCERTAINTY_SPARSE_EVENTS,PARTIAL — CALIBRATION NOT RELIABLE DUE TO EVENT SPARSITY,HIGH UNCERTAINTY: Estimates derived from sparse administrative milestone occurrences.
CAS_CLEAN_054,SNP_CAS_CLEAN_054_CASE_INITIATION_MILESTONE_20250422,20250422,CASE_INITIATION_TO_MILESTONE,1.0.0-cox-production-baseline,2493aa920caf664a,0.323565,1.382046,current_stage_SECTION_11 (+0.9761); act_key_RFCTLARR_2013 (+0.2005),derived_project_type_Rural Infrastructure (-0.4464); derived_notice_count (-0.2903); derived_days_in_current_stage (-0.1164),2,3,HIGH_UNCERTAINTY_SPARSE_EVENTS,PARTIAL — CALIBRATION NOT RELIABLE DUE TO EVENT SPARSITY,HIGH UNCERTAINTY: Estimates derived from sparse administrative milestone occurrences.
CAS_CLEAN_057,SNP_CAS_CLEAN_057_CASE_INITIATION_MILESTONE_20250423,20250423,CASE_INITIATION_TO_MILESTONE,1.0.0-cox-production-baseline,2493aa920caf664a,-0.913305,0.401196,act_key_RFCTLARR_2013 (+0.2005),derived_project_type_Rural Infrastructure (-0.4464); derived_notice_count (-0.2903); derived_is_direct_purchase (-0.2608); derived_days_in_current_stage (-0.1164),1,4,HIGH_UNCERTAINTY_SPARSE_EVENTS,PARTIAL — CALIBRATION NOT RELIABLE DUE TO EVENT SPARSITY,HIGH UNCERTAINTY: Estimates derived from sparse administrative milestone occurrences.
CAS_CLEAN_112,SNP_CAS_CLEAN_112_CASE_INITIATION_MILESTONE_20250423,20250423,CASE_INITIATION_TO_MILESTONE,1.0.0-cox-production-baseline,2493aa920caf664a,-0.913305,0.401196,act_key_RFCTLARR_2013 (+0.2005),derived_project_type_Rural Infrastructure (-0.4464); derived_notice_count (-0.2903); derived_is_direct_purchase (-0.2608); derived_days_in_current_stage (-0.1164),1,4,HIGH_UNCERTAINTY_SPARSE_EVENTS,PARTIAL — CALIBRATION NOT RELIABLE DUE TO EVENT SPARSITY,HIGH UNCERTAINTY: Estimates derived from sparse administrative milestone occurrences.
CAS_CLEAN_032,SNP_CAS_CLEAN_032_CASE_INITIATION_MILESTONE_20250425,20250425,CASE_INITIATION_TO_MILESTONE,1.0.0-cox-production-baseline,2493aa920caf664a,-1.341089,0.261561,act_key_RFCTLARR_2013 (+0.2005),current_stage_GENERAL_NOTICE (-0.4558); derived_project_type_Rural Infrastructure (-0.4464); derived_days_in_current_stage (-0.3491); derived_notice_count (-0.2903),1,4,HIGH_UNCERTAINTY_SPARSE_EVENTS,PARTIAL — CALIBRATION NOT RELIABLE DUE TO EVENT SPARSITY,HIGH UNCERTAINTY: Estimates derived from sparse administrative milestone occurrences.
CAS_CLEAN_222,SNP_CAS_CLEAN_222_CASE_INITIATION_MILESTONE_20250428,20250428,CASE_INITIATION_TO_MILESTONE,1.0.0-cox-production-baseline,2493aa920caf664a,-1.376095,0.252563,act_key_RFCTLARR_2013 (+0.2005),current_stage_GENERAL_NOTICE (-0.4558); derived_project_type_Rural Infrastructure (-0.4464); derived_notice_count (-0.2903); district_Pune (-0.2677); derived_days_in_current_stage (-0.1164),1,5,HIGH_UNCERTAINTY_SPARSE_EVENTS,PARTIAL — CALIBRATION NOT RELIABLE DUE TO EVENT SPARSITY,HIGH UNCERTAINTY: Estimates derived from sparse administrative milestone occurrences.
CAS_CLEAN_094,SNP_CAS_CLEAN_094_CASE_INITIATION_MILESTONE_20250503,20250503,CASE_INITIATION_TO_MILESTONE,1.0.0-cox-production-baseline,2493aa920caf664a,-1.341089,0.261561,act_key_RFCTLARR_2013 (+0.2005),current_stage_GENERAL_NOTICE (-0.4558); derived_project_type_Rural Infrastructure (-0.4464); derived_days_in_current_stage (-0.3491); derived_notice_count (-0.2903),1,4,HIGH_UNCERTAINTY_SPARSE_EVENTS,PARTIAL — CALIBRATION NOT RELIABLE DUE TO EVENT SPARSITY,HIGH UNCERTAINTY: Estimates derived from sparse administrative milestone occurrences.
CAS_CLEAN_097,SNP_CAS_CLEAN_097_CASE_INITIATION_MILESTONE_20250505,20250505,CASE_INITIATION_TO_MILESTONE,1.0.0-cox-production-baseline,2493aa920caf664a,-0.352659,0.702817,act_key_RFCTLARR_2013 (+0.2005),derived_notice_count (-0.2903); current_stage_SECTION_21 (-0.2629),1,2,HIGH_UNCERTAINTY_SPARSE_EVENTS,PARTIAL — CALIBRATION NOT RELIABLE DUE TO EVENT SPARSITY,HIGH UNCERTAINTY: Estimates derived from sparse administrative milestone occurrences.
CAS_CLEAN_140,SNP_CAS_CLEAN_140_CASE_INITIATION_MILESTONE_20250505,20250505,CASE_INITIATION_TO_MILESTONE,1.0.0-cox-production-baseline,2493aa920caf664a,0.090825,1.095077,current_stage_SECTION_11 (+0.9761); act_key_RFCTLARR_2013 (+0.2005),derived_project_type_Rural Infrastructure (-0.4464); derived_days_in_current_stage (-0.3491); derived_notice_count (-0.2903),2,3,HIGH_UNCERTAINTY_SPARSE_EVENTS,PARTIAL — CALIBRATION NOT RELIABLE DUE TO EVENT SPARSITY,HIGH UNCERTAINTY: Estimates derived from sparse administrative milestone occurrences.
CAS_CLEAN_061,SNP_CAS_CLEAN_061_CASE_INITIATION_MILESTONE_20250511,20250511,CASE_INITIATION_TO_MILESTONE,1.0.0-cox-production-baseline,2493aa920caf664a,-1.146045,0.317892,act_key_RFCTLARR_2013 (+0.2005),derived_project_type_Rural Infrastructure (-0.4464); derived_days_in_current_stage (-0.3491); derived_notice_count (-0.2903); derived_is_direct_purchase (-0.2608),1,4,HIGH_UNCERTAINTY_SPARSE_EVENTS,PARTIAL — CALIBRATION NOT RELIABLE DUE TO EVENT SPARSITY,HIGH UNCERTAINTY: Estimates derived from sparse administrative milestone occurrences.
CAS_CLEAN_216,SNP_CAS_CLEAN_216_CASE_INITIATION_MILESTONE_20250514,20250514,CASE_INITIATION_TO_MILESTONE,1.0.0-cox-production-baseline,2493aa920caf664a,-1.376095,0.252563,act_key_RFCTLARR_2013 (+0.2005),current_stage_GENERAL_NOTICE (-0.4558); derived_project_type_Rural Infrastructure (-0.4464); derived_notice_count (-0.2903); district_Pune (-0.2677); derived_days_in_current_stage (-0.1164),1,5,HIGH_UNCERTAINTY_SPARSE_EVENTS,PARTIAL — CALIBRATION NOT RELIABLE DUE TO EVENT SPARSITY,HIGH UNCERTAINTY: Estimates derived from sparse administrative milestone occurrences.
CAS_CLEAN_218,SNP_CAS_CLEAN_218_CASE_INITIATION_MILESTONE_20250514,20250514,CASE_INITIATION_TO_MILESTONE,1.0.0-cox-production-baseline,2493aa920caf664a,-1.376095,0.252563,act_key_RFCTLARR_2013 (+0.2005),current_stage_GENERAL_NOTICE (-0.4558); derived_project_type_Rural Infrastructure (-0.4464); derived_notice_count (-0.2903); district_Pune (-0.2677); derived_days_in_current_stage (-0.1164),1,5,HIGH_UNCERTAINTY_SPARSE_EVENTS,PARTIAL — CALIBRATION NOT RELIABLE DUE TO EVENT SPARSITY,HIGH UNCERTAINTY: Estimates derived from sparse administrative milestone occurrences.
CAS_CLEAN_219,SNP_CAS_CLEAN_219_CASE_INITIATION_MILESTONE_20250514,20250514,CASE_INITIATION_TO_MILESTONE,1.0.0-cox-production-baseline,2493aa920caf664a,-1.376095,0.252563,act_key_RFCTLARR_2013 (+0.2005),current_stage_GENERAL_NOTICE (-0.4558); derived_project_type_Rural Infrastructure (-0.4464); derived_notice_count (-0.2903); district_Pune (-0.2677); derived_days_in_current_stage (-0.1164),1,5,HIGH_UNCERTAINTY_SPARSE_EVENTS,PARTIAL — CALIBRATION NOT RELIABLE DUE TO EVENT SPARSITY,HIGH UNCERTAINTY: Estimates derived from sparse administrative milestone occurrences.
CAS_CLEAN_221,SNP_CAS_CLEAN_221_CASE_INITIATION_MILESTONE_20250514,20250514,CASE_INITIATION_TO_MILESTONE,1.0.0-cox-production-baseline,2493aa920caf664a,-1.376095,0.252563,act_key_RFCTLARR_2013 (+0.2005),current_stage_GENERAL_NOTICE (-0.4558); derived_project_type_Rural Infrastructure (-0.4464); derived_notice_count (-0.2903); district_Pune (-0.2677); derived_days_in_current_stage (-0.1164),1,5,HIGH_UNCERTAINTY_SPARSE_EVENTS,PARTIAL — CALIBRATION NOT RELIABLE DUE TO EVENT SPARSITY,HIGH UNCERTAINTY: Estimates derived from sparse administrative milestone occurrences.
CAS_CLEAN_016,SNP_CAS_CLEAN_016_CASE_INITIATION_MILESTONE_20250515,20250515,CASE_INITIATION_TO_MILESTONE,1.0.0-cox-production-baseline,2493aa920caf664a,-0.913305,0.401196,act_key_RFCTLARR_2013 (+0.2005),derived_project_type_Rural Infrastructure (-0.4464); derived_notice_count (-0.2903); derived_is_direct_purchase (-0.2608); derived_days_in_current_stage (-0.1164),1,4,HIGH_UNCERTAINTY_SPARSE_EVENTS,PARTIAL — CALIBRATION NOT RELIABLE DUE TO EVENT SPARSITY,HIGH UNCERTAINTY: Estimates derived from sparse administrative milestone occurrences.
CAS_CLEAN_070,SNP_CAS_CLEAN_070_CASE_INITIATION_MILESTONE_20250515,20250515,CASE_INITIATION_TO_MILESTONE,1.0.0-cox-production-baseline,2493aa920caf664a,1.461459,4.312247,extension_count (+0.6305); current_stage_INITIATION (+0.6305); act_key_RFCTLARR_2013 (+0.2005),,3,0,HIGH_UNCERTAINTY_SPARSE_EVENTS,PARTIAL — CALIBRATION NOT RELIABLE DUE TO EVENT SPARSITY,HIGH UNCERTAINTY: Estimates derived from sparse administrative milestone occurrences.
CAS_CLEAN_099,SNP_CAS_CLEAN_099_CASE_INITIATION_MILESTONE_20250519,20250519,CASE_INITIATION_TO_MILESTONE,1.0.0-cox-production-baseline,2493aa920caf664a,-1.341089,0.261561,act_key_RFCTLARR_2013 (+0.2005),current_stage_GENERAL_NOTICE (-0.4558); derived_project_type_Rural Infrastructure (-0.4464); derived_days_in_current_stage (-0.3491); derived_notice_count (-0.2903),1,4,HIGH_UNCERTAINTY_SPARSE_EVENTS,PARTIAL — CALIBRATION NOT RELIABLE DUE TO EVENT SPARSITY,HIGH UNCERTAINTY: Estimates derived from sparse administrative milestone occurrences.
CAS_CLEAN_128,SNP_CAS_CLEAN_128_CASE_INITIATION_MILESTONE_20250519,20250519,CASE_INITIATION_TO_MILESTONE,1.0.0-cox-production-baseline,2493aa920caf664a,-1.146045,0.317892,act_key_RFCTLARR_2013 (+0.2005),derived_project_type_Rural Infrastructure (-0.4464); derived_days_in_current_stage (-0.3491); derived_notice_count (-0.2903); derived_is_direct_purchase (-0.2608),1,4,HIGH_UNCERTAINTY_SPARSE_EVENTS,PARTIAL — CALIBRATION NOT RELIABLE DUE TO EVENT SPARSITY,HIGH UNCERTAINTY: Estimates derived from sparse administrative milestone occurrences.
CAS_CLEAN_234,SNP_CAS_CLEAN_234_CASE_INITIATION_MILESTONE_20250521,20250521,CASE_INITIATION_TO_MILESTONE,1.0.0-cox-production-baseline,2493aa920caf664a,-0.929713,0.394667,act_key_RFCTLARR_2013 (+0.2005),current_stage_GENERAL_NOTICE (-0.4558); derived_notice_count (-0.2903); district_Pune (-0.2677); derived_days_in_current_stage (-0.1164),1,4,HIGH_UNCERTAINTY_SPARSE_EVENTS,PARTIAL — CALIBRATION NOT RELIABLE DUE TO EVENT SPARSITY,HIGH UNCERTAINTY: Estimates derived from sparse administrative milestone occurrences.
CAS_CLEAN_100,SNP_CAS_CLEAN_100_CASE_INITIATION_MILESTONE_20250526,20250526,CASE_INITIATION_TO_MILESTONE,1.0.0-cox-production-baseline,2493aa920caf664a,-0.915411,0.400352,act_key_RFCTLARR_2013 (+0.2005),derived_project_type_Rural Infrastructure (-0.4464); derived_notice_count (-0.2903); current_stage_SECTION_21 (-0.2629); derived_days_in_current_stage (-0.1164),1,4,HIGH_UNCERTAINTY_SPARSE_EVENTS,PARTIAL — CALIBRATION NOT RELIABLE DUE TO EVENT SPARSITY,HIGH UNCERTAINTY: Estimates derived from sparse administrative milestone occurrences.
CAS_CLEAN_024,SNP_CAS_CLEAN_024_CASE_INITIATION_MILESTONE_20250528,20250528,CASE_INITIATION_TO_MILESTONE,1.0.0-cox-production-baseline,2493aa920caf664a,-0.991979,0.370842,act_key_RFCTLARR_2013 (+0.2005),current_stage_GENERAL_NOTICE (-0.4558); derived_project_type_Rural Infrastructure (-0.4464); derived_notice_count (-0.2903),1,3,HIGH_UNCERTAINTY_SPARSE_EVENTS,PARTIAL — CALIBRATION NOT RELIABLE DUE TO EVENT SPARSITY,HIGH UNCERTAINTY: Estimates derived from sparse administrative milestone occurrences.
CAS_CLEAN_203,SNP_CAS_CLEAN_203_CASE_INITIATION_MILESTONE_20250528,20250528,CASE_INITIATION_TO_MILESTONE,1.0.0-cox-production-baseline,2493aa920caf664a,-1.376095,0.252563,act_key_RFCTLARR_2013 (+0.2005),current_stage_GENERAL_NOTICE (-0.4558); derived_project_type_Rural Infrastructure (-0.4464); derived_notice_count (-0.2903); district_Pune (-0.2677); derived_days_in_current_stage (-0.1164),1,5,HIGH_UNCERTAINTY_SPARSE_EVENTS,PARTIAL — CALIBRATION NOT RELIABLE DUE TO EVENT SPARSITY,HIGH UNCERTAINTY: Estimates derived from sparse administrative milestone occurrences.
CAS_CLEAN_204,SNP_CAS_CLEAN_204_CASE_INITIATION_MILESTONE_20250528,20250528,CASE_INITIATION_TO_MILESTONE,1.0.0-cox-production-baseline,2493aa920caf664a,-1.376095,0.252563,act_key_RFCTLARR_2013 (+0.2005),current_stage_GENERAL_NOTICE (-0.4558); derived_project_type_Rural Infrastructure (-0.4464); derived_notice_count (-0.2903); district_Pune (-0.2677); derived_days_in_current_stage (-0.1164),1,5,HIGH_UNCERTAINTY_SPARSE_EVENTS,PARTIAL — CALIBRATION NOT RELIABLE DUE TO EVENT SPARSITY,HIGH UNCERTAINTY: Estimates derived from sparse administrative milestone occurrences.
CAS_CLEAN_205,SNP_CAS_CLEAN_205_CASE_INITIATION_MILESTONE_20250528,20250528,CASE_INITIATION_TO_MILESTONE,1.0.0-cox-production-baseline,2493aa920caf664a,-1.376095,0.252563,act_key_RFCTLARR_2013 (+0.2005),current_stage_GENERAL_NOTICE (-0.4558); derived_project_type_Rural Infrastructure (-0.4464); derived_notice_count (-0.2903); district_Pune (-0.2677); derived_days_in_current_stage (-0.1164),1,5,HIGH_UNCERTAINTY_SPARSE_EVENTS,PARTIAL — CALIBRATION NOT RELIABLE DUE TO EVENT SPARSITY,HIGH UNCERTAINTY: Estimates derived from sparse administrative milestone occurrences.
CAS_CLEAN_206,SNP_CAS_CLEAN_206_CASE_INITIATION_MILESTONE_20250528,20250528,CASE_INITIATION_TO_MILESTONE,1.0.0-cox-production-baseline,2493aa920caf664a,-1.376095,0.252563,act_key_RFCTLARR_2013 (+0.2005),current_stage_GENERAL_NOTICE (-0.4558); derived_project_type_Rural Infrastructure (-0.4464); derived_notice_count (-0.2903); district_Pune (-0.2677); derived_days_in_current_stage (-0.1164),1,5,HIGH_UNCERTAINTY_SPARSE_EVENTS,PARTIAL — CALIBRATION NOT RELIABLE DUE TO EVENT SPARSITY,HIGH UNCERTAINTY: Estimates derived from sparse administrative milestone occurrences.
CAS_CLEAN_033,SNP_CAS_CLEAN_033_CASE_INITIATION_MILESTONE_20250530,20250530,CASE_INITIATION_TO_MILESTONE,1.0.0-cox-production-baseline,2493aa920caf664a,-0.545597,0.579496,act_key_RFCTLARR_2013 (+0.2005),current_stage_GENERAL_NOTICE (-0.4558); derived_notice_count (-0.2903),1,2,HIGH_UNCERTAINTY_SPARSE_EVENTS,PARTIAL — CALIBRATION NOT RELIABLE DUE TO EVENT SPARSITY,HIGH UNCERTAINTY: Estimates derived from sparse administrative milestone occurrences.
CAS_CLEAN_211,SNP_CAS_CLEAN_211_CASE_INITIATION_MILESTONE_20250530,20250530,CASE_INITIATION_TO_MILESTONE,1.0.0-cox-production-baseline,2493aa920caf664a,-1.376095,0.252563,act_key_RFCTLARR_2013 (+0.2005),current_stage_GENERAL_NOTICE (-0.4558); derived_project_type_Rural Infrastructure (-0.4464); derived_notice_count (-0.2903); district_Pune (-0.2677); derived_days_in_current_stage (-0.1164),1,5,HIGH_UNCERTAINTY_SPARSE_EVENTS,PARTIAL — CALIBRATION NOT RELIABLE DUE TO EVENT SPARSITY,HIGH UNCERTAINTY: Estimates derived from sparse administrative milestone occurrences.
CAS_CLEAN_148,SNP_CAS_CLEAN_148_CASE_INITIATION_MILESTONE_20250531,20250531,CASE_INITIATION_TO_MILESTONE,1.0.0-cox-production-baseline,2493aa920caf664a,-1.224719,0.29384,act_key_RFCTLARR_2013 (+0.2005),current_stage_GENERAL_NOTICE (-0.4558); derived_project_type_Rural Infrastructure (-0.4464); derived_notice_count (-0.2903); derived_days_in_current_stage (-0.2327),1,4,HIGH_UNCERTAINTY_SPARSE_EVENTS,PARTIAL — CALIBRATION NOT RELIABLE DUE TO EVENT SPARSITY,HIGH UNCERTAINTY: Estimates derived from sparse administrative milestone occurrences.
CAS_CLEAN_023,SNP_CAS_CLEAN_023_CASE_INITIATION_MILESTONE_20250605,20250605,CASE_INITIATION_TO_MILESTONE,1.0.0-cox-production-baseline,2493aa920caf664a,-0.991979,0.370842,act_key_RFCTLARR_2013 (+0.2005),current_stage_GENERAL_NOTICE (-0.4558); derived_project_type_Rural Infrastructure (-0.4464); derived_notice_count (-0.2903),1,3,HIGH_UNCERTAINTY_SPARSE_EVENTS,PARTIAL — CALIBRATION NOT RELIABLE DUE TO EVENT SPARSITY,HIGH UNCERTAINTY: Estimates derived from sparse administrative milestone occurrences.
CAS_CLEAN_193,SNP_CAS_CLEAN_193_CASE_INITIATION_MILESTONE_20250606,20250606,CASE_INITIATION_TO_MILESTONE,1.0.0-cox-production-baseline,2493aa920caf664a,-1.259725,0.283732,act_key_RFCTLARR_2013 (+0.2005),current_stage_GENERAL_NOTICE (-0.4558); derived_project_type_Rural Infrastructure (-0.4464); derived_notice_count (-0.2903); district_Pune (-0.2677),1,4,HIGH_UNCERTAINTY_SPARSE_EVENTS,PARTIAL — CALIBRATION NOT RELIABLE DUE TO EVENT SPARSITY,HIGH UNCERTAINTY: Estimates derived from sparse administrative milestone occurrences.
CAS_CLEAN_196,SNP_CAS_CLEAN_196_CASE_INITIATION_MILESTONE_20250606,20250606,CASE_INITIATION_TO_MILESTONE,1.0.0-cox-production-baseline,2493aa920caf664a,-1.259725,0.283732,act_key_RFCTLARR_2013 (+0.2005),current_stage_GENERAL_NOTICE (-0.4558); derived_project_type_Rural Infrastructure (-0.4464); derived_notice_count (-0.2903); district_Pune (-0.2677),1,4,HIGH_UNCERTAINTY_SPARSE_EVENTS,PARTIAL — CALIBRATION NOT RELIABLE DUE TO EVENT SPARSITY,HIGH UNCERTAINTY: Estimates derived from sparse administrative milestone occurrences.
CAS_CLEAN_005,SNP_CAS_CLEAN_005_CASE_INITIATION_MILESTONE_20250608,20250608,CASE_INITIATION_TO_MILESTONE,1.0.0-cox-production-baseline,2493aa920caf664a,-1.27342,0.279873,act_key_RFCTLARR_2013 (+0.2005),derived_notice_count (-0.5806); derived_project_type_Rural Infrastructure (-0.4464); derived_is_direct_purchase (-0.2608); derived_days_in_current_stage (-0.1862),1,4,HIGH_UNCERTAINTY_SPARSE_EVENTS,PARTIAL — CALIBRATION NOT RELIABLE DUE TO EVENT SPARSITY,HIGH UNCERTAINTY: Estimates derived from sparse administrative milestone occurrences.
CAS_CLEAN_079,SNP_CAS_CLEAN_079_CASE_INITIATION_MILESTONE_20250608,20250608,CASE_INITIATION_TO_MILESTONE,1.0.0-cox-production-baseline,2493aa920caf664a,-1.27342,0.279873,act_key_RFCTLARR_2013 (+0.2005),derived_notice_count (-0.5806); derived_project_type_Rural Infrastructure (-0.4464); derived_is_direct_purchase (-0.2608); derived_days_in_current_stage (-0.1862),1,4,HIGH_UNCERTAINTY_SPARSE_EVENTS,PARTIAL — CALIBRATION NOT RELIABLE DUE TO EVENT SPARSITY,HIGH UNCERTAINTY: Estimates derived from sparse administrative milestone occurrences.
CAS_CLEAN_145,SNP_CAS_CLEAN_145_CASE_INITIATION_MILESTONE_20250608,20250608,CASE_INITIATION_TO_MILESTONE,1.0.0-cox-production-baseline,2493aa920caf664a,-1.27342,0.279873,act_key_RFCTLARR_2013 (+0.2005),derived_notice_count (-0.5806); derived_project_type_Rural Infrastructure (-0.4464); derived_is_direct_purchase (-0.2608); derived_days_in_current_stage (-0.1862),1,4,HIGH_UNCERTAINTY_SPARSE_EVENTS,PARTIAL — CALIBRATION NOT RELIABLE DUE TO EVENT SPARSITY,HIGH UNCERTAINTY: Estimates derived from sparse administrative milestone occurrences.
CAS_CLEAN_212,SNP_CAS_CLEAN_212_CASE_INITIATION_MILESTONE_20250608,20250608,CASE_INITIATION_TO_MILESTONE,1.0.0-cox-production-baseline,2493aa920caf664a,-1.376095,0.252563,act_key_RFCTLARR_2013 (+0.2005),current_stage_GENERAL_NOTICE (-0.4558); derived_project_type_Rural Infrastructure (-0.4464); derived_notice_count (-0.2903); district_Pune (-0.2677); derived_days_in_current_stage (-0.1164),1,5,HIGH_UNCERTAINTY_SPARSE_EVENTS,PARTIAL — CALIBRATION NOT RELIABLE DUE TO EVENT SPARSITY,HIGH UNCERTAINTY: Estimates derived from sparse administrative milestone occurrences.
CAS_CLEAN_213,SNP_CAS_CLEAN_213_CASE_INITIATION_MILESTONE_20250608,20250608,CASE_INITIATION_TO_MILESTONE,1.0.0-cox-production-baseline,2493aa920caf664a,-1.376095,0.252563,act_key_RFCTLARR_2013 (+0.2005),current_stage_GENERAL_NOTICE (-0.4558); derived_project_type_Rural Infrastructure (-0.4464); derived_notice_count (-0.2903); district_Pune (-0.2677); derived_days_in_current_stage (-0.1164),1,5,HIGH_UNCERTAINTY_SPARSE_EVENTS,PARTIAL — CALIBRATION NOT RELIABLE DUE TO EVENT SPARSITY,HIGH UNCERTAINTY: Estimates derived from sparse administrative milestone occurrences.
CAS_CLEAN_215,SNP_CAS_CLEAN_215_CASE_INITIATION_MILESTONE_20250609,20250609,CASE_INITIATION_TO_MILESTONE,1.0.0-cox-production-baseline,2493aa920caf664a,-1.376095,0.252563,act_key_RFCTLARR_2013 (+0.2005),current_stage_GENERAL_NOTICE (-0.4558); derived_project_type_Rural Infrastructure (-0.4464); derived_notice_count (-0.2903); district_Pune (-0.2677); derived_days_in_current_stage (-0.1164),1,5,HIGH_UNCERTAINTY_SPARSE_EVENTS,PARTIAL — CALIBRATION NOT RELIABLE DUE TO EVENT SPARSITY,HIGH UNCERTAINTY: Estimates derived from sparse administrative milestone occurrences.
CAS_CLEAN_091,SNP_CAS_CLEAN_091_CASE_INITIATION_MILESTONE_20250610,20250610,CASE_INITIATION_TO_MILESTONE,1.0.0-cox-production-baseline,2493aa920caf664a,-1.224719,0.29384,act_key_RFCTLARR_2013 (+0.2005),current_stage_GENERAL_NOTICE (-0.4558); derived_project_type_Rural Infrastructure (-0.4464); derived_notice_count (-0.2903); derived_days_in_current_stage (-0.2327),1,4,HIGH_UNCERTAINTY_SPARSE_EVENTS,PARTIAL — CALIBRATION NOT RELIABLE DUE TO EVENT SPARSITY,HIGH UNCERTAINTY: Estimates derived from sparse administrative milestone occurrences.
CAS_CLEAN_207,SNP_CAS_CLEAN_207_CASE_INITIATION_MILESTONE_20250611,20250611,CASE_INITIATION_TO_MILESTONE,1.0.0-cox-production-baseline,2493aa920caf664a,-1.376095,0.252563,act_key_RFCTLARR_2013 (+0.2005),current_stage_GENERAL_NOTICE (-0.4558); derived_project_type_Rural Infrastructure (-0.4464); derived_notice_count (-0.2903); district_Pune (-0.2677); derived_days_in_current_stage (-0.1164),1,5,HIGH_UNCERTAINTY_SPARSE_EVENTS,PARTIAL — CALIBRATION NOT RELIABLE DUE TO EVENT SPARSITY,HIGH UNCERTAINTY: Estimates derived from sparse administrative milestone occurrences.
CAS_CLEAN_208,SNP_CAS_CLEAN_208_CASE_INITIATION_MILESTONE_20250611,20250611,CASE_INITIATION_TO_MILESTONE,1.0.0-cox-production-baseline,2493aa920caf664a,-1.376095,0.252563,act_key_RFCTLARR_2013 (+0.2005),current_stage_GENERAL_NOTICE (-0.4558); derived_project_type_Rural Infrastructure (-0.4464); derived_notice_count (-0.2903); district_Pune (-0.2677); derived_days_in_current_stage (-0.1164),1,5,HIGH_UNCERTAINTY_SPARSE_EVENTS,PARTIAL — CALIBRATION NOT RELIABLE DUE TO EVENT SPARSITY,HIGH UNCERTAINTY: Estimates derived from sparse administrative milestone occurrences.
CAS_CLEAN_209,SNP_CAS_CLEAN_209_CASE_INITIATION_MILESTONE_20250611,20250611,CASE_INITIATION_TO_MILESTONE,1.0.0-cox-production-baseline,2493aa920caf664a,-1.376095,0.252563,act_key_RFCTLARR_2013 (+0.2005),current_stage_GENERAL_NOTICE (-0.4558); derived_project_type_Rural Infrastructure (-0.4464); derived_notice_count (-0.2903); district_Pune (-0.2677); derived_days_in_current_stage (-0.1164),1,5,HIGH_UNCERTAINTY_SPARSE_EVENTS,PARTIAL — CALIBRATION NOT RELIABLE DUE TO EVENT SPARSITY,HIGH UNCERTAINTY: Estimates derived from sparse administrative milestone occurrences.
CAS_CLEAN_258,SNP_CAS_CLEAN_258_CASE_INITIATION_MILESTONE_20250615,20250615,CASE_INITIATION_TO_MILESTONE,1.0.0-cox-production-baseline,2493aa920caf664a,-1.130212,0.322965,,current_stage_GENERAL_NOTICE (-0.4558); derived_notice_count (-0.2903); district_Pune (-0.2677); derived_days_in_current_stage (-0.1164),0,4,HIGH_UNCERTAINTY_SPARSE_EVENTS,PARTIAL — CALIBRATION NOT RELIABLE DUE TO EVENT SPARSITY,HIGH UNCERTAINTY: Estimates derived from sparse administrative milestone occurrences.
CAS_CLEAN_210,SNP_CAS_CLEAN_210_CASE_INITIATION_MILESTONE_20250618,20250618,CASE_INITIATION_TO_MILESTONE,1.0.0-cox-production-baseline,2493aa920caf664a,-1.376095,0.252563,act_key_RFCTLARR_2013 (+0.2005),current_stage_GENERAL_NOTICE (-0.4558); derived_project_type_Rural Infrastructure (-0.4464); derived_notice_count (-0.2903); district_Pune (-0.2677); derived_days_in_current_stage (-0.1164),1,5,HIGH_UNCERTAINTY_SPARSE_EVENTS,PARTIAL — CALIBRATION NOT RELIABLE DUE TO EVENT SPARSITY,HIGH UNCERTAINTY: Estimates derived from sparse administrative milestone occurrences.
CAS_CLEAN_228,SNP_CAS_CLEAN_228_CASE_INITIATION_MILESTONE_20250621,20250621,CASE_INITIATION_TO_MILESTONE,1.0.0-cox-production-baseline,2493aa920caf664a,-1.492465,0.224818,act_key_RFCTLARR_2013 (+0.2005),current_stage_GENERAL_NOTICE (-0.4558); derived_project_type_Rural Infrastructure (-0.4464); derived_notice_count (-0.2903); district_Pune (-0.2677); derived_days_in_current_stage (-0.2327),1,5,HIGH_UNCERTAINTY_SPARSE_EVENTS,PARTIAL — CALIBRATION NOT RELIABLE DUE TO EVENT SPARSITY,HIGH UNCERTAINTY: Estimates derived from sparse administrative milestone occurrences.
CAS_CLEAN_229,SNP_CAS_CLEAN_229_CASE_INITIATION_MILESTONE_20250621,20250621,CASE_INITIATION_TO_MILESTONE,1.0.0-cox-production-baseline,2493aa920caf664a,-1.492465,0.224818,act_key_RFCTLARR_2013 (+0.2005),current_stage_GENERAL_NOTICE (-0.4558); derived_project_type_Rural Infrastructure (-0.4464); derived_notice_count (-0.2903); district_Pune (-0.2677); derived_days_in_current_stage (-0.2327),1,5,HIGH_UNCERTAINTY_SPARSE_EVENTS,PARTIAL — CALIBRATION NOT RELIABLE DUE TO EVENT SPARSITY,HIGH UNCERTAINTY: Estimates derived from sparse administrative milestone occurrences.
CAS_CLEAN_230,SNP_CAS_CLEAN_230_CASE_INITIATION_MILESTONE_20250621,20250621,CASE_INITIATION_TO_MILESTONE,1.0.0-cox-production-baseline,2493aa920caf664a,-1.492465,0.224818,act_key_RFCTLARR_2013 (+0.2005),current_stage_GENERAL_NOTICE (-0.4558); derived_project_type_Rural Infrastructure (-0.4464); derived_notice_count (-0.2903); district_Pune (-0.2677); derived_days_in_current_stage (-0.2327),1,5,HIGH_UNCERTAINTY_SPARSE_EVENTS,PARTIAL — CALIBRATION NOT RELIABLE DUE TO EVENT SPARSITY,HIGH UNCERTAINTY: Estimates derived from sparse administrative milestone occurrences.
CAS_CLEAN_231,SNP_CAS_CLEAN_231_CASE_INITIATION_MILESTONE_20250621,20250621,CASE_INITIATION_TO_MILESTONE,1.0.0-cox-production-baseline,2493aa920caf664a,-1.492465,0.224818,act_key_RFCTLARR_2013 (+0.2005),current_stage_GENERAL_NOTICE (-0.4558); derived_project_type_Rural Infrastructure (-0.4464); derived_notice_count (-0.2903); district_Pune (-0.2677); derived_days_in_current_stage (-0.2327),1,5,HIGH_UNCERTAINTY_SPARSE_EVENTS,PARTIAL — CALIBRATION NOT RELIABLE DUE TO EVENT SPARSITY,HIGH UNCERTAINTY: Estimates derived from sparse administrative milestone occurrences.
CAS_CLEAN_232,SNP_CAS_CLEAN_232_CASE_INITIATION_MILESTONE_20250621,20250621,CASE_INITIATION_TO_MILESTONE,1.0.0-cox-production-baseline,2493aa920caf664a,-1.492465,0.224818,act_key_RFCTLARR_2013 (+0.2005),current_stage_GENERAL_NOTICE (-0.4558); derived_project_type_Rural Infrastructure (-0.4464); derived_notice_count (-0.2903); district_Pune (-0.2677); derived_days_in_current_stage (-0.2327),1,5,HIGH_UNCERTAINTY_SPARSE_EVENTS,PARTIAL — CALIBRATION NOT RELIABLE DUE TO EVENT SPARSITY,HIGH UNCERTAINTY: Estimates derived from sparse administrative milestone occurrences.
CAS_CLEAN_242,SNP_CAS_CLEAN_242_CASE_INITIATION_MILESTONE_20250621,20250621,CASE_INITIATION_TO_MILESTONE,1.0.0-cox-production-baseline,2493aa920caf664a,-1.492465,0.224818,act_key_RFCTLARR_2013 (+0.2005),current_stage_GENERAL_NOTICE (-0.4558); derived_project_type_Rural Infrastructure (-0.4464); derived_notice_count (-0.2903); district_Pune (-0.2677); derived_days_in_current_stage (-0.2327),1,5,HIGH_UNCERTAINTY_SPARSE_EVENTS,PARTIAL — CALIBRATION NOT RELIABLE DUE TO EVENT SPARSITY,HIGH UNCERTAINTY: Estimates derived from sparse administrative milestone occurrences.
CAS_CLEAN_101,SNP_CAS_CLEAN_101_CASE_INITIATION_MILESTONE_20250623,20250623,CASE_INITIATION_TO_MILESTONE,1.0.0-cox-production-baseline,2493aa920caf664a,-0.799041,0.44976,act_key_RFCTLARR_2013 (+0.2005),derived_project_type_Rural Infrastructure (-0.4464); derived_notice_count (-0.2903); current_stage_SECTION_21 (-0.2629),1,3,HIGH_UNCERTAINTY_SPARSE_EVENTS,PARTIAL — CALIBRATION NOT RELIABLE DUE TO EVENT SPARSITY,HIGH UNCERTAINTY: Estimates derived from sparse administrative milestone occurrences.
CAS_CLEAN_001,SNP_CAS_CLEAN_001_CASE_INITIATION_MILESTONE_20250625,20250625,CASE_INITIATION_TO_MILESTONE,1.0.0-cox-production-baseline,2493aa920caf664a,-1.029675,0.357123,act_key_RFCTLARR_2013 (+0.2005),derived_project_type_Rural Infrastructure (-0.4464); derived_notice_count (-0.2903); derived_is_direct_purchase (-0.2608); derived_days_in_current_stage (-0.2327),1,4,HIGH_UNCERTAINTY_SPARSE_EVENTS,PARTIAL — CALIBRATION NOT RELIABLE DUE TO EVENT SPARSITY,HIGH UNCERTAINTY: Estimates derived from sparse administrative milestone occurrences.
CAS_CLEAN_126,SNP_CAS_CLEAN_126_CASE_INITIATION_MILESTONE_20250625,20250625,CASE_INITIATION_TO_MILESTONE,1.0.0-cox-production-baseline,2493aa920caf664a,-1.26888,0.281146,act_key_RFCTLARR_2013 (+0.2005),derived_days_in_current_stage (-0.4719); derived_project_type_Rural Infrastructure (-0.4464); derived_notice_count (-0.2903); derived_is_direct_purchase (-0.2608),1,4,HIGH_UNCERTAINTY_SPARSE_EVENTS,PARTIAL — CALIBRATION NOT RELIABLE DUE TO EVENT SPARSITY,HIGH UNCERTAINTY: Estimates derived from sparse administrative milestone occurrences.
CAS_CLEAN_127,SNP_CAS_CLEAN_127_CASE_INITIATION_MILESTONE_20250625,20250625,CASE_INITIATION_TO_MILESTONE,1.0.0-cox-production-baseline,2493aa920caf664a,-1.26888,0.281146,act_key_RFCTLARR_2013 (+0.2005),derived_days_in_current_stage (-0.4719); derived_project_type_Rural Infrastructure (-0.4464); derived_notice_count (-0.2903); derived_is_direct_purchase (-0.2608),1,4,HIGH_UNCERTAINTY_SPARSE_EVENTS,PARTIAL — CALIBRATION NOT RELIABLE DUE TO EVENT SPARSITY,HIGH UNCERTAINTY: Estimates derived from sparse administrative milestone occurrences.
CAS_CLEAN_227,SNP_CAS_CLEAN_227_CASE_INITIATION_MILESTONE_20250625,20250625,CASE_INITIATION_TO_MILESTONE,1.0.0-cox-production-baseline,2493aa920caf664a,-1.492465,0.224818,act_key_RFCTLARR_2013 (+0.2005),current_stage_GENERAL_NOTICE (-0.4558); derived_project_type_Rural Infrastructure (-0.4464); derived_notice_count (-0.2903); district_Pune (-0.2677); derived_days_in_current_stage (-0.2327),1,5,HIGH_UNCERTAINTY_SPARSE_EVENTS,PARTIAL — CALIBRATION NOT RELIABLE DUE TO EVENT SPARSITY,HIGH UNCERTAINTY: Estimates derived from sparse administrative milestone occurrences.
CAS_CLEAN_240,SNP_CAS_CLEAN_240_CASE_INITIATION_MILESTONE_20250625,20250625,CASE_INITIATION_TO_MILESTONE,1.0.0-cox-production-baseline,2493aa920caf664a,-1.492465,0.224818,act_key_RFCTLARR_2013 (+0.2005),current_stage_GENERAL_NOTICE (-0.4558); derived_project_type_Rural Infrastructure (-0.4464); derived_notice_count (-0.2903); district_Pune (-0.2677); derived_days_in_current_stage (-0.2327),1,5,HIGH_UNCERTAINTY_SPARSE_EVENTS,PARTIAL — CALIBRATION NOT RELIABLE DUE TO EVENT SPARSITY,HIGH UNCERTAINTY: Estimates derived from sparse administrative milestone occurrences.
CAS_CLEAN_042,SNP_CAS_CLEAN_042_CASE_INITIATION_MILESTONE_20250626,20250626,CASE_INITIATION_TO_MILESTONE,1.0.0-cox-production-baseline,2493aa920caf664a,-1.282272,0.277406,act_key_RFCTLARR_2013 (+0.2005),derived_notice_count (-0.5806); current_stage_GENERAL_NOTICE (-0.4558); derived_project_type_Rural Infrastructure (-0.4464),1,3,HIGH_UNCERTAINTY_SPARSE_EVENTS,PARTIAL — CALIBRATION NOT RELIABLE DUE TO EVENT SPARSITY,HIGH UNCERTAINTY: Estimates derived from sparse administrative milestone occurrences.
CAS_CLEAN_093,SNP_CAS_CLEAN_093_CASE_INITIATION_MILESTONE_20250626,20250626,CASE_INITIATION_TO_MILESTONE,1.0.0-cox-production-baseline,2493aa920caf664a,-0.991979,0.370842,act_key_RFCTLARR_2013 (+0.2005),current_stage_GENERAL_NOTICE (-0.4558); derived_project_type_Rural Infrastructure (-0.4464); derived_notice_count (-0.2903),1,3,HIGH_UNCERTAINTY_SPARSE_EVENTS,PARTIAL — CALIBRATION NOT RELIABLE DUE TO EVENT SPARSITY,HIGH UNCERTAINTY: Estimates derived from sparse administrative milestone occurrences.
CAS_CLEAN_194,SNP_CAS_CLEAN_194_CASE_INITIATION_MILESTONE_20250627,20250627,CASE_INITIATION_TO_MILESTONE,1.0.0-cox-production-baseline,2493aa920caf664a,-1.259725,0.283732,act_key_RFCTLARR_2013 (+0.2005),current_stage_GENERAL_NOTICE (-0.4558); derived_project_type_Rural Infrastructure (-0.4464); derived_notice_count (-0.2903); district_Pune (-0.2677),1,4,HIGH_UNCERTAINTY_SPARSE_EVENTS,PARTIAL — CALIBRATION NOT RELIABLE DUE TO EVENT SPARSITY,HIGH UNCERTAINTY: Estimates derived from sparse administrative milestone occurrences.
CAS_CLEAN_195,SNP_CAS_CLEAN_195_CASE_INITIATION_MILESTONE_20250627,20250627,CASE_INITIATION_TO_MILESTONE,1.0.0-cox-production-baseline,2493aa920caf664a,-1.259725,0.283732,act_key_RFCTLARR_2013 (+0.2005),current_stage_GENERAL_NOTICE (-0.4558); derived_project_type_Rural Infrastructure (-0.4464); derived_notice_count (-0.2903); district_Pune (-0.2677),1,4,HIGH_UNCERTAINTY_SPARSE_EVENTS,PARTIAL — CALIBRATION NOT RELIABLE DUE TO EVENT SPARSITY,HIGH UNCERTAINTY: Estimates derived from sparse administrative milestone occurrences.
CAS_CLEAN_096,SNP_CAS_CLEAN_096_CASE_INITIATION_MILESTONE_20250628,20250628,CASE_INITIATION_TO_MILESTONE,1.0.0-cox-production-baseline,2493aa920caf664a,-1.148151,0.317223,act_key_RFCTLARR_2013 (+0.2005),derived_project_type_Rural Infrastructure (-0.4464); derived_days_in_current_stage (-0.3491); derived_notice_count (-0.2903); current_stage_SECTION_21 (-0.2629),1,4,HIGH_UNCERTAINTY_SPARSE_EVENTS,PARTIAL — CALIBRATION NOT RELIABLE DUE TO EVENT SPARSITY,HIGH UNCERTAINTY: Estimates derived from sparse administrative milestone occurrences.
CAS_CLEAN_095,SNP_CAS_CLEAN_095_CASE_INITIATION_MILESTONE_20250630,20250630,CASE_INITIATION_TO_MILESTONE,1.0.0-cox-production-baseline,2493aa920caf664a,-1.274233,0.279645,act_key_RFCTLARR_2013 (+0.2005),derived_notice_count (-0.5806); derived_project_type_Rural Infrastructure (-0.4464); current_stage_SECTION_21 (-0.2629); derived_days_in_current_stage (-0.1849),1,4,HIGH_UNCERTAINTY_SPARSE_EVENTS,PARTIAL — CALIBRATION NOT RELIABLE DUE TO EVENT SPARSITY,HIGH UNCERTAINTY: Estimates derived from sparse administrative milestone occurrences.
CAS_CLEAN_214,SNP_CAS_CLEAN_214_CASE_INITIATION_MILESTONE_20250630,20250630,CASE_INITIATION_TO_MILESTONE,1.0.0-cox-production-baseline,2493aa920caf664a,-1.492465,0.224818,act_key_RFCTLARR_2013 (+0.2005),current_stage_GENERAL_NOTICE (-0.4558); derived_project_type_Rural Infrastructure (-0.4464); derived_notice_count (-0.2903); district_Pune (-0.2677); derived_days_in_current_stage (-0.2327),1,5,HIGH_UNCERTAINTY_SPARSE_EVENTS,PARTIAL — CALIBRATION NOT RELIABLE DUE TO EVENT SPARSITY,HIGH UNCERTAINTY: Estimates derived from sparse administrative milestone occurrences.
CAS_CLEAN_223,SNP_CAS_CLEAN_223_CASE_INITIATION_MILESTONE_20250630,20250630,CASE_INITIATION_TO_MILESTONE,1.0.0-cox-production-baseline,2493aa920caf664a,-1.492465,0.224818,act_key_RFCTLARR_2013 (+0.2005),current_stage_GENERAL_NOTICE (-0.4558); derived_project_type_Rural Infrastructure (-0.4464); derived_notice_count (-0.2903); district_Pune (-0.2677); derived_days_in_current_stage (-0.2327),1,5,HIGH_UNCERTAINTY_SPARSE_EVENTS,PARTIAL — CALIBRATION NOT RELIABLE DUE TO EVENT SPARSITY,HIGH UNCERTAINTY: Estimates derived from sparse administrative milestone occurrences.
CAS_CLEAN_224,SNP_CAS_CLEAN_224_CASE_INITIATION_MILESTONE_20250630,20250630,CASE_INITIATION_TO_MILESTONE,1.0.0-cox-production-baseline,2493aa920caf664a,-1.492465,0.224818,act_key_RFCTLARR_2013 (+0.2005),current_stage_GENERAL_NOTICE (-0.4558); derived_project_type_Rural Infrastructure (-0.4464); derived_notice_count (-0.2903); district_Pune (-0.2677); derived_days_in_current_stage (-0.2327),1,5,HIGH_UNCERTAINTY_SPARSE_EVENTS,PARTIAL — CALIBRATION NOT RELIABLE DUE TO EVENT SPARSITY,HIGH UNCERTAINTY: Estimates derived from sparse administrative milestone occurrences.
CAS_CLEAN_225,SNP_CAS_CLEAN_225_CASE_INITIATION_MILESTONE_20250630,20250630,CASE_INITIATION_TO_MILESTONE,1.0.0-cox-production-baseline,2493aa920caf664a,-1.492465,0.224818,act_key_RFCTLARR_2013 (+0.2005),current_stage_GENERAL_NOTICE (-0.4558); derived_project_type_Rural Infrastructure (-0.4464); derived_notice_count (-0.2903); district_Pune (-0.2677); derived_days_in_current_stage (-0.2327),1,5,HIGH_UNCERTAINTY_SPARSE_EVENTS,PARTIAL — CALIBRATION NOT RELIABLE DUE TO EVENT SPARSITY,HIGH UNCERTAINTY: Estimates derived from sparse administrative milestone occurrences.
CAS_CLEAN_185,SNP_CAS_CLEAN_185_CASE_INITIATION_MILESTONE_20250702,20250702,CASE_INITIATION_TO_MILESTONE,1.0.0-cox-production-baseline,2493aa920caf664a,-1.492465,0.224818,act_key_RFCTLARR_2013 (+0.2005),current_stage_GENERAL_NOTICE (-0.4558); derived_project_type_Rural Infrastructure (-0.4464); derived_notice_count (-0.2903); district_Pune (-0.2677); derived_days_in_current_stage (-0.2327),1,5,HIGH_UNCERTAINTY_SPARSE_EVENTS,PARTIAL — CALIBRATION NOT RELIABLE DUE TO EVENT SPARSITY,HIGH UNCERTAINTY: Estimates derived from sparse administrative milestone occurrences.
CAS_CLEAN_201,SNP_CAS_CLEAN_201_CASE_INITIATION_MILESTONE_20250703,20250703,CASE_INITIATION_TO_MILESTONE,1.0.0-cox-production-baseline,2493aa920caf664a,-1.376095,0.252563,act_key_RFCTLARR_2013 (+0.2005),current_stage_GENERAL_NOTICE (-0.4558); derived_project_type_Rural Infrastructure (-0.4464); derived_notice_count (-0.2903); district_Pune (-0.2677); derived_days_in_current_stage (-0.1164),1,5,HIGH_UNCERTAINTY_SPARSE_EVENTS,PARTIAL — CALIBRATION NOT RELIABLE DUE TO EVENT SPARSITY,HIGH UNCERTAINTY: Estimates derived from sparse administrative milestone occurrences.
CAS_CLEAN_238,SNP_CAS_CLEAN_238_CASE_INITIATION_MILESTONE_20250703,20250703,CASE_INITIATION_TO_MILESTONE,1.0.0-cox-production-baseline,2493aa920caf664a,-1.376095,0.252563,act_key_RFCTLARR_2013 (+0.2005),current_stage_GENERAL_NOTICE (-0.4558); derived_project_type_Rural Infrastructure (-0.4464); derived_notice_count (-0.2903); district_Pune (-0.2677); derived_days_in_current_stage (-0.1164),1,5,HIGH_UNCERTAINTY_SPARSE_EVENTS,PARTIAL — CALIBRATION NOT RELIABLE DUE TO EVENT SPARSITY,HIGH UNCERTAINTY: Estimates derived from sparse administrative milestone occurrences.
CAS_CLEAN_071,SNP_CAS_CLEAN_071_CASE_INITIATION_MILESTONE_20250708,20250708,CASE_INITIATION_TO_MILESTONE,1.0.0-cox-production-baseline,2493aa920caf664a,1.015077,2.759576,extension_count (+0.6305); current_stage_INITIATION (+0.6305); act_key_RFCTLARR_2013 (+0.2005),derived_project_type_Rural Infrastructure (-0.4464),3,1,HIGH_UNCERTAINTY_SPARSE_EVENTS,PARTIAL — CALIBRATION NOT RELIABLE DUE TO EVENT SPARSITY,HIGH UNCERTAINTY: Estimates derived from sparse administrative milestone occurrences.
CAS_CLEAN_020,SNP_CAS_CLEAN_020_CASE_INITIATION_MILESTONE_20250710,20250710,CASE_INITIATION_TO_MILESTONE,1.0.0-cox-production-baseline,2493aa920caf664a,-1.463924,0.231327,act_key_RFCTLARR_2013 (+0.2005),derived_days_in_current_stage (-0.4719); current_stage_GENERAL_NOTICE (-0.4558); derived_project_type_Rural Infrastructure (-0.4464); derived_notice_count (-0.2903),1,4,HIGH_UNCERTAINTY_SPARSE_EVENTS,PARTIAL — CALIBRATION NOT RELIABLE DUE TO EVENT SPARSITY,HIGH UNCERTAINTY: Estimates derived from sparse administrative milestone occurrences.
CAS_CLEAN_009,SNP_CAS_CLEAN_009_CASE_INITIATION_MILESTONE_20250713,20250713,CASE_INITIATION_TO_MILESTONE,1.0.0-cox-production-baseline,2493aa920caf664a,0.207195,1.230222,current_stage_SECTION_11 (+0.9761); act_key_RFCTLARR_2013 (+0.2005),derived_project_type_Rural Infrastructure (-0.4464); derived_notice_count (-0.2903); derived_days_in_current_stage (-0.2327),2,3,HIGH_UNCERTAINTY_SPARSE_EVENTS,PARTIAL — CALIBRATION NOT RELIABLE DUE TO EVENT SPARSITY,HIGH UNCERTAINTY: Estimates derived from sparse administrative milestone occurrences.
CAS_CLEAN_064,SNP_CAS_CLEAN_064_CASE_INITIATION_MILESTONE_20250713,20250713,CASE_INITIATION_TO_MILESTONE,1.0.0-cox-production-baseline,2493aa920caf664a,0.207195,1.230222,current_stage_SECTION_11 (+0.9761); act_key_RFCTLARR_2013 (+0.2005),derived_project_type_Rural Infrastructure (-0.4464); derived_notice_count (-0.2903); derived_days_in_current_stage (-0.2327),2,3,HIGH_UNCERTAINTY_SPARSE_EVENTS,PARTIAL — CALIBRATION NOT RELIABLE DUE TO EVENT SPARSITY,HIGH UNCERTAINTY: Estimates derived from sparse administrative milestone occurrences.
CAS_CLEAN_120,SNP_CAS_CLEAN_120_CASE_INITIATION_MILESTONE_20250713,20250713,CASE_INITIATION_TO_MILESTONE,1.0.0-cox-production-baseline,2493aa920caf664a,0.207195,1.230222,current_stage_SECTION_11 (+0.9761); act_key_RFCTLARR_2013 (+0.2005),derived_project_type_Rural Infrastructure (-0.4464); derived_notice_count (-0.2903); derived_days_in_current_stage (-0.2327),2,3,HIGH_UNCERTAINTY_SPARSE_EVENTS,PARTIAL — CALIBRATION NOT RELIABLE DUE TO EVENT SPARSITY,HIGH UNCERTAINTY: Estimates derived from sparse administrative milestone occurrences.
CAS_CLEAN_149,SNP_CAS_CLEAN_149_CASE_INITIATION_MILESTONE_20250714,20250714,CASE_INITIATION_TO_MILESTONE,1.0.0-cox-production-baseline,2493aa920caf664a,-1.029675,0.357123,act_key_RFCTLARR_2013 (+0.2005),derived_project_type_Rural Infrastructure (-0.4464); derived_notice_count (-0.2903); derived_is_direct_purchase (-0.2608); derived_days_in_current_stage (-0.2327),1,4,HIGH_UNCERTAINTY_SPARSE_EVENTS,PARTIAL — CALIBRATION NOT RELIABLE DUE TO EVENT SPARSITY,HIGH UNCERTAINTY: Estimates derived from sparse administrative milestone occurrences.
CAS_CLEAN_156,SNP_CAS_CLEAN_156_CASE_INITIATION_MILESTONE_20250714,20250714,CASE_INITIATION_TO_MILESTONE,1.0.0-cox-production-baseline,2493aa920caf664a,-1.029675,0.357123,act_key_RFCTLARR_2013 (+0.2005),derived_project_type_Rural Infrastructure (-0.4464); derived_notice_count (-0.2903); derived_is_direct_purchase (-0.2608); derived_days_in_current_stage (-0.2327),1,4,HIGH_UNCERTAINTY_SPARSE_EVENTS,PARTIAL — CALIBRATION NOT RELIABLE DUE TO EVENT SPARSITY,HIGH UNCERTAINTY: Estimates derived from sparse administrative milestone occurrences.
CAS_CLEAN_042,SNP_CAS_CLEAN_042_CASE_INITIATION_MILESTONE_20250716,20250716,CASE_INITIATION_TO_MILESTONE,1.0.0-cox-production-baseline,2493aa920caf664a,-1.308132,0.270325,act_key_RFCTLARR_2013 (+0.2005),derived_notice_count (-0.5806); current_stage_GENERAL_NOTICE (-0.4558); derived_project_type_Rural Infrastructure (-0.4464); derived_days_in_current_stage (-0.0259),1,4,HIGH_UNCERTAINTY_SPARSE_EVENTS,PARTIAL — CALIBRATION NOT RELIABLE DUE TO EVENT SPARSITY,HIGH UNCERTAINTY: Estimates derived from sparse administrative milestone occurrences.
CAS_CLEAN_092,SNP_CAS_CLEAN_092_CASE_INITIATION_MILESTONE_20250716,20250716,CASE_INITIATION_TO_MILESTONE,1.0.0-cox-production-baseline,2493aa920caf664a,-1.108349,0.330104,act_key_RFCTLARR_2013 (+0.2005),current_stage_GENERAL_NOTICE (-0.4558); derived_project_type_Rural Infrastructure (-0.4464); derived_notice_count (-0.2903); derived_days_in_current_stage (-0.1164),1,4,HIGH_UNCERTAINTY_SPARSE_EVENTS,PARTIAL — CALIBRATION NOT RELIABLE DUE TO EVENT SPARSITY,HIGH UNCERTAINTY: Estimates derived from sparse administrative milestone occurrences.
CAS_CLEAN_197,SNP_CAS_CLEAN_197_CASE_INITIATION_MILESTONE_20250716,20250716,CASE_INITIATION_TO_MILESTONE,1.0.0-cox-production-baseline,2493aa920caf664a,-1.376095,0.252563,act_key_RFCTLARR_2013 (+0.2005),current_stage_GENERAL_NOTICE (-0.4558); derived_project_type_Rural Infrastructure (-0.4464); derived_notice_count (-0.2903); district_Pune (-0.2677); derived_days_in_current_stage (-0.1164),1,5,HIGH_UNCERTAINTY_SPARSE_EVENTS,PARTIAL — CALIBRATION NOT RELIABLE DUE TO EVENT SPARSITY,HIGH UNCERTAINTY: Estimates derived from sparse administrative milestone occurrences.
CAS_CLEAN_191,SNP_CAS_CLEAN_191_CASE_INITIATION_MILESTONE_20250717,20250717,CASE_INITIATION_TO_MILESTONE,1.0.0-cox-production-baseline,2493aa920caf664a,-1.259725,0.283732,act_key_RFCTLARR_2013 (+0.2005),current_stage_GENERAL_NOTICE (-0.4558); derived_project_type_Rural Infrastructure (-0.4464); derived_notice_count (-0.2903); district_Pune (-0.2677),1,4,HIGH_UNCERTAINTY_SPARSE_EVENTS,PARTIAL — CALIBRATION NOT RELIABLE DUE TO EVENT SPARSITY,HIGH UNCERTAINTY: Estimates derived from sparse administrative milestone occurrences.
CAS_CLEAN_198,SNP_CAS_CLEAN_198_CASE_INITIATION_MILESTONE_20250720,20250720,CASE_INITIATION_TO_MILESTONE,1.0.0-cox-production-baseline,2493aa920caf664a,-1.376095,0.252563,act_key_RFCTLARR_2013 (+0.2005),current_stage_GENERAL_NOTICE (-0.4558); derived_project_type_Rural Infrastructure (-0.4464); derived_notice_count (-0.2903); district_Pune (-0.2677); derived_days_in_current_stage (-0.1164),1,5,HIGH_UNCERTAINTY_SPARSE_EVENTS,PARTIAL — CALIBRATION NOT RELIABLE DUE TO EVENT SPARSITY,HIGH UNCERTAINTY: Estimates derived from sparse administrative milestone occurrences.
CAS_CLEAN_199,SNP_CAS_CLEAN_199_CASE_INITIATION_MILESTONE_20250720,20250720,CASE_INITIATION_TO_MILESTONE,1.0.0-cox-production-baseline,2493aa920caf664a,-1.376095,0.252563,act_key_RFCTLARR_2013 (+0.2005),current_stage_GENERAL_NOTICE (-0.4558); derived_project_type_Rural Infrastructure (-0.4464); derived_notice_count (-0.2903); district_Pune (-0.2677); derived_days_in_current_stage (-0.1164),1,5,HIGH_UNCERTAINTY_SPARSE_EVENTS,PARTIAL — CALIBRATION NOT RELIABLE DUE TO EVENT SPARSITY,HIGH UNCERTAINTY: Estimates derived from sparse administrative milestone occurrences.
CAS_CLEAN_200,SNP_CAS_CLEAN_200_CASE_INITIATION_MILESTONE_20250720,20250720,CASE_INITIATION_TO_MILESTONE,1.0.0-cox-production-baseline,2493aa920caf664a,-1.376095,0.252563,act_key_RFCTLARR_2013 (+0.2005),current_stage_GENERAL_NOTICE (-0.4558); derived_project_type_Rural Infrastructure (-0.4464); derived_notice_count (-0.2903); district_Pune (-0.2677); derived_days_in_current_stage (-0.1164),1,5,HIGH_UNCERTAINTY_SPARSE_EVENTS,PARTIAL — CALIBRATION NOT RELIABLE DUE TO EVENT SPARSITY,HIGH UNCERTAINTY: Estimates derived from sparse administrative milestone occurrences.
CAS_CLEAN_264,SNP_CAS_CLEAN_264_CASE_INITIATION_MILESTONE_20250720,20250720,CASE_INITIATION_TO_MILESTONE,1.0.0-cox-production-baseline,2493aa920caf664a,-1.517322,0.219298,act_key_RFCTLARR_2013 (+0.2005),current_stage_GENERAL_NOTICE (-0.4558); derived_project_type_Rural Infrastructure (-0.4464); district_Solapur (-0.4090); derived_notice_count (-0.2903); derived_days_in_current_stage (-0.1164),1,5,HIGH_UNCERTAINTY_SPARSE_EVENTS,PARTIAL — CALIBRATION NOT RELIABLE DUE TO EVENT SPARSITY,HIGH UNCERTAINTY: Estimates derived from sparse administrative milestone occurrences.
CAS_CLEAN_054,SNP_CAS_CLEAN_054_CASE_INITIATION_MILESTONE_20250721,20250721,CASE_INITIATION_TO_MILESTONE,1.0.0-cox-production-baseline,2493aa920caf664a,0.207195,1.230222,current_stage_SECTION_11 (+0.9761); act_key_RFCTLARR_2013 (+0.2005),derived_project_type_Rural Infrastructure (-0.4464); derived_notice_count (-0.2903); derived_days_in_current_stage (-0.2327),2,3,HIGH_UNCERTAINTY_SPARSE_EVENTS,PARTIAL — CALIBRATION NOT RELIABLE DUE TO EVENT SPARSITY,HIGH UNCERTAINTY: Estimates derived from sparse administrative milestone occurrences.
CAS_CLEAN_237,SNP_CAS_CLEAN_237_CASE_INITIATION_MILESTONE_20250721,20250721,CASE_INITIATION_TO_MILESTONE,1.0.0-cox-production-baseline,2493aa920caf664a,-1.259725,0.283732,act_key_RFCTLARR_2013 (+0.2005),current_stage_GENERAL_NOTICE (-0.4558); derived_project_type_Rural Infrastructure (-0.4464); derived_notice_count (-0.2903); district_Pune (-0.2677),1,4,HIGH_UNCERTAINTY_SPARSE_EVENTS,PARTIAL — CALIBRATION NOT RELIABLE DUE TO EVENT SPARSITY,HIGH UNCERTAINTY: Estimates derived from sparse administrative milestone occurrences.
CAS_CLEAN_251,SNP_CAS_CLEAN_251_CASE_INITIATION_MILESTONE_20250721,20250721,CASE_INITIATION_TO_MILESTONE,1.0.0-cox-production-baseline,2493aa920caf664a,-1.259725,0.283732,act_key_RFCTLARR_2013 (+0.2005),current_stage_GENERAL_NOTICE (-0.4558); derived_project_type_Rural Infrastructure (-0.4464); derived_notice_count (-0.2903); district_Pune (-0.2677),1,4,HIGH_UNCERTAINTY_SPARSE_EVENTS,PARTIAL — CALIBRATION NOT RELIABLE DUE TO EVENT SPARSITY,HIGH UNCERTAINTY: Estimates derived from sparse administrative milestone occurrences.
CAS_CLEAN_057,SNP_CAS_CLEAN_057_CASE_INITIATION_MILESTONE_20250722,20250722,CASE_INITIATION_TO_MILESTONE,1.0.0-cox-production-baseline,2493aa920caf664a,-1.029675,0.357123,act_key_RFCTLARR_2013 (+0.2005),derived_project_type_Rural Infrastructure (-0.4464); derived_notice_count (-0.2903); derived_is_direct_purchase (-0.2608); derived_days_in_current_stage (-0.2327),1,4,HIGH_UNCERTAINTY_SPARSE_EVENTS,PARTIAL — CALIBRATION NOT RELIABLE DUE TO EVENT SPARSITY,HIGH UNCERTAINTY: Estimates derived from sparse administrative milestone occurrences.
CAS_CLEAN_112,SNP_CAS_CLEAN_112_CASE_INITIATION_MILESTONE_20250722,20250722,CASE_INITIATION_TO_MILESTONE,1.0.0-cox-production-baseline,2493aa920caf664a,-1.029675,0.357123,act_key_RFCTLARR_2013 (+0.2005),derived_project_type_Rural Infrastructure (-0.4464); derived_notice_count (-0.2903); derived_is_direct_purchase (-0.2608); derived_days_in_current_stage (-0.2327),1,4,HIGH_UNCERTAINTY_SPARSE_EVENTS,PARTIAL — CALIBRATION NOT RELIABLE DUE TO EVENT SPARSITY,HIGH UNCERTAINTY: Estimates derived from sparse administrative milestone occurrences.
CAS_CLEAN_222,SNP_CAS_CLEAN_222_CASE_INITIATION_MILESTONE_20250727,20250727,CASE_INITIATION_TO_MILESTONE,1.0.0-cox-production-baseline,2493aa920caf664a,-1.492465,0.224818,act_key_RFCTLARR_2013 (+0.2005),current_stage_GENERAL_NOTICE (-0.4558); derived_project_type_Rural Infrastructure (-0.4464); derived_notice_count (-0.2903); district_Pune (-0.2677); derived_days_in_current_stage (-0.2327),1,5,HIGH_UNCERTAINTY_SPARSE_EVENTS,PARTIAL — CALIBRATION NOT RELIABLE DUE TO EVENT SPARSITY,HIGH UNCERTAINTY: Estimates derived from sparse administrative milestone occurrences.
CAS_CLEAN_032,SNP_CAS_CLEAN_032_CASE_INITIATION_MILESTONE_20250729,20250729,CASE_INITIATION_TO_MILESTONE,1.0.0-cox-production-baseline,2493aa920caf664a,-1.463924,0.231327,act_key_RFCTLARR_2013 (+0.2005),derived_days_in_current_stage (-0.4719); current_stage_GENERAL_NOTICE (-0.4558); derived_project_type_Rural Infrastructure (-0.4464); derived_notice_count (-0.2903),1,4,HIGH_UNCERTAINTY_SPARSE_EVENTS,PARTIAL — CALIBRATION NOT RELIABLE DUE TO EVENT SPARSITY,HIGH UNCERTAINTY: Estimates derived from sparse administrative milestone occurrences.
CAS_CLEAN_025,SNP_CAS_CLEAN_025_CASE_INITIATION_MILESTONE_20250801,20250801,CASE_INITIATION_TO_MILESTONE,1.0.0-cox-production-baseline,2493aa920caf664a,0.439935,1.552606,current_stage_SECTION_11 (+0.9761); act_key_RFCTLARR_2013 (+0.2005),derived_project_type_Rural Infrastructure (-0.4464); derived_notice_count (-0.2903),2,2,HIGH_UNCERTAINTY_SPARSE_EVENTS,PARTIAL — CALIBRATION NOT RELIABLE DUE TO EVENT SPARSITY,HIGH UNCERTAINTY: Estimates derived from sparse administrative milestone occurrences.
CAS_CLEAN_026,SNP_CAS_CLEAN_026_CASE_INITIATION_MILESTONE_20250801,20250801,CASE_INITIATION_TO_MILESTONE,1.0.0-cox-production-baseline,2493aa920caf664a,0.439935,1.552606,current_stage_SECTION_11 (+0.9761); act_key_RFCTLARR_2013 (+0.2005),derived_project_type_Rural Infrastructure (-0.4464); derived_notice_count (-0.2903),2,2,HIGH_UNCERTAINTY_SPARSE_EVENTS,PARTIAL — CALIBRATION NOT RELIABLE DUE TO EVENT SPARSITY,HIGH UNCERTAINTY: Estimates derived from sparse administrative milestone occurrences.
CAS_CLEAN_065,SNP_CAS_CLEAN_065_CASE_INITIATION_MILESTONE_20250801,20250801,CASE_INITIATION_TO_MILESTONE,1.0.0-cox-production-baseline,2493aa920caf664a,0.439935,1.552606,current_stage_SECTION_11 (+0.9761); act_key_RFCTLARR_2013 (+0.2005),derived_project_type_Rural Infrastructure (-0.4464); derived_notice_count (-0.2903),2,2,HIGH_UNCERTAINTY_SPARSE_EVENTS,PARTIAL — CALIBRATION NOT RELIABLE DUE TO EVENT SPARSITY,HIGH UNCERTAINTY: Estimates derived from sparse administrative milestone occurrences.
CAS_CLEAN_078,SNP_CAS_CLEAN_078_CASE_INITIATION_MILESTONE_20250801,20250801,CASE_INITIATION_TO_MILESTONE,1.0.0-cox-production-baseline,2493aa920caf664a,0.439935,1.552606,current_stage_SECTION_11 (+0.9761); act_key_RFCTLARR_2013 (+0.2005),derived_project_type_Rural Infrastructure (-0.4464); derived_notice_count (-0.2903),2,2,HIGH_UNCERTAINTY_SPARSE_EVENTS,PARTIAL — CALIBRATION NOT RELIABLE DUE TO EVENT SPARSITY,HIGH UNCERTAINTY: Estimates derived from sparse administrative milestone occurrences.
CAS_CLEAN_103,SNP_CAS_CLEAN_103_CASE_INITIATION_MILESTONE_20250801,20250801,CASE_INITIATION_TO_MILESTONE,1.0.0-cox-production-baseline,2493aa920caf664a,0.439935,1.552606,current_stage_SECTION_11 (+0.9761); act_key_RFCTLARR_2013 (+0.2005),derived_project_type_Rural Infrastructure (-0.4464); derived_notice_count (-0.2903),2,2,HIGH_UNCERTAINTY_SPARSE_EVENTS,PARTIAL — CALIBRATION NOT RELIABLE DUE TO EVENT SPARSITY,HIGH UNCERTAINTY: Estimates derived from sparse administrative milestone occurrences.
CAS_CLEAN_121,SNP_CAS_CLEAN_121_CASE_INITIATION_MILESTONE_20250801,20250801,CASE_INITIATION_TO_MILESTONE,1.0.0-cox-production-baseline,2493aa920caf664a,0.439935,1.552606,current_stage_SECTION_11 (+0.9761); act_key_RFCTLARR_2013 (+0.2005),derived_project_type_Rural Infrastructure (-0.4464); derived_notice_count (-0.2903),2,2,HIGH_UNCERTAINTY_SPARSE_EVENTS,PARTIAL — CALIBRATION NOT RELIABLE DUE TO EVENT SPARSITY,HIGH UNCERTAINTY: Estimates derived from sparse administrative milestone occurrences.
CAS_CLEAN_097,SNP_CAS_CLEAN_097_CASE_INITIATION_MILESTONE_20250803,20250803,CASE_INITIATION_TO_MILESTONE,1.0.0-cox-production-baseline,2493aa920caf664a,-0.469029,0.625609,act_key_RFCTLARR_2013 (+0.2005),derived_notice_count (-0.2903); current_stage_SECTION_21 (-0.2629); derived_days_in_current_stage (-0.1164),1,3,HIGH_UNCERTAINTY_SPARSE_EVENTS,PARTIAL — CALIBRATION NOT RELIABLE DUE TO EVENT SPARSITY,HIGH UNCERTAINTY: Estimates derived from sparse administrative milestone occurrences.
CAS_CLEAN_190,SNP_CAS_CLEAN_190_CASE_INITIATION_MILESTONE_20250804,20250804,CASE_INITIATION_TO_MILESTONE,1.0.0-cox-production-baseline,2493aa920caf664a,-1.259725,0.283732,act_key_RFCTLARR_2013 (+0.2005),current_stage_GENERAL_NOTICE (-0.4558); derived_project_type_Rural Infrastructure (-0.4464); derived_notice_count (-0.2903); district_Pune (-0.2677),1,4,HIGH_UNCERTAINTY_SPARSE_EVENTS,PARTIAL — CALIBRATION NOT RELIABLE DUE TO EVENT SPARSITY,HIGH UNCERTAINTY: Estimates derived from sparse administrative milestone occurrences.
CAS_CLEAN_094,SNP_CAS_CLEAN_094_CASE_INITIATION_MILESTONE_20250806,20250806,CASE_INITIATION_TO_MILESTONE,1.0.0-cox-production-baseline,2493aa920caf664a,-1.463924,0.231327,act_key_RFCTLARR_2013 (+0.2005),derived_days_in_current_stage (-0.4719); current_stage_GENERAL_NOTICE (-0.4558); derived_project_type_Rural Infrastructure (-0.4464); derived_notice_count (-0.2903),1,4,HIGH_UNCERTAINTY_SPARSE_EVENTS,PARTIAL — CALIBRATION NOT RELIABLE DUE TO EVENT SPARSITY,HIGH UNCERTAINTY: Estimates derived from sparse administrative milestone occurrences.
CAS_CLEAN_140,SNP_CAS_CLEAN_140_CASE_INITIATION_MILESTONE_20250808,20250808,CASE_INITIATION_TO_MILESTONE,1.0.0-cox-production-baseline,2493aa920caf664a,-0.03201,0.968497,current_stage_SECTION_11 (+0.9761); act_key_RFCTLARR_2013 (+0.2005),derived_days_in_current_stage (-0.4719); derived_project_type_Rural Infrastructure (-0.4464); derived_notice_count (-0.2903),2,3,HIGH_UNCERTAINTY_SPARSE_EVENTS,PARTIAL — CALIBRATION NOT RELIABLE DUE TO EVENT SPARSITY,HIGH UNCERTAINTY: Estimates derived from sparse administrative milestone occurrences.
CAS_CLEAN_216,SNP_CAS_CLEAN_216_CASE_INITIATION_MILESTONE_20250812,20250812,CASE_INITIATION_TO_MILESTONE,1.0.0-cox-production-baseline,2493aa920caf664a,-1.492465,0.224818,act_key_RFCTLARR_2013 (+0.2005),current_stage_GENERAL_NOTICE (-0.4558); derived_project_type_Rural Infrastructure (-0.4464); derived_notice_count (-0.2903); district_Pune (-0.2677); derived_days_in_current_stage (-0.2327),1,5,HIGH_UNCERTAINTY_SPARSE_EVENTS,PARTIAL — CALIBRATION NOT RELIABLE DUE TO EVENT SPARSITY,HIGH UNCERTAINTY: Estimates derived from sparse administrative milestone occurrences.
CAS_CLEAN_218,SNP_CAS_CLEAN_218_CASE_INITIATION_MILESTONE_20250812,20250812,CASE_INITIATION_TO_MILESTONE,1.0.0-cox-production-baseline,2493aa920caf664a,-1.492465,0.224818,act_key_RFCTLARR_2013 (+0.2005),current_stage_GENERAL_NOTICE (-0.4558); derived_project_type_Rural Infrastructure (-0.4464); derived_notice_count (-0.2903); district_Pune (-0.2677); derived_days_in_current_stage (-0.2327),1,5,HIGH_UNCERTAINTY_SPARSE_EVENTS,PARTIAL — CALIBRATION NOT RELIABLE DUE TO EVENT SPARSITY,HIGH UNCERTAINTY: Estimates derived from sparse administrative milestone occurrences.
CAS_CLEAN_219,SNP_CAS_CLEAN_219_CASE_INITIATION_MILESTONE_20250812,20250812,CASE_INITIATION_TO_MILESTONE,1.0.0-cox-production-baseline,2493aa920caf664a,-1.492465,0.224818,act_key_RFCTLARR_2013 (+0.2005),current_stage_GENERAL_NOTICE (-0.4558); derived_project_type_Rural Infrastructure (-0.4464); derived_notice_count (-0.2903); district_Pune (-0.2677); derived_days_in_current_stage (-0.2327),1,5,HIGH_UNCERTAINTY_SPARSE_EVENTS,PARTIAL — CALIBRATION NOT RELIABLE DUE TO EVENT SPARSITY,HIGH UNCERTAINTY: Estimates derived from sparse administrative milestone occurrences.
CAS_CLEAN_221,SNP_CAS_CLEAN_221_CASE_INITIATION_MILESTONE_20250812,20250812,CASE_INITIATION_TO_MILESTONE,1.0.0-cox-production-baseline,2493aa920caf664a,-1.492465,0.224818,act_key_RFCTLARR_2013 (+0.2005),current_stage_GENERAL_NOTICE (-0.4558); derived_project_type_Rural Infrastructure (-0.4464); derived_notice_count (-0.2903); district_Pune (-0.2677); derived_days_in_current_stage (-0.2327),1,5,HIGH_UNCERTAINTY_SPARSE_EVENTS,PARTIAL — CALIBRATION NOT RELIABLE DUE TO EVENT SPARSITY,HIGH UNCERTAINTY: Estimates derived from sparse administrative milestone occurrences.
CAS_CLEAN_016,SNP_CAS_CLEAN_016_CASE_INITIATION_MILESTONE_20250813,20250813,CASE_INITIATION_TO_MILESTONE,1.0.0-cox-production-baseline,2493aa920caf664a,-1.029675,0.357123,act_key_RFCTLARR_2013 (+0.2005),derived_project_type_Rural Infrastructure (-0.4464); derived_notice_count (-0.2903); derived_is_direct_purchase (-0.2608); derived_days_in_current_stage (-0.2327),1,4,HIGH_UNCERTAINTY_SPARSE_EVENTS,PARTIAL — CALIBRATION NOT RELIABLE DUE TO EVENT SPARSITY,HIGH UNCERTAINTY: Estimates derived from sparse administrative milestone occurrences.
CAS_CLEAN_061,SNP_CAS_CLEAN_061_CASE_INITIATION_MILESTONE_20250814,20250814,CASE_INITIATION_TO_MILESTONE,1.0.0-cox-production-baseline,2493aa920caf664a,-1.26888,0.281146,act_key_RFCTLARR_2013 (+0.2005),derived_days_in_current_stage (-0.4719); derived_project_type_Rural Infrastructure (-0.4464); derived_notice_count (-0.2903); derived_is_direct_purchase (-0.2608),1,4,HIGH_UNCERTAINTY_SPARSE_EVENTS,PARTIAL — CALIBRATION NOT RELIABLE DUE TO EVENT SPARSITY,HIGH UNCERTAINTY: Estimates derived from sparse administrative milestone occurrences.
CAS_CLEAN_234,SNP_CAS_CLEAN_234_CASE_INITIATION_MILESTONE_20250819,20250819,CASE_INITIATION_TO_MILESTONE,1.0.0-cox-production-baseline,2493aa920caf664a,-1.046083,0.351311,act_key_RFCTLARR_2013 (+0.2005),current_stage_GENERAL_NOTICE (-0.4558); derived_notice_count (-0.2903); district_Pune (-0.2677); derived_days_in_current_stage (-0.2327),1,4,HIGH_UNCERTAINTY_SPARSE_EVENTS,PARTIAL — CALIBRATION NOT RELIABLE DUE TO EVENT SPARSITY,HIGH UNCERTAINTY: Estimates derived from sparse administrative milestone occurrences.
CAS_CLEAN_099,SNP_CAS_CLEAN_099_CASE_INITIATION_MILESTONE_20250822,20250822,CASE_INITIATION_TO_MILESTONE,1.0.0-cox-production-baseline,2493aa920caf664a,-1.463924,0.231327,act_key_RFCTLARR_2013 (+0.2005),derived_days_in_current_stage (-0.4719); current_stage_GENERAL_NOTICE (-0.4558); derived_project_type_Rural Infrastructure (-0.4464); derived_notice_count (-0.2903),1,4,HIGH_UNCERTAINTY_SPARSE_EVENTS,PARTIAL — CALIBRATION NOT RELIABLE DUE TO EVENT SPARSITY,HIGH UNCERTAINTY: Estimates derived from sparse administrative milestone occurrences.
CAS_CLEAN_128,SNP_CAS_CLEAN_128_CASE_INITIATION_MILESTONE_20250822,20250822,CASE_INITIATION_TO_MILESTONE,1.0.0-cox-production-baseline,2493aa920caf664a,-1.26888,0.281146,act_key_RFCTLARR_2013 (+0.2005),derived_days_in_current_stage (-0.4719); derived_project_type_Rural Infrastructure (-0.4464); derived_notice_count (-0.2903); derived_is_direct_purchase (-0.2608),1,4,HIGH_UNCERTAINTY_SPARSE_EVENTS,PARTIAL — CALIBRATION NOT RELIABLE DUE TO EVENT SPARSITY,HIGH UNCERTAINTY: Estimates derived from sparse administrative milestone occurrences.
CAS_CLEAN_100,SNP_CAS_CLEAN_100_CASE_INITIATION_MILESTONE_20250824,20250824,CASE_INITIATION_TO_MILESTONE,1.0.0-cox-production-baseline,2493aa920caf664a,-1.031781,0.356372,act_key_RFCTLARR_2013 (+0.2005),derived_project_type_Rural Infrastructure (-0.4464); derived_notice_count (-0.2903); current_stage_SECTION_21 (-0.2629); derived_days_in_current_stage (-0.2327),1,4,HIGH_UNCERTAINTY_SPARSE_EVENTS,PARTIAL — CALIBRATION NOT RELIABLE DUE TO EVENT SPARSITY,HIGH UNCERTAINTY: Estimates derived from sparse administrative milestone occurrences.
CAS_CLEAN_024,SNP_CAS_CLEAN_024_CASE_INITIATION_MILESTONE_20250826,20250826,CASE_INITIATION_TO_MILESTONE,1.0.0-cox-production-baseline,2493aa920caf664a,-1.108349,0.330104,act_key_RFCTLARR_2013 (+0.2005),current_stage_GENERAL_NOTICE (-0.4558); derived_project_type_Rural Infrastructure (-0.4464); derived_notice_count (-0.2903); derived_days_in_current_stage (-0.1164),1,4,HIGH_UNCERTAINTY_SPARSE_EVENTS,PARTIAL — CALIBRATION NOT RELIABLE DUE TO EVENT SPARSITY,HIGH UNCERTAINTY: Estimates derived from sparse administrative milestone occurrences.
CAS_CLEAN_203,SNP_CAS_CLEAN_203_CASE_INITIATION_MILESTONE_20250826,20250826,CASE_INITIATION_TO_MILESTONE,1.0.0-cox-production-baseline,2493aa920caf664a,-1.492465,0.224818,act_key_RFCTLARR_2013 (+0.2005),current_stage_GENERAL_NOTICE (-0.4558); derived_project_type_Rural Infrastructure (-0.4464); derived_notice_count (-0.2903); district_Pune (-0.2677); derived_days_in_current_stage (-0.2327),1,5,HIGH_UNCERTAINTY_SPARSE_EVENTS,PARTIAL — CALIBRATION NOT RELIABLE DUE TO EVENT SPARSITY,HIGH UNCERTAINTY: Estimates derived from sparse administrative milestone occurrences.
CAS_CLEAN_204,SNP_CAS_CLEAN_204_CASE_INITIATION_MILESTONE_20250826,20250826,CASE_INITIATION_TO_MILESTONE,1.0.0-cox-production-baseline,2493aa920caf664a,-1.492465,0.224818,act_key_RFCTLARR_2013 (+0.2005),current_stage_GENERAL_NOTICE (-0.4558); derived_project_type_Rural Infrastructure (-0.4464); derived_notice_count (-0.2903); district_Pune (-0.2677); derived_days_in_current_stage (-0.2327),1,5,HIGH_UNCERTAINTY_SPARSE_EVENTS,PARTIAL — CALIBRATION NOT RELIABLE DUE TO EVENT SPARSITY,HIGH UNCERTAINTY: Estimates derived from sparse administrative milestone occurrences.
CAS_CLEAN_205,SNP_CAS_CLEAN_205_CASE_INITIATION_MILESTONE_20250826,20250826,CASE_INITIATION_TO_MILESTONE,1.0.0-cox-production-baseline,2493aa920caf664a,-1.492465,0.224818,act_key_RFCTLARR_2013 (+0.2005),current_stage_GENERAL_NOTICE (-0.4558); derived_project_type_Rural Infrastructure (-0.4464); derived_notice_count (-0.2903); district_Pune (-0.2677); derived_days_in_current_stage (-0.2327),1,5,HIGH_UNCERTAINTY_SPARSE_EVENTS,PARTIAL — CALIBRATION NOT RELIABLE DUE TO EVENT SPARSITY,HIGH UNCERTAINTY: Estimates derived from sparse administrative milestone occurrences.
CAS_CLEAN_206,SNP_CAS_CLEAN_206_CASE_INITIATION_MILESTONE_20250826,20250826,CASE_INITIATION_TO_MILESTONE,1.0.0-cox-production-baseline,2493aa920caf664a,-1.492465,0.224818,act_key_RFCTLARR_2013 (+0.2005),current_stage_GENERAL_NOTICE (-0.4558); derived_project_type_Rural Infrastructure (-0.4464); derived_notice_count (-0.2903); district_Pune (-0.2677); derived_days_in_current_stage (-0.2327),1,5,HIGH_UNCERTAINTY_SPARSE_EVENTS,PARTIAL — CALIBRATION NOT RELIABLE DUE TO EVENT SPARSITY,HIGH UNCERTAINTY: Estimates derived from sparse administrative milestone occurrences.
CAS_CLEAN_033,SNP_CAS_CLEAN_033_CASE_INITIATION_MILESTONE_20250828,20250828,CASE_INITIATION_TO_MILESTONE,1.0.0-cox-production-baseline,2493aa920caf664a,-0.661967,0.515836,act_key_RFCTLARR_2013 (+0.2005),current_stage_GENERAL_NOTICE (-0.4558); derived_notice_count (-0.2903); derived_days_in_current_stage (-0.1164),1,3,HIGH_UNCERTAINTY_SPARSE_EVENTS,PARTIAL — CALIBRATION NOT RELIABLE DUE TO EVENT SPARSITY,HIGH UNCERTAINTY: Estimates derived from sparse administrative milestone occurrences.
CAS_CLEAN_211,SNP_CAS_CLEAN_211_CASE_INITIATION_MILESTONE_20250828,20250828,CASE_INITIATION_TO_MILESTONE,1.0.0-cox-production-baseline,2493aa920caf664a,-1.492465,0.224818,act_key_RFCTLARR_2013 (+0.2005),current_stage_GENERAL_NOTICE (-0.4558); derived_project_type_Rural Infrastructure (-0.4464); derived_notice_count (-0.2903); district_Pune (-0.2677); derived_days_in_current_stage (-0.2327),1,5,HIGH_UNCERTAINTY_SPARSE_EVENTS,PARTIAL — CALIBRATION NOT RELIABLE DUE TO EVENT SPARSITY,HIGH UNCERTAINTY: Estimates derived from sparse administrative milestone occurrences.
CAS_CLEAN_148,SNP_CAS_CLEAN_148_CASE_INITIATION_MILESTONE_20250829,20250829,CASE_INITIATION_TO_MILESTONE,1.0.0-cox-production-baseline,2493aa920caf664a,-1.341089,0.261561,act_key_RFCTLARR_2013 (+0.2005),current_stage_GENERAL_NOTICE (-0.4558); derived_project_type_Rural Infrastructure (-0.4464); derived_days_in_current_stage (-0.3491); derived_notice_count (-0.2903),1,4,HIGH_UNCERTAINTY_SPARSE_EVENTS,PARTIAL — CALIBRATION NOT RELIABLE DUE TO EVENT SPARSITY,HIGH UNCERTAINTY: Estimates derived from sparse administrative milestone occurrences.
CAS_CLEAN_023,SNP_CAS_CLEAN_023_CASE_INITIATION_MILESTONE_20250903,20250903,CASE_INITIATION_TO_MILESTONE,1.0.0-cox-production-baseline,2493aa920caf664a,-1.108349,0.330104,act_key_RFCTLARR_2013 (+0.2005),current_stage_GENERAL_NOTICE (-0.4558); derived_project_type_Rural Infrastructure (-0.4464); derived_notice_count (-0.2903); derived_days_in_current_stage (-0.1164),1,4,HIGH_UNCERTAINTY_SPARSE_EVENTS,PARTIAL — CALIBRATION NOT RELIABLE DUE TO EVENT SPARSITY,HIGH UNCERTAINTY: Estimates derived from sparse administrative milestone occurrences.
CAS_CLEAN_189,SNP_CAS_CLEAN_189_CASE_INITIATION_MILESTONE_20250903,20250903,CASE_INITIATION_TO_MILESTONE,1.0.0-cox-production-baseline,2493aa920caf664a,-1.259725,0.283732,act_key_RFCTLARR_2013 (+0.2005),current_stage_GENERAL_NOTICE (-0.4558); derived_project_type_Rural Infrastructure (-0.4464); derived_notice_count (-0.2903); district_Pune (-0.2677),1,4,HIGH_UNCERTAINTY_SPARSE_EVENTS,PARTIAL — CALIBRATION NOT RELIABLE DUE TO EVENT SPARSITY,HIGH UNCERTAINTY: Estimates derived from sparse administrative milestone occurrences.
CAS_CLEAN_193,SNP_CAS_CLEAN_193_CASE_INITIATION_MILESTONE_20250904,20250904,CASE_INITIATION_TO_MILESTONE,1.0.0-cox-production-baseline,2493aa920caf664a,-1.376095,0.252563,act_key_RFCTLARR_2013 (+0.2005),current_stage_GENERAL_NOTICE (-0.4558); derived_project_type_Rural Infrastructure (-0.4464); derived_notice_count (-0.2903); district_Pune (-0.2677); derived_days_in_current_stage (-0.1164),1,5,HIGH_UNCERTAINTY_SPARSE_EVENTS,PARTIAL — CALIBRATION NOT RELIABLE DUE TO EVENT SPARSITY,HIGH UNCERTAINTY: Estimates derived from sparse administrative milestone occurrences.
CAS_CLEAN_196,SNP_CAS_CLEAN_196_CASE_INITIATION_MILESTONE_20250904,20250904,CASE_INITIATION_TO_MILESTONE,1.0.0-cox-production-baseline,2493aa920caf664a,-1.376095,0.252563,act_key_RFCTLARR_2013 (+0.2005),current_stage_GENERAL_NOTICE (-0.4558); derived_project_type_Rural Infrastructure (-0.4464); derived_notice_count (-0.2903); district_Pune (-0.2677); derived_days_in_current_stage (-0.1164),1,5,HIGH_UNCERTAINTY_SPARSE_EVENTS,PARTIAL — CALIBRATION NOT RELIABLE DUE TO EVENT SPARSITY,HIGH UNCERTAINTY: Estimates derived from sparse administrative milestone occurrences.
CAS_CLEAN_005,SNP_CAS_CLEAN_005_CASE_INITIATION_MILESTONE_20250906,20250906,CASE_INITIATION_TO_MILESTONE,1.0.0-cox-production-baseline,2493aa920caf664a,-1.38979,0.249128,act_key_RFCTLARR_2013 (+0.2005),derived_notice_count (-0.5806); derived_project_type_Rural Infrastructure (-0.4464); derived_days_in_current_stage (-0.3026); derived_is_direct_purchase (-0.2608),1,4,HIGH_UNCERTAINTY_SPARSE_EVENTS,PARTIAL — CALIBRATION NOT RELIABLE DUE TO EVENT SPARSITY,HIGH UNCERTAINTY: Estimates derived from sparse administrative milestone occurrences.
CAS_CLEAN_079,SNP_CAS_CLEAN_079_CASE_INITIATION_MILESTONE_20250906,20250906,CASE_INITIATION_TO_MILESTONE,1.0.0-cox-production-baseline,2493aa920caf664a,-1.38979,0.249128,act_key_RFCTLARR_2013 (+0.2005),derived_notice_count (-0.5806); derived_project_type_Rural Infrastructure (-0.4464); derived_days_in_current_stage (-0.3026); derived_is_direct_purchase (-0.2608),1,4,HIGH_UNCERTAINTY_SPARSE_EVENTS,PARTIAL — CALIBRATION NOT RELIABLE DUE TO EVENT SPARSITY,HIGH UNCERTAINTY: Estimates derived from sparse administrative milestone occurrences.
CAS_CLEAN_145,SNP_CAS_CLEAN_145_CASE_INITIATION_MILESTONE_20250906,20250906,CASE_INITIATION_TO_MILESTONE,1.0.0-cox-production-baseline,2493aa920caf664a,-1.38979,0.249128,act_key_RFCTLARR_2013 (+0.2005),derived_notice_count (-0.5806); derived_project_type_Rural Infrastructure (-0.4464); derived_days_in_current_stage (-0.3026); derived_is_direct_purchase (-0.2608),1,4,HIGH_UNCERTAINTY_SPARSE_EVENTS,PARTIAL — CALIBRATION NOT RELIABLE DUE TO EVENT SPARSITY,HIGH UNCERTAINTY: Estimates derived from sparse administrative milestone occurrences.
CAS_CLEAN_212,SNP_CAS_CLEAN_212_CASE_INITIATION_MILESTONE_20250906,20250906,CASE_INITIATION_TO_MILESTONE,1.0.0-cox-production-baseline,2493aa920caf664a,-1.492465,0.224818,act_key_RFCTLARR_2013 (+0.2005),current_stage_GENERAL_NOTICE (-0.4558); derived_project_type_Rural Infrastructure (-0.4464); derived_notice_count (-0.2903); district_Pune (-0.2677); derived_days_in_current_stage (-0.2327),1,5,HIGH_UNCERTAINTY_SPARSE_EVENTS,PARTIAL — CALIBRATION NOT RELIABLE DUE TO EVENT SPARSITY,HIGH UNCERTAINTY: Estimates derived from sparse administrative milestone occurrences.
CAS_CLEAN_213,SNP_CAS_CLEAN_213_CASE_INITIATION_MILESTONE_20250906,20250906,CASE_INITIATION_TO_MILESTONE,1.0.0-cox-production-baseline,2493aa920caf664a,-1.492465,0.224818,act_key_RFCTLARR_2013 (+0.2005),current_stage_GENERAL_NOTICE (-0.4558); derived_project_type_Rural Infrastructure (-0.4464); derived_notice_count (-0.2903); district_Pune (-0.2677); derived_days_in_current_stage (-0.2327),1,5,HIGH_UNCERTAINTY_SPARSE_EVENTS,PARTIAL — CALIBRATION NOT RELIABLE DUE TO EVENT SPARSITY,HIGH UNCERTAINTY: Estimates derived from sparse administrative milestone occurrences.
CAS_CLEAN_215,SNP_CAS_CLEAN_215_CASE_INITIATION_MILESTONE_20250907,20250907,CASE_INITIATION_TO_MILESTONE,1.0.0-cox-production-baseline,2493aa920caf664a,-1.492465,0.224818,act_key_RFCTLARR_2013 (+0.2005),current_stage_GENERAL_NOTICE (-0.4558); derived_project_type_Rural Infrastructure (-0.4464); derived_notice_count (-0.2903); district_Pune (-0.2677); derived_days_in_current_stage (-0.2327),1,5,HIGH_UNCERTAINTY_SPARSE_EVENTS,PARTIAL — CALIBRATION NOT RELIABLE DUE TO EVENT SPARSITY,HIGH UNCERTAINTY: Estimates derived from sparse administrative milestone occurrences.
CAS_CLEAN_091,SNP_CAS_CLEAN_091_CASE_INITIATION_MILESTONE_20250908,20250908,CASE_INITIATION_TO_MILESTONE,1.0.0-cox-production-baseline,2493aa920caf664a,-1.341089,0.261561,act_key_RFCTLARR_2013 (+0.2005),current_stage_GENERAL_NOTICE (-0.4558); derived_project_type_Rural Infrastructure (-0.4464); derived_days_in_current_stage (-0.3491); derived_notice_count (-0.2903),1,4,HIGH_UNCERTAINTY_SPARSE_EVENTS,PARTIAL — CALIBRATION NOT RELIABLE DUE TO EVENT SPARSITY,HIGH UNCERTAINTY: Estimates derived from sparse administrative milestone occurrences.
CAS_CLEAN_207,SNP_CAS_CLEAN_207_CASE_INITIATION_MILESTONE_20250909,20250909,CASE_INITIATION_TO_MILESTONE,1.0.0-cox-production-baseline,2493aa920caf664a,-1.492465,0.224818,act_key_RFCTLARR_2013 (+0.2005),current_stage_GENERAL_NOTICE (-0.4558); derived_project_type_Rural Infrastructure (-0.4464); derived_notice_count (-0.2903); district_Pune (-0.2677); derived_days_in_current_stage (-0.2327),1,5,HIGH_UNCERTAINTY_SPARSE_EVENTS,PARTIAL — CALIBRATION NOT RELIABLE DUE TO EVENT SPARSITY,HIGH UNCERTAINTY: Estimates derived from sparse administrative milestone occurrences.
CAS_CLEAN_208,SNP_CAS_CLEAN_208_CASE_INITIATION_MILESTONE_20250909,20250909,CASE_INITIATION_TO_MILESTONE,1.0.0-cox-production-baseline,2493aa920caf664a,-1.492465,0.224818,act_key_RFCTLARR_2013 (+0.2005),current_stage_GENERAL_NOTICE (-0.4558); derived_project_type_Rural Infrastructure (-0.4464); derived_notice_count (-0.2903); district_Pune (-0.2677); derived_days_in_current_stage (-0.2327),1,5,HIGH_UNCERTAINTY_SPARSE_EVENTS,PARTIAL — CALIBRATION NOT RELIABLE DUE TO EVENT SPARSITY,HIGH UNCERTAINTY: Estimates derived from sparse administrative milestone occurrences.
CAS_CLEAN_209,SNP_CAS_CLEAN_209_CASE_INITIATION_MILESTONE_20250909,20250909,CASE_INITIATION_TO_MILESTONE,1.0.0-cox-production-baseline,2493aa920caf664a,-1.492465,0.224818,act_key_RFCTLARR_2013 (+0.2005),current_stage_GENERAL_NOTICE (-0.4558); derived_project_type_Rural Infrastructure (-0.4464); derived_notice_count (-0.2903); district_Pune (-0.2677); derived_days_in_current_stage (-0.2327),1,5,HIGH_UNCERTAINTY_SPARSE_EVENTS,PARTIAL — CALIBRATION NOT RELIABLE DUE TO EVENT SPARSITY,HIGH UNCERTAINTY: Estimates derived from sparse administrative milestone occurrences.
CAS_CLEAN_245,SNP_CAS_CLEAN_245_CASE_INITIATION_MILESTONE_20250910,20250910,CASE_INITIATION_TO_MILESTONE,1.0.0-cox-production-baseline,2493aa920caf664a,-1.259725,0.283732,act_key_RFCTLARR_2013 (+0.2005),current_stage_GENERAL_NOTICE (-0.4558); derived_project_type_Rural Infrastructure (-0.4464); derived_notice_count (-0.2903); district_Pune (-0.2677),1,4,HIGH_UNCERTAINTY_SPARSE_EVENTS,PARTIAL — CALIBRATION NOT RELIABLE DUE TO EVENT SPARSITY,HIGH UNCERTAINTY: Estimates derived from sparse administrative milestone occurrences.
CAS_CLEAN_258,SNP_CAS_CLEAN_258_CASE_INITIATION_MILESTONE_20250913,20250913,CASE_INITIATION_TO_MILESTONE,1.0.0-cox-production-baseline,2493aa920caf664a,-1.246582,0.287486,,current_stage_GENERAL_NOTICE (-0.4558); derived_notice_count (-0.2903); district_Pune (-0.2677); derived_days_in_current_stage (-0.2327),0,4,HIGH_UNCERTAINTY_SPARSE_EVENTS,PARTIAL — CALIBRATION NOT RELIABLE DUE TO EVENT SPARSITY,HIGH UNCERTAINTY: Estimates derived from sparse administrative milestone occurrences.
CAS_CLEAN_210,SNP_CAS_CLEAN_210_CASE_INITIATION_MILESTONE_20250916,20250916,CASE_INITIATION_TO_MILESTONE,1.0.0-cox-production-baseline,2493aa920caf664a,-1.492465,0.224818,act_key_RFCTLARR_2013 (+0.2005),current_stage_GENERAL_NOTICE (-0.4558); derived_project_type_Rural Infrastructure (-0.4464); derived_notice_count (-0.2903); district_Pune (-0.2677); derived_days_in_current_stage (-0.2327),1,5,HIGH_UNCERTAINTY_SPARSE_EVENTS,PARTIAL — CALIBRATION NOT RELIABLE DUE TO EVENT SPARSITY,HIGH UNCERTAINTY: Estimates derived from sparse administrative milestone occurrences.
CAS_CLEAN_244,SNP_CAS_CLEAN_244_CASE_INITIATION_MILESTONE_20250917,20250917,CASE_INITIATION_TO_MILESTONE,1.0.0-cox-production-baseline,2493aa920caf664a,-1.259725,0.283732,act_key_RFCTLARR_2013 (+0.2005),current_stage_GENERAL_NOTICE (-0.4558); derived_project_type_Rural Infrastructure (-0.4464); derived_notice_count (-0.2903); district_Pune (-0.2677),1,4,HIGH_UNCERTAINTY_SPARSE_EVENTS,PARTIAL — CALIBRATION NOT RELIABLE DUE TO EVENT SPARSITY,HIGH UNCERTAINTY: Estimates derived from sparse administrative milestone occurrences.
CAS_CLEAN_045,SNP_CAS_CLEAN_045_CASE_INITIATION_MILESTONE_20250919,20250919,CASE_INITIATION_TO_MILESTONE,1.0.0-cox-production-baseline,2493aa920caf664a,0.439935,1.552606,current_stage_SECTION_11 (+0.9761); act_key_RFCTLARR_2013 (+0.2005),derived_project_type_Rural Infrastructure (-0.4464); derived_notice_count (-0.2903),2,2,HIGH_UNCERTAINTY_SPARSE_EVENTS,PARTIAL — CALIBRATION NOT RELIABLE DUE TO EVENT SPARSITY,HIGH UNCERTAINTY: Estimates derived from sparse administrative milestone occurrences.
CAS_CLEAN_076,SNP_CAS_CLEAN_076_CASE_INITIATION_MILESTONE_20250919,20250919,CASE_INITIATION_TO_MILESTONE,1.0.0-cox-production-baseline,2493aa920caf664a,0.439935,1.552606,current_stage_SECTION_11 (+0.9761); act_key_RFCTLARR_2013 (+0.2005),derived_project_type_Rural Infrastructure (-0.4464); derived_notice_count (-0.2903),2,2,HIGH_UNCERTAINTY_SPARSE_EVENTS,PARTIAL — CALIBRATION NOT RELIABLE DUE TO EVENT SPARSITY,HIGH UNCERTAINTY: Estimates derived from sparse administrative milestone occurrences.
CAS_CLEAN_114,SNP_CAS_CLEAN_114_CASE_INITIATION_MILESTONE_20250919,20250919,CASE_INITIATION_TO_MILESTONE,1.0.0-cox-production-baseline,2493aa920caf664a,0.439935,1.552606,current_stage_SECTION_11 (+0.9761); act_key_RFCTLARR_2013 (+0.2005),derived_project_type_Rural Infrastructure (-0.4464); derived_notice_count (-0.2903),2,2,HIGH_UNCERTAINTY_SPARSE_EVENTS,PARTIAL — CALIBRATION NOT RELIABLE DUE TO EVENT SPARSITY,HIGH UNCERTAINTY: Estimates derived from sparse administrative milestone occurrences.
CAS_CLEAN_133,SNP_CAS_CLEAN_133_CASE_INITIATION_MILESTONE_20250919,20250919,CASE_INITIATION_TO_MILESTONE,1.0.0-cox-production-baseline,2493aa920caf664a,-0.799041,0.44976,act_key_RFCTLARR_2013 (+0.2005),derived_project_type_Rural Infrastructure (-0.4464); derived_notice_count (-0.2903); current_stage_SECTION_21 (-0.2629),1,3,HIGH_UNCERTAINTY_SPARSE_EVENTS,PARTIAL — CALIBRATION NOT RELIABLE DUE TO EVENT SPARSITY,HIGH UNCERTAINTY: Estimates derived from sparse administrative milestone occurrences.
CAS_CLEAN_228,SNP_CAS_CLEAN_228_CASE_INITIATION_MILESTONE_20250919,20250919,CASE_INITIATION_TO_MILESTONE,1.0.0-cox-production-baseline,2493aa920caf664a,-1.608835,0.200121,act_key_RFCTLARR_2013 (+0.2005),current_stage_GENERAL_NOTICE (-0.4558); derived_project_type_Rural Infrastructure (-0.4464); derived_days_in_current_stage (-0.3491); derived_notice_count (-0.2903); district_Pune (-0.2677),1,5,HIGH_UNCERTAINTY_SPARSE_EVENTS,PARTIAL — CALIBRATION NOT RELIABLE DUE TO EVENT SPARSITY,HIGH UNCERTAINTY: Estimates derived from sparse administrative milestone occurrences.
CAS_CLEAN_229,SNP_CAS_CLEAN_229_CASE_INITIATION_MILESTONE_20250919,20250919,CASE_INITIATION_TO_MILESTONE,1.0.0-cox-production-baseline,2493aa920caf664a,-1.608835,0.200121,act_key_RFCTLARR_2013 (+0.2005),current_stage_GENERAL_NOTICE (-0.4558); derived_project_type_Rural Infrastructure (-0.4464); derived_days_in_current_stage (-0.3491); derived_notice_count (-0.2903); district_Pune (-0.2677),1,5,HIGH_UNCERTAINTY_SPARSE_EVENTS,PARTIAL — CALIBRATION NOT RELIABLE DUE TO EVENT SPARSITY,HIGH UNCERTAINTY: Estimates derived from sparse administrative milestone occurrences.
CAS_CLEAN_230,SNP_CAS_CLEAN_230_CASE_INITIATION_MILESTONE_20250919,20250919,CASE_INITIATION_TO_MILESTONE,1.0.0-cox-production-baseline,2493aa920caf664a,-1.608835,0.200121,act_key_RFCTLARR_2013 (+0.2005),current_stage_GENERAL_NOTICE (-0.4558); derived_project_type_Rural Infrastructure (-0.4464); derived_days_in_current_stage (-0.3491); derived_notice_count (-0.2903); district_Pune (-0.2677),1,5,HIGH_UNCERTAINTY_SPARSE_EVENTS,PARTIAL — CALIBRATION NOT RELIABLE DUE TO EVENT SPARSITY,HIGH UNCERTAINTY: Estimates derived from sparse administrative milestone occurrences.
CAS_CLEAN_231,SNP_CAS_CLEAN_231_CASE_INITIATION_MILESTONE_20250919,20250919,CASE_INITIATION_TO_MILESTONE,1.0.0-cox-production-baseline,2493aa920caf664a,-1.608835,0.200121,act_key_RFCTLARR_2013 (+0.2005),current_stage_GENERAL_NOTICE (-0.4558); derived_project_type_Rural Infrastructure (-0.4464); derived_days_in_current_stage (-0.3491); derived_notice_count (-0.2903); district_Pune (-0.2677),1,5,HIGH_UNCERTAINTY_SPARSE_EVENTS,PARTIAL — CALIBRATION NOT RELIABLE DUE TO EVENT SPARSITY,HIGH UNCERTAINTY: Estimates derived from sparse administrative milestone occurrences.
CAS_CLEAN_232,SNP_CAS_CLEAN_232_CASE_INITIATION_MILESTONE_20250919,20250919,CASE_INITIATION_TO_MILESTONE,1.0.0-cox-production-baseline,2493aa920caf664a,-1.608835,0.200121,act_key_RFCTLARR_2013 (+0.2005),current_stage_GENERAL_NOTICE (-0.4558); derived_project_type_Rural Infrastructure (-0.4464); derived_days_in_current_stage (-0.3491); derived_notice_count (-0.2903); district_Pune (-0.2677),1,5,HIGH_UNCERTAINTY_SPARSE_EVENTS,PARTIAL — CALIBRATION NOT RELIABLE DUE TO EVENT SPARSITY,HIGH UNCERTAINTY: Estimates derived from sparse administrative milestone occurrences.
CAS_CLEAN_242,SNP_CAS_CLEAN_242_CASE_INITIATION_MILESTONE_20250919,20250919,CASE_INITIATION_TO_MILESTONE,1.0.0-cox-production-baseline,2493aa920caf664a,-1.608835,0.200121,act_key_RFCTLARR_2013 (+0.2005),current_stage_GENERAL_NOTICE (-0.4558); derived_project_type_Rural Infrastructure (-0.4464); derived_days_in_current_stage (-0.3491); derived_notice_count (-0.2903); district_Pune (-0.2677),1,5,HIGH_UNCERTAINTY_SPARSE_EVENTS,PARTIAL — CALIBRATION NOT RELIABLE DUE TO EVENT SPARSITY,HIGH UNCERTAINTY: Estimates derived from sparse administrative milestone occurrences.
CAS_CLEAN_101,SNP_CAS_CLEAN_101_CASE_INITIATION_MILESTONE_20250921,20250921,CASE_INITIATION_TO_MILESTONE,1.0.0-cox-production-baseline,2493aa920caf664a,-0.915411,0.400352,act_key_RFCTLARR_2013 (+0.2005),derived_project_type_Rural Infrastructure (-0.4464); derived_notice_count (-0.2903); current_stage_SECTION_21 (-0.2629); derived_days_in_current_stage (-0.1164),1,4,HIGH_UNCERTAINTY_SPARSE_EVENTS,PARTIAL — CALIBRATION NOT RELIABLE DUE TO EVENT SPARSITY,HIGH UNCERTAINTY: Estimates derived from sparse administrative milestone occurrences.
CAS_CLEAN_001,SNP_CAS_CLEAN_001_CASE_INITIATION_MILESTONE_20250923,20250923,CASE_INITIATION_TO_MILESTONE,1.0.0-cox-production-baseline,2493aa920caf664a,-1.146045,0.317892,act_key_RFCTLARR_2013 (+0.2005),derived_project_type_Rural Infrastructure (-0.4464); derived_days_in_current_stage (-0.3491); derived_notice_count (-0.2903); derived_is_direct_purchase (-0.2608),1,4,HIGH_UNCERTAINTY_SPARSE_EVENTS,PARTIAL — CALIBRATION NOT RELIABLE DUE TO EVENT SPARSITY,HIGH UNCERTAINTY: Estimates derived from sparse administrative milestone occurrences.
CAS_CLEAN_227,SNP_CAS_CLEAN_227_CASE_INITIATION_MILESTONE_20250923,20250923,CASE_INITIATION_TO_MILESTONE,1.0.0-cox-production-baseline,2493aa920caf664a,-1.608835,0.200121,act_key_RFCTLARR_2013 (+0.2005),current_stage_GENERAL_NOTICE (-0.4558); derived_project_type_Rural Infrastructure (-0.4464); derived_days_in_current_stage (-0.3491); derived_notice_count (-0.2903); district_Pune (-0.2677),1,5,HIGH_UNCERTAINTY_SPARSE_EVENTS,PARTIAL — CALIBRATION NOT RELIABLE DUE TO EVENT SPARSITY,HIGH UNCERTAINTY: Estimates derived from sparse administrative milestone occurrences.
CAS_CLEAN_240,SNP_CAS_CLEAN_240_CASE_INITIATION_MILESTONE_20250923,20250923,CASE_INITIATION_TO_MILESTONE,1.0.0-cox-production-baseline,2493aa920caf664a,-1.608835,0.200121,act_key_RFCTLARR_2013 (+0.2005),current_stage_GENERAL_NOTICE (-0.4558); derived_project_type_Rural Infrastructure (-0.4464); derived_days_in_current_stage (-0.3491); derived_notice_count (-0.2903); district_Pune (-0.2677),1,5,HIGH_UNCERTAINTY_SPARSE_EVENTS,PARTIAL — CALIBRATION NOT RELIABLE DUE TO EVENT SPARSITY,HIGH UNCERTAINTY: Estimates derived from sparse administrative milestone occurrences.
CAS_CLEAN_093,SNP_CAS_CLEAN_093_CASE_INITIATION_MILESTONE_20250924,20250924,CASE_INITIATION_TO_MILESTONE,1.0.0-cox-production-baseline,2493aa920caf664a,-1.108349,0.330104,act_key_RFCTLARR_2013 (+0.2005),current_stage_GENERAL_NOTICE (-0.4558); derived_project_type_Rural Infrastructure (-0.4464); derived_notice_count (-0.2903); derived_days_in_current_stage (-0.1164),1,4,HIGH_UNCERTAINTY_SPARSE_EVENTS,PARTIAL — CALIBRATION NOT RELIABLE DUE TO EVENT SPARSITY,HIGH UNCERTAINTY: Estimates derived from sparse administrative milestone occurrences.
CAS_CLEAN_194,SNP_CAS_CLEAN_194_CASE_INITIATION_MILESTONE_20250925,20250925,CASE_INITIATION_TO_MILESTONE,1.0.0-cox-production-baseline,2493aa920caf664a,-1.376095,0.252563,act_key_RFCTLARR_2013 (+0.2005),current_stage_GENERAL_NOTICE (-0.4558); derived_project_type_Rural Infrastructure (-0.4464); derived_notice_count (-0.2903); district_Pune (-0.2677); derived_days_in_current_stage (-0.1164),1,5,HIGH_UNCERTAINTY_SPARSE_EVENTS,PARTIAL — CALIBRATION NOT RELIABLE DUE TO EVENT SPARSITY,HIGH UNCERTAINTY: Estimates derived from sparse administrative milestone occurrences.
CAS_CLEAN_195,SNP_CAS_CLEAN_195_CASE_INITIATION_MILESTONE_20250925,20250925,CASE_INITIATION_TO_MILESTONE,1.0.0-cox-production-baseline,2493aa920caf664a,-1.376095,0.252563,act_key_RFCTLARR_2013 (+0.2005),current_stage_GENERAL_NOTICE (-0.4558); derived_project_type_Rural Infrastructure (-0.4464); derived_notice_count (-0.2903); district_Pune (-0.2677); derived_days_in_current_stage (-0.1164),1,5,HIGH_UNCERTAINTY_SPARSE_EVENTS,PARTIAL — CALIBRATION NOT RELIABLE DUE TO EVENT SPARSITY,HIGH UNCERTAINTY: Estimates derived from sparse administrative milestone occurrences.
CAS_CLEAN_243,SNP_CAS_CLEAN_243_CASE_INITIATION_MILESTONE_20250925,20250925,CASE_INITIATION_TO_MILESTONE,1.0.0-cox-production-baseline,2493aa920caf664a,-1.259725,0.283732,act_key_RFCTLARR_2013 (+0.2005),current_stage_GENERAL_NOTICE (-0.4558); derived_project_type_Rural Infrastructure (-0.4464); derived_notice_count (-0.2903); district_Pune (-0.2677),1,4,HIGH_UNCERTAINTY_SPARSE_EVENTS,PARTIAL — CALIBRATION NOT RELIABLE DUE TO EVENT SPARSITY,HIGH UNCERTAINTY: Estimates derived from sparse administrative milestone occurrences.
CAS_CLEAN_015,SNP_CAS_CLEAN_015_CASE_INITIATION_MILESTONE_20250926,20250926,CASE_INITIATION_TO_MILESTONE,1.0.0-cox-production-baseline,2493aa920caf664a,0.439935,1.552606,current_stage_SECTION_11 (+0.9761); act_key_RFCTLARR_2013 (+0.2005),derived_project_type_Rural Infrastructure (-0.4464); derived_notice_count (-0.2903),2,2,HIGH_UNCERTAINTY_SPARSE_EVENTS,PARTIAL — CALIBRATION NOT RELIABLE DUE TO EVENT SPARSITY,HIGH UNCERTAINTY: Estimates derived from sparse administrative milestone occurrences.
CAS_CLEAN_095,SNP_CAS_CLEAN_095_CASE_INITIATION_MILESTONE_20250928,20250928,CASE_INITIATION_TO_MILESTONE,1.0.0-cox-production-baseline,2493aa920caf664a,-1.390603,0.248925,act_key_RFCTLARR_2013 (+0.2005),derived_notice_count (-0.5806); derived_project_type_Rural Infrastructure (-0.4464); derived_days_in_current_stage (-0.3013); current_stage_SECTION_21 (-0.2629),1,4,HIGH_UNCERTAINTY_SPARSE_EVENTS,PARTIAL — CALIBRATION NOT RELIABLE DUE TO EVENT SPARSITY,HIGH UNCERTAINTY: Estimates derived from sparse administrative milestone occurrences.
CAS_CLEAN_214,SNP_CAS_CLEAN_214_CASE_INITIATION_MILESTONE_20250928,20250928,CASE_INITIATION_TO_MILESTONE,1.0.0-cox-production-baseline,2493aa920caf664a,-1.608835,0.200121,act_key_RFCTLARR_2013 (+0.2005),current_stage_GENERAL_NOTICE (-0.4558); derived_project_type_Rural Infrastructure (-0.4464); derived_days_in_current_stage (-0.3491); derived_notice_count (-0.2903); district_Pune (-0.2677),1,5,HIGH_UNCERTAINTY_SPARSE_EVENTS,PARTIAL — CALIBRATION NOT RELIABLE DUE TO EVENT SPARSITY,HIGH UNCERTAINTY: Estimates derived from sparse administrative milestone occurrences.
CAS_CLEAN_223,SNP_CAS_CLEAN_223_CASE_INITIATION_MILESTONE_20250928,20250928,CASE_INITIATION_TO_MILESTONE,1.0.0-cox-production-baseline,2493aa920caf664a,-1.608835,0.200121,act_key_RFCTLARR_2013 (+0.2005),current_stage_GENERAL_NOTICE (-0.4558); derived_project_type_Rural Infrastructure (-0.4464); derived_days_in_current_stage (-0.3491); derived_notice_count (-0.2903); district_Pune (-0.2677),1,5,HIGH_UNCERTAINTY_SPARSE_EVENTS,PARTIAL — CALIBRATION NOT RELIABLE DUE TO EVENT SPARSITY,HIGH UNCERTAINTY: Estimates derived from sparse administrative milestone occurrences.
CAS_CLEAN_224,SNP_CAS_CLEAN_224_CASE_INITIATION_MILESTONE_20250928,20250928,CASE_INITIATION_TO_MILESTONE,1.0.0-cox-production-baseline,2493aa920caf664a,-1.608835,0.200121,act_key_RFCTLARR_2013 (+0.2005),current_stage_GENERAL_NOTICE (-0.4558); derived_project_type_Rural Infrastructure (-0.4464); derived_days_in_current_stage (-0.3491); derived_notice_count (-0.2903); district_Pune (-0.2677),1,5,HIGH_UNCERTAINTY_SPARSE_EVENTS,PARTIAL — CALIBRATION NOT RELIABLE DUE TO EVENT SPARSITY,HIGH UNCERTAINTY: Estimates derived from sparse administrative milestone occurrences.
CAS_CLEAN_225,SNP_CAS_CLEAN_225_CASE_INITIATION_MILESTONE_20250928,20250928,CASE_INITIATION_TO_MILESTONE,1.0.0-cox-production-baseline,2493aa920caf664a,-1.608835,0.200121,act_key_RFCTLARR_2013 (+0.2005),current_stage_GENERAL_NOTICE (-0.4558); derived_project_type_Rural Infrastructure (-0.4464); derived_days_in_current_stage (-0.3491); derived_notice_count (-0.2903); district_Pune (-0.2677),1,5,HIGH_UNCERTAINTY_SPARSE_EVENTS,PARTIAL — CALIBRATION NOT RELIABLE DUE TO EVENT SPARSITY,HIGH UNCERTAINTY: Estimates derived from sparse administrative milestone occurrences.
CAS_CLEAN_006,SNP_CAS_CLEAN_006_CASE_INITIATION_MILESTONE_20250929,20250929,CASE_INITIATION_TO_MILESTONE,1.0.0-cox-production-baseline,2493aa920caf664a,0.439935,1.552606,current_stage_SECTION_11 (+0.9761); act_key_RFCTLARR_2013 (+0.2005),derived_project_type_Rural Infrastructure (-0.4464); derived_notice_count (-0.2903),2,2,HIGH_UNCERTAINTY_SPARSE_EVENTS,PARTIAL — CALIBRATION NOT RELIABLE DUE TO EVENT SPARSITY,HIGH UNCERTAINTY: Estimates derived from sparse administrative milestone occurrences.
CAS_CLEAN_014,SNP_CAS_CLEAN_014_CASE_INITIATION_MILESTONE_20250929,20250929,CASE_INITIATION_TO_MILESTONE,1.0.0-cox-production-baseline,2493aa920caf664a,0.439935,1.552606,current_stage_SECTION_11 (+0.9761); act_key_RFCTLARR_2013 (+0.2005),derived_project_type_Rural Infrastructure (-0.4464); derived_notice_count (-0.2903),2,2,HIGH_UNCERTAINTY_SPARSE_EVENTS,PARTIAL — CALIBRATION NOT RELIABLE DUE TO EVENT SPARSITY,HIGH UNCERTAINTY: Estimates derived from sparse administrative milestone occurrences.
CAS_CLEAN_019,SNP_CAS_CLEAN_019_CASE_INITIATION_MILESTONE_20250929,20250929,CASE_INITIATION_TO_MILESTONE,1.0.0-cox-production-baseline,2493aa920caf664a,0.439935,1.552606,current_stage_SECTION_11 (+0.9761); act_key_RFCTLARR_2013 (+0.2005),derived_project_type_Rural Infrastructure (-0.4464); derived_notice_count (-0.2903),2,2,HIGH_UNCERTAINTY_SPARSE_EVENTS,PARTIAL — CALIBRATION NOT RELIABLE DUE TO EVENT SPARSITY,HIGH UNCERTAINTY: Estimates derived from sparse administrative milestone occurrences.
CAS_CLEAN_060,SNP_CAS_CLEAN_060_CASE_INITIATION_MILESTONE_20250929,20250929,CASE_INITIATION_TO_MILESTONE,1.0.0-cox-production-baseline,2493aa920caf664a,0.886317,2.426178,current_stage_SECTION_11 (+0.9761); act_key_RFCTLARR_2013 (+0.2005),derived_notice_count (-0.2903),2,1,HIGH_UNCERTAINTY_SPARSE_EVENTS,PARTIAL — CALIBRATION NOT RELIABLE DUE TO EVENT SPARSITY,HIGH UNCERTAINTY: Estimates derived from sparse administrative milestone occurrences.
CAS_CLEAN_080,SNP_CAS_CLEAN_080_CASE_INITIATION_MILESTONE_20250929,20250929,CASE_INITIATION_TO_MILESTONE,1.0.0-cox-production-baseline,2493aa920caf664a,0.439935,1.552606,current_stage_SECTION_11 (+0.9761); act_key_RFCTLARR_2013 (+0.2005),derived_project_type_Rural Infrastructure (-0.4464); derived_notice_count (-0.2903),2,2,HIGH_UNCERTAINTY_SPARSE_EVENTS,PARTIAL — CALIBRATION NOT RELIABLE DUE TO EVENT SPARSITY,HIGH UNCERTAINTY: Estimates derived from sparse administrative milestone occurrences.
CAS_CLEAN_129,SNP_CAS_CLEAN_129_CASE_INITIATION_MILESTONE_20250929,20250929,CASE_INITIATION_TO_MILESTONE,1.0.0-cox-production-baseline,2493aa920caf664a,0.439935,1.552606,current_stage_SECTION_11 (+0.9761); act_key_RFCTLARR_2013 (+0.2005),derived_project_type_Rural Infrastructure (-0.4464); derived_notice_count (-0.2903),2,2,HIGH_UNCERTAINTY_SPARSE_EVENTS,PARTIAL — CALIBRATION NOT RELIABLE DUE TO EVENT SPARSITY,HIGH UNCERTAINTY: Estimates derived from sparse administrative milestone occurrences.
CAS_CLEAN_146,SNP_CAS_CLEAN_146_CASE_INITIATION_MILESTONE_20250929,20250929,CASE_INITIATION_TO_MILESTONE,1.0.0-cox-production-baseline,2493aa920caf664a,0.439935,1.552606,current_stage_SECTION_11 (+0.9761); act_key_RFCTLARR_2013 (+0.2005),derived_project_type_Rural Infrastructure (-0.4464); derived_notice_count (-0.2903),2,2,HIGH_UNCERTAINTY_SPARSE_EVENTS,PARTIAL — CALIBRATION NOT RELIABLE DUE TO EVENT SPARSITY,HIGH UNCERTAINTY: Estimates derived from sparse administrative milestone occurrences.
CAS_CLEAN_147,SNP_CAS_CLEAN_147_CASE_INITIATION_MILESTONE_20250929,20250929,CASE_INITIATION_TO_MILESTONE,1.0.0-cox-production-baseline,2493aa920caf664a,0.439935,1.552606,current_stage_SECTION_11 (+0.9761); act_key_RFCTLARR_2013 (+0.2005),derived_project_type_Rural Infrastructure (-0.4464); derived_notice_count (-0.2903),2,2,HIGH_UNCERTAINTY_SPARSE_EVENTS,PARTIAL — CALIBRATION NOT RELIABLE DUE TO EVENT SPARSITY,HIGH UNCERTAINTY: Estimates derived from sparse administrative milestone occurrences.
CAS_CLEAN_003,SNP_CAS_CLEAN_003_CASE_INITIATION_MILESTONE_20250930,20250930,CASE_INITIATION_TO_MILESTONE,1.0.0-cox-production-baseline,2493aa920caf664a,0.439935,1.552606,current_stage_SECTION_11 (+0.9761); act_key_RFCTLARR_2013 (+0.2005),derived_project_type_Rural Infrastructure (-0.4464); derived_notice_count (-0.2903),2,2,HIGH_UNCERTAINTY_SPARSE_EVENTS,PARTIAL — CALIBRATION NOT RELIABLE DUE TO EVENT SPARSITY,HIGH UNCERTAINTY: Estimates derived from sparse administrative milestone occurrences.
CAS_CLEAN_124,SNP_CAS_CLEAN_124_CASE_INITIATION_MILESTONE_20250930,20250930,CASE_INITIATION_TO_MILESTONE,1.0.0-cox-production-baseline,2493aa920caf664a,0.439935,1.552606,current_stage_SECTION_11 (+0.9761); act_key_RFCTLARR_2013 (+0.2005),derived_project_type_Rural Infrastructure (-0.4464); derived_notice_count (-0.2903),2,2,HIGH_UNCERTAINTY_SPARSE_EVENTS,PARTIAL — CALIBRATION NOT RELIABLE DUE TO EVENT SPARSITY,HIGH UNCERTAINTY: Estimates derived from sparse administrative milestone occurrences.
CAS_CLEAN_185,SNP_CAS_CLEAN_185_CASE_INITIATION_MILESTONE_20250930,20250930,CASE_INITIATION_TO_MILESTONE,1.0.0-cox-production-baseline,2493aa920caf664a,-1.608835,0.200121,act_key_RFCTLARR_2013 (+0.2005),current_stage_GENERAL_NOTICE (-0.4558); derived_project_type_Rural Infrastructure (-0.4464); derived_days_in_current_stage (-0.3491); derived_notice_count (-0.2903); district_Pune (-0.2677),1,5,HIGH_UNCERTAINTY_SPARSE_EVENTS,PARTIAL — CALIBRATION NOT RELIABLE DUE TO EVENT SPARSITY,HIGH UNCERTAINTY: Estimates derived from sparse administrative milestone occurrences.
CAS_CLEAN_096,SNP_CAS_CLEAN_096_CASE_INITIATION_MILESTONE_20251001,20251001,CASE_INITIATION_TO_MILESTONE,1.0.0-cox-production-baseline,2493aa920caf664a,-1.270986,0.280555,act_key_RFCTLARR_2013 (+0.2005),derived_days_in_current_stage (-0.4719); derived_project_type_Rural Infrastructure (-0.4464); derived_notice_count (-0.2903); current_stage_SECTION_21 (-0.2629),1,4,HIGH_UNCERTAINTY_SPARSE_EVENTS,PARTIAL — CALIBRATION NOT RELIABLE DUE TO EVENT SPARSITY,HIGH UNCERTAINTY: Estimates derived from sparse administrative milestone occurrences.
CAS_CLEAN_201,SNP_CAS_CLEAN_201_CASE_INITIATION_MILESTONE_20251001,20251001,CASE_INITIATION_TO_MILESTONE,1.0.0-cox-production-baseline,2493aa920caf664a,-1.492465,0.224818,act_key_RFCTLARR_2013 (+0.2005),current_stage_GENERAL_NOTICE (-0.4558); derived_project_type_Rural Infrastructure (-0.4464); derived_notice_count (-0.2903); district_Pune (-0.2677); derived_days_in_current_stage (-0.2327),1,5,HIGH_UNCERTAINTY_SPARSE_EVENTS,PARTIAL — CALIBRATION NOT RELIABLE DUE TO EVENT SPARSITY,HIGH UNCERTAINTY: Estimates derived from sparse administrative milestone occurrences.
CAS_CLEAN_238,SNP_CAS_CLEAN_238_CASE_INITIATION_MILESTONE_20251001,20251001,CASE_INITIATION_TO_MILESTONE,1.0.0-cox-production-baseline,2493aa920caf664a,-1.492465,0.224818,act_key_RFCTLARR_2013 (+0.2005),current_stage_GENERAL_NOTICE (-0.4558); derived_project_type_Rural Infrastructure (-0.4464); derived_notice_count (-0.2903); district_Pune (-0.2677); derived_days_in_current_stage (-0.2327),1,5,HIGH_UNCERTAINTY_SPARSE_EVENTS,PARTIAL — CALIBRATION NOT RELIABLE DUE TO EVENT SPARSITY,HIGH UNCERTAINTY: Estimates derived from sparse administrative milestone occurrences.
CAS_CLEAN_009,SNP_CAS_CLEAN_009_CASE_INITIATION_MILESTONE_20251011,20251011,CASE_INITIATION_TO_MILESTONE,1.0.0-cox-production-baseline,2493aa920caf664a,0.090825,1.095077,current_stage_SECTION_11 (+0.9761); act_key_RFCTLARR_2013 (+0.2005),derived_project_type_Rural Infrastructure (-0.4464); derived_days_in_current_stage (-0.3491); derived_notice_count (-0.2903),2,3,HIGH_UNCERTAINTY_SPARSE_EVENTS,PARTIAL — CALIBRATION NOT RELIABLE DUE TO EVENT SPARSITY,HIGH UNCERTAINTY: Estimates derived from sparse administrative milestone occurrences.
CAS_CLEAN_064,SNP_CAS_CLEAN_064_CASE_INITIATION_MILESTONE_20251011,20251011,CASE_INITIATION_TO_MILESTONE,1.0.0-cox-production-baseline,2493aa920caf664a,0.090825,1.095077,current_stage_SECTION_11 (+0.9761); act_key_RFCTLARR_2013 (+0.2005),derived_project_type_Rural Infrastructure (-0.4464); derived_days_in_current_stage (-0.3491); derived_notice_count (-0.2903),2,3,HIGH_UNCERTAINTY_SPARSE_EVENTS,PARTIAL — CALIBRATION NOT RELIABLE DUE TO EVENT SPARSITY,HIGH UNCERTAINTY: Estimates derived from sparse administrative milestone occurrences.
CAS_CLEAN_071,SNP_CAS_CLEAN_071_CASE_INITIATION_MILESTONE_20251011,20251011,CASE_INITIATION_TO_MILESTONE,1.0.0-cox-production-baseline,2493aa920caf664a,1.015077,2.759576,extension_count (+0.6305); current_stage_INITIATION (+0.6305); act_key_RFCTLARR_2013 (+0.2005),derived_project_type_Rural Infrastructure (-0.4464),3,1,HIGH_UNCERTAINTY_SPARSE_EVENTS,PARTIAL — CALIBRATION NOT RELIABLE DUE TO EVENT SPARSITY,HIGH UNCERTAINTY: Estimates derived from sparse administrative milestone occurrences.
CAS_CLEAN_120,SNP_CAS_CLEAN_120_CASE_INITIATION_MILESTONE_20251011,20251011,CASE_INITIATION_TO_MILESTONE,1.0.0-cox-production-baseline,2493aa920caf664a,0.090825,1.095077,current_stage_SECTION_11 (+0.9761); act_key_RFCTLARR_2013 (+0.2005),derived_project_type_Rural Infrastructure (-0.4464); derived_days_in_current_stage (-0.3491); derived_notice_count (-0.2903),2,3,HIGH_UNCERTAINTY_SPARSE_EVENTS,PARTIAL — CALIBRATION NOT RELIABLE DUE TO EVENT SPARSITY,HIGH UNCERTAINTY: Estimates derived from sparse administrative milestone occurrences.
CAS_CLEAN_149,SNP_CAS_CLEAN_149_CASE_INITIATION_MILESTONE_20251012,20251012,CASE_INITIATION_TO_MILESTONE,1.0.0-cox-production-baseline,2493aa920caf664a,-1.146045,0.317892,act_key_RFCTLARR_2013 (+0.2005),derived_project_type_Rural Infrastructure (-0.4464); derived_days_in_current_stage (-0.3491); derived_notice_count (-0.2903); derived_is_direct_purchase (-0.2608),1,4,HIGH_UNCERTAINTY_SPARSE_EVENTS,PARTIAL — CALIBRATION NOT RELIABLE DUE TO EVENT SPARSITY,HIGH UNCERTAINTY: Estimates derived from sparse administrative milestone occurrences.
CAS_CLEAN_156,SNP_CAS_CLEAN_156_CASE_INITIATION_MILESTONE_20251012,20251012,CASE_INITIATION_TO_MILESTONE,1.0.0-cox-production-baseline,2493aa920caf664a,-1.146045,0.317892,act_key_RFCTLARR_2013 (+0.2005),derived_project_type_Rural Infrastructure (-0.4464); derived_days_in_current_stage (-0.3491); derived_notice_count (-0.2903); derived_is_direct_purchase (-0.2608),1,4,HIGH_UNCERTAINTY_SPARSE_EVENTS,PARTIAL — CALIBRATION NOT RELIABLE DUE TO EVENT SPARSITY,HIGH UNCERTAINTY: Estimates derived from sparse administrative milestone occurrences.
CAS_CLEAN_042,SNP_CAS_CLEAN_042_CASE_INITIATION_MILESTONE_20251014,20251014,CASE_INITIATION_TO_MILESTONE,1.0.0-cox-production-baseline,2493aa920caf664a,-1.424502,0.240628,act_key_RFCTLARR_2013 (+0.2005),derived_notice_count (-0.5806); current_stage_GENERAL_NOTICE (-0.4558); derived_project_type_Rural Infrastructure (-0.4464); derived_days_in_current_stage (-0.1422),1,4,HIGH_UNCERTAINTY_SPARSE_EVENTS,PARTIAL — CALIBRATION NOT RELIABLE DUE TO EVENT SPARSITY,HIGH UNCERTAINTY: Estimates derived from sparse administrative milestone occurrences.
CAS_CLEAN_092,SNP_CAS_CLEAN_092_CASE_INITIATION_MILESTONE_20251014,20251014,CASE_INITIATION_TO_MILESTONE,1.0.0-cox-production-baseline,2493aa920caf664a,-1.224719,0.29384,act_key_RFCTLARR_2013 (+0.2005),current_stage_GENERAL_NOTICE (-0.4558); derived_project_type_Rural Infrastructure (-0.4464); derived_notice_count (-0.2903); derived_days_in_current_stage (-0.2327),1,4,HIGH_UNCERTAINTY_SPARSE_EVENTS,PARTIAL — CALIBRATION NOT RELIABLE DUE TO EVENT SPARSITY,HIGH UNCERTAINTY: Estimates derived from sparse administrative milestone occurrences.
CAS_CLEAN_197,SNP_CAS_CLEAN_197_CASE_INITIATION_MILESTONE_20251014,20251014,CASE_INITIATION_TO_MILESTONE,1.0.0-cox-production-baseline,2493aa920caf664a,-1.492465,0.224818,act_key_RFCTLARR_2013 (+0.2005),current_stage_GENERAL_NOTICE (-0.4558); derived_project_type_Rural Infrastructure (-0.4464); derived_notice_count (-0.2903); district_Pune (-0.2677); derived_days_in_current_stage (-0.2327),1,5,HIGH_UNCERTAINTY_SPARSE_EVENTS,PARTIAL — CALIBRATION NOT RELIABLE DUE TO EVENT SPARSITY,HIGH UNCERTAINTY: Estimates derived from sparse administrative milestone occurrences.
CAS_CLEAN_191,SNP_CAS_CLEAN_191_CASE_INITIATION_MILESTONE_20251015,20251015,CASE_INITIATION_TO_MILESTONE,1.0.0-cox-production-baseline,2493aa920caf664a,-1.376095,0.252563,act_key_RFCTLARR_2013 (+0.2005),current_stage_GENERAL_NOTICE (-0.4558); derived_project_type_Rural Infrastructure (-0.4464); derived_notice_count (-0.2903); district_Pune (-0.2677); derived_days_in_current_stage (-0.1164),1,5,HIGH_UNCERTAINTY_SPARSE_EVENTS,PARTIAL — CALIBRATION NOT RELIABLE DUE TO EVENT SPARSITY,HIGH UNCERTAINTY: Estimates derived from sparse administrative milestone occurrences.
CAS_CLEAN_198,SNP_CAS_CLEAN_198_CASE_INITIATION_MILESTONE_20251018,20251018,CASE_INITIATION_TO_MILESTONE,1.0.0-cox-production-baseline,2493aa920caf664a,-1.492465,0.224818,act_key_RFCTLARR_2013 (+0.2005),current_stage_GENERAL_NOTICE (-0.4558); derived_project_type_Rural Infrastructure (-0.4464); derived_notice_count (-0.2903); district_Pune (-0.2677); derived_days_in_current_stage (-0.2327),1,5,HIGH_UNCERTAINTY_SPARSE_EVENTS,PARTIAL — CALIBRATION NOT RELIABLE DUE TO EVENT SPARSITY,HIGH UNCERTAINTY: Estimates derived from sparse administrative milestone occurrences.
CAS_CLEAN_199,SNP_CAS_CLEAN_199_CASE_INITIATION_MILESTONE_20251018,20251018,CASE_INITIATION_TO_MILESTONE,1.0.0-cox-production-baseline,2493aa920caf664a,-1.492465,0.224818,act_key_RFCTLARR_2013 (+0.2005),current_stage_GENERAL_NOTICE (-0.4558); derived_project_type_Rural Infrastructure (-0.4464); derived_notice_count (-0.2903); district_Pune (-0.2677); derived_days_in_current_stage (-0.2327),1,5,HIGH_UNCERTAINTY_SPARSE_EVENTS,PARTIAL — CALIBRATION NOT RELIABLE DUE TO EVENT SPARSITY,HIGH UNCERTAINTY: Estimates derived from sparse administrative milestone occurrences.
CAS_CLEAN_200,SNP_CAS_CLEAN_200_CASE_INITIATION_MILESTONE_20251018,20251018,CASE_INITIATION_TO_MILESTONE,1.0.0-cox-production-baseline,2493aa920caf664a,-1.492465,0.224818,act_key_RFCTLARR_2013 (+0.2005),current_stage_GENERAL_NOTICE (-0.4558); derived_project_type_Rural Infrastructure (-0.4464); derived_notice_count (-0.2903); district_Pune (-0.2677); derived_days_in_current_stage (-0.2327),1,5,HIGH_UNCERTAINTY_SPARSE_EVENTS,PARTIAL — CALIBRATION NOT RELIABLE DUE TO EVENT SPARSITY,HIGH UNCERTAINTY: Estimates derived from sparse administrative milestone occurrences.
CAS_CLEAN_264,SNP_CAS_CLEAN_264_CASE_INITIATION_MILESTONE_20251018,20251018,CASE_INITIATION_TO_MILESTONE,1.0.0-cox-production-baseline,2493aa920caf664a,-1.633692,0.195208,act_key_RFCTLARR_2013 (+0.2005),current_stage_GENERAL_NOTICE (-0.4558); derived_project_type_Rural Infrastructure (-0.4464); district_Solapur (-0.4090); derived_notice_count (-0.2903); derived_days_in_current_stage (-0.2327),1,5,HIGH_UNCERTAINTY_SPARSE_EVENTS,PARTIAL — CALIBRATION NOT RELIABLE DUE TO EVENT SPARSITY,HIGH UNCERTAINTY: Estimates derived from sparse administrative milestone occurrences.
CAS_CLEAN_054,SNP_CAS_CLEAN_054_CASE_INITIATION_MILESTONE_20251019,20251019,CASE_INITIATION_TO_MILESTONE,1.0.0-cox-production-baseline,2493aa920caf664a,0.090825,1.095077,current_stage_SECTION_11 (+0.9761); act_key_RFCTLARR_2013 (+0.2005),derived_project_type_Rural Infrastructure (-0.4464); derived_days_in_current_stage (-0.3491); derived_notice_count (-0.2903),2,3,HIGH_UNCERTAINTY_SPARSE_EVENTS,PARTIAL — CALIBRATION NOT RELIABLE DUE TO EVENT SPARSITY,HIGH UNCERTAINTY: Estimates derived from sparse administrative milestone occurrences.
CAS_CLEAN_237,SNP_CAS_CLEAN_237_CASE_INITIATION_MILESTONE_20251019,20251019,CASE_INITIATION_TO_MILESTONE,1.0.0-cox-production-baseline,2493aa920caf664a,-1.376095,0.252563,act_key_RFCTLARR_2013 (+0.2005),current_stage_GENERAL_NOTICE (-0.4558); derived_project_type_Rural Infrastructure (-0.4464); derived_notice_count (-0.2903); district_Pune (-0.2677); derived_days_in_current_stage (-0.1164),1,5,HIGH_UNCERTAINTY_SPARSE_EVENTS,PARTIAL — CALIBRATION NOT RELIABLE DUE TO EVENT SPARSITY,HIGH UNCERTAINTY: Estimates derived from sparse administrative milestone occurrences.
CAS_CLEAN_251,SNP_CAS_CLEAN_251_CASE_INITIATION_MILESTONE_20251019,20251019,CASE_INITIATION_TO_MILESTONE,1.0.0-cox-production-baseline,2493aa920caf664a,-1.376095,0.252563,act_key_RFCTLARR_2013 (+0.2005),current_stage_GENERAL_NOTICE (-0.4558); derived_project_type_Rural Infrastructure (-0.4464); derived_notice_count (-0.2903); district_Pune (-0.2677); derived_days_in_current_stage (-0.1164),1,5,HIGH_UNCERTAINTY_SPARSE_EVENTS,PARTIAL — CALIBRATION NOT RELIABLE DUE TO EVENT SPARSITY,HIGH UNCERTAINTY: Estimates derived from sparse administrative milestone occurrences.
CAS_CLEAN_057,SNP_CAS_CLEAN_057_CASE_INITIATION_MILESTONE_20251020,20251020,CASE_INITIATION_TO_MILESTONE,1.0.0-cox-production-baseline,2493aa920caf664a,-1.146045,0.317892,act_key_RFCTLARR_2013 (+0.2005),derived_project_type_Rural Infrastructure (-0.4464); derived_days_in_current_stage (-0.3491); derived_notice_count (-0.2903); derived_is_direct_purchase (-0.2608),1,4,HIGH_UNCERTAINTY_SPARSE_EVENTS,PARTIAL — CALIBRATION NOT RELIABLE DUE TO EVENT SPARSITY,HIGH UNCERTAINTY: Estimates derived from sparse administrative milestone occurrences.
CAS_CLEAN_112,SNP_CAS_CLEAN_112_CASE_INITIATION_MILESTONE_20251020,20251020,CASE_INITIATION_TO_MILESTONE,1.0.0-cox-production-baseline,2493aa920caf664a,-1.146045,0.317892,act_key_RFCTLARR_2013 (+0.2005),derived_project_type_Rural Infrastructure (-0.4464); derived_days_in_current_stage (-0.3491); derived_notice_count (-0.2903); derived_is_direct_purchase (-0.2608),1,4,HIGH_UNCERTAINTY_SPARSE_EVENTS,PARTIAL — CALIBRATION NOT RELIABLE DUE TO EVENT SPARSITY,HIGH UNCERTAINTY: Estimates derived from sparse administrative milestone occurrences.
CAS_CLEAN_222,SNP_CAS_CLEAN_222_CASE_INITIATION_MILESTONE_20251025,20251025,CASE_INITIATION_TO_MILESTONE,1.0.0-cox-production-baseline,2493aa920caf664a,-1.608835,0.200121,act_key_RFCTLARR_2013 (+0.2005),current_stage_GENERAL_NOTICE (-0.4558); derived_project_type_Rural Infrastructure (-0.4464); derived_days_in_current_stage (-0.3491); derived_notice_count (-0.2903); district_Pune (-0.2677),1,5,HIGH_UNCERTAINTY_SPARSE_EVENTS,PARTIAL — CALIBRATION NOT RELIABLE DUE TO EVENT SPARSITY,HIGH UNCERTAINTY: Estimates derived from sparse administrative milestone occurrences.
CAS_CLEAN_025,SNP_CAS_CLEAN_025_CASE_INITIATION_MILESTONE_20251030,20251030,CASE_INITIATION_TO_MILESTONE,1.0.0-cox-production-baseline,2493aa920caf664a,0.323565,1.382046,current_stage_SECTION_11 (+0.9761); act_key_RFCTLARR_2013 (+0.2005),derived_project_type_Rural Infrastructure (-0.4464); derived_notice_count (-0.2903); derived_days_in_current_stage (-0.1164),2,3,HIGH_UNCERTAINTY_SPARSE_EVENTS,PARTIAL — CALIBRATION NOT RELIABLE DUE TO EVENT SPARSITY,HIGH UNCERTAINTY: Estimates derived from sparse administrative milestone occurrences.
CAS_CLEAN_026,SNP_CAS_CLEAN_026_CASE_INITIATION_MILESTONE_20251030,20251030,CASE_INITIATION_TO_MILESTONE,1.0.0-cox-production-baseline,2493aa920caf664a,0.323565,1.382046,current_stage_SECTION_11 (+0.9761); act_key_RFCTLARR_2013 (+0.2005),derived_project_type_Rural Infrastructure (-0.4464); derived_notice_count (-0.2903); derived_days_in_current_stage (-0.1164),2,3,HIGH_UNCERTAINTY_SPARSE_EVENTS,PARTIAL — CALIBRATION NOT RELIABLE DUE TO EVENT SPARSITY,HIGH UNCERTAINTY: Estimates derived from sparse administrative milestone occurrences.
CAS_CLEAN_065,SNP_CAS_CLEAN_065_CASE_INITIATION_MILESTONE_20251030,20251030,CASE_INITIATION_TO_MILESTONE,1.0.0-cox-production-baseline,2493aa920caf664a,0.323565,1.382046,current_stage_SECTION_11 (+0.9761); act_key_RFCTLARR_2013 (+0.2005),derived_project_type_Rural Infrastructure (-0.4464); derived_notice_count (-0.2903); derived_days_in_current_stage (-0.1164),2,3,HIGH_UNCERTAINTY_SPARSE_EVENTS,PARTIAL — CALIBRATION NOT RELIABLE DUE TO EVENT SPARSITY,HIGH UNCERTAINTY: Estimates derived from sparse administrative milestone occurrences.
CAS_CLEAN_078,SNP_CAS_CLEAN_078_CASE_INITIATION_MILESTONE_20251030,20251030,CASE_INITIATION_TO_MILESTONE,1.0.0-cox-production-baseline,2493aa920caf664a,0.323565,1.382046,current_stage_SECTION_11 (+0.9761); act_key_RFCTLARR_2013 (+0.2005),derived_project_type_Rural Infrastructure (-0.4464); derived_notice_count (-0.2903); derived_days_in_current_stage (-0.1164),2,3,HIGH_UNCERTAINTY_SPARSE_EVENTS,PARTIAL — CALIBRATION NOT RELIABLE DUE TO EVENT SPARSITY,HIGH UNCERTAINTY: Estimates derived from sparse administrative milestone occurrences.
CAS_CLEAN_103,SNP_CAS_CLEAN_103_CASE_INITIATION_MILESTONE_20251030,20251030,CASE_INITIATION_TO_MILESTONE,1.0.0-cox-production-baseline,2493aa920caf664a,0.323565,1.382046,current_stage_SECTION_11 (+0.9761); act_key_RFCTLARR_2013 (+0.2005),derived_project_type_Rural Infrastructure (-0.4464); derived_notice_count (-0.2903); derived_days_in_current_stage (-0.1164),2,3,HIGH_UNCERTAINTY_SPARSE_EVENTS,PARTIAL — CALIBRATION NOT RELIABLE DUE TO EVENT SPARSITY,HIGH UNCERTAINTY: Estimates derived from sparse administrative milestone occurrences.
CAS_CLEAN_121,SNP_CAS_CLEAN_121_CASE_INITIATION_MILESTONE_20251030,20251030,CASE_INITIATION_TO_MILESTONE,1.0.0-cox-production-baseline,2493aa920caf664a,0.323565,1.382046,current_stage_SECTION_11 (+0.9761); act_key_RFCTLARR_2013 (+0.2005),derived_project_type_Rural Infrastructure (-0.4464); derived_notice_count (-0.2903); derived_days_in_current_stage (-0.1164),2,3,HIGH_UNCERTAINTY_SPARSE_EVENTS,PARTIAL — CALIBRATION NOT RELIABLE DUE TO EVENT SPARSITY,HIGH UNCERTAINTY: Estimates derived from sparse administrative milestone occurrences.
CAS_CLEAN_097,SNP_CAS_CLEAN_097_CASE_INITIATION_MILESTONE_20251101,20251101,CASE_INITIATION_TO_MILESTONE,1.0.0-cox-production-baseline,2493aa920caf664a,-0.585399,0.556884,act_key_RFCTLARR_2013 (+0.2005),derived_notice_count (-0.2903); current_stage_SECTION_21 (-0.2629); derived_days_in_current_stage (-0.2327),1,3,HIGH_UNCERTAINTY_SPARSE_EVENTS,PARTIAL — CALIBRATION NOT RELIABLE DUE TO EVENT SPARSITY,HIGH UNCERTAINTY: Estimates derived from sparse administrative milestone occurrences.
CAS_CLEAN_190,SNP_CAS_CLEAN_190_CASE_INITIATION_MILESTONE_20251102,20251102,CASE_INITIATION_TO_MILESTONE,1.0.0-cox-production-baseline,2493aa920caf664a,-1.376095,0.252563,act_key_RFCTLARR_2013 (+0.2005),current_stage_GENERAL_NOTICE (-0.4558); derived_project_type_Rural Infrastructure (-0.4464); derived_notice_count (-0.2903); district_Pune (-0.2677); derived_days_in_current_stage (-0.1164),1,5,HIGH_UNCERTAINTY_SPARSE_EVENTS,PARTIAL — CALIBRATION NOT RELIABLE DUE TO EVENT SPARSITY,HIGH UNCERTAINTY: Estimates derived from sparse administrative milestone occurrences.
CAS_CLEAN_216,SNP_CAS_CLEAN_216_CASE_INITIATION_MILESTONE_20251110,20251110,CASE_INITIATION_TO_MILESTONE,1.0.0-cox-production-baseline,2493aa920caf664a,-1.608835,0.200121,act_key_RFCTLARR_2013 (+0.2005),current_stage_GENERAL_NOTICE (-0.4558); derived_project_type_Rural Infrastructure (-0.4464); derived_days_in_current_stage (-0.3491); derived_notice_count (-0.2903); district_Pune (-0.2677),1,5,HIGH_UNCERTAINTY_SPARSE_EVENTS,PARTIAL — CALIBRATION NOT RELIABLE DUE TO EVENT SPARSITY,HIGH UNCERTAINTY: Estimates derived from sparse administrative milestone occurrences.
CAS_CLEAN_218,SNP_CAS_CLEAN_218_CASE_INITIATION_MILESTONE_20251110,20251110,CASE_INITIATION_TO_MILESTONE,1.0.0-cox-production-baseline,2493aa920caf664a,-1.608835,0.200121,act_key_RFCTLARR_2013 (+0.2005),current_stage_GENERAL_NOTICE (-0.4558); derived_project_type_Rural Infrastructure (-0.4464); derived_days_in_current_stage (-0.3491); derived_notice_count (-0.2903); district_Pune (-0.2677),1,5,HIGH_UNCERTAINTY_SPARSE_EVENTS,PARTIAL — CALIBRATION NOT RELIABLE DUE TO EVENT SPARSITY,HIGH UNCERTAINTY: Estimates derived from sparse administrative milestone occurrences.
CAS_CLEAN_219,SNP_CAS_CLEAN_219_CASE_INITIATION_MILESTONE_20251110,20251110,CASE_INITIATION_TO_MILESTONE,1.0.0-cox-production-baseline,2493aa920caf664a,-1.608835,0.200121,act_key_RFCTLARR_2013 (+0.2005),current_stage_GENERAL_NOTICE (-0.4558); derived_project_type_Rural Infrastructure (-0.4464); derived_days_in_current_stage (-0.3491); derived_notice_count (-0.2903); district_Pune (-0.2677),1,5,HIGH_UNCERTAINTY_SPARSE_EVENTS,PARTIAL — CALIBRATION NOT RELIABLE DUE TO EVENT SPARSITY,HIGH UNCERTAINTY: Estimates derived from sparse administrative milestone occurrences.
CAS_CLEAN_221,SNP_CAS_CLEAN_221_CASE_INITIATION_MILESTONE_20251110,20251110,CASE_INITIATION_TO_MILESTONE,1.0.0-cox-production-baseline,2493aa920caf664a,-1.608835,0.200121,act_key_RFCTLARR_2013 (+0.2005),current_stage_GENERAL_NOTICE (-0.4558); derived_project_type_Rural Infrastructure (-0.4464); derived_days_in_current_stage (-0.3491); derived_notice_count (-0.2903); district_Pune (-0.2677),1,5,HIGH_UNCERTAINTY_SPARSE_EVENTS,PARTIAL — CALIBRATION NOT RELIABLE DUE TO EVENT SPARSITY,HIGH UNCERTAINTY: Estimates derived from sparse administrative milestone occurrences.
CAS_CLEAN_016,SNP_CAS_CLEAN_016_CASE_INITIATION_MILESTONE_20251111,20251111,CASE_INITIATION_TO_MILESTONE,1.0.0-cox-production-baseline,2493aa920caf664a,-1.146045,0.317892,act_key_RFCTLARR_2013 (+0.2005),derived_project_type_Rural Infrastructure (-0.4464); derived_days_in_current_stage (-0.3491); derived_notice_count (-0.2903); derived_is_direct_purchase (-0.2608),1,4,HIGH_UNCERTAINTY_SPARSE_EVENTS,PARTIAL — CALIBRATION NOT RELIABLE DUE TO EVENT SPARSITY,HIGH UNCERTAINTY: Estimates derived from sparse administrative milestone occurrences.
CAS_CLEAN_234,SNP_CAS_CLEAN_234_CASE_INITIATION_MILESTONE_20251117,20251117,CASE_INITIATION_TO_MILESTONE,1.0.0-cox-production-baseline,2493aa920caf664a,-1.162453,0.312718,act_key_RFCTLARR_2013 (+0.2005),current_stage_GENERAL_NOTICE (-0.4558); derived_days_in_current_stage (-0.3491); derived_notice_count (-0.2903); district_Pune (-0.2677),1,4,HIGH_UNCERTAINTY_SPARSE_EVENTS,PARTIAL — CALIBRATION NOT RELIABLE DUE TO EVENT SPARSITY,HIGH UNCERTAINTY: Estimates derived from sparse administrative milestone occurrences.
CAS_CLEAN_100,SNP_CAS_CLEAN_100_CASE_INITIATION_MILESTONE_20251122,20251122,CASE_INITIATION_TO_MILESTONE,1.0.0-cox-production-baseline,2493aa920caf664a,-1.148151,0.317223,act_key_RFCTLARR_2013 (+0.2005),derived_project_type_Rural Infrastructure (-0.4464); derived_days_in_current_stage (-0.3491); derived_notice_count (-0.2903); current_stage_SECTION_21 (-0.2629),1,4,HIGH_UNCERTAINTY_SPARSE_EVENTS,PARTIAL — CALIBRATION NOT RELIABLE DUE TO EVENT SPARSITY,HIGH UNCERTAINTY: Estimates derived from sparse administrative milestone occurrences.
CAS_CLEAN_024,SNP_CAS_CLEAN_024_CASE_INITIATION_MILESTONE_20251124,20251124,CASE_INITIATION_TO_MILESTONE,1.0.0-cox-production-baseline,2493aa920caf664a,-1.224719,0.29384,act_key_RFCTLARR_2013 (+0.2005),current_stage_GENERAL_NOTICE (-0.4558); derived_project_type_Rural Infrastructure (-0.4464); derived_notice_count (-0.2903); derived_days_in_current_stage (-0.2327),1,4,HIGH_UNCERTAINTY_SPARSE_EVENTS,PARTIAL — CALIBRATION NOT RELIABLE DUE TO EVENT SPARSITY,HIGH UNCERTAINTY: Estimates derived from sparse administrative milestone occurrences.
CAS_CLEAN_203,SNP_CAS_CLEAN_203_CASE_INITIATION_MILESTONE_20251124,20251124,CASE_INITIATION_TO_MILESTONE,1.0.0-cox-production-baseline,2493aa920caf664a,-1.608835,0.200121,act_key_RFCTLARR_2013 (+0.2005),current_stage_GENERAL_NOTICE (-0.4558); derived_project_type_Rural Infrastructure (-0.4464); derived_days_in_current_stage (-0.3491); derived_notice_count (-0.2903); district_Pune (-0.2677),1,5,HIGH_UNCERTAINTY_SPARSE_EVENTS,PARTIAL — CALIBRATION NOT RELIABLE DUE TO EVENT SPARSITY,HIGH UNCERTAINTY: Estimates derived from sparse administrative milestone occurrences.
CAS_CLEAN_204,SNP_CAS_CLEAN_204_CASE_INITIATION_MILESTONE_20251124,20251124,CASE_INITIATION_TO_MILESTONE,1.0.0-cox-production-baseline,2493aa920caf664a,-1.608835,0.200121,act_key_RFCTLARR_2013 (+0.2005),current_stage_GENERAL_NOTICE (-0.4558); derived_project_type_Rural Infrastructure (-0.4464); derived_days_in_current_stage (-0.3491); derived_notice_count (-0.2903); district_Pune (-0.2677),1,5,HIGH_UNCERTAINTY_SPARSE_EVENTS,PARTIAL — CALIBRATION NOT RELIABLE DUE TO EVENT SPARSITY,HIGH UNCERTAINTY: Estimates derived from sparse administrative milestone occurrences.
CAS_CLEAN_205,SNP_CAS_CLEAN_205_CASE_INITIATION_MILESTONE_20251124,20251124,CASE_INITIATION_TO_MILESTONE,1.0.0-cox-production-baseline,2493aa920caf664a,-1.608835,0.200121,act_key_RFCTLARR_2013 (+0.2005),current_stage_GENERAL_NOTICE (-0.4558); derived_project_type_Rural Infrastructure (-0.4464); derived_days_in_current_stage (-0.3491); derived_notice_count (-0.2903); district_Pune (-0.2677),1,5,HIGH_UNCERTAINTY_SPARSE_EVENTS,PARTIAL — CALIBRATION NOT RELIABLE DUE TO EVENT SPARSITY,HIGH UNCERTAINTY: Estimates derived from sparse administrative milestone occurrences.
CAS_CLEAN_206,SNP_CAS_CLEAN_206_CASE_INITIATION_MILESTONE_20251124,20251124,CASE_INITIATION_TO_MILESTONE,1.0.0-cox-production-baseline,2493aa920caf664a,-1.608835,0.200121,act_key_RFCTLARR_2013 (+0.2005),current_stage_GENERAL_NOTICE (-0.4558); derived_project_type_Rural Infrastructure (-0.4464); derived_days_in_current_stage (-0.3491); derived_notice_count (-0.2903); district_Pune (-0.2677),1,5,HIGH_UNCERTAINTY_SPARSE_EVENTS,PARTIAL — CALIBRATION NOT RELIABLE DUE TO EVENT SPARSITY,HIGH UNCERTAINTY: Estimates derived from sparse administrative milestone occurrences.
CAS_CLEAN_033,SNP_CAS_CLEAN_033_CASE_INITIATION_MILESTONE_20251126,20251126,CASE_INITIATION_TO_MILESTONE,1.0.0-cox-production-baseline,2493aa920caf664a,-0.778337,0.459169,act_key_RFCTLARR_2013 (+0.2005),current_stage_GENERAL_NOTICE (-0.4558); derived_notice_count (-0.2903); derived_days_in_current_stage (-0.2327),1,3,HIGH_UNCERTAINTY_SPARSE_EVENTS,PARTIAL — CALIBRATION NOT RELIABLE DUE TO EVENT SPARSITY,HIGH UNCERTAINTY: Estimates derived from sparse administrative milestone occurrences.
CAS_CLEAN_211,SNP_CAS_CLEAN_211_CASE_INITIATION_MILESTONE_20251126,20251126,CASE_INITIATION_TO_MILESTONE,1.0.0-cox-production-baseline,2493aa920caf664a,-1.608835,0.200121,act_key_RFCTLARR_2013 (+0.2005),current_stage_GENERAL_NOTICE (-0.4558); derived_project_type_Rural Infrastructure (-0.4464); derived_days_in_current_stage (-0.3491); derived_notice_count (-0.2903); district_Pune (-0.2677),1,5,HIGH_UNCERTAINTY_SPARSE_EVENTS,PARTIAL — CALIBRATION NOT RELIABLE DUE TO EVENT SPARSITY,HIGH UNCERTAINTY: Estimates derived from sparse administrative milestone occurrences.
CAS_CLEAN_023,SNP_CAS_CLEAN_023_CASE_INITIATION_MILESTONE_20251202,20251202,CASE_INITIATION_TO_MILESTONE,1.0.0-cox-production-baseline,2493aa920caf664a,-1.224719,0.29384,act_key_RFCTLARR_2013 (+0.2005),current_stage_GENERAL_NOTICE (-0.4558); derived_project_type_Rural Infrastructure (-0.4464); derived_notice_count (-0.2903); derived_days_in_current_stage (-0.2327),1,4,HIGH_UNCERTAINTY_SPARSE_EVENTS,PARTIAL — CALIBRATION NOT RELIABLE DUE TO EVENT SPARSITY,HIGH UNCERTAINTY: Estimates derived from sparse administrative milestone occurrences.
CAS_CLEAN_148,SNP_CAS_CLEAN_148_CASE_INITIATION_MILESTONE_20251202,20251202,CASE_INITIATION_TO_MILESTONE,1.0.0-cox-production-baseline,2493aa920caf664a,-1.463924,0.231327,act_key_RFCTLARR_2013 (+0.2005),derived_days_in_current_stage (-0.4719); current_stage_GENERAL_NOTICE (-0.4558); derived_project_type_Rural Infrastructure (-0.4464); derived_notice_count (-0.2903),1,4,HIGH_UNCERTAINTY_SPARSE_EVENTS,PARTIAL — CALIBRATION NOT RELIABLE DUE TO EVENT SPARSITY,HIGH UNCERTAINTY: Estimates derived from sparse administrative milestone occurrences.
CAS_CLEAN_189,SNP_CAS_CLEAN_189_CASE_INITIATION_MILESTONE_20251202,20251202,CASE_INITIATION_TO_MILESTONE,1.0.0-cox-production-baseline,2493aa920caf664a,-1.376095,0.252563,act_key_RFCTLARR_2013 (+0.2005),current_stage_GENERAL_NOTICE (-0.4558); derived_project_type_Rural Infrastructure (-0.4464); derived_notice_count (-0.2903); district_Pune (-0.2677); derived_days_in_current_stage (-0.1164),1,5,HIGH_UNCERTAINTY_SPARSE_EVENTS,PARTIAL — CALIBRATION NOT RELIABLE DUE TO EVENT SPARSITY,HIGH UNCERTAINTY: Estimates derived from sparse administrative milestone occurrences.
CAS_CLEAN_193,SNP_CAS_CLEAN_193_CASE_INITIATION_MILESTONE_20251203,20251203,CASE_INITIATION_TO_MILESTONE,1.0.0-cox-production-baseline,2493aa920caf664a,-1.492465,0.224818,act_key_RFCTLARR_2013 (+0.2005),current_stage_GENERAL_NOTICE (-0.4558); derived_project_type_Rural Infrastructure (-0.4464); derived_notice_count (-0.2903); district_Pune (-0.2677); derived_days_in_current_stage (-0.2327),1,5,HIGH_UNCERTAINTY_SPARSE_EVENTS,PARTIAL — CALIBRATION NOT RELIABLE DUE TO EVENT SPARSITY,HIGH UNCERTAINTY: Estimates derived from sparse administrative milestone occurrences.
CAS_CLEAN_196,SNP_CAS_CLEAN_196_CASE_INITIATION_MILESTONE_20251203,20251203,CASE_INITIATION_TO_MILESTONE,1.0.0-cox-production-baseline,2493aa920caf664a,-1.492465,0.224818,act_key_RFCTLARR_2013 (+0.2005),current_stage_GENERAL_NOTICE (-0.4558); derived_project_type_Rural Infrastructure (-0.4464); derived_notice_count (-0.2903); district_Pune (-0.2677); derived_days_in_current_stage (-0.2327),1,5,HIGH_UNCERTAINTY_SPARSE_EVENTS,PARTIAL — CALIBRATION NOT RELIABLE DUE TO EVENT SPARSITY,HIGH UNCERTAINTY: Estimates derived from sparse administrative milestone occurrences.
CAS_CLEAN_212,SNP_CAS_CLEAN_212_CASE_INITIATION_MILESTONE_20251205,20251205,CASE_INITIATION_TO_MILESTONE,1.0.0-cox-production-baseline,2493aa920caf664a,-1.608835,0.200121,act_key_RFCTLARR_2013 (+0.2005),current_stage_GENERAL_NOTICE (-0.4558); derived_project_type_Rural Infrastructure (-0.4464); derived_days_in_current_stage (-0.3491); derived_notice_count (-0.2903); district_Pune (-0.2677),1,5,HIGH_UNCERTAINTY_SPARSE_EVENTS,PARTIAL — CALIBRATION NOT RELIABLE DUE TO EVENT SPARSITY,HIGH UNCERTAINTY: Estimates derived from sparse administrative milestone occurrences.
CAS_CLEAN_213,SNP_CAS_CLEAN_213_CASE_INITIATION_MILESTONE_20251205,20251205,CASE_INITIATION_TO_MILESTONE,1.0.0-cox-production-baseline,2493aa920caf664a,-1.608835,0.200121,act_key_RFCTLARR_2013 (+0.2005),current_stage_GENERAL_NOTICE (-0.4558); derived_project_type_Rural Infrastructure (-0.4464); derived_days_in_current_stage (-0.3491); derived_notice_count (-0.2903); district_Pune (-0.2677),1,5,HIGH_UNCERTAINTY_SPARSE_EVENTS,PARTIAL — CALIBRATION NOT RELIABLE DUE TO EVENT SPARSITY,HIGH UNCERTAINTY: Estimates derived from sparse administrative milestone occurrences.
CAS_CLEAN_215,SNP_CAS_CLEAN_215_CASE_INITIATION_MILESTONE_20251206,20251206,CASE_INITIATION_TO_MILESTONE,1.0.0-cox-production-baseline,2493aa920caf664a,-1.608835,0.200121,act_key_RFCTLARR_2013 (+0.2005),current_stage_GENERAL_NOTICE (-0.4558); derived_project_type_Rural Infrastructure (-0.4464); derived_days_in_current_stage (-0.3491); derived_notice_count (-0.2903); district_Pune (-0.2677),1,5,HIGH_UNCERTAINTY_SPARSE_EVENTS,PARTIAL — CALIBRATION NOT RELIABLE DUE TO EVENT SPARSITY,HIGH UNCERTAINTY: Estimates derived from sparse administrative milestone occurrences.
CAS_CLEAN_207,SNP_CAS_CLEAN_207_CASE_INITIATION_MILESTONE_20251208,20251208,CASE_INITIATION_TO_MILESTONE,1.0.0-cox-production-baseline,2493aa920caf664a,-1.608835,0.200121,act_key_RFCTLARR_2013 (+0.2005),current_stage_GENERAL_NOTICE (-0.4558); derived_project_type_Rural Infrastructure (-0.4464); derived_days_in_current_stage (-0.3491); derived_notice_count (-0.2903); district_Pune (-0.2677),1,5,HIGH_UNCERTAINTY_SPARSE_EVENTS,PARTIAL — CALIBRATION NOT RELIABLE DUE TO EVENT SPARSITY,HIGH UNCERTAINTY: Estimates derived from sparse administrative milestone occurrences.
CAS_CLEAN_208,SNP_CAS_CLEAN_208_CASE_INITIATION_MILESTONE_20251208,20251208,CASE_INITIATION_TO_MILESTONE,1.0.0-cox-production-baseline,2493aa920caf664a,-1.608835,0.200121,act_key_RFCTLARR_2013 (+0.2005),current_stage_GENERAL_NOTICE (-0.4558); derived_project_type_Rural Infrastructure (-0.4464); derived_days_in_current_stage (-0.3491); derived_notice_count (-0.2903); district_Pune (-0.2677),1,5,HIGH_UNCERTAINTY_SPARSE_EVENTS,PARTIAL — CALIBRATION NOT RELIABLE DUE TO EVENT SPARSITY,HIGH UNCERTAINTY: Estimates derived from sparse administrative milestone occurrences.
CAS_CLEAN_209,SNP_CAS_CLEAN_209_CASE_INITIATION_MILESTONE_20251208,20251208,CASE_INITIATION_TO_MILESTONE,1.0.0-cox-production-baseline,2493aa920caf664a,-1.608835,0.200121,act_key_RFCTLARR_2013 (+0.2005),current_stage_GENERAL_NOTICE (-0.4558); derived_project_type_Rural Infrastructure (-0.4464); derived_days_in_current_stage (-0.3491); derived_notice_count (-0.2903); district_Pune (-0.2677),1,5,HIGH_UNCERTAINTY_SPARSE_EVENTS,PARTIAL — CALIBRATION NOT RELIABLE DUE TO EVENT SPARSITY,HIGH UNCERTAINTY: Estimates derived from sparse administrative milestone occurrences.
CAS_CLEAN_245,SNP_CAS_CLEAN_245_CASE_INITIATION_MILESTONE_20251209,20251209,CASE_INITIATION_TO_MILESTONE,1.0.0-cox-production-baseline,2493aa920caf664a,-1.376095,0.252563,act_key_RFCTLARR_2013 (+0.2005),current_stage_GENERAL_NOTICE (-0.4558); derived_project_type_Rural Infrastructure (-0.4464); derived_notice_count (-0.2903); district_Pune (-0.2677); derived_days_in_current_stage (-0.1164),1,5,HIGH_UNCERTAINTY_SPARSE_EVENTS,PARTIAL — CALIBRATION NOT RELIABLE DUE TO EVENT SPARSITY,HIGH UNCERTAINTY: Estimates derived from sparse administrative milestone occurrences.
CAS_CLEAN_005,SNP_CAS_CLEAN_005_CASE_INITIATION_MILESTONE_20251210,20251210,CASE_INITIATION_TO_MILESTONE,1.0.0-cox-production-baseline,2493aa920caf664a,-1.512625,0.220331,act_key_RFCTLARR_2013 (+0.2005),derived_notice_count (-0.5806); derived_project_type_Rural Infrastructure (-0.4464); derived_days_in_current_stage (-0.4254); derived_is_direct_purchase (-0.2608),1,4,HIGH_UNCERTAINTY_SPARSE_EVENTS,PARTIAL — CALIBRATION NOT RELIABLE DUE TO EVENT SPARSITY,HIGH UNCERTAINTY: Estimates derived from sparse administrative milestone occurrences.
CAS_CLEAN_079,SNP_CAS_CLEAN_079_CASE_INITIATION_MILESTONE_20251210,20251210,CASE_INITIATION_TO_MILESTONE,1.0.0-cox-production-baseline,2493aa920caf664a,-1.512625,0.220331,act_key_RFCTLARR_2013 (+0.2005),derived_notice_count (-0.5806); derived_project_type_Rural Infrastructure (-0.4464); derived_days_in_current_stage (-0.4254); derived_is_direct_purchase (-0.2608),1,4,HIGH_UNCERTAINTY_SPARSE_EVENTS,PARTIAL — CALIBRATION NOT RELIABLE DUE TO EVENT SPARSITY,HIGH UNCERTAINTY: Estimates derived from sparse administrative milestone occurrences.
CAS_CLEAN_145,SNP_CAS_CLEAN_145_CASE_INITIATION_MILESTONE_20251210,20251210,CASE_INITIATION_TO_MILESTONE,1.0.0-cox-production-baseline,2493aa920caf664a,-1.512625,0.220331,act_key_RFCTLARR_2013 (+0.2005),derived_notice_count (-0.5806); derived_project_type_Rural Infrastructure (-0.4464); derived_days_in_current_stage (-0.4254); derived_is_direct_purchase (-0.2608),1,4,HIGH_UNCERTAINTY_SPARSE_EVENTS,PARTIAL — CALIBRATION NOT RELIABLE DUE TO EVENT SPARSITY,HIGH UNCERTAINTY: Estimates derived from sparse administrative milestone occurrences.
CAS_CLEAN_091,SNP_CAS_CLEAN_091_CASE_INITIATION_MILESTONE_20251212,20251212,CASE_INITIATION_TO_MILESTONE,1.0.0-cox-production-baseline,2493aa920caf664a,-1.463924,0.231327,act_key_RFCTLARR_2013 (+0.2005),derived_days_in_current_stage (-0.4719); current_stage_GENERAL_NOTICE (-0.4558); derived_project_type_Rural Infrastructure (-0.4464); derived_notice_count (-0.2903),1,4,HIGH_UNCERTAINTY_SPARSE_EVENTS,PARTIAL — CALIBRATION NOT RELIABLE DUE TO EVENT SPARSITY,HIGH UNCERTAINTY: Estimates derived from sparse administrative milestone occurrences.
CAS_CLEAN_258,SNP_CAS_CLEAN_258_CASE_INITIATION_MILESTONE_20251212,20251212,CASE_INITIATION_TO_MILESTONE,1.0.0-cox-production-baseline,2493aa920caf664a,-1.362952,0.255904,,current_stage_GENERAL_NOTICE (-0.4558); derived_days_in_current_stage (-0.3491); derived_notice_count (-0.2903); district_Pune (-0.2677),0,4,HIGH_UNCERTAINTY_SPARSE_EVENTS,PARTIAL — CALIBRATION NOT RELIABLE DUE TO EVENT SPARSITY,HIGH UNCERTAINTY: Estimates derived from sparse administrative milestone occurrences.
CAS_CLEAN_259,SNP_CAS_CLEAN_259_CASE_INITIATION_MILESTONE_20251212,20251212,CASE_INITIATION_TO_MILESTONE,1.0.0-cox-production-baseline,2493aa920caf664a,0.030962,1.031446,current_stage_SECTION_11 (+0.9761); act_key_RFCTLARR_2013 (+0.2005),derived_project_type_Rural Infrastructure (-0.4464); district_Solapur (-0.4090); derived_notice_count (-0.2903),2,3,HIGH_UNCERTAINTY_SPARSE_EVENTS,PARTIAL — CALIBRATION NOT RELIABLE DUE TO EVENT SPARSITY,HIGH UNCERTAINTY: Estimates derived from sparse administrative milestone occurrences.
CAS_CLEAN_210,SNP_CAS_CLEAN_210_CASE_INITIATION_MILESTONE_20251215,20251215,CASE_INITIATION_TO_MILESTONE,1.0.0-cox-production-baseline,2493aa920caf664a,-1.608835,0.200121,act_key_RFCTLARR_2013 (+0.2005),current_stage_GENERAL_NOTICE (-0.4558); derived_project_type_Rural Infrastructure (-0.4464); derived_days_in_current_stage (-0.3491); derived_notice_count (-0.2903); district_Pune (-0.2677),1,5,HIGH_UNCERTAINTY_SPARSE_EVENTS,PARTIAL — CALIBRATION NOT RELIABLE DUE TO EVENT SPARSITY,HIGH UNCERTAINTY: Estimates derived from sparse administrative milestone occurrences.
CAS_CLEAN_244,SNP_CAS_CLEAN_244_CASE_INITIATION_MILESTONE_20251216,20251216,CASE_INITIATION_TO_MILESTONE,1.0.0-cox-production-baseline,2493aa920caf664a,-1.376095,0.252563,act_key_RFCTLARR_2013 (+0.2005),current_stage_GENERAL_NOTICE (-0.4558); derived_project_type_Rural Infrastructure (-0.4464); derived_notice_count (-0.2903); district_Pune (-0.2677); derived_days_in_current_stage (-0.1164),1,5,HIGH_UNCERTAINTY_SPARSE_EVENTS,PARTIAL — CALIBRATION NOT RELIABLE DUE TO EVENT SPARSITY,HIGH UNCERTAINTY: Estimates derived from sparse administrative milestone occurrences.
CAS_CLEAN_133,SNP_CAS_CLEAN_133_CASE_INITIATION_MILESTONE_20251218,20251218,CASE_INITIATION_TO_MILESTONE,1.0.0-cox-production-baseline,2493aa920caf664a,-0.915411,0.400352,act_key_RFCTLARR_2013 (+0.2005),derived_project_type_Rural Infrastructure (-0.4464); derived_notice_count (-0.2903); current_stage_SECTION_21 (-0.2629); derived_days_in_current_stage (-0.1164),1,4,HIGH_UNCERTAINTY_SPARSE_EVENTS,PARTIAL — CALIBRATION NOT RELIABLE DUE TO EVENT SPARSITY,HIGH UNCERTAINTY: Estimates derived from sparse administrative milestone occurrences.
CAS_CLEAN_101,SNP_CAS_CLEAN_101_CASE_INITIATION_MILESTONE_20251220,20251220,CASE_INITIATION_TO_MILESTONE,1.0.0-cox-production-baseline,2493aa920caf664a,-1.031781,0.356372,act_key_RFCTLARR_2013 (+0.2005),derived_project_type_Rural Infrastructure (-0.4464); derived_notice_count (-0.2903); current_stage_SECTION_21 (-0.2629); derived_days_in_current_stage (-0.2327),1,4,HIGH_UNCERTAINTY_SPARSE_EVENTS,PARTIAL — CALIBRATION NOT RELIABLE DUE TO EVENT SPARSITY,HIGH UNCERTAINTY: Estimates derived from sparse administrative milestone occurrences.
CAS_CLEAN_093,SNP_CAS_CLEAN_093_CASE_INITIATION_MILESTONE_20251223,20251223,CASE_INITIATION_TO_MILESTONE,1.0.0-cox-production-baseline,2493aa920caf664a,-1.224719,0.29384,act_key_RFCTLARR_2013 (+0.2005),current_stage_GENERAL_NOTICE (-0.4558); derived_project_type_Rural Infrastructure (-0.4464); derived_notice_count (-0.2903); derived_days_in_current_stage (-0.2327),1,4,HIGH_UNCERTAINTY_SPARSE_EVENTS,PARTIAL — CALIBRATION NOT RELIABLE DUE TO EVENT SPARSITY,HIGH UNCERTAINTY: Estimates derived from sparse administrative milestone occurrences.
CAS_CLEAN_228,SNP_CAS_CLEAN_228_CASE_INITIATION_MILESTONE_20251223,20251223,CASE_INITIATION_TO_MILESTONE,1.0.0-cox-production-baseline,2493aa920caf664a,-1.73167,0.176989,act_key_RFCTLARR_2013 (+0.2005),derived_days_in_current_stage (-0.4719); current_stage_GENERAL_NOTICE (-0.4558); derived_project_type_Rural Infrastructure (-0.4464); derived_notice_count (-0.2903); district_Pune (-0.2677),1,5,HIGH_UNCERTAINTY_SPARSE_EVENTS,PARTIAL — CALIBRATION NOT RELIABLE DUE TO EVENT SPARSITY,HIGH UNCERTAINTY: Estimates derived from sparse administrative milestone occurrences.
CAS_CLEAN_229,SNP_CAS_CLEAN_229_CASE_INITIATION_MILESTONE_20251223,20251223,CASE_INITIATION_TO_MILESTONE,1.0.0-cox-production-baseline,2493aa920caf664a,-1.73167,0.176989,act_key_RFCTLARR_2013 (+0.2005),derived_days_in_current_stage (-0.4719); current_stage_GENERAL_NOTICE (-0.4558); derived_project_type_Rural Infrastructure (-0.4464); derived_notice_count (-0.2903); district_Pune (-0.2677),1,5,HIGH_UNCERTAINTY_SPARSE_EVENTS,PARTIAL — CALIBRATION NOT RELIABLE DUE TO EVENT SPARSITY,HIGH UNCERTAINTY: Estimates derived from sparse administrative milestone occurrences.
CAS_CLEAN_230,SNP_CAS_CLEAN_230_CASE_INITIATION_MILESTONE_20251223,20251223,CASE_INITIATION_TO_MILESTONE,1.0.0-cox-production-baseline,2493aa920caf664a,-1.73167,0.176989,act_key_RFCTLARR_2013 (+0.2005),derived_days_in_current_stage (-0.4719); current_stage_GENERAL_NOTICE (-0.4558); derived_project_type_Rural Infrastructure (-0.4464); derived_notice_count (-0.2903); district_Pune (-0.2677),1,5,HIGH_UNCERTAINTY_SPARSE_EVENTS,PARTIAL — CALIBRATION NOT RELIABLE DUE TO EVENT SPARSITY,HIGH UNCERTAINTY: Estimates derived from sparse administrative milestone occurrences.
CAS_CLEAN_231,SNP_CAS_CLEAN_231_CASE_INITIATION_MILESTONE_20251223,20251223,CASE_INITIATION_TO_MILESTONE,1.0.0-cox-production-baseline,2493aa920caf664a,-1.73167,0.176989,act_key_RFCTLARR_2013 (+0.2005),derived_days_in_current_stage (-0.4719); current_stage_GENERAL_NOTICE (-0.4558); derived_project_type_Rural Infrastructure (-0.4464); derived_notice_count (-0.2903); district_Pune (-0.2677),1,5,HIGH_UNCERTAINTY_SPARSE_EVENTS,PARTIAL — CALIBRATION NOT RELIABLE DUE TO EVENT SPARSITY,HIGH UNCERTAINTY: Estimates derived from sparse administrative milestone occurrences.
CAS_CLEAN_232,SNP_CAS_CLEAN_232_CASE_INITIATION_MILESTONE_20251223,20251223,CASE_INITIATION_TO_MILESTONE,1.0.0-cox-production-baseline,2493aa920caf664a,-1.73167,0.176989,act_key_RFCTLARR_2013 (+0.2005),derived_days_in_current_stage (-0.4719); current_stage_GENERAL_NOTICE (-0.4558); derived_project_type_Rural Infrastructure (-0.4464); derived_notice_count (-0.2903); district_Pune (-0.2677),1,5,HIGH_UNCERTAINTY_SPARSE_EVENTS,PARTIAL — CALIBRATION NOT RELIABLE DUE TO EVENT SPARSITY,HIGH UNCERTAINTY: Estimates derived from sparse administrative milestone occurrences.
CAS_CLEAN_242,SNP_CAS_CLEAN_242_CASE_INITIATION_MILESTONE_20251223,20251223,CASE_INITIATION_TO_MILESTONE,1.0.0-cox-production-baseline,2493aa920caf664a,-1.73167,0.176989,act_key_RFCTLARR_2013 (+0.2005),derived_days_in_current_stage (-0.4719); current_stage_GENERAL_NOTICE (-0.4558); derived_project_type_Rural Infrastructure (-0.4464); derived_notice_count (-0.2903); district_Pune (-0.2677),1,5,HIGH_UNCERTAINTY_SPARSE_EVENTS,PARTIAL — CALIBRATION NOT RELIABLE DUE TO EVENT SPARSITY,HIGH UNCERTAINTY: Estimates derived from sparse administrative milestone occurrences.
CAS_CLEAN_194,SNP_CAS_CLEAN_194_CASE_INITIATION_MILESTONE_20251224,20251224,CASE_INITIATION_TO_MILESTONE,1.0.0-cox-production-baseline,2493aa920caf664a,-1.492465,0.224818,act_key_RFCTLARR_2013 (+0.2005),current_stage_GENERAL_NOTICE (-0.4558); derived_project_type_Rural Infrastructure (-0.4464); derived_notice_count (-0.2903); district_Pune (-0.2677); derived_days_in_current_stage (-0.2327),1,5,HIGH_UNCERTAINTY_SPARSE_EVENTS,PARTIAL — CALIBRATION NOT RELIABLE DUE TO EVENT SPARSITY,HIGH UNCERTAINTY: Estimates derived from sparse administrative milestone occurrences.
CAS_CLEAN_195,SNP_CAS_CLEAN_195_CASE_INITIATION_MILESTONE_20251224,20251224,CASE_INITIATION_TO_MILESTONE,1.0.0-cox-production-baseline,2493aa920caf664a,-1.492465,0.224818,act_key_RFCTLARR_2013 (+0.2005),current_stage_GENERAL_NOTICE (-0.4558); derived_project_type_Rural Infrastructure (-0.4464); derived_notice_count (-0.2903); district_Pune (-0.2677); derived_days_in_current_stage (-0.2327),1,5,HIGH_UNCERTAINTY_SPARSE_EVENTS,PARTIAL — CALIBRATION NOT RELIABLE DUE TO EVENT SPARSITY,HIGH UNCERTAINTY: Estimates derived from sparse administrative milestone occurrences.
CAS_CLEAN_243,SNP_CAS_CLEAN_243_CASE_INITIATION_MILESTONE_20251224,20251224,CASE_INITIATION_TO_MILESTONE,1.0.0-cox-production-baseline,2493aa920caf664a,-1.376095,0.252563,act_key_RFCTLARR_2013 (+0.2005),current_stage_GENERAL_NOTICE (-0.4558); derived_project_type_Rural Infrastructure (-0.4464); derived_notice_count (-0.2903); district_Pune (-0.2677); derived_days_in_current_stage (-0.1164),1,5,HIGH_UNCERTAINTY_SPARSE_EVENTS,PARTIAL — CALIBRATION NOT RELIABLE DUE TO EVENT SPARSITY,HIGH UNCERTAINTY: Estimates derived from sparse administrative milestone occurrences.
CAS_CLEAN_001,SNP_CAS_CLEAN_001_CASE_INITIATION_MILESTONE_20251227,20251227,CASE_INITIATION_TO_MILESTONE,1.0.0-cox-production-baseline,2493aa920caf664a,-1.26888,0.281146,act_key_RFCTLARR_2013 (+0.2005),derived_days_in_current_stage (-0.4719); derived_project_type_Rural Infrastructure (-0.4464); derived_notice_count (-0.2903); derived_is_direct_purchase (-0.2608),1,4,HIGH_UNCERTAINTY_SPARSE_EVENTS,PARTIAL — CALIBRATION NOT RELIABLE DUE TO EVENT SPARSITY,HIGH UNCERTAINTY: Estimates derived from sparse administrative milestone occurrences.
CAS_CLEAN_227,SNP_CAS_CLEAN_227_CASE_INITIATION_MILESTONE_20251227,20251227,CASE_INITIATION_TO_MILESTONE,1.0.0-cox-production-baseline,2493aa920caf664a,-1.73167,0.176989,act_key_RFCTLARR_2013 (+0.2005),derived_days_in_current_stage (-0.4719); current_stage_GENERAL_NOTICE (-0.4558); derived_project_type_Rural Infrastructure (-0.4464); derived_notice_count (-0.2903); district_Pune (-0.2677),1,5,HIGH_UNCERTAINTY_SPARSE_EVENTS,PARTIAL — CALIBRATION NOT RELIABLE DUE TO EVENT SPARSITY,HIGH UNCERTAINTY: Estimates derived from sparse administrative milestone occurrences.
CAS_CLEAN_240,SNP_CAS_CLEAN_240_CASE_INITIATION_MILESTONE_20251227,20251227,CASE_INITIATION_TO_MILESTONE,1.0.0-cox-production-baseline,2493aa920caf664a,-1.73167,0.176989,act_key_RFCTLARR_2013 (+0.2005),derived_days_in_current_stage (-0.4719); current_stage_GENERAL_NOTICE (-0.4558); derived_project_type_Rural Infrastructure (-0.4464); derived_notice_count (-0.2903); district_Pune (-0.2677),1,5,HIGH_UNCERTAINTY_SPARSE_EVENTS,PARTIAL — CALIBRATION NOT RELIABLE DUE TO EVENT SPARSITY,HIGH UNCERTAINTY: Estimates derived from sparse administrative milestone occurrences.
CAS_CLEAN_124,SNP_CAS_CLEAN_124_CASE_INITIATION_MILESTONE_20251229,20251229,CASE_INITIATION_TO_MILESTONE,1.0.0-cox-production-baseline,2493aa920caf664a,0.323565,1.382046,current_stage_SECTION_11 (+0.9761); act_key_RFCTLARR_2013 (+0.2005),derived_project_type_Rural Infrastructure (-0.4464); derived_notice_count (-0.2903); derived_days_in_current_stage (-0.1164),2,3,HIGH_UNCERTAINTY_SPARSE_EVENTS,PARTIAL — CALIBRATION NOT RELIABLE DUE TO EVENT SPARSITY,HIGH UNCERTAINTY: Estimates derived from sparse administrative milestone occurrences.
CAS_CLEAN_201,SNP_CAS_CLEAN_201_CASE_INITIATION_MILESTONE_20251230,20251230,CASE_INITIATION_TO_MILESTONE,1.0.0-cox-production-baseline,2493aa920caf664a,-1.608835,0.200121,act_key_RFCTLARR_2013 (+0.2005),current_stage_GENERAL_NOTICE (-0.4558); derived_project_type_Rural Infrastructure (-0.4464); derived_days_in_current_stage (-0.3491); derived_notice_count (-0.2903); district_Pune (-0.2677),1,5,HIGH_UNCERTAINTY_SPARSE_EVENTS,PARTIAL — CALIBRATION NOT RELIABLE DUE TO EVENT SPARSITY,HIGH UNCERTAINTY: Estimates derived from sparse administrative milestone occurrences.
CAS_CLEAN_238,SNP_CAS_CLEAN_238_CASE_INITIATION_MILESTONE_20251230,20251230,CASE_INITIATION_TO_MILESTONE,1.0.0-cox-production-baseline,2493aa920caf664a,-1.608835,0.200121,act_key_RFCTLARR_2013 (+0.2005),current_stage_GENERAL_NOTICE (-0.4558); derived_project_type_Rural Infrastructure (-0.4464); derived_days_in_current_stage (-0.3491); derived_notice_count (-0.2903); district_Pune (-0.2677),1,5,HIGH_UNCERTAINTY_SPARSE_EVENTS,PARTIAL — CALIBRATION NOT RELIABLE DUE TO EVENT SPARSITY,HIGH UNCERTAINTY: Estimates derived from sparse administrative milestone occurrences.
CAS_CLEAN_095,SNP_CAS_CLEAN_095_CASE_INITIATION_MILESTONE_20260101,20260101,CASE_INITIATION_TO_MILESTONE,1.0.0-cox-production-baseline,2493aa920caf664a,-1.513438,0.220152,act_key_RFCTLARR_2013 (+0.2005),derived_notice_count (-0.5806); derived_project_type_Rural Infrastructure (-0.4464); derived_days_in_current_stage (-0.4241); current_stage_SECTION_21 (-0.2629),1,4,HIGH_UNCERTAINTY_SPARSE_EVENTS,PARTIAL — CALIBRATION NOT RELIABLE DUE TO EVENT SPARSITY,HIGH UNCERTAINTY: Estimates derived from sparse administrative milestone occurrences.
CAS_CLEAN_214,SNP_CAS_CLEAN_214_CASE_INITIATION_MILESTONE_20260101,20260101,CASE_INITIATION_TO_MILESTONE,1.0.0-cox-production-baseline,2493aa920caf664a,-1.73167,0.176989,act_key_RFCTLARR_2013 (+0.2005),derived_days_in_current_stage (-0.4719); current_stage_GENERAL_NOTICE (-0.4558); derived_project_type_Rural Infrastructure (-0.4464); derived_notice_count (-0.2903); district_Pune (-0.2677),1,5,HIGH_UNCERTAINTY_SPARSE_EVENTS,PARTIAL — CALIBRATION NOT RELIABLE DUE TO EVENT SPARSITY,HIGH UNCERTAINTY: Estimates derived from sparse administrative milestone occurrences.
CAS_CLEAN_223,SNP_CAS_CLEAN_223_CASE_INITIATION_MILESTONE_20260101,20260101,CASE_INITIATION_TO_MILESTONE,1.0.0-cox-production-baseline,2493aa920caf664a,-1.73167,0.176989,act_key_RFCTLARR_2013 (+0.2005),derived_days_in_current_stage (-0.4719); current_stage_GENERAL_NOTICE (-0.4558); derived_project_type_Rural Infrastructure (-0.4464); derived_notice_count (-0.2903); district_Pune (-0.2677),1,5,HIGH_UNCERTAINTY_SPARSE_EVENTS,PARTIAL — CALIBRATION NOT RELIABLE DUE TO EVENT SPARSITY,HIGH UNCERTAINTY: Estimates derived from sparse administrative milestone occurrences.
CAS_CLEAN_224,SNP_CAS_CLEAN_224_CASE_INITIATION_MILESTONE_20260101,20260101,CASE_INITIATION_TO_MILESTONE,1.0.0-cox-production-baseline,2493aa920caf664a,-1.73167,0.176989,act_key_RFCTLARR_2013 (+0.2005),derived_days_in_current_stage (-0.4719); current_stage_GENERAL_NOTICE (-0.4558); derived_project_type_Rural Infrastructure (-0.4464); derived_notice_count (-0.2903); district_Pune (-0.2677),1,5,HIGH_UNCERTAINTY_SPARSE_EVENTS,PARTIAL — CALIBRATION NOT RELIABLE DUE TO EVENT SPARSITY,HIGH UNCERTAINTY: Estimates derived from sparse administrative milestone occurrences.
CAS_CLEAN_225,SNP_CAS_CLEAN_225_CASE_INITIATION_MILESTONE_20260101,20260101,CASE_INITIATION_TO_MILESTONE,1.0.0-cox-production-baseline,2493aa920caf664a,-1.73167,0.176989,act_key_RFCTLARR_2013 (+0.2005),derived_days_in_current_stage (-0.4719); current_stage_GENERAL_NOTICE (-0.4558); derived_project_type_Rural Infrastructure (-0.4464); derived_notice_count (-0.2903); district_Pune (-0.2677),1,5,HIGH_UNCERTAINTY_SPARSE_EVENTS,PARTIAL — CALIBRATION NOT RELIABLE DUE TO EVENT SPARSITY,HIGH UNCERTAINTY: Estimates derived from sparse administrative milestone occurrences.
CAS_CLEAN_185,SNP_CAS_CLEAN_185_CASE_INITIATION_MILESTONE_20260103,20260103,CASE_INITIATION_TO_MILESTONE,1.0.0-cox-production-baseline,2493aa920caf664a,-1.73167,0.176989,act_key_RFCTLARR_2013 (+0.2005),derived_days_in_current_stage (-0.4719); current_stage_GENERAL_NOTICE (-0.4558); derived_project_type_Rural Infrastructure (-0.4464); derived_notice_count (-0.2903); district_Pune (-0.2677),1,5,HIGH_UNCERTAINTY_SPARSE_EVENTS,PARTIAL — CALIBRATION NOT RELIABLE DUE TO EVENT SPARSITY,HIGH UNCERTAINTY: Estimates derived from sparse administrative milestone occurrences.
CAS_CLEAN_052,SNP_CAS_CLEAN_052_CASE_INITIATION_MILESTONE_20260109,20260109,CASE_INITIATION_TO_MILESTONE,1.0.0-cox-production-baseline,2493aa920caf664a,-0.991979,0.370842,act_key_RFCTLARR_2013 (+0.2005),current_stage_GENERAL_NOTICE (-0.4558); derived_project_type_Rural Infrastructure (-0.4464); derived_notice_count (-0.2903),1,3,HIGH_UNCERTAINTY_SPARSE_EVENTS,PARTIAL — CALIBRATION NOT RELIABLE DUE TO EVENT SPARSITY,HIGH UNCERTAINTY: Estimates derived from sparse administrative milestone occurrences.
CAS_CLEAN_042,SNP_CAS_CLEAN_042_CASE_INITIATION_MILESTONE_20260112,20260112,CASE_INITIATION_TO_MILESTONE,1.0.0-cox-production-baseline,2493aa920caf664a,-1.540872,0.214194,act_key_RFCTLARR_2013 (+0.2005),derived_notice_count (-0.5806); current_stage_GENERAL_NOTICE (-0.4558); derived_project_type_Rural Infrastructure (-0.4464); derived_days_in_current_stage (-0.2586),1,4,HIGH_UNCERTAINTY_SPARSE_EVENTS,PARTIAL — CALIBRATION NOT RELIABLE DUE TO EVENT SPARSITY,HIGH UNCERTAINTY: Estimates derived from sparse administrative milestone occurrences.
CAS_CLEAN_092,SNP_CAS_CLEAN_092_CASE_INITIATION_MILESTONE_20260112,20260112,CASE_INITIATION_TO_MILESTONE,1.0.0-cox-production-baseline,2493aa920caf664a,-1.341089,0.261561,act_key_RFCTLARR_2013 (+0.2005),current_stage_GENERAL_NOTICE (-0.4558); derived_project_type_Rural Infrastructure (-0.4464); derived_days_in_current_stage (-0.3491); derived_notice_count (-0.2903),1,4,HIGH_UNCERTAINTY_SPARSE_EVENTS,PARTIAL — CALIBRATION NOT RELIABLE DUE TO EVENT SPARSITY,HIGH UNCERTAINTY: Estimates derived from sparse administrative milestone occurrences.
CAS_CLEAN_197,SNP_CAS_CLEAN_197_CASE_INITIATION_MILESTONE_20260112,20260112,CASE_INITIATION_TO_MILESTONE,1.0.0-cox-production-baseline,2493aa920caf664a,-1.608835,0.200121,act_key_RFCTLARR_2013 (+0.2005),current_stage_GENERAL_NOTICE (-0.4558); derived_project_type_Rural Infrastructure (-0.4464); derived_days_in_current_stage (-0.3491); derived_notice_count (-0.2903); district_Pune (-0.2677),1,5,HIGH_UNCERTAINTY_SPARSE_EVENTS,PARTIAL — CALIBRATION NOT RELIABLE DUE TO EVENT SPARSITY,HIGH UNCERTAINTY: Estimates derived from sparse administrative milestone occurrences.
CAS_CLEAN_191,SNP_CAS_CLEAN_191_CASE_INITIATION_MILESTONE_20260113,20260113,CASE_INITIATION_TO_MILESTONE,1.0.0-cox-production-baseline,2493aa920caf664a,-1.492465,0.224818,act_key_RFCTLARR_2013 (+0.2005),current_stage_GENERAL_NOTICE (-0.4558); derived_project_type_Rural Infrastructure (-0.4464); derived_notice_count (-0.2903); district_Pune (-0.2677); derived_days_in_current_stage (-0.2327),1,5,HIGH_UNCERTAINTY_SPARSE_EVENTS,PARTIAL — CALIBRATION NOT RELIABLE DUE TO EVENT SPARSITY,HIGH UNCERTAINTY: Estimates derived from sparse administrative milestone occurrences.
CAS_CLEAN_009,SNP_CAS_CLEAN_009_CASE_INITIATION_MILESTONE_20260114,20260114,CASE_INITIATION_TO_MILESTONE,1.0.0-cox-production-baseline,2493aa920caf664a,-0.03201,0.968497,current_stage_SECTION_11 (+0.9761); act_key_RFCTLARR_2013 (+0.2005),derived_days_in_current_stage (-0.4719); derived_project_type_Rural Infrastructure (-0.4464); derived_notice_count (-0.2903),2,3,HIGH_UNCERTAINTY_SPARSE_EVENTS,PARTIAL — CALIBRATION NOT RELIABLE DUE TO EVENT SPARSITY,HIGH UNCERTAINTY: Estimates derived from sparse administrative milestone occurrences.
CAS_CLEAN_064,SNP_CAS_CLEAN_064_CASE_INITIATION_MILESTONE_20260114,20260114,CASE_INITIATION_TO_MILESTONE,1.0.0-cox-production-baseline,2493aa920caf664a,-0.03201,0.968497,current_stage_SECTION_11 (+0.9761); act_key_RFCTLARR_2013 (+0.2005),derived_days_in_current_stage (-0.4719); derived_project_type_Rural Infrastructure (-0.4464); derived_notice_count (-0.2903),2,3,HIGH_UNCERTAINTY_SPARSE_EVENTS,PARTIAL — CALIBRATION NOT RELIABLE DUE TO EVENT SPARSITY,HIGH UNCERTAINTY: Estimates derived from sparse administrative milestone occurrences.
CAS_CLEAN_120,SNP_CAS_CLEAN_120_CASE_INITIATION_MILESTONE_20260114,20260114,CASE_INITIATION_TO_MILESTONE,1.0.0-cox-production-baseline,2493aa920caf664a,-0.03201,0.968497,current_stage_SECTION_11 (+0.9761); act_key_RFCTLARR_2013 (+0.2005),derived_days_in_current_stage (-0.4719); derived_project_type_Rural Infrastructure (-0.4464); derived_notice_count (-0.2903),2,3,HIGH_UNCERTAINTY_SPARSE_EVENTS,PARTIAL — CALIBRATION NOT RELIABLE DUE TO EVENT SPARSITY,HIGH UNCERTAINTY: Estimates derived from sparse administrative milestone occurrences.
CAS_CLEAN_149,SNP_CAS_CLEAN_149_CASE_INITIATION_MILESTONE_20260115,20260115,CASE_INITIATION_TO_MILESTONE,1.0.0-cox-production-baseline,2493aa920caf664a,-1.26888,0.281146,act_key_RFCTLARR_2013 (+0.2005),derived_days_in_current_stage (-0.4719); derived_project_type_Rural Infrastructure (-0.4464); derived_notice_count (-0.2903); derived_is_direct_purchase (-0.2608),1,4,HIGH_UNCERTAINTY_SPARSE_EVENTS,PARTIAL — CALIBRATION NOT RELIABLE DUE TO EVENT SPARSITY,HIGH UNCERTAINTY: Estimates derived from sparse administrative milestone occurrences.
CAS_CLEAN_156,SNP_CAS_CLEAN_156_CASE_INITIATION_MILESTONE_20260115,20260115,CASE_INITIATION_TO_MILESTONE,1.0.0-cox-production-baseline,2493aa920caf664a,-1.26888,0.281146,act_key_RFCTLARR_2013 (+0.2005),derived_days_in_current_stage (-0.4719); derived_project_type_Rural Infrastructure (-0.4464); derived_notice_count (-0.2903); derived_is_direct_purchase (-0.2608),1,4,HIGH_UNCERTAINTY_SPARSE_EVENTS,PARTIAL — CALIBRATION NOT RELIABLE DUE TO EVENT SPARSITY,HIGH UNCERTAINTY: Estimates derived from sparse administrative milestone occurrences.
CAS_CLEAN_198,SNP_CAS_CLEAN_198_CASE_INITIATION_MILESTONE_20260116,20260116,CASE_INITIATION_TO_MILESTONE,1.0.0-cox-production-baseline,2493aa920caf664a,-1.608835,0.200121,act_key_RFCTLARR_2013 (+0.2005),current_stage_GENERAL_NOTICE (-0.4558); derived_project_type_Rural Infrastructure (-0.4464); derived_days_in_current_stage (-0.3491); derived_notice_count (-0.2903); district_Pune (-0.2677),1,5,HIGH_UNCERTAINTY_SPARSE_EVENTS,PARTIAL — CALIBRATION NOT RELIABLE DUE TO EVENT SPARSITY,HIGH UNCERTAINTY: Estimates derived from sparse administrative milestone occurrences.
CAS_CLEAN_199,SNP_CAS_CLEAN_199_CASE_INITIATION_MILESTONE_20260116,20260116,CASE_INITIATION_TO_MILESTONE,1.0.0-cox-production-baseline,2493aa920caf664a,-1.608835,0.200121,act_key_RFCTLARR_2013 (+0.2005),current_stage_GENERAL_NOTICE (-0.4558); derived_project_type_Rural Infrastructure (-0.4464); derived_days_in_current_stage (-0.3491); derived_notice_count (-0.2903); district_Pune (-0.2677),1,5,HIGH_UNCERTAINTY_SPARSE_EVENTS,PARTIAL — CALIBRATION NOT RELIABLE DUE TO EVENT SPARSITY,HIGH UNCERTAINTY: Estimates derived from sparse administrative milestone occurrences.
CAS_CLEAN_200,SNP_CAS_CLEAN_200_CASE_INITIATION_MILESTONE_20260116,20260116,CASE_INITIATION_TO_MILESTONE,1.0.0-cox-production-baseline,2493aa920caf664a,-1.608835,0.200121,act_key_RFCTLARR_2013 (+0.2005),current_stage_GENERAL_NOTICE (-0.4558); derived_project_type_Rural Infrastructure (-0.4464); derived_days_in_current_stage (-0.3491); derived_notice_count (-0.2903); district_Pune (-0.2677),1,5,HIGH_UNCERTAINTY_SPARSE_EVENTS,PARTIAL — CALIBRATION NOT RELIABLE DUE TO EVENT SPARSITY,HIGH UNCERTAINTY: Estimates derived from sparse administrative milestone occurrences.
CAS_CLEAN_264,SNP_CAS_CLEAN_264_CASE_INITIATION_MILESTONE_20260116,20260116,CASE_INITIATION_TO_MILESTONE,1.0.0-cox-production-baseline,2493aa920caf664a,-1.750062,0.173763,act_key_RFCTLARR_2013 (+0.2005),current_stage_GENERAL_NOTICE (-0.4558); derived_project_type_Rural Infrastructure (-0.4464); district_Solapur (-0.4090); derived_days_in_current_stage (-0.3491); derived_notice_count (-0.2903),1,5,HIGH_UNCERTAINTY_SPARSE_EVENTS,PARTIAL — CALIBRATION NOT RELIABLE DUE TO EVENT SPARSITY,HIGH UNCERTAINTY: Estimates derived from sparse administrative milestone occurrences.
CAS_CLEAN_237,SNP_CAS_CLEAN_237_CASE_INITIATION_MILESTONE_20260117,20260117,CASE_INITIATION_TO_MILESTONE,1.0.0-cox-production-baseline,2493aa920caf664a,-1.492465,0.224818,act_key_RFCTLARR_2013 (+0.2005),current_stage_GENERAL_NOTICE (-0.4558); derived_project_type_Rural Infrastructure (-0.4464); derived_notice_count (-0.2903); district_Pune (-0.2677); derived_days_in_current_stage (-0.2327),1,5,HIGH_UNCERTAINTY_SPARSE_EVENTS,PARTIAL — CALIBRATION NOT RELIABLE DUE TO EVENT SPARSITY,HIGH UNCERTAINTY: Estimates derived from sparse administrative milestone occurrences.
CAS_CLEAN_251,SNP_CAS_CLEAN_251_CASE_INITIATION_MILESTONE_20260117,20260117,CASE_INITIATION_TO_MILESTONE,1.0.0-cox-production-baseline,2493aa920caf664a,-1.492465,0.224818,act_key_RFCTLARR_2013 (+0.2005),current_stage_GENERAL_NOTICE (-0.4558); derived_project_type_Rural Infrastructure (-0.4464); derived_notice_count (-0.2903); district_Pune (-0.2677); derived_days_in_current_stage (-0.2327),1,5,HIGH_UNCERTAINTY_SPARSE_EVENTS,PARTIAL — CALIBRATION NOT RELIABLE DUE TO EVENT SPARSITY,HIGH UNCERTAINTY: Estimates derived from sparse administrative milestone occurrences.
CAS_CLEAN_113,SNP_CAS_CLEAN_113_CASE_INITIATION_MILESTONE_20260119,20260119,CASE_INITIATION_TO_MILESTONE,1.0.0-cox-production-baseline,2493aa920caf664a,-0.991979,0.370842,act_key_RFCTLARR_2013 (+0.2005),current_stage_GENERAL_NOTICE (-0.4558); derived_project_type_Rural Infrastructure (-0.4464); derived_notice_count (-0.2903),1,3,HIGH_UNCERTAINTY_SPARSE_EVENTS,PARTIAL — CALIBRATION NOT RELIABLE DUE TO EVENT SPARSITY,HIGH UNCERTAINTY: Estimates derived from sparse administrative milestone occurrences.
CAS_CLEAN_133,SNP_CAS_CLEAN_133_CASE_INITIATION_MILESTONE_20260119,20260119,CASE_INITIATION_TO_MILESTONE,1.0.0-cox-production-baseline,2493aa920caf664a,-1.089334,0.33644,act_key_RFCTLARR_2013 (+0.2005),derived_notice_count (-0.5806); derived_project_type_Rural Infrastructure (-0.4464); current_stage_SECTION_21 (-0.2629),1,3,HIGH_UNCERTAINTY_SPARSE_EVENTS,PARTIAL — CALIBRATION NOT RELIABLE DUE TO EVENT SPARSITY,HIGH UNCERTAINTY: Estimates derived from sparse administrative milestone occurrences.
CAS_CLEAN_054,SNP_CAS_CLEAN_054_CASE_INITIATION_MILESTONE_20260122,20260122,CASE_INITIATION_TO_MILESTONE,1.0.0-cox-production-baseline,2493aa920caf664a,-0.03201,0.968497,current_stage_SECTION_11 (+0.9761); act_key_RFCTLARR_2013 (+0.2005),derived_days_in_current_stage (-0.4719); derived_project_type_Rural Infrastructure (-0.4464); derived_notice_count (-0.2903),2,3,HIGH_UNCERTAINTY_SPARSE_EVENTS,PARTIAL — CALIBRATION NOT RELIABLE DUE TO EVENT SPARSITY,HIGH UNCERTAINTY: Estimates derived from sparse administrative milestone occurrences.
CAS_CLEAN_057,SNP_CAS_CLEAN_057_CASE_INITIATION_MILESTONE_20260123,20260123,CASE_INITIATION_TO_MILESTONE,1.0.0-cox-production-baseline,2493aa920caf664a,-1.26888,0.281146,act_key_RFCTLARR_2013 (+0.2005),derived_days_in_current_stage (-0.4719); derived_project_type_Rural Infrastructure (-0.4464); derived_notice_count (-0.2903); derived_is_direct_purchase (-0.2608),1,4,HIGH_UNCERTAINTY_SPARSE_EVENTS,PARTIAL — CALIBRATION NOT RELIABLE DUE TO EVENT SPARSITY,HIGH UNCERTAINTY: Estimates derived from sparse administrative milestone occurrences.
CAS_CLEAN_112,SNP_CAS_CLEAN_112_CASE_INITIATION_MILESTONE_20260123,20260123,CASE_INITIATION_TO_MILESTONE,1.0.0-cox-production-baseline,2493aa920caf664a,-1.26888,0.281146,act_key_RFCTLARR_2013 (+0.2005),derived_days_in_current_stage (-0.4719); derived_project_type_Rural Infrastructure (-0.4464); derived_notice_count (-0.2903); derived_is_direct_purchase (-0.2608),1,4,HIGH_UNCERTAINTY_SPARSE_EVENTS,PARTIAL — CALIBRATION NOT RELIABLE DUE TO EVENT SPARSITY,HIGH UNCERTAINTY: Estimates derived from sparse administrative milestone occurrences.
CAS_CLEAN_025,SNP_CAS_CLEAN_025_CASE_INITIATION_MILESTONE_20260128,20260128,CASE_INITIATION_TO_MILESTONE,1.0.0-cox-production-baseline,2493aa920caf664a,0.207195,1.230222,current_stage_SECTION_11 (+0.9761); act_key_RFCTLARR_2013 (+0.2005),derived_project_type_Rural Infrastructure (-0.4464); derived_notice_count (-0.2903); derived_days_in_current_stage (-0.2327),2,3,HIGH_UNCERTAINTY_SPARSE_EVENTS,PARTIAL — CALIBRATION NOT RELIABLE DUE TO EVENT SPARSITY,HIGH UNCERTAINTY: Estimates derived from sparse administrative milestone occurrences.
CAS_CLEAN_026,SNP_CAS_CLEAN_026_CASE_INITIATION_MILESTONE_20260128,20260128,CASE_INITIATION_TO_MILESTONE,1.0.0-cox-production-baseline,2493aa920caf664a,0.207195,1.230222,current_stage_SECTION_11 (+0.9761); act_key_RFCTLARR_2013 (+0.2005),derived_project_type_Rural Infrastructure (-0.4464); derived_notice_count (-0.2903); derived_days_in_current_stage (-0.2327),2,3,HIGH_UNCERTAINTY_SPARSE_EVENTS,PARTIAL — CALIBRATION NOT RELIABLE DUE TO EVENT SPARSITY,HIGH UNCERTAINTY: Estimates derived from sparse administrative milestone occurrences.
CAS_CLEAN_065,SNP_CAS_CLEAN_065_CASE_INITIATION_MILESTONE_20260128,20260128,CASE_INITIATION_TO_MILESTONE,1.0.0-cox-production-baseline,2493aa920caf664a,0.207195,1.230222,current_stage_SECTION_11 (+0.9761); act_key_RFCTLARR_2013 (+0.2005),derived_project_type_Rural Infrastructure (-0.4464); derived_notice_count (-0.2903); derived_days_in_current_stage (-0.2327),2,3,HIGH_UNCERTAINTY_SPARSE_EVENTS,PARTIAL — CALIBRATION NOT RELIABLE DUE TO EVENT SPARSITY,HIGH UNCERTAINTY: Estimates derived from sparse administrative milestone occurrences.
CAS_CLEAN_078,SNP_CAS_CLEAN_078_CASE_INITIATION_MILESTONE_20260128,20260128,CASE_INITIATION_TO_MILESTONE,1.0.0-cox-production-baseline,2493aa920caf664a,0.207195,1.230222,current_stage_SECTION_11 (+0.9761); act_key_RFCTLARR_2013 (+0.2005),derived_project_type_Rural Infrastructure (-0.4464); derived_notice_count (-0.2903); derived_days_in_current_stage (-0.2327),2,3,HIGH_UNCERTAINTY_SPARSE_EVENTS,PARTIAL — CALIBRATION NOT RELIABLE DUE TO EVENT SPARSITY,HIGH UNCERTAINTY: Estimates derived from sparse administrative milestone occurrences.
CAS_CLEAN_103,SNP_CAS_CLEAN_103_CASE_INITIATION_MILESTONE_20260128,20260128,CASE_INITIATION_TO_MILESTONE,1.0.0-cox-production-baseline,2493aa920caf664a,0.207195,1.230222,current_stage_SECTION_11 (+0.9761); act_key_RFCTLARR_2013 (+0.2005),derived_project_type_Rural Infrastructure (-0.4464); derived_notice_count (-0.2903); derived_days_in_current_stage (-0.2327),2,3,HIGH_UNCERTAINTY_SPARSE_EVENTS,PARTIAL — CALIBRATION NOT RELIABLE DUE TO EVENT SPARSITY,HIGH UNCERTAINTY: Estimates derived from sparse administrative milestone occurrences.
CAS_CLEAN_121,SNP_CAS_CLEAN_121_CASE_INITIATION_MILESTONE_20260128,20260128,CASE_INITIATION_TO_MILESTONE,1.0.0-cox-production-baseline,2493aa920caf664a,0.207195,1.230222,current_stage_SECTION_11 (+0.9761); act_key_RFCTLARR_2013 (+0.2005),derived_project_type_Rural Infrastructure (-0.4464); derived_notice_count (-0.2903); derived_days_in_current_stage (-0.2327),2,3,HIGH_UNCERTAINTY_SPARSE_EVENTS,PARTIAL — CALIBRATION NOT RELIABLE DUE TO EVENT SPARSITY,HIGH UNCERTAINTY: Estimates derived from sparse administrative milestone occurrences.
CAS_CLEAN_222,SNP_CAS_CLEAN_222_CASE_INITIATION_MILESTONE_20260128,20260128,CASE_INITIATION_TO_MILESTONE,1.0.0-cox-production-baseline,2493aa920caf664a,-1.73167,0.176989,act_key_RFCTLARR_2013 (+0.2005),derived_days_in_current_stage (-0.4719); current_stage_GENERAL_NOTICE (-0.4558); derived_project_type_Rural Infrastructure (-0.4464); derived_notice_count (-0.2903); district_Pune (-0.2677),1,5,HIGH_UNCERTAINTY_SPARSE_EVENTS,PARTIAL — CALIBRATION NOT RELIABLE DUE TO EVENT SPARSITY,HIGH UNCERTAINTY: Estimates derived from sparse administrative milestone occurrences.
CAS_CLEAN_087,SNP_CAS_CLEAN_087_CASE_INITIATION_MILESTONE_20260130,20260130,CASE_INITIATION_TO_MILESTONE,1.0.0-cox-production-baseline,2493aa920caf664a,-1.935869,0.144299,act_key_RFCTLARR_2013 (+0.2005),derived_days_in_current_stage (-0.9439); current_stage_GENERAL_NOTICE (-0.4558); derived_project_type_Rural Infrastructure (-0.4464); derived_notice_count (-0.2903),1,4,HIGH_UNCERTAINTY_SPARSE_EVENTS,PARTIAL — CALIBRATION NOT RELIABLE DUE TO EVENT SPARSITY,HIGH UNCERTAINTY: Estimates derived from sparse administrative milestone occurrences.
CAS_CLEAN_097,SNP_CAS_CLEAN_097_CASE_INITIATION_MILESTONE_20260130,20260130,CASE_INITIATION_TO_MILESTONE,1.0.0-cox-production-baseline,2493aa920caf664a,-0.701769,0.495708,act_key_RFCTLARR_2013 (+0.2005),derived_days_in_current_stage (-0.3491); derived_notice_count (-0.2903); current_stage_SECTION_21 (-0.2629),1,3,HIGH_UNCERTAINTY_SPARSE_EVENTS,PARTIAL — CALIBRATION NOT RELIABLE DUE TO EVENT SPARSITY,HIGH UNCERTAINTY: Estimates derived from sparse administrative milestone occurrences.
CAS_CLEAN_190,SNP_CAS_CLEAN_190_CASE_INITIATION_MILESTONE_20260131,20260131,CASE_INITIATION_TO_MILESTONE,1.0.0-cox-production-baseline,2493aa920caf664a,-1.492465,0.224818,act_key_RFCTLARR_2013 (+0.2005),current_stage_GENERAL_NOTICE (-0.4558); derived_project_type_Rural Infrastructure (-0.4464); derived_notice_count (-0.2903); district_Pune (-0.2677); derived_days_in_current_stage (-0.2327),1,5,HIGH_UNCERTAINTY_SPARSE_EVENTS,PARTIAL — CALIBRATION NOT RELIABLE DUE TO EVENT SPARSITY,HIGH UNCERTAINTY: Estimates derived from sparse administrative milestone occurrences.
CAS_CLEAN_182,SNP_CAS_CLEAN_182_CASE_INITIATION_MILESTONE_20260205,20260205,CASE_INITIATION_TO_MILESTONE,1.0.0-cox-production-baseline,2493aa920caf664a,-0.813343,0.443373,act_key_RFCTLARR_2013 (+0.2005),current_stage_GENERAL_NOTICE (-0.4558); derived_notice_count (-0.2903); district_Pune (-0.2677),1,3,HIGH_UNCERTAINTY_SPARSE_EVENTS,PARTIAL — CALIBRATION NOT RELIABLE DUE TO EVENT SPARSITY,HIGH UNCERTAINTY: Estimates derived from sparse administrative milestone occurrences.
CAS_CLEAN_216,SNP_CAS_CLEAN_216_CASE_INITIATION_MILESTONE_20260213,20260213,CASE_INITIATION_TO_MILESTONE,1.0.0-cox-production-baseline,2493aa920caf664a,-1.73167,0.176989,act_key_RFCTLARR_2013 (+0.2005),derived_days_in_current_stage (-0.4719); current_stage_GENERAL_NOTICE (-0.4558); derived_project_type_Rural Infrastructure (-0.4464); derived_notice_count (-0.2903); district_Pune (-0.2677),1,5,HIGH_UNCERTAINTY_SPARSE_EVENTS,PARTIAL — CALIBRATION NOT RELIABLE DUE TO EVENT SPARSITY,HIGH UNCERTAINTY: Estimates derived from sparse administrative milestone occurrences.
CAS_CLEAN_218,SNP_CAS_CLEAN_218_CASE_INITIATION_MILESTONE_20260213,20260213,CASE_INITIATION_TO_MILESTONE,1.0.0-cox-production-baseline,2493aa920caf664a,-1.73167,0.176989,act_key_RFCTLARR_2013 (+0.2005),derived_days_in_current_stage (-0.4719); current_stage_GENERAL_NOTICE (-0.4558); derived_project_type_Rural Infrastructure (-0.4464); derived_notice_count (-0.2903); district_Pune (-0.2677),1,5,HIGH_UNCERTAINTY_SPARSE_EVENTS,PARTIAL — CALIBRATION NOT RELIABLE DUE TO EVENT SPARSITY,HIGH UNCERTAINTY: Estimates derived from sparse administrative milestone occurrences.
CAS_CLEAN_219,SNP_CAS_CLEAN_219_CASE_INITIATION_MILESTONE_20260213,20260213,CASE_INITIATION_TO_MILESTONE,1.0.0-cox-production-baseline,2493aa920caf664a,-1.73167,0.176989,act_key_RFCTLARR_2013 (+0.2005),derived_days_in_current_stage (-0.4719); current_stage_GENERAL_NOTICE (-0.4558); derived_project_type_Rural Infrastructure (-0.4464); derived_notice_count (-0.2903); district_Pune (-0.2677),1,5,HIGH_UNCERTAINTY_SPARSE_EVENTS,PARTIAL — CALIBRATION NOT RELIABLE DUE TO EVENT SPARSITY,HIGH UNCERTAINTY: Estimates derived from sparse administrative milestone occurrences.
CAS_CLEAN_221,SNP_CAS_CLEAN_221_CASE_INITIATION_MILESTONE_20260213,20260213,CASE_INITIATION_TO_MILESTONE,1.0.0-cox-production-baseline,2493aa920caf664a,-1.73167,0.176989,act_key_RFCTLARR_2013 (+0.2005),derived_days_in_current_stage (-0.4719); current_stage_GENERAL_NOTICE (-0.4558); derived_project_type_Rural Infrastructure (-0.4464); derived_notice_count (-0.2903); district_Pune (-0.2677),1,5,HIGH_UNCERTAINTY_SPARSE_EVENTS,PARTIAL — CALIBRATION NOT RELIABLE DUE TO EVENT SPARSITY,HIGH UNCERTAINTY: Estimates derived from sparse administrative milestone occurrences.
CAS_CLEAN_016,SNP_CAS_CLEAN_016_CASE_INITIATION_MILESTONE_20260214,20260214,CASE_INITIATION_TO_MILESTONE,1.0.0-cox-production-baseline,2493aa920caf664a,-1.26888,0.281146,act_key_RFCTLARR_2013 (+0.2005),derived_days_in_current_stage (-0.4719); derived_project_type_Rural Infrastructure (-0.4464); derived_notice_count (-0.2903); derived_is_direct_purchase (-0.2608),1,4,HIGH_UNCERTAINTY_SPARSE_EVENTS,PARTIAL — CALIBRATION NOT RELIABLE DUE TO EVENT SPARSITY,HIGH UNCERTAINTY: Estimates derived from sparse administrative milestone occurrences.
CAS_CLEAN_234,SNP_CAS_CLEAN_234_CASE_INITIATION_MILESTONE_20260220,20260220,CASE_INITIATION_TO_MILESTONE,1.0.0-cox-production-baseline,2493aa920caf664a,-1.285288,0.276571,act_key_RFCTLARR_2013 (+0.2005),derived_days_in_current_stage (-0.4719); current_stage_GENERAL_NOTICE (-0.4558); derived_notice_count (-0.2903); district_Pune (-0.2677),1,4,HIGH_UNCERTAINTY_SPARSE_EVENTS,PARTIAL — CALIBRATION NOT RELIABLE DUE TO EVENT SPARSITY,HIGH UNCERTAINTY: Estimates derived from sparse administrative milestone occurrences.
CAS_CLEAN_002,SNP_CAS_CLEAN_002_CASE_INITIATION_MILESTONE_20260221,20260221,CASE_INITIATION_TO_MILESTONE,1.0.0-cox-production-baseline,2493aa920caf664a,-1.740825,0.175376,act_key_RFCTLARR_2013 (+0.2005),derived_days_in_current_stage (-0.9439); derived_project_type_Rural Infrastructure (-0.4464); derived_notice_count (-0.2903); derived_is_direct_purchase (-0.2608),1,4,HIGH_UNCERTAINTY_SPARSE_EVENTS,PARTIAL — CALIBRATION NOT RELIABLE DUE TO EVENT SPARSITY,HIGH UNCERTAINTY: Estimates derived from sparse administrative milestone occurrences.
CAS_CLEAN_024,SNP_CAS_CLEAN_024_CASE_INITIATION_MILESTONE_20260222,20260222,CASE_INITIATION_TO_MILESTONE,1.0.0-cox-production-baseline,2493aa920caf664a,-1.341089,0.261561,act_key_RFCTLARR_2013 (+0.2005),current_stage_GENERAL_NOTICE (-0.4558); derived_project_type_Rural Infrastructure (-0.4464); derived_days_in_current_stage (-0.3491); derived_notice_count (-0.2903),1,4,HIGH_UNCERTAINTY_SPARSE_EVENTS,PARTIAL — CALIBRATION NOT RELIABLE DUE TO EVENT SPARSITY,HIGH UNCERTAINTY: Estimates derived from sparse administrative milestone occurrences.
CAS_CLEAN_033,SNP_CAS_CLEAN_033_CASE_INITIATION_MILESTONE_20260224,20260224,CASE_INITIATION_TO_MILESTONE,1.0.0-cox-production-baseline,2493aa920caf664a,-0.894707,0.408727,act_key_RFCTLARR_2013 (+0.2005),current_stage_GENERAL_NOTICE (-0.4558); derived_days_in_current_stage (-0.3491); derived_notice_count (-0.2903),1,3,HIGH_UNCERTAINTY_SPARSE_EVENTS,PARTIAL — CALIBRATION NOT RELIABLE DUE TO EVENT SPARSITY,HIGH UNCERTAINTY: Estimates derived from sparse administrative milestone occurrences.
CAS_CLEAN_100,SNP_CAS_CLEAN_100_CASE_INITIATION_MILESTONE_20260225,20260225,CASE_INITIATION_TO_MILESTONE,1.0.0-cox-production-baseline,2493aa920caf664a,-1.270986,0.280555,act_key_RFCTLARR_2013 (+0.2005),derived_days_in_current_stage (-0.4719); derived_project_type_Rural Infrastructure (-0.4464); derived_notice_count (-0.2903); current_stage_SECTION_21 (-0.2629),1,4,HIGH_UNCERTAINTY_SPARSE_EVENTS,PARTIAL — CALIBRATION NOT RELIABLE DUE TO EVENT SPARSITY,HIGH UNCERTAINTY: Estimates derived from sparse administrative milestone occurrences.
CAS_CLEAN_029,SNP_CAS_CLEAN_029_CASE_INITIATION_MILESTONE_20260226,20260226,CASE_INITIATION_TO_MILESTONE,1.0.0-cox-production-baseline,2493aa920caf664a,-0.503955,0.604137,current_stage_SECTION_11 (+0.9761); act_key_RFCTLARR_2013 (+0.2005),derived_days_in_current_stage (-0.9439); derived_project_type_Rural Infrastructure (-0.4464); derived_notice_count (-0.2903),2,3,HIGH_UNCERTAINTY_SPARSE_EVENTS,PARTIAL — CALIBRATION NOT RELIABLE DUE TO EVENT SPARSITY,HIGH UNCERTAINTY: Estimates derived from sparse administrative milestone occurrences.
CAS_CLEAN_203,SNP_CAS_CLEAN_203_CASE_INITIATION_MILESTONE_20260227,20260227,CASE_INITIATION_TO_MILESTONE,1.0.0-cox-production-baseline,2493aa920caf664a,-1.73167,0.176989,act_key_RFCTLARR_2013 (+0.2005),derived_days_in_current_stage (-0.4719); current_stage_GENERAL_NOTICE (-0.4558); derived_project_type_Rural Infrastructure (-0.4464); derived_notice_count (-0.2903); district_Pune (-0.2677),1,5,HIGH_UNCERTAINTY_SPARSE_EVENTS,PARTIAL — CALIBRATION NOT RELIABLE DUE TO EVENT SPARSITY,HIGH UNCERTAINTY: Estimates derived from sparse administrative milestone occurrences.
CAS_CLEAN_204,SNP_CAS_CLEAN_204_CASE_INITIATION_MILESTONE_20260227,20260227,CASE_INITIATION_TO_MILESTONE,1.0.0-cox-production-baseline,2493aa920caf664a,-1.73167,0.176989,act_key_RFCTLARR_2013 (+0.2005),derived_days_in_current_stage (-0.4719); current_stage_GENERAL_NOTICE (-0.4558); derived_project_type_Rural Infrastructure (-0.4464); derived_notice_count (-0.2903); district_Pune (-0.2677),1,5,HIGH_UNCERTAINTY_SPARSE_EVENTS,PARTIAL — CALIBRATION NOT RELIABLE DUE TO EVENT SPARSITY,HIGH UNCERTAINTY: Estimates derived from sparse administrative milestone occurrences.
CAS_CLEAN_205,SNP_CAS_CLEAN_205_CASE_INITIATION_MILESTONE_20260227,20260227,CASE_INITIATION_TO_MILESTONE,1.0.0-cox-production-baseline,2493aa920caf664a,-1.73167,0.176989,act_key_RFCTLARR_2013 (+0.2005),derived_days_in_current_stage (-0.4719); current_stage_GENERAL_NOTICE (-0.4558); derived_project_type_Rural Infrastructure (-0.4464); derived_notice_count (-0.2903); district_Pune (-0.2677),1,5,HIGH_UNCERTAINTY_SPARSE_EVENTS,PARTIAL — CALIBRATION NOT RELIABLE DUE TO EVENT SPARSITY,HIGH UNCERTAINTY: Estimates derived from sparse administrative milestone occurrences.
CAS_CLEAN_206,SNP_CAS_CLEAN_206_CASE_INITIATION_MILESTONE_20260227,20260227,CASE_INITIATION_TO_MILESTONE,1.0.0-cox-production-baseline,2493aa920caf664a,-1.73167,0.176989,act_key_RFCTLARR_2013 (+0.2005),derived_days_in_current_stage (-0.4719); current_stage_GENERAL_NOTICE (-0.4558); derived_project_type_Rural Infrastructure (-0.4464); derived_notice_count (-0.2903); district_Pune (-0.2677),1,5,HIGH_UNCERTAINTY_SPARSE_EVENTS,PARTIAL — CALIBRATION NOT RELIABLE DUE TO EVENT SPARSITY,HIGH UNCERTAINTY: Estimates derived from sparse administrative milestone occurrences.
CAS_CLEAN_211,SNP_CAS_CLEAN_211_CASE_INITIATION_MILESTONE_20260301,20260301,CASE_INITIATION_TO_MILESTONE,1.0.0-cox-production-baseline,2493aa920caf664a,-1.73167,0.176989,act_key_RFCTLARR_2013 (+0.2005),derived_days_in_current_stage (-0.4719); current_stage_GENERAL_NOTICE (-0.4558); derived_project_type_Rural Infrastructure (-0.4464); derived_notice_count (-0.2903); district_Pune (-0.2677),1,5,HIGH_UNCERTAINTY_SPARSE_EVENTS,PARTIAL — CALIBRATION NOT RELIABLE DUE TO EVENT SPARSITY,HIGH UNCERTAINTY: Estimates derived from sparse administrative milestone occurrences.
CAS_CLEAN_023,SNP_CAS_CLEAN_023_CASE_INITIATION_MILESTONE_20260302,20260302,CASE_INITIATION_TO_MILESTONE,1.0.0-cox-production-baseline,2493aa920caf664a,-1.341089,0.261561,act_key_RFCTLARR_2013 (+0.2005),current_stage_GENERAL_NOTICE (-0.4558); derived_project_type_Rural Infrastructure (-0.4464); derived_days_in_current_stage (-0.3491); derived_notice_count (-0.2903),1,4,HIGH_UNCERTAINTY_SPARSE_EVENTS,PARTIAL — CALIBRATION NOT RELIABLE DUE TO EVENT SPARSITY,HIGH UNCERTAINTY: Estimates derived from sparse administrative milestone occurrences.
CAS_CLEAN_189,SNP_CAS_CLEAN_189_CASE_INITIATION_MILESTONE_20260302,20260302,CASE_INITIATION_TO_MILESTONE,1.0.0-cox-production-baseline,2493aa920caf664a,-1.492465,0.224818,act_key_RFCTLARR_2013 (+0.2005),current_stage_GENERAL_NOTICE (-0.4558); derived_project_type_Rural Infrastructure (-0.4464); derived_notice_count (-0.2903); district_Pune (-0.2677); derived_days_in_current_stage (-0.2327),1,5,HIGH_UNCERTAINTY_SPARSE_EVENTS,PARTIAL — CALIBRATION NOT RELIABLE DUE TO EVENT SPARSITY,HIGH UNCERTAINTY: Estimates derived from sparse administrative milestone occurrences.
CAS_CLEAN_193,SNP_CAS_CLEAN_193_CASE_INITIATION_MILESTONE_20260303,20260303,CASE_INITIATION_TO_MILESTONE,1.0.0-cox-production-baseline,2493aa920caf664a,-1.608835,0.200121,act_key_RFCTLARR_2013 (+0.2005),current_stage_GENERAL_NOTICE (-0.4558); derived_project_type_Rural Infrastructure (-0.4464); derived_days_in_current_stage (-0.3491); derived_notice_count (-0.2903); district_Pune (-0.2677),1,5,HIGH_UNCERTAINTY_SPARSE_EVENTS,PARTIAL — CALIBRATION NOT RELIABLE DUE TO EVENT SPARSITY,HIGH UNCERTAINTY: Estimates derived from sparse administrative milestone occurrences.
CAS_CLEAN_196,SNP_CAS_CLEAN_196_CASE_INITIATION_MILESTONE_20260303,20260303,CASE_INITIATION_TO_MILESTONE,1.0.0-cox-production-baseline,2493aa920caf664a,-1.608835,0.200121,act_key_RFCTLARR_2013 (+0.2005),current_stage_GENERAL_NOTICE (-0.4558); derived_project_type_Rural Infrastructure (-0.4464); derived_days_in_current_stage (-0.3491); derived_notice_count (-0.2903); district_Pune (-0.2677),1,5,HIGH_UNCERTAINTY_SPARSE_EVENTS,PARTIAL — CALIBRATION NOT RELIABLE DUE TO EVENT SPARSITY,HIGH UNCERTAINTY: Estimates derived from sparse administrative milestone occurrences.
CAS_CLEAN_021,SNP_CAS_CLEAN_021_CASE_INITIATION_MILESTONE_20260305,20260305,CASE_INITIATION_TO_MILESTONE,1.0.0-cox-production-baseline,2493aa920caf664a,-1.935869,0.144299,act_key_RFCTLARR_2013 (+0.2005),derived_days_in_current_stage (-0.9439); current_stage_GENERAL_NOTICE (-0.4558); derived_project_type_Rural Infrastructure (-0.4464); derived_notice_count (-0.2903),1,4,HIGH_UNCERTAINTY_SPARSE_EVENTS,PARTIAL — CALIBRATION NOT RELIABLE DUE TO EVENT SPARSITY,HIGH UNCERTAINTY: Estimates derived from sparse administrative milestone occurrences.
CAS_CLEAN_181,SNP_CAS_CLEAN_181_CASE_INITIATION_MILESTONE_20260309,20260309,CASE_INITIATION_TO_MILESTONE,1.0.0-cox-production-baseline,2493aa920caf664a,-0.813343,0.443373,act_key_RFCTLARR_2013 (+0.2005),current_stage_GENERAL_NOTICE (-0.4558); derived_notice_count (-0.2903); district_Pune (-0.2677),1,3,HIGH_UNCERTAINTY_SPARSE_EVENTS,PARTIAL — CALIBRATION NOT RELIABLE DUE TO EVENT SPARSITY,HIGH UNCERTAINTY: Estimates derived from sparse administrative milestone occurrences.
CAS_CLEAN_245,SNP_CAS_CLEAN_245_CASE_INITIATION_MILESTONE_20260309,20260309,CASE_INITIATION_TO_MILESTONE,1.0.0-cox-production-baseline,2493aa920caf664a,-1.492465,0.224818,act_key_RFCTLARR_2013 (+0.2005),current_stage_GENERAL_NOTICE (-0.4558); derived_project_type_Rural Infrastructure (-0.4464); derived_notice_count (-0.2903); district_Pune (-0.2677); derived_days_in_current_stage (-0.2327),1,5,HIGH_UNCERTAINTY_SPARSE_EVENTS,PARTIAL — CALIBRATION NOT RELIABLE DUE TO EVENT SPARSITY,HIGH UNCERTAINTY: Estimates derived from sparse administrative milestone occurrences.
CAS_CLEAN_212,SNP_CAS_CLEAN_212_CASE_INITIATION_MILESTONE_20260310,20260310,CASE_INITIATION_TO_MILESTONE,1.0.0-cox-production-baseline,2493aa920caf664a,-1.73167,0.176989,act_key_RFCTLARR_2013 (+0.2005),derived_days_in_current_stage (-0.4719); current_stage_GENERAL_NOTICE (-0.4558); derived_project_type_Rural Infrastructure (-0.4464); derived_notice_count (-0.2903); district_Pune (-0.2677),1,5,HIGH_UNCERTAINTY_SPARSE_EVENTS,PARTIAL — CALIBRATION NOT RELIABLE DUE TO EVENT SPARSITY,HIGH UNCERTAINTY: Estimates derived from sparse administrative milestone occurrences.
CAS_CLEAN_213,SNP_CAS_CLEAN_213_CASE_INITIATION_MILESTONE_20260310,20260310,CASE_INITIATION_TO_MILESTONE,1.0.0-cox-production-baseline,2493aa920caf664a,-1.73167,0.176989,act_key_RFCTLARR_2013 (+0.2005),derived_days_in_current_stage (-0.4719); current_stage_GENERAL_NOTICE (-0.4558); derived_project_type_Rural Infrastructure (-0.4464); derived_notice_count (-0.2903); district_Pune (-0.2677),1,5,HIGH_UNCERTAINTY_SPARSE_EVENTS,PARTIAL — CALIBRATION NOT RELIABLE DUE TO EVENT SPARSITY,HIGH UNCERTAINTY: Estimates derived from sparse administrative milestone occurrences.
CAS_CLEAN_215,SNP_CAS_CLEAN_215_CASE_INITIATION_MILESTONE_20260311,20260311,CASE_INITIATION_TO_MILESTONE,1.0.0-cox-production-baseline,2493aa920caf664a,-1.73167,0.176989,act_key_RFCTLARR_2013 (+0.2005),derived_days_in_current_stage (-0.4719); current_stage_GENERAL_NOTICE (-0.4558); derived_project_type_Rural Infrastructure (-0.4464); derived_notice_count (-0.2903); district_Pune (-0.2677),1,5,HIGH_UNCERTAINTY_SPARSE_EVENTS,PARTIAL — CALIBRATION NOT RELIABLE DUE TO EVENT SPARSITY,HIGH UNCERTAINTY: Estimates derived from sparse administrative milestone occurrences.
CAS_CLEAN_259,SNP_CAS_CLEAN_259_CASE_INITIATION_MILESTONE_20260312,20260312,CASE_INITIATION_TO_MILESTONE,1.0.0-cox-production-baseline,2493aa920caf664a,-0.085408,0.918138,current_stage_SECTION_11 (+0.9761); act_key_RFCTLARR_2013 (+0.2005),derived_project_type_Rural Infrastructure (-0.4464); district_Solapur (-0.4090); derived_notice_count (-0.2903); derived_days_in_current_stage (-0.1164),2,4,HIGH_UNCERTAINTY_SPARSE_EVENTS,PARTIAL — CALIBRATION NOT RELIABLE DUE TO EVENT SPARSITY,HIGH UNCERTAINTY: Estimates derived from sparse administrative milestone occurrences.
CAS_CLEAN_164,SNP_CAS_CLEAN_164_CASE_INITIATION_MILESTONE_20260313,20260313,CASE_INITIATION_TO_MILESTONE,1.0.0-cox-production-baseline,2493aa920caf664a,-1.935869,0.144299,act_key_RFCTLARR_2013 (+0.2005),derived_days_in_current_stage (-0.9439); current_stage_GENERAL_NOTICE (-0.4558); derived_project_type_Rural Infrastructure (-0.4464); derived_notice_count (-0.2903),1,4,HIGH_UNCERTAINTY_SPARSE_EVENTS,PARTIAL — CALIBRATION NOT RELIABLE DUE TO EVENT SPARSITY,HIGH UNCERTAINTY: Estimates derived from sparse administrative milestone occurrences.
CAS_CLEAN_165,SNP_CAS_CLEAN_165_CASE_INITIATION_MILESTONE_20260313,20260313,CASE_INITIATION_TO_MILESTONE,1.0.0-cox-production-baseline,2493aa920caf664a,-1.935869,0.144299,act_key_RFCTLARR_2013 (+0.2005),derived_days_in_current_stage (-0.9439); current_stage_GENERAL_NOTICE (-0.4558); derived_project_type_Rural Infrastructure (-0.4464); derived_notice_count (-0.2903),1,4,HIGH_UNCERTAINTY_SPARSE_EVENTS,PARTIAL — CALIBRATION NOT RELIABLE DUE TO EVENT SPARSITY,HIGH UNCERTAINTY: Estimates derived from sparse administrative milestone occurrences.
CAS_CLEAN_207,SNP_CAS_CLEAN_207_CASE_INITIATION_MILESTONE_20260313,20260313,CASE_INITIATION_TO_MILESTONE,1.0.0-cox-production-baseline,2493aa920caf664a,-1.73167,0.176989,act_key_RFCTLARR_2013 (+0.2005),derived_days_in_current_stage (-0.4719); current_stage_GENERAL_NOTICE (-0.4558); derived_project_type_Rural Infrastructure (-0.4464); derived_notice_count (-0.2903); district_Pune (-0.2677),1,5,HIGH_UNCERTAINTY_SPARSE_EVENTS,PARTIAL — CALIBRATION NOT RELIABLE DUE TO EVENT SPARSITY,HIGH UNCERTAINTY: Estimates derived from sparse administrative milestone occurrences.
CAS_CLEAN_208,SNP_CAS_CLEAN_208_CASE_INITIATION_MILESTONE_20260313,20260313,CASE_INITIATION_TO_MILESTONE,1.0.0-cox-production-baseline,2493aa920caf664a,-1.73167,0.176989,act_key_RFCTLARR_2013 (+0.2005),derived_days_in_current_stage (-0.4719); current_stage_GENERAL_NOTICE (-0.4558); derived_project_type_Rural Infrastructure (-0.4464); derived_notice_count (-0.2903); district_Pune (-0.2677),1,5,HIGH_UNCERTAINTY_SPARSE_EVENTS,PARTIAL — CALIBRATION NOT RELIABLE DUE TO EVENT SPARSITY,HIGH UNCERTAINTY: Estimates derived from sparse administrative milestone occurrences.
CAS_CLEAN_209,SNP_CAS_CLEAN_209_CASE_INITIATION_MILESTONE_20260313,20260313,CASE_INITIATION_TO_MILESTONE,1.0.0-cox-production-baseline,2493aa920caf664a,-1.73167,0.176989,act_key_RFCTLARR_2013 (+0.2005),derived_days_in_current_stage (-0.4719); current_stage_GENERAL_NOTICE (-0.4558); derived_project_type_Rural Infrastructure (-0.4464); derived_notice_count (-0.2903); district_Pune (-0.2677),1,5,HIGH_UNCERTAINTY_SPARSE_EVENTS,PARTIAL — CALIBRATION NOT RELIABLE DUE TO EVENT SPARSITY,HIGH UNCERTAINTY: Estimates derived from sparse administrative milestone occurrences.
CAS_CLEAN_039,SNP_CAS_CLEAN_039_CASE_INITIATION_MILESTONE_20260314,20260314,CASE_INITIATION_TO_MILESTONE,1.0.0-cox-production-baseline,2493aa920caf664a,-0.503955,0.604137,current_stage_SECTION_11 (+0.9761); act_key_RFCTLARR_2013 (+0.2005),derived_days_in_current_stage (-0.9439); derived_project_type_Rural Infrastructure (-0.4464); derived_notice_count (-0.2903),2,3,HIGH_UNCERTAINTY_SPARSE_EVENTS,PARTIAL — CALIBRATION NOT RELIABLE DUE TO EVENT SPARSITY,HIGH UNCERTAINTY: Estimates derived from sparse administrative milestone occurrences.
CAS_CLEAN_041,SNP_CAS_CLEAN_041_CASE_INITIATION_MILESTONE_20260314,20260314,CASE_INITIATION_TO_MILESTONE,1.0.0-cox-production-baseline,2493aa920caf664a,-0.503955,0.604137,current_stage_SECTION_11 (+0.9761); act_key_RFCTLARR_2013 (+0.2005),derived_days_in_current_stage (-0.9439); derived_project_type_Rural Infrastructure (-0.4464); derived_notice_count (-0.2903),2,3,HIGH_UNCERTAINTY_SPARSE_EVENTS,PARTIAL — CALIBRATION NOT RELIABLE DUE TO EVENT SPARSITY,HIGH UNCERTAINTY: Estimates derived from sparse administrative milestone occurrences.
CAS_CLEAN_136,SNP_CAS_CLEAN_136_CASE_INITIATION_MILESTONE_20260314,20260314,CASE_INITIATION_TO_MILESTONE,1.0.0-cox-production-baseline,2493aa920caf664a,-0.503955,0.604137,current_stage_SECTION_11 (+0.9761); act_key_RFCTLARR_2013 (+0.2005),derived_days_in_current_stage (-0.9439); derived_project_type_Rural Infrastructure (-0.4464); derived_notice_count (-0.2903),2,3,HIGH_UNCERTAINTY_SPARSE_EVENTS,PARTIAL — CALIBRATION NOT RELIABLE DUE TO EVENT SPARSITY,HIGH UNCERTAINTY: Estimates derived from sparse administrative milestone occurrences.
CAS_CLEAN_244,SNP_CAS_CLEAN_244_CASE_INITIATION_MILESTONE_20260316,20260316,CASE_INITIATION_TO_MILESTONE,1.0.0-cox-production-baseline,2493aa920caf664a,-1.492465,0.224818,act_key_RFCTLARR_2013 (+0.2005),current_stage_GENERAL_NOTICE (-0.4558); derived_project_type_Rural Infrastructure (-0.4464); derived_notice_count (-0.2903); district_Pune (-0.2677); derived_days_in_current_stage (-0.2327),1,5,HIGH_UNCERTAINTY_SPARSE_EVENTS,PARTIAL — CALIBRATION NOT RELIABLE DUE TO EVENT SPARSITY,HIGH UNCERTAINTY: Estimates derived from sparse administrative milestone occurrences.
CAS_CLEAN_258,SNP_CAS_CLEAN_258_CASE_INITIATION_MILESTONE_20260317,20260317,CASE_INITIATION_TO_MILESTONE,1.0.0-cox-production-baseline,2493aa920caf664a,-1.485787,0.226324,,derived_days_in_current_stage (-0.4719); current_stage_GENERAL_NOTICE (-0.4558); derived_notice_count (-0.2903); district_Pune (-0.2677),0,4,HIGH_UNCERTAINTY_SPARSE_EVENTS,PARTIAL — CALIBRATION NOT RELIABLE DUE TO EVENT SPARSITY,HIGH UNCERTAINTY: Estimates derived from sparse administrative milestone occurrences.
CAS_CLEAN_133,SNP_CAS_CLEAN_133_CASE_INITIATION_MILESTONE_20260318,20260318,CASE_INITIATION_TO_MILESTONE,1.0.0-cox-production-baseline,2493aa920caf664a,-1.164328,0.312132,act_key_RFCTLARR_2013 (+0.2005),derived_notice_count (-0.5806); derived_project_type_Rural Infrastructure (-0.4464); current_stage_SECTION_21 (-0.2629); derived_days_in_current_stage (-0.0750),1,4,HIGH_UNCERTAINTY_SPARSE_EVENTS,PARTIAL — CALIBRATION NOT RELIABLE DUE TO EVENT SPARSITY,HIGH UNCERTAINTY: Estimates derived from sparse administrative milestone occurrences.
CAS_CLEAN_101,SNP_CAS_CLEAN_101_CASE_INITIATION_MILESTONE_20260320,20260320,CASE_INITIATION_TO_MILESTONE,1.0.0-cox-production-baseline,2493aa920caf664a,-1.148151,0.317223,act_key_RFCTLARR_2013 (+0.2005),derived_project_type_Rural Infrastructure (-0.4464); derived_days_in_current_stage (-0.3491); derived_notice_count (-0.2903); current_stage_SECTION_21 (-0.2629),1,4,HIGH_UNCERTAINTY_SPARSE_EVENTS,PARTIAL — CALIBRATION NOT RELIABLE DUE TO EVENT SPARSITY,HIGH UNCERTAINTY: Estimates derived from sparse administrative milestone occurrences.
CAS_CLEAN_210,SNP_CAS_CLEAN_210_CASE_INITIATION_MILESTONE_20260320,20260320,CASE_INITIATION_TO_MILESTONE,1.0.0-cox-production-baseline,2493aa920caf664a,-1.73167,0.176989,act_key_RFCTLARR_2013 (+0.2005),derived_days_in_current_stage (-0.4719); current_stage_GENERAL_NOTICE (-0.4558); derived_project_type_Rural Infrastructure (-0.4464); derived_notice_count (-0.2903); district_Pune (-0.2677),1,5,HIGH_UNCERTAINTY_SPARSE_EVENTS,PARTIAL — CALIBRATION NOT RELIABLE DUE TO EVENT SPARSITY,HIGH UNCERTAINTY: Estimates derived from sparse administrative milestone occurrences.
CAS_CLEAN_093,SNP_CAS_CLEAN_093_CASE_INITIATION_MILESTONE_20260323,20260323,CASE_INITIATION_TO_MILESTONE,1.0.0-cox-production-baseline,2493aa920caf664a,-1.341089,0.261561,act_key_RFCTLARR_2013 (+0.2005),current_stage_GENERAL_NOTICE (-0.4558); derived_project_type_Rural Infrastructure (-0.4464); derived_days_in_current_stage (-0.3491); derived_notice_count (-0.2903),1,4,HIGH_UNCERTAINTY_SPARSE_EVENTS,PARTIAL — CALIBRATION NOT RELIABLE DUE TO EVENT SPARSITY,HIGH UNCERTAINTY: Estimates derived from sparse administrative milestone occurrences.
CAS_CLEAN_194,SNP_CAS_CLEAN_194_CASE_INITIATION_MILESTONE_20260324,20260324,CASE_INITIATION_TO_MILESTONE,1.0.0-cox-production-baseline,2493aa920caf664a,-1.608835,0.200121,act_key_RFCTLARR_2013 (+0.2005),current_stage_GENERAL_NOTICE (-0.4558); derived_project_type_Rural Infrastructure (-0.4464); derived_days_in_current_stage (-0.3491); derived_notice_count (-0.2903); district_Pune (-0.2677),1,5,HIGH_UNCERTAINTY_SPARSE_EVENTS,PARTIAL — CALIBRATION NOT RELIABLE DUE TO EVENT SPARSITY,HIGH UNCERTAINTY: Estimates derived from sparse administrative milestone occurrences.
CAS_CLEAN_195,SNP_CAS_CLEAN_195_CASE_INITIATION_MILESTONE_20260324,20260324,CASE_INITIATION_TO_MILESTONE,1.0.0-cox-production-baseline,2493aa920caf664a,-1.608835,0.200121,act_key_RFCTLARR_2013 (+0.2005),current_stage_GENERAL_NOTICE (-0.4558); derived_project_type_Rural Infrastructure (-0.4464); derived_days_in_current_stage (-0.3491); derived_notice_count (-0.2903); district_Pune (-0.2677),1,5,HIGH_UNCERTAINTY_SPARSE_EVENTS,PARTIAL — CALIBRATION NOT RELIABLE DUE TO EVENT SPARSITY,HIGH UNCERTAINTY: Estimates derived from sparse administrative milestone occurrences.
CAS_CLEAN_243,SNP_CAS_CLEAN_243_CASE_INITIATION_MILESTONE_20260324,20260324,CASE_INITIATION_TO_MILESTONE,1.0.0-cox-production-baseline,2493aa920caf664a,-1.492465,0.224818,act_key_RFCTLARR_2013 (+0.2005),current_stage_GENERAL_NOTICE (-0.4558); derived_project_type_Rural Infrastructure (-0.4464); derived_notice_count (-0.2903); district_Pune (-0.2677); derived_days_in_current_stage (-0.2327),1,5,HIGH_UNCERTAINTY_SPARSE_EVENTS,PARTIAL — CALIBRATION NOT RELIABLE DUE TO EVENT SPARSITY,HIGH UNCERTAINTY: Estimates derived from sparse administrative milestone occurrences.
CAS_CLEAN_124,SNP_CAS_CLEAN_124_CASE_INITIATION_MILESTONE_20260329,20260329,CASE_INITIATION_TO_MILESTONE,1.0.0-cox-production-baseline,2493aa920caf664a,0.207195,1.230222,current_stage_SECTION_11 (+0.9761); act_key_RFCTLARR_2013 (+0.2005),derived_project_type_Rural Infrastructure (-0.4464); derived_notice_count (-0.2903); derived_days_in_current_stage (-0.2327),2,3,HIGH_UNCERTAINTY_SPARSE_EVENTS,PARTIAL — CALIBRATION NOT RELIABLE DUE TO EVENT SPARSITY,HIGH UNCERTAINTY: Estimates derived from sparse administrative milestone occurrences.
CAS_CLEAN_201,SNP_CAS_CLEAN_201_CASE_INITIATION_MILESTONE_20260404,20260404,CASE_INITIATION_TO_MILESTONE,1.0.0-cox-production-baseline,2493aa920caf664a,-1.73167,0.176989,act_key_RFCTLARR_2013 (+0.2005),derived_days_in_current_stage (-0.4719); current_stage_GENERAL_NOTICE (-0.4558); derived_project_type_Rural Infrastructure (-0.4464); derived_notice_count (-0.2903); district_Pune (-0.2677),1,5,HIGH_UNCERTAINTY_SPARSE_EVENTS,PARTIAL — CALIBRATION NOT RELIABLE DUE TO EVENT SPARSITY,HIGH UNCERTAINTY: Estimates derived from sparse administrative milestone occurrences.
CAS_CLEAN_238,SNP_CAS_CLEAN_238_CASE_INITIATION_MILESTONE_20260404,20260404,CASE_INITIATION_TO_MILESTONE,1.0.0-cox-production-baseline,2493aa920caf664a,-1.73167,0.176989,act_key_RFCTLARR_2013 (+0.2005),derived_days_in_current_stage (-0.4719); current_stage_GENERAL_NOTICE (-0.4558); derived_project_type_Rural Infrastructure (-0.4464); derived_notice_count (-0.2903); district_Pune (-0.2677),1,5,HIGH_UNCERTAINTY_SPARSE_EVENTS,PARTIAL — CALIBRATION NOT RELIABLE DUE TO EVENT SPARSITY,HIGH UNCERTAINTY: Estimates derived from sparse administrative milestone occurrences.
CAS_CLEAN_052,SNP_CAS_CLEAN_052_CASE_INITIATION_MILESTONE_20260409,20260409,CASE_INITIATION_TO_MILESTONE,1.0.0-cox-production-baseline,2493aa920caf664a,-1.108349,0.330104,act_key_RFCTLARR_2013 (+0.2005),current_stage_GENERAL_NOTICE (-0.4558); derived_project_type_Rural Infrastructure (-0.4464); derived_notice_count (-0.2903); derived_days_in_current_stage (-0.1164),1,4,HIGH_UNCERTAINTY_SPARSE_EVENTS,PARTIAL — CALIBRATION NOT RELIABLE DUE TO EVENT SPARSITY,HIGH UNCERTAINTY: Estimates derived from sparse administrative milestone occurrences.
CAS_CLEAN_191,SNP_CAS_CLEAN_191_CASE_INITIATION_MILESTONE_20260413,20260413,CASE_INITIATION_TO_MILESTONE,1.0.0-cox-production-baseline,2493aa920caf664a,-1.608835,0.200121,act_key_RFCTLARR_2013 (+0.2005),current_stage_GENERAL_NOTICE (-0.4558); derived_project_type_Rural Infrastructure (-0.4464); derived_days_in_current_stage (-0.3491); derived_notice_count (-0.2903); district_Pune (-0.2677),1,5,HIGH_UNCERTAINTY_SPARSE_EVENTS,PARTIAL — CALIBRATION NOT RELIABLE DUE TO EVENT SPARSITY,HIGH UNCERTAINTY: Estimates derived from sparse administrative milestone occurrences.
CAS_CLEAN_042,SNP_CAS_CLEAN_042_CASE_INITIATION_MILESTONE_20260417,20260417,CASE_INITIATION_TO_MILESTONE,1.0.0-cox-production-baseline,2493aa920caf664a,-1.663707,0.189435,act_key_RFCTLARR_2013 (+0.2005),derived_notice_count (-0.5806); current_stage_GENERAL_NOTICE (-0.4558); derived_project_type_Rural Infrastructure (-0.4464); derived_days_in_current_stage (-0.3814),1,4,HIGH_UNCERTAINTY_SPARSE_EVENTS,PARTIAL — CALIBRATION NOT RELIABLE DUE TO EVENT SPARSITY,HIGH UNCERTAINTY: Estimates derived from sparse administrative milestone occurrences.
CAS_CLEAN_092,SNP_CAS_CLEAN_092_CASE_INITIATION_MILESTONE_20260417,20260417,CASE_INITIATION_TO_MILESTONE,1.0.0-cox-production-baseline,2493aa920caf664a,-1.463924,0.231327,act_key_RFCTLARR_2013 (+0.2005),derived_days_in_current_stage (-0.4719); current_stage_GENERAL_NOTICE (-0.4558); derived_project_type_Rural Infrastructure (-0.4464); derived_notice_count (-0.2903),1,4,HIGH_UNCERTAINTY_SPARSE_EVENTS,PARTIAL — CALIBRATION NOT RELIABLE DUE TO EVENT SPARSITY,HIGH UNCERTAINTY: Estimates derived from sparse administrative milestone occurrences.
CAS_CLEAN_197,SNP_CAS_CLEAN_197_CASE_INITIATION_MILESTONE_20260417,20260417,CASE_INITIATION_TO_MILESTONE,1.0.0-cox-production-baseline,2493aa920caf664a,-1.73167,0.176989,act_key_RFCTLARR_2013 (+0.2005),derived_days_in_current_stage (-0.4719); current_stage_GENERAL_NOTICE (-0.4558); derived_project_type_Rural Infrastructure (-0.4464); derived_notice_count (-0.2903); district_Pune (-0.2677),1,5,HIGH_UNCERTAINTY_SPARSE_EVENTS,PARTIAL — CALIBRATION NOT RELIABLE DUE TO EVENT SPARSITY,HIGH UNCERTAINTY: Estimates derived from sparse administrative milestone occurrences.
CAS_CLEAN_237,SNP_CAS_CLEAN_237_CASE_INITIATION_MILESTONE_20260417,20260417,CASE_INITIATION_TO_MILESTONE,1.0.0-cox-production-baseline,2493aa920caf664a,-1.608835,0.200121,act_key_RFCTLARR_2013 (+0.2005),current_stage_GENERAL_NOTICE (-0.4558); derived_project_type_Rural Infrastructure (-0.4464); derived_days_in_current_stage (-0.3491); derived_notice_count (-0.2903); district_Pune (-0.2677),1,5,HIGH_UNCERTAINTY_SPARSE_EVENTS,PARTIAL — CALIBRATION NOT RELIABLE DUE TO EVENT SPARSITY,HIGH UNCERTAINTY: Estimates derived from sparse administrative milestone occurrences.
CAS_CLEAN_251,SNP_CAS_CLEAN_251_CASE_INITIATION_MILESTONE_20260417,20260417,CASE_INITIATION_TO_MILESTONE,1.0.0-cox-production-baseline,2493aa920caf664a,-1.608835,0.200121,act_key_RFCTLARR_2013 (+0.2005),current_stage_GENERAL_NOTICE (-0.4558); derived_project_type_Rural Infrastructure (-0.4464); derived_days_in_current_stage (-0.3491); derived_notice_count (-0.2903); district_Pune (-0.2677),1,5,HIGH_UNCERTAINTY_SPARSE_EVENTS,PARTIAL — CALIBRATION NOT RELIABLE DUE TO EVENT SPARSITY,HIGH UNCERTAINTY: Estimates derived from sparse administrative milestone occurrences.
CAS_CLEAN_113,SNP_CAS_CLEAN_113_CASE_INITIATION_MILESTONE_20260419,20260419,CASE_INITIATION_TO_MILESTONE,1.0.0-cox-production-baseline,2493aa920caf664a,-1.108349,0.330104,act_key_RFCTLARR_2013 (+0.2005),current_stage_GENERAL_NOTICE (-0.4558); derived_project_type_Rural Infrastructure (-0.4464); derived_notice_count (-0.2903); derived_days_in_current_stage (-0.1164),1,4,HIGH_UNCERTAINTY_SPARSE_EVENTS,PARTIAL — CALIBRATION NOT RELIABLE DUE TO EVENT SPARSITY,HIGH UNCERTAINTY: Estimates derived from sparse administrative milestone occurrences.
CAS_CLEAN_260,SNP_CAS_CLEAN_260_CASE_INITIATION_MILESTONE_20260420,20260420,CASE_INITIATION_TO_MILESTONE,1.0.0-cox-production-baseline,2493aa920caf664a,0.606104,1.833275,extension_count (+0.6305); current_stage_INITIATION (+0.6305); act_key_RFCTLARR_2013 (+0.2005),derived_project_type_Rural Infrastructure (-0.4464); district_Solapur (-0.4090),3,2,HIGH_UNCERTAINTY_SPARSE_EVENTS,PARTIAL — CALIBRATION NOT RELIABLE DUE TO EVENT SPARSITY,HIGH UNCERTAINTY: Estimates derived from sparse administrative milestone occurrences.
CAS_CLEAN_198,SNP_CAS_CLEAN_198_CASE_INITIATION_MILESTONE_20260421,20260421,CASE_INITIATION_TO_MILESTONE,1.0.0-cox-production-baseline,2493aa920caf664a,-1.73167,0.176989,act_key_RFCTLARR_2013 (+0.2005),derived_days_in_current_stage (-0.4719); current_stage_GENERAL_NOTICE (-0.4558); derived_project_type_Rural Infrastructure (-0.4464); derived_notice_count (-0.2903); district_Pune (-0.2677),1,5,HIGH_UNCERTAINTY_SPARSE_EVENTS,PARTIAL — CALIBRATION NOT RELIABLE DUE TO EVENT SPARSITY,HIGH UNCERTAINTY: Estimates derived from sparse administrative milestone occurrences.
CAS_CLEAN_199,SNP_CAS_CLEAN_199_CASE_INITIATION_MILESTONE_20260421,20260421,CASE_INITIATION_TO_MILESTONE,1.0.0-cox-production-baseline,2493aa920caf664a,-1.73167,0.176989,act_key_RFCTLARR_2013 (+0.2005),derived_days_in_current_stage (-0.4719); current_stage_GENERAL_NOTICE (-0.4558); derived_project_type_Rural Infrastructure (-0.4464); derived_notice_count (-0.2903); district_Pune (-0.2677),1,5,HIGH_UNCERTAINTY_SPARSE_EVENTS,PARTIAL — CALIBRATION NOT RELIABLE DUE TO EVENT SPARSITY,HIGH UNCERTAINTY: Estimates derived from sparse administrative milestone occurrences.
CAS_CLEAN_200,SNP_CAS_CLEAN_200_CASE_INITIATION_MILESTONE_20260421,20260421,CASE_INITIATION_TO_MILESTONE,1.0.0-cox-production-baseline,2493aa920caf664a,-1.73167,0.176989,act_key_RFCTLARR_2013 (+0.2005),derived_days_in_current_stage (-0.4719); current_stage_GENERAL_NOTICE (-0.4558); derived_project_type_Rural Infrastructure (-0.4464); derived_notice_count (-0.2903); district_Pune (-0.2677),1,5,HIGH_UNCERTAINTY_SPARSE_EVENTS,PARTIAL — CALIBRATION NOT RELIABLE DUE TO EVENT SPARSITY,HIGH UNCERTAINTY: Estimates derived from sparse administrative milestone occurrences.
CAS_CLEAN_264,SNP_CAS_CLEAN_264_CASE_INITIATION_MILESTONE_20260421,20260421,CASE_INITIATION_TO_MILESTONE,1.0.0-cox-production-baseline,2493aa920caf664a,-1.872897,0.153678,act_key_RFCTLARR_2013 (+0.2005),derived_days_in_current_stage (-0.4719); current_stage_GENERAL_NOTICE (-0.4558); derived_project_type_Rural Infrastructure (-0.4464); district_Solapur (-0.4090); derived_notice_count (-0.2903),1,5,HIGH_UNCERTAINTY_SPARSE_EVENTS,PARTIAL — CALIBRATION NOT RELIABLE DUE TO EVENT SPARSITY,HIGH UNCERTAINTY: Estimates derived from sparse administrative milestone occurrences.
CAS_CLEAN_025,SNP_CAS_CLEAN_025_CASE_INITIATION_MILESTONE_20260428,20260428,CASE_INITIATION_TO_MILESTONE,1.0.0-cox-production-baseline,2493aa920caf664a,0.090825,1.095077,current_stage_SECTION_11 (+0.9761); act_key_RFCTLARR_2013 (+0.2005),derived_project_type_Rural Infrastructure (-0.4464); derived_days_in_current_stage (-0.3491); derived_notice_count (-0.2903),2,3,HIGH_UNCERTAINTY_SPARSE_EVENTS,PARTIAL — CALIBRATION NOT RELIABLE DUE TO EVENT SPARSITY,HIGH UNCERTAINTY: Estimates derived from sparse administrative milestone occurrences.
CAS_CLEAN_026,SNP_CAS_CLEAN_026_CASE_INITIATION_MILESTONE_20260428,20260428,CASE_INITIATION_TO_MILESTONE,1.0.0-cox-production-baseline,2493aa920caf664a,0.090825,1.095077,current_stage_SECTION_11 (+0.9761); act_key_RFCTLARR_2013 (+0.2005),derived_project_type_Rural Infrastructure (-0.4464); derived_days_in_current_stage (-0.3491); derived_notice_count (-0.2903),2,3,HIGH_UNCERTAINTY_SPARSE_EVENTS,PARTIAL — CALIBRATION NOT RELIABLE DUE TO EVENT SPARSITY,HIGH UNCERTAINTY: Estimates derived from sparse administrative milestone occurrences.
CAS_CLEAN_027,SNP_CAS_CLEAN_027_CASE_INITIATION_MILESTONE_20260428,20260428,CASE_INITIATION_TO_MILESTONE,1.0.0-cox-production-baseline,2493aa920caf664a,0.439935,1.552606,current_stage_SECTION_11 (+0.9761); act_key_RFCTLARR_2013 (+0.2005),derived_project_type_Rural Infrastructure (-0.4464); derived_notice_count (-0.2903),2,2,HIGH_UNCERTAINTY_SPARSE_EVENTS,PARTIAL — CALIBRATION NOT RELIABLE DUE TO EVENT SPARSITY,HIGH UNCERTAINTY: Estimates derived from sparse administrative milestone occurrences.
CAS_CLEAN_028,SNP_CAS_CLEAN_028_CASE_INITIATION_MILESTONE_20260428,20260428,CASE_INITIATION_TO_MILESTONE,1.0.0-cox-production-baseline,2493aa920caf664a,0.439935,1.552606,current_stage_SECTION_11 (+0.9761); act_key_RFCTLARR_2013 (+0.2005),derived_project_type_Rural Infrastructure (-0.4464); derived_notice_count (-0.2903),2,2,HIGH_UNCERTAINTY_SPARSE_EVENTS,PARTIAL — CALIBRATION NOT RELIABLE DUE TO EVENT SPARSITY,HIGH UNCERTAINTY: Estimates derived from sparse administrative milestone occurrences.
CAS_CLEAN_065,SNP_CAS_CLEAN_065_CASE_INITIATION_MILESTONE_20260428,20260428,CASE_INITIATION_TO_MILESTONE,1.0.0-cox-production-baseline,2493aa920caf664a,0.090825,1.095077,current_stage_SECTION_11 (+0.9761); act_key_RFCTLARR_2013 (+0.2005),derived_project_type_Rural Infrastructure (-0.4464); derived_days_in_current_stage (-0.3491); derived_notice_count (-0.2903),2,3,HIGH_UNCERTAINTY_SPARSE_EVENTS,PARTIAL — CALIBRATION NOT RELIABLE DUE TO EVENT SPARSITY,HIGH UNCERTAINTY: Estimates derived from sparse administrative milestone occurrences.
CAS_CLEAN_078,SNP_CAS_CLEAN_078_CASE_INITIATION_MILESTONE_20260428,20260428,CASE_INITIATION_TO_MILESTONE,1.0.0-cox-production-baseline,2493aa920caf664a,0.090825,1.095077,current_stage_SECTION_11 (+0.9761); act_key_RFCTLARR_2013 (+0.2005),derived_project_type_Rural Infrastructure (-0.4464); derived_days_in_current_stage (-0.3491); derived_notice_count (-0.2903),2,3,HIGH_UNCERTAINTY_SPARSE_EVENTS,PARTIAL — CALIBRATION NOT RELIABLE DUE TO EVENT SPARSITY,HIGH UNCERTAINTY: Estimates derived from sparse administrative milestone occurrences.
CAS_CLEAN_103,SNP_CAS_CLEAN_103_CASE_INITIATION_MILESTONE_20260428,20260428,CASE_INITIATION_TO_MILESTONE,1.0.0-cox-production-baseline,2493aa920caf664a,0.090825,1.095077,current_stage_SECTION_11 (+0.9761); act_key_RFCTLARR_2013 (+0.2005),derived_project_type_Rural Infrastructure (-0.4464); derived_days_in_current_stage (-0.3491); derived_notice_count (-0.2903),2,3,HIGH_UNCERTAINTY_SPARSE_EVENTS,PARTIAL — CALIBRATION NOT RELIABLE DUE TO EVENT SPARSITY,HIGH UNCERTAINTY: Estimates derived from sparse administrative milestone occurrences.
CAS_CLEAN_121,SNP_CAS_CLEAN_121_CASE_INITIATION_MILESTONE_20260428,20260428,CASE_INITIATION_TO_MILESTONE,1.0.0-cox-production-baseline,2493aa920caf664a,0.090825,1.095077,current_stage_SECTION_11 (+0.9761); act_key_RFCTLARR_2013 (+0.2005),derived_project_type_Rural Infrastructure (-0.4464); derived_days_in_current_stage (-0.3491); derived_notice_count (-0.2903),2,3,HIGH_UNCERTAINTY_SPARSE_EVENTS,PARTIAL — CALIBRATION NOT RELIABLE DUE TO EVENT SPARSITY,HIGH UNCERTAINTY: Estimates derived from sparse administrative milestone occurrences.
CAS_CLEAN_190,SNP_CAS_CLEAN_190_CASE_INITIATION_MILESTONE_20260501,20260501,CASE_INITIATION_TO_MILESTONE,1.0.0-cox-production-baseline,2493aa920caf664a,-1.608835,0.200121,act_key_RFCTLARR_2013 (+0.2005),current_stage_GENERAL_NOTICE (-0.4558); derived_project_type_Rural Infrastructure (-0.4464); derived_days_in_current_stage (-0.3491); derived_notice_count (-0.2903); district_Pune (-0.2677),1,5,HIGH_UNCERTAINTY_SPARSE_EVENTS,PARTIAL — CALIBRATION NOT RELIABLE DUE TO EVENT SPARSITY,HIGH UNCERTAINTY: Estimates derived from sparse administrative milestone occurrences.
CAS_CLEAN_097,SNP_CAS_CLEAN_097_CASE_INITIATION_MILESTONE_20260505,20260505,CASE_INITIATION_TO_MILESTONE,1.0.0-cox-production-baseline,2493aa920caf664a,-0.824604,0.438409,act_key_RFCTLARR_2013 (+0.2005),derived_days_in_current_stage (-0.4719); derived_notice_count (-0.2903); current_stage_SECTION_21 (-0.2629),1,3,HIGH_UNCERTAINTY_SPARSE_EVENTS,PARTIAL — CALIBRATION NOT RELIABLE DUE TO EVENT SPARSITY,HIGH UNCERTAINTY: Estimates derived from sparse administrative milestone occurrences.
CAS_CLEAN_182,SNP_CAS_CLEAN_182_CASE_INITIATION_MILESTONE_20260506,20260506,CASE_INITIATION_TO_MILESTONE,1.0.0-cox-production-baseline,2493aa920caf664a,-0.929713,0.394667,act_key_RFCTLARR_2013 (+0.2005),current_stage_GENERAL_NOTICE (-0.4558); derived_notice_count (-0.2903); district_Pune (-0.2677); derived_days_in_current_stage (-0.1164),1,4,HIGH_UNCERTAINTY_SPARSE_EVENTS,PARTIAL — CALIBRATION NOT RELIABLE DUE TO EVENT SPARSITY,HIGH UNCERTAINTY: Estimates derived from sparse administrative milestone occurrences.
CAS_CLEAN_024,SNP_CAS_CLEAN_024_CASE_INITIATION_MILESTONE_20260528,20260528,CASE_INITIATION_TO_MILESTONE,1.0.0-cox-production-baseline,2493aa920caf664a,-1.463924,0.231327,act_key_RFCTLARR_2013 (+0.2005),derived_days_in_current_stage (-0.4719); current_stage_GENERAL_NOTICE (-0.4558); derived_project_type_Rural Infrastructure (-0.4464); derived_notice_count (-0.2903),1,4,HIGH_UNCERTAINTY_SPARSE_EVENTS,PARTIAL — CALIBRATION NOT RELIABLE DUE TO EVENT SPARSITY,HIGH UNCERTAINTY: Estimates derived from sparse administrative milestone occurrences.
CAS_CLEAN_033,SNP_CAS_CLEAN_033_CASE_INITIATION_MILESTONE_20260530,20260530,CASE_INITIATION_TO_MILESTONE,1.0.0-cox-production-baseline,2493aa920caf664a,-1.017542,0.361482,act_key_RFCTLARR_2013 (+0.2005),derived_days_in_current_stage (-0.4719); current_stage_GENERAL_NOTICE (-0.4558); derived_notice_count (-0.2903),1,3,HIGH_UNCERTAINTY_SPARSE_EVENTS,PARTIAL — CALIBRATION NOT RELIABLE DUE TO EVENT SPARSITY,HIGH UNCERTAINTY: Estimates derived from sparse administrative milestone occurrences.
CAS_CLEAN_189,SNP_CAS_CLEAN_189_CASE_INITIATION_MILESTONE_20260531,20260531,CASE_INITIATION_TO_MILESTONE,1.0.0-cox-production-baseline,2493aa920caf664a,-1.608835,0.200121,act_key_RFCTLARR_2013 (+0.2005),current_stage_GENERAL_NOTICE (-0.4558); derived_project_type_Rural Infrastructure (-0.4464); derived_days_in_current_stage (-0.3491); derived_notice_count (-0.2903); district_Pune (-0.2677),1,5,HIGH_UNCERTAINTY_SPARSE_EVENTS,PARTIAL — CALIBRATION NOT RELIABLE DUE TO EVENT SPARSITY,HIGH UNCERTAINTY: Estimates derived from sparse administrative milestone occurrences.
CAS_CLEAN_023,SNP_CAS_CLEAN_023_CASE_INITIATION_MILESTONE_20260605,20260605,CASE_INITIATION_TO_MILESTONE,1.0.0-cox-production-baseline,2493aa920caf664a,-1.463924,0.231327,act_key_RFCTLARR_2013 (+0.2005),derived_days_in_current_stage (-0.4719); current_stage_GENERAL_NOTICE (-0.4558); derived_project_type_Rural Infrastructure (-0.4464); derived_notice_count (-0.2903),1,4,HIGH_UNCERTAINTY_SPARSE_EVENTS,PARTIAL — CALIBRATION NOT RELIABLE DUE TO EVENT SPARSITY,HIGH UNCERTAINTY: Estimates derived from sparse administrative milestone occurrences.
CAS_CLEAN_193,SNP_CAS_CLEAN_193_CASE_INITIATION_MILESTONE_20260606,20260606,CASE_INITIATION_TO_MILESTONE,1.0.0-cox-production-baseline,2493aa920caf664a,-1.73167,0.176989,act_key_RFCTLARR_2013 (+0.2005),derived_days_in_current_stage (-0.4719); current_stage_GENERAL_NOTICE (-0.4558); derived_project_type_Rural Infrastructure (-0.4464); derived_notice_count (-0.2903); district_Pune (-0.2677),1,5,HIGH_UNCERTAINTY_SPARSE_EVENTS,PARTIAL — CALIBRATION NOT RELIABLE DUE TO EVENT SPARSITY,HIGH UNCERTAINTY: Estimates derived from sparse administrative milestone occurrences.
CAS_CLEAN_196,SNP_CAS_CLEAN_196_CASE_INITIATION_MILESTONE_20260606,20260606,CASE_INITIATION_TO_MILESTONE,1.0.0-cox-production-baseline,2493aa920caf664a,-1.73167,0.176989,act_key_RFCTLARR_2013 (+0.2005),derived_days_in_current_stage (-0.4719); current_stage_GENERAL_NOTICE (-0.4558); derived_project_type_Rural Infrastructure (-0.4464); derived_notice_count (-0.2903); district_Pune (-0.2677),1,5,HIGH_UNCERTAINTY_SPARSE_EVENTS,PARTIAL — CALIBRATION NOT RELIABLE DUE TO EVENT SPARSITY,HIGH UNCERTAINTY: Estimates derived from sparse administrative milestone occurrences.
CAS_CLEAN_181,SNP_CAS_CLEAN_181_CASE_INITIATION_MILESTONE_20260607,20260607,CASE_INITIATION_TO_MILESTONE,1.0.0-cox-production-baseline,2493aa920caf664a,-0.929713,0.394667,act_key_RFCTLARR_2013 (+0.2005),current_stage_GENERAL_NOTICE (-0.4558); derived_notice_count (-0.2903); district_Pune (-0.2677); derived_days_in_current_stage (-0.1164),1,4,HIGH_UNCERTAINTY_SPARSE_EVENTS,PARTIAL — CALIBRATION NOT RELIABLE DUE TO EVENT SPARSITY,HIGH UNCERTAINTY: Estimates derived from sparse administrative milestone occurrences.
CAS_CLEAN_245,SNP_CAS_CLEAN_245_CASE_INITIATION_MILESTONE_20260607,20260607,CASE_INITIATION_TO_MILESTONE,1.0.0-cox-production-baseline,2493aa920caf664a,-1.608835,0.200121,act_key_RFCTLARR_2013 (+0.2005),current_stage_GENERAL_NOTICE (-0.4558); derived_project_type_Rural Infrastructure (-0.4464); derived_days_in_current_stage (-0.3491); derived_notice_count (-0.2903); district_Pune (-0.2677),1,5,HIGH_UNCERTAINTY_SPARSE_EVENTS,PARTIAL — CALIBRATION NOT RELIABLE DUE TO EVENT SPARSITY,HIGH UNCERTAINTY: Estimates derived from sparse administrative milestone occurrences.
CAS_CLEAN_259,SNP_CAS_CLEAN_259_CASE_INITIATION_MILESTONE_20260610,20260610,CASE_INITIATION_TO_MILESTONE,1.0.0-cox-production-baseline,2493aa920caf664a,-0.201778,0.817276,current_stage_SECTION_11 (+0.9761); act_key_RFCTLARR_2013 (+0.2005),derived_project_type_Rural Infrastructure (-0.4464); district_Solapur (-0.4090); derived_notice_count (-0.2903); derived_days_in_current_stage (-0.2327),2,4,HIGH_UNCERTAINTY_SPARSE_EVENTS,PARTIAL — CALIBRATION NOT RELIABLE DUE TO EVENT SPARSITY,HIGH UNCERTAINTY: Estimates derived from sparse administrative milestone occurrences.
CAS_CLEAN_244,SNP_CAS_CLEAN_244_CASE_INITIATION_MILESTONE_20260614,20260614,CASE_INITIATION_TO_MILESTONE,1.0.0-cox-production-baseline,2493aa920caf664a,-1.608835,0.200121,act_key_RFCTLARR_2013 (+0.2005),current_stage_GENERAL_NOTICE (-0.4558); derived_project_type_Rural Infrastructure (-0.4464); derived_days_in_current_stage (-0.3491); derived_notice_count (-0.2903); district_Pune (-0.2677),1,5,HIGH_UNCERTAINTY_SPARSE_EVENTS,PARTIAL — CALIBRATION NOT RELIABLE DUE TO EVENT SPARSITY,HIGH UNCERTAINTY: Estimates derived from sparse administrative milestone occurrences.
CAS_CLEAN_133,SNP_CAS_CLEAN_133_CASE_INITIATION_MILESTONE_20260616,20260616,CASE_INITIATION_TO_MILESTONE,1.0.0-cox-production-baseline,2493aa920caf664a,-1.280698,0.277843,act_key_RFCTLARR_2013 (+0.2005),derived_notice_count (-0.5806); derived_project_type_Rural Infrastructure (-0.4464); current_stage_SECTION_21 (-0.2629); derived_days_in_current_stage (-0.1914),1,4,HIGH_UNCERTAINTY_SPARSE_EVENTS,PARTIAL — CALIBRATION NOT RELIABLE DUE TO EVENT SPARSITY,HIGH UNCERTAINTY: Estimates derived from sparse administrative milestone occurrences.
CAS_CLEAN_243,SNP_CAS_CLEAN_243_CASE_INITIATION_MILESTONE_20260622,20260622,CASE_INITIATION_TO_MILESTONE,1.0.0-cox-production-baseline,2493aa920caf664a,-1.608835,0.200121,act_key_RFCTLARR_2013 (+0.2005),current_stage_GENERAL_NOTICE (-0.4558); derived_project_type_Rural Infrastructure (-0.4464); derived_days_in_current_stage (-0.3491); derived_notice_count (-0.2903); district_Pune (-0.2677),1,5,HIGH_UNCERTAINTY_SPARSE_EVENTS,PARTIAL — CALIBRATION NOT RELIABLE DUE TO EVENT SPARSITY,HIGH UNCERTAINTY: Estimates derived from sparse administrative milestone occurrences.
CAS_CLEAN_101,SNP_CAS_CLEAN_101_CASE_INITIATION_MILESTONE_20260623,20260623,CASE_INITIATION_TO_MILESTONE,1.0.0-cox-production-baseline,2493aa920caf664a,-1.270986,0.280555,act_key_RFCTLARR_2013 (+0.2005),derived_days_in_current_stage (-0.4719); derived_project_type_Rural Infrastructure (-0.4464); derived_notice_count (-0.2903); current_stage_SECTION_21 (-0.2629),1,4,HIGH_UNCERTAINTY_SPARSE_EVENTS,PARTIAL — CALIBRATION NOT RELIABLE DUE TO EVENT SPARSITY,HIGH UNCERTAINTY: Estimates derived from sparse administrative milestone occurrences.
CAS_CLEAN_126,SNP_CAS_CLEAN_126_CASE_INITIATION_MILESTONE_20260625,20260625,CASE_INITIATION_TO_MILESTONE,1.0.0-cox-production-baseline,2493aa920caf664a,-1.740825,0.175376,act_key_RFCTLARR_2013 (+0.2005),derived_days_in_current_stage (-0.9439); derived_project_type_Rural Infrastructure (-0.4464); derived_notice_count (-0.2903); derived_is_direct_purchase (-0.2608),1,4,HIGH_UNCERTAINTY_SPARSE_EVENTS,PARTIAL — CALIBRATION NOT RELIABLE DUE TO EVENT SPARSITY,HIGH UNCERTAINTY: Estimates derived from sparse administrative milestone occurrences.
CAS_CLEAN_127,SNP_CAS_CLEAN_127_CASE_INITIATION_MILESTONE_20260625,20260625,CASE_INITIATION_TO_MILESTONE,1.0.0-cox-production-baseline,2493aa920caf664a,-1.740825,0.175376,act_key_RFCTLARR_2013 (+0.2005),derived_days_in_current_stage (-0.9439); derived_project_type_Rural Infrastructure (-0.4464); derived_notice_count (-0.2903); derived_is_direct_purchase (-0.2608),1,4,HIGH_UNCERTAINTY_SPARSE_EVENTS,PARTIAL — CALIBRATION NOT RELIABLE DUE TO EVENT SPARSITY,HIGH UNCERTAINTY: Estimates derived from sparse administrative milestone occurrences.
CAS_CLEAN_093,SNP_CAS_CLEAN_093_CASE_INITIATION_MILESTONE_20260626,20260626,CASE_INITIATION_TO_MILESTONE,1.0.0-cox-production-baseline,2493aa920caf664a,-1.463924,0.231327,act_key_RFCTLARR_2013 (+0.2005),derived_days_in_current_stage (-0.4719); current_stage_GENERAL_NOTICE (-0.4558); derived_project_type_Rural Infrastructure (-0.4464); derived_notice_count (-0.2903),1,4,HIGH_UNCERTAINTY_SPARSE_EVENTS,PARTIAL — CALIBRATION NOT RELIABLE DUE TO EVENT SPARSITY,HIGH UNCERTAINTY: Estimates derived from sparse administrative milestone occurrences.
CAS_CLEAN_194,SNP_CAS_CLEAN_194_CASE_INITIATION_MILESTONE_20260627,20260627,CASE_INITIATION_TO_MILESTONE,1.0.0-cox-production-baseline,2493aa920caf664a,-1.73167,0.176989,act_key_RFCTLARR_2013 (+0.2005),derived_days_in_current_stage (-0.4719); current_stage_GENERAL_NOTICE (-0.4558); derived_project_type_Rural Infrastructure (-0.4464); derived_notice_count (-0.2903); district_Pune (-0.2677),1,5,HIGH_UNCERTAINTY_SPARSE_EVENTS,PARTIAL — CALIBRATION NOT RELIABLE DUE TO EVENT SPARSITY,HIGH UNCERTAINTY: Estimates derived from sparse administrative milestone occurrences.
CAS_CLEAN_195,SNP_CAS_CLEAN_195_CASE_INITIATION_MILESTONE_20260627,20260627,CASE_INITIATION_TO_MILESTONE,1.0.0-cox-production-baseline,2493aa920caf664a,-1.73167,0.176989,act_key_RFCTLARR_2013 (+0.2005),derived_days_in_current_stage (-0.4719); current_stage_GENERAL_NOTICE (-0.4558); derived_project_type_Rural Infrastructure (-0.4464); derived_notice_count (-0.2903); district_Pune (-0.2677),1,5,HIGH_UNCERTAINTY_SPARSE_EVENTS,PARTIAL — CALIBRATION NOT RELIABLE DUE TO EVENT SPARSITY,HIGH UNCERTAINTY: Estimates derived from sparse administrative milestone occurrences.
CAS_CLEAN_052,SNP_CAS_CLEAN_052_CASE_INITIATION_MILESTONE_20260708,20260708,CASE_INITIATION_TO_MILESTONE,1.0.0-cox-production-baseline,2493aa920caf664a,-1.224719,0.29384,act_key_RFCTLARR_2013 (+0.2005),current_stage_GENERAL_NOTICE (-0.4558); derived_project_type_Rural Infrastructure (-0.4464); derived_notice_count (-0.2903); derived_days_in_current_stage (-0.2327),1,4,HIGH_UNCERTAINTY_SPARSE_EVENTS,PARTIAL — CALIBRATION NOT RELIABLE DUE TO EVENT SPARSITY,HIGH UNCERTAINTY: Estimates derived from sparse administrative milestone occurrences.
CAS_CLEAN_020,SNP_CAS_CLEAN_020_CASE_INITIATION_MILESTONE_20260710,20260710,CASE_INITIATION_TO_MILESTONE,1.0.0-cox-production-baseline,2493aa920caf664a,-1.935869,0.144299,act_key_RFCTLARR_2013 (+0.2005),derived_days_in_current_stage (-0.9439); current_stage_GENERAL_NOTICE (-0.4558); derived_project_type_Rural Infrastructure (-0.4464); derived_notice_count (-0.2903),1,4,HIGH_UNCERTAINTY_SPARSE_EVENTS,PARTIAL — CALIBRATION NOT RELIABLE DUE TO EVENT SPARSITY,HIGH UNCERTAINTY: Estimates derived from sparse administrative milestone occurrences.
CAS_CLEAN_191,SNP_CAS_CLEAN_191_CASE_INITIATION_MILESTONE_20260717,20260717,CASE_INITIATION_TO_MILESTONE,1.0.0-cox-production-baseline,2493aa920caf664a,-1.73167,0.176989,act_key_RFCTLARR_2013 (+0.2005),derived_days_in_current_stage (-0.4719); current_stage_GENERAL_NOTICE (-0.4558); derived_project_type_Rural Infrastructure (-0.4464); derived_notice_count (-0.2903); district_Pune (-0.2677),1,5,HIGH_UNCERTAINTY_SPARSE_EVENTS,PARTIAL — CALIBRATION NOT RELIABLE DUE TO EVENT SPARSITY,HIGH UNCERTAINTY: Estimates derived from sparse administrative milestone occurrences.
CAS_CLEAN_113,SNP_CAS_CLEAN_113_CASE_INITIATION_MILESTONE_20260718,20260718,CASE_INITIATION_TO_MILESTONE,1.0.0-cox-production-baseline,2493aa920caf664a,-1.224719,0.29384,act_key_RFCTLARR_2013 (+0.2005),current_stage_GENERAL_NOTICE (-0.4558); derived_project_type_Rural Infrastructure (-0.4464); derived_notice_count (-0.2903); derived_days_in_current_stage (-0.2327),1,4,HIGH_UNCERTAINTY_SPARSE_EVENTS,PARTIAL — CALIBRATION NOT RELIABLE DUE TO EVENT SPARSITY,HIGH UNCERTAINTY: Estimates derived from sparse administrative milestone occurrences.
CAS_CLEAN_260,SNP_CAS_CLEAN_260_CASE_INITIATION_MILESTONE_20260719,20260719,CASE_INITIATION_TO_MILESTONE,1.0.0-cox-production-baseline,2493aa920caf664a,0.606104,1.833275,extension_count (+0.6305); current_stage_INITIATION (+0.6305); act_key_RFCTLARR_2013 (+0.2005),derived_project_type_Rural Infrastructure (-0.4464); district_Solapur (-0.4090),3,2,HIGH_UNCERTAINTY_SPARSE_EVENTS,PARTIAL — CALIBRATION NOT RELIABLE DUE TO EVENT SPARSITY,HIGH UNCERTAINTY: Estimates derived from sparse administrative milestone occurrences.
CAS_CLEAN_237,SNP_CAS_CLEAN_237_CASE_INITIATION_MILESTONE_20260721,20260721,CASE_INITIATION_TO_MILESTONE,1.0.0-cox-production-baseline,2493aa920caf664a,-1.73167,0.176989,act_key_RFCTLARR_2013 (+0.2005),derived_days_in_current_stage (-0.4719); current_stage_GENERAL_NOTICE (-0.4558); derived_project_type_Rural Infrastructure (-0.4464); derived_notice_count (-0.2903); district_Pune (-0.2677),1,5,HIGH_UNCERTAINTY_SPARSE_EVENTS,PARTIAL — CALIBRATION NOT RELIABLE DUE TO EVENT SPARSITY,HIGH UNCERTAINTY: Estimates derived from sparse administrative milestone occurrences.
CAS_CLEAN_251,SNP_CAS_CLEAN_251_CASE_INITIATION_MILESTONE_20260721,20260721,CASE_INITIATION_TO_MILESTONE,1.0.0-cox-production-baseline,2493aa920caf664a,-1.73167,0.176989,act_key_RFCTLARR_2013 (+0.2005),derived_days_in_current_stage (-0.4719); current_stage_GENERAL_NOTICE (-0.4558); derived_project_type_Rural Infrastructure (-0.4464); derived_notice_count (-0.2903); district_Pune (-0.2677),1,5,HIGH_UNCERTAINTY_SPARSE_EVENTS,PARTIAL — CALIBRATION NOT RELIABLE DUE TO EVENT SPARSITY,HIGH UNCERTAINTY: Estimates derived from sparse administrative milestone occurrences.
CAS_CLEAN_027,SNP_CAS_CLEAN_027_CASE_INITIATION_MILESTONE_20260727,20260727,CASE_INITIATION_TO_MILESTONE,1.0.0-cox-production-baseline,2493aa920caf664a,0.323565,1.382046,current_stage_SECTION_11 (+0.9761); act_key_RFCTLARR_2013 (+0.2005),derived_project_type_Rural Infrastructure (-0.4464); derived_notice_count (-0.2903); derived_days_in_current_stage (-0.1164),2,3,HIGH_UNCERTAINTY_SPARSE_EVENTS,PARTIAL — CALIBRATION NOT RELIABLE DUE TO EVENT SPARSITY,HIGH UNCERTAINTY: Estimates derived from sparse administrative milestone occurrences.
CAS_CLEAN_028,SNP_CAS_CLEAN_028_CASE_INITIATION_MILESTONE_20260727,20260727,CASE_INITIATION_TO_MILESTONE,1.0.0-cox-production-baseline,2493aa920caf664a,0.323565,1.382046,current_stage_SECTION_11 (+0.9761); act_key_RFCTLARR_2013 (+0.2005),derived_project_type_Rural Infrastructure (-0.4464); derived_notice_count (-0.2903); derived_days_in_current_stage (-0.1164),2,3,HIGH_UNCERTAINTY_SPARSE_EVENTS,PARTIAL — CALIBRATION NOT RELIABLE DUE TO EVENT SPARSITY,HIGH UNCERTAINTY: Estimates derived from sparse administrative milestone occurrences.
CAS_CLEAN_032,SNP_CAS_CLEAN_032_CASE_INITIATION_MILESTONE_20260729,20260729,CASE_INITIATION_TO_MILESTONE,1.0.0-cox-production-baseline,2493aa920caf664a,-1.935869,0.144299,act_key_RFCTLARR_2013 (+0.2005),derived_days_in_current_stage (-0.9439); current_stage_GENERAL_NOTICE (-0.4558); derived_project_type_Rural Infrastructure (-0.4464); derived_notice_count (-0.2903),1,4,HIGH_UNCERTAINTY_SPARSE_EVENTS,PARTIAL — CALIBRATION NOT RELIABLE DUE TO EVENT SPARSITY,HIGH UNCERTAINTY: Estimates derived from sparse administrative milestone occurrences.
CAS_CLEAN_025,SNP_CAS_CLEAN_025_CASE_INITIATION_MILESTONE_20260801,20260801,CASE_INITIATION_TO_MILESTONE,1.0.0-cox-production-baseline,2493aa920caf664a,-0.03201,0.968497,current_stage_SECTION_11 (+0.9761); act_key_RFCTLARR_2013 (+0.2005),derived_days_in_current_stage (-0.4719); derived_project_type_Rural Infrastructure (-0.4464); derived_notice_count (-0.2903),2,3,HIGH_UNCERTAINTY_SPARSE_EVENTS,PARTIAL — CALIBRATION NOT RELIABLE DUE TO EVENT SPARSITY,HIGH UNCERTAINTY: Estimates derived from sparse administrative milestone occurrences.
CAS_CLEAN_026,SNP_CAS_CLEAN_026_CASE_INITIATION_MILESTONE_20260801,20260801,CASE_INITIATION_TO_MILESTONE,1.0.0-cox-production-baseline,2493aa920caf664a,-0.03201,0.968497,current_stage_SECTION_11 (+0.9761); act_key_RFCTLARR_2013 (+0.2005),derived_days_in_current_stage (-0.4719); derived_project_type_Rural Infrastructure (-0.4464); derived_notice_count (-0.2903),2,3,HIGH_UNCERTAINTY_SPARSE_EVENTS,PARTIAL — CALIBRATION NOT RELIABLE DUE TO EVENT SPARSITY,HIGH UNCERTAINTY: Estimates derived from sparse administrative milestone occurrences.
CAS_CLEAN_065,SNP_CAS_CLEAN_065_CASE_INITIATION_MILESTONE_20260801,20260801,CASE_INITIATION_TO_MILESTONE,1.0.0-cox-production-baseline,2493aa920caf664a,-0.03201,0.968497,current_stage_SECTION_11 (+0.9761); act_key_RFCTLARR_2013 (+0.2005),derived_days_in_current_stage (-0.4719); derived_project_type_Rural Infrastructure (-0.4464); derived_notice_count (-0.2903),2,3,HIGH_UNCERTAINTY_SPARSE_EVENTS,PARTIAL — CALIBRATION NOT RELIABLE DUE TO EVENT SPARSITY,HIGH UNCERTAINTY: Estimates derived from sparse administrative milestone occurrences.
CAS_CLEAN_078,SNP_CAS_CLEAN_078_CASE_INITIATION_MILESTONE_20260801,20260801,CASE_INITIATION_TO_MILESTONE,1.0.0-cox-production-baseline,2493aa920caf664a,-0.03201,0.968497,current_stage_SECTION_11 (+0.9761); act_key_RFCTLARR_2013 (+0.2005),derived_days_in_current_stage (-0.4719); derived_project_type_Rural Infrastructure (-0.4464); derived_notice_count (-0.2903),2,3,HIGH_UNCERTAINTY_SPARSE_EVENTS,PARTIAL — CALIBRATION NOT RELIABLE DUE TO EVENT SPARSITY,HIGH UNCERTAINTY: Estimates derived from sparse administrative milestone occurrences.
CAS_CLEAN_103,SNP_CAS_CLEAN_103_CASE_INITIATION_MILESTONE_20260801,20260801,CASE_INITIATION_TO_MILESTONE,1.0.0-cox-production-baseline,2493aa920caf664a,-0.03201,0.968497,current_stage_SECTION_11 (+0.9761); act_key_RFCTLARR_2013 (+0.2005),derived_days_in_current_stage (-0.4719); derived_project_type_Rural Infrastructure (-0.4464); derived_notice_count (-0.2903),2,3,HIGH_UNCERTAINTY_SPARSE_EVENTS,PARTIAL — CALIBRATION NOT RELIABLE DUE TO EVENT SPARSITY,HIGH UNCERTAINTY: Estimates derived from sparse administrative milestone occurrences.
CAS_CLEAN_121,SNP_CAS_CLEAN_121_CASE_INITIATION_MILESTONE_20260801,20260801,CASE_INITIATION_TO_MILESTONE,1.0.0-cox-production-baseline,2493aa920caf664a,-0.03201,0.968497,current_stage_SECTION_11 (+0.9761); act_key_RFCTLARR_2013 (+0.2005),derived_days_in_current_stage (-0.4719); derived_project_type_Rural Infrastructure (-0.4464); derived_notice_count (-0.2903),2,3,HIGH_UNCERTAINTY_SPARSE_EVENTS,PARTIAL — CALIBRATION NOT RELIABLE DUE TO EVENT SPARSITY,HIGH UNCERTAINTY: Estimates derived from sparse administrative milestone occurrences.
CAS_CLEAN_182,SNP_CAS_CLEAN_182_CASE_INITIATION_MILESTONE_20260804,20260804,CASE_INITIATION_TO_MILESTONE,1.0.0-cox-production-baseline,2493aa920caf664a,-1.046083,0.351311,act_key_RFCTLARR_2013 (+0.2005),current_stage_GENERAL_NOTICE (-0.4558); derived_notice_count (-0.2903); district_Pune (-0.2677); derived_days_in_current_stage (-0.2327),1,4,HIGH_UNCERTAINTY_SPARSE_EVENTS,PARTIAL — CALIBRATION NOT RELIABLE DUE TO EVENT SPARSITY,HIGH UNCERTAINTY: Estimates derived from sparse administrative milestone occurrences.
CAS_CLEAN_190,SNP_CAS_CLEAN_190_CASE_INITIATION_MILESTONE_20260804,20260804,CASE_INITIATION_TO_MILESTONE,1.0.0-cox-production-baseline,2493aa920caf664a,-1.73167,0.176989,act_key_RFCTLARR_2013 (+0.2005),derived_days_in_current_stage (-0.4719); current_stage_GENERAL_NOTICE (-0.4558); derived_project_type_Rural Infrastructure (-0.4464); derived_notice_count (-0.2903); district_Pune (-0.2677),1,5,HIGH_UNCERTAINTY_SPARSE_EVENTS,PARTIAL — CALIBRATION NOT RELIABLE DUE TO EVENT SPARSITY,HIGH UNCERTAINTY: Estimates derived from sparse administrative milestone occurrences.
CAS_CLEAN_094,SNP_CAS_CLEAN_094_CASE_INITIATION_MILESTONE_20260806,20260806,CASE_INITIATION_TO_MILESTONE,1.0.0-cox-production-baseline,2493aa920caf664a,-1.935869,0.144299,act_key_RFCTLARR_2013 (+0.2005),derived_days_in_current_stage (-0.9439); current_stage_GENERAL_NOTICE (-0.4558); derived_project_type_Rural Infrastructure (-0.4464); derived_notice_count (-0.2903),1,4,HIGH_UNCERTAINTY_SPARSE_EVENTS,PARTIAL — CALIBRATION NOT RELIABLE DUE TO EVENT SPARSITY,HIGH UNCERTAINTY: Estimates derived from sparse administrative milestone occurrences.
CAS_CLEAN_140,SNP_CAS_CLEAN_140_CASE_INITIATION_MILESTONE_20260808,20260808,CASE_INITIATION_TO_MILESTONE,1.0.0-cox-production-baseline,2493aa920caf664a,-0.503955,0.604137,current_stage_SECTION_11 (+0.9761); act_key_RFCTLARR_2013 (+0.2005),derived_days_in_current_stage (-0.9439); derived_project_type_Rural Infrastructure (-0.4464); derived_notice_count (-0.2903),2,3,HIGH_UNCERTAINTY_SPARSE_EVENTS,PARTIAL — CALIBRATION NOT RELIABLE DUE TO EVENT SPARSITY,HIGH UNCERTAINTY: Estimates derived from sparse administrative milestone occurrences.
CAS_CLEAN_061,SNP_CAS_CLEAN_061_CASE_INITIATION_MILESTONE_20260814,20260814,CASE_INITIATION_TO_MILESTONE,1.0.0-cox-production-baseline,2493aa920caf664a,-1.740825,0.175376,act_key_RFCTLARR_2013 (+0.2005),derived_days_in_current_stage (-0.9439); derived_project_type_Rural Infrastructure (-0.4464); derived_notice_count (-0.2903); derived_is_direct_purchase (-0.2608),1,4,HIGH_UNCERTAINTY_SPARSE_EVENTS,PARTIAL — CALIBRATION NOT RELIABLE DUE TO EVENT SPARSITY,HIGH UNCERTAINTY: Estimates derived from sparse administrative milestone occurrences.
CAS_CLEAN_099,SNP_CAS_CLEAN_099_CASE_INITIATION_MILESTONE_20260822,20260822,CASE_INITIATION_TO_MILESTONE,1.0.0-cox-production-baseline,2493aa920caf664a,-1.935869,0.144299,act_key_RFCTLARR_2013 (+0.2005),derived_days_in_current_stage (-0.9439); current_stage_GENERAL_NOTICE (-0.4558); derived_project_type_Rural Infrastructure (-0.4464); derived_notice_count (-0.2903),1,4,HIGH_UNCERTAINTY_SPARSE_EVENTS,PARTIAL — CALIBRATION NOT RELIABLE DUE TO EVENT SPARSITY,HIGH UNCERTAINTY: Estimates derived from sparse administrative milestone occurrences.
CAS_CLEAN_128,SNP_CAS_CLEAN_128_CASE_INITIATION_MILESTONE_20260822,20260822,CASE_INITIATION_TO_MILESTONE,1.0.0-cox-production-baseline,2493aa920caf664a,-1.740825,0.175376,act_key_RFCTLARR_2013 (+0.2005),derived_days_in_current_stage (-0.9439); derived_project_type_Rural Infrastructure (-0.4464); derived_notice_count (-0.2903); derived_is_direct_purchase (-0.2608),1,4,HIGH_UNCERTAINTY_SPARSE_EVENTS,PARTIAL — CALIBRATION NOT RELIABLE DUE TO EVENT SPARSITY,HIGH UNCERTAINTY: Estimates derived from sparse administrative milestone occurrences.
CAS_CLEAN_189,SNP_CAS_CLEAN_189_CASE_INITIATION_MILESTONE_20260903,20260903,CASE_INITIATION_TO_MILESTONE,1.0.0-cox-production-baseline,2493aa920caf664a,-1.73167,0.176989,act_key_RFCTLARR_2013 (+0.2005),derived_days_in_current_stage (-0.4719); current_stage_GENERAL_NOTICE (-0.4558); derived_project_type_Rural Infrastructure (-0.4464); derived_notice_count (-0.2903); district_Pune (-0.2677),1,5,HIGH_UNCERTAINTY_SPARSE_EVENTS,PARTIAL — CALIBRATION NOT RELIABLE DUE TO EVENT SPARSITY,HIGH UNCERTAINTY: Estimates derived from sparse administrative milestone occurrences.
CAS_CLEAN_181,SNP_CAS_CLEAN_181_CASE_INITIATION_MILESTONE_20260905,20260905,CASE_INITIATION_TO_MILESTONE,1.0.0-cox-production-baseline,2493aa920caf664a,-1.046083,0.351311,act_key_RFCTLARR_2013 (+0.2005),current_stage_GENERAL_NOTICE (-0.4558); derived_notice_count (-0.2903); district_Pune (-0.2677); derived_days_in_current_stage (-0.2327),1,4,HIGH_UNCERTAINTY_SPARSE_EVENTS,PARTIAL — CALIBRATION NOT RELIABLE DUE TO EVENT SPARSITY,HIGH UNCERTAINTY: Estimates derived from sparse administrative milestone occurrences.
CAS_CLEAN_259,SNP_CAS_CLEAN_259_CASE_INITIATION_MILESTONE_20260908,20260908,CASE_INITIATION_TO_MILESTONE,1.0.0-cox-production-baseline,2493aa920caf664a,-0.318148,0.727495,current_stage_SECTION_11 (+0.9761); act_key_RFCTLARR_2013 (+0.2005),derived_project_type_Rural Infrastructure (-0.4464); district_Solapur (-0.4090); derived_days_in_current_stage (-0.3491); derived_notice_count (-0.2903),2,4,HIGH_UNCERTAINTY_SPARSE_EVENTS,PARTIAL — CALIBRATION NOT RELIABLE DUE TO EVENT SPARSITY,HIGH UNCERTAINTY: Estimates derived from sparse administrative milestone occurrences.
CAS_CLEAN_245,SNP_CAS_CLEAN_245_CASE_INITIATION_MILESTONE_20260910,20260910,CASE_INITIATION_TO_MILESTONE,1.0.0-cox-production-baseline,2493aa920caf664a,-1.73167,0.176989,act_key_RFCTLARR_2013 (+0.2005),derived_days_in_current_stage (-0.4719); current_stage_GENERAL_NOTICE (-0.4558); derived_project_type_Rural Infrastructure (-0.4464); derived_notice_count (-0.2903); district_Pune (-0.2677),1,5,HIGH_UNCERTAINTY_SPARSE_EVENTS,PARTIAL — CALIBRATION NOT RELIABLE DUE TO EVENT SPARSITY,HIGH UNCERTAINTY: Estimates derived from sparse administrative milestone occurrences.
CAS_CLEAN_244,SNP_CAS_CLEAN_244_CASE_INITIATION_MILESTONE_20260917,20260917,CASE_INITIATION_TO_MILESTONE,1.0.0-cox-production-baseline,2493aa920caf664a,-1.73167,0.176989,act_key_RFCTLARR_2013 (+0.2005),derived_days_in_current_stage (-0.4719); current_stage_GENERAL_NOTICE (-0.4558); derived_project_type_Rural Infrastructure (-0.4464); derived_notice_count (-0.2903); district_Pune (-0.2677),1,5,HIGH_UNCERTAINTY_SPARSE_EVENTS,PARTIAL — CALIBRATION NOT RELIABLE DUE TO EVENT SPARSITY,HIGH UNCERTAINTY: Estimates derived from sparse administrative milestone occurrences.
CAS_CLEAN_133,SNP_CAS_CLEAN_133_CASE_INITIATION_MILESTONE_20260919,20260919,CASE_INITIATION_TO_MILESTONE,1.0.0-cox-production-baseline,2493aa920caf664a,-1.403533,0.245727,act_key_RFCTLARR_2013 (+0.2005),derived_notice_count (-0.5806); derived_project_type_Rural Infrastructure (-0.4464); derived_days_in_current_stage (-0.3142); current_stage_SECTION_21 (-0.2629),1,4,HIGH_UNCERTAINTY_SPARSE_EVENTS,PARTIAL — CALIBRATION NOT RELIABLE DUE TO EVENT SPARSITY,HIGH UNCERTAINTY: Estimates derived from sparse administrative milestone occurrences.
CAS_CLEAN_243,SNP_CAS_CLEAN_243_CASE_INITIATION_MILESTONE_20260925,20260925,CASE_INITIATION_TO_MILESTONE,1.0.0-cox-production-baseline,2493aa920caf664a,-1.73167,0.176989,act_key_RFCTLARR_2013 (+0.2005),derived_days_in_current_stage (-0.4719); current_stage_GENERAL_NOTICE (-0.4558); derived_project_type_Rural Infrastructure (-0.4464); derived_notice_count (-0.2903); district_Pune (-0.2677),1,5,HIGH_UNCERTAINTY_SPARSE_EVENTS,PARTIAL — CALIBRATION NOT RELIABLE DUE TO EVENT SPARSITY,HIGH UNCERTAINTY: Estimates derived from sparse administrative milestone occurrences.
CAS_CLEAN_029,SNP_CAS_CLEAN_029_S11_S19_20240227,20240227,SECTION_11_TO_SECTION_19,1.0.0-cox-production-baseline,6cab5d24dbc3587b,-1.841092,0.158644,,derived_project_type_Rural Infrastructure (-1.8411),0,1,HIGH_UNCERTAINTY_SPARSE_EVENTS,PARTIAL — CALIBRATION NOT RELIABLE DUE TO EVENT SPARSITY,HIGH UNCERTAINTY: Estimates derived from sparse administrative milestone occurrences.
CAS_CLEAN_039,SNP_CAS_CLEAN_039_S11_S19_20240314,20240314,SECTION_11_TO_SECTION_19,1.0.0-cox-production-baseline,6cab5d24dbc3587b,-1.841092,0.158644,,derived_project_type_Rural Infrastructure (-1.8411),0,1,HIGH_UNCERTAINTY_SPARSE_EVENTS,PARTIAL — CALIBRATION NOT RELIABLE DUE TO EVENT SPARSITY,HIGH UNCERTAINTY: Estimates derived from sparse administrative milestone occurrences.
CAS_CLEAN_041,SNP_CAS_CLEAN_041_S11_S19_20240314,20240314,SECTION_11_TO_SECTION_19,1.0.0-cox-production-baseline,6cab5d24dbc3587b,-1.841092,0.158644,,derived_project_type_Rural Infrastructure (-1.8411),0,1,HIGH_UNCERTAINTY_SPARSE_EVENTS,PARTIAL — CALIBRATION NOT RELIABLE DUE TO EVENT SPARSITY,HIGH UNCERTAINTY: Estimates derived from sparse administrative milestone occurrences.
CAS_CLEAN_136,SNP_CAS_CLEAN_136_S11_S19_20240314,20240314,SECTION_11_TO_SECTION_19,1.0.0-cox-production-baseline,6cab5d24dbc3587b,-1.841092,0.158644,,derived_project_type_Rural Infrastructure (-1.8411),0,1,HIGH_UNCERTAINTY_SPARSE_EVENTS,PARTIAL — CALIBRATION NOT RELIABLE DUE TO EVENT SPARSITY,HIGH UNCERTAINTY: Estimates derived from sparse administrative milestone occurrences.
CAS_CLEAN_029,SNP_CAS_CLEAN_029_S11_S19_20240527,20240527,SECTION_11_TO_SECTION_19,1.0.0-cox-production-baseline,6cab5d24dbc3587b,-2.448502,0.086423,,derived_project_type_Rural Infrastructure (-1.8411); derived_days_in_current_stage (-0.6074),0,2,HIGH_UNCERTAINTY_SPARSE_EVENTS,PARTIAL — CALIBRATION NOT RELIABLE DUE TO EVENT SPARSITY,HIGH UNCERTAINTY: Estimates derived from sparse administrative milestone occurrences.
CAS_CLEAN_039,SNP_CAS_CLEAN_039_S11_S19_20240612,20240612,SECTION_11_TO_SECTION_19,1.0.0-cox-production-baseline,6cab5d24dbc3587b,-2.448502,0.086423,,derived_project_type_Rural Infrastructure (-1.8411); derived_days_in_current_stage (-0.6074),0,2,HIGH_UNCERTAINTY_SPARSE_EVENTS,PARTIAL — CALIBRATION NOT RELIABLE DUE TO EVENT SPARSITY,HIGH UNCERTAINTY: Estimates derived from sparse administrative milestone occurrences.
CAS_CLEAN_041,SNP_CAS_CLEAN_041_S11_S19_20240612,20240612,SECTION_11_TO_SECTION_19,1.0.0-cox-production-baseline,6cab5d24dbc3587b,-2.448502,0.086423,,derived_project_type_Rural Infrastructure (-1.8411); derived_days_in_current_stage (-0.6074),0,2,HIGH_UNCERTAINTY_SPARSE_EVENTS,PARTIAL — CALIBRATION NOT RELIABLE DUE TO EVENT SPARSITY,HIGH UNCERTAINTY: Estimates derived from sparse administrative milestone occurrences.
CAS_CLEAN_136,SNP_CAS_CLEAN_136_S11_S19_20240612,20240612,SECTION_11_TO_SECTION_19,1.0.0-cox-production-baseline,6cab5d24dbc3587b,-2.448502,0.086423,,derived_project_type_Rural Infrastructure (-1.8411); derived_days_in_current_stage (-0.6074),0,2,HIGH_UNCERTAINTY_SPARSE_EVENTS,PARTIAL — CALIBRATION NOT RELIABLE DUE TO EVENT SPARSITY,HIGH UNCERTAINTY: Estimates derived from sparse administrative milestone occurrences.
CAS_CLEAN_140,SNP_CAS_CLEAN_140_S11_S19_20240808,20240808,SECTION_11_TO_SECTION_19,1.0.0-cox-production-baseline,6cab5d24dbc3587b,-1.841092,0.158644,,derived_project_type_Rural Infrastructure (-1.8411),0,1,HIGH_UNCERTAINTY_SPARSE_EVENTS,PARTIAL — CALIBRATION NOT RELIABLE DUE TO EVENT SPARSITY,HIGH UNCERTAINTY: Estimates derived from sparse administrative milestone occurrences.
CAS_CLEAN_029,SNP_CAS_CLEAN_029_S11_S19_20240825,20240825,SECTION_11_TO_SECTION_19,1.0.0-cox-production-baseline,6cab5d24dbc3587b,-3.055912,0.04708,,derived_project_type_Rural Infrastructure (-1.8411); derived_days_in_current_stage (-1.2148),0,2,HIGH_UNCERTAINTY_SPARSE_EVENTS,PARTIAL — CALIBRATION NOT RELIABLE DUE TO EVENT SPARSITY,HIGH UNCERTAINTY: Estimates derived from sparse administrative milestone occurrences.
CAS_CLEAN_039,SNP_CAS_CLEAN_039_S11_S19_20240910,20240910,SECTION_11_TO_SECTION_19,1.0.0-cox-production-baseline,6cab5d24dbc3587b,-3.055912,0.04708,,derived_project_type_Rural Infrastructure (-1.8411); derived_days_in_current_stage (-1.2148),0,2,HIGH_UNCERTAINTY_SPARSE_EVENTS,PARTIAL — CALIBRATION NOT RELIABLE DUE TO EVENT SPARSITY,HIGH UNCERTAINTY: Estimates derived from sparse administrative milestone occurrences.
CAS_CLEAN_041,SNP_CAS_CLEAN_041_S11_S19_20240910,20240910,SECTION_11_TO_SECTION_19,1.0.0-cox-production-baseline,6cab5d24dbc3587b,-3.055912,0.04708,,derived_project_type_Rural Infrastructure (-1.8411); derived_days_in_current_stage (-1.2148),0,2,HIGH_UNCERTAINTY_SPARSE_EVENTS,PARTIAL — CALIBRATION NOT RELIABLE DUE TO EVENT SPARSITY,HIGH UNCERTAINTY: Estimates derived from sparse administrative milestone occurrences.
CAS_CLEAN_136,SNP_CAS_CLEAN_136_S11_S19_20240910,20240910,SECTION_11_TO_SECTION_19,1.0.0-cox-production-baseline,6cab5d24dbc3587b,-3.055912,0.04708,,derived_project_type_Rural Infrastructure (-1.8411); derived_days_in_current_stage (-1.2148),0,2,HIGH_UNCERTAINTY_SPARSE_EVENTS,PARTIAL — CALIBRATION NOT RELIABLE DUE TO EVENT SPARSITY,HIGH UNCERTAINTY: Estimates derived from sparse administrative milestone occurrences.
CAS_CLEAN_140,SNP_CAS_CLEAN_140_S11_S19_20241106,20241106,SECTION_11_TO_SECTION_19,1.0.0-cox-production-baseline,6cab5d24dbc3587b,-2.448502,0.086423,,derived_project_type_Rural Infrastructure (-1.8411); derived_days_in_current_stage (-0.6074),0,2,HIGH_UNCERTAINTY_SPARSE_EVENTS,PARTIAL — CALIBRATION NOT RELIABLE DUE TO EVENT SPARSITY,HIGH UNCERTAINTY: Estimates derived from sparse administrative milestone occurrences.
CAS_CLEAN_029,SNP_CAS_CLEAN_029_S11_S19_20241123,20241123,SECTION_11_TO_SECTION_19,1.0.0-cox-production-baseline,6cab5d24dbc3587b,-3.663322,0.025647,,derived_project_type_Rural Infrastructure (-1.8411); derived_days_in_current_stage (-1.8222),0,2,HIGH_UNCERTAINTY_SPARSE_EVENTS,PARTIAL — CALIBRATION NOT RELIABLE DUE TO EVENT SPARSITY,HIGH UNCERTAINTY: Estimates derived from sparse administrative milestone occurrences.
CAS_CLEAN_039,SNP_CAS_CLEAN_039_S11_S19_20241209,20241209,SECTION_11_TO_SECTION_19,1.0.0-cox-production-baseline,6cab5d24dbc3587b,-3.663322,0.025647,,derived_project_type_Rural Infrastructure (-1.8411); derived_days_in_current_stage (-1.8222),0,2,HIGH_UNCERTAINTY_SPARSE_EVENTS,PARTIAL — CALIBRATION NOT RELIABLE DUE TO EVENT SPARSITY,HIGH UNCERTAINTY: Estimates derived from sparse administrative milestone occurrences.
CAS_CLEAN_041,SNP_CAS_CLEAN_041_S11_S19_20241209,20241209,SECTION_11_TO_SECTION_19,1.0.0-cox-production-baseline,6cab5d24dbc3587b,-3.663322,0.025647,,derived_project_type_Rural Infrastructure (-1.8411); derived_days_in_current_stage (-1.8222),0,2,HIGH_UNCERTAINTY_SPARSE_EVENTS,PARTIAL — CALIBRATION NOT RELIABLE DUE TO EVENT SPARSITY,HIGH UNCERTAINTY: Estimates derived from sparse administrative milestone occurrences.
CAS_CLEAN_136,SNP_CAS_CLEAN_136_S11_S19_20241209,20241209,SECTION_11_TO_SECTION_19,1.0.0-cox-production-baseline,6cab5d24dbc3587b,-3.663322,0.025647,,derived_project_type_Rural Infrastructure (-1.8411); derived_days_in_current_stage (-1.8222),0,2,HIGH_UNCERTAINTY_SPARSE_EVENTS,PARTIAL — CALIBRATION NOT RELIABLE DUE TO EVENT SPARSITY,HIGH UNCERTAINTY: Estimates derived from sparse administrative milestone occurrences.
CAS_CLEAN_009,SNP_CAS_CLEAN_009_S11_S19_20250114,20250114,SECTION_11_TO_SECTION_19,1.0.0-cox-production-baseline,6cab5d24dbc3587b,-1.841092,0.158644,,derived_project_type_Rural Infrastructure (-1.8411),0,1,HIGH_UNCERTAINTY_SPARSE_EVENTS,PARTIAL — CALIBRATION NOT RELIABLE DUE TO EVENT SPARSITY,HIGH UNCERTAINTY: Estimates derived from sparse administrative milestone occurrences.
CAS_CLEAN_064,SNP_CAS_CLEAN_064_S11_S19_20250114,20250114,SECTION_11_TO_SECTION_19,1.0.0-cox-production-baseline,6cab5d24dbc3587b,-1.841092,0.158644,,derived_project_type_Rural Infrastructure (-1.8411),0,1,HIGH_UNCERTAINTY_SPARSE_EVENTS,PARTIAL — CALIBRATION NOT RELIABLE DUE TO EVENT SPARSITY,HIGH UNCERTAINTY: Estimates derived from sparse administrative milestone occurrences.
CAS_CLEAN_120,SNP_CAS_CLEAN_120_S11_S19_20250114,20250114,SECTION_11_TO_SECTION_19,1.0.0-cox-production-baseline,6cab5d24dbc3587b,-1.841092,0.158644,,derived_project_type_Rural Infrastructure (-1.8411),0,1,HIGH_UNCERTAINTY_SPARSE_EVENTS,PARTIAL — CALIBRATION NOT RELIABLE DUE TO EVENT SPARSITY,HIGH UNCERTAINTY: Estimates derived from sparse administrative milestone occurrences.
CAS_CLEAN_054,SNP_CAS_CLEAN_054_S11_S19_20250122,20250122,SECTION_11_TO_SECTION_19,1.0.0-cox-production-baseline,6cab5d24dbc3587b,-1.841092,0.158644,,derived_project_type_Rural Infrastructure (-1.8411),0,1,HIGH_UNCERTAINTY_SPARSE_EVENTS,PARTIAL — CALIBRATION NOT RELIABLE DUE TO EVENT SPARSITY,HIGH UNCERTAINTY: Estimates derived from sparse administrative milestone occurrences.
CAS_CLEAN_140,SNP_CAS_CLEAN_140_S11_S19_20250204,20250204,SECTION_11_TO_SECTION_19,1.0.0-cox-production-baseline,6cab5d24dbc3587b,-3.055912,0.04708,,derived_project_type_Rural Infrastructure (-1.8411); derived_days_in_current_stage (-1.2148),0,2,HIGH_UNCERTAINTY_SPARSE_EVENTS,PARTIAL — CALIBRATION NOT RELIABLE DUE TO EVENT SPARSITY,HIGH UNCERTAINTY: Estimates derived from sparse administrative milestone occurrences.
CAS_CLEAN_009,SNP_CAS_CLEAN_009_S11_S19_20250414,20250414,SECTION_11_TO_SECTION_19,1.0.0-cox-production-baseline,6cab5d24dbc3587b,-2.448502,0.086423,,derived_project_type_Rural Infrastructure (-1.8411); derived_days_in_current_stage (-0.6074),0,2,HIGH_UNCERTAINTY_SPARSE_EVENTS,PARTIAL — CALIBRATION NOT RELIABLE DUE TO EVENT SPARSITY,HIGH UNCERTAINTY: Estimates derived from sparse administrative milestone occurrences.
CAS_CLEAN_064,SNP_CAS_CLEAN_064_S11_S19_20250414,20250414,SECTION_11_TO_SECTION_19,1.0.0-cox-production-baseline,6cab5d24dbc3587b,-2.448502,0.086423,,derived_project_type_Rural Infrastructure (-1.8411); derived_days_in_current_stage (-0.6074),0,2,HIGH_UNCERTAINTY_SPARSE_EVENTS,PARTIAL — CALIBRATION NOT RELIABLE DUE TO EVENT SPARSITY,HIGH UNCERTAINTY: Estimates derived from sparse administrative milestone occurrences.
CAS_CLEAN_120,SNP_CAS_CLEAN_120_S11_S19_20250414,20250414,SECTION_11_TO_SECTION_19,1.0.0-cox-production-baseline,6cab5d24dbc3587b,-2.448502,0.086423,,derived_project_type_Rural Infrastructure (-1.8411); derived_days_in_current_stage (-0.6074),0,2,HIGH_UNCERTAINTY_SPARSE_EVENTS,PARTIAL — CALIBRATION NOT RELIABLE DUE TO EVENT SPARSITY,HIGH UNCERTAINTY: Estimates derived from sparse administrative milestone occurrences.
CAS_CLEAN_054,SNP_CAS_CLEAN_054_S11_S19_20250422,20250422,SECTION_11_TO_SECTION_19,1.0.0-cox-production-baseline,6cab5d24dbc3587b,-2.448502,0.086423,,derived_project_type_Rural Infrastructure (-1.8411); derived_days_in_current_stage (-0.6074),0,2,HIGH_UNCERTAINTY_SPARSE_EVENTS,PARTIAL — CALIBRATION NOT RELIABLE DUE TO EVENT SPARSITY,HIGH UNCERTAINTY: Estimates derived from sparse administrative milestone occurrences.
CAS_CLEAN_140,SNP_CAS_CLEAN_140_S11_S19_20250505,20250505,SECTION_11_TO_SECTION_19,1.0.0-cox-production-baseline,6cab5d24dbc3587b,-3.663322,0.025647,,derived_project_type_Rural Infrastructure (-1.8411); derived_days_in_current_stage (-1.8222),0,2,HIGH_UNCERTAINTY_SPARSE_EVENTS,PARTIAL — CALIBRATION NOT RELIABLE DUE TO EVENT SPARSITY,HIGH UNCERTAINTY: Estimates derived from sparse administrative milestone occurrences.
CAS_CLEAN_009,SNP_CAS_CLEAN_009_S11_S19_20250713,20250713,SECTION_11_TO_SECTION_19,1.0.0-cox-production-baseline,6cab5d24dbc3587b,-3.055912,0.04708,,derived_project_type_Rural Infrastructure (-1.8411); derived_days_in_current_stage (-1.2148),0,2,HIGH_UNCERTAINTY_SPARSE_EVENTS,PARTIAL — CALIBRATION NOT RELIABLE DUE TO EVENT SPARSITY,HIGH UNCERTAINTY: Estimates derived from sparse administrative milestone occurrences.
CAS_CLEAN_064,SNP_CAS_CLEAN_064_S11_S19_20250713,20250713,SECTION_11_TO_SECTION_19,1.0.0-cox-production-baseline,6cab5d24dbc3587b,-3.055912,0.04708,,derived_project_type_Rural Infrastructure (-1.8411); derived_days_in_current_stage (-1.2148),0,2,HIGH_UNCERTAINTY_SPARSE_EVENTS,PARTIAL — CALIBRATION NOT RELIABLE DUE TO EVENT SPARSITY,HIGH UNCERTAINTY: Estimates derived from sparse administrative milestone occurrences.
CAS_CLEAN_120,SNP_CAS_CLEAN_120_S11_S19_20250713,20250713,SECTION_11_TO_SECTION_19,1.0.0-cox-production-baseline,6cab5d24dbc3587b,-3.055912,0.04708,,derived_project_type_Rural Infrastructure (-1.8411); derived_days_in_current_stage (-1.2148),0,2,HIGH_UNCERTAINTY_SPARSE_EVENTS,PARTIAL — CALIBRATION NOT RELIABLE DUE TO EVENT SPARSITY,HIGH UNCERTAINTY: Estimates derived from sparse administrative milestone occurrences.
CAS_CLEAN_054,SNP_CAS_CLEAN_054_S11_S19_20250721,20250721,SECTION_11_TO_SECTION_19,1.0.0-cox-production-baseline,6cab5d24dbc3587b,-3.055912,0.04708,,derived_project_type_Rural Infrastructure (-1.8411); derived_days_in_current_stage (-1.2148),0,2,HIGH_UNCERTAINTY_SPARSE_EVENTS,PARTIAL — CALIBRATION NOT RELIABLE DUE TO EVENT SPARSITY,HIGH UNCERTAINTY: Estimates derived from sparse administrative milestone occurrences.
CAS_CLEAN_025,SNP_CAS_CLEAN_025_S11_S19_20250801,20250801,SECTION_11_TO_SECTION_19,1.0.0-cox-production-baseline,6cab5d24dbc3587b,-1.841092,0.158644,,derived_project_type_Rural Infrastructure (-1.8411),0,1,HIGH_UNCERTAINTY_SPARSE_EVENTS,PARTIAL — CALIBRATION NOT RELIABLE DUE TO EVENT SPARSITY,HIGH UNCERTAINTY: Estimates derived from sparse administrative milestone occurrences.
CAS_CLEAN_026,SNP_CAS_CLEAN_026_S11_S19_20250801,20250801,SECTION_11_TO_SECTION_19,1.0.0-cox-production-baseline,6cab5d24dbc3587b,-1.841092,0.158644,,derived_project_type_Rural Infrastructure (-1.8411),0,1,HIGH_UNCERTAINTY_SPARSE_EVENTS,PARTIAL — CALIBRATION NOT RELIABLE DUE TO EVENT SPARSITY,HIGH UNCERTAINTY: Estimates derived from sparse administrative milestone occurrences.
CAS_CLEAN_065,SNP_CAS_CLEAN_065_S11_S19_20250801,20250801,SECTION_11_TO_SECTION_19,1.0.0-cox-production-baseline,6cab5d24dbc3587b,-1.841092,0.158644,,derived_project_type_Rural Infrastructure (-1.8411),0,1,HIGH_UNCERTAINTY_SPARSE_EVENTS,PARTIAL — CALIBRATION NOT RELIABLE DUE TO EVENT SPARSITY,HIGH UNCERTAINTY: Estimates derived from sparse administrative milestone occurrences.
CAS_CLEAN_078,SNP_CAS_CLEAN_078_S11_S19_20250801,20250801,SECTION_11_TO_SECTION_19,1.0.0-cox-production-baseline,6cab5d24dbc3587b,-1.841092,0.158644,,derived_project_type_Rural Infrastructure (-1.8411),0,1,HIGH_UNCERTAINTY_SPARSE_EVENTS,PARTIAL — CALIBRATION NOT RELIABLE DUE TO EVENT SPARSITY,HIGH UNCERTAINTY: Estimates derived from sparse administrative milestone occurrences.
CAS_CLEAN_103,SNP_CAS_CLEAN_103_S11_S19_20250801,20250801,SECTION_11_TO_SECTION_19,1.0.0-cox-production-baseline,6cab5d24dbc3587b,-1.841092,0.158644,,derived_project_type_Rural Infrastructure (-1.8411),0,1,HIGH_UNCERTAINTY_SPARSE_EVENTS,PARTIAL — CALIBRATION NOT RELIABLE DUE TO EVENT SPARSITY,HIGH UNCERTAINTY: Estimates derived from sparse administrative milestone occurrences.
CAS_CLEAN_121,SNP_CAS_CLEAN_121_S11_S19_20250801,20250801,SECTION_11_TO_SECTION_19,1.0.0-cox-production-baseline,6cab5d24dbc3587b,-1.841092,0.158644,,derived_project_type_Rural Infrastructure (-1.8411),0,1,HIGH_UNCERTAINTY_SPARSE_EVENTS,PARTIAL — CALIBRATION NOT RELIABLE DUE TO EVENT SPARSITY,HIGH UNCERTAINTY: Estimates derived from sparse administrative milestone occurrences.
CAS_CLEAN_045,SNP_CAS_CLEAN_045_S11_S19_20250919,20250919,SECTION_11_TO_SECTION_19,1.0.0-cox-production-baseline,6cab5d24dbc3587b,-1.841092,0.158644,,derived_project_type_Rural Infrastructure (-1.8411),0,1,HIGH_UNCERTAINTY_SPARSE_EVENTS,PARTIAL — CALIBRATION NOT RELIABLE DUE TO EVENT SPARSITY,HIGH UNCERTAINTY: Estimates derived from sparse administrative milestone occurrences.
CAS_CLEAN_076,SNP_CAS_CLEAN_076_S11_S19_20250919,20250919,SECTION_11_TO_SECTION_19,1.0.0-cox-production-baseline,6cab5d24dbc3587b,-1.841092,0.158644,,derived_project_type_Rural Infrastructure (-1.8411),0,1,HIGH_UNCERTAINTY_SPARSE_EVENTS,PARTIAL — CALIBRATION NOT RELIABLE DUE TO EVENT SPARSITY,HIGH UNCERTAINTY: Estimates derived from sparse administrative milestone occurrences.
CAS_CLEAN_114,SNP_CAS_CLEAN_114_S11_S19_20250919,20250919,SECTION_11_TO_SECTION_19,1.0.0-cox-production-baseline,6cab5d24dbc3587b,-1.841092,0.158644,,derived_project_type_Rural Infrastructure (-1.8411),0,1,HIGH_UNCERTAINTY_SPARSE_EVENTS,PARTIAL — CALIBRATION NOT RELIABLE DUE TO EVENT SPARSITY,HIGH UNCERTAINTY: Estimates derived from sparse administrative milestone occurrences.
CAS_CLEAN_015,SNP_CAS_CLEAN_015_S11_S19_20250926,20250926,SECTION_11_TO_SECTION_19,1.0.0-cox-production-baseline,6cab5d24dbc3587b,-1.841092,0.158644,,derived_project_type_Rural Infrastructure (-1.8411),0,1,HIGH_UNCERTAINTY_SPARSE_EVENTS,PARTIAL — CALIBRATION NOT RELIABLE DUE TO EVENT SPARSITY,HIGH UNCERTAINTY: Estimates derived from sparse administrative milestone occurrences.
CAS_CLEAN_006,SNP_CAS_CLEAN_006_S11_S19_20250929,20250929,SECTION_11_TO_SECTION_19,1.0.0-cox-production-baseline,6cab5d24dbc3587b,-1.841092,0.158644,,derived_project_type_Rural Infrastructure (-1.8411),0,1,HIGH_UNCERTAINTY_SPARSE_EVENTS,PARTIAL — CALIBRATION NOT RELIABLE DUE TO EVENT SPARSITY,HIGH UNCERTAINTY: Estimates derived from sparse administrative milestone occurrences.
CAS_CLEAN_014,SNP_CAS_CLEAN_014_S11_S19_20250929,20250929,SECTION_11_TO_SECTION_19,1.0.0-cox-production-baseline,6cab5d24dbc3587b,-1.841092,0.158644,,derived_project_type_Rural Infrastructure (-1.8411),0,1,HIGH_UNCERTAINTY_SPARSE_EVENTS,PARTIAL — CALIBRATION NOT RELIABLE DUE TO EVENT SPARSITY,HIGH UNCERTAINTY: Estimates derived from sparse administrative milestone occurrences.
CAS_CLEAN_019,SNP_CAS_CLEAN_019_S11_S19_20250929,20250929,SECTION_11_TO_SECTION_19,1.0.0-cox-production-baseline,6cab5d24dbc3587b,-1.841092,0.158644,,derived_project_type_Rural Infrastructure (-1.8411),0,1,HIGH_UNCERTAINTY_SPARSE_EVENTS,PARTIAL — CALIBRATION NOT RELIABLE DUE TO EVENT SPARSITY,HIGH UNCERTAINTY: Estimates derived from sparse administrative milestone occurrences.
CAS_CLEAN_060,SNP_CAS_CLEAN_060_S11_S19_20250929,20250929,SECTION_11_TO_SECTION_19,1.0.0-cox-production-baseline,6cab5d24dbc3587b,0.0,1.0,,,0,0,HIGH_UNCERTAINTY_SPARSE_EVENTS,PARTIAL — CALIBRATION NOT RELIABLE DUE TO EVENT SPARSITY,HIGH UNCERTAINTY: Estimates derived from sparse administrative milestone occurrences.
CAS_CLEAN_080,SNP_CAS_CLEAN_080_S11_S19_20250929,20250929,SECTION_11_TO_SECTION_19,1.0.0-cox-production-baseline,6cab5d24dbc3587b,-1.841092,0.158644,,derived_project_type_Rural Infrastructure (-1.8411),0,1,HIGH_UNCERTAINTY_SPARSE_EVENTS,PARTIAL — CALIBRATION NOT RELIABLE DUE TO EVENT SPARSITY,HIGH UNCERTAINTY: Estimates derived from sparse administrative milestone occurrences.
CAS_CLEAN_129,SNP_CAS_CLEAN_129_S11_S19_20250929,20250929,SECTION_11_TO_SECTION_19,1.0.0-cox-production-baseline,6cab5d24dbc3587b,-1.841092,0.158644,,derived_project_type_Rural Infrastructure (-1.8411),0,1,HIGH_UNCERTAINTY_SPARSE_EVENTS,PARTIAL — CALIBRATION NOT RELIABLE DUE TO EVENT SPARSITY,HIGH UNCERTAINTY: Estimates derived from sparse administrative milestone occurrences.
CAS_CLEAN_146,SNP_CAS_CLEAN_146_S11_S19_20250929,20250929,SECTION_11_TO_SECTION_19,1.0.0-cox-production-baseline,6cab5d24dbc3587b,-1.841092,0.158644,,derived_project_type_Rural Infrastructure (-1.8411),0,1,HIGH_UNCERTAINTY_SPARSE_EVENTS,PARTIAL — CALIBRATION NOT RELIABLE DUE TO EVENT SPARSITY,HIGH UNCERTAINTY: Estimates derived from sparse administrative milestone occurrences.
CAS_CLEAN_147,SNP_CAS_CLEAN_147_S11_S19_20250929,20250929,SECTION_11_TO_SECTION_19,1.0.0-cox-production-baseline,6cab5d24dbc3587b,-1.841092,0.158644,,derived_project_type_Rural Infrastructure (-1.8411),0,1,HIGH_UNCERTAINTY_SPARSE_EVENTS,PARTIAL — CALIBRATION NOT RELIABLE DUE TO EVENT SPARSITY,HIGH UNCERTAINTY: Estimates derived from sparse administrative milestone occurrences.
CAS_CLEAN_003,SNP_CAS_CLEAN_003_S11_S19_20250930,20250930,SECTION_11_TO_SECTION_19,1.0.0-cox-production-baseline,6cab5d24dbc3587b,-1.841092,0.158644,,derived_project_type_Rural Infrastructure (-1.8411),0,1,HIGH_UNCERTAINTY_SPARSE_EVENTS,PARTIAL — CALIBRATION NOT RELIABLE DUE TO EVENT SPARSITY,HIGH UNCERTAINTY: Estimates derived from sparse administrative milestone occurrences.
CAS_CLEAN_124,SNP_CAS_CLEAN_124_S11_S19_20250930,20250930,SECTION_11_TO_SECTION_19,1.0.0-cox-production-baseline,6cab5d24dbc3587b,-1.841092,0.158644,,derived_project_type_Rural Infrastructure (-1.8411),0,1,HIGH_UNCERTAINTY_SPARSE_EVENTS,PARTIAL — CALIBRATION NOT RELIABLE DUE TO EVENT SPARSITY,HIGH UNCERTAINTY: Estimates derived from sparse administrative milestone occurrences.
CAS_CLEAN_009,SNP_CAS_CLEAN_009_S11_S19_20251011,20251011,SECTION_11_TO_SECTION_19,1.0.0-cox-production-baseline,6cab5d24dbc3587b,-3.663322,0.025647,,derived_project_type_Rural Infrastructure (-1.8411); derived_days_in_current_stage (-1.8222),0,2,HIGH_UNCERTAINTY_SPARSE_EVENTS,PARTIAL — CALIBRATION NOT RELIABLE DUE TO EVENT SPARSITY,HIGH UNCERTAINTY: Estimates derived from sparse administrative milestone occurrences.
CAS_CLEAN_064,SNP_CAS_CLEAN_064_S11_S19_20251011,20251011,SECTION_11_TO_SECTION_19,1.0.0-cox-production-baseline,6cab5d24dbc3587b,-3.663322,0.025647,,derived_project_type_Rural Infrastructure (-1.8411); derived_days_in_current_stage (-1.8222),0,2,HIGH_UNCERTAINTY_SPARSE_EVENTS,PARTIAL — CALIBRATION NOT RELIABLE DUE TO EVENT SPARSITY,HIGH UNCERTAINTY: Estimates derived from sparse administrative milestone occurrences.
CAS_CLEAN_120,SNP_CAS_CLEAN_120_S11_S19_20251011,20251011,SECTION_11_TO_SECTION_19,1.0.0-cox-production-baseline,6cab5d24dbc3587b,-3.663322,0.025647,,derived_project_type_Rural Infrastructure (-1.8411); derived_days_in_current_stage (-1.8222),0,2,HIGH_UNCERTAINTY_SPARSE_EVENTS,PARTIAL — CALIBRATION NOT RELIABLE DUE TO EVENT SPARSITY,HIGH UNCERTAINTY: Estimates derived from sparse administrative milestone occurrences.
CAS_CLEAN_054,SNP_CAS_CLEAN_054_S11_S19_20251019,20251019,SECTION_11_TO_SECTION_19,1.0.0-cox-production-baseline,6cab5d24dbc3587b,-3.663322,0.025647,,derived_project_type_Rural Infrastructure (-1.8411); derived_days_in_current_stage (-1.8222),0,2,HIGH_UNCERTAINTY_SPARSE_EVENTS,PARTIAL — CALIBRATION NOT RELIABLE DUE TO EVENT SPARSITY,HIGH UNCERTAINTY: Estimates derived from sparse administrative milestone occurrences.
CAS_CLEAN_025,SNP_CAS_CLEAN_025_S11_S19_20251030,20251030,SECTION_11_TO_SECTION_19,1.0.0-cox-production-baseline,6cab5d24dbc3587b,-2.448502,0.086423,,derived_project_type_Rural Infrastructure (-1.8411); derived_days_in_current_stage (-0.6074),0,2,HIGH_UNCERTAINTY_SPARSE_EVENTS,PARTIAL — CALIBRATION NOT RELIABLE DUE TO EVENT SPARSITY,HIGH UNCERTAINTY: Estimates derived from sparse administrative milestone occurrences.
CAS_CLEAN_026,SNP_CAS_CLEAN_026_S11_S19_20251030,20251030,SECTION_11_TO_SECTION_19,1.0.0-cox-production-baseline,6cab5d24dbc3587b,-2.448502,0.086423,,derived_project_type_Rural Infrastructure (-1.8411); derived_days_in_current_stage (-0.6074),0,2,HIGH_UNCERTAINTY_SPARSE_EVENTS,PARTIAL — CALIBRATION NOT RELIABLE DUE TO EVENT SPARSITY,HIGH UNCERTAINTY: Estimates derived from sparse administrative milestone occurrences.
CAS_CLEAN_065,SNP_CAS_CLEAN_065_S11_S19_20251030,20251030,SECTION_11_TO_SECTION_19,1.0.0-cox-production-baseline,6cab5d24dbc3587b,-2.448502,0.086423,,derived_project_type_Rural Infrastructure (-1.8411); derived_days_in_current_stage (-0.6074),0,2,HIGH_UNCERTAINTY_SPARSE_EVENTS,PARTIAL — CALIBRATION NOT RELIABLE DUE TO EVENT SPARSITY,HIGH UNCERTAINTY: Estimates derived from sparse administrative milestone occurrences.
CAS_CLEAN_078,SNP_CAS_CLEAN_078_S11_S19_20251030,20251030,SECTION_11_TO_SECTION_19,1.0.0-cox-production-baseline,6cab5d24dbc3587b,-2.448502,0.086423,,derived_project_type_Rural Infrastructure (-1.8411); derived_days_in_current_stage (-0.6074),0,2,HIGH_UNCERTAINTY_SPARSE_EVENTS,PARTIAL — CALIBRATION NOT RELIABLE DUE TO EVENT SPARSITY,HIGH UNCERTAINTY: Estimates derived from sparse administrative milestone occurrences.
CAS_CLEAN_103,SNP_CAS_CLEAN_103_S11_S19_20251030,20251030,SECTION_11_TO_SECTION_19,1.0.0-cox-production-baseline,6cab5d24dbc3587b,-2.448502,0.086423,,derived_project_type_Rural Infrastructure (-1.8411); derived_days_in_current_stage (-0.6074),0,2,HIGH_UNCERTAINTY_SPARSE_EVENTS,PARTIAL — CALIBRATION NOT RELIABLE DUE TO EVENT SPARSITY,HIGH UNCERTAINTY: Estimates derived from sparse administrative milestone occurrences.
CAS_CLEAN_121,SNP_CAS_CLEAN_121_S11_S19_20251030,20251030,SECTION_11_TO_SECTION_19,1.0.0-cox-production-baseline,6cab5d24dbc3587b,-2.448502,0.086423,,derived_project_type_Rural Infrastructure (-1.8411); derived_days_in_current_stage (-0.6074),0,2,HIGH_UNCERTAINTY_SPARSE_EVENTS,PARTIAL — CALIBRATION NOT RELIABLE DUE TO EVENT SPARSITY,HIGH UNCERTAINTY: Estimates derived from sparse administrative milestone occurrences.
CAS_CLEAN_259,SNP_CAS_CLEAN_259_S11_S19_20251212,20251212,SECTION_11_TO_SECTION_19,1.0.0-cox-production-baseline,6cab5d24dbc3587b,-2.643534,0.07111,,derived_project_type_Rural Infrastructure (-1.8411); district_Solapur (-0.8024),0,2,HIGH_UNCERTAINTY_SPARSE_EVENTS,PARTIAL — CALIBRATION NOT RELIABLE DUE TO EVENT SPARSITY,HIGH UNCERTAINTY: Estimates derived from sparse administrative milestone occurrences.
CAS_CLEAN_124,SNP_CAS_CLEAN_124_S11_S19_20251229,20251229,SECTION_11_TO_SECTION_19,1.0.0-cox-production-baseline,6cab5d24dbc3587b,-2.448502,0.086423,,derived_project_type_Rural Infrastructure (-1.8411); derived_days_in_current_stage (-0.6074),0,2,HIGH_UNCERTAINTY_SPARSE_EVENTS,PARTIAL — CALIBRATION NOT RELIABLE DUE TO EVENT SPARSITY,HIGH UNCERTAINTY: Estimates derived from sparse administrative milestone occurrences.
CAS_CLEAN_025,SNP_CAS_CLEAN_025_S11_S19_20260128,20260128,SECTION_11_TO_SECTION_19,1.0.0-cox-production-baseline,6cab5d24dbc3587b,-3.055912,0.04708,,derived_project_type_Rural Infrastructure (-1.8411); derived_days_in_current_stage (-1.2148),0,2,HIGH_UNCERTAINTY_SPARSE_EVENTS,PARTIAL — CALIBRATION NOT RELIABLE DUE TO EVENT SPARSITY,HIGH UNCERTAINTY: Estimates derived from sparse administrative milestone occurrences.
CAS_CLEAN_026,SNP_CAS_CLEAN_026_S11_S19_20260128,20260128,SECTION_11_TO_SECTION_19,1.0.0-cox-production-baseline,6cab5d24dbc3587b,-3.055912,0.04708,,derived_project_type_Rural Infrastructure (-1.8411); derived_days_in_current_stage (-1.2148),0,2,HIGH_UNCERTAINTY_SPARSE_EVENTS,PARTIAL — CALIBRATION NOT RELIABLE DUE TO EVENT SPARSITY,HIGH UNCERTAINTY: Estimates derived from sparse administrative milestone occurrences.
CAS_CLEAN_065,SNP_CAS_CLEAN_065_S11_S19_20260128,20260128,SECTION_11_TO_SECTION_19,1.0.0-cox-production-baseline,6cab5d24dbc3587b,-3.055912,0.04708,,derived_project_type_Rural Infrastructure (-1.8411); derived_days_in_current_stage (-1.2148),0,2,HIGH_UNCERTAINTY_SPARSE_EVENTS,PARTIAL — CALIBRATION NOT RELIABLE DUE TO EVENT SPARSITY,HIGH UNCERTAINTY: Estimates derived from sparse administrative milestone occurrences.
CAS_CLEAN_078,SNP_CAS_CLEAN_078_S11_S19_20260128,20260128,SECTION_11_TO_SECTION_19,1.0.0-cox-production-baseline,6cab5d24dbc3587b,-3.055912,0.04708,,derived_project_type_Rural Infrastructure (-1.8411); derived_days_in_current_stage (-1.2148),0,2,HIGH_UNCERTAINTY_SPARSE_EVENTS,PARTIAL — CALIBRATION NOT RELIABLE DUE TO EVENT SPARSITY,HIGH UNCERTAINTY: Estimates derived from sparse administrative milestone occurrences.
CAS_CLEAN_103,SNP_CAS_CLEAN_103_S11_S19_20260128,20260128,SECTION_11_TO_SECTION_19,1.0.0-cox-production-baseline,6cab5d24dbc3587b,-3.055912,0.04708,,derived_project_type_Rural Infrastructure (-1.8411); derived_days_in_current_stage (-1.2148),0,2,HIGH_UNCERTAINTY_SPARSE_EVENTS,PARTIAL — CALIBRATION NOT RELIABLE DUE TO EVENT SPARSITY,HIGH UNCERTAINTY: Estimates derived from sparse administrative milestone occurrences.
CAS_CLEAN_121,SNP_CAS_CLEAN_121_S11_S19_20260128,20260128,SECTION_11_TO_SECTION_19,1.0.0-cox-production-baseline,6cab5d24dbc3587b,-3.055912,0.04708,,derived_project_type_Rural Infrastructure (-1.8411); derived_days_in_current_stage (-1.2148),0,2,HIGH_UNCERTAINTY_SPARSE_EVENTS,PARTIAL — CALIBRATION NOT RELIABLE DUE TO EVENT SPARSITY,HIGH UNCERTAINTY: Estimates derived from sparse administrative milestone occurrences.
CAS_CLEAN_259,SNP_CAS_CLEAN_259_S11_S19_20260312,20260312,SECTION_11_TO_SECTION_19,1.0.0-cox-production-baseline,6cab5d24dbc3587b,-3.250944,0.038738,,derived_project_type_Rural Infrastructure (-1.8411); district_Solapur (-0.8024); derived_days_in_current_stage (-0.6074),0,3,HIGH_UNCERTAINTY_SPARSE_EVENTS,PARTIAL — CALIBRATION NOT RELIABLE DUE TO EVENT SPARSITY,HIGH UNCERTAINTY: Estimates derived from sparse administrative milestone occurrences.
CAS_CLEAN_124,SNP_CAS_CLEAN_124_S11_S19_20260329,20260329,SECTION_11_TO_SECTION_19,1.0.0-cox-production-baseline,6cab5d24dbc3587b,-3.055912,0.04708,,derived_project_type_Rural Infrastructure (-1.8411); derived_days_in_current_stage (-1.2148),0,2,HIGH_UNCERTAINTY_SPARSE_EVENTS,PARTIAL — CALIBRATION NOT RELIABLE DUE TO EVENT SPARSITY,HIGH UNCERTAINTY: Estimates derived from sparse administrative milestone occurrences.
CAS_CLEAN_025,SNP_CAS_CLEAN_025_S11_S19_20260428,20260428,SECTION_11_TO_SECTION_19,1.0.0-cox-production-baseline,6cab5d24dbc3587b,-3.663322,0.025647,,derived_project_type_Rural Infrastructure (-1.8411); derived_days_in_current_stage (-1.8222),0,2,HIGH_UNCERTAINTY_SPARSE_EVENTS,PARTIAL — CALIBRATION NOT RELIABLE DUE TO EVENT SPARSITY,HIGH UNCERTAINTY: Estimates derived from sparse administrative milestone occurrences.
CAS_CLEAN_026,SNP_CAS_CLEAN_026_S11_S19_20260428,20260428,SECTION_11_TO_SECTION_19,1.0.0-cox-production-baseline,6cab5d24dbc3587b,-3.663322,0.025647,,derived_project_type_Rural Infrastructure (-1.8411); derived_days_in_current_stage (-1.8222),0,2,HIGH_UNCERTAINTY_SPARSE_EVENTS,PARTIAL — CALIBRATION NOT RELIABLE DUE TO EVENT SPARSITY,HIGH UNCERTAINTY: Estimates derived from sparse administrative milestone occurrences.
CAS_CLEAN_027,SNP_CAS_CLEAN_027_S11_S19_20260428,20260428,SECTION_11_TO_SECTION_19,1.0.0-cox-production-baseline,6cab5d24dbc3587b,-1.841092,0.158644,,derived_project_type_Rural Infrastructure (-1.8411),0,1,HIGH_UNCERTAINTY_SPARSE_EVENTS,PARTIAL — CALIBRATION NOT RELIABLE DUE TO EVENT SPARSITY,HIGH UNCERTAINTY: Estimates derived from sparse administrative milestone occurrences.
CAS_CLEAN_028,SNP_CAS_CLEAN_028_S11_S19_20260428,20260428,SECTION_11_TO_SECTION_19,1.0.0-cox-production-baseline,6cab5d24dbc3587b,-1.841092,0.158644,,derived_project_type_Rural Infrastructure (-1.8411),0,1,HIGH_UNCERTAINTY_SPARSE_EVENTS,PARTIAL — CALIBRATION NOT RELIABLE DUE TO EVENT SPARSITY,HIGH UNCERTAINTY: Estimates derived from sparse administrative milestone occurrences.
CAS_CLEAN_065,SNP_CAS_CLEAN_065_S11_S19_20260428,20260428,SECTION_11_TO_SECTION_19,1.0.0-cox-production-baseline,6cab5d24dbc3587b,-3.663322,0.025647,,derived_project_type_Rural Infrastructure (-1.8411); derived_days_in_current_stage (-1.8222),0,2,HIGH_UNCERTAINTY_SPARSE_EVENTS,PARTIAL — CALIBRATION NOT RELIABLE DUE TO EVENT SPARSITY,HIGH UNCERTAINTY: Estimates derived from sparse administrative milestone occurrences.
CAS_CLEAN_078,SNP_CAS_CLEAN_078_S11_S19_20260428,20260428,SECTION_11_TO_SECTION_19,1.0.0-cox-production-baseline,6cab5d24dbc3587b,-3.663322,0.025647,,derived_project_type_Rural Infrastructure (-1.8411); derived_days_in_current_stage (-1.8222),0,2,HIGH_UNCERTAINTY_SPARSE_EVENTS,PARTIAL — CALIBRATION NOT RELIABLE DUE TO EVENT SPARSITY,HIGH UNCERTAINTY: Estimates derived from sparse administrative milestone occurrences.
CAS_CLEAN_103,SNP_CAS_CLEAN_103_S11_S19_20260428,20260428,SECTION_11_TO_SECTION_19,1.0.0-cox-production-baseline,6cab5d24dbc3587b,-3.663322,0.025647,,derived_project_type_Rural Infrastructure (-1.8411); derived_days_in_current_stage (-1.8222),0,2,HIGH_UNCERTAINTY_SPARSE_EVENTS,PARTIAL — CALIBRATION NOT RELIABLE DUE TO EVENT SPARSITY,HIGH UNCERTAINTY: Estimates derived from sparse administrative milestone occurrences.
CAS_CLEAN_121,SNP_CAS_CLEAN_121_S11_S19_20260428,20260428,SECTION_11_TO_SECTION_19,1.0.0-cox-production-baseline,6cab5d24dbc3587b,-3.663322,0.025647,,derived_project_type_Rural Infrastructure (-1.8411); derived_days_in_current_stage (-1.8222),0,2,HIGH_UNCERTAINTY_SPARSE_EVENTS,PARTIAL — CALIBRATION NOT RELIABLE DUE TO EVENT SPARSITY,HIGH UNCERTAINTY: Estimates derived from sparse administrative milestone occurrences.
CAS_CLEAN_259,SNP_CAS_CLEAN_259_S11_S19_20260610,20260610,SECTION_11_TO_SECTION_19,1.0.0-cox-production-baseline,6cab5d24dbc3587b,-3.858354,0.021103,,derived_project_type_Rural Infrastructure (-1.8411); derived_days_in_current_stage (-1.2148); district_Solapur (-0.8024),0,3,HIGH_UNCERTAINTY_SPARSE_EVENTS,PARTIAL — CALIBRATION NOT RELIABLE DUE TO EVENT SPARSITY,HIGH UNCERTAINTY: Estimates derived from sparse administrative milestone occurrences.
CAS_CLEAN_027,SNP_CAS_CLEAN_027_S11_S19_20260727,20260727,SECTION_11_TO_SECTION_19,1.0.0-cox-production-baseline,6cab5d24dbc3587b,-2.448502,0.086423,,derived_project_type_Rural Infrastructure (-1.8411); derived_days_in_current_stage (-0.6074),0,2,HIGH_UNCERTAINTY_SPARSE_EVENTS,PARTIAL — CALIBRATION NOT RELIABLE DUE TO EVENT SPARSITY,HIGH UNCERTAINTY: Estimates derived from sparse administrative milestone occurrences.
CAS_CLEAN_028,SNP_CAS_CLEAN_028_S11_S19_20260727,20260727,SECTION_11_TO_SECTION_19,1.0.0-cox-production-baseline,6cab5d24dbc3587b,-2.448502,0.086423,,derived_project_type_Rural Infrastructure (-1.8411); derived_days_in_current_stage (-0.6074),0,2,HIGH_UNCERTAINTY_SPARSE_EVENTS,PARTIAL — CALIBRATION NOT RELIABLE DUE TO EVENT SPARSITY,HIGH UNCERTAINTY: Estimates derived from sparse administrative milestone occurrences.
CAS_CLEAN_259,SNP_CAS_CLEAN_259_S11_S19_20260908,20260908,SECTION_11_TO_SECTION_19,1.0.0-cox-production-baseline,6cab5d24dbc3587b,-4.465764,0.011496,,derived_project_type_Rural Infrastructure (-1.8411); derived_days_in_current_stage (-1.8222); district_Solapur (-0.8024),0,3,HIGH_UNCERTAINTY_SPARSE_EVENTS,PARTIAL — CALIBRATION NOT RELIABLE DUE TO EVENT SPARSITY,HIGH UNCERTAINTY: Estimates derived from sparse administrative milestone occurrences.
CAS_CLEAN_030,SNP_CAS_CLEAN_030_S19_AWARD_20231222,20231222,SECTION_19_TO_AWARD,1.0.0-cox-production-baseline,260328f59192648f,-0.799224,0.449678,current_stage_SECTION_19 (+0.0392),derived_project_type_Rural Infrastructure (-0.8168); derived_notice_count (-0.0217),1,2,EXTREME_UNCERTAINTY_ZERO_EVENTS,CALIBRATION NOT RELIABLE — INSUFFICIENT EVENTS,CRITICAL: Zero target events observed in out-of-sample holdout; single-cluster train data.
CAS_CLEAN_031,SNP_CAS_CLEAN_031_S19_AWARD_20231222,20231222,SECTION_19_TO_AWARD,1.0.0-cox-production-baseline,260328f59192648f,-0.799224,0.449678,current_stage_SECTION_19 (+0.0392),derived_project_type_Rural Infrastructure (-0.8168); derived_notice_count (-0.0217),1,2,EXTREME_UNCERTAINTY_ZERO_EVENTS,CALIBRATION NOT RELIABLE — INSUFFICIENT EVENTS,CRITICAL: Zero target events observed in out-of-sample holdout; single-cluster train data.
CAS_CLEAN_111,SNP_CAS_CLEAN_111_S19_AWARD_20240307,20240307,SECTION_19_TO_AWARD,1.0.0-cox-production-baseline,260328f59192648f,-0.799224,0.449678,current_stage_SECTION_19 (+0.0392),derived_project_type_Rural Infrastructure (-0.8168); derived_notice_count (-0.0217),1,2,EXTREME_UNCERTAINTY_ZERO_EVENTS,CALIBRATION NOT RELIABLE — INSUFFICIENT EVENTS,CRITICAL: Zero target events observed in out-of-sample holdout; single-cluster train data.
CAS_CLEAN_022,SNP_CAS_CLEAN_022_S19_AWARD_20240314,20240314,SECTION_19_TO_AWARD,1.0.0-cox-production-baseline,260328f59192648f,-0.799224,0.449678,current_stage_SECTION_19 (+0.0392),derived_project_type_Rural Infrastructure (-0.8168); derived_notice_count (-0.0217),1,2,EXTREME_UNCERTAINTY_ZERO_EVENTS,CALIBRATION NOT RELIABLE — INSUFFICIENT EVENTS,CRITICAL: Zero target events observed in out-of-sample holdout; single-cluster train data.
CAS_CLEAN_030,SNP_CAS_CLEAN_030_S19_AWARD_20240321,20240321,SECTION_19_TO_AWARD,1.0.0-cox-production-baseline,260328f59192648f,-0.629304,0.532963,derived_days_since_case_initiation (+0.1100); derived_days_in_current_stage (+0.0599); current_stage_SECTION_19 (+0.0392),derived_project_type_Rural Infrastructure (-0.8168); derived_notice_count (-0.0217),3,2,EXTREME_UNCERTAINTY_ZERO_EVENTS,CALIBRATION NOT RELIABLE — INSUFFICIENT EVENTS,CRITICAL: Zero target events observed in out-of-sample holdout; single-cluster train data.
CAS_CLEAN_031,SNP_CAS_CLEAN_031_S19_AWARD_20240321,20240321,SECTION_19_TO_AWARD,1.0.0-cox-production-baseline,260328f59192648f,-0.629304,0.532963,derived_days_since_case_initiation (+0.1100); derived_days_in_current_stage (+0.0599); current_stage_SECTION_19 (+0.0392),derived_project_type_Rural Infrastructure (-0.8168); derived_notice_count (-0.0217),3,2,EXTREME_UNCERTAINTY_ZERO_EVENTS,CALIBRATION NOT RELIABLE — INSUFFICIENT EVENTS,CRITICAL: Zero target events observed in out-of-sample holdout; single-cluster train data.
CAS_CLEAN_058,SNP_CAS_CLEAN_058_S19_AWARD_20240430,20240430,SECTION_19_TO_AWARD,1.0.0-cox-production-baseline,260328f59192648f,-0.799224,0.449678,current_stage_SECTION_19 (+0.0392),derived_project_type_Rural Infrastructure (-0.8168); derived_notice_count (-0.0217),1,2,EXTREME_UNCERTAINTY_ZERO_EVENTS,CALIBRATION NOT RELIABLE — INSUFFICIENT EVENTS,CRITICAL: Zero target events observed in out-of-sample holdout; single-cluster train data.
CAS_CLEAN_059,SNP_CAS_CLEAN_059_S19_AWARD_20240430,20240430,SECTION_19_TO_AWARD,1.0.0-cox-production-baseline,260328f59192648f,-0.799224,0.449678,current_stage_SECTION_19 (+0.0392),derived_project_type_Rural Infrastructure (-0.8168); derived_notice_count (-0.0217),1,2,EXTREME_UNCERTAINTY_ZERO_EVENTS,CALIBRATION NOT RELIABLE — INSUFFICIENT EVENTS,CRITICAL: Zero target events observed in out-of-sample holdout; single-cluster train data.
CAS_CLEAN_110,SNP_CAS_CLEAN_110_S19_AWARD_20240430,20240430,SECTION_19_TO_AWARD,1.0.0-cox-production-baseline,260328f59192648f,-0.799224,0.449678,current_stage_SECTION_19 (+0.0392),derived_project_type_Rural Infrastructure (-0.8168); derived_notice_count (-0.0217),1,2,EXTREME_UNCERTAINTY_ZERO_EVENTS,CALIBRATION NOT RELIABLE — INSUFFICIENT EVENTS,CRITICAL: Zero target events observed in out-of-sample holdout; single-cluster train data.
CAS_CLEAN_111,SNP_CAS_CLEAN_111_S19_AWARD_20240605,20240605,SECTION_19_TO_AWARD,1.0.0-cox-production-baseline,260328f59192648f,-0.629304,0.532963,derived_days_since_case_initiation (+0.1100); derived_days_in_current_stage (+0.0599); current_stage_SECTION_19 (+0.0392),derived_project_type_Rural Infrastructure (-0.8168); derived_notice_count (-0.0217),3,2,EXTREME_UNCERTAINTY_ZERO_EVENTS,CALIBRATION NOT RELIABLE — INSUFFICIENT EVENTS,CRITICAL: Zero target events observed in out-of-sample holdout; single-cluster train data.
CAS_CLEAN_022,SNP_CAS_CLEAN_022_S19_AWARD_20240612,20240612,SECTION_19_TO_AWARD,1.0.0-cox-production-baseline,260328f59192648f,-0.629304,0.532963,derived_days_since_case_initiation (+0.1100); derived_days_in_current_stage (+0.0599); current_stage_SECTION_19 (+0.0392),derived_project_type_Rural Infrastructure (-0.8168); derived_notice_count (-0.0217),3,2,EXTREME_UNCERTAINTY_ZERO_EVENTS,CALIBRATION NOT RELIABLE — INSUFFICIENT EVENTS,CRITICAL: Zero target events observed in out-of-sample holdout; single-cluster train data.
CAS_CLEAN_030,SNP_CAS_CLEAN_030_S19_AWARD_20240619,20240619,SECTION_19_TO_AWARD,1.0.0-cox-production-baseline,260328f59192648f,-0.459384,0.631673,derived_days_since_case_initiation (+0.2200); derived_days_in_current_stage (+0.1199); current_stage_SECTION_19 (+0.0392),derived_project_type_Rural Infrastructure (-0.8168); derived_notice_count (-0.0217),3,2,EXTREME_UNCERTAINTY_ZERO_EVENTS,CALIBRATION NOT RELIABLE — INSUFFICIENT EVENTS,CRITICAL: Zero target events observed in out-of-sample holdout; single-cluster train data.
CAS_CLEAN_031,SNP_CAS_CLEAN_031_S19_AWARD_20240619,20240619,SECTION_19_TO_AWARD,1.0.0-cox-production-baseline,260328f59192648f,-0.459384,0.631673,derived_days_since_case_initiation (+0.2200); derived_days_in_current_stage (+0.1199); current_stage_SECTION_19 (+0.0392),derived_project_type_Rural Infrastructure (-0.8168); derived_notice_count (-0.0217),3,2,EXTREME_UNCERTAINTY_ZERO_EVENTS,CALIBRATION NOT RELIABLE — INSUFFICIENT EVENTS,CRITICAL: Zero target events observed in out-of-sample holdout; single-cluster train data.
CAS_CLEAN_058,SNP_CAS_CLEAN_058_S19_AWARD_20240729,20240729,SECTION_19_TO_AWARD,1.0.0-cox-production-baseline,260328f59192648f,-0.629304,0.532963,derived_days_since_case_initiation (+0.1100); derived_days_in_current_stage (+0.0599); current_stage_SECTION_19 (+0.0392),derived_project_type_Rural Infrastructure (-0.8168); derived_notice_count (-0.0217),3,2,EXTREME_UNCERTAINTY_ZERO_EVENTS,CALIBRATION NOT RELIABLE — INSUFFICIENT EVENTS,CRITICAL: Zero target events observed in out-of-sample holdout; single-cluster train data.
CAS_CLEAN_059,SNP_CAS_CLEAN_059_S19_AWARD_20240729,20240729,SECTION_19_TO_AWARD,1.0.0-cox-production-baseline,260328f59192648f,-0.629304,0.532963,derived_days_since_case_initiation (+0.1100); derived_days_in_current_stage (+0.0599); current_stage_SECTION_19 (+0.0392),derived_project_type_Rural Infrastructure (-0.8168); derived_notice_count (-0.0217),3,2,EXTREME_UNCERTAINTY_ZERO_EVENTS,CALIBRATION NOT RELIABLE — INSUFFICIENT EVENTS,CRITICAL: Zero target events observed in out-of-sample holdout; single-cluster train data.
CAS_CLEAN_110,SNP_CAS_CLEAN_110_S19_AWARD_20240729,20240729,SECTION_19_TO_AWARD,1.0.0-cox-production-baseline,260328f59192648f,-0.629304,0.532963,derived_days_since_case_initiation (+0.1100); derived_days_in_current_stage (+0.0599); current_stage_SECTION_19 (+0.0392),derived_project_type_Rural Infrastructure (-0.8168); derived_notice_count (-0.0217),3,2,EXTREME_UNCERTAINTY_ZERO_EVENTS,CALIBRATION NOT RELIABLE — INSUFFICIENT EVENTS,CRITICAL: Zero target events observed in out-of-sample holdout; single-cluster train data.
CAS_CLEAN_044,SNP_CAS_CLEAN_044_S19_AWARD_20240808,20240808,SECTION_19_TO_AWARD,1.0.0-cox-production-baseline,260328f59192648f,-0.799224,0.449678,current_stage_SECTION_19 (+0.0392),derived_project_type_Rural Infrastructure (-0.8168); derived_notice_count (-0.0217),1,2,EXTREME_UNCERTAINTY_ZERO_EVENTS,CALIBRATION NOT RELIABLE — INSUFFICIENT EVENTS,CRITICAL: Zero target events observed in out-of-sample holdout; single-cluster train data.
CAS_CLEAN_111,SNP_CAS_CLEAN_111_S19_AWARD_20240903,20240903,SECTION_19_TO_AWARD,1.0.0-cox-production-baseline,260328f59192648f,-0.459384,0.631673,derived_days_since_case_initiation (+0.2200); derived_days_in_current_stage (+0.1199); current_stage_SECTION_19 (+0.0392),derived_project_type_Rural Infrastructure (-0.8168); derived_notice_count (-0.0217),3,2,EXTREME_UNCERTAINTY_ZERO_EVENTS,CALIBRATION NOT RELIABLE — INSUFFICIENT EVENTS,CRITICAL: Zero target events observed in out-of-sample holdout; single-cluster train data.
CAS_CLEAN_109,SNP_CAS_CLEAN_109_S19_AWARD_20240906,20240906,SECTION_19_TO_AWARD,1.0.0-cox-production-baseline,260328f59192648f,-0.799224,0.449678,current_stage_SECTION_19 (+0.0392),derived_project_type_Rural Infrastructure (-0.8168); derived_notice_count (-0.0217),1,2,EXTREME_UNCERTAINTY_ZERO_EVENTS,CALIBRATION NOT RELIABLE — INSUFFICIENT EVENTS,CRITICAL: Zero target events observed in out-of-sample holdout; single-cluster train data.
CAS_CLEAN_022,SNP_CAS_CLEAN_022_S19_AWARD_20240910,20240910,SECTION_19_TO_AWARD,1.0.0-cox-production-baseline,260328f59192648f,-0.459384,0.631673,derived_days_since_case_initiation (+0.2200); derived_days_in_current_stage (+0.1199); current_stage_SECTION_19 (+0.0392),derived_project_type_Rural Infrastructure (-0.8168); derived_notice_count (-0.0217),3,2,EXTREME_UNCERTAINTY_ZERO_EVENTS,CALIBRATION NOT RELIABLE — INSUFFICIENT EVENTS,CRITICAL: Zero target events observed in out-of-sample holdout; single-cluster train data.
CAS_CLEAN_030,SNP_CAS_CLEAN_030_S19_AWARD_20240917,20240917,SECTION_19_TO_AWARD,1.0.0-cox-production-baseline,260328f59192648f,-0.289464,0.748665,derived_days_since_case_initiation (+0.3299); derived_days_in_current_stage (+0.1798); current_stage_SECTION_19 (+0.0392),derived_project_type_Rural Infrastructure (-0.8168); derived_notice_count (-0.0217),3,2,EXTREME_UNCERTAINTY_ZERO_EVENTS,CALIBRATION NOT RELIABLE — INSUFFICIENT EVENTS,CRITICAL: Zero target events observed in out-of-sample holdout; single-cluster train data.
CAS_CLEAN_031,SNP_CAS_CLEAN_031_S19_AWARD_20240917,20240917,SECTION_19_TO_AWARD,1.0.0-cox-production-baseline,260328f59192648f,-0.289464,0.748665,derived_days_since_case_initiation (+0.3299); derived_days_in_current_stage (+0.1798); current_stage_SECTION_19 (+0.0392),derived_project_type_Rural Infrastructure (-0.8168); derived_notice_count (-0.0217),3,2,EXTREME_UNCERTAINTY_ZERO_EVENTS,CALIBRATION NOT RELIABLE — INSUFFICIENT EVENTS,CRITICAL: Zero target events observed in out-of-sample holdout; single-cluster train data.
CAS_CLEAN_058,SNP_CAS_CLEAN_058_S19_AWARD_20241027,20241027,SECTION_19_TO_AWARD,1.0.0-cox-production-baseline,260328f59192648f,-0.459384,0.631673,derived_days_since_case_initiation (+0.2200); derived_days_in_current_stage (+0.1199); current_stage_SECTION_19 (+0.0392),derived_project_type_Rural Infrastructure (-0.8168); derived_notice_count (-0.0217),3,2,EXTREME_UNCERTAINTY_ZERO_EVENTS,CALIBRATION NOT RELIABLE — INSUFFICIENT EVENTS,CRITICAL: Zero target events observed in out-of-sample holdout; single-cluster train data.
CAS_CLEAN_059,SNP_CAS_CLEAN_059_S19_AWARD_20241027,20241027,SECTION_19_TO_AWARD,1.0.0-cox-production-baseline,260328f59192648f,-0.459384,0.631673,derived_days_since_case_initiation (+0.2200); derived_days_in_current_stage (+0.1199); current_stage_SECTION_19 (+0.0392),derived_project_type_Rural Infrastructure (-0.8168); derived_notice_count (-0.0217),3,2,EXTREME_UNCERTAINTY_ZERO_EVENTS,CALIBRATION NOT RELIABLE — INSUFFICIENT EVENTS,CRITICAL: Zero target events observed in out-of-sample holdout; single-cluster train data.
CAS_CLEAN_110,SNP_CAS_CLEAN_110_S19_AWARD_20241027,20241027,SECTION_19_TO_AWARD,1.0.0-cox-production-baseline,260328f59192648f,-0.459384,0.631673,derived_days_since_case_initiation (+0.2200); derived_days_in_current_stage (+0.1199); current_stage_SECTION_19 (+0.0392),derived_project_type_Rural Infrastructure (-0.8168); derived_notice_count (-0.0217),3,2,EXTREME_UNCERTAINTY_ZERO_EVENTS,CALIBRATION NOT RELIABLE — INSUFFICIENT EVENTS,CRITICAL: Zero target events observed in out-of-sample holdout; single-cluster train data.
CAS_CLEAN_044,SNP_CAS_CLEAN_044_S19_AWARD_20241106,20241106,SECTION_19_TO_AWARD,1.0.0-cox-production-baseline,260328f59192648f,-0.629304,0.532963,derived_days_since_case_initiation (+0.1100); derived_days_in_current_stage (+0.0599); current_stage_SECTION_19 (+0.0392),derived_project_type_Rural Infrastructure (-0.8168); derived_notice_count (-0.0217),3,2,EXTREME_UNCERTAINTY_ZERO_EVENTS,CALIBRATION NOT RELIABLE — INSUFFICIENT EVENTS,CRITICAL: Zero target events observed in out-of-sample holdout; single-cluster train data.
CAS_CLEAN_111,SNP_CAS_CLEAN_111_S19_AWARD_20241202,20241202,SECTION_19_TO_AWARD,1.0.0-cox-production-baseline,260328f59192648f,-0.289464,0.748665,derived_days_since_case_initiation (+0.3299); derived_days_in_current_stage (+0.1798); current_stage_SECTION_19 (+0.0392),derived_project_type_Rural Infrastructure (-0.8168); derived_notice_count (-0.0217),3,2,EXTREME_UNCERTAINTY_ZERO_EVENTS,CALIBRATION NOT RELIABLE — INSUFFICIENT EVENTS,CRITICAL: Zero target events observed in out-of-sample holdout; single-cluster train data.
CAS_CLEAN_109,SNP_CAS_CLEAN_109_S19_AWARD_20241205,20241205,SECTION_19_TO_AWARD,1.0.0-cox-production-baseline,260328f59192648f,-0.629304,0.532963,derived_days_since_case_initiation (+0.1100); derived_days_in_current_stage (+0.0599); current_stage_SECTION_19 (+0.0392),derived_project_type_Rural Infrastructure (-0.8168); derived_notice_count (-0.0217),3,2,EXTREME_UNCERTAINTY_ZERO_EVENTS,CALIBRATION NOT RELIABLE — INSUFFICIENT EVENTS,CRITICAL: Zero target events observed in out-of-sample holdout; single-cluster train data.
CAS_CLEAN_022,SNP_CAS_CLEAN_022_S19_AWARD_20241209,20241209,SECTION_19_TO_AWARD,1.0.0-cox-production-baseline,260328f59192648f,-0.289464,0.748665,derived_days_since_case_initiation (+0.3299); derived_days_in_current_stage (+0.1798); current_stage_SECTION_19 (+0.0392),derived_project_type_Rural Infrastructure (-0.8168); derived_notice_count (-0.0217),3,2,EXTREME_UNCERTAINTY_ZERO_EVENTS,CALIBRATION NOT RELIABLE — INSUFFICIENT EVENTS,CRITICAL: Zero target events observed in out-of-sample holdout; single-cluster train data.
CAS_CLEAN_030,SNP_CAS_CLEAN_030_S19_AWARD_20241221,20241221,SECTION_19_TO_AWARD,1.0.0-cox-production-baseline,260328f59192648f,-0.110104,0.895741,derived_days_since_case_initiation (+0.4460); derived_days_in_current_stage (+0.2431); current_stage_SECTION_19 (+0.0392),derived_project_type_Rural Infrastructure (-0.8168); derived_notice_count (-0.0217),3,2,EXTREME_UNCERTAINTY_ZERO_EVENTS,CALIBRATION NOT RELIABLE — INSUFFICIENT EVENTS,CRITICAL: Zero target events observed in out-of-sample holdout; single-cluster train data.
CAS_CLEAN_031,SNP_CAS_CLEAN_031_S19_AWARD_20241221,20241221,SECTION_19_TO_AWARD,1.0.0-cox-production-baseline,260328f59192648f,-0.110104,0.895741,derived_days_since_case_initiation (+0.4460); derived_days_in_current_stage (+0.2431); current_stage_SECTION_19 (+0.0392),derived_project_type_Rural Infrastructure (-0.8168); derived_notice_count (-0.0217),3,2,EXTREME_UNCERTAINTY_ZERO_EVENTS,CALIBRATION NOT RELIABLE — INSUFFICIENT EVENTS,CRITICAL: Zero target events observed in out-of-sample holdout; single-cluster train data.
CAS_CLEAN_139,SNP_CAS_CLEAN_139_S19_AWARD_20250102,20250102,SECTION_19_TO_AWARD,1.0.0-cox-production-baseline,260328f59192648f,-0.799224,0.449678,current_stage_SECTION_19 (+0.0392),derived_project_type_Rural Infrastructure (-0.8168); derived_notice_count (-0.0217),1,2,EXTREME_UNCERTAINTY_ZERO_EVENTS,CALIBRATION NOT RELIABLE — INSUFFICIENT EVENTS,CRITICAL: Zero target events observed in out-of-sample holdout; single-cluster train data.
CAS_CLEAN_047,SNP_CAS_CLEAN_047_S19_AWARD_20250114,20250114,SECTION_19_TO_AWARD,1.0.0-cox-production-baseline,260328f59192648f,-0.860164,0.423093,,derived_project_type_Rural Infrastructure (-0.8168); derived_notice_count (-0.0434),0,2,EXTREME_UNCERTAINTY_ZERO_EVENTS,CALIBRATION NOT RELIABLE — INSUFFICIENT EVENTS,CRITICAL: Zero target events observed in out-of-sample holdout; single-cluster train data.
CAS_CLEAN_085,SNP_CAS_CLEAN_085_S19_AWARD_20250114,20250114,SECTION_19_TO_AWARD,1.0.0-cox-production-baseline,260328f59192648f,-0.860164,0.423093,,derived_project_type_Rural Infrastructure (-0.8168); derived_notice_count (-0.0434),0,2,EXTREME_UNCERTAINTY_ZERO_EVENTS,CALIBRATION NOT RELIABLE — INSUFFICIENT EVENTS,CRITICAL: Zero target events observed in out-of-sample holdout; single-cluster train data.
CAS_CLEAN_038,SNP_CAS_CLEAN_038_S19_AWARD_20250121,20250121,SECTION_19_TO_AWARD,1.0.0-cox-production-baseline,260328f59192648f,-0.799224,0.449678,current_stage_SECTION_19 (+0.0392),derived_project_type_Rural Infrastructure (-0.8168); derived_notice_count (-0.0217),1,2,EXTREME_UNCERTAINTY_ZERO_EVENTS,CALIBRATION NOT RELIABLE — INSUFFICIENT EVENTS,CRITICAL: Zero target events observed in out-of-sample holdout; single-cluster train data.
CAS_CLEAN_131,SNP_CAS_CLEAN_131_S19_AWARD_20250121,20250121,SECTION_19_TO_AWARD,1.0.0-cox-production-baseline,260328f59192648f,-0.799224,0.449678,current_stage_SECTION_19 (+0.0392),derived_project_type_Rural Infrastructure (-0.8168); derived_notice_count (-0.0217),1,2,EXTREME_UNCERTAINTY_ZERO_EVENTS,CALIBRATION NOT RELIABLE — INSUFFICIENT EVENTS,CRITICAL: Zero target events observed in out-of-sample holdout; single-cluster train data.
CAS_CLEAN_058,SNP_CAS_CLEAN_058_S19_AWARD_20250125,20250125,SECTION_19_TO_AWARD,1.0.0-cox-production-baseline,260328f59192648f,-0.289464,0.748665,derived_days_since_case_initiation (+0.3299); derived_days_in_current_stage (+0.1798); current_stage_SECTION_19 (+0.0392),derived_project_type_Rural Infrastructure (-0.8168); derived_notice_count (-0.0217),3,2,EXTREME_UNCERTAINTY_ZERO_EVENTS,CALIBRATION NOT RELIABLE — INSUFFICIENT EVENTS,CRITICAL: Zero target events observed in out-of-sample holdout; single-cluster train data.
CAS_CLEAN_059,SNP_CAS_CLEAN_059_S19_AWARD_20250125,20250125,SECTION_19_TO_AWARD,1.0.0-cox-production-baseline,260328f59192648f,-0.289464,0.748665,derived_days_since_case_initiation (+0.3299); derived_days_in_current_stage (+0.1798); current_stage_SECTION_19 (+0.0392),derived_project_type_Rural Infrastructure (-0.8168); derived_notice_count (-0.0217),3,2,EXTREME_UNCERTAINTY_ZERO_EVENTS,CALIBRATION NOT RELIABLE — INSUFFICIENT EVENTS,CRITICAL: Zero target events observed in out-of-sample holdout; single-cluster train data.
CAS_CLEAN_110,SNP_CAS_CLEAN_110_S19_AWARD_20250125,20250125,SECTION_19_TO_AWARD,1.0.0-cox-production-baseline,260328f59192648f,-0.289464,0.748665,derived_days_since_case_initiation (+0.3299); derived_days_in_current_stage (+0.1798); current_stage_SECTION_19 (+0.0392),derived_project_type_Rural Infrastructure (-0.8168); derived_notice_count (-0.0217),3,2,EXTREME_UNCERTAINTY_ZERO_EVENTS,CALIBRATION NOT RELIABLE — INSUFFICIENT EVENTS,CRITICAL: Zero target events observed in out-of-sample holdout; single-cluster train data.
CAS_CLEAN_044,SNP_CAS_CLEAN_044_S19_AWARD_20250204,20250204,SECTION_19_TO_AWARD,1.0.0-cox-production-baseline,260328f59192648f,-0.459384,0.631673,derived_days_since_case_initiation (+0.2200); derived_days_in_current_stage (+0.1199); current_stage_SECTION_19 (+0.0392),derived_project_type_Rural Infrastructure (-0.8168); derived_notice_count (-0.0217),3,2,EXTREME_UNCERTAINTY_ZERO_EVENTS,CALIBRATION NOT RELIABLE — INSUFFICIENT EVENTS,CRITICAL: Zero target events observed in out-of-sample holdout; single-cluster train data.
CAS_CLEAN_088,SNP_CAS_CLEAN_088_S19_AWARD_20250212,20250212,SECTION_19_TO_AWARD,1.0.0-cox-production-baseline,260328f59192648f,-0.799224,0.449678,current_stage_SECTION_19 (+0.0392),derived_project_type_Rural Infrastructure (-0.8168); derived_notice_count (-0.0217),1,2,EXTREME_UNCERTAINTY_ZERO_EVENTS,CALIBRATION NOT RELIABLE — INSUFFICIENT EVENTS,CRITICAL: Zero target events observed in out-of-sample holdout; single-cluster train data.
CAS_CLEAN_040,SNP_CAS_CLEAN_040_S19_AWARD_20250225,20250225,SECTION_19_TO_AWARD,1.0.0-cox-production-baseline,260328f59192648f,-0.799224,0.449678,current_stage_SECTION_19 (+0.0392),derived_project_type_Rural Infrastructure (-0.8168); derived_notice_count (-0.0217),1,2,EXTREME_UNCERTAINTY_ZERO_EVENTS,CALIBRATION NOT RELIABLE — INSUFFICIENT EVENTS,CRITICAL: Zero target events observed in out-of-sample holdout; single-cluster train data.
CAS_CLEAN_117,SNP_CAS_CLEAN_117_S19_AWARD_20250303,20250303,SECTION_19_TO_AWARD,1.0.0-cox-production-baseline,260328f59192648f,0.017558,1.017713,current_stage_SECTION_19 (+0.0392),derived_notice_count (-0.0217),1,1,EXTREME_UNCERTAINTY_ZERO_EVENTS,CALIBRATION NOT RELIABLE — INSUFFICIENT EVENTS,CRITICAL: Zero target events observed in out-of-sample holdout; single-cluster train data.
CAS_CLEAN_109,SNP_CAS_CLEAN_109_S19_AWARD_20250305,20250305,SECTION_19_TO_AWARD,1.0.0-cox-production-baseline,260328f59192648f,-0.459384,0.631673,derived_days_since_case_initiation (+0.2200); derived_days_in_current_stage (+0.1199); current_stage_SECTION_19 (+0.0392),derived_project_type_Rural Infrastructure (-0.8168); derived_notice_count (-0.0217),3,2,EXTREME_UNCERTAINTY_ZERO_EVENTS,CALIBRATION NOT RELIABLE — INSUFFICIENT EVENTS,CRITICAL: Zero target events observed in out-of-sample holdout; single-cluster train data.
CAS_CLEAN_111,SNP_CAS_CLEAN_111_S19_AWARD_20250307,20250307,SECTION_19_TO_AWARD,1.0.0-cox-production-baseline,260328f59192648f,-0.110104,0.895741,derived_days_since_case_initiation (+0.4460); derived_days_in_current_stage (+0.2431); current_stage_SECTION_19 (+0.0392),derived_project_type_Rural Infrastructure (-0.8168); derived_notice_count (-0.0217),3,2,EXTREME_UNCERTAINTY_ZERO_EVENTS,CALIBRATION NOT RELIABLE — INSUFFICIENT EVENTS,CRITICAL: Zero target events observed in out-of-sample holdout; single-cluster train data.
CAS_CLEAN_022,SNP_CAS_CLEAN_022_S19_AWARD_20250314,20250314,SECTION_19_TO_AWARD,1.0.0-cox-production-baseline,260328f59192648f,-0.110104,0.895741,derived_days_since_case_initiation (+0.4460); derived_days_in_current_stage (+0.2431); current_stage_SECTION_19 (+0.0392),derived_project_type_Rural Infrastructure (-0.8168); derived_notice_count (-0.0217),3,2,EXTREME_UNCERTAINTY_ZERO_EVENTS,CALIBRATION NOT RELIABLE — INSUFFICIENT EVENTS,CRITICAL: Zero target events observed in out-of-sample holdout; single-cluster train data.
CAS_CLEAN_139,SNP_CAS_CLEAN_139_S19_AWARD_20250402,20250402,SECTION_19_TO_AWARD,1.0.0-cox-production-baseline,260328f59192648f,-0.629304,0.532963,derived_days_since_case_initiation (+0.1100); derived_days_in_current_stage (+0.0599); current_stage_SECTION_19 (+0.0392),derived_project_type_Rural Infrastructure (-0.8168); derived_notice_count (-0.0217),3,2,EXTREME_UNCERTAINTY_ZERO_EVENTS,CALIBRATION NOT RELIABLE — INSUFFICIENT EVENTS,CRITICAL: Zero target events observed in out-of-sample holdout; single-cluster train data.
CAS_CLEAN_047,SNP_CAS_CLEAN_047_S19_AWARD_20250414,20250414,SECTION_19_TO_AWARD,1.0.0-cox-production-baseline,260328f59192648f,-0.690244,0.501454,derived_days_since_case_initiation (+0.1100); derived_days_in_current_stage (+0.0599),derived_project_type_Rural Infrastructure (-0.8168); derived_notice_count (-0.0434),2,2,EXTREME_UNCERTAINTY_ZERO_EVENTS,CALIBRATION NOT RELIABLE — INSUFFICIENT EVENTS,CRITICAL: Zero target events observed in out-of-sample holdout; single-cluster train data.
CAS_CLEAN_085,SNP_CAS_CLEAN_085_S19_AWARD_20250414,20250414,SECTION_19_TO_AWARD,1.0.0-cox-production-baseline,260328f59192648f,-0.690244,0.501454,derived_days_since_case_initiation (+0.1100); derived_days_in_current_stage (+0.0599),derived_project_type_Rural Infrastructure (-0.8168); derived_notice_count (-0.0434),2,2,EXTREME_UNCERTAINTY_ZERO_EVENTS,CALIBRATION NOT RELIABLE — INSUFFICIENT EVENTS,CRITICAL: Zero target events observed in out-of-sample holdout; single-cluster train data.
CAS_CLEAN_038,SNP_CAS_CLEAN_038_S19_AWARD_20250421,20250421,SECTION_19_TO_AWARD,1.0.0-cox-production-baseline,260328f59192648f,-0.629304,0.532963,derived_days_since_case_initiation (+0.1100); derived_days_in_current_stage (+0.0599); current_stage_SECTION_19 (+0.0392),derived_project_type_Rural Infrastructure (-0.8168); derived_notice_count (-0.0217),3,2,EXTREME_UNCERTAINTY_ZERO_EVENTS,CALIBRATION NOT RELIABLE — INSUFFICIENT EVENTS,CRITICAL: Zero target events observed in out-of-sample holdout; single-cluster train data.
CAS_CLEAN_131,SNP_CAS_CLEAN_131_S19_AWARD_20250421,20250421,SECTION_19_TO_AWARD,1.0.0-cox-production-baseline,260328f59192648f,-0.629304,0.532963,derived_days_since_case_initiation (+0.1100); derived_days_in_current_stage (+0.0599); current_stage_SECTION_19 (+0.0392),derived_project_type_Rural Infrastructure (-0.8168); derived_notice_count (-0.0217),3,2,EXTREME_UNCERTAINTY_ZERO_EVENTS,CALIBRATION NOT RELIABLE — INSUFFICIENT EVENTS,CRITICAL: Zero target events observed in out-of-sample holdout; single-cluster train data.
CAS_CLEAN_058,SNP_CAS_CLEAN_058_S19_AWARD_20250430,20250430,SECTION_19_TO_AWARD,1.0.0-cox-production-baseline,260328f59192648f,-0.110104,0.895741,derived_days_since_case_initiation (+0.4460); derived_days_in_current_stage (+0.2431); current_stage_SECTION_19 (+0.0392),derived_project_type_Rural Infrastructure (-0.8168); derived_notice_count (-0.0217),3,2,EXTREME_UNCERTAINTY_ZERO_EVENTS,CALIBRATION NOT RELIABLE — INSUFFICIENT EVENTS,CRITICAL: Zero target events observed in out-of-sample holdout; single-cluster train data.
CAS_CLEAN_059,SNP_CAS_CLEAN_059_S19_AWARD_20250430,20250430,SECTION_19_TO_AWARD,1.0.0-cox-production-baseline,260328f59192648f,-0.110104,0.895741,derived_days_since_case_initiation (+0.4460); derived_days_in_current_stage (+0.2431); current_stage_SECTION_19 (+0.0392),derived_project_type_Rural Infrastructure (-0.8168); derived_notice_count (-0.0217),3,2,EXTREME_UNCERTAINTY_ZERO_EVENTS,CALIBRATION NOT RELIABLE — INSUFFICIENT EVENTS,CRITICAL: Zero target events observed in out-of-sample holdout; single-cluster train data.
CAS_CLEAN_110,SNP_CAS_CLEAN_110_S19_AWARD_20250430,20250430,SECTION_19_TO_AWARD,1.0.0-cox-production-baseline,260328f59192648f,-0.110104,0.895741,derived_days_since_case_initiation (+0.4460); derived_days_in_current_stage (+0.2431); current_stage_SECTION_19 (+0.0392),derived_project_type_Rural Infrastructure (-0.8168); derived_notice_count (-0.0217),3,2,EXTREME_UNCERTAINTY_ZERO_EVENTS,CALIBRATION NOT RELIABLE — INSUFFICIENT EVENTS,CRITICAL: Zero target events observed in out-of-sample holdout; single-cluster train data.
CAS_CLEAN_044,SNP_CAS_CLEAN_044_S19_AWARD_20250505,20250505,SECTION_19_TO_AWARD,1.0.0-cox-production-baseline,260328f59192648f,-0.289464,0.748665,derived_days_since_case_initiation (+0.3299); derived_days_in_current_stage (+0.1798); current_stage_SECTION_19 (+0.0392),derived_project_type_Rural Infrastructure (-0.8168); derived_notice_count (-0.0217),3,2,EXTREME_UNCERTAINTY_ZERO_EVENTS,CALIBRATION NOT RELIABLE — INSUFFICIENT EVENTS,CRITICAL: Zero target events observed in out-of-sample holdout; single-cluster train data.
CAS_CLEAN_088,SNP_CAS_CLEAN_088_S19_AWARD_20250513,20250513,SECTION_19_TO_AWARD,1.0.0-cox-production-baseline,260328f59192648f,-0.629304,0.532963,derived_days_since_case_initiation (+0.1100); derived_days_in_current_stage (+0.0599); current_stage_SECTION_19 (+0.0392),derived_project_type_Rural Infrastructure (-0.8168); derived_notice_count (-0.0217),3,2,EXTREME_UNCERTAINTY_ZERO_EVENTS,CALIBRATION NOT RELIABLE — INSUFFICIENT EVENTS,CRITICAL: Zero target events observed in out-of-sample holdout; single-cluster train data.
CAS_CLEAN_040,SNP_CAS_CLEAN_040_S19_AWARD_20250526,20250526,SECTION_19_TO_AWARD,1.0.0-cox-production-baseline,260328f59192648f,-0.629304,0.532963,derived_days_since_case_initiation (+0.1100); derived_days_in_current_stage (+0.0599); current_stage_SECTION_19 (+0.0392),derived_project_type_Rural Infrastructure (-0.8168); derived_notice_count (-0.0217),3,2,EXTREME_UNCERTAINTY_ZERO_EVENTS,CALIBRATION NOT RELIABLE — INSUFFICIENT EVENTS,CRITICAL: Zero target events observed in out-of-sample holdout; single-cluster train data.
CAS_CLEAN_117,SNP_CAS_CLEAN_117_S19_AWARD_20250601,20250601,SECTION_19_TO_AWARD,1.0.0-cox-production-baseline,260328f59192648f,0.187478,1.206204,derived_days_since_case_initiation (+0.1100); derived_days_in_current_stage (+0.0599); current_stage_SECTION_19 (+0.0392),derived_notice_count (-0.0217),3,1,EXTREME_UNCERTAINTY_ZERO_EVENTS,CALIBRATION NOT RELIABLE — INSUFFICIENT EVENTS,CRITICAL: Zero target events observed in out-of-sample holdout; single-cluster train data.
CAS_CLEAN_109,SNP_CAS_CLEAN_109_S19_AWARD_20250603,20250603,SECTION_19_TO_AWARD,1.0.0-cox-production-baseline,260328f59192648f,-0.289464,0.748665,derived_days_since_case_initiation (+0.3299); derived_days_in_current_stage (+0.1798); current_stage_SECTION_19 (+0.0392),derived_project_type_Rural Infrastructure (-0.8168); derived_notice_count (-0.0217),3,2,EXTREME_UNCERTAINTY_ZERO_EVENTS,CALIBRATION NOT RELIABLE — INSUFFICIENT EVENTS,CRITICAL: Zero target events observed in out-of-sample holdout; single-cluster train data.
CAS_CLEAN_070,SNP_CAS_CLEAN_070_S19_AWARD_20250619,20250619,SECTION_19_TO_AWARD,1.0.0-cox-production-baseline,260328f59192648f,3.835623,46.322277,has_statutory_extension (+2.2997); extension_count (+1.3656); derived_days_since_case_initiation (+0.1527); current_stage_SECTION_19 (+0.0392),derived_notice_count (-0.0217),4,1,EXTREME_UNCERTAINTY_ZERO_EVENTS,CALIBRATION NOT RELIABLE — INSUFFICIENT EVENTS,CRITICAL: Zero target events observed in out-of-sample holdout; single-cluster train data.
CAS_CLEAN_139,SNP_CAS_CLEAN_139_S19_AWARD_20250701,20250701,SECTION_19_TO_AWARD,1.0.0-cox-production-baseline,260328f59192648f,-0.459384,0.631673,derived_days_since_case_initiation (+0.2200); derived_days_in_current_stage (+0.1199); current_stage_SECTION_19 (+0.0392),derived_project_type_Rural Infrastructure (-0.8168); derived_notice_count (-0.0217),3,2,EXTREME_UNCERTAINTY_ZERO_EVENTS,CALIBRATION NOT RELIABLE — INSUFFICIENT EVENTS,CRITICAL: Zero target events observed in out-of-sample holdout; single-cluster train data.
CAS_CLEAN_034,SNP_CAS_CLEAN_034_S19_AWARD_20250703,20250703,SECTION_19_TO_AWARD,1.0.0-cox-production-baseline,260328f59192648f,-0.799224,0.449678,current_stage_SECTION_19 (+0.0392),derived_project_type_Rural Infrastructure (-0.8168); derived_notice_count (-0.0217),1,2,EXTREME_UNCERTAINTY_ZERO_EVENTS,CALIBRATION NOT RELIABLE — INSUFFICIENT EVENTS,CRITICAL: Zero target events observed in out-of-sample holdout; single-cluster train data.
CAS_CLEAN_047,SNP_CAS_CLEAN_047_S19_AWARD_20250713,20250713,SECTION_19_TO_AWARD,1.0.0-cox-production-baseline,260328f59192648f,-0.520324,0.594328,derived_days_since_case_initiation (+0.2200); derived_days_in_current_stage (+0.1199),derived_project_type_Rural Infrastructure (-0.8168); derived_notice_count (-0.0434),2,2,EXTREME_UNCERTAINTY_ZERO_EVENTS,CALIBRATION NOT RELIABLE — INSUFFICIENT EVENTS,CRITICAL: Zero target events observed in out-of-sample holdout; single-cluster train data.
CAS_CLEAN_085,SNP_CAS_CLEAN_085_S19_AWARD_20250713,20250713,SECTION_19_TO_AWARD,1.0.0-cox-production-baseline,260328f59192648f,-0.520324,0.594328,derived_days_since_case_initiation (+0.2200); derived_days_in_current_stage (+0.1199),derived_project_type_Rural Infrastructure (-0.8168); derived_notice_count (-0.0434),2,2,EXTREME_UNCERTAINTY_ZERO_EVENTS,CALIBRATION NOT RELIABLE — INSUFFICIENT EVENTS,CRITICAL: Zero target events observed in out-of-sample holdout; single-cluster train data.
CAS_CLEAN_038,SNP_CAS_CLEAN_038_S19_AWARD_20250720,20250720,SECTION_19_TO_AWARD,1.0.0-cox-production-baseline,260328f59192648f,-0.459384,0.631673,derived_days_since_case_initiation (+0.2200); derived_days_in_current_stage (+0.1199); current_stage_SECTION_19 (+0.0392),derived_project_type_Rural Infrastructure (-0.8168); derived_notice_count (-0.0217),3,2,EXTREME_UNCERTAINTY_ZERO_EVENTS,CALIBRATION NOT RELIABLE — INSUFFICIENT EVENTS,CRITICAL: Zero target events observed in out-of-sample holdout; single-cluster train data.
CAS_CLEAN_131,SNP_CAS_CLEAN_131_S19_AWARD_20250720,20250720,SECTION_19_TO_AWARD,1.0.0-cox-production-baseline,260328f59192648f,-0.459384,0.631673,derived_days_since_case_initiation (+0.2200); derived_days_in_current_stage (+0.1199); current_stage_SECTION_19 (+0.0392),derived_project_type_Rural Infrastructure (-0.8168); derived_notice_count (-0.0217),3,2,EXTREME_UNCERTAINTY_ZERO_EVENTS,CALIBRATION NOT RELIABLE — INSUFFICIENT EVENTS,CRITICAL: Zero target events observed in out-of-sample holdout; single-cluster train data.
CAS_CLEAN_108,SNP_CAS_CLEAN_108_S19_AWARD_20250729,20250729,SECTION_19_TO_AWARD,1.0.0-cox-production-baseline,260328f59192648f,-0.799224,0.449678,current_stage_SECTION_19 (+0.0392),derived_project_type_Rural Infrastructure (-0.8168); derived_notice_count (-0.0217),1,2,EXTREME_UNCERTAINTY_ZERO_EVENTS,CALIBRATION NOT RELIABLE — INSUFFICIENT EVENTS,CRITICAL: Zero target events observed in out-of-sample holdout; single-cluster train data.
CAS_CLEAN_044,SNP_CAS_CLEAN_044_S19_AWARD_20250808,20250808,SECTION_19_TO_AWARD,1.0.0-cox-production-baseline,260328f59192648f,-0.110104,0.895741,derived_days_since_case_initiation (+0.4460); derived_days_in_current_stage (+0.2431); current_stage_SECTION_19 (+0.0392),derived_project_type_Rural Infrastructure (-0.8168); derived_notice_count (-0.0217),3,2,EXTREME_UNCERTAINTY_ZERO_EVENTS,CALIBRATION NOT RELIABLE — INSUFFICIENT EVENTS,CRITICAL: Zero target events observed in out-of-sample holdout; single-cluster train data.
CAS_CLEAN_088,SNP_CAS_CLEAN_088_S19_AWARD_20250811,20250811,SECTION_19_TO_AWARD,1.0.0-cox-production-baseline,260328f59192648f,-0.459384,0.631673,derived_days_since_case_initiation (+0.2200); derived_days_in_current_stage (+0.1199); current_stage_SECTION_19 (+0.0392),derived_project_type_Rural Infrastructure (-0.8168); derived_notice_count (-0.0217),3,2,EXTREME_UNCERTAINTY_ZERO_EVENTS,CALIBRATION NOT RELIABLE — INSUFFICIENT EVENTS,CRITICAL: Zero target events observed in out-of-sample holdout; single-cluster train data.
CAS_CLEAN_040,SNP_CAS_CLEAN_040_S19_AWARD_20250824,20250824,SECTION_19_TO_AWARD,1.0.0-cox-production-baseline,260328f59192648f,-0.459384,0.631673,derived_days_since_case_initiation (+0.2200); derived_days_in_current_stage (+0.1199); current_stage_SECTION_19 (+0.0392),derived_project_type_Rural Infrastructure (-0.8168); derived_notice_count (-0.0217),3,2,EXTREME_UNCERTAINTY_ZERO_EVENTS,CALIBRATION NOT RELIABLE — INSUFFICIENT EVENTS,CRITICAL: Zero target events observed in out-of-sample holdout; single-cluster train data.
CAS_CLEAN_117,SNP_CAS_CLEAN_117_S19_AWARD_20250830,20250830,SECTION_19_TO_AWARD,1.0.0-cox-production-baseline,260328f59192648f,0.357398,1.429605,derived_days_since_case_initiation (+0.2200); derived_days_in_current_stage (+0.1199); current_stage_SECTION_19 (+0.0392),derived_notice_count (-0.0217),3,1,EXTREME_UNCERTAINTY_ZERO_EVENTS,CALIBRATION NOT RELIABLE — INSUFFICIENT EVENTS,CRITICAL: Zero target events observed in out-of-sample holdout; single-cluster train data.
CAS_CLEAN_109,SNP_CAS_CLEAN_109_S19_AWARD_20250906,20250906,SECTION_19_TO_AWARD,1.0.0-cox-production-baseline,260328f59192648f,-0.110104,0.895741,derived_days_since_case_initiation (+0.4460); derived_days_in_current_stage (+0.2431); current_stage_SECTION_19 (+0.0392),derived_project_type_Rural Infrastructure (-0.8168); derived_notice_count (-0.0217),3,2,EXTREME_UNCERTAINTY_ZERO_EVENTS,CALIBRATION NOT RELIABLE — INSUFFICIENT EVENTS,CRITICAL: Zero target events observed in out-of-sample holdout; single-cluster train data.
CAS_CLEAN_070,SNP_CAS_CLEAN_070_S19_AWARD_20250917,20250917,SECTION_19_TO_AWARD,1.0.0-cox-production-baseline,260328f59192648f,4.005543,54.901628,has_statutory_extension (+2.2997); extension_count (+1.3656); derived_days_since_case_initiation (+0.2627); derived_days_in_current_stage (+0.0599); current_stage_SECTION_19 (+0.0392),derived_notice_count (-0.0217),5,1,EXTREME_UNCERTAINTY_ZERO_EVENTS,CALIBRATION NOT RELIABLE — INSUFFICIENT EVENTS,CRITICAL: Zero target events observed in out-of-sample holdout; single-cluster train data.
CAS_CLEAN_139,SNP_CAS_CLEAN_139_S19_AWARD_20250929,20250929,SECTION_19_TO_AWARD,1.0.0-cox-production-baseline,260328f59192648f,-0.289464,0.748665,derived_days_since_case_initiation (+0.3299); derived_days_in_current_stage (+0.1798); current_stage_SECTION_19 (+0.0392),derived_project_type_Rural Infrastructure (-0.8168); derived_notice_count (-0.0217),3,2,EXTREME_UNCERTAINTY_ZERO_EVENTS,CALIBRATION NOT RELIABLE — INSUFFICIENT EVENTS,CRITICAL: Zero target events observed in out-of-sample holdout; single-cluster train data.
CAS_CLEAN_034,SNP_CAS_CLEAN_034_S19_AWARD_20251001,20251001,SECTION_19_TO_AWARD,1.0.0-cox-production-baseline,260328f59192648f,-0.629304,0.532963,derived_days_since_case_initiation (+0.1100); derived_days_in_current_stage (+0.0599); current_stage_SECTION_19 (+0.0392),derived_project_type_Rural Infrastructure (-0.8168); derived_notice_count (-0.0217),3,2,EXTREME_UNCERTAINTY_ZERO_EVENTS,CALIBRATION NOT RELIABLE — INSUFFICIENT EVENTS,CRITICAL: Zero target events observed in out-of-sample holdout; single-cluster train data.
CAS_CLEAN_047,SNP_CAS_CLEAN_047_S19_AWARD_20251011,20251011,SECTION_19_TO_AWARD,1.0.0-cox-production-baseline,260328f59192648f,-0.350404,0.704403,derived_days_since_case_initiation (+0.3299); derived_days_in_current_stage (+0.1798),derived_project_type_Rural Infrastructure (-0.8168); derived_notice_count (-0.0434),2,2,EXTREME_UNCERTAINTY_ZERO_EVENTS,CALIBRATION NOT RELIABLE — INSUFFICIENT EVENTS,CRITICAL: Zero target events observed in out-of-sample holdout; single-cluster train data.
CAS_CLEAN_085,SNP_CAS_CLEAN_085_S19_AWARD_20251011,20251011,SECTION_19_TO_AWARD,1.0.0-cox-production-baseline,260328f59192648f,-0.350404,0.704403,derived_days_since_case_initiation (+0.3299); derived_days_in_current_stage (+0.1798),derived_project_type_Rural Infrastructure (-0.8168); derived_notice_count (-0.0434),2,2,EXTREME_UNCERTAINTY_ZERO_EVENTS,CALIBRATION NOT RELIABLE — INSUFFICIENT EVENTS,CRITICAL: Zero target events observed in out-of-sample holdout; single-cluster train data.
CAS_CLEAN_038,SNP_CAS_CLEAN_038_S19_AWARD_20251018,20251018,SECTION_19_TO_AWARD,1.0.0-cox-production-baseline,260328f59192648f,-0.289464,0.748665,derived_days_since_case_initiation (+0.3299); derived_days_in_current_stage (+0.1798); current_stage_SECTION_19 (+0.0392),derived_project_type_Rural Infrastructure (-0.8168); derived_notice_count (-0.0217),3,2,EXTREME_UNCERTAINTY_ZERO_EVENTS,CALIBRATION NOT RELIABLE — INSUFFICIENT EVENTS,CRITICAL: Zero target events observed in out-of-sample holdout; single-cluster train data.
CAS_CLEAN_131,SNP_CAS_CLEAN_131_S19_AWARD_20251018,20251018,SECTION_19_TO_AWARD,1.0.0-cox-production-baseline,260328f59192648f,-0.289464,0.748665,derived_days_since_case_initiation (+0.3299); derived_days_in_current_stage (+0.1798); current_stage_SECTION_19 (+0.0392),derived_project_type_Rural Infrastructure (-0.8168); derived_notice_count (-0.0217),3,2,EXTREME_UNCERTAINTY_ZERO_EVENTS,CALIBRATION NOT RELIABLE — INSUFFICIENT EVENTS,CRITICAL: Zero target events observed in out-of-sample holdout; single-cluster train data.
CAS_CLEAN_108,SNP_CAS_CLEAN_108_S19_AWARD_20251027,20251027,SECTION_19_TO_AWARD,1.0.0-cox-production-baseline,260328f59192648f,-0.629304,0.532963,derived_days_since_case_initiation (+0.1100); derived_days_in_current_stage (+0.0599); current_stage_SECTION_19 (+0.0392),derived_project_type_Rural Infrastructure (-0.8168); derived_notice_count (-0.0217),3,2,EXTREME_UNCERTAINTY_ZERO_EVENTS,CALIBRATION NOT RELIABLE — INSUFFICIENT EVENTS,CRITICAL: Zero target events observed in out-of-sample holdout; single-cluster train data.
CAS_CLEAN_088,SNP_CAS_CLEAN_088_S19_AWARD_20251109,20251109,SECTION_19_TO_AWARD,1.0.0-cox-production-baseline,260328f59192648f,-0.289464,0.748665,derived_days_since_case_initiation (+0.3299); derived_days_in_current_stage (+0.1798); current_stage_SECTION_19 (+0.0392),derived_project_type_Rural Infrastructure (-0.8168); derived_notice_count (-0.0217),3,2,EXTREME_UNCERTAINTY_ZERO_EVENTS,CALIBRATION NOT RELIABLE — INSUFFICIENT EVENTS,CRITICAL: Zero target events observed in out-of-sample holdout; single-cluster train data.
CAS_CLEAN_053,SNP_CAS_CLEAN_053_S19_AWARD_20251118,20251118,SECTION_19_TO_AWARD,1.0.0-cox-production-baseline,260328f59192648f,-0.799224,0.449678,current_stage_SECTION_19 (+0.0392),derived_project_type_Rural Infrastructure (-0.8168); derived_notice_count (-0.0217),1,2,EXTREME_UNCERTAINTY_ZERO_EVENTS,CALIBRATION NOT RELIABLE — INSUFFICIENT EVENTS,CRITICAL: Zero target events observed in out-of-sample holdout; single-cluster train data.
CAS_CLEAN_070,SNP_CAS_CLEAN_070_S19_AWARD_20251118,20251118,SECTION_19_TO_AWARD,1.0.0-cox-production-baseline,260328f59192648f,5.48824,241.831209,extension_count (+2.7313); has_statutory_extension (+2.2997); derived_days_since_case_initiation (+0.3385); derived_days_in_current_stage (+0.1012); current_stage_SECTION_19 (+0.0392),derived_notice_count (-0.0217),5,1,EXTREME_UNCERTAINTY_ZERO_EVENTS,CALIBRATION NOT RELIABLE — INSUFFICIENT EVENTS,CRITICAL: Zero target events observed in out-of-sample holdout; single-cluster train data.
CAS_CLEAN_040,SNP_CAS_CLEAN_040_S19_AWARD_20251122,20251122,SECTION_19_TO_AWARD,1.0.0-cox-production-baseline,260328f59192648f,-0.289464,0.748665,derived_days_since_case_initiation (+0.3299); derived_days_in_current_stage (+0.1798); current_stage_SECTION_19 (+0.0392),derived_project_type_Rural Infrastructure (-0.8168); derived_notice_count (-0.0217),3,2,EXTREME_UNCERTAINTY_ZERO_EVENTS,CALIBRATION NOT RELIABLE — INSUFFICIENT EVENTS,CRITICAL: Zero target events observed in out-of-sample holdout; single-cluster train data.
CAS_CLEAN_003,SNP_CAS_CLEAN_003_S19_AWARD_20251128,20251128,SECTION_19_TO_AWARD,1.0.0-cox-production-baseline,260328f59192648f,-0.748817,0.472926,derived_days_since_case_initiation (+0.0721); current_stage_SECTION_19 (+0.0392),derived_project_type_Rural Infrastructure (-0.8168); derived_notice_count (-0.0434),2,2,EXTREME_UNCERTAINTY_ZERO_EVENTS,CALIBRATION NOT RELIABLE — INSUFFICIENT EVENTS,CRITICAL: Zero target events observed in out-of-sample holdout; single-cluster train data.
CAS_CLEAN_006,SNP_CAS_CLEAN_006_S19_AWARD_20251128,20251128,SECTION_19_TO_AWARD,1.0.0-cox-production-baseline,260328f59192648f,-0.747595,0.473504,derived_days_since_case_initiation (+0.0733); current_stage_SECTION_19 (+0.0392),derived_project_type_Rural Infrastructure (-0.8168); derived_notice_count (-0.0434),2,2,EXTREME_UNCERTAINTY_ZERO_EVENTS,CALIBRATION NOT RELIABLE — INSUFFICIENT EVENTS,CRITICAL: Zero target events observed in out-of-sample holdout; single-cluster train data.
CAS_CLEAN_014,SNP_CAS_CLEAN_014_S19_AWARD_20251128,20251128,SECTION_19_TO_AWARD,1.0.0-cox-production-baseline,260328f59192648f,-0.747595,0.473504,derived_days_since_case_initiation (+0.0733); current_stage_SECTION_19 (+0.0392),derived_project_type_Rural Infrastructure (-0.8168); derived_notice_count (-0.0434),2,2,EXTREME_UNCERTAINTY_ZERO_EVENTS,CALIBRATION NOT RELIABLE — INSUFFICIENT EVENTS,CRITICAL: Zero target events observed in out-of-sample holdout; single-cluster train data.
CAS_CLEAN_019,SNP_CAS_CLEAN_019_S19_AWARD_20251128,20251128,SECTION_19_TO_AWARD,1.0.0-cox-production-baseline,260328f59192648f,-0.747595,0.473504,derived_days_since_case_initiation (+0.0733); current_stage_SECTION_19 (+0.0392),derived_project_type_Rural Infrastructure (-0.8168); derived_notice_count (-0.0434),2,2,EXTREME_UNCERTAINTY_ZERO_EVENTS,CALIBRATION NOT RELIABLE — INSUFFICIENT EVENTS,CRITICAL: Zero target events observed in out-of-sample holdout; single-cluster train data.
CAS_CLEAN_060,SNP_CAS_CLEAN_060_S19_AWARD_20251128,20251128,SECTION_19_TO_AWARD,1.0.0-cox-production-baseline,260328f59192648f,0.069187,1.071637,derived_days_since_case_initiation (+0.0733); current_stage_SECTION_19 (+0.0392),derived_notice_count (-0.0434),2,1,EXTREME_UNCERTAINTY_ZERO_EVENTS,CALIBRATION NOT RELIABLE — INSUFFICIENT EVENTS,CRITICAL: Zero target events observed in out-of-sample holdout; single-cluster train data.
CAS_CLEAN_080,SNP_CAS_CLEAN_080_S19_AWARD_20251128,20251128,SECTION_19_TO_AWARD,1.0.0-cox-production-baseline,260328f59192648f,-0.747595,0.473504,derived_days_since_case_initiation (+0.0733); current_stage_SECTION_19 (+0.0392),derived_project_type_Rural Infrastructure (-0.8168); derived_notice_count (-0.0434),2,2,EXTREME_UNCERTAINTY_ZERO_EVENTS,CALIBRATION NOT RELIABLE — INSUFFICIENT EVENTS,CRITICAL: Zero target events observed in out-of-sample holdout; single-cluster train data.
CAS_CLEAN_117,SNP_CAS_CLEAN_117_S19_AWARD_20251128,20251128,SECTION_19_TO_AWARD,1.0.0-cox-production-baseline,260328f59192648f,0.527318,1.694382,derived_days_since_case_initiation (+0.3299); derived_days_in_current_stage (+0.1798); current_stage_SECTION_19 (+0.0392),derived_notice_count (-0.0217),3,1,EXTREME_UNCERTAINTY_ZERO_EVENTS,CALIBRATION NOT RELIABLE — INSUFFICIENT EVENTS,CRITICAL: Zero target events observed in out-of-sample holdout; single-cluster train data.
CAS_CLEAN_129,SNP_CAS_CLEAN_129_S19_AWARD_20251128,20251128,SECTION_19_TO_AWARD,1.0.0-cox-production-baseline,260328f59192648f,-0.747595,0.473504,derived_days_since_case_initiation (+0.0733); current_stage_SECTION_19 (+0.0392),derived_project_type_Rural Infrastructure (-0.8168); derived_notice_count (-0.0434),2,2,EXTREME_UNCERTAINTY_ZERO_EVENTS,CALIBRATION NOT RELIABLE — INSUFFICIENT EVENTS,CRITICAL: Zero target events observed in out-of-sample holdout; single-cluster train data.
CAS_CLEAN_146,SNP_CAS_CLEAN_146_S19_AWARD_20251128,20251128,SECTION_19_TO_AWARD,1.0.0-cox-production-baseline,260328f59192648f,-0.747595,0.473504,derived_days_since_case_initiation (+0.0733); current_stage_SECTION_19 (+0.0392),derived_project_type_Rural Infrastructure (-0.8168); derived_notice_count (-0.0434),2,2,EXTREME_UNCERTAINTY_ZERO_EVENTS,CALIBRATION NOT RELIABLE — INSUFFICIENT EVENTS,CRITICAL: Zero target events observed in out-of-sample holdout; single-cluster train data.
CAS_CLEAN_147,SNP_CAS_CLEAN_147_S19_AWARD_20251128,20251128,SECTION_19_TO_AWARD,1.0.0-cox-production-baseline,260328f59192648f,-0.747595,0.473504,derived_days_since_case_initiation (+0.0733); current_stage_SECTION_19 (+0.0392),derived_project_type_Rural Infrastructure (-0.8168); derived_notice_count (-0.0434),2,2,EXTREME_UNCERTAINTY_ZERO_EVENTS,CALIBRATION NOT RELIABLE — INSUFFICIENT EVENTS,CRITICAL: Zero target events observed in out-of-sample holdout; single-cluster train data.
CAS_CLEAN_015,SNP_CAS_CLEAN_015_S19_AWARD_20251215,20251215,SECTION_19_TO_AWARD,1.0.0-cox-production-baseline,260328f59192648f,-0.723155,0.485219,derived_days_since_case_initiation (+0.0978); current_stage_SECTION_19 (+0.0392),derived_project_type_Rural Infrastructure (-0.8168); derived_notice_count (-0.0434),2,2,EXTREME_UNCERTAINTY_ZERO_EVENTS,CALIBRATION NOT RELIABLE — INSUFFICIENT EVENTS,CRITICAL: Zero target events observed in out-of-sample holdout; single-cluster train data.
CAS_CLEAN_045,SNP_CAS_CLEAN_045_S19_AWARD_20251215,20251215,SECTION_19_TO_AWARD,1.0.0-cox-production-baseline,260328f59192648f,-0.714601,0.489387,derived_days_since_case_initiation (+0.1063); current_stage_SECTION_19 (+0.0392),derived_project_type_Rural Infrastructure (-0.8168); derived_notice_count (-0.0434),2,2,EXTREME_UNCERTAINTY_ZERO_EVENTS,CALIBRATION NOT RELIABLE — INSUFFICIENT EVENTS,CRITICAL: Zero target events observed in out-of-sample holdout; single-cluster train data.
CAS_CLEAN_076,SNP_CAS_CLEAN_076_S19_AWARD_20251215,20251215,SECTION_19_TO_AWARD,1.0.0-cox-production-baseline,260328f59192648f,-0.714601,0.489387,derived_days_since_case_initiation (+0.1063); current_stage_SECTION_19 (+0.0392),derived_project_type_Rural Infrastructure (-0.8168); derived_notice_count (-0.0434),2,2,EXTREME_UNCERTAINTY_ZERO_EVENTS,CALIBRATION NOT RELIABLE — INSUFFICIENT EVENTS,CRITICAL: Zero target events observed in out-of-sample holdout; single-cluster train data.
CAS_CLEAN_114,SNP_CAS_CLEAN_114_S19_AWARD_20251215,20251215,SECTION_19_TO_AWARD,1.0.0-cox-production-baseline,260328f59192648f,-0.714601,0.489387,derived_days_since_case_initiation (+0.1063); current_stage_SECTION_19 (+0.0392),derived_project_type_Rural Infrastructure (-0.8168); derived_notice_count (-0.0434),2,2,EXTREME_UNCERTAINTY_ZERO_EVENTS,CALIBRATION NOT RELIABLE — INSUFFICIENT EVENTS,CRITICAL: Zero target events observed in out-of-sample holdout; single-cluster train data.
CAS_CLEAN_132,SNP_CAS_CLEAN_132_S19_AWARD_20251215,20251215,SECTION_19_TO_AWARD,1.0.0-cox-production-baseline,260328f59192648f,-0.799224,0.449678,current_stage_SECTION_19 (+0.0392),derived_project_type_Rural Infrastructure (-0.8168); derived_notice_count (-0.0217),1,2,EXTREME_UNCERTAINTY_ZERO_EVENTS,CALIBRATION NOT RELIABLE — INSUFFICIENT EVENTS,CRITICAL: Zero target events observed in out-of-sample holdout; single-cluster train data.
CAS_CLEAN_134,SNP_CAS_CLEAN_134_S19_AWARD_20251215,20251215,SECTION_19_TO_AWARD,1.0.0-cox-production-baseline,260328f59192648f,-0.799224,0.449678,current_stage_SECTION_19 (+0.0392),derived_project_type_Rural Infrastructure (-0.8168); derived_notice_count (-0.0217),1,2,EXTREME_UNCERTAINTY_ZERO_EVENTS,CALIBRATION NOT RELIABLE — INSUFFICIENT EVENTS,CRITICAL: Zero target events observed in out-of-sample holdout; single-cluster train data.
CAS_CLEAN_070,SNP_CAS_CLEAN_070_S19_AWARD_20251216,20251216,SECTION_19_TO_AWARD,1.0.0-cox-production-baseline,260328f59192648f,5.541104,254.959319,extension_count (+2.7313); has_statutory_extension (+2.2997); derived_days_since_case_initiation (+0.3727); derived_days_in_current_stage (+0.1199); current_stage_SECTION_19 (+0.0392),derived_notice_count (-0.0217),5,1,EXTREME_UNCERTAINTY_ZERO_EVENTS,CALIBRATION NOT RELIABLE — INSUFFICIENT EVENTS,CRITICAL: Zero target events observed in out-of-sample holdout; single-cluster train data.
CAS_CLEAN_160,SNP_CAS_CLEAN_160_S19_AWARD_20251219,20251219,SECTION_19_TO_AWARD,1.0.0-cox-production-baseline,260328f59192648f,-0.799224,0.449678,current_stage_SECTION_19 (+0.0392),derived_project_type_Rural Infrastructure (-0.8168); derived_notice_count (-0.0217),1,2,EXTREME_UNCERTAINTY_ZERO_EVENTS,CALIBRATION NOT RELIABLE — INSUFFICIENT EVENTS,CRITICAL: Zero target events observed in out-of-sample holdout; single-cluster train data.
CAS_CLEAN_161,SNP_CAS_CLEAN_161_S19_AWARD_20251219,20251219,SECTION_19_TO_AWARD,1.0.0-cox-production-baseline,260328f59192648f,-0.799224,0.449678,current_stage_SECTION_19 (+0.0392),derived_project_type_Rural Infrastructure (-0.8168); derived_notice_count (-0.0217),1,2,EXTREME_UNCERTAINTY_ZERO_EVENTS,CALIBRATION NOT RELIABLE — INSUFFICIENT EVENTS,CRITICAL: Zero target events observed in out-of-sample holdout; single-cluster train data.
CAS_CLEAN_162,SNP_CAS_CLEAN_162_S19_AWARD_20251219,20251219,SECTION_19_TO_AWARD,1.0.0-cox-production-baseline,260328f59192648f,-0.799224,0.449678,current_stage_SECTION_19 (+0.0392),derived_project_type_Rural Infrastructure (-0.8168); derived_notice_count (-0.0217),1,2,EXTREME_UNCERTAINTY_ZERO_EVENTS,CALIBRATION NOT RELIABLE — INSUFFICIENT EVENTS,CRITICAL: Zero target events observed in out-of-sample holdout; single-cluster train data.
CAS_CLEAN_163,SNP_CAS_CLEAN_163_S19_AWARD_20251219,20251219,SECTION_19_TO_AWARD,1.0.0-cox-production-baseline,260328f59192648f,-0.799224,0.449678,current_stage_SECTION_19 (+0.0392),derived_project_type_Rural Infrastructure (-0.8168); derived_notice_count (-0.0217),1,2,EXTREME_UNCERTAINTY_ZERO_EVENTS,CALIBRATION NOT RELIABLE — INSUFFICIENT EVENTS,CRITICAL: Zero target events observed in out-of-sample holdout; single-cluster train data.
CAS_CLEAN_034,SNP_CAS_CLEAN_034_S19_AWARD_20251230,20251230,SECTION_19_TO_AWARD,1.0.0-cox-production-baseline,260328f59192648f,-0.459384,0.631673,derived_days_since_case_initiation (+0.2200); derived_days_in_current_stage (+0.1199); current_stage_SECTION_19 (+0.0392),derived_project_type_Rural Infrastructure (-0.8168); derived_notice_count (-0.0217),3,2,EXTREME_UNCERTAINTY_ZERO_EVENTS,CALIBRATION NOT RELIABLE — INSUFFICIENT EVENTS,CRITICAL: Zero target events observed in out-of-sample holdout; single-cluster train data.
CAS_CLEAN_139,SNP_CAS_CLEAN_139_S19_AWARD_20260102,20260102,SECTION_19_TO_AWARD,1.0.0-cox-production-baseline,260328f59192648f,-0.110104,0.895741,derived_days_since_case_initiation (+0.4460); derived_days_in_current_stage (+0.2431); current_stage_SECTION_19 (+0.0392),derived_project_type_Rural Infrastructure (-0.8168); derived_notice_count (-0.0217),3,2,EXTREME_UNCERTAINTY_ZERO_EVENTS,CALIBRATION NOT RELIABLE — INSUFFICIENT EVENTS,CRITICAL: Zero target events observed in out-of-sample holdout; single-cluster train data.
CAS_CLEAN_003,SNP_CAS_CLEAN_003_S19_AWARD_20260112,20260112,SECTION_19_TO_AWARD,1.0.0-cox-production-baseline,260328f59192648f,-0.773856,0.461231,derived_days_since_case_initiation (+0.1271),derived_project_type_Rural Infrastructure (-0.8168); derived_notice_count (-0.0651); current_stage_SECTION_21 (-0.0191),1,3,EXTREME_UNCERTAINTY_ZERO_EVENTS,CALIBRATION NOT RELIABLE — INSUFFICIENT EVENTS,CRITICAL: Zero target events observed in out-of-sample holdout; single-cluster train data.
CAS_CLEAN_006,SNP_CAS_CLEAN_006_S19_AWARD_20260112,20260112,SECTION_19_TO_AWARD,1.0.0-cox-production-baseline,260328f59192648f,-0.772634,0.461795,derived_days_since_case_initiation (+0.1283),derived_project_type_Rural Infrastructure (-0.8168); derived_notice_count (-0.0651); current_stage_SECTION_21 (-0.0191),1,3,EXTREME_UNCERTAINTY_ZERO_EVENTS,CALIBRATION NOT RELIABLE — INSUFFICIENT EVENTS,CRITICAL: Zero target events observed in out-of-sample holdout; single-cluster train data.
CAS_CLEAN_014,SNP_CAS_CLEAN_014_S19_AWARD_20260112,20260112,SECTION_19_TO_AWARD,1.0.0-cox-production-baseline,260328f59192648f,-0.772634,0.461795,derived_days_since_case_initiation (+0.1283),derived_project_type_Rural Infrastructure (-0.8168); derived_notice_count (-0.0651); current_stage_SECTION_21 (-0.0191),1,3,EXTREME_UNCERTAINTY_ZERO_EVENTS,CALIBRATION NOT RELIABLE — INSUFFICIENT EVENTS,CRITICAL: Zero target events observed in out-of-sample holdout; single-cluster train data.
CAS_CLEAN_019,SNP_CAS_CLEAN_019_S19_AWARD_20260112,20260112,SECTION_19_TO_AWARD,1.0.0-cox-production-baseline,260328f59192648f,-0.772634,0.461795,derived_days_since_case_initiation (+0.1283),derived_project_type_Rural Infrastructure (-0.8168); derived_notice_count (-0.0651); current_stage_SECTION_21 (-0.0191),1,3,EXTREME_UNCERTAINTY_ZERO_EVENTS,CALIBRATION NOT RELIABLE — INSUFFICIENT EVENTS,CRITICAL: Zero target events observed in out-of-sample holdout; single-cluster train data.
CAS_CLEAN_060,SNP_CAS_CLEAN_060_S19_AWARD_20260112,20260112,SECTION_19_TO_AWARD,1.0.0-cox-production-baseline,260328f59192648f,0.044148,1.045137,derived_days_since_case_initiation (+0.1283),derived_notice_count (-0.0651); current_stage_SECTION_21 (-0.0191),1,2,EXTREME_UNCERTAINTY_ZERO_EVENTS,CALIBRATION NOT RELIABLE — INSUFFICIENT EVENTS,CRITICAL: Zero target events observed in out-of-sample holdout; single-cluster train data.
CAS_CLEAN_080,SNP_CAS_CLEAN_080_S19_AWARD_20260112,20260112,SECTION_19_TO_AWARD,1.0.0-cox-production-baseline,260328f59192648f,-0.772634,0.461795,derived_days_since_case_initiation (+0.1283),derived_project_type_Rural Infrastructure (-0.8168); derived_notice_count (-0.0651); current_stage_SECTION_21 (-0.0191),1,3,EXTREME_UNCERTAINTY_ZERO_EVENTS,CALIBRATION NOT RELIABLE — INSUFFICIENT EVENTS,CRITICAL: Zero target events observed in out-of-sample holdout; single-cluster train data.
CAS_CLEAN_129,SNP_CAS_CLEAN_129_S19_AWARD_20260112,20260112,SECTION_19_TO_AWARD,1.0.0-cox-production-baseline,260328f59192648f,-0.772634,0.461795,derived_days_since_case_initiation (+0.1283),derived_project_type_Rural Infrastructure (-0.8168); derived_notice_count (-0.0651); current_stage_SECTION_21 (-0.0191),1,3,EXTREME_UNCERTAINTY_ZERO_EVENTS,CALIBRATION NOT RELIABLE — INSUFFICIENT EVENTS,CRITICAL: Zero target events observed in out-of-sample holdout; single-cluster train data.
CAS_CLEAN_146,SNP_CAS_CLEAN_146_S19_AWARD_20260112,20260112,SECTION_19_TO_AWARD,1.0.0-cox-production-baseline,260328f59192648f,-0.772634,0.461795,derived_days_since_case_initiation (+0.1283),derived_project_type_Rural Infrastructure (-0.8168); derived_notice_count (-0.0651); current_stage_SECTION_21 (-0.0191),1,3,EXTREME_UNCERTAINTY_ZERO_EVENTS,CALIBRATION NOT RELIABLE — INSUFFICIENT EVENTS,CRITICAL: Zero target events observed in out-of-sample holdout; single-cluster train data.
CAS_CLEAN_147,SNP_CAS_CLEAN_147_S19_AWARD_20260112,20260112,SECTION_19_TO_AWARD,1.0.0-cox-production-baseline,260328f59192648f,-0.772634,0.461795,derived_days_since_case_initiation (+0.1283),derived_project_type_Rural Infrastructure (-0.8168); derived_notice_count (-0.0651); current_stage_SECTION_21 (-0.0191),1,3,EXTREME_UNCERTAINTY_ZERO_EVENTS,CALIBRATION NOT RELIABLE — INSUFFICIENT EVENTS,CRITICAL: Zero target events observed in out-of-sample holdout; single-cluster train data.
CAS_CLEAN_047,SNP_CAS_CLEAN_047_S19_AWARD_20260114,20260114,SECTION_19_TO_AWARD,1.0.0-cox-production-baseline,260328f59192648f,-0.171044,0.842784,derived_days_since_case_initiation (+0.4460); derived_days_in_current_stage (+0.2431),derived_project_type_Rural Infrastructure (-0.8168); derived_notice_count (-0.0434),2,2,EXTREME_UNCERTAINTY_ZERO_EVENTS,CALIBRATION NOT RELIABLE — INSUFFICIENT EVENTS,CRITICAL: Zero target events observed in out-of-sample holdout; single-cluster train data.
CAS_CLEAN_085,SNP_CAS_CLEAN_085_S19_AWARD_20260114,20260114,SECTION_19_TO_AWARD,1.0.0-cox-production-baseline,260328f59192648f,-0.171044,0.842784,derived_days_since_case_initiation (+0.4460); derived_days_in_current_stage (+0.2431),derived_project_type_Rural Infrastructure (-0.8168); derived_notice_count (-0.0434),2,2,EXTREME_UNCERTAINTY_ZERO_EVENTS,CALIBRATION NOT RELIABLE — INSUFFICIENT EVENTS,CRITICAL: Zero target events observed in out-of-sample holdout; single-cluster train data.
CAS_CLEAN_015,SNP_CAS_CLEAN_015_S19_AWARD_20260119,20260119,SECTION_19_TO_AWARD,1.0.0-cox-production-baseline,260328f59192648f,-0.760414,0.467473,derived_days_since_case_initiation (+0.1405),derived_project_type_Rural Infrastructure (-0.8168); derived_notice_count (-0.0651); current_stage_SECTION_21 (-0.0191),1,3,EXTREME_UNCERTAINTY_ZERO_EVENTS,CALIBRATION NOT RELIABLE — INSUFFICIENT EVENTS,CRITICAL: Zero target events observed in out-of-sample holdout; single-cluster train data.
CAS_CLEAN_045,SNP_CAS_CLEAN_045_S19_AWARD_20260119,20260119,SECTION_19_TO_AWARD,1.0.0-cox-production-baseline,260328f59192648f,-0.75186,0.471489,derived_days_since_case_initiation (+0.1491),derived_project_type_Rural Infrastructure (-0.8168); derived_notice_count (-0.0651); current_stage_SECTION_21 (-0.0191),1,3,EXTREME_UNCERTAINTY_ZERO_EVENTS,CALIBRATION NOT RELIABLE — INSUFFICIENT EVENTS,CRITICAL: Zero target events observed in out-of-sample holdout; single-cluster train data.
CAS_CLEAN_076,SNP_CAS_CLEAN_076_S19_AWARD_20260119,20260119,SECTION_19_TO_AWARD,1.0.0-cox-production-baseline,260328f59192648f,-0.75186,0.471489,derived_days_since_case_initiation (+0.1491),derived_project_type_Rural Infrastructure (-0.8168); derived_notice_count (-0.0651); current_stage_SECTION_21 (-0.0191),1,3,EXTREME_UNCERTAINTY_ZERO_EVENTS,CALIBRATION NOT RELIABLE — INSUFFICIENT EVENTS,CRITICAL: Zero target events observed in out-of-sample holdout; single-cluster train data.
CAS_CLEAN_134,SNP_CAS_CLEAN_134_S19_AWARD_20260119,20260119,SECTION_19_TO_AWARD,1.0.0-cox-production-baseline,260328f59192648f,-0.836483,0.433232,derived_days_since_case_initiation (+0.0428),derived_project_type_Rural Infrastructure (-0.8168); derived_notice_count (-0.0434); current_stage_SECTION_21 (-0.0191),1,3,EXTREME_UNCERTAINTY_ZERO_EVENTS,CALIBRATION NOT RELIABLE — INSUFFICIENT EVENTS,CRITICAL: Zero target events observed in out-of-sample holdout; single-cluster train data.
CAS_CLEAN_051,SNP_CAS_CLEAN_051_S19_AWARD_20260120,20260120,SECTION_19_TO_AWARD,1.0.0-cox-production-baseline,260328f59192648f,-0.799224,0.449678,current_stage_SECTION_19 (+0.0392),derived_project_type_Rural Infrastructure (-0.8168); derived_notice_count (-0.0217),1,2,EXTREME_UNCERTAINTY_ZERO_EVENTS,CALIBRATION NOT RELIABLE — INSUFFICIENT EVENTS,CRITICAL: Zero target events observed in out-of-sample holdout; single-cluster train data.
CAS_CLEAN_038,SNP_CAS_CLEAN_038_S19_AWARD_20260121,20260121,SECTION_19_TO_AWARD,1.0.0-cox-production-baseline,260328f59192648f,-0.110104,0.895741,derived_days_since_case_initiation (+0.4460); derived_days_in_current_stage (+0.2431); current_stage_SECTION_19 (+0.0392),derived_project_type_Rural Infrastructure (-0.8168); derived_notice_count (-0.0217),3,2,EXTREME_UNCERTAINTY_ZERO_EVENTS,CALIBRATION NOT RELIABLE — INSUFFICIENT EVENTS,CRITICAL: Zero target events observed in out-of-sample holdout; single-cluster train data.
CAS_CLEAN_131,SNP_CAS_CLEAN_131_S19_AWARD_20260121,20260121,SECTION_19_TO_AWARD,1.0.0-cox-production-baseline,260328f59192648f,-0.110104,0.895741,derived_days_since_case_initiation (+0.4460); derived_days_in_current_stage (+0.2431); current_stage_SECTION_19 (+0.0392),derived_project_type_Rural Infrastructure (-0.8168); derived_notice_count (-0.0217),3,2,EXTREME_UNCERTAINTY_ZERO_EVENTS,CALIBRATION NOT RELIABLE — INSUFFICIENT EVENTS,CRITICAL: Zero target events observed in out-of-sample holdout; single-cluster train data.
CAS_CLEAN_108,SNP_CAS_CLEAN_108_S19_AWARD_20260125,20260125,SECTION_19_TO_AWARD,1.0.0-cox-production-baseline,260328f59192648f,-0.459384,0.631673,derived_days_since_case_initiation (+0.2200); derived_days_in_current_stage (+0.1199); current_stage_SECTION_19 (+0.0392),derived_project_type_Rural Infrastructure (-0.8168); derived_notice_count (-0.0217),3,2,EXTREME_UNCERTAINTY_ZERO_EVENTS,CALIBRATION NOT RELIABLE — INSUFFICIENT EVENTS,CRITICAL: Zero target events observed in out-of-sample holdout; single-cluster train data.
CAS_CLEAN_011,SNP_CAS_CLEAN_011_S19_AWARD_20260202,20260202,SECTION_19_TO_AWARD,1.0.0-cox-production-baseline,260328f59192648f,-0.799224,0.449678,current_stage_SECTION_19 (+0.0392),derived_project_type_Rural Infrastructure (-0.8168); derived_notice_count (-0.0217),1,2,EXTREME_UNCERTAINTY_ZERO_EVENTS,CALIBRATION NOT RELIABLE — INSUFFICIENT EVENTS,CRITICAL: Zero target events observed in out-of-sample holdout; single-cluster train data.
CAS_CLEAN_088,SNP_CAS_CLEAN_088_S19_AWARD_20260212,20260212,SECTION_19_TO_AWARD,1.0.0-cox-production-baseline,260328f59192648f,-0.110104,0.895741,derived_days_since_case_initiation (+0.4460); derived_days_in_current_stage (+0.2431); current_stage_SECTION_19 (+0.0392),derived_project_type_Rural Infrastructure (-0.8168); derived_notice_count (-0.0217),3,2,EXTREME_UNCERTAINTY_ZERO_EVENTS,CALIBRATION NOT RELIABLE — INSUFFICIENT EVENTS,CRITICAL: Zero target events observed in out-of-sample holdout; single-cluster train data.
CAS_CLEAN_053,SNP_CAS_CLEAN_053_S19_AWARD_20260216,20260216,SECTION_19_TO_AWARD,1.0.0-cox-production-baseline,260328f59192648f,-0.629304,0.532963,derived_days_since_case_initiation (+0.1100); derived_days_in_current_stage (+0.0599); current_stage_SECTION_19 (+0.0392),derived_project_type_Rural Infrastructure (-0.8168); derived_notice_count (-0.0217),3,2,EXTREME_UNCERTAINTY_ZERO_EVENTS,CALIBRATION NOT RELIABLE — INSUFFICIENT EVENTS,CRITICAL: Zero target events observed in out-of-sample holdout; single-cluster train data.
CAS_CLEAN_040,SNP_CAS_CLEAN_040_S19_AWARD_20260225,20260225,SECTION_19_TO_AWARD,1.0.0-cox-production-baseline,260328f59192648f,-0.110104,0.895741,derived_days_since_case_initiation (+0.4460); derived_days_in_current_stage (+0.2431); current_stage_SECTION_19 (+0.0392),derived_project_type_Rural Infrastructure (-0.8168); derived_notice_count (-0.0217),3,2,EXTREME_UNCERTAINTY_ZERO_EVENTS,CALIBRATION NOT RELIABLE — INSUFFICIENT EVENTS,CRITICAL: Zero target events observed in out-of-sample holdout; single-cluster train data.
CAS_CLEAN_003,SNP_CAS_CLEAN_003_S19_AWARD_20260226,20260226,SECTION_19_TO_AWARD,1.0.0-cox-production-baseline,260328f59192648f,-0.688896,0.50213,derived_days_since_case_initiation (+0.1821); derived_days_in_current_stage (+0.0300),derived_project_type_Rural Infrastructure (-0.8168); derived_notice_count (-0.0651); current_stage_SECTION_21 (-0.0191),2,3,EXTREME_UNCERTAINTY_ZERO_EVENTS,CALIBRATION NOT RELIABLE — INSUFFICIENT EVENTS,CRITICAL: Zero target events observed in out-of-sample holdout; single-cluster train data.
CAS_CLEAN_006,SNP_CAS_CLEAN_006_S19_AWARD_20260226,20260226,SECTION_19_TO_AWARD,1.0.0-cox-production-baseline,260328f59192648f,-0.687674,0.502744,derived_days_since_case_initiation (+0.1833); derived_days_in_current_stage (+0.0300),derived_project_type_Rural Infrastructure (-0.8168); derived_notice_count (-0.0651); current_stage_SECTION_21 (-0.0191),2,3,EXTREME_UNCERTAINTY_ZERO_EVENTS,CALIBRATION NOT RELIABLE — INSUFFICIENT EVENTS,CRITICAL: Zero target events observed in out-of-sample holdout; single-cluster train data.
CAS_CLEAN_014,SNP_CAS_CLEAN_014_S19_AWARD_20260226,20260226,SECTION_19_TO_AWARD,1.0.0-cox-production-baseline,260328f59192648f,-0.687674,0.502744,derived_days_since_case_initiation (+0.1833); derived_days_in_current_stage (+0.0300),derived_project_type_Rural Infrastructure (-0.8168); derived_notice_count (-0.0651); current_stage_SECTION_21 (-0.0191),2,3,EXTREME_UNCERTAINTY_ZERO_EVENTS,CALIBRATION NOT RELIABLE — INSUFFICIENT EVENTS,CRITICAL: Zero target events observed in out-of-sample holdout; single-cluster train data.
CAS_CLEAN_019,SNP_CAS_CLEAN_019_S19_AWARD_20260226,20260226,SECTION_19_TO_AWARD,1.0.0-cox-production-baseline,260328f59192648f,-0.687674,0.502744,derived_days_since_case_initiation (+0.1833); derived_days_in_current_stage (+0.0300),derived_project_type_Rural Infrastructure (-0.8168); derived_notice_count (-0.0651); current_stage_SECTION_21 (-0.0191),2,3,EXTREME_UNCERTAINTY_ZERO_EVENTS,CALIBRATION NOT RELIABLE — INSUFFICIENT EVENTS,CRITICAL: Zero target events observed in out-of-sample holdout; single-cluster train data.
CAS_CLEAN_060,SNP_CAS_CLEAN_060_S19_AWARD_20260226,20260226,SECTION_19_TO_AWARD,1.0.0-cox-production-baseline,260328f59192648f,0.129108,1.137813,derived_days_since_case_initiation (+0.1833); derived_days_in_current_stage (+0.0300),derived_notice_count (-0.0651); current_stage_SECTION_21 (-0.0191),2,2,EXTREME_UNCERTAINTY_ZERO_EVENTS,CALIBRATION NOT RELIABLE — INSUFFICIENT EVENTS,CRITICAL: Zero target events observed in out-of-sample holdout; single-cluster train data.
CAS_CLEAN_080,SNP_CAS_CLEAN_080_S19_AWARD_20260226,20260226,SECTION_19_TO_AWARD,1.0.0-cox-production-baseline,260328f59192648f,-0.687674,0.502744,derived_days_since_case_initiation (+0.1833); derived_days_in_current_stage (+0.0300),derived_project_type_Rural Infrastructure (-0.8168); derived_notice_count (-0.0651); current_stage_SECTION_21 (-0.0191),2,3,EXTREME_UNCERTAINTY_ZERO_EVENTS,CALIBRATION NOT RELIABLE — INSUFFICIENT EVENTS,CRITICAL: Zero target events observed in out-of-sample holdout; single-cluster train data.
CAS_CLEAN_129,SNP_CAS_CLEAN_129_S19_AWARD_20260226,20260226,SECTION_19_TO_AWARD,1.0.0-cox-production-baseline,260328f59192648f,-0.687674,0.502744,derived_days_since_case_initiation (+0.1833); derived_days_in_current_stage (+0.0300),derived_project_type_Rural Infrastructure (-0.8168); derived_notice_count (-0.0651); current_stage_SECTION_21 (-0.0191),2,3,EXTREME_UNCERTAINTY_ZERO_EVENTS,CALIBRATION NOT RELIABLE — INSUFFICIENT EVENTS,CRITICAL: Zero target events observed in out-of-sample holdout; single-cluster train data.
CAS_CLEAN_146,SNP_CAS_CLEAN_146_S19_AWARD_20260226,20260226,SECTION_19_TO_AWARD,1.0.0-cox-production-baseline,260328f59192648f,-0.687674,0.502744,derived_days_since_case_initiation (+0.1833); derived_days_in_current_stage (+0.0300),derived_project_type_Rural Infrastructure (-0.8168); derived_notice_count (-0.0651); current_stage_SECTION_21 (-0.0191),2,3,EXTREME_UNCERTAINTY_ZERO_EVENTS,CALIBRATION NOT RELIABLE — INSUFFICIENT EVENTS,CRITICAL: Zero target events observed in out-of-sample holdout; single-cluster train data.
CAS_CLEAN_147,SNP_CAS_CLEAN_147_S19_AWARD_20260226,20260226,SECTION_19_TO_AWARD,1.0.0-cox-production-baseline,260328f59192648f,-0.687674,0.502744,derived_days_since_case_initiation (+0.1833); derived_days_in_current_stage (+0.0300),derived_project_type_Rural Infrastructure (-0.8168); derived_notice_count (-0.0651); current_stage_SECTION_21 (-0.0191),2,3,EXTREME_UNCERTAINTY_ZERO_EVENTS,CALIBRATION NOT RELIABLE — INSUFFICIENT EVENTS,CRITICAL: Zero target events observed in out-of-sample holdout; single-cluster train data.
CAS_CLEAN_117,SNP_CAS_CLEAN_117_S19_AWARD_20260303,20260303,SECTION_19_TO_AWARD,1.0.0-cox-production-baseline,260328f59192648f,0.706678,2.027246,derived_days_since_case_initiation (+0.4460); derived_days_in_current_stage (+0.2431); current_stage_SECTION_19 (+0.0392),derived_notice_count (-0.0217),3,1,EXTREME_UNCERTAINTY_ZERO_EVENTS,CALIBRATION NOT RELIABLE — INSUFFICIENT EVENTS,CRITICAL: Zero target events observed in out-of-sample holdout; single-cluster train data.
CAS_CLEAN_015,SNP_CAS_CLEAN_015_S19_AWARD_20260315,20260315,SECTION_19_TO_AWARD,1.0.0-cox-production-baseline,260328f59192648f,-0.656574,0.518625,derived_days_since_case_initiation (+0.2077); derived_days_in_current_stage (+0.0366),derived_project_type_Rural Infrastructure (-0.8168); derived_notice_count (-0.0651); current_stage_SECTION_21 (-0.0191),2,3,EXTREME_UNCERTAINTY_ZERO_EVENTS,CALIBRATION NOT RELIABLE — INSUFFICIENT EVENTS,CRITICAL: Zero target events observed in out-of-sample holdout; single-cluster train data.
CAS_CLEAN_045,SNP_CAS_CLEAN_045_S19_AWARD_20260315,20260315,SECTION_19_TO_AWARD,1.0.0-cox-production-baseline,260328f59192648f,-0.64802,0.52308,derived_days_since_case_initiation (+0.2163); derived_days_in_current_stage (+0.0366),derived_project_type_Rural Infrastructure (-0.8168); derived_notice_count (-0.0651); current_stage_SECTION_21 (-0.0191),2,3,EXTREME_UNCERTAINTY_ZERO_EVENTS,CALIBRATION NOT RELIABLE — INSUFFICIENT EVENTS,CRITICAL: Zero target events observed in out-of-sample holdout; single-cluster train data.
CAS_CLEAN_076,SNP_CAS_CLEAN_076_S19_AWARD_20260315,20260315,SECTION_19_TO_AWARD,1.0.0-cox-production-baseline,260328f59192648f,-0.64802,0.52308,derived_days_since_case_initiation (+0.2163); derived_days_in_current_stage (+0.0366),derived_project_type_Rural Infrastructure (-0.8168); derived_notice_count (-0.0651); current_stage_SECTION_21 (-0.0191),2,3,EXTREME_UNCERTAINTY_ZERO_EVENTS,CALIBRATION NOT RELIABLE — INSUFFICIENT EVENTS,CRITICAL: Zero target events observed in out-of-sample holdout; single-cluster train data.
CAS_CLEAN_114,SNP_CAS_CLEAN_114_S19_AWARD_20260315,20260315,SECTION_19_TO_AWARD,1.0.0-cox-production-baseline,260328f59192648f,-0.544681,0.580027,derived_days_since_case_initiation (+0.2163); derived_days_in_current_stage (+0.0599); current_stage_SECTION_19 (+0.0392),derived_project_type_Rural Infrastructure (-0.8168); derived_notice_count (-0.0434),3,2,EXTREME_UNCERTAINTY_ZERO_EVENTS,CALIBRATION NOT RELIABLE — INSUFFICIENT EVENTS,CRITICAL: Zero target events observed in out-of-sample holdout; single-cluster train data.
CAS_CLEAN_132,SNP_CAS_CLEAN_132_S19_AWARD_20260315,20260315,SECTION_19_TO_AWARD,1.0.0-cox-production-baseline,260328f59192648f,-0.629304,0.532963,derived_days_since_case_initiation (+0.1100); derived_days_in_current_stage (+0.0599); current_stage_SECTION_19 (+0.0392),derived_project_type_Rural Infrastructure (-0.8168); derived_notice_count (-0.0217),3,2,EXTREME_UNCERTAINTY_ZERO_EVENTS,CALIBRATION NOT RELIABLE — INSUFFICIENT EVENTS,CRITICAL: Zero target events observed in out-of-sample holdout; single-cluster train data.
CAS_CLEAN_134,SNP_CAS_CLEAN_134_S19_AWARD_20260315,20260315,SECTION_19_TO_AWARD,1.0.0-cox-production-baseline,260328f59192648f,-0.732643,0.480637,derived_days_since_case_initiation (+0.1100); derived_days_in_current_stage (+0.0366),derived_project_type_Rural Infrastructure (-0.8168); derived_notice_count (-0.0434); current_stage_SECTION_21 (-0.0191),2,3,EXTREME_UNCERTAINTY_ZERO_EVENTS,CALIBRATION NOT RELIABLE — INSUFFICIENT EVENTS,CRITICAL: Zero target events observed in out-of-sample holdout; single-cluster train data.
CAS_CLEAN_070,SNP_CAS_CLEAN_070_S19_AWARD_20260316,20260316,SECTION_19_TO_AWARD,1.0.0-cox-production-baseline,260328f59192648f,5.711024,302.180343,extension_count (+2.7313); has_statutory_extension (+2.2997); derived_days_since_case_initiation (+0.4827); derived_days_in_current_stage (+0.1798); current_stage_SECTION_19 (+0.0392),derived_notice_count (-0.0217),5,1,EXTREME_UNCERTAINTY_ZERO_EVENTS,CALIBRATION NOT RELIABLE — INSUFFICIENT EVENTS,CRITICAL: Zero target events observed in out-of-sample holdout; single-cluster train data.
CAS_CLEAN_160,SNP_CAS_CLEAN_160_S19_AWARD_20260319,20260319,SECTION_19_TO_AWARD,1.0.0-cox-production-baseline,260328f59192648f,-0.629304,0.532963,derived_days_since_case_initiation (+0.1100); derived_days_in_current_stage (+0.0599); current_stage_SECTION_19 (+0.0392),derived_project_type_Rural Infrastructure (-0.8168); derived_notice_count (-0.0217),3,2,EXTREME_UNCERTAINTY_ZERO_EVENTS,CALIBRATION NOT RELIABLE — INSUFFICIENT EVENTS,CRITICAL: Zero target events observed in out-of-sample holdout; single-cluster train data.
CAS_CLEAN_161,SNP_CAS_CLEAN_161_S19_AWARD_20260319,20260319,SECTION_19_TO_AWARD,1.0.0-cox-production-baseline,260328f59192648f,-0.629304,0.532963,derived_days_since_case_initiation (+0.1100); derived_days_in_current_stage (+0.0599); current_stage_SECTION_19 (+0.0392),derived_project_type_Rural Infrastructure (-0.8168); derived_notice_count (-0.0217),3,2,EXTREME_UNCERTAINTY_ZERO_EVENTS,CALIBRATION NOT RELIABLE — INSUFFICIENT EVENTS,CRITICAL: Zero target events observed in out-of-sample holdout; single-cluster train data.
CAS_CLEAN_162,SNP_CAS_CLEAN_162_S19_AWARD_20260319,20260319,SECTION_19_TO_AWARD,1.0.0-cox-production-baseline,260328f59192648f,-0.629304,0.532963,derived_days_since_case_initiation (+0.1100); derived_days_in_current_stage (+0.0599); current_stage_SECTION_19 (+0.0392),derived_project_type_Rural Infrastructure (-0.8168); derived_notice_count (-0.0217),3,2,EXTREME_UNCERTAINTY_ZERO_EVENTS,CALIBRATION NOT RELIABLE — INSUFFICIENT EVENTS,CRITICAL: Zero target events observed in out-of-sample holdout; single-cluster train data.
CAS_CLEAN_163,SNP_CAS_CLEAN_163_S19_AWARD_20260319,20260319,SECTION_19_TO_AWARD,1.0.0-cox-production-baseline,260328f59192648f,-0.629304,0.532963,derived_days_since_case_initiation (+0.1100); derived_days_in_current_stage (+0.0599); current_stage_SECTION_19 (+0.0392),derived_project_type_Rural Infrastructure (-0.8168); derived_notice_count (-0.0217),3,2,EXTREME_UNCERTAINTY_ZERO_EVENTS,CALIBRATION NOT RELIABLE — INSUFFICIENT EVENTS,CRITICAL: Zero target events observed in out-of-sample holdout; single-cluster train data.
CAS_CLEAN_034,SNP_CAS_CLEAN_034_S19_AWARD_20260330,20260330,SECTION_19_TO_AWARD,1.0.0-cox-production-baseline,260328f59192648f,-0.289464,0.748665,derived_days_since_case_initiation (+0.3299); derived_days_in_current_stage (+0.1798); current_stage_SECTION_19 (+0.0392),derived_project_type_Rural Infrastructure (-0.8168); derived_notice_count (-0.0217),3,2,EXTREME_UNCERTAINTY_ZERO_EVENTS,CALIBRATION NOT RELIABLE — INSUFFICIENT EVENTS,CRITICAL: Zero target events observed in out-of-sample holdout; single-cluster train data.
CAS_CLEAN_124,SNP_CAS_CLEAN_124_S19_AWARD_20260330,20260330,SECTION_19_TO_AWARD,1.0.0-cox-production-baseline,260328f59192648f,-0.599733,0.548958,derived_days_since_case_initiation (+0.2212); current_stage_SECTION_19 (+0.0392),derived_project_type_Rural Infrastructure (-0.8168); derived_notice_count (-0.0434),2,2,EXTREME_UNCERTAINTY_ZERO_EVENTS,CALIBRATION NOT RELIABLE — INSUFFICIENT EVENTS,CRITICAL: Zero target events observed in out-of-sample holdout; single-cluster train data.
CAS_CLEAN_051,SNP_CAS_CLEAN_051_S19_AWARD_20260420,20260420,SECTION_19_TO_AWARD,1.0.0-cox-production-baseline,260328f59192648f,-0.629304,0.532963,derived_days_since_case_initiation (+0.1100); derived_days_in_current_stage (+0.0599); current_stage_SECTION_19 (+0.0392),derived_project_type_Rural Infrastructure (-0.8168); derived_notice_count (-0.0217),3,2,EXTREME_UNCERTAINTY_ZERO_EVENTS,CALIBRATION NOT RELIABLE — INSUFFICIENT EVENTS,CRITICAL: Zero target events observed in out-of-sample holdout; single-cluster train data.
CAS_CLEAN_108,SNP_CAS_CLEAN_108_S19_AWARD_20260425,20260425,SECTION_19_TO_AWARD,1.0.0-cox-production-baseline,260328f59192648f,-0.289464,0.748665,derived_days_since_case_initiation (+0.3299); derived_days_in_current_stage (+0.1798); current_stage_SECTION_19 (+0.0392),derived_project_type_Rural Infrastructure (-0.8168); derived_notice_count (-0.0217),3,2,EXTREME_UNCERTAINTY_ZERO_EVENTS,CALIBRATION NOT RELIABLE — INSUFFICIENT EVENTS,CRITICAL: Zero target events observed in out-of-sample holdout; single-cluster train data.
CAS_CLEAN_011,SNP_CAS_CLEAN_011_S19_AWARD_20260503,20260503,SECTION_19_TO_AWARD,1.0.0-cox-production-baseline,260328f59192648f,-0.629304,0.532963,derived_days_since_case_initiation (+0.1100); derived_days_in_current_stage (+0.0599); current_stage_SECTION_19 (+0.0392),derived_project_type_Rural Infrastructure (-0.8168); derived_notice_count (-0.0217),3,2,EXTREME_UNCERTAINTY_ZERO_EVENTS,CALIBRATION NOT RELIABLE — INSUFFICIENT EVENTS,CRITICAL: Zero target events observed in out-of-sample holdout; single-cluster train data.
CAS_CLEAN_053,SNP_CAS_CLEAN_053_S19_AWARD_20260517,20260517,SECTION_19_TO_AWARD,1.0.0-cox-production-baseline,260328f59192648f,-0.459384,0.631673,derived_days_since_case_initiation (+0.2200); derived_days_in_current_stage (+0.1199); current_stage_SECTION_19 (+0.0392),derived_project_type_Rural Infrastructure (-0.8168); derived_notice_count (-0.0217),3,2,EXTREME_UNCERTAINTY_ZERO_EVENTS,CALIBRATION NOT RELIABLE — INSUFFICIENT EVENTS,CRITICAL: Zero target events observed in out-of-sample holdout; single-cluster train data.
CAS_CLEAN_003,SNP_CAS_CLEAN_003_S19_AWARD_20260527,20260527,SECTION_19_TO_AWARD,1.0.0-cox-production-baseline,260328f59192648f,-0.518976,0.59513,derived_days_since_case_initiation (+0.2921); derived_days_in_current_stage (+0.0899),derived_project_type_Rural Infrastructure (-0.8168); derived_notice_count (-0.0651); current_stage_SECTION_21 (-0.0191),2,3,EXTREME_UNCERTAINTY_ZERO_EVENTS,CALIBRATION NOT RELIABLE — INSUFFICIENT EVENTS,CRITICAL: Zero target events observed in out-of-sample holdout; single-cluster train data.
CAS_CLEAN_006,SNP_CAS_CLEAN_006_S19_AWARD_20260527,20260527,SECTION_19_TO_AWARD,1.0.0-cox-production-baseline,260328f59192648f,-0.517754,0.595857,derived_days_since_case_initiation (+0.2933); derived_days_in_current_stage (+0.0899),derived_project_type_Rural Infrastructure (-0.8168); derived_notice_count (-0.0651); current_stage_SECTION_21 (-0.0191),2,3,EXTREME_UNCERTAINTY_ZERO_EVENTS,CALIBRATION NOT RELIABLE — INSUFFICIENT EVENTS,CRITICAL: Zero target events observed in out-of-sample holdout; single-cluster train data.
CAS_CLEAN_014,SNP_CAS_CLEAN_014_S19_AWARD_20260527,20260527,SECTION_19_TO_AWARD,1.0.0-cox-production-baseline,260328f59192648f,-0.517754,0.595857,derived_days_since_case_initiation (+0.2933); derived_days_in_current_stage (+0.0899),derived_project_type_Rural Infrastructure (-0.8168); derived_notice_count (-0.0651); current_stage_SECTION_21 (-0.0191),2,3,EXTREME_UNCERTAINTY_ZERO_EVENTS,CALIBRATION NOT RELIABLE — INSUFFICIENT EVENTS,CRITICAL: Zero target events observed in out-of-sample holdout; single-cluster train data.
CAS_CLEAN_019,SNP_CAS_CLEAN_019_S19_AWARD_20260527,20260527,SECTION_19_TO_AWARD,1.0.0-cox-production-baseline,260328f59192648f,-0.517754,0.595857,derived_days_since_case_initiation (+0.2933); derived_days_in_current_stage (+0.0899),derived_project_type_Rural Infrastructure (-0.8168); derived_notice_count (-0.0651); current_stage_SECTION_21 (-0.0191),2,3,EXTREME_UNCERTAINTY_ZERO_EVENTS,CALIBRATION NOT RELIABLE — INSUFFICIENT EVENTS,CRITICAL: Zero target events observed in out-of-sample holdout; single-cluster train data.
CAS_CLEAN_060,SNP_CAS_CLEAN_060_S19_AWARD_20260527,20260527,SECTION_19_TO_AWARD,1.0.0-cox-production-baseline,260328f59192648f,0.299028,1.348547,derived_days_since_case_initiation (+0.2933); derived_days_in_current_stage (+0.0899),derived_notice_count (-0.0651); current_stage_SECTION_21 (-0.0191),2,2,EXTREME_UNCERTAINTY_ZERO_EVENTS,CALIBRATION NOT RELIABLE — INSUFFICIENT EVENTS,CRITICAL: Zero target events observed in out-of-sample holdout; single-cluster train data.
CAS_CLEAN_080,SNP_CAS_CLEAN_080_S19_AWARD_20260527,20260527,SECTION_19_TO_AWARD,1.0.0-cox-production-baseline,260328f59192648f,-0.517754,0.595857,derived_days_since_case_initiation (+0.2933); derived_days_in_current_stage (+0.0899),derived_project_type_Rural Infrastructure (-0.8168); derived_notice_count (-0.0651); current_stage_SECTION_21 (-0.0191),2,3,EXTREME_UNCERTAINTY_ZERO_EVENTS,CALIBRATION NOT RELIABLE — INSUFFICIENT EVENTS,CRITICAL: Zero target events observed in out-of-sample holdout; single-cluster train data.
CAS_CLEAN_129,SNP_CAS_CLEAN_129_S19_AWARD_20260527,20260527,SECTION_19_TO_AWARD,1.0.0-cox-production-baseline,260328f59192648f,-0.517754,0.595857,derived_days_since_case_initiation (+0.2933); derived_days_in_current_stage (+0.0899),derived_project_type_Rural Infrastructure (-0.8168); derived_notice_count (-0.0651); current_stage_SECTION_21 (-0.0191),2,3,EXTREME_UNCERTAINTY_ZERO_EVENTS,CALIBRATION NOT RELIABLE — INSUFFICIENT EVENTS,CRITICAL: Zero target events observed in out-of-sample holdout; single-cluster train data.
CAS_CLEAN_146,SNP_CAS_CLEAN_146_S19_AWARD_20260527,20260527,SECTION_19_TO_AWARD,1.0.0-cox-production-baseline,260328f59192648f,-0.517754,0.595857,derived_days_since_case_initiation (+0.2933); derived_days_in_current_stage (+0.0899),derived_project_type_Rural Infrastructure (-0.8168); derived_notice_count (-0.0651); current_stage_SECTION_21 (-0.0191),2,3,EXTREME_UNCERTAINTY_ZERO_EVENTS,CALIBRATION NOT RELIABLE — INSUFFICIENT EVENTS,CRITICAL: Zero target events observed in out-of-sample holdout; single-cluster train data.
CAS_CLEAN_147,SNP_CAS_CLEAN_147_S19_AWARD_20260527,20260527,SECTION_19_TO_AWARD,1.0.0-cox-production-baseline,260328f59192648f,-0.517754,0.595857,derived_days_since_case_initiation (+0.2933); derived_days_in_current_stage (+0.0899),derived_project_type_Rural Infrastructure (-0.8168); derived_notice_count (-0.0651); current_stage_SECTION_21 (-0.0191),2,3,EXTREME_UNCERTAINTY_ZERO_EVENTS,CALIBRATION NOT RELIABLE — INSUFFICIENT EVENTS,CRITICAL: Zero target events observed in out-of-sample holdout; single-cluster train data.
CAS_CLEAN_015,SNP_CAS_CLEAN_015_S19_AWARD_20260613,20260613,SECTION_19_TO_AWARD,1.0.0-cox-production-baseline,260328f59192648f,-0.486654,0.61468,derived_days_since_case_initiation (+0.3177); derived_days_in_current_stage (+0.0966),derived_project_type_Rural Infrastructure (-0.8168); derived_notice_count (-0.0651); current_stage_SECTION_21 (-0.0191),2,3,EXTREME_UNCERTAINTY_ZERO_EVENTS,CALIBRATION NOT RELIABLE — INSUFFICIENT EVENTS,CRITICAL: Zero target events observed in out-of-sample holdout; single-cluster train data.
CAS_CLEAN_045,SNP_CAS_CLEAN_045_S19_AWARD_20260613,20260613,SECTION_19_TO_AWARD,1.0.0-cox-production-baseline,260328f59192648f,-0.4781,0.61996,derived_days_since_case_initiation (+0.3263); derived_days_in_current_stage (+0.0966),derived_project_type_Rural Infrastructure (-0.8168); derived_notice_count (-0.0651); current_stage_SECTION_21 (-0.0191),2,3,EXTREME_UNCERTAINTY_ZERO_EVENTS,CALIBRATION NOT RELIABLE — INSUFFICIENT EVENTS,CRITICAL: Zero target events observed in out-of-sample holdout; single-cluster train data.
CAS_CLEAN_076,SNP_CAS_CLEAN_076_S19_AWARD_20260613,20260613,SECTION_19_TO_AWARD,1.0.0-cox-production-baseline,260328f59192648f,-0.4781,0.61996,derived_days_since_case_initiation (+0.3263); derived_days_in_current_stage (+0.0966),derived_project_type_Rural Infrastructure (-0.8168); derived_notice_count (-0.0651); current_stage_SECTION_21 (-0.0191),2,3,EXTREME_UNCERTAINTY_ZERO_EVENTS,CALIBRATION NOT RELIABLE — INSUFFICIENT EVENTS,CRITICAL: Zero target events observed in out-of-sample holdout; single-cluster train data.
CAS_CLEAN_114,SNP_CAS_CLEAN_114_S19_AWARD_20260613,20260613,SECTION_19_TO_AWARD,1.0.0-cox-production-baseline,260328f59192648f,-0.374761,0.687454,derived_days_since_case_initiation (+0.3263); derived_days_in_current_stage (+0.1199); current_stage_SECTION_19 (+0.0392),derived_project_type_Rural Infrastructure (-0.8168); derived_notice_count (-0.0434),3,2,EXTREME_UNCERTAINTY_ZERO_EVENTS,CALIBRATION NOT RELIABLE — INSUFFICIENT EVENTS,CRITICAL: Zero target events observed in out-of-sample holdout; single-cluster train data.
CAS_CLEAN_132,SNP_CAS_CLEAN_132_S19_AWARD_20260613,20260613,SECTION_19_TO_AWARD,1.0.0-cox-production-baseline,260328f59192648f,-0.459384,0.631673,derived_days_since_case_initiation (+0.2200); derived_days_in_current_stage (+0.1199); current_stage_SECTION_19 (+0.0392),derived_project_type_Rural Infrastructure (-0.8168); derived_notice_count (-0.0217),3,2,EXTREME_UNCERTAINTY_ZERO_EVENTS,CALIBRATION NOT RELIABLE — INSUFFICIENT EVENTS,CRITICAL: Zero target events observed in out-of-sample holdout; single-cluster train data.
CAS_CLEAN_134,SNP_CAS_CLEAN_134_S19_AWARD_20260613,20260613,SECTION_19_TO_AWARD,1.0.0-cox-production-baseline,260328f59192648f,-0.562723,0.569656,derived_days_since_case_initiation (+0.2200); derived_days_in_current_stage (+0.0966),derived_project_type_Rural Infrastructure (-0.8168); derived_notice_count (-0.0434); current_stage_SECTION_21 (-0.0191),2,3,EXTREME_UNCERTAINTY_ZERO_EVENTS,CALIBRATION NOT RELIABLE — INSUFFICIENT EVENTS,CRITICAL: Zero target events observed in out-of-sample holdout; single-cluster train data.
CAS_CLEAN_160,SNP_CAS_CLEAN_160_S19_AWARD_20260617,20260617,SECTION_19_TO_AWARD,1.0.0-cox-production-baseline,260328f59192648f,-0.459384,0.631673,derived_days_since_case_initiation (+0.2200); derived_days_in_current_stage (+0.1199); current_stage_SECTION_19 (+0.0392),derived_project_type_Rural Infrastructure (-0.8168); derived_notice_count (-0.0217),3,2,EXTREME_UNCERTAINTY_ZERO_EVENTS,CALIBRATION NOT RELIABLE — INSUFFICIENT EVENTS,CRITICAL: Zero target events observed in out-of-sample holdout; single-cluster train data.
CAS_CLEAN_161,SNP_CAS_CLEAN_161_S19_AWARD_20260617,20260617,SECTION_19_TO_AWARD,1.0.0-cox-production-baseline,260328f59192648f,-0.459384,0.631673,derived_days_since_case_initiation (+0.2200); derived_days_in_current_stage (+0.1199); current_stage_SECTION_19 (+0.0392),derived_project_type_Rural Infrastructure (-0.8168); derived_notice_count (-0.0217),3,2,EXTREME_UNCERTAINTY_ZERO_EVENTS,CALIBRATION NOT RELIABLE — INSUFFICIENT EVENTS,CRITICAL: Zero target events observed in out-of-sample holdout; single-cluster train data.
CAS_CLEAN_162,SNP_CAS_CLEAN_162_S19_AWARD_20260617,20260617,SECTION_19_TO_AWARD,1.0.0-cox-production-baseline,260328f59192648f,-0.459384,0.631673,derived_days_since_case_initiation (+0.2200); derived_days_in_current_stage (+0.1199); current_stage_SECTION_19 (+0.0392),derived_project_type_Rural Infrastructure (-0.8168); derived_notice_count (-0.0217),3,2,EXTREME_UNCERTAINTY_ZERO_EVENTS,CALIBRATION NOT RELIABLE — INSUFFICIENT EVENTS,CRITICAL: Zero target events observed in out-of-sample holdout; single-cluster train data.
CAS_CLEAN_163,SNP_CAS_CLEAN_163_S19_AWARD_20260617,20260617,SECTION_19_TO_AWARD,1.0.0-cox-production-baseline,260328f59192648f,-0.459384,0.631673,derived_days_since_case_initiation (+0.2200); derived_days_in_current_stage (+0.1199); current_stage_SECTION_19 (+0.0392),derived_project_type_Rural Infrastructure (-0.8168); derived_notice_count (-0.0217),3,2,EXTREME_UNCERTAINTY_ZERO_EVENTS,CALIBRATION NOT RELIABLE — INSUFFICIENT EVENTS,CRITICAL: Zero target events observed in out-of-sample holdout; single-cluster train data.
CAS_CLEAN_070,SNP_CAS_CLEAN_070_S19_AWARD_20260619,20260619,SECTION_19_TO_AWARD,1.0.0-cox-production-baseline,260328f59192648f,5.890384,361.544091,extension_count (+2.7313); has_statutory_extension (+2.2997); derived_days_since_case_initiation (+0.5988); derived_days_in_current_stage (+0.2431); current_stage_SECTION_19 (+0.0392),derived_notice_count (-0.0217),5,1,EXTREME_UNCERTAINTY_ZERO_EVENTS,CALIBRATION NOT RELIABLE — INSUFFICIENT EVENTS,CRITICAL: Zero target events observed in out-of-sample holdout; single-cluster train data.
CAS_CLEAN_124,SNP_CAS_CLEAN_124_S19_AWARD_20260628,20260628,SECTION_19_TO_AWARD,1.0.0-cox-production-baseline,260328f59192648f,-0.429813,0.650631,derived_days_since_case_initiation (+0.3312); derived_days_in_current_stage (+0.0599); current_stage_SECTION_19 (+0.0392),derived_project_type_Rural Infrastructure (-0.8168); derived_notice_count (-0.0434),3,2,EXTREME_UNCERTAINTY_ZERO_EVENTS,CALIBRATION NOT RELIABLE — INSUFFICIENT EVENTS,CRITICAL: Zero target events observed in out-of-sample holdout; single-cluster train data.
CAS_CLEAN_034,SNP_CAS_CLEAN_034_S19_AWARD_20260703,20260703,SECTION_19_TO_AWARD,1.0.0-cox-production-baseline,260328f59192648f,-0.110104,0.895741,derived_days_since_case_initiation (+0.4460); derived_days_in_current_stage (+0.2431); current_stage_SECTION_19 (+0.0392),derived_project_type_Rural Infrastructure (-0.8168); derived_notice_count (-0.0217),3,2,EXTREME_UNCERTAINTY_ZERO_EVENTS,CALIBRATION NOT RELIABLE — INSUFFICIENT EVENTS,CRITICAL: Zero target events observed in out-of-sample holdout; single-cluster train data.
CAS_CLEAN_051,SNP_CAS_CLEAN_051_S19_AWARD_20260719,20260719,SECTION_19_TO_AWARD,1.0.0-cox-production-baseline,260328f59192648f,-0.459384,0.631673,derived_days_since_case_initiation (+0.2200); derived_days_in_current_stage (+0.1199); current_stage_SECTION_19 (+0.0392),derived_project_type_Rural Infrastructure (-0.8168); derived_notice_count (-0.0217),3,2,EXTREME_UNCERTAINTY_ZERO_EVENTS,CALIBRATION NOT RELIABLE — INSUFFICIENT EVENTS,CRITICAL: Zero target events observed in out-of-sample holdout; single-cluster train data.
CAS_CLEAN_108,SNP_CAS_CLEAN_108_S19_AWARD_20260729,20260729,SECTION_19_TO_AWARD,1.0.0-cox-production-baseline,260328f59192648f,-0.110104,0.895741,derived_days_since_case_initiation (+0.4460); derived_days_in_current_stage (+0.2431); current_stage_SECTION_19 (+0.0392),derived_project_type_Rural Infrastructure (-0.8168); derived_notice_count (-0.0217),3,2,EXTREME_UNCERTAINTY_ZERO_EVENTS,CALIBRATION NOT RELIABLE — INSUFFICIENT EVENTS,CRITICAL: Zero target events observed in out-of-sample holdout; single-cluster train data.
CAS_CLEAN_011,SNP_CAS_CLEAN_011_S19_AWARD_20260801,20260801,SECTION_19_TO_AWARD,1.0.0-cox-production-baseline,260328f59192648f,-0.459384,0.631673,derived_days_since_case_initiation (+0.2200); derived_days_in_current_stage (+0.1199); current_stage_SECTION_19 (+0.0392),derived_project_type_Rural Infrastructure (-0.8168); derived_notice_count (-0.0217),3,2,EXTREME_UNCERTAINTY_ZERO_EVENTS,CALIBRATION NOT RELIABLE — INSUFFICIENT EVENTS,CRITICAL: Zero target events observed in out-of-sample holdout; single-cluster train data.
CAS_CLEAN_053,SNP_CAS_CLEAN_053_S19_AWARD_20260815,20260815,SECTION_19_TO_AWARD,1.0.0-cox-production-baseline,260328f59192648f,-0.289464,0.748665,derived_days_since_case_initiation (+0.3299); derived_days_in_current_stage (+0.1798); current_stage_SECTION_19 (+0.0392),derived_project_type_Rural Infrastructure (-0.8168); derived_notice_count (-0.0217),3,2,EXTREME_UNCERTAINTY_ZERO_EVENTS,CALIBRATION NOT RELIABLE — INSUFFICIENT EVENTS,CRITICAL: Zero target events observed in out-of-sample holdout; single-cluster train data.
CAS_CLEAN_003,SNP_CAS_CLEAN_003_S19_AWARD_20260825,20260825,SECTION_19_TO_AWARD,1.0.0-cox-production-baseline,260328f59192648f,-0.349056,0.705354,derived_days_since_case_initiation (+0.4020); derived_days_in_current_stage (+0.1499),derived_project_type_Rural Infrastructure (-0.8168); derived_notice_count (-0.0651); current_stage_SECTION_21 (-0.0191),2,3,EXTREME_UNCERTAINTY_ZERO_EVENTS,CALIBRATION NOT RELIABLE — INSUFFICIENT EVENTS,CRITICAL: Zero target events observed in out-of-sample holdout; single-cluster train data.
CAS_CLEAN_006,SNP_CAS_CLEAN_006_S19_AWARD_20260825,20260825,SECTION_19_TO_AWARD,1.0.0-cox-production-baseline,260328f59192648f,-0.347834,0.706216,derived_days_since_case_initiation (+0.4033); derived_days_in_current_stage (+0.1499),derived_project_type_Rural Infrastructure (-0.8168); derived_notice_count (-0.0651); current_stage_SECTION_21 (-0.0191),2,3,EXTREME_UNCERTAINTY_ZERO_EVENTS,CALIBRATION NOT RELIABLE — INSUFFICIENT EVENTS,CRITICAL: Zero target events observed in out-of-sample holdout; single-cluster train data.
CAS_CLEAN_014,SNP_CAS_CLEAN_014_S19_AWARD_20260825,20260825,SECTION_19_TO_AWARD,1.0.0-cox-production-baseline,260328f59192648f,-0.347834,0.706216,derived_days_since_case_initiation (+0.4033); derived_days_in_current_stage (+0.1499),derived_project_type_Rural Infrastructure (-0.8168); derived_notice_count (-0.0651); current_stage_SECTION_21 (-0.0191),2,3,EXTREME_UNCERTAINTY_ZERO_EVENTS,CALIBRATION NOT RELIABLE — INSUFFICIENT EVENTS,CRITICAL: Zero target events observed in out-of-sample holdout; single-cluster train data.
CAS_CLEAN_019,SNP_CAS_CLEAN_019_S19_AWARD_20260825,20260825,SECTION_19_TO_AWARD,1.0.0-cox-production-baseline,260328f59192648f,-0.347834,0.706216,derived_days_since_case_initiation (+0.4033); derived_days_in_current_stage (+0.1499),derived_project_type_Rural Infrastructure (-0.8168); derived_notice_count (-0.0651); current_stage_SECTION_21 (-0.0191),2,3,EXTREME_UNCERTAINTY_ZERO_EVENTS,CALIBRATION NOT RELIABLE — INSUFFICIENT EVENTS,CRITICAL: Zero target events observed in out-of-sample holdout; single-cluster train data.
CAS_CLEAN_060,SNP_CAS_CLEAN_060_S19_AWARD_20260825,20260825,SECTION_19_TO_AWARD,1.0.0-cox-production-baseline,260328f59192648f,0.468948,1.598312,derived_days_since_case_initiation (+0.4033); derived_days_in_current_stage (+0.1499),derived_notice_count (-0.0651); current_stage_SECTION_21 (-0.0191),2,2,EXTREME_UNCERTAINTY_ZERO_EVENTS,CALIBRATION NOT RELIABLE — INSUFFICIENT EVENTS,CRITICAL: Zero target events observed in out-of-sample holdout; single-cluster train data.
CAS_CLEAN_080,SNP_CAS_CLEAN_080_S19_AWARD_20260825,20260825,SECTION_19_TO_AWARD,1.0.0-cox-production-baseline,260328f59192648f,-0.347834,0.706216,derived_days_since_case_initiation (+0.4033); derived_days_in_current_stage (+0.1499),derived_project_type_Rural Infrastructure (-0.8168); derived_notice_count (-0.0651); current_stage_SECTION_21 (-0.0191),2,3,EXTREME_UNCERTAINTY_ZERO_EVENTS,CALIBRATION NOT RELIABLE — INSUFFICIENT EVENTS,CRITICAL: Zero target events observed in out-of-sample holdout; single-cluster train data.
CAS_CLEAN_129,SNP_CAS_CLEAN_129_S19_AWARD_20260825,20260825,SECTION_19_TO_AWARD,1.0.0-cox-production-baseline,260328f59192648f,-0.347834,0.706216,derived_days_since_case_initiation (+0.4033); derived_days_in_current_stage (+0.1499),derived_project_type_Rural Infrastructure (-0.8168); derived_notice_count (-0.0651); current_stage_SECTION_21 (-0.0191),2,3,EXTREME_UNCERTAINTY_ZERO_EVENTS,CALIBRATION NOT RELIABLE — INSUFFICIENT EVENTS,CRITICAL: Zero target events observed in out-of-sample holdout; single-cluster train data.
CAS_CLEAN_146,SNP_CAS_CLEAN_146_S19_AWARD_20260825,20260825,SECTION_19_TO_AWARD,1.0.0-cox-production-baseline,260328f59192648f,-0.347834,0.706216,derived_days_since_case_initiation (+0.4033); derived_days_in_current_stage (+0.1499),derived_project_type_Rural Infrastructure (-0.8168); derived_notice_count (-0.0651); current_stage_SECTION_21 (-0.0191),2,3,EXTREME_UNCERTAINTY_ZERO_EVENTS,CALIBRATION NOT RELIABLE — INSUFFICIENT EVENTS,CRITICAL: Zero target events observed in out-of-sample holdout; single-cluster train data.
CAS_CLEAN_147,SNP_CAS_CLEAN_147_S19_AWARD_20260825,20260825,SECTION_19_TO_AWARD,1.0.0-cox-production-baseline,260328f59192648f,-0.347834,0.706216,derived_days_since_case_initiation (+0.4033); derived_days_in_current_stage (+0.1499),derived_project_type_Rural Infrastructure (-0.8168); derived_notice_count (-0.0651); current_stage_SECTION_21 (-0.0191),2,3,EXTREME_UNCERTAINTY_ZERO_EVENTS,CALIBRATION NOT RELIABLE — INSUFFICIENT EVENTS,CRITICAL: Zero target events observed in out-of-sample holdout; single-cluster train data.
CAS_CLEAN_015,SNP_CAS_CLEAN_015_S19_AWARD_20260911,20260911,SECTION_19_TO_AWARD,1.0.0-cox-production-baseline,260328f59192648f,-0.316734,0.728525,derived_days_since_case_initiation (+0.4277); derived_days_in_current_stage (+0.1565),derived_project_type_Rural Infrastructure (-0.8168); derived_notice_count (-0.0651); current_stage_SECTION_21 (-0.0191),2,3,EXTREME_UNCERTAINTY_ZERO_EVENTS,CALIBRATION NOT RELIABLE — INSUFFICIENT EVENTS,CRITICAL: Zero target events observed in out-of-sample holdout; single-cluster train data.
CAS_CLEAN_045,SNP_CAS_CLEAN_045_S19_AWARD_20260911,20260911,SECTION_19_TO_AWARD,1.0.0-cox-production-baseline,260328f59192648f,-0.30818,0.734783,derived_days_since_case_initiation (+0.4363); derived_days_in_current_stage (+0.1565),derived_project_type_Rural Infrastructure (-0.8168); derived_notice_count (-0.0651); current_stage_SECTION_21 (-0.0191),2,3,EXTREME_UNCERTAINTY_ZERO_EVENTS,CALIBRATION NOT RELIABLE — INSUFFICIENT EVENTS,CRITICAL: Zero target events observed in out-of-sample holdout; single-cluster train data.
CAS_CLEAN_076,SNP_CAS_CLEAN_076_S19_AWARD_20260911,20260911,SECTION_19_TO_AWARD,1.0.0-cox-production-baseline,260328f59192648f,-0.30818,0.734783,derived_days_since_case_initiation (+0.4363); derived_days_in_current_stage (+0.1565),derived_project_type_Rural Infrastructure (-0.8168); derived_notice_count (-0.0651); current_stage_SECTION_21 (-0.0191),2,3,EXTREME_UNCERTAINTY_ZERO_EVENTS,CALIBRATION NOT RELIABLE — INSUFFICIENT EVENTS,CRITICAL: Zero target events observed in out-of-sample holdout; single-cluster train data.
CAS_CLEAN_114,SNP_CAS_CLEAN_114_S19_AWARD_20260911,20260911,SECTION_19_TO_AWARD,1.0.0-cox-production-baseline,260328f59192648f,-0.204841,0.814777,derived_days_since_case_initiation (+0.4363); derived_days_in_current_stage (+0.1798); current_stage_SECTION_19 (+0.0392),derived_project_type_Rural Infrastructure (-0.8168); derived_notice_count (-0.0434),3,2,EXTREME_UNCERTAINTY_ZERO_EVENTS,CALIBRATION NOT RELIABLE — INSUFFICIENT EVENTS,CRITICAL: Zero target events observed in out-of-sample holdout; single-cluster train data.
CAS_CLEAN_132,SNP_CAS_CLEAN_132_S19_AWARD_20260911,20260911,SECTION_19_TO_AWARD,1.0.0-cox-production-baseline,260328f59192648f,-0.289464,0.748665,derived_days_since_case_initiation (+0.3299); derived_days_in_current_stage (+0.1798); current_stage_SECTION_19 (+0.0392),derived_project_type_Rural Infrastructure (-0.8168); derived_notice_count (-0.0217),3,2,EXTREME_UNCERTAINTY_ZERO_EVENTS,CALIBRATION NOT RELIABLE — INSUFFICIENT EVENTS,CRITICAL: Zero target events observed in out-of-sample holdout; single-cluster train data.
CAS_CLEAN_134,SNP_CAS_CLEAN_134_S19_AWARD_20260911,20260911,SECTION_19_TO_AWARD,1.0.0-cox-production-baseline,260328f59192648f,-0.392803,0.675162,derived_days_since_case_initiation (+0.3299); derived_days_in_current_stage (+0.1565),derived_project_type_Rural Infrastructure (-0.8168); derived_notice_count (-0.0434); current_stage_SECTION_21 (-0.0191),2,3,EXTREME_UNCERTAINTY_ZERO_EVENTS,CALIBRATION NOT RELIABLE — INSUFFICIENT EVENTS,CRITICAL: Zero target events observed in out-of-sample holdout; single-cluster train data.
CAS_CLEAN_160,SNP_CAS_CLEAN_160_S19_AWARD_20260915,20260915,SECTION_19_TO_AWARD,1.0.0-cox-production-baseline,260328f59192648f,-0.289464,0.748665,derived_days_since_case_initiation (+0.3299); derived_days_in_current_stage (+0.1798); current_stage_SECTION_19 (+0.0392),derived_project_type_Rural Infrastructure (-0.8168); derived_notice_count (-0.0217),3,2,EXTREME_UNCERTAINTY_ZERO_EVENTS,CALIBRATION NOT RELIABLE — INSUFFICIENT EVENTS,CRITICAL: Zero target events observed in out-of-sample holdout; single-cluster train data.
CAS_CLEAN_161,SNP_CAS_CLEAN_161_S19_AWARD_20260915,20260915,SECTION_19_TO_AWARD,1.0.0-cox-production-baseline,260328f59192648f,-0.289464,0.748665,derived_days_since_case_initiation (+0.3299); derived_days_in_current_stage (+0.1798); current_stage_SECTION_19 (+0.0392),derived_project_type_Rural Infrastructure (-0.8168); derived_notice_count (-0.0217),3,2,EXTREME_UNCERTAINTY_ZERO_EVENTS,CALIBRATION NOT RELIABLE — INSUFFICIENT EVENTS,CRITICAL: Zero target events observed in out-of-sample holdout; single-cluster train data.
CAS_CLEAN_162,SNP_CAS_CLEAN_162_S19_AWARD_20260915,20260915,SECTION_19_TO_AWARD,1.0.0-cox-production-baseline,260328f59192648f,-0.289464,0.748665,derived_days_since_case_initiation (+0.3299); derived_days_in_current_stage (+0.1798); current_stage_SECTION_19 (+0.0392),derived_project_type_Rural Infrastructure (-0.8168); derived_notice_count (-0.0217),3,2,EXTREME_UNCERTAINTY_ZERO_EVENTS,CALIBRATION NOT RELIABLE — INSUFFICIENT EVENTS,CRITICAL: Zero target events observed in out-of-sample holdout; single-cluster train data.
CAS_CLEAN_163,SNP_CAS_CLEAN_163_S19_AWARD_20260915,20260915,SECTION_19_TO_AWARD,1.0.0-cox-production-baseline,260328f59192648f,-0.289464,0.748665,derived_days_since_case_initiation (+0.3299); derived_days_in_current_stage (+0.1798); current_stage_SECTION_19 (+0.0392),derived_project_type_Rural Infrastructure (-0.8168); derived_notice_count (-0.0217),3,2,EXTREME_UNCERTAINTY_ZERO_EVENTS,CALIBRATION NOT RELIABLE — INSUFFICIENT EVENTS,CRITICAL: Zero target events observed in out-of-sample holdout; single-cluster train data.
CAS_CLEAN_124,SNP_CAS_CLEAN_124_S19_AWARD_20260926,20260926,SECTION_19_TO_AWARD,1.0.0-cox-production-baseline,260328f59192648f,-0.259893,0.771134,derived_days_since_case_initiation (+0.4411); derived_days_in_current_stage (+0.1199); current_stage_SECTION_19 (+0.0392),derived_project_type_Rural Infrastructure (-0.8168); derived_notice_count (-0.0434),3,2,EXTREME_UNCERTAINTY_ZERO_EVENTS,CALIBRATION NOT RELIABLE — INSUFFICIENT EVENTS,CRITICAL: Zero target events observed in out-of-sample holdout; single-cluster train data.
CAS_CLEAN_249,SNP_CAS_CLEAN_249_CASE_INITIATION_MILESTONE_20260504,20260504,CASE_INITIATION_TO_MILESTONE,1.0.0-cox-production-baseline,2493aa920caf664a,0.418072,1.51903,current_stage_SECTION_11 (+0.9761),derived_notice_count (-0.2903); district_Pune (-0.2677),1,2,HIGH_UNCERTAINTY_SPARSE_EVENTS,PARTIAL — CALIBRATION NOT RELIABLE DUE TO EVENT SPARSITY,HIGH UNCERTAINTY: Estimates derived from sparse administrative milestone occurrences.
CAS_CLEAN_050,SNP_CAS_CLEAN_050_CASE_INITIATION_MILESTONE_20260511,20260511,CASE_INITIATION_TO_MILESTONE,1.0.0-cox-production-baseline,2493aa920caf664a,-0.991979,0.370842,act_key_RFCTLARR_2013 (+0.2005),current_stage_GENERAL_NOTICE (-0.4558); derived_project_type_Rural Infrastructure (-0.4464); derived_notice_count (-0.2903),1,3,HIGH_UNCERTAINTY_SPARSE_EVENTS,PARTIAL — CALIBRATION NOT RELIABLE DUE TO EVENT SPARSITY,HIGH UNCERTAINTY: Estimates derived from sparse administrative milestone occurrences.
CAS_CLEAN_183,SNP_CAS_CLEAN_183_CASE_INITIATION_MILESTONE_20260515,20260515,CASE_INITIATION_TO_MILESTONE,1.0.0-cox-production-baseline,2493aa920caf664a,-1.013842,0.362822,,current_stage_GENERAL_NOTICE (-0.4558); derived_notice_count (-0.2903); district_Pune (-0.2677),0,3,HIGH_UNCERTAINTY_SPARSE_EVENTS,PARTIAL — CALIBRATION NOT RELIABLE DUE TO EVENT SPARSITY,HIGH UNCERTAINTY: Estimates derived from sparse administrative milestone occurrences.
CAS_CLEAN_233,SNP_CAS_CLEAN_233_CASE_INITIATION_MILESTONE_20260515,20260515,CASE_INITIATION_TO_MILESTONE,1.0.0-cox-production-baseline,2493aa920caf664a,-1.013842,0.362822,,current_stage_GENERAL_NOTICE (-0.4558); derived_notice_count (-0.2903); district_Pune (-0.2677),0,3,HIGH_UNCERTAINTY_SPARSE_EVENTS,PARTIAL — CALIBRATION NOT RELIABLE DUE TO EVENT SPARSITY,HIGH UNCERTAINTY: Estimates derived from sparse administrative milestone occurrences.
CAS_CLEAN_250,SNP_CAS_CLEAN_250_CASE_INITIATION_MILESTONE_20260515,20260515,CASE_INITIATION_TO_MILESTONE,1.0.0-cox-production-baseline,2493aa920caf664a,-1.013842,0.362822,,current_stage_GENERAL_NOTICE (-0.4558); derived_notice_count (-0.2903); district_Pune (-0.2677),0,3,HIGH_UNCERTAINTY_SPARSE_EVENTS,PARTIAL — CALIBRATION NOT RELIABLE DUE TO EVENT SPARSITY,HIGH UNCERTAINTY: Estimates derived from sparse administrative milestone occurrences.
CAS_CLEAN_256,SNP_CAS_CLEAN_256_CASE_INITIATION_MILESTONE_20260515,20260515,CASE_INITIATION_TO_MILESTONE,1.0.0-cox-production-baseline,2493aa920caf664a,-1.013842,0.362822,,current_stage_GENERAL_NOTICE (-0.4558); derived_notice_count (-0.2903); district_Pune (-0.2677),0,3,HIGH_UNCERTAINTY_SPARSE_EVENTS,PARTIAL — CALIBRATION NOT RELIABLE DUE TO EVENT SPARSITY,HIGH UNCERTAINTY: Estimates derived from sparse administrative milestone occurrences.
CAS_CLEAN_036,SNP_CAS_CLEAN_036_CASE_INITIATION_MILESTONE_20260521,20260521,CASE_INITIATION_TO_MILESTONE,1.0.0-cox-production-baseline,2493aa920caf664a,-0.350553,0.704299,act_key_RFCTLARR_2013 (+0.2005),derived_notice_count (-0.2903); derived_is_direct_purchase (-0.2608),1,2,HIGH_UNCERTAINTY_SPARSE_EVENTS,PARTIAL — CALIBRATION NOT RELIABLE DUE TO EVENT SPARSITY,HIGH UNCERTAINTY: Estimates derived from sparse administrative milestone occurrences.
CAS_CLEAN_037,SNP_CAS_CLEAN_037_CASE_INITIATION_MILESTONE_20260521,20260521,CASE_INITIATION_TO_MILESTONE,1.0.0-cox-production-baseline,2493aa920caf664a,0.439935,1.552606,current_stage_SECTION_11 (+0.9761); act_key_RFCTLARR_2013 (+0.2005),derived_project_type_Rural Infrastructure (-0.4464); derived_notice_count (-0.2903),2,2,HIGH_UNCERTAINTY_SPARSE_EVENTS,PARTIAL — CALIBRATION NOT RELIABLE DUE TO EVENT SPARSITY,HIGH UNCERTAINTY: Estimates derived from sparse administrative milestone occurrences.
CAS_CLEAN_142,SNP_CAS_CLEAN_142_CASE_INITIATION_MILESTONE_20260521,20260521,CASE_INITIATION_TO_MILESTONE,1.0.0-cox-production-baseline,2493aa920caf664a,1.461459,4.312247,extension_count (+0.6305); current_stage_INITIATION (+0.6305); act_key_RFCTLARR_2013 (+0.2005),,3,0,HIGH_UNCERTAINTY_SPARSE_EVENTS,PARTIAL — CALIBRATION NOT RELIABLE DUE TO EVENT SPARSITY,HIGH UNCERTAINTY: Estimates derived from sparse administrative milestone occurrences.
CAS_CLEAN_154,SNP_CAS_CLEAN_154_CASE_INITIATION_MILESTONE_20260521,20260521,CASE_INITIATION_TO_MILESTONE,1.0.0-cox-production-baseline,2493aa920caf664a,-0.796935,0.450708,act_key_RFCTLARR_2013 (+0.2005),derived_project_type_Rural Infrastructure (-0.4464); derived_notice_count (-0.2903); derived_is_direct_purchase (-0.2608),1,3,HIGH_UNCERTAINTY_SPARSE_EVENTS,PARTIAL — CALIBRATION NOT RELIABLE DUE TO EVENT SPARSITY,HIGH UNCERTAINTY: Estimates derived from sparse administrative milestone occurrences.
CAS_CLEAN_263,SNP_CAS_CLEAN_263_CASE_INITIATION_MILESTONE_20260521,20260521,CASE_INITIATION_TO_MILESTONE,1.0.0-cox-production-baseline,2493aa920caf664a,-1.400952,0.246362,act_key_RFCTLARR_2013 (+0.2005),current_stage_GENERAL_NOTICE (-0.4558); derived_project_type_Rural Infrastructure (-0.4464); district_Solapur (-0.4090); derived_notice_count (-0.2903),1,4,HIGH_UNCERTAINTY_SPARSE_EVENTS,PARTIAL — CALIBRATION NOT RELIABLE DUE TO EVENT SPARSITY,HIGH UNCERTAINTY: Estimates derived from sparse administrative milestone occurrences.
CAS_CLEAN_046,SNP_CAS_CLEAN_046_CASE_INITIATION_MILESTONE_20260526,20260526,CASE_INITIATION_TO_MILESTONE,1.0.0-cox-production-baseline,2493aa920caf664a,-0.991979,0.370842,act_key_RFCTLARR_2013 (+0.2005),current_stage_GENERAL_NOTICE (-0.4558); derived_project_type_Rural Infrastructure (-0.4464); derived_notice_count (-0.2903),1,3,HIGH_UNCERTAINTY_SPARSE_EVENTS,PARTIAL — CALIBRATION NOT RELIABLE DUE TO EVENT SPARSITY,HIGH UNCERTAINTY: Estimates derived from sparse administrative milestone occurrences.
CAS_CLEAN_253,SNP_CAS_CLEAN_253_CASE_INITIATION_MILESTONE_20260605,20260605,CASE_INITIATION_TO_MILESTONE,1.0.0-cox-production-baseline,2493aa920caf664a,-1.015274,0.362303,act_key_RFCTLARR_2013 (+0.2005),current_stage_GENERAL_NOTICE (-0.4558); derived_notice_count (-0.2903); district_Pune (-0.2677); derived_project_type_Irrigation / Canal (-0.2019),1,4,HIGH_UNCERTAINTY_SPARSE_EVENTS,PARTIAL — CALIBRATION NOT RELIABLE DUE TO EVENT SPARSITY,HIGH UNCERTAINTY: Estimates derived from sparse administrative milestone occurrences.
CAS_CLEAN_255,SNP_CAS_CLEAN_255_CASE_INITIATION_MILESTONE_20260605,20260605,CASE_INITIATION_TO_MILESTONE,1.0.0-cox-production-baseline,2493aa920caf664a,-1.215773,0.296481,,current_stage_GENERAL_NOTICE (-0.4558); derived_notice_count (-0.2903); district_Pune (-0.2677); derived_project_type_Irrigation / Canal (-0.2019),0,4,HIGH_UNCERTAINTY_SPARSE_EVENTS,PARTIAL — CALIBRATION NOT RELIABLE DUE TO EVENT SPARSITY,HIGH UNCERTAINTY: Estimates derived from sparse administrative milestone occurrences.
CAS_CLEAN_255,SNP_CAS_CLEAN_255_CASE_INITIATION_MILESTONE_20260615,20260615,CASE_INITIATION_TO_MILESTONE,1.0.0-cox-production-baseline,2493aa920caf664a,-1.506066,0.221781,,derived_notice_count (-0.5806); current_stage_GENERAL_NOTICE (-0.4558); district_Pune (-0.2677); derived_project_type_Irrigation / Canal (-0.2019),0,4,HIGH_UNCERTAINTY_SPARSE_EVENTS,PARTIAL — CALIBRATION NOT RELIABLE DUE TO EVENT SPARSITY,HIGH UNCERTAINTY: Estimates derived from sparse administrative milestone occurrences.
CAS_CLEAN_115,SNP_CAS_CLEAN_115_CASE_INITIATION_MILESTONE_20260623,20260623,CASE_INITIATION_TO_MILESTONE,1.0.0-cox-production-baseline,2493aa920caf664a,-0.545597,0.579496,act_key_RFCTLARR_2013 (+0.2005),current_stage_GENERAL_NOTICE (-0.4558); derived_notice_count (-0.2903),1,2,HIGH_UNCERTAINTY_SPARSE_EVENTS,PARTIAL — CALIBRATION NOT RELIABLE DUE TO EVENT SPARSITY,HIGH UNCERTAINTY: Estimates derived from sparse administrative milestone occurrences.
CAS_CLEAN_116,SNP_CAS_CLEAN_116_CASE_INITIATION_MILESTONE_20260623,20260623,CASE_INITIATION_TO_MILESTONE,1.0.0-cox-production-baseline,2493aa920caf664a,-0.545597,0.579496,act_key_RFCTLARR_2013 (+0.2005),current_stage_GENERAL_NOTICE (-0.4558); derived_notice_count (-0.2903),1,2,HIGH_UNCERTAINTY_SPARSE_EVENTS,PARTIAL — CALIBRATION NOT RELIABLE DUE TO EVENT SPARSITY,HIGH UNCERTAINTY: Estimates derived from sparse administrative milestone occurrences.
CAS_CLEAN_180,SNP_CAS_CLEAN_180_CASE_INITIATION_MILESTONE_20260629,20260629,CASE_INITIATION_TO_MILESTONE,1.0.0-cox-production-baseline,2493aa920caf664a,-1.259725,0.283732,act_key_RFCTLARR_2013 (+0.2005),current_stage_GENERAL_NOTICE (-0.4558); derived_project_type_Rural Infrastructure (-0.4464); derived_notice_count (-0.2903); district_Pune (-0.2677),1,4,HIGH_UNCERTAINTY_SPARSE_EVENTS,PARTIAL — CALIBRATION NOT RELIABLE DUE TO EVENT SPARSITY,HIGH UNCERTAINTY: Estimates derived from sparse administrative milestone occurrences.
CAS_CLEAN_072,SNP_CAS_CLEAN_072_CASE_INITIATION_MILESTONE_20260724,20260724,CASE_INITIATION_TO_MILESTONE,1.0.0-cox-production-baseline,2493aa920caf664a,-0.746096,0.474214,,current_stage_GENERAL_NOTICE (-0.4558); derived_notice_count (-0.2903),0,2,HIGH_UNCERTAINTY_SPARSE_EVENTS,PARTIAL — CALIBRATION NOT RELIABLE DUE TO EVENT SPARSITY,HIGH UNCERTAINTY: Estimates derived from sparse administrative milestone occurrences.
CAS_CLEAN_073,SNP_CAS_CLEAN_073_CASE_INITIATION_MILESTONE_20260727,20260727,CASE_INITIATION_TO_MILESTONE,1.0.0-cox-production-baseline,2493aa920caf664a,-0.545597,0.579496,act_key_RFCTLARR_2013 (+0.2005),current_stage_GENERAL_NOTICE (-0.4558); derived_notice_count (-0.2903),1,2,HIGH_UNCERTAINTY_SPARSE_EVENTS,PARTIAL — CALIBRATION NOT RELIABLE DUE TO EVENT SPARSITY,HIGH UNCERTAINTY: Estimates derived from sparse administrative milestone occurrences.
CAS_CLEAN_081,SNP_CAS_CLEAN_081_CASE_INITIATION_MILESTONE_20260727,20260727,CASE_INITIATION_TO_MILESTONE,1.0.0-cox-production-baseline,2493aa920caf664a,-0.991979,0.370842,act_key_RFCTLARR_2013 (+0.2005),current_stage_GENERAL_NOTICE (-0.4558); derived_project_type_Rural Infrastructure (-0.4464); derived_notice_count (-0.2903),1,3,HIGH_UNCERTAINTY_SPARSE_EVENTS,PARTIAL — CALIBRATION NOT RELIABLE DUE TO EVENT SPARSITY,HIGH UNCERTAINTY: Estimates derived from sparse administrative milestone occurrences.
CAS_CLEAN_174,SNP_CAS_CLEAN_174_CASE_INITIATION_MILESTONE_20260729,20260729,CASE_INITIATION_TO_MILESTONE,1.0.0-cox-production-baseline,2493aa920caf664a,0.886317,2.426178,current_stage_SECTION_11 (+0.9761); act_key_RFCTLARR_2013 (+0.2005),derived_notice_count (-0.2903),2,1,HIGH_UNCERTAINTY_SPARSE_EVENTS,PARTIAL — CALIBRATION NOT RELIABLE DUE TO EVENT SPARSITY,HIGH UNCERTAINTY: Estimates derived from sparse administrative milestone occurrences.
CAS_CLEAN_175,SNP_CAS_CLEAN_175_CASE_INITIATION_MILESTONE_20260729,20260729,CASE_INITIATION_TO_MILESTONE,1.0.0-cox-production-baseline,2493aa920caf664a,0.886317,2.426178,current_stage_SECTION_11 (+0.9761); act_key_RFCTLARR_2013 (+0.2005),derived_notice_count (-0.2903),2,1,HIGH_UNCERTAINTY_SPARSE_EVENTS,PARTIAL — CALIBRATION NOT RELIABLE DUE TO EVENT SPARSITY,HIGH UNCERTAINTY: Estimates derived from sparse administrative milestone occurrences.
CAS_CLEAN_249,SNP_CAS_CLEAN_249_CASE_INITIATION_MILESTONE_20260802,20260802,CASE_INITIATION_TO_MILESTONE,1.0.0-cox-production-baseline,2493aa920caf664a,0.301702,1.352158,current_stage_SECTION_11 (+0.9761),derived_notice_count (-0.2903); district_Pune (-0.2677); derived_days_in_current_stage (-0.1164),1,3,HIGH_UNCERTAINTY_SPARSE_EVENTS,PARTIAL — CALIBRATION NOT RELIABLE DUE TO EVENT SPARSITY,HIGH UNCERTAINTY: Estimates derived from sparse administrative milestone occurrences.
CAS_CLEAN_172,SNP_CAS_CLEAN_172_CASE_INITIATION_MILESTONE_20260806,20260806,CASE_INITIATION_TO_MILESTONE,1.0.0-cox-production-baseline,2493aa920caf664a,-0.545597,0.579496,act_key_RFCTLARR_2013 (+0.2005),current_stage_GENERAL_NOTICE (-0.4558); derived_notice_count (-0.2903),1,2,HIGH_UNCERTAINTY_SPARSE_EVENTS,PARTIAL — CALIBRATION NOT RELIABLE DUE TO EVENT SPARSITY,HIGH UNCERTAINTY: Estimates derived from sparse administrative milestone occurrences.
CAS_CLEAN_173,SNP_CAS_CLEAN_173_CASE_INITIATION_MILESTONE_20260806,20260806,CASE_INITIATION_TO_MILESTONE,1.0.0-cox-production-baseline,2493aa920caf664a,-0.545597,0.579496,act_key_RFCTLARR_2013 (+0.2005),current_stage_GENERAL_NOTICE (-0.4558); derived_notice_count (-0.2903),1,2,HIGH_UNCERTAINTY_SPARSE_EVENTS,PARTIAL — CALIBRATION NOT RELIABLE DUE TO EVENT SPARSITY,HIGH UNCERTAINTY: Estimates derived from sparse administrative milestone occurrences.
CAS_CLEAN_261,SNP_CAS_CLEAN_261_CASE_INITIATION_MILESTONE_20260807,20260807,CASE_INITIATION_TO_MILESTONE,1.0.0-cox-production-baseline,2493aa920caf664a,0.477344,1.611788,current_stage_SECTION_11 (+0.9761); act_key_RFCTLARR_2013 (+0.2005),district_Solapur (-0.4090); derived_notice_count (-0.2903),2,2,HIGH_UNCERTAINTY_SPARSE_EVENTS,PARTIAL — CALIBRATION NOT RELIABLE DUE TO EVENT SPARSITY,HIGH UNCERTAINTY: Estimates derived from sparse administrative milestone occurrences.
CAS_CLEAN_050,SNP_CAS_CLEAN_050_CASE_INITIATION_MILESTONE_20260809,20260809,CASE_INITIATION_TO_MILESTONE,1.0.0-cox-production-baseline,2493aa920caf664a,-1.108349,0.330104,act_key_RFCTLARR_2013 (+0.2005),current_stage_GENERAL_NOTICE (-0.4558); derived_project_type_Rural Infrastructure (-0.4464); derived_notice_count (-0.2903); derived_days_in_current_stage (-0.1164),1,4,HIGH_UNCERTAINTY_SPARSE_EVENTS,PARTIAL — CALIBRATION NOT RELIABLE DUE TO EVENT SPARSITY,HIGH UNCERTAINTY: Estimates derived from sparse administrative milestone occurrences.
CAS_CLEAN_183,SNP_CAS_CLEAN_183_CASE_INITIATION_MILESTONE_20260813,20260813,CASE_INITIATION_TO_MILESTONE,1.0.0-cox-production-baseline,2493aa920caf664a,-1.130212,0.322965,,current_stage_GENERAL_NOTICE (-0.4558); derived_notice_count (-0.2903); district_Pune (-0.2677); derived_days_in_current_stage (-0.1164),0,4,HIGH_UNCERTAINTY_SPARSE_EVENTS,PARTIAL — CALIBRATION NOT RELIABLE DUE TO EVENT SPARSITY,HIGH UNCERTAINTY: Estimates derived from sparse administrative milestone occurrences.
CAS_CLEAN_233,SNP_CAS_CLEAN_233_CASE_INITIATION_MILESTONE_20260813,20260813,CASE_INITIATION_TO_MILESTONE,1.0.0-cox-production-baseline,2493aa920caf664a,-1.130212,0.322965,,current_stage_GENERAL_NOTICE (-0.4558); derived_notice_count (-0.2903); district_Pune (-0.2677); derived_days_in_current_stage (-0.1164),0,4,HIGH_UNCERTAINTY_SPARSE_EVENTS,PARTIAL — CALIBRATION NOT RELIABLE DUE TO EVENT SPARSITY,HIGH UNCERTAINTY: Estimates derived from sparse administrative milestone occurrences.
CAS_CLEAN_250,SNP_CAS_CLEAN_250_CASE_INITIATION_MILESTONE_20260813,20260813,CASE_INITIATION_TO_MILESTONE,1.0.0-cox-production-baseline,2493aa920caf664a,-1.130212,0.322965,,current_stage_GENERAL_NOTICE (-0.4558); derived_notice_count (-0.2903); district_Pune (-0.2677); derived_days_in_current_stage (-0.1164),0,4,HIGH_UNCERTAINTY_SPARSE_EVENTS,PARTIAL — CALIBRATION NOT RELIABLE DUE TO EVENT SPARSITY,HIGH UNCERTAINTY: Estimates derived from sparse administrative milestone occurrences.
CAS_CLEAN_256,SNP_CAS_CLEAN_256_CASE_INITIATION_MILESTONE_20260813,20260813,CASE_INITIATION_TO_MILESTONE,1.0.0-cox-production-baseline,2493aa920caf664a,-1.130212,0.322965,,current_stage_GENERAL_NOTICE (-0.4558); derived_notice_count (-0.2903); district_Pune (-0.2677); derived_days_in_current_stage (-0.1164),0,4,HIGH_UNCERTAINTY_SPARSE_EVENTS,PARTIAL — CALIBRATION NOT RELIABLE DUE TO EVENT SPARSITY,HIGH UNCERTAINTY: Estimates derived from sparse administrative milestone occurrences.
CAS_CLEAN_007,SNP_CAS_CLEAN_007_CASE_INITIATION_MILESTONE_20260814,20260814,CASE_INITIATION_TO_MILESTONE,1.0.0-cox-production-baseline,2493aa920caf664a,0.439935,1.552606,current_stage_SECTION_11 (+0.9761); act_key_RFCTLARR_2013 (+0.2005),derived_project_type_Rural Infrastructure (-0.4464); derived_notice_count (-0.2903),2,2,HIGH_UNCERTAINTY_SPARSE_EVENTS,PARTIAL — CALIBRATION NOT RELIABLE DUE TO EVENT SPARSITY,HIGH UNCERTAINTY: Estimates derived from sparse administrative milestone occurrences.
CAS_CLEAN_008,SNP_CAS_CLEAN_008_CASE_INITIATION_MILESTONE_20260814,20260814,CASE_INITIATION_TO_MILESTONE,1.0.0-cox-production-baseline,2493aa920caf664a,0.439935,1.552606,current_stage_SECTION_11 (+0.9761); act_key_RFCTLARR_2013 (+0.2005),derived_project_type_Rural Infrastructure (-0.4464); derived_notice_count (-0.2903),2,2,HIGH_UNCERTAINTY_SPARSE_EVENTS,PARTIAL — CALIBRATION NOT RELIABLE DUE TO EVENT SPARSITY,HIGH UNCERTAINTY: Estimates derived from sparse administrative milestone occurrences.
CAS_CLEAN_013,SNP_CAS_CLEAN_013_CASE_INITIATION_MILESTONE_20260814,20260814,CASE_INITIATION_TO_MILESTONE,1.0.0-cox-production-baseline,2493aa920caf664a,0.439935,1.552606,current_stage_SECTION_11 (+0.9761); act_key_RFCTLARR_2013 (+0.2005),derived_project_type_Rural Infrastructure (-0.4464); derived_notice_count (-0.2903),2,2,HIGH_UNCERTAINTY_SPARSE_EVENTS,PARTIAL — CALIBRATION NOT RELIABLE DUE TO EVENT SPARSITY,HIGH UNCERTAINTY: Estimates derived from sparse administrative milestone occurrences.
CAS_CLEAN_017,SNP_CAS_CLEAN_017_CASE_INITIATION_MILESTONE_20260814,20260814,CASE_INITIATION_TO_MILESTONE,1.0.0-cox-production-baseline,2493aa920caf664a,0.439935,1.552606,current_stage_SECTION_11 (+0.9761); act_key_RFCTLARR_2013 (+0.2005),derived_project_type_Rural Infrastructure (-0.4464); derived_notice_count (-0.2903),2,2,HIGH_UNCERTAINTY_SPARSE_EVENTS,PARTIAL — CALIBRATION NOT RELIABLE DUE TO EVENT SPARSITY,HIGH UNCERTAINTY: Estimates derived from sparse administrative milestone occurrences.
CAS_CLEAN_035,SNP_CAS_CLEAN_035_CASE_INITIATION_MILESTONE_20260814,20260814,CASE_INITIATION_TO_MILESTONE,1.0.0-cox-production-baseline,2493aa920caf664a,0.439935,1.552606,current_stage_SECTION_11 (+0.9761); act_key_RFCTLARR_2013 (+0.2005),derived_project_type_Rural Infrastructure (-0.4464); derived_notice_count (-0.2903),2,2,HIGH_UNCERTAINTY_SPARSE_EVENTS,PARTIAL — CALIBRATION NOT RELIABLE DUE TO EVENT SPARSITY,HIGH UNCERTAINTY: Estimates derived from sparse administrative milestone occurrences.
CAS_CLEAN_062,SNP_CAS_CLEAN_062_CASE_INITIATION_MILESTONE_20260814,20260814,CASE_INITIATION_TO_MILESTONE,1.0.0-cox-production-baseline,2493aa920caf664a,0.439935,1.552606,current_stage_SECTION_11 (+0.9761); act_key_RFCTLARR_2013 (+0.2005),derived_project_type_Rural Infrastructure (-0.4464); derived_notice_count (-0.2903),2,2,HIGH_UNCERTAINTY_SPARSE_EVENTS,PARTIAL — CALIBRATION NOT RELIABLE DUE TO EVENT SPARSITY,HIGH UNCERTAINTY: Estimates derived from sparse administrative milestone occurrences.
CAS_CLEAN_069,SNP_CAS_CLEAN_069_CASE_INITIATION_MILESTONE_20260814,20260814,CASE_INITIATION_TO_MILESTONE,1.0.0-cox-production-baseline,2493aa920caf664a,0.439935,1.552606,current_stage_SECTION_11 (+0.9761); act_key_RFCTLARR_2013 (+0.2005),derived_project_type_Rural Infrastructure (-0.4464); derived_notice_count (-0.2903),2,2,HIGH_UNCERTAINTY_SPARSE_EVENTS,PARTIAL — CALIBRATION NOT RELIABLE DUE TO EVENT SPARSITY,HIGH UNCERTAINTY: Estimates derived from sparse administrative milestone occurrences.
CAS_CLEAN_082,SNP_CAS_CLEAN_082_CASE_INITIATION_MILESTONE_20260814,20260814,CASE_INITIATION_TO_MILESTONE,1.0.0-cox-production-baseline,2493aa920caf664a,0.439935,1.552606,current_stage_SECTION_11 (+0.9761); act_key_RFCTLARR_2013 (+0.2005),derived_project_type_Rural Infrastructure (-0.4464); derived_notice_count (-0.2903),2,2,HIGH_UNCERTAINTY_SPARSE_EVENTS,PARTIAL — CALIBRATION NOT RELIABLE DUE TO EVENT SPARSITY,HIGH UNCERTAINTY: Estimates derived from sparse administrative milestone occurrences.
CAS_CLEAN_086,SNP_CAS_CLEAN_086_CASE_INITIATION_MILESTONE_20260814,20260814,CASE_INITIATION_TO_MILESTONE,1.0.0-cox-production-baseline,2493aa920caf664a,0.439935,1.552606,current_stage_SECTION_11 (+0.9761); act_key_RFCTLARR_2013 (+0.2005),derived_project_type_Rural Infrastructure (-0.4464); derived_notice_count (-0.2903),2,2,HIGH_UNCERTAINTY_SPARSE_EVENTS,PARTIAL — CALIBRATION NOT RELIABLE DUE TO EVENT SPARSITY,HIGH UNCERTAINTY: Estimates derived from sparse administrative milestone occurrences.
CAS_CLEAN_104,SNP_CAS_CLEAN_104_CASE_INITIATION_MILESTONE_20260814,20260814,CASE_INITIATION_TO_MILESTONE,1.0.0-cox-production-baseline,2493aa920caf664a,0.439935,1.552606,current_stage_SECTION_11 (+0.9761); act_key_RFCTLARR_2013 (+0.2005),derived_project_type_Rural Infrastructure (-0.4464); derived_notice_count (-0.2903),2,2,HIGH_UNCERTAINTY_SPARSE_EVENTS,PARTIAL — CALIBRATION NOT RELIABLE DUE TO EVENT SPARSITY,HIGH UNCERTAINTY: Estimates derived from sparse administrative milestone occurrences.
CAS_CLEAN_105,SNP_CAS_CLEAN_105_CASE_INITIATION_MILESTONE_20260814,20260814,CASE_INITIATION_TO_MILESTONE,1.0.0-cox-production-baseline,2493aa920caf664a,0.439935,1.552606,current_stage_SECTION_11 (+0.9761); act_key_RFCTLARR_2013 (+0.2005),derived_project_type_Rural Infrastructure (-0.4464); derived_notice_count (-0.2903),2,2,HIGH_UNCERTAINTY_SPARSE_EVENTS,PARTIAL — CALIBRATION NOT RELIABLE DUE TO EVENT SPARSITY,HIGH UNCERTAINTY: Estimates derived from sparse administrative milestone occurrences.
CAS_CLEAN_106,SNP_CAS_CLEAN_106_CASE_INITIATION_MILESTONE_20260814,20260814,CASE_INITIATION_TO_MILESTONE,1.0.0-cox-production-baseline,2493aa920caf664a,0.439935,1.552606,current_stage_SECTION_11 (+0.9761); act_key_RFCTLARR_2013 (+0.2005),derived_project_type_Rural Infrastructure (-0.4464); derived_notice_count (-0.2903),2,2,HIGH_UNCERTAINTY_SPARSE_EVENTS,PARTIAL — CALIBRATION NOT RELIABLE DUE TO EVENT SPARSITY,HIGH UNCERTAINTY: Estimates derived from sparse administrative milestone occurrences.
CAS_CLEAN_119,SNP_CAS_CLEAN_119_CASE_INITIATION_MILESTONE_20260814,20260814,CASE_INITIATION_TO_MILESTONE,1.0.0-cox-production-baseline,2493aa920caf664a,0.439935,1.552606,current_stage_SECTION_11 (+0.9761); act_key_RFCTLARR_2013 (+0.2005),derived_project_type_Rural Infrastructure (-0.4464); derived_notice_count (-0.2903),2,2,HIGH_UNCERTAINTY_SPARSE_EVENTS,PARTIAL — CALIBRATION NOT RELIABLE DUE TO EVENT SPARSITY,HIGH UNCERTAINTY: Estimates derived from sparse administrative milestone occurrences.
CAS_CLEAN_122,SNP_CAS_CLEAN_122_CASE_INITIATION_MILESTONE_20260814,20260814,CASE_INITIATION_TO_MILESTONE,1.0.0-cox-production-baseline,2493aa920caf664a,0.439935,1.552606,current_stage_SECTION_11 (+0.9761); act_key_RFCTLARR_2013 (+0.2005),derived_project_type_Rural Infrastructure (-0.4464); derived_notice_count (-0.2903),2,2,HIGH_UNCERTAINTY_SPARSE_EVENTS,PARTIAL — CALIBRATION NOT RELIABLE DUE TO EVENT SPARSITY,HIGH UNCERTAINTY: Estimates derived from sparse administrative milestone occurrences.
CAS_CLEAN_130,SNP_CAS_CLEAN_130_CASE_INITIATION_MILESTONE_20260814,20260814,CASE_INITIATION_TO_MILESTONE,1.0.0-cox-production-baseline,2493aa920caf664a,0.439935,1.552606,current_stage_SECTION_11 (+0.9761); act_key_RFCTLARR_2013 (+0.2005),derived_project_type_Rural Infrastructure (-0.4464); derived_notice_count (-0.2903),2,2,HIGH_UNCERTAINTY_SPARSE_EVENTS,PARTIAL — CALIBRATION NOT RELIABLE DUE TO EVENT SPARSITY,HIGH UNCERTAINTY: Estimates derived from sparse administrative milestone occurrences.
CAS_CLEAN_141,SNP_CAS_CLEAN_141_CASE_INITIATION_MILESTONE_20260814,20260814,CASE_INITIATION_TO_MILESTONE,1.0.0-cox-production-baseline,2493aa920caf664a,0.439935,1.552606,current_stage_SECTION_11 (+0.9761); act_key_RFCTLARR_2013 (+0.2005),derived_project_type_Rural Infrastructure (-0.4464); derived_notice_count (-0.2903),2,2,HIGH_UNCERTAINTY_SPARSE_EVENTS,PARTIAL — CALIBRATION NOT RELIABLE DUE TO EVENT SPARSITY,HIGH UNCERTAINTY: Estimates derived from sparse administrative milestone occurrences.
CAS_CLEAN_143,SNP_CAS_CLEAN_143_CASE_INITIATION_MILESTONE_20260814,20260814,CASE_INITIATION_TO_MILESTONE,1.0.0-cox-production-baseline,2493aa920caf664a,0.439935,1.552606,current_stage_SECTION_11 (+0.9761); act_key_RFCTLARR_2013 (+0.2005),derived_project_type_Rural Infrastructure (-0.4464); derived_notice_count (-0.2903),2,2,HIGH_UNCERTAINTY_SPARSE_EVENTS,PARTIAL — CALIBRATION NOT RELIABLE DUE TO EVENT SPARSITY,HIGH UNCERTAINTY: Estimates derived from sparse administrative milestone occurrences.
CAS_CLEAN_150,SNP_CAS_CLEAN_150_CASE_INITIATION_MILESTONE_20260814,20260814,CASE_INITIATION_TO_MILESTONE,1.0.0-cox-production-baseline,2493aa920caf664a,0.439935,1.552606,current_stage_SECTION_11 (+0.9761); act_key_RFCTLARR_2013 (+0.2005),derived_project_type_Rural Infrastructure (-0.4464); derived_notice_count (-0.2903),2,2,HIGH_UNCERTAINTY_SPARSE_EVENTS,PARTIAL — CALIBRATION NOT RELIABLE DUE TO EVENT SPARSITY,HIGH UNCERTAINTY: Estimates derived from sparse administrative milestone occurrences.
CAS_CLEAN_152,SNP_CAS_CLEAN_152_CASE_INITIATION_MILESTONE_20260814,20260814,CASE_INITIATION_TO_MILESTONE,1.0.0-cox-production-baseline,2493aa920caf664a,0.439935,1.552606,current_stage_SECTION_11 (+0.9761); act_key_RFCTLARR_2013 (+0.2005),derived_project_type_Rural Infrastructure (-0.4464); derived_notice_count (-0.2903),2,2,HIGH_UNCERTAINTY_SPARSE_EVENTS,PARTIAL — CALIBRATION NOT RELIABLE DUE TO EVENT SPARSITY,HIGH UNCERTAINTY: Estimates derived from sparse administrative milestone occurrences.
CAS_CLEAN_157,SNP_CAS_CLEAN_157_CASE_INITIATION_MILESTONE_20260814,20260814,CASE_INITIATION_TO_MILESTONE,1.0.0-cox-production-baseline,2493aa920caf664a,0.439935,1.552606,current_stage_SECTION_11 (+0.9761); act_key_RFCTLARR_2013 (+0.2005),derived_project_type_Rural Infrastructure (-0.4464); derived_notice_count (-0.2903),2,2,HIGH_UNCERTAINTY_SPARSE_EVENTS,PARTIAL — CALIBRATION NOT RELIABLE DUE TO EVENT SPARSITY,HIGH UNCERTAINTY: Estimates derived from sparse administrative milestone occurrences.
CAS_CLEAN_159,SNP_CAS_CLEAN_159_CASE_INITIATION_MILESTONE_20260814,20260814,CASE_INITIATION_TO_MILESTONE,1.0.0-cox-production-baseline,2493aa920caf664a,0.439935,1.552606,current_stage_SECTION_11 (+0.9761); act_key_RFCTLARR_2013 (+0.2005),derived_project_type_Rural Infrastructure (-0.4464); derived_notice_count (-0.2903),2,2,HIGH_UNCERTAINTY_SPARSE_EVENTS,PARTIAL — CALIBRATION NOT RELIABLE DUE TO EVENT SPARSITY,HIGH UNCERTAINTY: Estimates derived from sparse administrative milestone occurrences.
CAS_CLEAN_188,SNP_CAS_CLEAN_188_CASE_INITIATION_MILESTONE_20260814,20260814,CASE_INITIATION_TO_MILESTONE,1.0.0-cox-production-baseline,2493aa920caf664a,0.172189,1.187902,current_stage_SECTION_11 (+0.9761); act_key_RFCTLARR_2013 (+0.2005),derived_project_type_Rural Infrastructure (-0.4464); derived_notice_count (-0.2903); district_Pune (-0.2677),2,3,HIGH_UNCERTAINTY_SPARSE_EVENTS,PARTIAL — CALIBRATION NOT RELIABLE DUE TO EVENT SPARSITY,HIGH UNCERTAINTY: Estimates derived from sparse administrative milestone occurrences.
CAS_CLEAN_004,SNP_CAS_CLEAN_004_CASE_INITIATION_MILESTONE_20260817,20260817,CASE_INITIATION_TO_MILESTONE,1.0.0-cox-production-baseline,2493aa920caf664a,0.439935,1.552606,current_stage_SECTION_11 (+0.9761); act_key_RFCTLARR_2013 (+0.2005),derived_project_type_Rural Infrastructure (-0.4464); derived_notice_count (-0.2903),2,2,HIGH_UNCERTAINTY_SPARSE_EVENTS,PARTIAL — CALIBRATION NOT RELIABLE DUE TO EVENT SPARSITY,HIGH UNCERTAINTY: Estimates derived from sparse administrative milestone occurrences.
CAS_CLEAN_010,SNP_CAS_CLEAN_010_CASE_INITIATION_MILESTONE_20260817,20260817,CASE_INITIATION_TO_MILESTONE,1.0.0-cox-production-baseline,2493aa920caf664a,-0.991979,0.370842,act_key_RFCTLARR_2013 (+0.2005),current_stage_GENERAL_NOTICE (-0.4558); derived_project_type_Rural Infrastructure (-0.4464); derived_notice_count (-0.2903),1,3,HIGH_UNCERTAINTY_SPARSE_EVENTS,PARTIAL — CALIBRATION NOT RELIABLE DUE TO EVENT SPARSITY,HIGH UNCERTAINTY: Estimates derived from sparse administrative milestone occurrences.
CAS_CLEAN_012,SNP_CAS_CLEAN_012_CASE_INITIATION_MILESTONE_20260817,20260817,CASE_INITIATION_TO_MILESTONE,1.0.0-cox-production-baseline,2493aa920caf664a,0.439935,1.552606,current_stage_SECTION_11 (+0.9761); act_key_RFCTLARR_2013 (+0.2005),derived_project_type_Rural Infrastructure (-0.4464); derived_notice_count (-0.2903),2,2,HIGH_UNCERTAINTY_SPARSE_EVENTS,PARTIAL — CALIBRATION NOT RELIABLE DUE TO EVENT SPARSITY,HIGH UNCERTAINTY: Estimates derived from sparse administrative milestone occurrences.
CAS_CLEAN_063,SNP_CAS_CLEAN_063_CASE_INITIATION_MILESTONE_20260817,20260817,CASE_INITIATION_TO_MILESTONE,1.0.0-cox-production-baseline,2493aa920caf664a,0.439935,1.552606,current_stage_SECTION_11 (+0.9761); act_key_RFCTLARR_2013 (+0.2005),derived_project_type_Rural Infrastructure (-0.4464); derived_notice_count (-0.2903),2,2,HIGH_UNCERTAINTY_SPARSE_EVENTS,PARTIAL — CALIBRATION NOT RELIABLE DUE TO EVENT SPARSITY,HIGH UNCERTAINTY: Estimates derived from sparse administrative milestone occurrences.
CAS_CLEAN_068,SNP_CAS_CLEAN_068_CASE_INITIATION_MILESTONE_20260817,20260817,CASE_INITIATION_TO_MILESTONE,1.0.0-cox-production-baseline,2493aa920caf664a,0.439935,1.552606,current_stage_SECTION_11 (+0.9761); act_key_RFCTLARR_2013 (+0.2005),derived_project_type_Rural Infrastructure (-0.4464); derived_notice_count (-0.2903),2,2,HIGH_UNCERTAINTY_SPARSE_EVENTS,PARTIAL — CALIBRATION NOT RELIABLE DUE TO EVENT SPARSITY,HIGH UNCERTAINTY: Estimates derived from sparse administrative milestone occurrences.
CAS_CLEAN_077,SNP_CAS_CLEAN_077_CASE_INITIATION_MILESTONE_20260817,20260817,CASE_INITIATION_TO_MILESTONE,1.0.0-cox-production-baseline,2493aa920caf664a,0.439935,1.552606,current_stage_SECTION_11 (+0.9761); act_key_RFCTLARR_2013 (+0.2005),derived_project_type_Rural Infrastructure (-0.4464); derived_notice_count (-0.2903),2,2,HIGH_UNCERTAINTY_SPARSE_EVENTS,PARTIAL — CALIBRATION NOT RELIABLE DUE TO EVENT SPARSITY,HIGH UNCERTAINTY: Estimates derived from sparse administrative milestone occurrences.
CAS_CLEAN_083,SNP_CAS_CLEAN_083_CASE_INITIATION_MILESTONE_20260817,20260817,CASE_INITIATION_TO_MILESTONE,1.0.0-cox-production-baseline,2493aa920caf664a,-0.991979,0.370842,act_key_RFCTLARR_2013 (+0.2005),current_stage_GENERAL_NOTICE (-0.4558); derived_project_type_Rural Infrastructure (-0.4464); derived_notice_count (-0.2903),1,3,HIGH_UNCERTAINTY_SPARSE_EVENTS,PARTIAL — CALIBRATION NOT RELIABLE DUE TO EVENT SPARSITY,HIGH UNCERTAINTY: Estimates derived from sparse administrative milestone occurrences.
CAS_CLEAN_090,SNP_CAS_CLEAN_090_CASE_INITIATION_MILESTONE_20260817,20260817,CASE_INITIATION_TO_MILESTONE,1.0.0-cox-production-baseline,2493aa920caf664a,0.439935,1.552606,current_stage_SECTION_11 (+0.9761); act_key_RFCTLARR_2013 (+0.2005),derived_project_type_Rural Infrastructure (-0.4464); derived_notice_count (-0.2903),2,2,HIGH_UNCERTAINTY_SPARSE_EVENTS,PARTIAL — CALIBRATION NOT RELIABLE DUE TO EVENT SPARSITY,HIGH UNCERTAINTY: Estimates derived from sparse administrative milestone occurrences.
CAS_CLEAN_135,SNP_CAS_CLEAN_135_CASE_INITIATION_MILESTONE_20260817,20260817,CASE_INITIATION_TO_MILESTONE,1.0.0-cox-production-baseline,2493aa920caf664a,0.439935,1.552606,current_stage_SECTION_11 (+0.9761); act_key_RFCTLARR_2013 (+0.2005),derived_project_type_Rural Infrastructure (-0.4464); derived_notice_count (-0.2903),2,2,HIGH_UNCERTAINTY_SPARSE_EVENTS,PARTIAL — CALIBRATION NOT RELIABLE DUE TO EVENT SPARSITY,HIGH UNCERTAINTY: Estimates derived from sparse administrative milestone occurrences.
CAS_CLEAN_153,SNP_CAS_CLEAN_153_CASE_INITIATION_MILESTONE_20260817,20260817,CASE_INITIATION_TO_MILESTONE,1.0.0-cox-production-baseline,2493aa920caf664a,0.439935,1.552606,current_stage_SECTION_11 (+0.9761); act_key_RFCTLARR_2013 (+0.2005),derived_project_type_Rural Infrastructure (-0.4464); derived_notice_count (-0.2903),2,2,HIGH_UNCERTAINTY_SPARSE_EVENTS,PARTIAL — CALIBRATION NOT RELIABLE DUE TO EVENT SPARSITY,HIGH UNCERTAINTY: Estimates derived from sparse administrative milestone occurrences.
CAS_CLEAN_018,SNP_CAS_CLEAN_018_CASE_INITIATION_MILESTONE_20260819,20260819,CASE_INITIATION_TO_MILESTONE,1.0.0-cox-production-baseline,2493aa920caf664a,0.439935,1.552606,current_stage_SECTION_11 (+0.9761); act_key_RFCTLARR_2013 (+0.2005),derived_project_type_Rural Infrastructure (-0.4464); derived_notice_count (-0.2903),2,2,HIGH_UNCERTAINTY_SPARSE_EVENTS,PARTIAL — CALIBRATION NOT RELIABLE DUE TO EVENT SPARSITY,HIGH UNCERTAINTY: Estimates derived from sparse administrative milestone occurrences.
CAS_CLEAN_036,SNP_CAS_CLEAN_036_CASE_INITIATION_MILESTONE_20260819,20260819,CASE_INITIATION_TO_MILESTONE,1.0.0-cox-production-baseline,2493aa920caf664a,-0.466923,0.626928,act_key_RFCTLARR_2013 (+0.2005),derived_notice_count (-0.2903); derived_is_direct_purchase (-0.2608); derived_days_in_current_stage (-0.1164),1,3,HIGH_UNCERTAINTY_SPARSE_EVENTS,PARTIAL — CALIBRATION NOT RELIABLE DUE TO EVENT SPARSITY,HIGH UNCERTAINTY: Estimates derived from sparse administrative milestone occurrences.
CAS_CLEAN_037,SNP_CAS_CLEAN_037_CASE_INITIATION_MILESTONE_20260819,20260819,CASE_INITIATION_TO_MILESTONE,1.0.0-cox-production-baseline,2493aa920caf664a,0.323565,1.382046,current_stage_SECTION_11 (+0.9761); act_key_RFCTLARR_2013 (+0.2005),derived_project_type_Rural Infrastructure (-0.4464); derived_notice_count (-0.2903); derived_days_in_current_stage (-0.1164),2,3,HIGH_UNCERTAINTY_SPARSE_EVENTS,PARTIAL — CALIBRATION NOT RELIABLE DUE TO EVENT SPARSITY,HIGH UNCERTAINTY: Estimates derived from sparse administrative milestone occurrences.
CAS_CLEAN_067,SNP_CAS_CLEAN_067_CASE_INITIATION_MILESTONE_20260819,20260819,CASE_INITIATION_TO_MILESTONE,1.0.0-cox-production-baseline,2493aa920caf664a,0.439935,1.552606,current_stage_SECTION_11 (+0.9761); act_key_RFCTLARR_2013 (+0.2005),derived_project_type_Rural Infrastructure (-0.4464); derived_notice_count (-0.2903),2,2,HIGH_UNCERTAINTY_SPARSE_EVENTS,PARTIAL — CALIBRATION NOT RELIABLE DUE TO EVENT SPARSITY,HIGH UNCERTAINTY: Estimates derived from sparse administrative milestone occurrences.
CAS_CLEAN_075,SNP_CAS_CLEAN_075_CASE_INITIATION_MILESTONE_20260819,20260819,CASE_INITIATION_TO_MILESTONE,1.0.0-cox-production-baseline,2493aa920caf664a,0.439935,1.552606,current_stage_SECTION_11 (+0.9761); act_key_RFCTLARR_2013 (+0.2005),derived_project_type_Rural Infrastructure (-0.4464); derived_notice_count (-0.2903),2,2,HIGH_UNCERTAINTY_SPARSE_EVENTS,PARTIAL — CALIBRATION NOT RELIABLE DUE TO EVENT SPARSITY,HIGH UNCERTAINTY: Estimates derived from sparse administrative milestone occurrences.
CAS_CLEAN_084,SNP_CAS_CLEAN_084_CASE_INITIATION_MILESTONE_20260819,20260819,CASE_INITIATION_TO_MILESTONE,1.0.0-cox-production-baseline,2493aa920caf664a,0.439935,1.552606,current_stage_SECTION_11 (+0.9761); act_key_RFCTLARR_2013 (+0.2005),derived_project_type_Rural Infrastructure (-0.4464); derived_notice_count (-0.2903),2,2,HIGH_UNCERTAINTY_SPARSE_EVENTS,PARTIAL — CALIBRATION NOT RELIABLE DUE TO EVENT SPARSITY,HIGH UNCERTAINTY: Estimates derived from sparse administrative milestone occurrences.
CAS_CLEAN_089,SNP_CAS_CLEAN_089_CASE_INITIATION_MILESTONE_20260819,20260819,CASE_INITIATION_TO_MILESTONE,1.0.0-cox-production-baseline,2493aa920caf664a,0.439935,1.552606,current_stage_SECTION_11 (+0.9761); act_key_RFCTLARR_2013 (+0.2005),derived_project_type_Rural Infrastructure (-0.4464); derived_notice_count (-0.2903),2,2,HIGH_UNCERTAINTY_SPARSE_EVENTS,PARTIAL — CALIBRATION NOT RELIABLE DUE TO EVENT SPARSITY,HIGH UNCERTAINTY: Estimates derived from sparse administrative milestone occurrences.
CAS_CLEAN_107,SNP_CAS_CLEAN_107_CASE_INITIATION_MILESTONE_20260819,20260819,CASE_INITIATION_TO_MILESTONE,1.0.0-cox-production-baseline,2493aa920caf664a,0.439935,1.552606,current_stage_SECTION_11 (+0.9761); act_key_RFCTLARR_2013 (+0.2005),derived_project_type_Rural Infrastructure (-0.4464); derived_notice_count (-0.2903),2,2,HIGH_UNCERTAINTY_SPARSE_EVENTS,PARTIAL — CALIBRATION NOT RELIABLE DUE TO EVENT SPARSITY,HIGH UNCERTAINTY: Estimates derived from sparse administrative milestone occurrences.
CAS_CLEAN_123,SNP_CAS_CLEAN_123_CASE_INITIATION_MILESTONE_20260819,20260819,CASE_INITIATION_TO_MILESTONE,1.0.0-cox-production-baseline,2493aa920caf664a,0.439935,1.552606,current_stage_SECTION_11 (+0.9761); act_key_RFCTLARR_2013 (+0.2005),derived_project_type_Rural Infrastructure (-0.4464); derived_notice_count (-0.2903),2,2,HIGH_UNCERTAINTY_SPARSE_EVENTS,PARTIAL — CALIBRATION NOT RELIABLE DUE TO EVENT SPARSITY,HIGH UNCERTAINTY: Estimates derived from sparse administrative milestone occurrences.
CAS_CLEAN_125,SNP_CAS_CLEAN_125_CASE_INITIATION_MILESTONE_20260819,20260819,CASE_INITIATION_TO_MILESTONE,1.0.0-cox-production-baseline,2493aa920caf664a,0.439935,1.552606,current_stage_SECTION_11 (+0.9761); act_key_RFCTLARR_2013 (+0.2005),derived_project_type_Rural Infrastructure (-0.4464); derived_notice_count (-0.2903),2,2,HIGH_UNCERTAINTY_SPARSE_EVENTS,PARTIAL — CALIBRATION NOT RELIABLE DUE TO EVENT SPARSITY,HIGH UNCERTAINTY: Estimates derived from sparse administrative milestone occurrences.
CAS_CLEAN_142,SNP_CAS_CLEAN_142_CASE_INITIATION_MILESTONE_20260819,20260819,CASE_INITIATION_TO_MILESTONE,1.0.0-cox-production-baseline,2493aa920caf664a,1.461459,4.312247,extension_count (+0.6305); current_stage_INITIATION (+0.6305); act_key_RFCTLARR_2013 (+0.2005),,3,0,HIGH_UNCERTAINTY_SPARSE_EVENTS,PARTIAL — CALIBRATION NOT RELIABLE DUE TO EVENT SPARSITY,HIGH UNCERTAINTY: Estimates derived from sparse administrative milestone occurrences.
CAS_CLEAN_144,SNP_CAS_CLEAN_144_CASE_INITIATION_MILESTONE_20260819,20260819,CASE_INITIATION_TO_MILESTONE,1.0.0-cox-production-baseline,2493aa920caf664a,0.439935,1.552606,current_stage_SECTION_11 (+0.9761); act_key_RFCTLARR_2013 (+0.2005),derived_project_type_Rural Infrastructure (-0.4464); derived_notice_count (-0.2903),2,2,HIGH_UNCERTAINTY_SPARSE_EVENTS,PARTIAL — CALIBRATION NOT RELIABLE DUE TO EVENT SPARSITY,HIGH UNCERTAINTY: Estimates derived from sparse administrative milestone occurrences.
CAS_CLEAN_151,SNP_CAS_CLEAN_151_CASE_INITIATION_MILESTONE_20260819,20260819,CASE_INITIATION_TO_MILESTONE,1.0.0-cox-production-baseline,2493aa920caf664a,0.439935,1.552606,current_stage_SECTION_11 (+0.9761); act_key_RFCTLARR_2013 (+0.2005),derived_project_type_Rural Infrastructure (-0.4464); derived_notice_count (-0.2903),2,2,HIGH_UNCERTAINTY_SPARSE_EVENTS,PARTIAL — CALIBRATION NOT RELIABLE DUE TO EVENT SPARSITY,HIGH UNCERTAINTY: Estimates derived from sparse administrative milestone occurrences.
CAS_CLEAN_154,SNP_CAS_CLEAN_154_CASE_INITIATION_MILESTONE_20260819,20260819,CASE_INITIATION_TO_MILESTONE,1.0.0-cox-production-baseline,2493aa920caf664a,-0.913305,0.401196,act_key_RFCTLARR_2013 (+0.2005),derived_project_type_Rural Infrastructure (-0.4464); derived_notice_count (-0.2903); derived_is_direct_purchase (-0.2608); derived_days_in_current_stage (-0.1164),1,4,HIGH_UNCERTAINTY_SPARSE_EVENTS,PARTIAL — CALIBRATION NOT RELIABLE DUE TO EVENT SPARSITY,HIGH UNCERTAINTY: Estimates derived from sparse administrative milestone occurrences.
CAS_CLEAN_155,SNP_CAS_CLEAN_155_CASE_INITIATION_MILESTONE_20260819,20260819,CASE_INITIATION_TO_MILESTONE,1.0.0-cox-production-baseline,2493aa920caf664a,0.439935,1.552606,current_stage_SECTION_11 (+0.9761); act_key_RFCTLARR_2013 (+0.2005),derived_project_type_Rural Infrastructure (-0.4464); derived_notice_count (-0.2903),2,2,HIGH_UNCERTAINTY_SPARSE_EVENTS,PARTIAL — CALIBRATION NOT RELIABLE DUE TO EVENT SPARSITY,HIGH UNCERTAINTY: Estimates derived from sparse administrative milestone occurrences.
CAS_CLEAN_178,SNP_CAS_CLEAN_178_CASE_INITIATION_MILESTONE_20260819,20260819,CASE_INITIATION_TO_MILESTONE,1.0.0-cox-production-baseline,2493aa920caf664a,-0.991979,0.370842,act_key_RFCTLARR_2013 (+0.2005),current_stage_GENERAL_NOTICE (-0.4558); derived_project_type_Rural Infrastructure (-0.4464); derived_notice_count (-0.2903),1,3,HIGH_UNCERTAINTY_SPARSE_EVENTS,PARTIAL — CALIBRATION NOT RELIABLE DUE TO EVENT SPARSITY,HIGH UNCERTAINTY: Estimates derived from sparse administrative milestone occurrences.
CAS_CLEAN_263,SNP_CAS_CLEAN_263_CASE_INITIATION_MILESTONE_20260819,20260819,CASE_INITIATION_TO_MILESTONE,1.0.0-cox-production-baseline,2493aa920caf664a,-1.517322,0.219298,act_key_RFCTLARR_2013 (+0.2005),current_stage_GENERAL_NOTICE (-0.4558); derived_project_type_Rural Infrastructure (-0.4464); district_Solapur (-0.4090); derived_notice_count (-0.2903); derived_days_in_current_stage (-0.1164),1,5,HIGH_UNCERTAINTY_SPARSE_EVENTS,PARTIAL — CALIBRATION NOT RELIABLE DUE TO EVENT SPARSITY,HIGH UNCERTAINTY: Estimates derived from sparse administrative milestone occurrences.
CAS_CLEAN_046,SNP_CAS_CLEAN_046_CASE_INITIATION_MILESTONE_20260824,20260824,CASE_INITIATION_TO_MILESTONE,1.0.0-cox-production-baseline,2493aa920caf664a,-1.108349,0.330104,act_key_RFCTLARR_2013 (+0.2005),current_stage_GENERAL_NOTICE (-0.4558); derived_project_type_Rural Infrastructure (-0.4464); derived_notice_count (-0.2903); derived_days_in_current_stage (-0.1164),1,4,HIGH_UNCERTAINTY_SPARSE_EVENTS,PARTIAL — CALIBRATION NOT RELIABLE DUE TO EVENT SPARSITY,HIGH UNCERTAINTY: Estimates derived from sparse administrative milestone occurrences.
CAS_CLEAN_257,SNP_CAS_CLEAN_257_CASE_INITIATION_MILESTONE_20260825,20260825,CASE_INITIATION_TO_MILESTONE,1.0.0-cox-production-baseline,2493aa920caf664a,0.418072,1.51903,current_stage_SECTION_11 (+0.9761),derived_notice_count (-0.2903); district_Pune (-0.2677),1,2,HIGH_UNCERTAINTY_SPARSE_EVENTS,PARTIAL — CALIBRATION NOT RELIABLE DUE TO EVENT SPARSITY,HIGH UNCERTAINTY: Estimates derived from sparse administrative milestone occurrences.
CAS_CLEAN_265,SNP_CAS_CLEAN_265_CASE_INITIATION_MILESTONE_20260901,20260901,CASE_INITIATION_TO_MILESTONE,1.0.0-cox-production-baseline,2493aa920caf664a,-1.155069,0.315036,,current_stage_GENERAL_NOTICE (-0.4558); district_Solapur (-0.4090); derived_notice_count (-0.2903),0,3,HIGH_UNCERTAINTY_SPARSE_EVENTS,PARTIAL — CALIBRATION NOT RELIABLE DUE TO EVENT SPARSITY,HIGH UNCERTAINTY: Estimates derived from sparse administrative milestone occurrences.
CAS_CLEAN_266,SNP_CAS_CLEAN_266_CASE_INITIATION_MILESTONE_20260901,20260901,CASE_INITIATION_TO_MILESTONE,1.0.0-cox-production-baseline,2493aa920caf664a,-1.155069,0.315036,,current_stage_GENERAL_NOTICE (-0.4558); district_Solapur (-0.4090); derived_notice_count (-0.2903),0,3,HIGH_UNCERTAINTY_SPARSE_EVENTS,PARTIAL — CALIBRATION NOT RELIABLE DUE TO EVENT SPARSITY,HIGH UNCERTAINTY: Estimates derived from sparse administrative milestone occurrences.
CAS_CLEAN_137,SNP_CAS_CLEAN_137_CASE_INITIATION_MILESTONE_20260903,20260903,CASE_INITIATION_TO_MILESTONE,1.0.0-cox-production-baseline,2493aa920caf664a,0.439935,1.552606,current_stage_SECTION_11 (+0.9761); act_key_RFCTLARR_2013 (+0.2005),derived_project_type_Rural Infrastructure (-0.4464); derived_notice_count (-0.2903),2,2,HIGH_UNCERTAINTY_SPARSE_EVENTS,PARTIAL — CALIBRATION NOT RELIABLE DUE TO EVENT SPARSITY,HIGH UNCERTAINTY: Estimates derived from sparse administrative milestone occurrences.
CAS_CLEAN_253,SNP_CAS_CLEAN_253_CASE_INITIATION_MILESTONE_20260903,20260903,CASE_INITIATION_TO_MILESTONE,1.0.0-cox-production-baseline,2493aa920caf664a,-1.131644,0.322503,act_key_RFCTLARR_2013 (+0.2005),current_stage_GENERAL_NOTICE (-0.4558); derived_notice_count (-0.2903); district_Pune (-0.2677); derived_project_type_Irrigation / Canal (-0.2019); derived_days_in_current_stage (-0.1164),1,5,HIGH_UNCERTAINTY_SPARSE_EVENTS,PARTIAL — CALIBRATION NOT RELIABLE DUE TO EVENT SPARSITY,HIGH UNCERTAINTY: Estimates derived from sparse administrative milestone occurrences.
CAS_CLEAN_255,SNP_CAS_CLEAN_255_CASE_INITIATION_MILESTONE_20260903,20260903,CASE_INITIATION_TO_MILESTONE,1.0.0-cox-production-baseline,2493aa920caf664a,-1.609506,0.199986,,derived_notice_count (-0.5806); current_stage_GENERAL_NOTICE (-0.4558); district_Pune (-0.2677); derived_project_type_Irrigation / Canal (-0.2019); derived_days_in_current_stage (-0.1034),0,5,HIGH_UNCERTAINTY_SPARSE_EVENTS,PARTIAL — CALIBRATION NOT RELIABLE DUE TO EVENT SPARSITY,HIGH UNCERTAINTY: Estimates derived from sparse administrative milestone occurrences.
CAS_CLEAN_186,SNP_CAS_CLEAN_186_CASE_INITIATION_MILESTONE_20260904,20260904,CASE_INITIATION_TO_MILESTONE,1.0.0-cox-production-baseline,2493aa920caf664a,-0.813343,0.443373,act_key_RFCTLARR_2013 (+0.2005),current_stage_GENERAL_NOTICE (-0.4558); derived_notice_count (-0.2903); district_Pune (-0.2677),1,3,HIGH_UNCERTAINTY_SPARSE_EVENTS,PARTIAL — CALIBRATION NOT RELIABLE DUE TO EVENT SPARSITY,HIGH UNCERTAINTY: Estimates derived from sparse administrative milestone occurrences.
CAS_CLEAN_118,SNP_CAS_CLEAN_118_CASE_INITIATION_MILESTONE_20260907,20260907,CASE_INITIATION_TO_MILESTONE,1.0.0-cox-production-baseline,2493aa920caf664a,0.439935,1.552606,current_stage_SECTION_11 (+0.9761); act_key_RFCTLARR_2013 (+0.2005),derived_project_type_Rural Infrastructure (-0.4464); derived_notice_count (-0.2903),2,2,HIGH_UNCERTAINTY_SPARSE_EVENTS,PARTIAL — CALIBRATION NOT RELIABLE DUE TO EVENT SPARSITY,HIGH UNCERTAINTY: Estimates derived from sparse administrative milestone occurrences.
CAS_CLEAN_184,SNP_CAS_CLEAN_184_CASE_INITIATION_MILESTONE_20260910,20260910,CASE_INITIATION_TO_MILESTONE,1.0.0-cox-production-baseline,2493aa920caf664a,-0.813343,0.443373,act_key_RFCTLARR_2013 (+0.2005),current_stage_GENERAL_NOTICE (-0.4558); derived_notice_count (-0.2903); district_Pune (-0.2677),1,3,HIGH_UNCERTAINTY_SPARSE_EVENTS,PARTIAL — CALIBRATION NOT RELIABLE DUE TO EVENT SPARSITY,HIGH UNCERTAINTY: Estimates derived from sparse administrative milestone occurrences.
CAS_CLEAN_248,SNP_CAS_CLEAN_248_CASE_INITIATION_MILESTONE_20260910,20260910,CASE_INITIATION_TO_MILESTONE,1.0.0-cox-production-baseline,2493aa920caf664a,-0.813343,0.443373,act_key_RFCTLARR_2013 (+0.2005),current_stage_GENERAL_NOTICE (-0.4558); derived_notice_count (-0.2903); district_Pune (-0.2677),1,3,HIGH_UNCERTAINTY_SPARSE_EVENTS,PARTIAL — CALIBRATION NOT RELIABLE DUE TO EVENT SPARSITY,HIGH UNCERTAINTY: Estimates derived from sparse administrative milestone occurrences.
CAS_CLEAN_254,SNP_CAS_CLEAN_254_CASE_INITIATION_MILESTONE_20260910,20260910,CASE_INITIATION_TO_MILESTONE,1.0.0-cox-production-baseline,2493aa920caf664a,-0.813343,0.443373,act_key_RFCTLARR_2013 (+0.2005),current_stage_GENERAL_NOTICE (-0.4558); derived_notice_count (-0.2903); district_Pune (-0.2677),1,3,HIGH_UNCERTAINTY_SPARSE_EVENTS,PARTIAL — CALIBRATION NOT RELIABLE DUE TO EVENT SPARSITY,HIGH UNCERTAINTY: Estimates derived from sparse administrative milestone occurrences.
CAS_CLEAN_074,SNP_CAS_CLEAN_074_CASE_INITIATION_MILESTONE_20260911,20260911,CASE_INITIATION_TO_MILESTONE,1.0.0-cox-production-baseline,2493aa920caf664a,0.439935,1.552606,current_stage_SECTION_11 (+0.9761); act_key_RFCTLARR_2013 (+0.2005),derived_project_type_Rural Infrastructure (-0.4464); derived_notice_count (-0.2903),2,2,HIGH_UNCERTAINTY_SPARSE_EVENTS,PARTIAL — CALIBRATION NOT RELIABLE DUE TO EVENT SPARSITY,HIGH UNCERTAINTY: Estimates derived from sparse administrative milestone occurrences.
CAS_CLEAN_115,SNP_CAS_CLEAN_115_CASE_INITIATION_MILESTONE_20260921,20260921,CASE_INITIATION_TO_MILESTONE,1.0.0-cox-production-baseline,2493aa920caf664a,-0.661967,0.515836,act_key_RFCTLARR_2013 (+0.2005),current_stage_GENERAL_NOTICE (-0.4558); derived_notice_count (-0.2903); derived_days_in_current_stage (-0.1164),1,3,HIGH_UNCERTAINTY_SPARSE_EVENTS,PARTIAL — CALIBRATION NOT RELIABLE DUE TO EVENT SPARSITY,HIGH UNCERTAINTY: Estimates derived from sparse administrative milestone occurrences.
CAS_CLEAN_116,SNP_CAS_CLEAN_116_CASE_INITIATION_MILESTONE_20260921,20260921,CASE_INITIATION_TO_MILESTONE,1.0.0-cox-production-baseline,2493aa920caf664a,-0.661967,0.515836,act_key_RFCTLARR_2013 (+0.2005),current_stage_GENERAL_NOTICE (-0.4558); derived_notice_count (-0.2903); derived_days_in_current_stage (-0.1164),1,3,HIGH_UNCERTAINTY_SPARSE_EVENTS,PARTIAL — CALIBRATION NOT RELIABLE DUE TO EVENT SPARSITY,HIGH UNCERTAINTY: Estimates derived from sparse administrative milestone occurrences.
CAS_CLEAN_048,SNP_CAS_CLEAN_048_CASE_INITIATION_MILESTONE_20260922,20260922,CASE_INITIATION_TO_MILESTONE,1.0.0-cox-production-baseline,2493aa920caf664a,0.439935,1.552606,current_stage_SECTION_11 (+0.9761); act_key_RFCTLARR_2013 (+0.2005),derived_project_type_Rural Infrastructure (-0.4464); derived_notice_count (-0.2903),2,2,HIGH_UNCERTAINTY_SPARSE_EVENTS,PARTIAL — CALIBRATION NOT RELIABLE DUE TO EVENT SPARSITY,HIGH UNCERTAINTY: Estimates derived from sparse administrative milestone occurrences.
CAS_CLEAN_049,SNP_CAS_CLEAN_049_CASE_INITIATION_MILESTONE_20260922,20260922,CASE_INITIATION_TO_MILESTONE,1.0.0-cox-production-baseline,2493aa920caf664a,0.439935,1.552606,current_stage_SECTION_11 (+0.9761); act_key_RFCTLARR_2013 (+0.2005),derived_project_type_Rural Infrastructure (-0.4464); derived_notice_count (-0.2903),2,2,HIGH_UNCERTAINTY_SPARSE_EVENTS,PARTIAL — CALIBRATION NOT RELIABLE DUE TO EVENT SPARSITY,HIGH UNCERTAINTY: Estimates derived from sparse administrative milestone occurrences.
CAS_CLEAN_055,SNP_CAS_CLEAN_055_CASE_INITIATION_MILESTONE_20260922,20260922,CASE_INITIATION_TO_MILESTONE,1.0.0-cox-production-baseline,2493aa920caf664a,0.439935,1.552606,current_stage_SECTION_11 (+0.9761); act_key_RFCTLARR_2013 (+0.2005),derived_project_type_Rural Infrastructure (-0.4464); derived_notice_count (-0.2903),2,2,HIGH_UNCERTAINTY_SPARSE_EVENTS,PARTIAL — CALIBRATION NOT RELIABLE DUE TO EVENT SPARSITY,HIGH UNCERTAINTY: Estimates derived from sparse administrative milestone occurrences.
CAS_CLEAN_056,SNP_CAS_CLEAN_056_CASE_INITIATION_MILESTONE_20260922,20260922,CASE_INITIATION_TO_MILESTONE,1.0.0-cox-production-baseline,2493aa920caf664a,0.439935,1.552606,current_stage_SECTION_11 (+0.9761); act_key_RFCTLARR_2013 (+0.2005),derived_project_type_Rural Infrastructure (-0.4464); derived_notice_count (-0.2903),2,2,HIGH_UNCERTAINTY_SPARSE_EVENTS,PARTIAL — CALIBRATION NOT RELIABLE DUE TO EVENT SPARSITY,HIGH UNCERTAINTY: Estimates derived from sparse administrative milestone occurrences.
CAS_CLEAN_066,SNP_CAS_CLEAN_066_CASE_INITIATION_MILESTONE_20260922,20260922,CASE_INITIATION_TO_MILESTONE,1.0.0-cox-production-baseline,2493aa920caf664a,0.439935,1.552606,current_stage_SECTION_11 (+0.9761); act_key_RFCTLARR_2013 (+0.2005),derived_project_type_Rural Infrastructure (-0.4464); derived_notice_count (-0.2903),2,2,HIGH_UNCERTAINTY_SPARSE_EVENTS,PARTIAL — CALIBRATION NOT RELIABLE DUE TO EVENT SPARSITY,HIGH UNCERTAINTY: Estimates derived from sparse administrative milestone occurrences.
CAS_CLEAN_138,SNP_CAS_CLEAN_138_CASE_INITIATION_MILESTONE_20260922,20260922,CASE_INITIATION_TO_MILESTONE,1.0.0-cox-production-baseline,2493aa920caf664a,0.439935,1.552606,current_stage_SECTION_11 (+0.9761); act_key_RFCTLARR_2013 (+0.2005),derived_project_type_Rural Infrastructure (-0.4464); derived_notice_count (-0.2903),2,2,HIGH_UNCERTAINTY_SPARSE_EVENTS,PARTIAL — CALIBRATION NOT RELIABLE DUE TO EVENT SPARSITY,HIGH UNCERTAINTY: Estimates derived from sparse administrative milestone occurrences.
CAS_CLEAN_158,SNP_CAS_CLEAN_158_CASE_INITIATION_MILESTONE_20260922,20260922,CASE_INITIATION_TO_MILESTONE,1.0.0-cox-production-baseline,2493aa920caf664a,0.439935,1.552606,current_stage_SECTION_11 (+0.9761); act_key_RFCTLARR_2013 (+0.2005),derived_project_type_Rural Infrastructure (-0.4464); derived_notice_count (-0.2903),2,2,HIGH_UNCERTAINTY_SPARSE_EVENTS,PARTIAL — CALIBRATION NOT RELIABLE DUE TO EVENT SPARSITY,HIGH UNCERTAINTY: Estimates derived from sparse administrative milestone occurrences.
CAS_CLEAN_180,SNP_CAS_CLEAN_180_CASE_INITIATION_MILESTONE_20260927,20260927,CASE_INITIATION_TO_MILESTONE,1.0.0-cox-production-baseline,2493aa920caf664a,-1.376095,0.252563,act_key_RFCTLARR_2013 (+0.2005),current_stage_GENERAL_NOTICE (-0.4558); derived_project_type_Rural Infrastructure (-0.4464); derived_notice_count (-0.2903); district_Pune (-0.2677); derived_days_in_current_stage (-0.1164),1,5,HIGH_UNCERTAINTY_SPARSE_EVENTS,PARTIAL — CALIBRATION NOT RELIABLE DUE TO EVENT SPARSITY,HIGH UNCERTAINTY: Estimates derived from sparse administrative milestone occurrences.
CAS_CLEAN_249,SNP_CAS_CLEAN_249_S11_S19_20260504,20260504,SECTION_11_TO_SECTION_19,1.0.0-cox-production-baseline,6cab5d24dbc3587b,0.0,1.0,,,0,0,HIGH_UNCERTAINTY_SPARSE_EVENTS,PARTIAL — CALIBRATION NOT RELIABLE DUE TO EVENT SPARSITY,HIGH UNCERTAINTY: Estimates derived from sparse administrative milestone occurrences.
CAS_CLEAN_037,SNP_CAS_CLEAN_037_S11_S19_20260521,20260521,SECTION_11_TO_SECTION_19,1.0.0-cox-production-baseline,6cab5d24dbc3587b,-1.841092,0.158644,,derived_project_type_Rural Infrastructure (-1.8411),0,1,HIGH_UNCERTAINTY_SPARSE_EVENTS,PARTIAL — CALIBRATION NOT RELIABLE DUE TO EVENT SPARSITY,HIGH UNCERTAINTY: Estimates derived from sparse administrative milestone occurrences.
CAS_CLEAN_174,SNP_CAS_CLEAN_174_S11_S19_20260729,20260729,SECTION_11_TO_SECTION_19,1.0.0-cox-production-baseline,6cab5d24dbc3587b,0.0,1.0,,,0,0,HIGH_UNCERTAINTY_SPARSE_EVENTS,PARTIAL — CALIBRATION NOT RELIABLE DUE TO EVENT SPARSITY,HIGH UNCERTAINTY: Estimates derived from sparse administrative milestone occurrences.
CAS_CLEAN_175,SNP_CAS_CLEAN_175_S11_S19_20260729,20260729,SECTION_11_TO_SECTION_19,1.0.0-cox-production-baseline,6cab5d24dbc3587b,0.0,1.0,,,0,0,HIGH_UNCERTAINTY_SPARSE_EVENTS,PARTIAL — CALIBRATION NOT RELIABLE DUE TO EVENT SPARSITY,HIGH UNCERTAINTY: Estimates derived from sparse administrative milestone occurrences.
CAS_CLEAN_249,SNP_CAS_CLEAN_249_S11_S19_20260802,20260802,SECTION_11_TO_SECTION_19,1.0.0-cox-production-baseline,6cab5d24dbc3587b,-0.60741,0.54476,,derived_days_in_current_stage (-0.6074),0,1,HIGH_UNCERTAINTY_SPARSE_EVENTS,PARTIAL — CALIBRATION NOT RELIABLE DUE TO EVENT SPARSITY,HIGH UNCERTAINTY: Estimates derived from sparse administrative milestone occurrences.
CAS_CLEAN_261,SNP_CAS_CLEAN_261_S11_S19_20260807,20260807,SECTION_11_TO_SECTION_19,1.0.0-cox-production-baseline,6cab5d24dbc3587b,-0.802442,0.448233,,district_Solapur (-0.8024),0,1,HIGH_UNCERTAINTY_SPARSE_EVENTS,PARTIAL — CALIBRATION NOT RELIABLE DUE TO EVENT SPARSITY,HIGH UNCERTAINTY: Estimates derived from sparse administrative milestone occurrences.
CAS_CLEAN_007,SNP_CAS_CLEAN_007_S11_S19_20260814,20260814,SECTION_11_TO_SECTION_19,1.0.0-cox-production-baseline,6cab5d24dbc3587b,-1.841092,0.158644,,derived_project_type_Rural Infrastructure (-1.8411),0,1,HIGH_UNCERTAINTY_SPARSE_EVENTS,PARTIAL — CALIBRATION NOT RELIABLE DUE TO EVENT SPARSITY,HIGH UNCERTAINTY: Estimates derived from sparse administrative milestone occurrences.
CAS_CLEAN_008,SNP_CAS_CLEAN_008_S11_S19_20260814,20260814,SECTION_11_TO_SECTION_19,1.0.0-cox-production-baseline,6cab5d24dbc3587b,-1.841092,0.158644,,derived_project_type_Rural Infrastructure (-1.8411),0,1,HIGH_UNCERTAINTY_SPARSE_EVENTS,PARTIAL — CALIBRATION NOT RELIABLE DUE TO EVENT SPARSITY,HIGH UNCERTAINTY: Estimates derived from sparse administrative milestone occurrences.
CAS_CLEAN_013,SNP_CAS_CLEAN_013_S11_S19_20260814,20260814,SECTION_11_TO_SECTION_19,1.0.0-cox-production-baseline,6cab5d24dbc3587b,-1.841092,0.158644,,derived_project_type_Rural Infrastructure (-1.8411),0,1,HIGH_UNCERTAINTY_SPARSE_EVENTS,PARTIAL — CALIBRATION NOT RELIABLE DUE TO EVENT SPARSITY,HIGH UNCERTAINTY: Estimates derived from sparse administrative milestone occurrences.
CAS_CLEAN_017,SNP_CAS_CLEAN_017_S11_S19_20260814,20260814,SECTION_11_TO_SECTION_19,1.0.0-cox-production-baseline,6cab5d24dbc3587b,-1.841092,0.158644,,derived_project_type_Rural Infrastructure (-1.8411),0,1,HIGH_UNCERTAINTY_SPARSE_EVENTS,PARTIAL — CALIBRATION NOT RELIABLE DUE TO EVENT SPARSITY,HIGH UNCERTAINTY: Estimates derived from sparse administrative milestone occurrences.
CAS_CLEAN_035,SNP_CAS_CLEAN_035_S11_S19_20260814,20260814,SECTION_11_TO_SECTION_19,1.0.0-cox-production-baseline,6cab5d24dbc3587b,-1.841092,0.158644,,derived_project_type_Rural Infrastructure (-1.8411),0,1,HIGH_UNCERTAINTY_SPARSE_EVENTS,PARTIAL — CALIBRATION NOT RELIABLE DUE TO EVENT SPARSITY,HIGH UNCERTAINTY: Estimates derived from sparse administrative milestone occurrences.
CAS_CLEAN_062,SNP_CAS_CLEAN_062_S11_S19_20260814,20260814,SECTION_11_TO_SECTION_19,1.0.0-cox-production-baseline,6cab5d24dbc3587b,-1.841092,0.158644,,derived_project_type_Rural Infrastructure (-1.8411),0,1,HIGH_UNCERTAINTY_SPARSE_EVENTS,PARTIAL — CALIBRATION NOT RELIABLE DUE TO EVENT SPARSITY,HIGH UNCERTAINTY: Estimates derived from sparse administrative milestone occurrences.
CAS_CLEAN_069,SNP_CAS_CLEAN_069_S11_S19_20260814,20260814,SECTION_11_TO_SECTION_19,1.0.0-cox-production-baseline,6cab5d24dbc3587b,-1.841092,0.158644,,derived_project_type_Rural Infrastructure (-1.8411),0,1,HIGH_UNCERTAINTY_SPARSE_EVENTS,PARTIAL — CALIBRATION NOT RELIABLE DUE TO EVENT SPARSITY,HIGH UNCERTAINTY: Estimates derived from sparse administrative milestone occurrences.
CAS_CLEAN_082,SNP_CAS_CLEAN_082_S11_S19_20260814,20260814,SECTION_11_TO_SECTION_19,1.0.0-cox-production-baseline,6cab5d24dbc3587b,-1.841092,0.158644,,derived_project_type_Rural Infrastructure (-1.8411),0,1,HIGH_UNCERTAINTY_SPARSE_EVENTS,PARTIAL — CALIBRATION NOT RELIABLE DUE TO EVENT SPARSITY,HIGH UNCERTAINTY: Estimates derived from sparse administrative milestone occurrences.
CAS_CLEAN_086,SNP_CAS_CLEAN_086_S11_S19_20260814,20260814,SECTION_11_TO_SECTION_19,1.0.0-cox-production-baseline,6cab5d24dbc3587b,-1.841092,0.158644,,derived_project_type_Rural Infrastructure (-1.8411),0,1,HIGH_UNCERTAINTY_SPARSE_EVENTS,PARTIAL — CALIBRATION NOT RELIABLE DUE TO EVENT SPARSITY,HIGH UNCERTAINTY: Estimates derived from sparse administrative milestone occurrences.
CAS_CLEAN_104,SNP_CAS_CLEAN_104_S11_S19_20260814,20260814,SECTION_11_TO_SECTION_19,1.0.0-cox-production-baseline,6cab5d24dbc3587b,-1.841092,0.158644,,derived_project_type_Rural Infrastructure (-1.8411),0,1,HIGH_UNCERTAINTY_SPARSE_EVENTS,PARTIAL — CALIBRATION NOT RELIABLE DUE TO EVENT SPARSITY,HIGH UNCERTAINTY: Estimates derived from sparse administrative milestone occurrences.
CAS_CLEAN_105,SNP_CAS_CLEAN_105_S11_S19_20260814,20260814,SECTION_11_TO_SECTION_19,1.0.0-cox-production-baseline,6cab5d24dbc3587b,-1.841092,0.158644,,derived_project_type_Rural Infrastructure (-1.8411),0,1,HIGH_UNCERTAINTY_SPARSE_EVENTS,PARTIAL — CALIBRATION NOT RELIABLE DUE TO EVENT SPARSITY,HIGH UNCERTAINTY: Estimates derived from sparse administrative milestone occurrences.
CAS_CLEAN_106,SNP_CAS_CLEAN_106_S11_S19_20260814,20260814,SECTION_11_TO_SECTION_19,1.0.0-cox-production-baseline,6cab5d24dbc3587b,-1.841092,0.158644,,derived_project_type_Rural Infrastructure (-1.8411),0,1,HIGH_UNCERTAINTY_SPARSE_EVENTS,PARTIAL — CALIBRATION NOT RELIABLE DUE TO EVENT SPARSITY,HIGH UNCERTAINTY: Estimates derived from sparse administrative milestone occurrences.
CAS_CLEAN_119,SNP_CAS_CLEAN_119_S11_S19_20260814,20260814,SECTION_11_TO_SECTION_19,1.0.0-cox-production-baseline,6cab5d24dbc3587b,-1.841092,0.158644,,derived_project_type_Rural Infrastructure (-1.8411),0,1,HIGH_UNCERTAINTY_SPARSE_EVENTS,PARTIAL — CALIBRATION NOT RELIABLE DUE TO EVENT SPARSITY,HIGH UNCERTAINTY: Estimates derived from sparse administrative milestone occurrences.
CAS_CLEAN_122,SNP_CAS_CLEAN_122_S11_S19_20260814,20260814,SECTION_11_TO_SECTION_19,1.0.0-cox-production-baseline,6cab5d24dbc3587b,-1.841092,0.158644,,derived_project_type_Rural Infrastructure (-1.8411),0,1,HIGH_UNCERTAINTY_SPARSE_EVENTS,PARTIAL — CALIBRATION NOT RELIABLE DUE TO EVENT SPARSITY,HIGH UNCERTAINTY: Estimates derived from sparse administrative milestone occurrences.
CAS_CLEAN_130,SNP_CAS_CLEAN_130_S11_S19_20260814,20260814,SECTION_11_TO_SECTION_19,1.0.0-cox-production-baseline,6cab5d24dbc3587b,-1.841092,0.158644,,derived_project_type_Rural Infrastructure (-1.8411),0,1,HIGH_UNCERTAINTY_SPARSE_EVENTS,PARTIAL — CALIBRATION NOT RELIABLE DUE TO EVENT SPARSITY,HIGH UNCERTAINTY: Estimates derived from sparse administrative milestone occurrences.
CAS_CLEAN_141,SNP_CAS_CLEAN_141_S11_S19_20260814,20260814,SECTION_11_TO_SECTION_19,1.0.0-cox-production-baseline,6cab5d24dbc3587b,-1.841092,0.158644,,derived_project_type_Rural Infrastructure (-1.8411),0,1,HIGH_UNCERTAINTY_SPARSE_EVENTS,PARTIAL — CALIBRATION NOT RELIABLE DUE TO EVENT SPARSITY,HIGH UNCERTAINTY: Estimates derived from sparse administrative milestone occurrences.
CAS_CLEAN_143,SNP_CAS_CLEAN_143_S11_S19_20260814,20260814,SECTION_11_TO_SECTION_19,1.0.0-cox-production-baseline,6cab5d24dbc3587b,-1.841092,0.158644,,derived_project_type_Rural Infrastructure (-1.8411),0,1,HIGH_UNCERTAINTY_SPARSE_EVENTS,PARTIAL — CALIBRATION NOT RELIABLE DUE TO EVENT SPARSITY,HIGH UNCERTAINTY: Estimates derived from sparse administrative milestone occurrences.
CAS_CLEAN_150,SNP_CAS_CLEAN_150_S11_S19_20260814,20260814,SECTION_11_TO_SECTION_19,1.0.0-cox-production-baseline,6cab5d24dbc3587b,-1.841092,0.158644,,derived_project_type_Rural Infrastructure (-1.8411),0,1,HIGH_UNCERTAINTY_SPARSE_EVENTS,PARTIAL — CALIBRATION NOT RELIABLE DUE TO EVENT SPARSITY,HIGH UNCERTAINTY: Estimates derived from sparse administrative milestone occurrences.
CAS_CLEAN_152,SNP_CAS_CLEAN_152_S11_S19_20260814,20260814,SECTION_11_TO_SECTION_19,1.0.0-cox-production-baseline,6cab5d24dbc3587b,-1.841092,0.158644,,derived_project_type_Rural Infrastructure (-1.8411),0,1,HIGH_UNCERTAINTY_SPARSE_EVENTS,PARTIAL — CALIBRATION NOT RELIABLE DUE TO EVENT SPARSITY,HIGH UNCERTAINTY: Estimates derived from sparse administrative milestone occurrences.
CAS_CLEAN_157,SNP_CAS_CLEAN_157_S11_S19_20260814,20260814,SECTION_11_TO_SECTION_19,1.0.0-cox-production-baseline,6cab5d24dbc3587b,-1.841092,0.158644,,derived_project_type_Rural Infrastructure (-1.8411),0,1,HIGH_UNCERTAINTY_SPARSE_EVENTS,PARTIAL — CALIBRATION NOT RELIABLE DUE TO EVENT SPARSITY,HIGH UNCERTAINTY: Estimates derived from sparse administrative milestone occurrences.
CAS_CLEAN_159,SNP_CAS_CLEAN_159_S11_S19_20260814,20260814,SECTION_11_TO_SECTION_19,1.0.0-cox-production-baseline,6cab5d24dbc3587b,-1.841092,0.158644,,derived_project_type_Rural Infrastructure (-1.8411),0,1,HIGH_UNCERTAINTY_SPARSE_EVENTS,PARTIAL — CALIBRATION NOT RELIABLE DUE TO EVENT SPARSITY,HIGH UNCERTAINTY: Estimates derived from sparse administrative milestone occurrences.
CAS_CLEAN_188,SNP_CAS_CLEAN_188_S11_S19_20260814,20260814,SECTION_11_TO_SECTION_19,1.0.0-cox-production-baseline,6cab5d24dbc3587b,-1.841092,0.158644,,derived_project_type_Rural Infrastructure (-1.8411),0,1,HIGH_UNCERTAINTY_SPARSE_EVENTS,PARTIAL — CALIBRATION NOT RELIABLE DUE TO EVENT SPARSITY,HIGH UNCERTAINTY: Estimates derived from sparse administrative milestone occurrences.
CAS_CLEAN_004,SNP_CAS_CLEAN_004_S11_S19_20260817,20260817,SECTION_11_TO_SECTION_19,1.0.0-cox-production-baseline,6cab5d24dbc3587b,-1.841092,0.158644,,derived_project_type_Rural Infrastructure (-1.8411),0,1,HIGH_UNCERTAINTY_SPARSE_EVENTS,PARTIAL — CALIBRATION NOT RELIABLE DUE TO EVENT SPARSITY,HIGH UNCERTAINTY: Estimates derived from sparse administrative milestone occurrences.
CAS_CLEAN_012,SNP_CAS_CLEAN_012_S11_S19_20260817,20260817,SECTION_11_TO_SECTION_19,1.0.0-cox-production-baseline,6cab5d24dbc3587b,-1.841092,0.158644,,derived_project_type_Rural Infrastructure (-1.8411),0,1,HIGH_UNCERTAINTY_SPARSE_EVENTS,PARTIAL — CALIBRATION NOT RELIABLE DUE TO EVENT SPARSITY,HIGH UNCERTAINTY: Estimates derived from sparse administrative milestone occurrences.
CAS_CLEAN_063,SNP_CAS_CLEAN_063_S11_S19_20260817,20260817,SECTION_11_TO_SECTION_19,1.0.0-cox-production-baseline,6cab5d24dbc3587b,-1.841092,0.158644,,derived_project_type_Rural Infrastructure (-1.8411),0,1,HIGH_UNCERTAINTY_SPARSE_EVENTS,PARTIAL — CALIBRATION NOT RELIABLE DUE TO EVENT SPARSITY,HIGH UNCERTAINTY: Estimates derived from sparse administrative milestone occurrences.
CAS_CLEAN_068,SNP_CAS_CLEAN_068_S11_S19_20260817,20260817,SECTION_11_TO_SECTION_19,1.0.0-cox-production-baseline,6cab5d24dbc3587b,-1.841092,0.158644,,derived_project_type_Rural Infrastructure (-1.8411),0,1,HIGH_UNCERTAINTY_SPARSE_EVENTS,PARTIAL — CALIBRATION NOT RELIABLE DUE TO EVENT SPARSITY,HIGH UNCERTAINTY: Estimates derived from sparse administrative milestone occurrences.
CAS_CLEAN_077,SNP_CAS_CLEAN_077_S11_S19_20260817,20260817,SECTION_11_TO_SECTION_19,1.0.0-cox-production-baseline,6cab5d24dbc3587b,-1.841092,0.158644,,derived_project_type_Rural Infrastructure (-1.8411),0,1,HIGH_UNCERTAINTY_SPARSE_EVENTS,PARTIAL — CALIBRATION NOT RELIABLE DUE TO EVENT SPARSITY,HIGH UNCERTAINTY: Estimates derived from sparse administrative milestone occurrences.
CAS_CLEAN_090,SNP_CAS_CLEAN_090_S11_S19_20260817,20260817,SECTION_11_TO_SECTION_19,1.0.0-cox-production-baseline,6cab5d24dbc3587b,-1.841092,0.158644,,derived_project_type_Rural Infrastructure (-1.8411),0,1,HIGH_UNCERTAINTY_SPARSE_EVENTS,PARTIAL — CALIBRATION NOT RELIABLE DUE TO EVENT SPARSITY,HIGH UNCERTAINTY: Estimates derived from sparse administrative milestone occurrences.
CAS_CLEAN_135,SNP_CAS_CLEAN_135_S11_S19_20260817,20260817,SECTION_11_TO_SECTION_19,1.0.0-cox-production-baseline,6cab5d24dbc3587b,-1.841092,0.158644,,derived_project_type_Rural Infrastructure (-1.8411),0,1,HIGH_UNCERTAINTY_SPARSE_EVENTS,PARTIAL — CALIBRATION NOT RELIABLE DUE TO EVENT SPARSITY,HIGH UNCERTAINTY: Estimates derived from sparse administrative milestone occurrences.
CAS_CLEAN_153,SNP_CAS_CLEAN_153_S11_S19_20260817,20260817,SECTION_11_TO_SECTION_19,1.0.0-cox-production-baseline,6cab5d24dbc3587b,-1.841092,0.158644,,derived_project_type_Rural Infrastructure (-1.8411),0,1,HIGH_UNCERTAINTY_SPARSE_EVENTS,PARTIAL — CALIBRATION NOT RELIABLE DUE TO EVENT SPARSITY,HIGH UNCERTAINTY: Estimates derived from sparse administrative milestone occurrences.
CAS_CLEAN_018,SNP_CAS_CLEAN_018_S11_S19_20260819,20260819,SECTION_11_TO_SECTION_19,1.0.0-cox-production-baseline,6cab5d24dbc3587b,-1.841092,0.158644,,derived_project_type_Rural Infrastructure (-1.8411),0,1,HIGH_UNCERTAINTY_SPARSE_EVENTS,PARTIAL — CALIBRATION NOT RELIABLE DUE TO EVENT SPARSITY,HIGH UNCERTAINTY: Estimates derived from sparse administrative milestone occurrences.
CAS_CLEAN_037,SNP_CAS_CLEAN_037_S11_S19_20260819,20260819,SECTION_11_TO_SECTION_19,1.0.0-cox-production-baseline,6cab5d24dbc3587b,-2.448502,0.086423,,derived_project_type_Rural Infrastructure (-1.8411); derived_days_in_current_stage (-0.6074),0,2,HIGH_UNCERTAINTY_SPARSE_EVENTS,PARTIAL — CALIBRATION NOT RELIABLE DUE TO EVENT SPARSITY,HIGH UNCERTAINTY: Estimates derived from sparse administrative milestone occurrences.
CAS_CLEAN_067,SNP_CAS_CLEAN_067_S11_S19_20260819,20260819,SECTION_11_TO_SECTION_19,1.0.0-cox-production-baseline,6cab5d24dbc3587b,-1.841092,0.158644,,derived_project_type_Rural Infrastructure (-1.8411),0,1,HIGH_UNCERTAINTY_SPARSE_EVENTS,PARTIAL — CALIBRATION NOT RELIABLE DUE TO EVENT SPARSITY,HIGH UNCERTAINTY: Estimates derived from sparse administrative milestone occurrences.
CAS_CLEAN_075,SNP_CAS_CLEAN_075_S11_S19_20260819,20260819,SECTION_11_TO_SECTION_19,1.0.0-cox-production-baseline,6cab5d24dbc3587b,-1.841092,0.158644,,derived_project_type_Rural Infrastructure (-1.8411),0,1,HIGH_UNCERTAINTY_SPARSE_EVENTS,PARTIAL — CALIBRATION NOT RELIABLE DUE TO EVENT SPARSITY,HIGH UNCERTAINTY: Estimates derived from sparse administrative milestone occurrences.
CAS_CLEAN_084,SNP_CAS_CLEAN_084_S11_S19_20260819,20260819,SECTION_11_TO_SECTION_19,1.0.0-cox-production-baseline,6cab5d24dbc3587b,-1.841092,0.158644,,derived_project_type_Rural Infrastructure (-1.8411),0,1,HIGH_UNCERTAINTY_SPARSE_EVENTS,PARTIAL — CALIBRATION NOT RELIABLE DUE TO EVENT SPARSITY,HIGH UNCERTAINTY: Estimates derived from sparse administrative milestone occurrences.
CAS_CLEAN_089,SNP_CAS_CLEAN_089_S11_S19_20260819,20260819,SECTION_11_TO_SECTION_19,1.0.0-cox-production-baseline,6cab5d24dbc3587b,-1.841092,0.158644,,derived_project_type_Rural Infrastructure (-1.8411),0,1,HIGH_UNCERTAINTY_SPARSE_EVENTS,PARTIAL — CALIBRATION NOT RELIABLE DUE TO EVENT SPARSITY,HIGH UNCERTAINTY: Estimates derived from sparse administrative milestone occurrences.
CAS_CLEAN_107,SNP_CAS_CLEAN_107_S11_S19_20260819,20260819,SECTION_11_TO_SECTION_19,1.0.0-cox-production-baseline,6cab5d24dbc3587b,-1.841092,0.158644,,derived_project_type_Rural Infrastructure (-1.8411),0,1,HIGH_UNCERTAINTY_SPARSE_EVENTS,PARTIAL — CALIBRATION NOT RELIABLE DUE TO EVENT SPARSITY,HIGH UNCERTAINTY: Estimates derived from sparse administrative milestone occurrences.
CAS_CLEAN_123,SNP_CAS_CLEAN_123_S11_S19_20260819,20260819,SECTION_11_TO_SECTION_19,1.0.0-cox-production-baseline,6cab5d24dbc3587b,-1.841092,0.158644,,derived_project_type_Rural Infrastructure (-1.8411),0,1,HIGH_UNCERTAINTY_SPARSE_EVENTS,PARTIAL — CALIBRATION NOT RELIABLE DUE TO EVENT SPARSITY,HIGH UNCERTAINTY: Estimates derived from sparse administrative milestone occurrences.
CAS_CLEAN_125,SNP_CAS_CLEAN_125_S11_S19_20260819,20260819,SECTION_11_TO_SECTION_19,1.0.0-cox-production-baseline,6cab5d24dbc3587b,-1.841092,0.158644,,derived_project_type_Rural Infrastructure (-1.8411),0,1,HIGH_UNCERTAINTY_SPARSE_EVENTS,PARTIAL — CALIBRATION NOT RELIABLE DUE TO EVENT SPARSITY,HIGH UNCERTAINTY: Estimates derived from sparse administrative milestone occurrences.
CAS_CLEAN_144,SNP_CAS_CLEAN_144_S11_S19_20260819,20260819,SECTION_11_TO_SECTION_19,1.0.0-cox-production-baseline,6cab5d24dbc3587b,-1.841092,0.158644,,derived_project_type_Rural Infrastructure (-1.8411),0,1,HIGH_UNCERTAINTY_SPARSE_EVENTS,PARTIAL — CALIBRATION NOT RELIABLE DUE TO EVENT SPARSITY,HIGH UNCERTAINTY: Estimates derived from sparse administrative milestone occurrences.
CAS_CLEAN_151,SNP_CAS_CLEAN_151_S11_S19_20260819,20260819,SECTION_11_TO_SECTION_19,1.0.0-cox-production-baseline,6cab5d24dbc3587b,-1.841092,0.158644,,derived_project_type_Rural Infrastructure (-1.8411),0,1,HIGH_UNCERTAINTY_SPARSE_EVENTS,PARTIAL — CALIBRATION NOT RELIABLE DUE TO EVENT SPARSITY,HIGH UNCERTAINTY: Estimates derived from sparse administrative milestone occurrences.
CAS_CLEAN_155,SNP_CAS_CLEAN_155_S11_S19_20260819,20260819,SECTION_11_TO_SECTION_19,1.0.0-cox-production-baseline,6cab5d24dbc3587b,-1.841092,0.158644,,derived_project_type_Rural Infrastructure (-1.8411),0,1,HIGH_UNCERTAINTY_SPARSE_EVENTS,PARTIAL — CALIBRATION NOT RELIABLE DUE TO EVENT SPARSITY,HIGH UNCERTAINTY: Estimates derived from sparse administrative milestone occurrences.
CAS_CLEAN_257,SNP_CAS_CLEAN_257_S11_S19_20260825,20260825,SECTION_11_TO_SECTION_19,1.0.0-cox-production-baseline,6cab5d24dbc3587b,0.0,1.0,,,0,0,HIGH_UNCERTAINTY_SPARSE_EVENTS,PARTIAL — CALIBRATION NOT RELIABLE DUE TO EVENT SPARSITY,HIGH UNCERTAINTY: Estimates derived from sparse administrative milestone occurrences.
CAS_CLEAN_137,SNP_CAS_CLEAN_137_S11_S19_20260903,20260903,SECTION_11_TO_SECTION_19,1.0.0-cox-production-baseline,6cab5d24dbc3587b,-1.841092,0.158644,,derived_project_type_Rural Infrastructure (-1.8411),0,1,HIGH_UNCERTAINTY_SPARSE_EVENTS,PARTIAL — CALIBRATION NOT RELIABLE DUE TO EVENT SPARSITY,HIGH UNCERTAINTY: Estimates derived from sparse administrative milestone occurrences.
CAS_CLEAN_118,SNP_CAS_CLEAN_118_S11_S19_20260907,20260907,SECTION_11_TO_SECTION_19,1.0.0-cox-production-baseline,6cab5d24dbc3587b,-1.841092,0.158644,,derived_project_type_Rural Infrastructure (-1.8411),0,1,HIGH_UNCERTAINTY_SPARSE_EVENTS,PARTIAL — CALIBRATION NOT RELIABLE DUE TO EVENT SPARSITY,HIGH UNCERTAINTY: Estimates derived from sparse administrative milestone occurrences.
CAS_CLEAN_074,SNP_CAS_CLEAN_074_S11_S19_20260911,20260911,SECTION_11_TO_SECTION_19,1.0.0-cox-production-baseline,6cab5d24dbc3587b,-1.841092,0.158644,,derived_project_type_Rural Infrastructure (-1.8411),0,1,HIGH_UNCERTAINTY_SPARSE_EVENTS,PARTIAL — CALIBRATION NOT RELIABLE DUE TO EVENT SPARSITY,HIGH UNCERTAINTY: Estimates derived from sparse administrative milestone occurrences.
CAS_CLEAN_048,SNP_CAS_CLEAN_048_S11_S19_20260922,20260922,SECTION_11_TO_SECTION_19,1.0.0-cox-production-baseline,6cab5d24dbc3587b,-1.841092,0.158644,,derived_project_type_Rural Infrastructure (-1.8411),0,1,HIGH_UNCERTAINTY_SPARSE_EVENTS,PARTIAL — CALIBRATION NOT RELIABLE DUE TO EVENT SPARSITY,HIGH UNCERTAINTY: Estimates derived from sparse administrative milestone occurrences.
CAS_CLEAN_049,SNP_CAS_CLEAN_049_S11_S19_20260922,20260922,SECTION_11_TO_SECTION_19,1.0.0-cox-production-baseline,6cab5d24dbc3587b,-1.841092,0.158644,,derived_project_type_Rural Infrastructure (-1.8411),0,1,HIGH_UNCERTAINTY_SPARSE_EVENTS,PARTIAL — CALIBRATION NOT RELIABLE DUE TO EVENT SPARSITY,HIGH UNCERTAINTY: Estimates derived from sparse administrative milestone occurrences.
CAS_CLEAN_055,SNP_CAS_CLEAN_055_S11_S19_20260922,20260922,SECTION_11_TO_SECTION_19,1.0.0-cox-production-baseline,6cab5d24dbc3587b,-1.841092,0.158644,,derived_project_type_Rural Infrastructure (-1.8411),0,1,HIGH_UNCERTAINTY_SPARSE_EVENTS,PARTIAL — CALIBRATION NOT RELIABLE DUE TO EVENT SPARSITY,HIGH UNCERTAINTY: Estimates derived from sparse administrative milestone occurrences.
CAS_CLEAN_056,SNP_CAS_CLEAN_056_S11_S19_20260922,20260922,SECTION_11_TO_SECTION_19,1.0.0-cox-production-baseline,6cab5d24dbc3587b,-1.841092,0.158644,,derived_project_type_Rural Infrastructure (-1.8411),0,1,HIGH_UNCERTAINTY_SPARSE_EVENTS,PARTIAL — CALIBRATION NOT RELIABLE DUE TO EVENT SPARSITY,HIGH UNCERTAINTY: Estimates derived from sparse administrative milestone occurrences.
CAS_CLEAN_066,SNP_CAS_CLEAN_066_S11_S19_20260922,20260922,SECTION_11_TO_SECTION_19,1.0.0-cox-production-baseline,6cab5d24dbc3587b,-1.841092,0.158644,,derived_project_type_Rural Infrastructure (-1.8411),0,1,HIGH_UNCERTAINTY_SPARSE_EVENTS,PARTIAL — CALIBRATION NOT RELIABLE DUE TO EVENT SPARSITY,HIGH UNCERTAINTY: Estimates derived from sparse administrative milestone occurrences.
CAS_CLEAN_138,SNP_CAS_CLEAN_138_S11_S19_20260922,20260922,SECTION_11_TO_SECTION_19,1.0.0-cox-production-baseline,6cab5d24dbc3587b,-1.841092,0.158644,,derived_project_type_Rural Infrastructure (-1.8411),0,1,HIGH_UNCERTAINTY_SPARSE_EVENTS,PARTIAL — CALIBRATION NOT RELIABLE DUE TO EVENT SPARSITY,HIGH UNCERTAINTY: Estimates derived from sparse administrative milestone occurrences.
CAS_CLEAN_158,SNP_CAS_CLEAN_158_S11_S19_20260922,20260922,SECTION_11_TO_SECTION_19,1.0.0-cox-production-baseline,6cab5d24dbc3587b,-1.841092,0.158644,,derived_project_type_Rural Infrastructure (-1.8411),0,1,HIGH_UNCERTAINTY_SPARSE_EVENTS,PARTIAL — CALIBRATION NOT RELIABLE DUE TO EVENT SPARSITY,HIGH UNCERTAINTY: Estimates derived from sparse administrative milestone occurrences.
CAS_CLEAN_170,SNP_CAS_CLEAN_170_S19_AWARD_20260807,20260807,SECTION_19_TO_AWARD,1.0.0-cox-production-baseline,260328f59192648f,-0.799224,0.449678,current_stage_SECTION_19 (+0.0392),derived_project_type_Rural Infrastructure (-0.8168); derived_notice_count (-0.0217),1,2,EXTREME_UNCERTAINTY_ZERO_EVENTS,CALIBRATION NOT RELIABLE — INSUFFICIENT EVENTS,CRITICAL: Zero target events observed in out-of-sample holdout; single-cluster train data.
CAS_CLEAN_171,SNP_CAS_CLEAN_171_S19_AWARD_20260814,20260814,SECTION_19_TO_AWARD,1.0.0-cox-production-baseline,260328f59192648f,-0.799224,0.449678,current_stage_SECTION_19 (+0.0392),derived_project_type_Rural Infrastructure (-0.8168); derived_notice_count (-0.0217),1,2,EXTREME_UNCERTAINTY_ZERO_EVENTS,CALIBRATION NOT RELIABLE — INSUFFICIENT EVENTS,CRITICAL: Zero target events observed in out-of-sample holdout; single-cluster train data.
CAS_CLEAN_098,SNP_CAS_CLEAN_098_S19_AWARD_20260817,20260817,SECTION_19_TO_AWARD,1.0.0-cox-production-baseline,260328f59192648f,-0.799224,0.449678,current_stage_SECTION_19 (+0.0392),derived_project_type_Rural Infrastructure (-0.8168); derived_notice_count (-0.0217),1,2,EXTREME_UNCERTAINTY_ZERO_EVENTS,CALIBRATION NOT RELIABLE — INSUFFICIENT EVENTS,CRITICAL: Zero target events observed in out-of-sample holdout; single-cluster train data.
CAS_CLEAN_037,SNP_CAS_CLEAN_037_S19_AWARD_20260821,20260821,SECTION_19_TO_AWARD,1.0.0-cox-production-baseline,260328f59192648f,-0.708491,0.492387,derived_days_since_case_initiation (+0.1124); current_stage_SECTION_19 (+0.0392),derived_project_type_Rural Infrastructure (-0.8168); derived_notice_count (-0.0434),2,2,EXTREME_UNCERTAINTY_ZERO_EVENTS,CALIBRATION NOT RELIABLE — INSUFFICIENT EVENTS,CRITICAL: Zero target events observed in out-of-sample holdout; single-cluster train data.
