event_id,case_id,case_number,district,taluka,village,project_name,act_key,event_type,event_date,recording_date,stage,source_document,source_url,source_page,source_document_hash,extraction_method,contradiction_flag,raw_text_snippet
EVT_NAGPUR_173,CAS_CLEAN_001,25/A-65/2022-23,Nagpur,Kuhi,Aamti,,RFCTLARR_2013,DIRECT_PURCHASE,2024-12-27,2024-12-27,DIRECT_PURCHASE,nagpur_173_2024122730.pdf,https://cdn.s3waas.gov.in/s3d1f491a404d6854880943e5c3cd9ca25/uploads/2024/12/2024122730.pdf,1,442fa10b0344dea153dbf74372d46e5407dabedc0246e111bcf53cf0f2dace60,TEXT,NORMAL,"Proposal for Land Acquisition for Direct Purchase of Private Land in Mouza-Aamti Taluka-Kuhi Dist. Nagpur Case No 25/A-65/2022-23 | 3A.6  9/?  (. 1.)  3.20  0.3  R.9?  3.40  ?.46  (. TE.)  o,24  o,9  0.0%  o,9  o,4"
EVT_NAGPUR_204,CAS_CLEAN_002,17/A-65/2022-23,Nagpur,Bhivapur,Adyal,,RFCTLARR_2013,DIRECT_PURCHASE,2024-02-22,2024-02-22,DIRECT_PURCHASE,nagpur_204_2024022831.pdf,https://cdn.s3waas.gov.in/s3d1f491a404d6854880943e5c3cd9ca25/uploads/2024/02/2024022831.pdf,1,e1b2e921a16f285b10ea22bd8141287ee33f481178b899a63d10b7d7239d8077,OCR,NORMAL,"Proposal for Land Acquisition for Direct Purchase of Private Land in Mauza Adyal Taluka Bhivapur Dist. Nagpur by Private Negotiation, Case No 17/A-65/2022-23 | 700/7017"
EVT_NAGPUR_121,CAS_CLEAN_003,5/A-65/2024-2025,Nagpur,Kuhi,Amti,,RFCTLARR_2013,SECTION_11,2025-09-30,2025-09-30,SECTION_11,nagpur_121_17592274189448.pdf,https://cdn.s3waas.gov.in/s3d1f491a404d6854880943e5c3cd9ca25/uploads/2025/09/17592274189448.pdf,1,952a6787e57262d7ed6d439cbf86db4bb0789022d8aec5c236bb6b20f65bf08c,TEXT,NORMAL,"Publication of notice 11(1) in land Acquisition Case No 5/A-65/2024-2025 Mouza – Amti Taluka Kuhi Dist. Nagpur | qRrF sffi1Twrfim.q)fr.qr.fr.c. mrq{qi+ iiruio'q, ;Tr{T k{i6 - t3/ojho?\ P geI qfr{vro,5+*m a g+*ertrt oranr sfra q{qri frrdr<tqT qrfuqrrqffisr Effi (r"
EVT_NAGPUR_107,CAS_CLEAN_003,5/A-65/2024-2025,Nagpur,Kuhi,Amti,,RFCTLARR_2013,SECTION_19,2025-11-28,2025-11-28,SECTION_19,nagpur_107_17643239436369.pdf,https://cdn.s3waas.gov.in/s3d1f491a404d6854880943e5c3cd9ca25/uploads/2025/11/17643239436369.pdf,1,2dda60668f3e3ced8c1daf06654f832f1507474afe8bf80e46af59f2a46f9ebb,TEXT,NORMAL,"Publication of notice 19 (1) in land Acquisition Case No 5/A-65/2024-2025 Mouza – Amti Taluka Kuhi Dist. Nagpur | srftrwTr sck€rlqorft (r5*urct 5.11 fr .qr.fr .c.<rrrqaT qt-+ 6rqt?r{, <rqq{ frria, - ?o/qq/?o?\ \fu{Mrqr, y+*m s ET*{rra *,,rdi{r BF{d yrcri fudrttqr"
EVT_NAGPUR_087,CAS_CLEAN_003,5/A-65/2024-2025,Nagpur,Kuhi,Amti,,RFCTLARR_2013,SECTION_21,2026-01-12,2026-01-12,SECTION_21,nagpur_087_17682065535035.pdf,https://cdn.s3waas.gov.in/s3d1f491a404d6854880943e5c3cd9ca25/uploads/2026/01/17682065535035.pdf,1,99d871b517da996b039f90bf5863c1c8338715dab8e870c30d269e1a7b13a9f3,TEXT,NORMAL,"Publication of notice U/s 21 (1) (4) in land Acquisition Case No 5/A-65/2024-2025 Mouza – Amti Taluka Kuhi Dist. Nagpur | - q*rivrqa, g++r< a 5+**rta wdiil ErrA q{qri tratra-qr qrfu qrrcffir im sl&t{qq loqi qt roq rtntO$a,l-a**s. q!k& m.{. q.rsc(t m. t )ffiscffi-7 4 R' r,"
EVT_NAGPUR_028,CAS_CLEAN_004,59/अ-65/2025-26,Nagpur,Hingna,Asola (Sawangi)Taluka Hingna,,RFCTLARR_2013,SECTION_11,2026-08-17,2026-08-17,SECTION_11,nagpur_028_17869469995556.pdf,https://cdn.s3waas.gov.in/s3d1f491a404d6854880943e5c3cd9ca25/uploads/2026/08/17869469995556.pdf,1,9c85ce07f57ae60b2cb30b234c6b1a98b8f886379dd64b3d82d09e45c0cca1d7,OCR,NORMAL,Publication of notice 11(1) in land Acquisition Case No 59/अ-65/2025-26 Mouza – Asola (Sawangi)Taluka Hingna Dist. Nagpur | 1 0 6 920Z/80/26$
EVT_NAGPUR_175,CAS_CLEAN_005,35/A-65/2023-24,Nagpur,Kuhi,Awarmara,,RFCTLARR_2013,DIRECT_PURCHASE,2024-12-10,2024-12-10,DIRECT_PURCHASE,nagpur_175_2024121089.pdf,https://cdn.s3waas.gov.in/s3d1f491a404d6854880943e5c3cd9ca25/uploads/2024/12/2024121089.pdf,1,a71db8954d96f1d79feb212c884b7469f9152353bc0741094836b9ac108d4316,TEXT,NORMAL,"Proposal for Land Acquisition for Direct Purchase of Private Land in Mouza-Awarmara Taluka-Kuhi Dist. Nagpur Case No 35/A-65/2023-24 | i.H.A.3T(R/faurfajatfa-260/  fao424  gyfavatfaT (YTGT #. 1) AT.fA4. Tfa 41T, Mafrrt artag, TyT"
EVT_NAGPUR_161,CAS_CLEAN_005,35/A-65/2023-24,Nagpur,Kuhi,Awarmara,,RFCTLARR_2013,DIRECT_PURCHASE,2025-01-15,2025-01-15,DIRECT_PURCHASE,nagpur_161_2025011575.pdf,https://cdn.s3waas.gov.in/s3d1f491a404d6854880943e5c3cd9ca25/uploads/2025/01/2025011575.pdf,1,64b7189d24112ca94b083b7d6a5c7f8c64e4d21cedd7bed2dffd13f595249575,OCR,NORMAL,Proposal for Land Acquisition for Direct Purchase of Private Land in Mouza-Awarmara Taluka-Kuhi Dist. Nagpur Case No 35/A-65/2023-24 | 120211128
EVT_NAGPUR_120,CAS_CLEAN_006,6/A-65/2024-2025,Nagpur,Kuhi,Awarmara,,RFCTLARR_2013,SECTION_11,2025-09-29,2025-09-29,SECTION_11,nagpur_120_17592276292380.pdf,https://cdn.s3waas.gov.in/s3d1f491a404d6854880943e5c3cd9ca25/uploads/2025/09/17592276292380.pdf,1,420b1b807769e7928101af73804f383fef83d807e4bc51d158da0f10acd82195,TEXT,NORMAL,"Publication of notice 11(1) in land Acquisition Case No 6/A-65/2024-2025 Mouza – Awarmara Taluka Kuhi Dist. Nagpur | sqffi lTicr<{ m.t) fr.cr.fr.c. aprT{fi6rqt-dc, ir.rTr frci{, - t3/o3/?o?q \fr{crfi,T{+s{ag+dvwaummsPqn rr{cr$ enfu qn-cffisr Effi (FtRrqEFwrD qfufisq,"
EVT_NAGPUR_106,CAS_CLEAN_006,6/A-65/2024-2025,Nagpur,Kuhi,Awarmara,,RFCTLARR_2013,SECTION_19,2025-11-28,2025-11-28,SECTION_19,nagpur_106_17643241497783.pdf,https://cdn.s3waas.gov.in/s3d1f491a404d6854880943e5c3cd9ca25/uploads/2025/11/17643241497783.pdf,1,fdcffe321c505fd195bf24fe1e4ad70c1c609766660452d8ef65f5c659714cf4,TEXT,NORMAL,"Publication of notice 19(1) in land Acquisition Case No 6/A-65/2024-2025 Mouza – Awarmara Taluka Kuhi Dist. Nagpur | 3Tftrq.fir sqlilerfunrft ($cE{nq) fr.qr.fr.c.{rry fi urqtoq, rrrqr l+<im - ?o/tq/?o?\ \fuiqnT, T{*ffi q grd-flEd *,,t-diar sF{d q{crt fuau-enqr enftr"
EVT_NAGPUR_086,CAS_CLEAN_006,6/A-65/2024-2025,Nagpur,Kuhi,Awarmara,,RFCTLARR_2013,SECTION_21,2026-01-12,2026-01-12,SECTION_21,nagpur_086_17682066548847.pdf,https://cdn.s3waas.gov.in/s3d1f491a404d6854880943e5c3cd9ca25/uploads/2026/01/17682066548847.pdf,1,1544c6cc89a5aa66d18860d2c011e17d1907eb51a0e7ba51626bfd770613daf4,TEXT,NORMAL,"Publication of notice U/s 21(1)(4) in land Acquisition Case No 6/A-65/2024-2025 Mouza – Awarmara Taluka Kuhi Dist. Nagpur | rlqtticrff, gr+*n a g+**rra u.{ai{r qrrfr qrqd' furqr trcrrqddql m ffiq ?op qr trsq q11q1Fy siilh +&{. qrktn+n m.{. s.frc( t.m. t )ft qfutrft- (?6 I q"
EVT_NAGPUR_047,CAS_CLEAN_007,9/A-65/2026-27,Nagpur,कुही,Banor,,RFCTLARR_2013,SECTION_11,2026-08-14,2026-08-14,SECTION_11,nagpur_047_17867039643678.pdf,https://cdn.s3waas.gov.in/s3d1f491a404d6854880943e5c3cd9ca25/uploads/2026/08/17867039643678.pdf,1,4b727d0ae762da42d0bb4e6c6c8c50f790b4ffafa477d19803d5d76dc2b8eb97,TEXT,NORMAL,"Publication of notice 11(1) in land Acquisition Case No 9/A-65/2026-27 Mouza – Banor Taluka कुही Dist. Nagpur | qffir*, sqffi 1Ticrfi m.t) fr.qr.fr.q. rTrrq1 fi trml6q, ffi q,rctdc' ffid dr{-{, nrrlT{ X Eooot fuiq - f 9foalro?a q T{*{r6d Erflr<I sFff rr{uti fird"
EVT_NAGPUR_044,CAS_CLEAN_008,13/A-65/2026-27,Nagpur,Umred,Barvha,,RFCTLARR_2013,SECTION_11,2026-08-14,2026-08-14,SECTION_11,nagpur_044_17867049224170.pdf,https://cdn.s3waas.gov.in/s3d1f491a404d6854880943e5c3cd9ca25/uploads/2026/08/17867049224170.pdf,1,ea97bf88eb15f4d25fe7a704219bdbe8ecfe852cf9aae7087f4be59ee19b580b,TEXT,NORMAL,"Publication of notice 11(1) in land Acquisition Case No 13/A-65/2026-27 Mouza –Barvha Taluka Umred Dist. Nagpur | Hi&rfi scffi 1{ttcrff m.t) fr.qr.fr.q. iFrg fi 6tqidtq, ffi *,rqidc, firdo orfu, qrrl5 NYoooq futm - 72-,/oahota rfi {urng+*mqT{*wtrurar+sFff rrtcrifu"
EVT_NAGPUR_168,CAS_CLEAN_009,22/A-65/2024-2025,Nagpur,Narkhed,Belona,,RFCTLARR_2013,SECTION_11,2025-01-14,2025-01-14,SECTION_11,nagpur_168_2025011477.pdf,https://cdn.s3waas.gov.in/s3d1f491a404d6854880943e5c3cd9ca25/uploads/2025/01/2025011477.pdf,1,ca6c5ae2956f1c8687a4e48bab6e9c2b4122b1e200d0b094a4e3a3ff68273820,OCR,NORMAL,Publication of notice 11(1) in land Acquisition Case No 22/A-65/2024-2025 Mouza Belona Taluka Narkhed Dist. Nagpur | - - bbe норо с bbe be НЕНЕ <90
EVT_NAGPUR_027,CAS_CLEAN_010,,Nagpur,Kalmeshwar,Belori(bu),,RFCTLARR_2013,GENERAL_NOTICE,2026-08-17,2026-08-17,GENERAL_NOTICE,nagpur_027_17869471966429.pdf,https://cdn.s3waas.gov.in/s3d1f491a404d6854880943e5c3cd9ca25/uploads/2026/08/17869471966429.pdf,1,c7e42910daf122571790121a1d7c3d35ba38b9d241e3814a013a531b517b1aee,OCR,NORMAL,"Corrigendum of Mouza – Belori(bu), Borgaon (khurd), & Telkamthi Taluka Kalmeshwar Dist. Nagpur | эт. Э. POR Tard те/7 37E/R 3E0/ 37/7 0/27 0/87 T.) 3.P8 8.04 6.04 20.34 (F.3TT 7.) 0,00% 00 0.000 fatich: 39/l0 ROPE 0/37 772/7 PER/R PEU/ 8.04 80.84"
EVT_NAGPUR_072,CAS_CLEAN_011,4/A-65/2025-2026,Nagpur,Saoner,Bhanegaon,,RFCTLARR_2013,SECTION_19,2026-02-02,2026-02-02,SECTION_19,nagpur_072_17706154589431.pdf,https://cdn.s3waas.gov.in/s3d1f491a404d6854880943e5c3cd9ca25/uploads/2026/02/17706154589431.pdf,1,1c39738f1fd3e1c2ad889c407460f5201ad31134fbbf7b4d9de3c996ddf22b84,OCR,NORMAL,Publication of notice U/s 19(1) in land Acquisition Case No 4/A-65/2025-2026 Mouza – Bhanegaon Taluka Saoner Dist. Nagpur | chine
EVT_NAGPUR_030,CAS_CLEAN_012,61/अ-65/2025-26,Nagpur,Hingna,Bhansuli,,RFCTLARR_2013,SECTION_11,2026-08-17,2026-08-17,SECTION_11,nagpur_030_17869454133548.pdf,https://cdn.s3waas.gov.in/s3d1f491a404d6854880943e5c3cd9ca25/uploads/2026/08/17869454133548.pdf,1,06434e272e3711e6e9a7984923912015627b79de0839ee5037622abc5e7a4f54,OCR,NORMAL,Publication of notice 11(1) in land Acquisition Case No 61/अ-65/2025-26 Mouza – Bhansuli Taluka Hingna Dist. Nagpur | e26
EVT_NAGPUR_041,CAS_CLEAN_013,16/A-65/2026-27,Nagpur,,Bhiwapur,,RFCTLARR_2013,SECTION_11,2026-08-14,2026-08-14,SECTION_11,nagpur_041_17867054037704.pdf,https://cdn.s3waas.gov.in/s3d1f491a404d6854880943e5c3cd9ca25/uploads/2026/08/17867054037704.pdf,1,ff8da5cb42b858529afe6991e7cf3ace7fdc0eb73a26cc0805138fa5663911f1,TEXT,NORMAL,"Publication of notice 11(1) in land Acquisition Case No 16/A-65/2026-27 Mouza – Bhiwapur Taluka UmredDist. Nagpur | urt&r*, Page 1 $ffi lqricro m.t) fr.qr.fr.c. <rq1r fi 6rqt6c, ffi 6rcfirc, fir*dEr{q,iTrI$- Yxooot fui6 - /2/oel?oiq rfi{wr<r,g+*rt E T{*{r6ir a,rdnr"
EVT_NAGPUR_122,CAS_CLEAN_014,1/A-65/2025-2026,Nagpur,Bhiwapur,Bhiwapur,,RFCTLARR_2013,SECTION_11,2025-09-29,2025-09-29,SECTION_11,nagpur_122_17592269866310.pdf,https://cdn.s3waas.gov.in/s3d1f491a404d6854880943e5c3cd9ca25/uploads/2025/09/17592269866310.pdf,1,57535529b9644d39cce7e238061d55d5931c7dece1991639d50841af1d0610d7,OCR,NORMAL,"Publication of notice 11(1) in land Acquisition Case No 1/A-65/2025-2026 Mouza – Bhiwapur Taluka Bhiwapur Dist. Nagpur | faria - 88/08/90p4 t.///a..a.//a.yj30pa, Periti-9elo8p0p4. vố vấ ván cấn e a e vấn e ván bá váá Page 1"
EVT_NAGPUR_100,CAS_CLEAN_014,1/A-65/2025-2026,Nagpur,Bhiwapur,Bhiwapur,,RFCTLARR_2013,SECTION_19,2025-11-28,2025-11-28,SECTION_19,nagpur_100_17643338945074.pdf,https://cdn.s3waas.gov.in/s3d1f491a404d6854880943e5c3cd9ca25/uploads/2025/11/17643338945074.pdf,1,957310d2b1c17ff1be815df71b87cbfe0906f7dad32e343fb0500e8c295090ca,TEXT,NORMAL,"Publication of notice 19 (1) in land Acquisition Case No 1/A-65/2025-2026 Mouza – Bhiwapur Taluka Bhiwapur Dist. Nagpur | anfrrqflr sqffi(r6iw5rm.1y fr .qr.fr .c.=Tr.r{r qi+ q.rqioq, <r.rg Fcrtm - ?e/tt/totq qfr{icrff, 5r+t-< a y+*srea +.rdt{r skd r{cr$ foaqrqr s{rftr qrE"
EVT_NAGPUR_080,CAS_CLEAN_014,1/A-65/2025-2026,Nagpur,Bhiwapur,Bhiwapur,,RFCTLARR_2013,SECTION_21,2026-01-12,2026-01-12,SECTION_21,nagpur_080_17682072765352.pdf,https://cdn.s3waas.gov.in/s3d1f491a404d6854880943e5c3cd9ca25/uploads/2026/01/17682072765352.pdf,1,f70ed53c9ae2fc40229ab56024691024a406ab93aa9096c7fc2faa2dd6b18af4,TEXT,NORMAL,"Publication of notice U/s 21(1)(4) in land Acquisition Case No 1/A-65/2025-2026 Mouza – Bhiwapur Taluka Bhiwapur Dist. Nagpur | Siqtqn, gr+*n a g<dwm a,liliirlrrd* qqt fudrqrqr eLfrr crqffiqt wr' fu ton qr a'oc rc gltyFiil,id rt&F- qrkt+*s 4/ m.i. 3l.fsc(t m. 1 Yffiaeffi- t h I"
EVT_NAGPUR_127,CAS_CLEAN_015,2/A-65/2025-2026,Nagpur,Kuhi,Bhivapur,,RFCTLARR_2013,SECTION_11,2025-09-26,2025-09-26,SECTION_11,nagpur_127_17592255886942.pdf,https://cdn.s3waas.gov.in/s3d1f491a404d6854880943e5c3cd9ca25/uploads/2025/09/17592255886942.pdf,1,c1633d982dab461ff7fc4df162d8108fb8e4ef0f106fd0fcf755962795429745,OCR,NORMAL,"Notification under Section 11 (1) of Right to fair compensation & transparency in land Acquisition, Rehabilitation and Resettlement Act 2013, Case No 2/A-65/2025-2026 Mouza Bhivapur, Tah Kuhi, Dist. Nagpur | e bebe e"
EVT_NAGPUR_096,CAS_CLEAN_015,2/A-65/2025-2026,Nagpur,Kuhi,Bhivapur,,RFCTLARR_2013,SECTION_19,2025-12-15,2025-12-15,SECTION_19,nagpur_096_17657928219926.pdf,https://cdn.s3waas.gov.in/s3d1f491a404d6854880943e5c3cd9ca25/uploads/2025/12/17657928219926.pdf,1,6ff012c5b307b25c427483c191878a769bb280d3b9acebc8bb9da046ba922e8f,OCR,NORMAL,Publication of notice 19(1) in land Acquisition Case No 2/A-65/2025-2026 Mouza –Bhivapur Taluka Kuhi Dist. Nagpur | heodl ble elbock HE - YEAR 20°0 hoo (13H XIE'H1H2) 88 8 812 *joH Lak turtle
EVT_NAGPUR_078,CAS_CLEAN_015,2/A-65/2025-2026,Nagpur,Kuhi,Bhivapur,,RFCTLARR_2013,SECTION_21,2026-01-19,2026-01-19,SECTION_21,nagpur_078_17688230811101.pdf,https://cdn.s3waas.gov.in/s3d1f491a404d6854880943e5c3cd9ca25/uploads/2026/01/17688230811101.pdf,1,b3dc7ed5e7ba5042495cafe9c84e652bcec361177651140cad130c4cf15eb6c2,OCR,NORMAL,"Notification under Section 21(1)4 of Right to fair compensation & transparency in land Acquisition, Rehabilitation and Resettlement Act 2013, Case No 2/A-65/2025-2026 Mouza Bhivapur, Tah Kuhi, Dist. Nagpur. | 3сод/ 380ž /8133: sett"
EVT_NAGPUR_150,CAS_CLEAN_016,37/A-65/2023-2024,Nagpur,Bhiwapur,Bhiwapur,,RFCTLARR_2013,DIRECT_PURCHASE,2025-02-14,2025-02-14,DIRECT_PURCHASE,nagpur_150_2025021868.pdf,https://cdn.s3waas.gov.in/s3d1f491a404d6854880943e5c3cd9ca25/uploads/2025/02/2025021868.pdf,1,608e60c4ee5e9b10549e1dd7dec21d4c6f751d50dd5eac1b97f34d11f7127927,TEXT,NORMAL,"Proposal for Land Acquisition for Direct Purchase of Private Land in Mauza-Bhiwapur, Taluka Bhiwapur Dist. Nagpur Case No. 37/A-65/2023-2024. Public Notice | IVaheer Notice Final Tippanl LPLI No.4 (Dy. Coll.).docx  ...3."
EVT_NAGPUR_052,CAS_CLEAN_017,5/A-65/2026-27,Nagpur,Kuhi,Bori Sadachar,,RFCTLARR_2013,SECTION_11,2026-08-14,2026-08-14,SECTION_11,nagpur_052_17867000836366.pdf,https://cdn.s3waas.gov.in/s3d1f491a404d6854880943e5c3cd9ca25/uploads/2026/08/17867000836366.pdf,1,4d561d005ebdc0c9db9a9a73e3ad52c854137a9c279ff71ea2df5bda5fb8a3e1,TEXT,NORMAL,"Publication of notice 11(1) in land Acquisition Case No 5/A-65/2026-27 Mouza – Bori Sadachar Taluka Kuhi Dist. Nagpur | ffisqGW sqffi 1q{iqrfi m.r) fr.qr.fr.c. crrT qi+ q,rqttrrT, ffi 6rqt6c, fir+s ori{, ?IFFF - Yxoool fr{t6 - , Nocl?o?\ a y{urra urar<r sFff rlrcr$ fudu"
EVT_NAGPUR_013,CAS_CLEAN_018,22/A-65/2025-26,Nagpur,Nagpur (Gramin),Bori,,RFCTLARR_2013,SECTION_11,2026-08-19,2026-08-19,SECTION_11,nagpur_013_17871176951688.pdf,https://cdn.s3waas.gov.in/s3d1f491a404d6854880943e5c3cd9ca25/uploads/2026/08/17871176951688.pdf,1,377801b5c8bcf31386cd0f9fe487a1f34cd16553cffd3abf2608095c856ea86b,OCR,NORMAL,Publication of notice 11(1) in land Acquisition Case No 22/A-65/2025-26 Mouza – Bori Taluka Nagpur (Gramin) Dist. Nagpur | e (z 499. RR/384/ROP4-POPE 3 Y 4 3? 3? 33 38 34 30 26 38 Ro PR R3 R8 P3/37 P3/37/9 R3/37/8& {3/37/2V {3/37/R3/9/0C 23/37/23/9/08 {3/37/88 23/37/EE P3/
EVT_NAGPUR_115,CAS_CLEAN_019,4/A-65/2025-2026,Nagpur,Kuhi,Bramhani,,RFCTLARR_2013,SECTION_11,2025-09-29,2025-09-29,SECTION_11,nagpur_115_17592279312785.pdf,https://cdn.s3waas.gov.in/s3d1f491a404d6854880943e5c3cd9ca25/uploads/2025/09/17592279312785.pdf,1,de65b66a529b5fa52a343a404fec0bde3a6fe400d6dffd41157d62206445d01e,TEXT,NORMAL,"Publication of notice 11(1) in land Acquisition Case No 4/A-65/2025-2026 Mouza – Bramhani Taluka Kuhi Dist. Nagpur | sqk('rFr*.Rt 1$l{qr{{ m'. t) fr .qt.fr .c. qr.rq{ qi+ qlqiuq, rTrITr k{i6 - qqioq/?o?\ qft{w<t,g+*m a gd{rf,d qttlr;IT sF{a qwri qrfrr qrrqvlmts{r 6ff"
EVT_NAGPUR_101,CAS_CLEAN_019,4/A-65/2025-2026,Nagpur,Kuhi,Bramhani,,RFCTLARR_2013,SECTION_19,2025-11-28,2025-11-28,SECTION_19,nagpur_101_17643337251910.pdf,https://cdn.s3waas.gov.in/s3d1f491a404d6854880943e5c3cd9ca25/uploads/2025/11/17643337251910.pdf,1,aaa13a14ba719a16e2ad33abb3f9e9280a341033af500cc58888d556a419cfae,TEXT,NORMAL,"Publication of notice 19(1) in land Acquisition Case No 4/A-65/2025-2026 Mouza – Bramhani Taluka Kuhi Dist. Nagpur | 3'rRI[{{r sqfti-6rfuorfr (\dcr{ fi.c) fi .qr.fr .c.qr.rw qi* *rqioq, qrq$ f({i6 - co/qvtotq r1fu{ivtc{, f<-+m e 5<*{rf,d a,,rdiir st{d y{cri fudr<rsr"
EVT_NAGPUR_081,CAS_CLEAN_019,4/A-65/2025-2026,Nagpur,Kuhi,Bramhani,,RFCTLARR_2013,SECTION_21,2026-01-12,2026-01-12,SECTION_21,nagpur_081_17682072029182.pdf,https://cdn.s3waas.gov.in/s3d1f491a404d6854880943e5c3cd9ca25/uploads/2026/01/17682072029182.pdf,1,1e74b857184272116ad9b6c64246352c793d8236f40353709b33ec43bd1eaf87,TEXT,NORMAL,"Publication of notice U/s 21(1)(4) in land Acquisition Case No 4/A-65/2025-2026 Mouza – Bramhani Taluka Kuhi Dist. Nagpur | qfr*ivt<i, 5+tw a gftrra o..rdi{r arcr* qrqri iq-doqqr qrfrr qrr<ffqr rw sTfufrqq ?oqi qr 60c rl0xrL{iftd+n m.i'.q.Fc(T.il.1 ,\ fu _22 ttttt t"" "" .,-r"
EVT_NAGPUR_189,CAS_CLEAN_020,02/A-65,Nagpur,,,,RFCTLARR_2013,GENERAL_NOTICE,2024-07-10,2024-07-10,GENERAL_NOTICE,nagpur_189_2024071086.pdf,https://cdn.s3waas.gov.in/s3d1f491a404d6854880943e5c3cd9ca25/uploads/2024/07/2024071086.pdf,1,3fd9725435ea06ff114ad775ce08023a6c301f341da2dbec8cfd367ccf374a37,OCR,NORMAL,Publication of notification U|S 37(1) in Land Acquisition Case No 02/A-65 | 2023-24 Mouza Sitabuldi | 1a tels Wle gane a 9961 haaryte leed due 2 selga blan Latelbe Ca a ee 921 04 2 9961 bee lee dee e solg buran bpe żhull
EVT_NAGPUR_202,CAS_CLEAN_021,02/A-65/2022-2023,Nagpur,,,,RFCTLARR_2013,GENERAL_NOTICE,2024-03-05,2024-03-05,GENERAL_NOTICE,nagpur_202_2024030575.pdf,https://cdn.s3waas.gov.in/s3d1f491a404d6854880943e5c3cd9ca25/uploads/2024/03/2024030575.pdf,1,31b32b114a16ba1ff90900cfc5396fa9abd5a0b040c3d1009feb059839c437ee,OCR,NORMAL,"Notification Section 93(1), Land Acquisition Case No 02/A-65/2022-2023 Mauza-Sitabuldi | 88°SE LO'EE S9'881 VE97 OI'TEI SS t8 t9'97 (4 (2)448 pibelie bahte t'0L6 82291 L 9 S 82291 099 1/0L81 7/0481 I/041 6981 8981 L981 інкеркуь BRJLE KH LN"
EVT_NAGPUR_198,CAS_CLEAN_022,02/A-65/2023-24,Nagpur,,,,RFCTLARR_2013,SECTION_19,2024-03-14,2024-03-14,SECTION_19,nagpur_198_2024031488.pdf,https://cdn.s3waas.gov.in/s3d1f491a404d6854880943e5c3cd9ca25/uploads/2024/03/2024031488.pdf,1,1cba51e37d528746595f0119d33f9834bd83a7806943e2b72d398c4b7e6c6437,OCR,NORMAL,Notification Section 19 in Land Acquisition Case No 02/A-65/2023-24 Mouza Sitaburdi | (61 hч)
EVT_NAGPUR_140,CAS_CLEAN_023,03/A-65/2023-24,Nagpur,,,,RFCTLARR_2013,GENERAL_NOTICE,2025-06-05,2025-06-05,GENERAL_NOTICE,nagpur_140_2025060534.pdf,https://cdn.s3waas.gov.in/s3d1f491a404d6854880943e5c3cd9ca25/uploads/2025/06/2025060534.pdf,1,3d09ba3efd19169bba6e7cf3064e85740329e0d655046d42efdfe8c3b7187ba7,OCR,NORMAL,Public Notice Land Acquisition Case No 03/A-65/2023-24 Mauza Hingna | §Vic-ll so. 0712-2543929 311/03/46/2025. Email ID - ngpvidclao3@gmail.com Ri: 3 / 6/2025 Letter No. K-14011/06/2019-MRTS-II Government of India Minist
EVT_NAGPUR_142,CAS_CLEAN_024,03/A-65/2024-2025,Nagpur,Nagpur City,,,RFCTLARR_2013,GENERAL_NOTICE,2025-05-28,2025-05-28,GENERAL_NOTICE,nagpur_142_2025052849.pdf,https://cdn.s3waas.gov.in/s3d1f491a404d6854880943e5c3cd9ca25/uploads/2025/05/2025052849.pdf,1,aac2bc00a15be42dd033057223c54d27ed454b3f4f5c15688f45bd32ed28d35d,OCR,NORMAL,"Publication of declaration U/S 19 in land Acquisition Case No 03/A-65/2024-2025 Mouza Nagpur (Khas) Model Mill Chowk to Ramji Pahelwan chowk, Tah. Nagpur City Dist Nagpur | [98 89 8 1 88E (8› farich of lo sTRopu :- 1"
EVT_NAGPUR_133,CAS_CLEAN_025,04/A-65/2025-2026,Nagpur,,,,RFCTLARR_2013,SECTION_11,2025-08-01,2025-08-01,SECTION_11,nagpur_133_17540421346536.pdf,https://cdn.s3waas.gov.in/s3d1f491a404d6854880943e5c3cd9ca25/uploads/2025/08/17540421346536.pdf,1,346c607e9101c6ff3eba606cc193d8e75a2d9a8d85164357d901956deaa548d4,TEXT,NORMAL,"Publication of notice 11(1) in land acquisition case No. 04/A-65/2025-2026, Village-Boroda-Rithi Tah-Kuhi | HrcnT s€ wury Hry tq t t""T-* (y) W{ B{Frqq-dT ryF *wrtqr Rqi6r qTg.{ qE6 Wt stqilqT q$-{ur x qret $T-ffi g't Ejtq{fr siqrfh qEfi sffi qftdET e+enr qFr"
EVT_NAGPUR_129,CAS_CLEAN_026,06/A-65/2025-2026,Nagpur,t TiqHT,,,RFCTLARR_2013,SECTION_11,2025-08-01,2025-08-01,SECTION_11,nagpur_129_17540425672614.pdf,https://cdn.s3waas.gov.in/s3d1f491a404d6854880943e5c3cd9ca25/uploads/2025/08/17540425672614.pdf,1,5e5c1ea725d103c00b9baf0af2dcd68c5bcc863f362296e62742dc99a7e54dfb,TEXT,NORMAL,"Publication of notice 11(1) in land acquisition case No. 06/A-65/2025-2026, Village-Bori-Naik Tah-Kuhi | sriftrm oTftrqqqT p.3fusy{. si.rerh- 6vR. ? s sqfqcTftrfl{t Rqqrfim.r fuqtf qT?dqTik*rsrarf ca,lFTTr fr+im.:- a2 /6-b /?""?q - Tqt TiqHT, T**ffi a g{rp"
EVT_NAGPUR_069,CAS_CLEAN_027,12/A-65/2025-26,Nagpur,,,,RFCTLARR_2013,SECTION_11,2026-04-28,2026-04-28,SECTION_11,nagpur_069_17773761897208.pdf,https://cdn.s3waas.gov.in/s3d1f491a404d6854880943e5c3cd9ca25/uploads/2026/04/17773761897208.pdf,1,d0098449dc11afb4d153e0d4fca866c5b295f3b1771761a07801391cf153b45c,OCR,NORMAL,"Publication of declaration U/S 11(1) Act 2013, LAO No 12/A-65/2025-26 Mouza Kini | 3dod 89/86-4162"
EVT_NAGPUR_070,CAS_CLEAN_028,13/A-65/2025-26,Nagpur,,,,RFCTLARR_2013,SECTION_11,2026-04-28,2026-04-28,SECTION_11,nagpur_070_17773757005493.pdf,https://cdn.s3waas.gov.in/s3d1f491a404d6854880943e5c3cd9ca25/uploads/2026/04/17773757005493.pdf,1,c1a8fd11e9bcafebf82ea9973d0a6aca66a9244af6e1cf1ed34a282cc1bab085,OCR,NORMAL,Publication of declaration U/S 11(1) LAO No 13/A-65/2025-26 Mouza Madnapur | Eat slate fare ali senato e capta cant fet scoc/ ho / oz -tite!
EVT_NAGPUR_203,CAS_CLEAN_029,14/A-65/2023-2024,Nagpur,Nagpur(City),,,RFCTLARR_2013,SECTION_11,2024-02-27,2024-02-27,SECTION_11,nagpur_203_2024022930.pdf,https://cdn.s3waas.gov.in/s3d1f491a404d6854880943e5c3cd9ca25/uploads/2024/02/2024022930.pdf,1,5b109c611233cde849ff893b2b5b5b12ee9151fd1e6a89e9f01ec8636d4a8319,OCR,NORMAL,"Section 11(1) Notification, Land Acquisition Act-2013, Case No 14/A-65/2023-2024 Mauja-Chikhali (Dev), Taluka-Nagpur(City), Dist. Nagpur | I aed $p Dlkn plun 2200/60 /365"
EVT_NAGPUR_206,CAS_CLEAN_030,16/A-65/2022-2023,Nagpur,,,,RFCTLARR_2013,SECTION_19,2023-12-22,2023-12-22,SECTION_19,nagpur_206_2023122268-1.pdf,https://cdn.s3waas.gov.in/s3d1f491a404d6854880943e5c3cd9ca25/uploads/2023/12/2023122268-1.pdf,1,b6fa18fc1ea9f3ef8a9b4cce1b54822909aa8b2eb7a172ee080b97f1dce2f434,OCR,NORMAL,Publication of Notice 19(1) in Land Acquisition Case No 16/A-65/2022-2023 Village Wela Harishchandra | 37.Б. 1 144/1 0.3025 0.3025 : frich a$-400032 FatiG31/03/1982. • Scanned with OKEN Scanner
EVT_NAGPUR_207,CAS_CLEAN_031,18/A-65/2022-2023,Nagpur,,,,RFCTLARR_2013,SECTION_19,2023-12-22,2023-12-22,SECTION_19,nagpur_207_2023122268.pdf,https://cdn.s3waas.gov.in/s3d1f491a404d6854880943e5c3cd9ca25/uploads/2023/12/2023122268.pdf,1,dd234eea421b7b2fa9ec423463d7f740fecf8b842f5c0d1388700fe99bae0010,OCR,NORMAL,Publication of Notice 19(1) in Land Acquisition Case No 18/A-65/2022-2023 Village Kawtha | - 71&a1\ 4-0712-2560487 Email - dycollectorlaoR@gmail.com f4-105-95712/2023 O Scanned with OKEN Scanner
EVT_NAGPUR_188,CAS_CLEAN_032,24/A-65/2022-23,Nagpur,,,,RFCTLARR_2013,GENERAL_NOTICE,2024-07-29,2024-07-29,GENERAL_NOTICE,nagpur_188_2024072992.pdf,https://cdn.s3waas.gov.in/s3d1f491a404d6854880943e5c3cd9ca25/uploads/2024/07/2024072992.pdf,1,28929a4afc67ee60921b5b4a92157c51b939a61a71d967c50f7007136ff7af51,TEXT,NORMAL,"Mauza- Nagpur(Khas) Model Mill Chowk to Ramji Pahelwan Chowk Land Acquisition Case No 24/A-65/2022-23 | 3rftr{fir I ooc R3 (q) ] r1fr {crfi, 5++m a 5{enr<r o.fii<r r+fr qqcri fuar<rqr a cnqr{o,+qr rm, eTfufrcc Qoqi s6q6rlgm*€E;trITFr;IT qfqfrqq tqaa iqer"
EVT_NAGPUR_141,CAS_CLEAN_033,3/A-65/2022-2023,Nagpur,,,Urban Development Plan (DP) Road Widening,RFCTLARR_2013,GENERAL_NOTICE,2025-05-30,2025-05-30,GENERAL_NOTICE,nagpur_141_2025053024.pdf,https://cdn.s3waas.gov.in/s3d1f491a404d6854880943e5c3cd9ca25/uploads/2025/05/2025053024.pdf,1,3c85b6a1deaca5be22310ac90e5f8dc768e1f6c9b53d0c226d30ab2ecd2f6f26,TEXT,NORMAL,"Publication of notification for corrigendum in original notification U|S 19 in land Aquisition Case No 3/A-65/2022-2023 dated 31-12-2024 for old Bhandara Road widening project | •  q5i(i~ $lif1'1  qg~M cf cf'1' ~  aqfc11-u•A<.1 atfucml, cfi1<.1iH<.1 .:11••'{~ (VITT)  ~ -=tl•l'{~ •;ui't Ol Qltwtl.a ~"
EVT_NAGPUR_135,CAS_CLEAN_034,3/A-65/2024-2025,Nagpur,Nagpur,,,RFCTLARR_2013,SECTION_19,2025-07-03,2025-07-03,SECTION_19,nagpur_135_2025070286.pdf,https://cdn.s3waas.gov.in/s3d1f491a404d6854880943e5c3cd9ca25/uploads/2025/07/2025070286.pdf,1,1acc9e8cfd4b34f8fcce74da280dd4b1aaf0bab8552dfb70d3d0d37b18262fa4,TEXT,NORMAL,"Land Acquisition Case No. 3/A-65/2024-2025 Corrigendum to the notification under Section 19(1) of the Land Acquisition Act – 2013 regarding the private land at Mouja Nagpur (Khas) Ramji Pahelwan to Model Mill chowk , Tahsil- Nagpur, District – Nagpur | E/sf(""P/fa..fa.R/A1a9R/ROR4,  3T.56.  ()  foaru"
EVT_NAGPUR_053,CAS_CLEAN_035,4/अ-65/2026-27,Nagpur,Kuhi,,,RFCTLARR_2013,SECTION_11,2026-08-14,2026-08-14,SECTION_11,nagpur_053_17866998881743.pdf,https://cdn.s3waas.gov.in/s3d1f491a404d6854880943e5c3cd9ca25/uploads/2026/08/17866998881743.pdf,1,8c5dbca214016ef169d5b3341afa0578f8bb72ac04c417544c53c3468bd3d944,TEXT,NORMAL,"Publication of notice 11(1) in land Acquisition Case No 4/अ-65/2026-27 Mouza – 4-Parsodi (Raja) Taluka Kuhi Dist. Nagpur | Eqfuerfucrft (qriqr<a m.t) fr.cr.fr.c.- <nrq{ qti 6rctoq, ftrerffi inqioq, firff566,iTrIW- Yxoooi k<ifi - l2-lolllo?t^ qfr{vrcr,g+dm a gfrrfi 6rimr sF"
EVT_NAGPUR_067,CAS_CLEAN_036,7/A-65/2025-26,Nagpur,kuhi,,Ring Road Project,RFCTLARR_2013,DIRECT_PURCHASE,2026-05-21,2026-05-21,DIRECT_PURCHASE,nagpur_067_17793568951427.pdf,https://cdn.s3waas.gov.in/s3d1f491a404d6854880943e5c3cd9ca25/uploads/2026/05/17793568951427.pdf,1,4d8ab82bab64014209db1a933ebe6e53f186f8cde5e7c56cff27306319f72f9b,TEXT,NORMAL,"Proposal for Land Acquisition for Direct Purchase of Private Land in Aajni, Taluka kuhi Case No. 7/A-65/2025-26 2) Mauja – Khalasana Taluka kuhi Case No. 8/A-65/2025-26 3) Mauja – Wadegaon (Kale) Taluka kuhi Case No. 9/A-65/2025-26 4) Mauja – Mohdadi | tr qm'ft a}-fi#d q+{qrq""ft Eraqrftqt +egtfr cqf"
EVT_NAGPUR_066,CAS_CLEAN_037,5/A-65/2025-2026,Nagpur,Kuhi,Channa,,RFCTLARR_2013,SECTION_11,2026-05-21,2026-05-21,SECTION_11,nagpur_066_17793570386040.pdf,https://cdn.s3waas.gov.in/s3d1f491a404d6854880943e5c3cd9ca25/uploads/2026/05/17793570386040.pdf,1,47b0fe01791f0cf5121b80804de5069873e1c272ef6c7b205cb9c2755932c0fc,TEXT,NORMAL,"Publication of notice 11(1) in land Acquisition Case No 5/A-65/2025-2026 Mouza – Channa Taluka Kuhi Dist. Nagpur | eTRw wk€ffi (\{crfl m. g fr.qr.ft.c. <r'qr fi anrlua, qrq5 ftHi6 _ qfu{ur<tg+drt a g#qrfi -*or.#H#'ffi* eilftr qrqrt*+Er Fffi (f,ERrqqqrwrD srflqfrqq,"
EVT_NAGPUR_011,CAS_CLEAN_037,5/A-65/2025-2026,Nagpur,Kuhi,Channa,,RFCTLARR_2013,SECTION_19,2026-08-21,2026-08-21,SECTION_19,nagpur_011_17873019338038.pdf,https://cdn.s3waas.gov.in/s3d1f491a404d6854880943e5c3cd9ca25/uploads/2026/08/17873019338038.pdf,1,d4379602de6e547ce27cb7fed4819d4686757ef775130dae3f63bf1a05d70376,TEXT,NORMAL,"Publication of notice 19(1) in land Acquisition Case No 5/A-65/2025-2026 Mouza – Channa Taluka Kuhi Dist. Nagpur | 3ilersil{r sckerk{rft (T{qrqq trs) fr.qr.fr.q. arqq{ ci+ urqtoq, ffi 6'+dq, firdo oriq, qrIT{ - YYooot ffiio. - qx/oal?o?G, {fu{tqrfi, g+*r< a gr+ffm("
EVT_NAGPUR_157,CAS_CLEAN_038,29/A-65/2023-2024,Nagpur,Kuhi,Chapegadi,,RFCTLARR_2013,SECTION_19,2025-01-21,2025-01-21,SECTION_19,nagpur_157_2025012183.pdf,https://cdn.s3waas.gov.in/s3d1f491a404d6854880943e5c3cd9ca25/uploads/2025/01/2025012183.pdf,1,0658daa6ee969c7941946f22ae578b730e9549bb02ebb9b82d6a56d3ca9472b7,OCR,NORMAL,Publication of notice 19(1) in land Acquisition Case No 29/A-65/2023-2024 Mouza-Chapegadi Taluka Kuhi Dist. Nagpur | 2ấ вА нЕ в Page 1 of 2
EVT_NAGPUR_196,CAS_CLEAN_039,29/A-65/2023-24,Nagpur,Kuhi,chapegadi(Rithi),,RFCTLARR_2013,SECTION_11,2024-03-14,2024-03-14,SECTION_11,nagpur_196_2024031436.pdf,https://cdn.s3waas.gov.in/s3d1f491a404d6854880943e5c3cd9ca25/uploads/2024/03/2024031436.pdf,1,b9a1f33227e24d99ab55c6a524fdaf60644e6f8cdfa59c1787b81b781722dd22,TEXT,NORMAL,"Section 11(1) of Land Acquisition Act 2013 regarding Promugation of Notification Case No 29/A-65/2023-24 Mouza chapegadi(Rithi), Taluka Kuhi, District Nagpur | ErRrgq{r uqffi (Ticr<{ m.r) fr.qr.fr.q. H%;H rlfu*icrfi ,T{*rcaE-{+srf,fl 6,rfr r{rsF{drf{qrf foauqrqrwfr r qrrcvi*,'eqr Effi (16r{19 qqnun)"
EVT_NAGPUR_148,CAS_CLEAN_040,28/A-65/2023-2024,Nagpur,Kuhi,Chapeghat (Rithi),,RFCTLARR_2013,SECTION_19,2025-02-25,2025-02-25,SECTION_19,nagpur_148_2025022518.pdf,https://cdn.s3waas.gov.in/s3d1f491a404d6854880943e5c3cd9ca25/uploads/2025/02/2025022518.pdf,1,b0cac95d2f1b4209bb04e67b5ad429ee5fbf3fc8b0ee09ca476ecad9e8a376b9,TEXT,NORMAL,Publication of notice 19(1) in land Acquisition Case No 28/A-65/2023-2024 Mouza-Chapeghat (Rithi) Taluka Kuhi Dist. Nagpur | Jufrafart (uGT #.)  Page 1 of 2
EVT_NAGPUR_197,CAS_CLEAN_041,28/A-65/2023-24,Nagpur,Kuhi,Chapeghat (Rithi),,RFCTLARR_2013,SECTION_11,2024-03-14,2024-03-14,SECTION_11,nagpur_197_2024031445.pdf,https://cdn.s3waas.gov.in/s3d1f491a404d6854880943e5c3cd9ca25/uploads/2024/03/2024031445.pdf,1,624daa181d415afe2b4e30599bf582ab55b7c40cdd6a212a4ff746f3ec664864,TEXT,NORMAL,"Section 11(1) of Land Acquisition Act 2013 regarding Promugation of Notification Case No 28/A-65/2023-24 Mouza Chapeghat (Rithi) , Taluka Kuhi, District Nagpur | 3rftrEEr;Tr sqffi (r5{crfi n q) fr.cr.fr'q. qrrryfia,rqtoq, qrq5 fr<iq, - ?e. /oi/totv qfr*iw<a,g+*rrra5{d{rrda,,dnr3fodrr{En$flrarqrqreff"
EVT_NAGPUR_145,CAS_CLEAN_042,03/A-65/2024-2025,Nagpur,Nagpur City,Chikhali Khurd,,RFCTLARR_2013,GENERAL_NOTICE,2025-04-17,2025-04-17,GENERAL_NOTICE,nagpur_145_2025042390.pdf,https://cdn.s3waas.gov.in/s3d1f491a404d6854880943e5c3cd9ca25/uploads/2025/04/2025042390.pdf,1,b9147d700852d487bd8a86c437931b0ea1f2eeaea8ddcd37bbe1d8f5f21f7f73,OCR,NORMAL,"Publication of declaration U/S 19 in land Acquisition Case No 03/A-65/2024-2025 Mouza Chikhali Khurd Tah. Nagpur City Dist Nagpur | [ 19] 3.///3///mft- 64 /2025, faria - 16.04.2025 7), ) 2 s -162 Drainage and Sewage Disposal Scheme ven á qá t ze 162 Dainage and Sewage c 4 4 27 8 9"
EVT_NAGPUR_137,CAS_CLEAN_042,03/A-65/2024-2025,Nagpur,Nagpur City,Chikhali Khurd,,RFCTLARR_2013,GENERAL_NOTICE,2025-06-26,2025-06-26,GENERAL_NOTICE,nagpur_137_2025062682.pdf,https://cdn.s3waas.gov.in/s3d1f491a404d6854880943e5c3cd9ca25/uploads/2025/06/2025062682.pdf,1,b422af225f5a48ed30f7dd5d231e9b44ca8c5e0deabf3a74f47b4a939bb75562,OCR,NORMAL,"Publication of declaration U/S 21 in land Acquisition Case No 03/A-65/2024-2025 Mouza Chikhali Khurd Tah. Nagpur City Dist Nagpur | Email:- sdonagpurcity@gmail.com Tel No.0712-2560048 faric : 1 6/06/2025 ят, Scanned with OKEN Scanner"
EVT_NAGPUR_112,CAS_CLEAN_043,,Nagpur,Nagpur (City),Chikhali Khurd,,RFCTLARR_2013,AWARD,2025-10-30,2025-10-30,AWARD,nagpur_112_17618057025581.pdf,https://cdn.s3waas.gov.in/s3d1f491a404d6854880943e5c3cd9ca25/uploads/2025/10/17618057025581.pdf,1,995fa5d0e1f710c901f44fdc91a16554d4397b5ceb425935d2b6674c1ede0ab7,OCR,NORMAL,Final Award U|S 23 in Land Acquisition Act 2013 in Case No. 3|A 65|2024-25 Mouza Chikhali Khurd Tahsil Nagpur (City) Dist. Nagpur | frostro
EVT_NAGPUR_186,CAS_CLEAN_044,14/A-65/2023-24,Nagpur,Nagpur (City),Chikhali(Devasthan),,RFCTLARR_2013,SECTION_19,2024-08-08,2024-08-08,SECTION_19,nagpur_186_2024080888.pdf,https://cdn.s3waas.gov.in/s3d1f491a404d6854880943e5c3cd9ca25/uploads/2024/08/2024080888.pdf,1,9693a99a9c23897be3b0734de1a3d44ab833ebdf2d68ba9d96cc94d33faaff9c,OCR,NORMAL,"Notification Under Section 19(1) of Land Acquisition Act 2013 LAQ Case No 14/A-65/2023-24 Mouja Chikhali(Devasthan), Taluka Nagpur (City), District Nagpur | o/c a///.22/p0p8,ffric.01/04/9028 ố vấ vầ àố ấ có bấ (ấb c Page 1 of 2 Scanned with OKEN Scanner"
EVT_NAGPUR_125,CAS_CLEAN_045,8/A-65/2025-2026,Nagpur,Kuhi,Chikhali,,RFCTLARR_2013,SECTION_11,2025-09-19,2025-09-19,SECTION_11,nagpur_125_17592259599570.pdf,https://cdn.s3waas.gov.in/s3d1f491a404d6854880943e5c3cd9ca25/uploads/2025/09/17592259599570.pdf,1,037e28ae40bc65a09dd80ac2114bca64153f94db25e953cff5e2d571a21c3c1f,OCR,NORMAL,"Notification under Section 11 (1) of Right to fair compensation & transparency in land Acquisition, Rehabilitation and Resettlement Act 2013, Case No 8/A-65/2025-2026 Mouza Chikhali, Tah Kuhi, Dist. Nagpur | at tele tall tone tale pat me palate Hee fatel Lale"
EVT_NAGPUR_097,CAS_CLEAN_045,8/A-65/2025-2026,Nagpur,Kuhi,Chikhali,,RFCTLARR_2013,SECTION_19,2025-12-15,2025-12-15,SECTION_19,nagpur_097_17657926632206.pdf,https://cdn.s3waas.gov.in/s3d1f491a404d6854880943e5c3cd9ca25/uploads/2025/12/17657926632206.pdf,1,4edd202a948c9dceb2463c64fd8b821b468c29ca14a097e35ae3a074b7c3151b,OCR,NORMAL,Publication of notice 19(1) in land Acquisition Case No 8/A-65/2025-2026 Mouza –Chikhali Taluka Kuhi Dist. Nagpur | #.../3.7.7/..P.#/M 003117074 faria - 90/82/9024
EVT_NAGPUR_076,CAS_CLEAN_045,8/A-65/2025-2026,Nagpur,Kuhi,Chikhali,,RFCTLARR_2013,SECTION_21,2026-01-19,2026-01-19,SECTION_21,nagpur_076_17688243759198.pdf,https://cdn.s3waas.gov.in/s3d1f491a404d6854880943e5c3cd9ca25/uploads/2026/01/17688243759198.pdf,1,4c222c997a0863108c6d9e7d66f9e60a6628d54a157fcdf577c35987fef33511,OCR,NORMAL,"Notification under Section 21(1)4 of Right to fair compensation & transparency in land Acquisition, Rehabilitation and Resettlement Act 2013, Case No 8/A-65/2025-2026 Mouza Chikhali, Tah Kuhi, Dist. Nagpur. | тва, /// 5.3/280-08/9078 Parish: 8818/7099 : 88/82/2024 : 84/82/9084 : 84/82/8024 : 88/87/7"
EVT_NAGPUR_063,CAS_CLEAN_046,3/A-65/2025-26,Nagpur,Nagpur (City),Chinchbhuvan,,RFCTLARR_2013,GENERAL_NOTICE,2026-05-26,2026-05-26,GENERAL_NOTICE,nagpur_063_17797930839009.pdf,https://cdn.s3waas.gov.in/s3d1f491a404d6854880943e5c3cd9ca25/uploads/2026/05/17797930839009.pdf,1,2a32272ea22256a80f14d0b15407302438dbe8a26ed62fd7ab2eb6e79ec77953,OCR,NORMAL,"Notification Uls 19, of Land Acquisition Act-2013 in Case No 3/A-65/2025-26 Mouza Chinchbhuvan Tahsil Nagpur (City) Dist: Nagpur | 126 (4) ЯН 12026, farich - 25.05.2026 4924962643-5.35.300(37)-97-70-9, fa 07.01.2000 3794 Page 1 of 5"
EVT_NAGPUR_165,CAS_CLEAN_047,05/A-65/2024-2025,Nagpur,Mauda,Chirwa,,RFCTLARR_2013,SECTION_19,2025-01-14,2025-01-14,SECTION_19,nagpur_165_2025011439.pdf,https://cdn.s3waas.gov.in/s3d1f491a404d6854880943e5c3cd9ca25/uploads/2025/01/2025011439.pdf,1,fee8ed6f149ab6824a8fc2147174f3c92ed4a7eef1cad766589b862d99dba9f6,OCR,NORMAL,Publication of notice 19(1) in land Acquisition Case No 05/A-65/2024-2025 Mouza Chirwa Taluka Mauda Dist. Nagpur | LE He Wen - elle Whole balatal 520Z/ 10 190 - 4119
EVT_NAGPUR_170,CAS_CLEAN_047,05/A-65/2024-2025,Nagpur,Mauda,Chirwa,,RFCTLARR_2013,SECTION_11,2025-01-14,2025-01-14,SECTION_11,nagpur_170_2025011452.pdf,https://cdn.s3waas.gov.in/s3d1f491a404d6854880943e5c3cd9ca25/uploads/2025/01/2025011452.pdf,1,3817366ab52e0ebdc9c17c3e924f0e39400537b00db795e835ddfa4ad9a7a8a5,OCR,NORMAL,Publication of notice 11(1) in land Acquisition Case No 05/A-65/2024-2025 Mouza Chirwa Taluka Mauda Dist. Nagpur | ğ1&aH1 54 07122560487 • Email - dycollectorlaoR@gmail.com s.3P4.31/911992010?8 909088 Scanned with OKEN Scanner
EVT_NAGPUR_004,CAS_CLEAN_048,26/A-65/2026-2027,Nagpur,Umred,Dahegaon,,RFCTLARR_2013,SECTION_11,2026-09-22,2026-09-22,SECTION_11,nagpur_004_17900738272354.pdf,https://cdn.s3waas.gov.in/s3d1f491a404d6854880943e5c3cd9ca25/uploads/2026/09/17900738272354.pdf,1,c04392847b9413583fb99233cebf8305c14d594bd8d7b66c7b81297b5751ae7b,TEXT,NORMAL,"Publication of notice 11(1) in land Acquisition Case No 26/A-65/2026-2027 Mouza – Dahegaon Taluka Umred Dist. Nagpur | vrifir*. scffi lqwrrqn x'.q) fr.qr.fr.c. {rq5 fi il-qtuc, ffi flqtitq, firdk drg-{, {Fr$ tryoooq frata, - eoloi/?o?Q qfr{vrct5+*rt a grfutrc fi'{ar;rT"
EVT_NAGPUR_007,CAS_CLEAN_049,23/A-65/2026-2027,Nagpur,Umred,Davha,,RFCTLARR_2013,SECTION_11,2026-09-22,2026-09-22,SECTION_11,nagpur_007_17900718325284.pdf,https://cdn.s3waas.gov.in/s3d1f491a404d6854880943e5c3cd9ca25/uploads/2026/09/17900718325284.pdf,1,da2dca2c865bfcd06caff108f67c221068a36bfbbb1435ef1c002de8c335c097,TEXT,NORMAL,"Publication of notice 11(1) in land Acquisition Case No 23/A-65/2026-2027 Mouza – Davha Taluka Umred Dist. Nagpur | urifrrfi Bqk€rfu*,nl(r$ur?la m. TFrTi fi irrqt6q, a,rrtcrq, fir€lo Eri{, UYoooq |r{tm-eoio!/QoQQ q) fr.qr.fr.c. fireftrorft qrfrT{ rfi{vra,grr&rt a yd"
EVT_NAGPUR_068,CAS_CLEAN_050,,Nagpur,,,,RFCTLARR_2013,GENERAL_NOTICE,2026-05-11,2026-05-11,GENERAL_NOTICE,nagpur_068_17785015463125.pdf,https://cdn.s3waas.gov.in/s3d1f491a404d6854880943e5c3cd9ca25/uploads/2026/05/17785015463125.pdf,1,c2bff10e61bd3a243e7a243d5ff3a6b08df6eb9fb290ea3d44744cfc957c7d7f,OCR,NORMAL,Regarding the acquisition of 134.61 Sq. mt of private land situated at Mauza Chichbhavan. | 1031232fe. 031232fe. 37 3tae at afr Santant
EVT_NAGPUR_073,CAS_CLEAN_051,,Nagpur,,,,RFCTLARR_2013,SECTION_19,2026-01-20,2026-01-20,SECTION_19,nagpur_073_17689060164811.pdf,https://cdn.s3waas.gov.in/s3d1f491a404d6854880943e5c3cd9ca25/uploads/2026/01/17689060164811.pdf,1,d59022670da5ba51d1ccddcdc949ec62d91a0e7ebacb03d9330e04dbd2985b12,OCR,NORMAL,Promuladgation of notification 19(1) regarding land acquisition for rehabilitation of affected Village Mauja- Khairi Dhalgaon Village in Mauja-Pardi (Rithi) | I worle I-IB 1 490 82°0 TOI tOI 7179 1/Z9 40!44 920Z/
EVT_NAGPUR_089,CAS_CLEAN_052,,Nagpur,,,,RFCTLARR_2013,GENERAL_NOTICE,2026-01-09,2026-01-09,GENERAL_NOTICE,nagpur_089_17679568558932.pdf,https://cdn.s3waas.gov.in/s3d1f491a404d6854880943e5c3cd9ca25/uploads/2026/01/17679568558932.pdf,1,6ed970b633e904a8a5ba221411781de0a58bc5a42ddf7735ad99e8318cd5ab8d,OCR,NORMAL,Special Executive Officer Appointment Order 21.08.2025 | PhE pant
EVT_NAGPUR_110,CAS_CLEAN_053,,Nagpur,,,,RFCTLARR_2013,SECTION_19,2025-11-18,2025-11-18,SECTION_19,nagpur_110_17634564016054.pdf,https://cdn.s3waas.gov.in/s3d1f491a404d6854880943e5c3cd9ca25/uploads/2025/11/17634564016054.pdf,1,7ab29e3dc8e36e5718b062b95cdcecf4526de009318c2026fd3f9b0fef7b75a2,OCR,NORMAL,Publication of Notification no 19(1) regarding the acquisition of Agricultural land for Play Groung in Mouza Wagdara (Gumgaon) | [989 89 81 88885710) :- 37R 4 South A-PG007 (PLAY GROUND) TI
EVT_NAGPUR_156,CAS_CLEAN_054,,Nagpur,,,,RFCTLARR_2013,SECTION_11,2025-01-22,2025-01-22,SECTION_11,nagpur_156_2025012291.pdf,https://cdn.s3waas.gov.in/s3d1f491a404d6854880943e5c3cd9ca25/uploads/2025/01/2025012291.pdf,1,6e26c199aed038f67d962da411a7b5a7a9f60f9fd60d3ead68e6faa8cfa7f667,OCR,NORMAL,Promulgation of Notification 11(1) Regarding Land Acquisition for Rehabilitation of Affected Village Mauja-Khairi Dhalgaon Village in Mauja Pordi (Rithi) | {h ấ ấ e vá bá vá v cầ cầ v v[ e daá cáłě caá vấn bấ saaz0/z0 4k.
EVT_NAGPUR_006,CAS_CLEAN_055,24/A-65/2026-2027,Nagpur,Umred,Dudha,,RFCTLARR_2013,SECTION_11,2026-09-22,2026-09-22,SECTION_11,nagpur_006_17900720145130.pdf,https://cdn.s3waas.gov.in/s3d1f491a404d6854880943e5c3cd9ca25/uploads/2026/09/17900720145130.pdf,1,b8b8381cde0a79c04ccce21781fa02394ab08c4d35f2a1f19f66cb3188b39a3c,TEXT,NORMAL,"Publication of notice 11(1) in land Acquisition Case No 24/A-65/2026-2027 Mouza – Dudha Taluka Umred Dist. Nagpur | uifirn sTRrWlI wffi 1q{iqrff m.t) fr.qt.fr.c. qrrrTr fi i[Iql6r[, ffi firqtdtc, fir+d Ert{, crrrqt UYoooq lfii6 _ ,o /oq/?oQq qfr{vra,g+*m a grfura ul"
EVT_NAGPUR_003,CAS_CLEAN_056,27/A-65/2026-2027,Nagpur,Umred,Garamsur (Rithi),,RFCTLARR_2013,SECTION_11,2026-09-22,2026-09-22,SECTION_11,nagpur_003_17900740564711.pdf,https://cdn.s3waas.gov.in/s3d1f491a404d6854880943e5c3cd9ca25/uploads/2026/09/17900740564711.pdf,1,bebcb7de037ff9dbf47abd7a743c4cf31d86e488bd991e91ae40b2f5513ba1dc,TEXT,NORMAL,"Publication of notice 11(1) in land Acquisition Case No 27/A-65/2026-2027 Mouza – Garamsur (Rithi) Taluka Umred Dist. Nagpur | nifrrfi scfiilerftr*,rfr 1{scrfr m.q) fr.vr.fr.c. arrrT{ fi qrqttrq, ffi arqiiryq, fir+6 6riq, il$ Xyoooq fr{t+,- eoloi/QoiQ qfr{ur<t,gaf, tag{d'wrci5"
EVT_NAGPUR_154,CAS_CLEAN_057,1/A-65/2024-2025,Nagpur,Bhiwapur,Gondbori,,RFCTLARR_2013,DIRECT_PURCHASE,2025-01-23,2025-01-23,DIRECT_PURCHASE,nagpur_154_2025012386.pdf,https://cdn.s3waas.gov.in/s3d1f491a404d6854880943e5c3cd9ca25/uploads/2025/01/2025012386.pdf,1,1c5fb71beb06afc669e748beb9f5ebfcded245f62669cd8adbd590f7ea0a25ff,OCR,NORMAL,"Proposal for Land Acquisition for Direct Purchase of Private Land in Mauza-Gondbori, Taluka Bhiwapur Dist. Nagpur Case No. 1/A-65/2024-2025. Public Notice Published. | B 818 ...?... F: \Vaheer Notice Final Tippani LPLI No.4 (Dy. Coll.).docx"
EVT_NAGPUR_194,CAS_CLEAN_058,32/A-65/2023-24,Nagpur,Bhiwapur,Gondbori,,RFCTLARR_2013,SECTION_19,2024-04-30,2024-04-30,SECTION_19,nagpur_194_2024043026.pdf,https://cdn.s3waas.gov.in/s3d1f491a404d6854880943e5c3cd9ca25/uploads/2024/04/2024043026.pdf,1,8fff453c7281e36ef5ca6c6bdb1c1269e4f28f31fb4cf2f71655b851c987358f,TEXT,NORMAL,"Section 19(1) of Land Acquisition Act 2013 regarding Promugation of Notification Case No 32/A-65/2023-24 Mouza Gondbori, Taluka Bhiwapur, District Nagpur | etfelg+qTc\ sqiwerfrr*.nt ( tiqr<a m"" t I fr .qr.fr .q.TrrrT{ qii q,rq{uq, {r{rw frqtm-qq/oxlRo?x Tfu{iqtq{, T{+ffi a g+dvwa fi-rf,tTr tst{fr 'f"
EVT_NAGPUR_193,CAS_CLEAN_059,33/A-65/2023-24,Nagpur,Bhiwapur,Gondbori,,RFCTLARR_2013,SECTION_19,2024-04-30,2024-04-30,SECTION_19,nagpur_193_2024043073.pdf,https://cdn.s3waas.gov.in/s3d1f491a404d6854880943e5c3cd9ca25/uploads/2024/04/2024043073.pdf,1,e3933faa529d0d4e2be0ccba8a23ac16c7d472aa175e586b6ec1dcb147bc0279,TEXT,NORMAL,"Section 19(1) of Land Acquisition Act 2013 regarding Promugation of Notification Case No 33/A-65/2023-24 Mouza Gondbori, Taluka Bhiwapur, District Nagpur | 3TftIqT{Tc\ sqlffirRlq'rfr (T{iqrfr m.t) fr.qr.fr.q.aFr5 qii o,T qfuq, qFrW kta-rq/ox/qoqx $r*iqrfl, T{*rt a g{+{r6d ffitTr sftrd r{qri frarqmr "
EVT_NAGPUR_119,CAS_CLEAN_060,3/A-65/2025-2026,Nagpur,Kuhi,Gonha,,RFCTLARR_2013,SECTION_11,2025-09-29,2025-09-29,SECTION_11,nagpur_119_17592276931104.pdf,https://cdn.s3waas.gov.in/s3d1f491a404d6854880943e5c3cd9ca25/uploads/2025/09/17592276931104.pdf,1,bfc455767366c59d580bb041ff7464c349897c6eb7d719e320e19bdbdc867e31,TEXT,NORMAL,"Publication of notice 11(1) in land Acquisition Case No 3/A-65/2025-2026 Mouza – Gonha Taluka Kuhi Dist. Nagpur | sTRrsfirc\ scffi 11$,.crF m.r) fi.qtfr.c. qrrryqi+mrqtoa, <FW frai6 _ ti/ojhoRq qfr{ura,g+*ua q y{+qrtcmrtr<t sF{d r{qri errfrrqrErt+,}qr E{s (Efl-tIq"
EVT_NAGPUR_105,CAS_CLEAN_060,3/A-65/2025-2026,Nagpur,Kuhi,Gonha,,RFCTLARR_2013,SECTION_19,2025-11-28,2025-11-28,SECTION_19,nagpur_105_17643244302467.pdf,https://cdn.s3waas.gov.in/s3d1f491a404d6854880943e5c3cd9ca25/uploads/2025/11/17643244302467.pdf,1,0e533fa05d55d2ea65849ac34684c2e2432fd840c026c03da03922c087360dc3,TEXT,NORMAL,"Publication of notice 19(1) in land Acquisition Case No 3/A-65/2025-2026 Mouza – Gonha Taluka Kuhi Dist. Nagpur | qftrq.ffr Bcfti-€rktrfr 1r$vrca m.t) fr .qT.fr .q.iFW qi* arqloq, <rqq{ fr{ia. - ?o/q?/?o?\ r1fr {ivt<q,V{*s{aET+ffrdwrdiqrst{dr{crtfrduqrfl enft rcn#"
EVT_NAGPUR_085,CAS_CLEAN_060,3/A-65/2025-2026,Nagpur,Kuhi,Gonha,,RFCTLARR_2013,SECTION_21,2026-01-12,2026-01-12,SECTION_21,nagpur_085_17682067345749.pdf,https://cdn.s3waas.gov.in/s3d1f491a404d6854880943e5c3cd9ca25/uploads/2026/01/17682067345749.pdf,1,99979f06b4190699d225df7dd4729c65652f36916edabcc555fae2fd185bc74e,TEXT,NORMAL,"Publication of notice U/s 21(1)(4) in land Acquisition Case No 3/A-65/2025-2026 Mouza – Gonha Taluka Kuhi Dist. Nagpur | {ftiqrfi, W*ffiES{*firfdrui{rffi qrlrr5frdrqrqr 9IIfrIqrrda.islrm er&fuqq ?oI? qI 5,erq ?10)(x)tril+*fi. qrk{ lHq m.ri. q.fsq(t m. r lfawaerarFal4h. r"
EVT_NAGPUR_184,CAS_CLEAN_061,27/A-65/2022-2023,Nagpur,Kuhi,Gorha,,RFCTLARR_2013,DIRECT_PURCHASE,2024-08-14,2024-08-14,DIRECT_PURCHASE,nagpur_184_2024081453.pdf,https://cdn.s3waas.gov.in/s3d1f491a404d6854880943e5c3cd9ca25/uploads/2024/08/2024081453.pdf,1,e8790cde41c95187e24ee5f593a3fa7172e19f314b2b98d2395016b58a72b78f,TEXT,NORMAL,"Proposal for Land Acquisition for Direct Purchase of Private Land in Mauza-Gorha, Taluka Kuhi Dist. Nagpur Case No-27/A-65/2022-2023 | m.d. q.tffiq ilrrrrorR-rjZR . Rv t{.qr<r- r (R.qr.fr .q. ) CrQrffi tlqf{q qr{r1(ft.71o1,  I o, )o 6 lzo tv ers{ ff+{ ?Fqt6 {-ftd-""t/tot\/T.s. iY/3I-R"
EVT_NAGPUR_040,CAS_CLEAN_062,17/A-65/2026-27,Nagpur,Umred,Haladgaon,,RFCTLARR_2013,SECTION_11,2026-08-14,2026-08-14,SECTION_11,nagpur_040_17867055587588.pdf,https://cdn.s3waas.gov.in/s3d1f491a404d6854880943e5c3cd9ca25/uploads/2026/08/17867055587588.pdf,1,bfc54d0e2718b6abef675556cbdf2648b03f09da1491adf52a42f9af1446919d,TEXT,NORMAL,"Publication of notice 11(1) in land Acquisition Case No 17/A-65/2026-27 Mouza – Haladgaon Taluka Umred Dist. Nagpur | urifrrfi sqffi 1{ricrfi a.t) fr.qr.fr.c. +qq{fi6rqtuc,ffiErctoa, fir*doriq,qrq$'- Yvooot flfiia - /roal?o?q rffire,5+*r+ q {frr6 6rdnr sfu Tqqrf fuu<m"
EVT_NAGPUR_034,CAS_CLEAN_063,62/A-65/2025-26,Nagpur,Hingna,Haladgao,,RFCTLARR_2013,SECTION_11,2026-08-17,2026-08-17,SECTION_11,nagpur_034_17869447764003.pdf,https://cdn.s3waas.gov.in/s3d1f491a404d6854880943e5c3cd9ca25/uploads/2026/08/17869447764003.pdf,1,328f7cec04f043bd2417d9d96a8f47ea9bf485506f415b4a087b24deec7ba2e5,OCR,NORMAL,Publication of notice 11(1) in land Acquisition Case No 62/A-65/2025-26 Mouza – Haladgao Taluka Hingna Dist. Nagpur | 970z70700 v
EVT_NAGPUR_169,CAS_CLEAN_064,01/A-65/2024-2025,Nagpur,Kuhi,Hardoli,,RFCTLARR_2013,SECTION_11,2025-01-14,2025-01-14,SECTION_11,nagpur_169_2025011484.pdf,https://cdn.s3waas.gov.in/s3d1f491a404d6854880943e5c3cd9ca25/uploads/2025/01/2025011484.pdf,1,0eafa8ff9996f14ee3331436a9116f40e73b020197a37f964b4597c84bfaa302,OCR,NORMAL,Publication of notice 11(1) in land Acquisition Case No 01/A-65/2024-2025 Mouza Hardoli Taluka Kuhi Dist. Nagpur | all nable cod 061Е6-41b
EVT_NAGPUR_132,CAS_CLEAN_065,03/A-65/2025-2026,Nagpur,,Hardoli,,RFCTLARR_2013,SECTION_11,2025-08-01,2025-08-01,SECTION_11,nagpur_132_17540422203085.pdf,https://cdn.s3waas.gov.in/s3d1f491a404d6854880943e5c3cd9ca25/uploads/2025/08/17540422203085.pdf,1,f34dd658c92a5d3b9f56e82d6fcb52e3cb290eab836353b04fa55c4811a19e10,TEXT,NORMAL,"Publication of notice 11(1) in land acquisition case No. 03/A-65/2025-2026, Village-Hardoli Tah-Kuhi | q'+-fl ETft{drql fti€{Frd qi'i eTlqqq-f; erqeiqrq-oqt 6lqoi {]]qliq-fi qqr{fu'rt{uTqlEl.{iqT :- er. eitrr+r-qr-i qrq q{fl-q q. 3rilrfil-qri qTqiffit{"
EVT_NAGPUR_002,CAS_CLEAN_066,28/A-65/2026-2027,Nagpur,Umred,Jambhalapani,,RFCTLARR_2013,SECTION_11,2026-09-22,2026-09-22,SECTION_11,nagpur_002_17900742342681.pdf,https://cdn.s3waas.gov.in/s3d1f491a404d6854880943e5c3cd9ca25/uploads/2026/09/17900742342681.pdf,1,5f76c11b04f6f738693c521b3e3b64a5d713aafa23349d861ca83dd5bfb20fa2,TEXT,NORMAL,"Publication of notice 11(1) in land Acquisition Case No 28/A-65/2026-2027 Mouza – Jambhalapani Taluka Umred Dist. Nagpur | .,\ ,\ IIRTtI-fi 3ileRFr;ITA Bqiffirftront (Triqrfi m.t) fr.qr.fr.c. qTrrT{ qi+ 6mtdq, fireftrorft i[Tqt6rr, firdtd uriq, qrr$ XEoool flsrtfi - 9o /oi"
EVT_NAGPUR_012,CAS_CLEAN_067,27/A-65/2025-26,Nagpur,Nagpur (Gramin),Junapani,,RFCTLARR_2013,SECTION_11,2026-08-19,2026-08-19,SECTION_11,nagpur_012_17871177833232.pdf,https://cdn.s3waas.gov.in/s3d1f491a404d6854880943e5c3cd9ca25/uploads/2026/08/17871177833232.pdf,1,dc080802a80b89663efc4f02db962a90d660db7ab2a30a317fc6549ad2a3dcd2,OCR,NORMAL,Publication of notice 11(1) in land Acquisition Case No 27/A-65/2025-26 Mouza – Junapani Taluka Nagpur (Gramin) Dist. Nagpur | 300c/20186 saltal
EVT_NAGPUR_031,CAS_CLEAN_068,64/A-65/2025-26,Nagpur,Hingna,Junapani (Rithi),,RFCTLARR_2013,SECTION_11,2026-08-17,2026-08-17,SECTION_11,nagpur_031_17869451492324.pdf,https://cdn.s3waas.gov.in/s3d1f491a404d6854880943e5c3cd9ca25/uploads/2026/08/17869451492324.pdf,1,dd5452b4ba416577e5e61b377abf1841fc480593f912ebf3b8f2e10a8118e9e6,OCR,NORMAL,Publication of notice 11(1) in land Acquisition Case No 64/A-65/2025-26 Mouza – Junapani (Rithi) Taluka Hingna Dist. Nagpur | (1o1)4 bit fade patt
EVT_NAGPUR_055,CAS_CLEAN_069,2/A-65/2026-27,Nagpur,Kuhi,Karhandla,,RFCTLARR_2013,SECTION_11,2026-08-14,2026-08-14,SECTION_11,nagpur_055_17866994541885.pdf,https://cdn.s3waas.gov.in/s3d1f491a404d6854880943e5c3cd9ca25/uploads/2026/08/17866994541885.pdf,1,0c23815b28c56885978dde0c3bc659bd3b157c199676839d8102928902a4b8c0,TEXT,NORMAL,"Publication of notice 11(1) in land Acquisition Case No 2/A-65/2026-27 Mouza Karhandla Taluka Kuhi Dist. Nagpur | wfu6rflffi'-fr (Triqrqr m. t) fa.qr.fr.q. ir{q{ fi trrq{6q, ffi 6rqt-6q, fir+d ud{, ir.r{i UUoooq ftqiq, - lzloahotq qfr{ure,g+*m q gfrrer 6rdnr sfut"
EVT_NAGPUR_149,CAS_CLEAN_070,9/A-65/2021-2022,Nagpur,Saoner,Khariy Dhalgaon,,RFCTLARR_2013,EXTENSION,2025-02-14,2025-02-14,EXTENSION,nagpur_149_2025022545.pdf,https://cdn.s3waas.gov.in/s3d1f491a404d6854880943e5c3cd9ca25/uploads/2025/02/2025022545.pdf,1,b0a3ba70cd035b443b10b314195ad6ea952a28d011f2e5ee7873846c1ed45364,TEXT,NORMAL,Extension Granted 12 Month for Section 19(1) Notification. Mauza-Khariy Dhalgaon Taluka Saoner District-Nagpur Case No. 9/A-65/2021-2022 | fagy  T  fait:-/Ro/RoRY  Email ID:- dycolleetorlao1@gmail.com  si. fai)
EVT_NAGPUR_139,CAS_CLEAN_070,9/A-65/2021-2022,Nagpur,Saoner,Khairi Dhalgaon,Kanhan River Project (Kochhi Barrage),RFCTLARR_2013,SECTION_19,2025-06-19,2025-06-19,SECTION_19,nagpur_139_2025061995.pdf,https://cdn.s3waas.gov.in/s3d1f491a404d6854880943e5c3cd9ca25/uploads/2025/06/2025061995.pdf,1,ed880541081b9518814aed079c5b2fa165cefdb06d19a0e69229be2cc8712673,TEXT,NORMAL,"Land Acquisition Case No. 9/A-65/2021-2022 Corrigendum to the notification under Section 19(1) of the Land Acquisition Act – 2013 regarding the acquisition of agricultural land at Mouja Khairi Dhalgaon for Kanhan River Project (Kochhi Barrage) in Mouja Khairi Dhalgaon (Goathan), Tahsil- Saoner, Dist"
EVT_NAGPUR_109,CAS_CLEAN_070,9/A-65/2021-2022,Nagpur,Saoner,Khairi Dhalgaon,,RFCTLARR_2013,EXTENSION,2025-11-18,2025-11-18,EXTENSION,nagpur_109_17634605603236.pdf,https://cdn.s3waas.gov.in/s3d1f491a404d6854880943e5c3cd9ca25/uploads/2025/11/17634605603236.pdf,1,56e1d6405e4105adfb397d1d1865b029d2864c7f732eca19c91db20efed8ec95,TEXT,NORMAL,"Regarding the extension of time for 6 months for passing the final award under Section 23 in Land Acquisition Case No. 9/A-65/2021-2022 Mouja – Khairi Dhalgaon Taluka Saoner Dist. Nagpur. | T6Rr9V[r{r;T rr6qo afi laqrtr 3qfuerRrfirft (rlriqr-q-{m. t) fu.qr.fr.q. fuerFrqrftmlqtuc, il,W Enrail ID :- d"
EVT_NAGPUR_060,CAS_CLEAN_070,9/A-65/2021-2022,Nagpur,Kuhi,Khairy Dhalgaon (Gaothan),,RFCTLARR_2013,AWARD,2026-07-14,2026-07-14,AWARD,nagpur_060_17840326736570.pdf,https://cdn.s3waas.gov.in/s3d1f491a404d6854880943e5c3cd9ca25/uploads/2026/07/17840326736570.pdf,1,d716f3003e4e32fdb114c94b1ea7cf3db62811a630c52ae63bc4aa39e64270ae,OCR,NORMAL,Publication of Final Award U/s 23 in land Acquisition Case No.9/A-65/2021-2022 Mouza – Khairy Dhalgaon (Gaothan) Taluka Kuhi Dist. Nagpur | DATE:- 27-03-26
EVT_NAGPUR_179,CAS_CLEAN_071,,Nagpur,Saoner,Khariy Dhalgaon,,RFCTLARR_2013,EXTENSION,2024-10-11,2024-10-11,EXTENSION,nagpur_179_2024111319.pdf,https://cdn.s3waas.gov.in/s3d1f491a404d6854880943e5c3cd9ca25/uploads/2024/11/2024111319.pdf,1,0900609bfa9b8f92c6aa279437ff635dbc3db36b8e3999b9baff35b4f34a7c19,TEXT,NORMAL,Extension Granted 12 Month for Section 19(1) Notification. Mauza-Khariy Dhalgaon Taluka Saoner District-Nagpur | farg - fa-ics:-R/RORo?Y  (fayrea4r tTE)  3ufafrAr (HHUA 6.)
EVT_NAGPUR_059,CAS_CLEAN_072,,Nagpur,,Khrusapar,MIDC Industrial Land Acquisition,MIDC_ACT_1961,GENERAL_NOTICE,2026-07-24,2026-07-24,GENERAL_NOTICE,nagpur_059_17848696394139.pdf,https://cdn.s3waas.gov.in/s3d1f491a404d6854880943e5c3cd9ca25/uploads/2026/07/17848696394139.pdf,1,a824737524cc11152c987278b223bb72d22d6a97b30c8cdaed53fdfc573b2d9b,OCR,NORMAL,"Proposal for Land Acquisition for MIDC Act 1961 of Private Land in Mauza Khrusapar, Joga, Jaitapur, Chhatrapur, Malegaon, Nandagomukh, Salai, Sawali, Jatamkhora Taluka Saoner | Office of The Sub-Divisional Officer and Land Acquisition Officer, Saoner ANNEXURE I Notice under Section 32 (2) of the Mah"
EVT_NAGPUR_058,CAS_CLEAN_073,12/A-65/2025-26,Nagpur,Kuhi,Kinhi,,RFCTLARR_2013,GENERAL_NOTICE,2026-07-27,2026-07-27,GENERAL_NOTICE,nagpur_058_17851346679376.pdf,https://cdn.s3waas.gov.in/s3d1f491a404d6854880943e5c3cd9ca25/uploads/2026/07/17851346679376.pdf,1,55eed2b3c1d9205d5589b5de6358bf58844420c3c282b906dd58210a117f3168,OCR,NORMAL,"Notification Uls 19, of Land Acquisition Act-2013 in Case No 12/A-65/2025-26 Mouza Kinhi Tahsil Kuhi Dist: Nagpur | hdo 780 69) 2041013 ФІН4 21 1132 HIND by"
EVT_NAGPUR_008,CAS_CLEAN_074,31/A-65/2025-26,Nagpur,Nagpur (Gramin),Kiranpur,,RFCTLARR_2013,SECTION_11,2026-09-11,2026-09-11,SECTION_11,nagpur_008_17899689722981.pdf,https://cdn.s3waas.gov.in/s3d1f491a404d6854880943e5c3cd9ca25/uploads/2026/09/17899689722981.pdf,1,8192817d53337bb7b34edc9a662042e7da4b36314b019dfd27be53945eb0af81,OCR,NORMAL,Publication of notice 11(1) in land Acquisition Case No 31/A-65/2025-26 Mouza – Kiranpur Taluka Nagpur (Gramin) Dist. Nagpur | ван в
EVT_NAGPUR_022,CAS_CLEAN_075,23/A-65/2025-26,Nagpur,Nagpur (Gramin),Kirnapur,,RFCTLARR_2013,SECTION_11,2026-08-19,2026-08-19,SECTION_11,nagpur_022_17871156491380.pdf,https://cdn.s3waas.gov.in/s3d1f491a404d6854880943e5c3cd9ca25/uploads/2026/08/17871156491380.pdf,1,0e1edaf60d3e1e7564739874f7d060d68bf47c87bd74341ffca7a496181a0441,OCR,NORMAL,Publication of notice 11(1) in land Acquisition Case No 23/A-65/2025-26 Mouza –Kirnapur Taluka Nagpur (Gramin) Dist. Nagpur | ople
EVT_NAGPUR_126,CAS_CLEAN_076,3/A-65/2025-2026,Nagpur,,Kitali,,RFCTLARR_2013,SECTION_11,2025-09-19,2025-09-19,SECTION_11,nagpur_126_17592257339985.pdf,https://cdn.s3waas.gov.in/s3d1f491a404d6854880943e5c3cd9ca25/uploads/2025/09/17592257339985.pdf,1,5f989a1d9c39b4305b87ee4fd708ceec05da30919b99c0ee357d1468c13296d2,OCR,NORMAL,"Notification under Section 11 (1) of Right to fair compensation & transparency in land Acquisition, Rehabilitation and Resettlement Act 2013, Case No 3/A-65/2025-2026 Mouza Kitali, Tah Bhivapur, Dist. Nagpur | fario 22/09/2025 HE HO 352025-2026"
EVT_NAGPUR_095,CAS_CLEAN_076,3/A-65/2025-2026,Nagpur,i Taluka Bhivapur,Kitali,,RFCTLARR_2013,SECTION_19,2025-12-15,2025-12-15,SECTION_19,nagpur_095_17657929816208.pdf,https://cdn.s3waas.gov.in/s3d1f491a404d6854880943e5c3cd9ca25/uploads/2025/12/17657929816208.pdf,1,275d9d81d4cf935b562d2bfb8a7aa850800903a0ca0dab347294e223dce1fbb2,OCR,NORMAL,Publication of notice 19(1) in land Acquisition Case No 3/A-65/2025-2026 Mouza –Kitali Taluka Bhivapur Dist. Nagpur | le by Rotten Ala thie DEARLE
EVT_NAGPUR_074,CAS_CLEAN_076,3/A-65/2025-2026,Nagpur,,Kitali,,RFCTLARR_2013,SECTION_21,2026-01-19,2026-01-19,SECTION_21,nagpur_074_17688247428111.pdf,https://cdn.s3waas.gov.in/s3d1f491a404d6854880943e5c3cd9ca25/uploads/2026/01/17688247428111.pdf,1,1a0d90c9f920f185c890a16111367f82fd68199de0f779f991cc434e66fae3da,OCR,NORMAL,"Notification under Section 21 (1)4 of Right to fair compensation & transparency in land Acquisition, Rehabilitation and Resettlement Act 2013, Case No 3/A-65/2025-2026 Mouza Kitali, Tah Bhivapur, Dist. Nagpur. | 2bl0kdp4t 2 hdoc/c8/38: hc0d/d8/8È: heod/ad/hd: 'ELK 300д/ 06 - куше /& нані /Кує /16 1/"
EVT_NAGPUR_035,CAS_CLEAN_077,58/A-65/2025-26,Nagpur,Hingna,Kohali (Rithi),,RFCTLARR_2013,SECTION_11,2026-08-17,2026-08-17,SECTION_11,nagpur_035_17869435932822.pdf,https://cdn.s3waas.gov.in/s3d1f491a404d6854880943e5c3cd9ca25/uploads/2026/08/17869435932822.pdf,1,f95fcfe4959dbbcb1b4ca0efa996bc843bb7e989a693f7cbcd705bfdb61cfa4e,OCR,NORMAL,Publication of notice 11(1) in land Acquisition Case No 58/A-65/2025-26 Mouza – Kohali (Rithi) Taluka Hingna Dist. Nagpur | goy /2026 Faric.9.8./08/2026 58565|225-2026
EVT_NAGPUR_131,CAS_CLEAN_078,02/A-65/2025-2026,Nagpur,,Kotgaon,,RFCTLARR_2013,SECTION_11,2025-08-01,2025-08-01,SECTION_11,nagpur_131_17540423866891.pdf,https://cdn.s3waas.gov.in/s3d1f491a404d6854880943e5c3cd9ca25/uploads/2025/08/17540423866891.pdf,1,d8eb776ca68671762929816cb8fce9cf2f7ad5a03f830360801548f6b9e3db6d,TEXT,NORMAL,"Publication of notice 11(1) in land acquisition case No. 02/A-65/2025-2026, Village-Kotgaon Tah-kuhi | ffi+1rirn<Hm.?ffiTrtg{ sTrflqrqtqT*fr', ffimFiT, ilqT{ - !!o oo{ E{q+ Hqi-fi -a7 L2-256o487 Emair - ciycolinc-rorraot@gmair,conr .r1 qrttH?5'3TErflT{r"
EVT_NAGPUR_177,CAS_CLEAN_079,26/A-65/2022-23,Nagpur,Kuhi,Kujba,,RFCTLARR_2013,DIRECT_PURCHASE,2024-12-10,2024-12-10,DIRECT_PURCHASE,nagpur_177_2024121061.pdf,https://cdn.s3waas.gov.in/s3d1f491a404d6854880943e5c3cd9ca25/uploads/2024/12/2024121061.pdf,1,b2d3aa024517dbd2675ff7d2e6203609b2e682199e65970f80c45282122d7c3b,TEXT,NORMAL,"Proposal for Land Acquisition for Direct Purchase of Private Land in Mouza-Kujba Taluka-Kuhi Dist. Nagpur Case No 26/A-65/2022-23 | 4.  (3) (3)  qyfRrfafrt (at.m.6)  (3)  (}. 3TR.)  ()  o.o  o,fo  R.6R  R.8  (. ArT.)  ()  o.o  o,0  o,&o  o.4  o,o  ?.64  GYfArafart (grT #. 1) favift"
EVT_NAGPUR_162,CAS_CLEAN_079,26/A-65/2022-23,Nagpur,Kuhi,Kujba,,RFCTLARR_2013,DIRECT_PURCHASE,2025-01-15,2025-01-15,DIRECT_PURCHASE,nagpur_162_2025011517.pdf,https://cdn.s3waas.gov.in/s3d1f491a404d6854880943e5c3cd9ca25/uploads/2025/01/2025011517.pdf,1,b25fa40109f5aecad06a75765c13d119f81520e2cb5918a2cb1c70085ec69230,OCR,NORMAL,Proposal for Land Acquisition for Direct Purchase of Private Land in Mouza-Kujba Taluka-Kuhi Dist. Nagpur Case No 26/A-65/2022-23 | LalK wber yalt (6) Lalo 08° 03° 70°° oco oco (3) фик Lalt Lette tel : 8яд ¿l d ¿3 d ho's č/čÈ8 od'o h (h) (216 · (2) (E) č 8/n 4|H4 (d) h (8)
EVT_NAGPUR_114,CAS_CLEAN_080,4/A-65/2024-2025,Nagpur,Kuhi,Kujba,,RFCTLARR_2013,SECTION_11,2025-09-29,2025-09-29,SECTION_11,nagpur_114_17592279942108.pdf,https://cdn.s3waas.gov.in/s3d1f491a404d6854880943e5c3cd9ca25/uploads/2025/09/17592279942108.pdf,1,0f30fee8d7d40f14b5342b41573f1478a876b4c40dde75cf94712bde4edd5de3,TEXT,NORMAL,"Publication of notice 11(1) in land Acquisition Case No 4/A-65/2024-2025 Mouza – Kujba Taluka Kuhi Dist. Nagpur | sTEIw{r wk€rkdrft (c$crqi m,. q) fr.qr.fr.c. ar.rqtuiiemdua, <r'qr fr{i6 - tq/oq/?oR\ qft{vrc<,9<dmag+*rrraurrnrBflff rrrcr$ enfrrqncffisr E{fi (F6nrq"
EVT_NAGPUR_108,CAS_CLEAN_080,4/A-65/2024-2025,Nagpur,Kuhi,Kujba,,RFCTLARR_2013,SECTION_19,2025-11-28,2025-11-28,SECTION_19,nagpur_108_17643228306302.pdf,https://cdn.s3waas.gov.in/s3d1f491a404d6854880943e5c3cd9ca25/uploads/2025/11/17643228306302.pdf,1,815661cd4367f2e9b3e4db2df68f8cbedabcada1dcf86a57b5debf61c6fa60a4,TEXT,NORMAL,"Publication of notice 19 (1) in land Acquisition Case No 4/A-65/2024-2025 Mouza – Kujba Taluka Kuhi Dist. Nagpur | sTRrsqiT6 wffi1r$vr<<m.r) fr .qr.fr .q.cr.r.$ qi+ CI,rqiFrc, arnqr krim - ?o/tt/?o?\ \futqnT, E+*s< a STtff{d *,,rdiir sPfi rr{crt fuduqrEr sTrftr qrr"
EVT_NAGPUR_088,CAS_CLEAN_080,4/A-65/2024-2025,Nagpur,Kuhi,Kujba,,RFCTLARR_2013,SECTION_21,2026-01-12,2026-01-12,SECTION_21,nagpur_088_17682063413538.pdf,https://cdn.s3waas.gov.in/s3d1f491a404d6854880943e5c3cd9ca25/uploads/2026/01/17682063413538.pdf,1,0e581626fe8ec04a301b5cecebd30ca78823d36f00041dfd7c874c5e986ca986,TEXT,NORMAL,"Publication of notice U/s 21 (1) (4) in land Acquisition Case No 4/A-65/2024-2025 Mouza – Kujba Taluka Kuhi Dist. Nagpur | \ftiqqi, T+*niEyr*Rrrttrrdirrsrqd T{cri@qr qIfucn-ffiss. wlvftar rori er uoq eqntFFk[-diztfi. Ek{ffs m.ri. q.tsc( t.m. r yffiqfffit4l r, o, n ffi _22"
EVT_NAGPUR_057,CAS_CLEAN_081,13/A-65/2025-26,Nagpur,Kuhi,Madanpur,,RFCTLARR_2013,GENERAL_NOTICE,2026-07-27,2026-07-27,GENERAL_NOTICE,nagpur_057_17851349449499.pdf,https://cdn.s3waas.gov.in/s3d1f491a404d6854880943e5c3cd9ca25/uploads/2026/07/17851349449499.pdf,1,a3ac8d3e7d57c6a31ff280a9b99ef78a924f5d6382ac3229ef16283a000525a3,OCR,NORMAL,"Notification Uls 19, of Land Acquisition Act-2013 in Case No 13/A-65/2025-26 Mouza Madanpur Tahsil Kuhi Dist: Nagpur | 68° 78° (LE) S041K13 2€"
EVT_NAGPUR_051,CAS_CLEAN_082,6/अ-65/2026-27,Nagpur,Kuhi,Mandhal,,RFCTLARR_2013,SECTION_11,2026-08-14,2026-08-14,SECTION_11,nagpur_051_17867026392575.pdf,https://cdn.s3waas.gov.in/s3d1f491a404d6854880943e5c3cd9ca25/uploads/2026/08/17867026392575.pdf,1,380ba5c992cfc007af52b69bd5fd15ce644f19271b970e066bc650bd3beabc97,TEXT,NORMAL,"Publication of notice 11(1) in land Acquisition Case No 6/अ-65/2026-27 Mouza –Mandhal Taluka Kuhi Dist. Nagpur | qriftim scffi 1r[{icrfi m.t) fr.qr.fr.c. <rqqr fi c,rqtdc, ffi a,rqtuc, fir+d dri{, iTrW EEoooq ffit6 - /z/oel?o?q \ft{qrfi,T{dv{ a Efrrfi q,rf,r<r sf"
EVT_NAGPUR_026,CAS_CLEAN_083,,Nagpur,,Mangali,,RFCTLARR_2013,GENERAL_NOTICE,2026-08-17,2026-08-17,GENERAL_NOTICE,nagpur_026_17869473055263.pdf,https://cdn.s3waas.gov.in/s3d1f491a404d6854880943e5c3cd9ca25/uploads/2026/08/17869473055263.pdf,1,b1555a1fccb488ca4cead5b54429066981c5ce3b84cc1e2fe61dc0cfef50b842,OCR,NORMAL,"Corrigendum of Mouza – Mangali, Datala, Khairi (Khurd), Shirur, Sukali (Dharpure), Turagondi, Vayfal (Rithi), Menkhat (rithi), Deolipeth, & Sawangi (de) Taluka Hingna Dist. Nagpur | (tila) fallen 28/n Kalt 76/214 plale pate €230 (216 7) 00'% 00 c LINK 28/n 08do 467) hall 76/211 PIL plolle hèc 2ÈC"
EVT_NAGPUR_014,CAS_CLEAN_084,28/A-65/2025-26,Nagpur,Nagpur (Gramin),Mangarul,,RFCTLARR_2013,SECTION_11,2026-08-19,2026-08-19,SECTION_11,nagpur_014_17871164593143.pdf,https://cdn.s3waas.gov.in/s3d1f491a404d6854880943e5c3cd9ca25/uploads/2026/08/17871164593143.pdf,1,cb4c33680cc28e3fe24e1261ac57d7e8f80da8546df1371af0709ee3af570559,OCR,NORMAL,Publication of notice 11(1) in land Acquisition Case No 28/A-65/2025-26 Mouza –Mangarul Taluka Nagpur (Gramin) Dist. Nagpur | -
EVT_NAGPUR_164,CAS_CLEAN_085,01/A-65/2024-2025,Nagpur,Kuhi,Masli,,RFCTLARR_2013,SECTION_19,2025-01-14,2025-01-14,SECTION_19,nagpur_164_2025011475.pdf,https://cdn.s3waas.gov.in/s3d1f491a404d6854880943e5c3cd9ca25/uploads/2025/01/2025011475.pdf,1,64a037acadeeb8682cc91f6cbe1ce8fad557ca0f2c631c4ad1d7ce3d16030be0,OCR,NORMAL,Publication of notice 19(1) in land Acquisition Case No 01/A-65/2024-2025 Mouza Masli Taluka Kuhi Dist. Nagpur | 2cod/0185
EVT_NAGPUR_167,CAS_CLEAN_085,01/A-65/2024-2025,Nagpur,Kuhi,Masli,,RFCTLARR_2013,SECTION_11,2025-01-14,2025-01-14,SECTION_11,nagpur_167_2025011453.pdf,https://cdn.s3waas.gov.in/s3d1f491a404d6854880943e5c3cd9ca25/uploads/2025/01/2025011453.pdf,1,cbb315d20fe99e1da18c1c308f793891944fc919fddf458d2c510c1d6e30c8c4,OCR,NORMAL,Publication of notice 11(1) in land Acquisition Case No 01/A-65/2024-2025 Mouza Masli Taluka Kuhi Dist. Nagpur | яcod/06/56-9o1tb ARBE HAK
EVT_NAGPUR_036,CAS_CLEAN_086,22/A-65/2026-27,Nagpur,Umred,Mhasepathar(Rithi),,RFCTLARR_2013,SECTION_11,2026-08-14,2026-08-14,SECTION_11,nagpur_036_17869433947169.pdf,https://cdn.s3waas.gov.in/s3d1f491a404d6854880943e5c3cd9ca25/uploads/2026/08/17869433947169.pdf,1,0300f7dcb4dd8246f7ad8abe20c793128b51c0db45f033801288fbeabbc76adc,TEXT,NORMAL,"Publication of notice 11(1) in land Acquisition Case No 22/A-65/2026-27 Mouza – Mhasepathar(Rithi) Taluka Umred Dist. Nagpur | qrifrro sqffi 1{riqrfi m.t) ft.qr.fr.c. qrq5 cii 6rctdc, ffi a,rqt?tc, firdu oriq, ;ITIW - Yxoqol ffi - P-l""clCoqt, qft{urc,g+*rt a gafurt umr<t stff"
EVT_NAGPUR_205,CAS_CLEAN_087,01/A-65/2020-2021,Nagpur,Bhivapur,Mokhala,,RFCTLARR_2013,GENERAL_NOTICE,2024-01-31,2024-01-31,GENERAL_NOTICE,nagpur_205_2024020120.pdf,https://cdn.s3waas.gov.in/s3d1f491a404d6854880943e5c3cd9ca25/uploads/2024/02/2024020120.pdf,1,5fd5aa9d574687f82bc04ed5547a689b84617d99f90395ffe6bad6d91a189439,TEXT,NORMAL,"Award Mauza Mokhala, Taluka Bhivapur District Nagpur Land Acquisition Case No -01/A-65/2020-2021 | HYIET .5. o/34-/R0Ro-RoR?  aifaH fratST  :fyarg"
EVT_NAGPUR_151,CAS_CLEAN_088,11/A-65/2018-19,Nagpur,,Mouza Pipaldhara,,RFCTLARR_2013,SECTION_19,2025-02-12,2025-02-12,SECTION_19,nagpur_151_2025021263.pdf,https://cdn.s3waas.gov.in/s3d1f491a404d6854880943e5c3cd9ca25/uploads/2025/02/2025021263.pdf,1,dc0cb306347af8c52dc143af52d5bbaa0b9f596aa037a1008b272cd1e9c8857c,TEXT,NORMAL,"Publication of Notice 19(1) in Land cquisition Case No -11/A-65/2018-19 Village Mouza Pipaldhara Taluka – Hingna | r; ;* vq!qa=*i.ter.d T{iqrTtm^.? ffi'ilv-:T .q}f[Er!rr re:q:% .*l;-FrflqT'frsts-ffiq, fTTTt _ _ .dyo oolo.!  a' E{uFr]-frr:ri?; - or!z-256a487 Emair -"
EVT_NAGPUR_023,CAS_CLEAN_089,29/A-65/2025-26,Nagpur,Nagpur (Gramin),Murarpur,,RFCTLARR_2013,SECTION_11,2026-08-19,2026-08-19,SECTION_11,nagpur_023_17871155853082.pdf,https://cdn.s3waas.gov.in/s3d1f491a404d6854880943e5c3cd9ca25/uploads/2026/08/17871155853082.pdf,1,952addeecfd492b225252855ccf5ef5ee3f92911bc2f4608e424f67e256ab5c8,OCR,NORMAL,Publication of notice 11(1) in land Acquisition Case No 29/A-65/2025-26 Mouza –Murarpur Taluka Nagpur (Gramin) Dist. Nagpur | ¿ừ/₴/cd oc/è/cd 28/₴/cd ₴/cd 2h/c/cd 02/c/cd ¿È/¿/è¿ hd/d/dd Èd/c/cd 88/c/cd 0x/d/cd č/cd 8/cd hè/te/8/8d/8/8c Èco 28 68 38 28 08 h
EVT_NAGPUR_033,CAS_CLEAN_090,63/A-65/2025-26,Nagpur,Hingna,Murzadi,,RFCTLARR_2013,SECTION_11,2026-08-17,2026-08-17,SECTION_11,nagpur_033_17869449641705.pdf,https://cdn.s3waas.gov.in/s3d1f491a404d6854880943e5c3cd9ca25/uploads/2026/08/17869449641705.pdf,1,982e67c1183f5bb27f547bade1d1654024dd89044fc74ca7d37202842528f33a,OCR,NORMAL,Publication of notice 11(1) in land Acquisition Case No 63/A-65/2025-26 Mouza – Murzadi Taluka Hingna Dist. Nagpur | 910 Farien. 18/08/2026 Ванн нонно нон 63652025-2026
EVT_NAGPUR_174,CAS_CLEAN_091,03/A-65/2023-2024,Nagpur,,Nagpur City,,RFCTLARR_2013,GENERAL_NOTICE,2024-12-12,2024-12-12,GENERAL_NOTICE,nagpur_174_20241212100.pdf,https://cdn.s3waas.gov.in/s3d1f491a404d6854880943e5c3cd9ca25/uploads/2024/12/20241212100.pdf,1,f2d33a88e4c58a425f670eb6add59c91fc659d6217ad43df2044aaafac0bc1d7,OCR,NORMAL,"Publication of notification U|S 19 in land Aquisition Case No 03/A-65/2023-2024 Mouza Nagpur City Dist. Nagpur | 3-2/2023-24 fa fas (MRin ferit 09 /12/2024) v v á e 54/ 2197{9 9, {[ 270802019 văấ vấn vấz **→(-2 2) / 2019 / 7{-1, fa. 09.04.2021 garant. 1"
EVT_NAGPUR_144,CAS_CLEAN_092,02/A-65/2024-2025,Nagpur,Nagpur City,Nagpur Khas,,RFCTLARR_2013,GENERAL_NOTICE,2025-04-17,2025-04-17,GENERAL_NOTICE,nagpur_144_2025042392.pdf,https://cdn.s3waas.gov.in/s3d1f491a404d6854880943e5c3cd9ca25/uploads/2025/04/2025042392.pdf,1,2d83127a0b640d85ecd4c7bffd3907017f89d86edf9fb68f9851c91d763fb837,OCR,NORMAL,Publication of declaration U/S 19 in land Acquisition Case No 02/A-65/2024-2025 Mouza Nagpur Khas Tah. Nagpur City Dist Nagpur | [6L0]
EVT_NAGPUR_136,CAS_CLEAN_093,02/A-65/2024-2025,Nagpur,Nagpur City,Nagpur (Khas),,RFCTLARR_2013,GENERAL_NOTICE,2025-06-26,2025-06-26,GENERAL_NOTICE,nagpur_136_2025062656.pdf,https://cdn.s3waas.gov.in/s3d1f491a404d6854880943e5c3cd9ca25/uploads/2025/06/2025062656.pdf,1,c8634a016241cbc54f2bdfb72a30538ddcadd311cd768f3cdacf4f3579b3e774,OCR,NORMAL,Publication of Notice U/S 21 in Land Acquisition Case No 02/A-65/2024-2025 Mouza Nagpur (Khas) Tah. Nagpur City Dist. Nagpur | Email:- sdonagpurcity@gmail.com Tel No.0712-2560048 faнiф:16/06/2025 Scanned with OKEN Scanner
EVT_NAGPUR_187,CAS_CLEAN_094,03/A-65,Nagpur,Nagpur City,Nagpur,,RFCTLARR_2013,GENERAL_NOTICE,2024-08-06,2024-08-06,GENERAL_NOTICE,nagpur_187_2024080652.pdf,https://cdn.s3waas.gov.in/s3d1f491a404d6854880943e5c3cd9ca25/uploads/2024/08/2024080652.pdf,1,9db3d31277c82228fa60b5230de4868e0004d71fefc3b85b6422eb0c81a38ddf,OCR,NORMAL,"Publication of notification U|S 19 in Land Acquisition Case No 03/A-65 | 2023-24 Mouza Nagpur Tah Nagpur City District Nagpur | 3.//3///e1f8-319 /2024, faris - 02.08.2024 1"
EVT_NAGPUR_172,CAS_CLEAN_095,03/A-65/2022-2023,Nagpur,kmEtf,Nagpur (City),,RFCTLARR_2013,GENERAL_NOTICE,2025-01-01,2025-01-01,GENERAL_NOTICE,nagpur_172_2025010261.pdf,https://cdn.s3waas.gov.in/s3d1f491a404d6854880943e5c3cd9ca25/uploads/2025/01/2025010261.pdf,1,42a7e315cc275a0a5745f6cd10fe4fe65f70c05e9d4763c35e021fda78887e78,TEXT,NORMAL,"Publication of Declaration | Notification U|S 19 in land Aquisition Case No 03/A-65/2022-2023 Mouza Nagpur (City) Dist. Nagpur | srftr{fir [i5,fic19] Tft ricrfl, K{tffi a T{rwr<r q-{di{r v*d qrqrf fuarqrqt E qrrqffiqr rm. slfufrqq 2013 wE {drrg qrelrfrq, E;trrt EFtt qfqFrqc 1966"
EVT_NAGPUR_152,CAS_CLEAN_095,03/A-65/2022-2023,Nagpur,rfi,Nagpur (Khas),,RFCTLARR_2013,SECTION_21,2025-02-07,2025-02-07,SECTION_21,nagpur_152_2025020730.pdf,https://cdn.s3waas.gov.in/s3d1f491a404d6854880943e5c3cd9ca25/uploads/2025/02/2025020730.pdf,1,54d36b18a51142c52c58de4fafad4672e521335452efa7c68b963186335a35f4,TEXT,NORMAL,"Publication of notification U|S 21(1)(4) in land Aquisition Case No 03/A-65/2022-2023 Mouza Nagpur (Khas), Tah Nagpur (City) | r.oT.*r./{.{.ltfuovcrrr^T/Erfu- 25 nozs fui+,:o6lo2lzozs iqhrilrflq Brftrfirft Hen TdrTrE{ eTftrfrrfr, rrrrT{ €160 fi q,,rqtffi (qd {rq$ lrfrur q}frfi"
EVT_NAGPUR_180,CAS_CLEAN_096,03/A-65/2023-24,Nagpur,Nagpur City,Nagpur,,RFCTLARR_2013,SECTION_21,2024-10-01,2024-10-01,SECTION_21,nagpur_180_2024100147.pdf,https://cdn.s3waas.gov.in/s3d1f491a404d6854880943e5c3cd9ca25/uploads/2024/10/2024100147.pdf,1,d1cd12c9d915ded3cccc8c967173122d5cb9cb62d1c7a3de4eb5a127a46017e2,OCR,NORMAL,Notice U|S 21(1)(4) in Land Acquisition Case No 03/A-65/2023-24 Mouza Nagpur Tah Nagpur City Dist Nagpur | alte pppoe *Рук
EVT_NAGPUR_143,CAS_CLEAN_097,05/A-65/2022-23,Nagpur,Nagpur (Urban),Nagpur (Khas),Urban Development Plan (DP) Road Widening,RFCTLARR_2013,SECTION_21,2025-05-05,2025-05-05,SECTION_21,nagpur_143_20250506100.pdf,https://cdn.s3waas.gov.in/s3d1f491a404d6854880943e5c3cd9ca25/uploads/2025/05/20250506100.pdf,1,d7eb8d6bbe3b2343b7da4a8c4a343c82bd3e3b008ed333418099f820f49acbf0,TEXT,NORMAL,"Notice Under Section 21(1) (4) of Acquisition Act 2013, Mouza-Nagpur (Khas), Tah. Nagpur (Urban), Dist Nagpur (Gitanjali Takies to Shukrawari Talav ,18 mt. Road Widening) LAC No 05/A-65/2022-23. | qfr{qo"", @t 3rftrfrqc zot: s[q]e,oq zrnrrarqr&o +&n. a'.ts-rapfu(q*rA.o.r*rA-2q-,,.... fui* - iar4{orr "
EVT_NAGPUR_025,CAS_CLEAN_098,1/A-65/2026-2027,Nagpur,Nagpur(City),Nagpur,,RFCTLARR_2013,SECTION_19,2026-08-17,2026-08-17,SECTION_19,nagpur_025_17869478971894.pdf,https://cdn.s3waas.gov.in/s3d1f491a404d6854880943e5c3cd9ca25/uploads/2026/08/17869478971894.pdf,1,a9ac6504ffb884047d11ae9ec4aa92e19ecc89c05240de4e2eb56c4194cbbd6a,OCR,NORMAL,"Notification U|S 19(1) of LARR Act 2019 in Case No 1/A-65/2026-2027 Mouza Nagpur, Tah Nagpur(City), Dist. Nagpur. | ; [ aa[ 19] .3.П./.П////21-166/2026, fai - 13.08.2026 ce vấ véne e 2401 885 5 9; 702 vade vấndá cấ â vấâ v Page 1 of 5 Zume,"
EVT_NAGPUR_182,CAS_CLEAN_099,23/A-65/2022-2023,Nagpur,Nagpur,Nagpur,,RFCTLARR_2013,GENERAL_NOTICE,2024-08-22,2024-08-22,GENERAL_NOTICE,nagpur_182_2024082225.pdf,https://cdn.s3waas.gov.in/s3d1f491a404d6854880943e5c3cd9ca25/uploads/2024/08/2024082225.pdf,1,fc8a480b81b383939fabaa94128c2015f047ca589e2660ba4f016a5c9eab03c9,OCR,NORMAL,"Award of Land Acquisition Act 2013 Mauza-Nagpur, Taluka Nagpur Dist. Nagpur Case No-23/A-65/2022-2023 | ấấ [ần đầnấ đần qầ bần qưầc qưần cư qầ de dene e be tente tee dee e ge ale LE B SÊN JAGIDInE HIbELE LE chire - apped - e Be tee t bed Han JoR dee e ta"
EVT_NAGPUR_147,CAS_CLEAN_100,24/A-65/2022-2023,Nagpur,,Nagpur (Khas),,RFCTLARR_2013,SECTION_21,2025-02-25,2025-02-25,SECTION_21,nagpur_147_2025022578.pdf,https://cdn.s3waas.gov.in/s3d1f491a404d6854880943e5c3cd9ca25/uploads/2025/02/2025022578.pdf,1,f71f9e40f1795b43b003907500e95cfe7ab3d5c22bfae5def38a1bccc88c0c32,TEXT,NORMAL,"Publication of notification U|S 21(1)(4) in land Aquisition Case No 24/A-65/2022-2023 Mouza Nagpur (Khas), Tah Nagpur (City) | EHA/34(Y.5.1) faufar/atfa-306 /2024  (R  zcA AT-T4H 2013 hH 21(1)14)3BH H.  (9) HEITF 3T&,TIiT A0T A.6,HEICT,ATR  A.  2 3  257  237  256  4  faia :-2/"
EVT_NAGPUR_138,CAS_CLEAN_101,3/A-65/2024-2025,Nagpur,,Nagpur (Khas),,RFCTLARR_2013,SECTION_21,2025-06-23,2025-06-23,SECTION_21,nagpur_138_2025062331.pdf,https://cdn.s3waas.gov.in/s3d1f491a404d6854880943e5c3cd9ca25/uploads/2025/06/2025062331.pdf,1,fae734aa9ae57e73849d0f1e5bdbba0b9ddaefb5ada909996c36be45ff4d0078,TEXT,NORMAL,"Publication of notification U|S 21(1)(4) in land Aquisition Case No 3/A-65/2024-2025 Mouza Nagpur (Khas), Tah Nagpur (City) | 3  (?)  (9)  #H.,/34(H5.1)/fanfa/atfa-PL /R04  aisiar  fich :- Ro/o/04"
EVT_NAGPUR_111,CAS_CLEAN_102,,Nagpur,Nagpur,Nagpur (Khas),,RFCTLARR_2013,AWARD,2025-11-06,2025-11-06,AWARD,nagpur_111_17624295835284.pdf,https://cdn.s3waas.gov.in/s3d1f491a404d6854880943e5c3cd9ca25/uploads/2025/11/17624295835284.pdf,1,1304f16a82364bb30c03cca56d1ce6b18cd34efa629757a5e892f7cbc576663e,OCR,NORMAL,Final Award U|S 23 in Land Acquisition Act 2013 in Case No. 2|A 65|2024-25 Mouza Nagpur (Khas) Tahsil Nagpur Dist. Nagpur (Sonchafa Building) | faap5 tàn tàn tàn ti t
EVT_NAGPUR_130,CAS_CLEAN_103,05/A-65/2025-2026,Nagpur,,Navegao,,RFCTLARR_2013,SECTION_11,2025-08-01,2025-08-01,SECTION_11,nagpur_130_17540424622314.pdf,https://cdn.s3waas.gov.in/s3d1f491a404d6854880943e5c3cd9ca25/uploads/2025/08/17540424622314.pdf,1,fb4831d80a614b15a82a72f42ffb0b0876f5399853a1f595f05ad0ba33b46bed,TEXT,NORMAL,"Publication of notice 11(1) in land acquisition case No. 05/A-65/2025-2026, Village-Navegao Tah-Kuhi | ffiT{iqrq{m.Qffiru{ eTmtmrufrFil-*., fir€tf,Hdq, rT'rW - !!o oo{ Sq-+ m.atm - 07 1,2-zs6o4l7 Email - dye ollce trrrlaoi(g,gnraii.it,rii srift{6 qftryq"
EVT_NAGPUR_045,CAS_CLEAN_104,12/A-65/2026-27,Nagpur,Umred,Nirvaha,,RFCTLARR_2013,SECTION_11,2026-08-14,2026-08-14,SECTION_11,nagpur_045_17867045765857.pdf,https://cdn.s3waas.gov.in/s3d1f491a404d6854880943e5c3cd9ca25/uploads/2026/08/17867045765857.pdf,1,13f455a00d62b6441dcb466a82bccce50a003d5f102f164b9ca39e671371aef6,TEXT,NORMAL,"Publication of notice 11(1) in land Acquisition Case No 12/A-65/2026-27 Mouza – Nirvaha Taluka Umred Dist. Nagpur | qrtftffi oTftrff{iT C\ sqGrwffi 1q{tcrfi m.t) fr.qtfr.c. iFrTfifiqtcc,ffia,rqtoq, firdo 6IiR, qIqW - Yxoool fuia -;2/oal1o1q ag+furrtoramsk Trcri g{rf"
EVT_NAGPUR_054,CAS_CLEAN_105,3/A-65/2026-27,Nagpur,Kuhi,Pachkhedi (Gandli),,RFCTLARR_2013,SECTION_11,2026-08-14,2026-08-14,SECTION_11,nagpur_054_17866996048515.pdf,https://cdn.s3waas.gov.in/s3d1f491a404d6854880943e5c3cd9ca25/uploads/2026/08/17866996048515.pdf,1,34e0c85333d5d1ed123d96e11cfa29a21d2339bb314ae91f8795ccbe220a1600,TEXT,NORMAL,"Publication of notice 11(1) in land Acquisition Case No 3/A-65/2026-27 Mouza – Pachkhedi (Gandli) Taluka Kuhi Dist. Nagpur | qrtFro oTRrq.ffr qftiqm,T{dr<a5frreaa;rar<rgk rr{cr$ snfrrqr(ffiqrEffi ({6rttq{grun) sfuftsq, qoqa m.d'.aT./tfu(eiH.ur.fr.x.ffi-f 076/1oqq, fui6 - | 2"
EVT_NAGPUR_039,CAS_CLEAN_106,18/A-65/2026-27,Nagpur,Umred,Parsodi (Uti),,RFCTLARR_2013,SECTION_11,2026-08-14,2026-08-14,SECTION_11,nagpur_039_17869430655413.pdf,https://cdn.s3waas.gov.in/s3d1f491a404d6854880943e5c3cd9ca25/uploads/2026/08/17869430655413.pdf,1,ddee4550e28e3a9429c898917dc84d7de820d45244cb2844d577152639d9290d,TEXT,NORMAL,"Publication of notice 11(1) in land Acquisition Case No 18/A-65/2026-27 Mouza – Parsodi (Uti) Taluka Umred Dist. Nagpur | HtRrq, wffi 1{ricrfi m.t) fa.qr.fr.c. il'Wfi6rqiuq,ffiffiqiuc, fir6t56,qFI$- truooot ffi - lzlor.ltot\ qftdvra,g+*m E \adsrcil u,rtr<r Blra q{qTi flTa"
EVT_NAGPUR_017,CAS_CLEAN_107,24/A-65/2025-26,Nagpur,Nagpur (Gramin),Parsodi,,RFCTLARR_2013,SECTION_11,2026-08-19,2026-08-19,SECTION_11,nagpur_017_17871160613961.pdf,https://cdn.s3waas.gov.in/s3d1f491a404d6854880943e5c3cd9ca25/uploads/2026/08/17871160613961.pdf,1,cc697e267b7f7b3c79f3357fd3d780eef4abe2809b058d5c0ce4a2ed1b024f0d,OCR,NORMAL,Publication of notice 11(1) in land Acquisition Case No 24/A-65/2025-26 Mouza –Parsodi Taluka Nagpur (Gramin) Dist. Nagpur | ван а tesseria de satan fine yee lei lenika e capra band fet 500c/20/96 stil
EVT_NAGPUR_134,CAS_CLEAN_108,4/A-65/2024-2025,Nagpur,Nagpur (City),Parsodi,,RFCTLARR_2013,SECTION_19,2025-07-29,2025-07-29,SECTION_19,nagpur_134_17540377444920.pdf,https://cdn.s3waas.gov.in/s3d1f491a404d6854880943e5c3cd9ca25/uploads/2025/08/17540377444920.pdf,1,633b7ae282e8d794cc45e31c410237b50c5c463f6304660ebddac158aa83a0f6,OCR,NORMAL,"Section 19 Notification in land Aquisition 2013, L.A.C No 4/A-65/2024-2025 Mouza Parsodi, Tah Nagpur (City), Dist. Nagpur | 5.3. ./. 7і./за/././- 164 /2025, fetie - 24.07.2025 → 3{4 da (Fire Station) 885 9 5 76 88 9, 7 02 202 Page 1 of 4"
EVT_NAGPUR_181,CAS_CLEAN_109,11/A-65/2018-2019,Nagpur,,Pimpaldhara,,RFCTLARR_2013,SECTION_19,2024-09-06,2024-09-06,SECTION_19,nagpur_181_2024090678.pdf,https://cdn.s3waas.gov.in/s3d1f491a404d6854880943e5c3cd9ca25/uploads/2024/09/2024090678.pdf,1,e8ddedd84812c32410e68cf27c2281002bc72263eff644112cb38295fdb77ac7,OCR,NORMAL,Publication of Notice 19(1) in Land Acquisition Case No 11/A-65/2018-2019 Village Pimpaldhara Taluka Hingna | Эт. т. 1 2 3 4' Эт. 1 2 3560л. Real -0712-2560487 Email -dycollectorlao?@gmail.com Patien -04/09/2024 У. Я. Т. 11/37-65/2018-19 fast 177 • 104 105 176
EVT_NAGPUR_192,CAS_CLEAN_110,31/A-65/2023-24,Nagpur,Bhiwapur,Pimparada(Rithi),,RFCTLARR_2013,SECTION_19,2024-04-30,2024-04-30,SECTION_19,nagpur_192_2024043081.pdf,https://cdn.s3waas.gov.in/s3d1f491a404d6854880943e5c3cd9ca25/uploads/2024/04/2024043081.pdf,1,c892c2be7fba991586336d7625b421a1dfa3d4b23c4175b7eb82f8028a1a24c9,TEXT,NORMAL,"Section 19(1) of Land Acquisition Act 2013 regarding Promugation of Notification Case No 31/A-65/2023-24 Mouza Pimparada(Rithi), Taluka Bhiwapur, District Nagpur | erftrsqrrc\ ffiurfr (T{qrq{m.q) fr .qr.fr .q.;n{rT{ qti q,rqbq, irrrT{ ffii6-?e/oxho?x Tfu{iqrsr, g-{*ra a gfrrra o,,lili{r lfuil rr{qr$"
EVT_NAGPUR_201,CAS_CLEAN_111,15/A-65/2018-2019,Nagpur,,Pimpladhara,,RFCTLARR_2013,SECTION_19,2024-03-07,2024-03-07,SECTION_19,nagpur_201_2024030737.pdf,https://cdn.s3waas.gov.in/s3d1f491a404d6854880943e5c3cd9ca25/uploads/2024/03/2024030737.pdf,1,3c7df5bc793d4c576a30c8fda05b253c21733b099d718a68e1fd758dbcc71b9a,OCR,NORMAL,"Notification Section 19(1), Land Acquisition Case No 15/A-65/2018-2019 Mauza-Pimpladhara Tahsil Hingna | Felt Lith Laits the"
EVT_NAGPUR_155,CAS_CLEAN_112,2/A-65/2024-2025,Nagpur,Bhiwapur,Piparda (Rithi),,RFCTLARR_2013,DIRECT_PURCHASE,2025-01-23,2025-01-23,DIRECT_PURCHASE,nagpur_155_2025012320.pdf,https://cdn.s3waas.gov.in/s3d1f491a404d6854880943e5c3cd9ca25/uploads/2025/01/2025012320.pdf,1,1fe7f9ada9aa1958d1d651f926e4d7bb594066b639f0cb23b1c1122f2706afe3,OCR,NORMAL,"Proposal for Land Acquisition for Direct Purchase of Private Land in Mauza-Piparda (Rithi), Taluka Bhiwapur Dist. Nagpur Case No. 2/A-65/2024-2025. Public Notice Published. | СУСАНТ 3641:-0712-2056176 92 //.f.m/t7./p0p/arg(fa.utfa) forlfee ...?.... F: Vaheer Notice Final Tippani LPLI No.4 (Dy. Coll."
EVT_NAGPUR_077,CAS_CLEAN_113,1/A-65/2025-2026,Nagpur,Kuhi,Pratappur,,RFCTLARR_2013,GENERAL_NOTICE,2026-01-19,2026-01-19,GENERAL_NOTICE,nagpur_077_17688236116141.pdf,https://cdn.s3waas.gov.in/s3d1f491a404d6854880943e5c3cd9ca25/uploads/2026/01/17688236116141.pdf,1,618647e9725aefa187f9497230b07b06f2b6059d6bcde950bc8726e5f39b4cca,OCR,NORMAL,"Notification under Section 2१ (1) of Right to fair compensation & transparency in land Acquisition, Rehabilitation and Resettlement Act 2013, Case No 1/A-65/2025-2026 Mouza Pratappur, Tah Kuhi, Dist. Nagpur. | heod/ed/hd: heod/ed/hd: heod/edlad: hdoc/cừ/38: h80d/&8/&È: *рук"
EVT_NAGPUR_123,CAS_CLEAN_114,1/A-65/2025-2026,Nagpur,Kuhi,Pratapur,,RFCTLARR_2013,SECTION_11,2025-09-19,2025-09-19,SECTION_11,nagpur_123_17592262272831.pdf,https://cdn.s3waas.gov.in/s3d1f491a404d6854880943e5c3cd9ca25/uploads/2025/09/17592262272831.pdf,1,738a03959b8cbdc7a2a1857961064fb31e19f6a5dad9f51e142a7210cef1cd9e,OCR,NORMAL,"Notification under Section 11 (1) of Right to fair compensation & transparency in land Acquisition, Rehabilitation and Resettlement Act 2013, Case No 1/A-65/2025-2026 Dt. 8/7/2025 Mouza Pratapur, Tah Kuhi, Dist. Nagpur | take set freezin put tell ryan die palate dee fatel lalte 8t9"
EVT_NAGPUR_094,CAS_CLEAN_114,1/A-65/2025-2026,Nagpur,Kuhi,Pratapur,,RFCTLARR_2013,SECTION_19,2025-12-15,2025-12-15,SECTION_19,nagpur_094_17657931534237.pdf,https://cdn.s3waas.gov.in/s3d1f491a404d6854880943e5c3cd9ca25/uploads/2025/12/17657931534237.pdf,1,5ed87664bc966c63816ed6572e7be6cffde2a77b4c089f1745d21a65dc284b0d,OCR,NORMAL,Publication of notice 19(1) in land Acquisition Case No 1/A-65/2025-2026 Mouza –Pratapur Taluka Kuhi Dist. Nagpur | DEARE
EVT_NAGPUR_061,CAS_CLEAN_115,,Nagpur,uka,,Ring Road Project,RFCTLARR_2013,GENERAL_NOTICE,2026-06-23,2026-06-23,GENERAL_NOTICE,nagpur_061_17821998353528.pdf,https://cdn.s3waas.gov.in/s3d1f491a404d6854880943e5c3cd9ca25/uploads/2026/06/17821998353528.pdf,1,1990c35c875da77312ac5121f1fc1359f9b6cb977b0d5922deeeeab0e6217347,OCR,NORMAL,"Regarding to the purchase of land in Hingna Taluka Dist. Nagpur, through direct negotiation for the development of an outer ring road around Nagpur city an adjacent Truck and Bus terminal | 3dod/2о/"
EVT_NAGPUR_062,CAS_CLEAN_116,,Nagpur,uka,,Ring Road Project,RFCTLARR_2013,GENERAL_NOTICE,2026-06-23,2026-06-23,GENERAL_NOTICE,nagpur_062_17821995134755.pdf,https://cdn.s3waas.gov.in/s3d1f491a404d6854880943e5c3cd9ca25/uploads/2026/06/17821995134755.pdf,1,d1ceb6364eb5981d5313631c0be1c153e0b203d5544003dbbb2f21c3e7f4af58,OCR,NORMAL,"Regarding to the purchase of land in Kalmeshwar Taluka Dist. Nagpur, through direct negotiation for the development of an outer ring road around Nagpur city an adjacent Truck and Bus terminal | fasla HA pık fesle bh tat ben jande del de be pe tatta tlt pl dh pera in gatale lue ee e ee ote ope lah bà"
EVT_NAGPUR_146,CAS_CLEAN_117,,Nagpur,Nagpur(Urban),,Urban Development Plan (DP) Road Widening,RFCTLARR_2013,SECTION_19,2025-03-03,2025-03-03,SECTION_19,nagpur_146_2025030487.pdf,https://cdn.s3waas.gov.in/s3d1f491a404d6854880943e5c3cd9ca25/uploads/2025/03/2025030487.pdf,1,05f80624fbdce09e31673866b9297f56a582fad0060c201deb4a8314443086d2,TEXT,NORMAL,"Notification of Sec 19(1) of LAC Act 2013 of Mauja-Nagpur (City) Tah. Nagpur(Urban) Dist Nagpur “Gitanjali Talkies (C.A. Road) to Shukrawari Talao 18 mt Road Widening | qftrq*qr sqfuefirsTfrtq{qT-qrl i-qs'+-frqrq5fi6Tqt-dq rrqwkqis {l tol/iolq 1fuiw<-r, g+dra a [++$Ed minirT BHd q{qrt fudnqrq 3Tlfrr"
EVT_NAGPUR_009,CAS_CLEAN_118,67/A-65/2026-27,Nagpur,Bhivapur,Pullar,,RFCTLARR_2013,SECTION_11,2026-09-07,2026-09-07,SECTION_11,nagpur_009_17887688511960.pdf,https://cdn.s3waas.gov.in/s3d1f491a404d6854880943e5c3cd9ca25/uploads/2026/09/17887688511960.pdf,1,82f43747b40b2a5ae019722a02bd1f2b20717deaf1c0e3b83b32ff0a578eb052,OCR,NORMAL,"Notification under section 11(1), of fair compensation & transparency in Land Acquisition Act-2013 in Case No 67/A-65/2026-27 Mouza Pullar, Taluka Bhivapur Dist: Nagpur | 2/5 Farian 4/09/2026 ad 2 3TTE."
EVT_NAGPUR_042,CAS_CLEAN_119,15/A-65/2026-27,Nagpur,Umred,Pusagondi(Rithi),,RFCTLARR_2013,SECTION_11,2026-08-14,2026-08-14,SECTION_11,nagpur_042_17867052197084.pdf,https://cdn.s3waas.gov.in/s3d1f491a404d6854880943e5c3cd9ca25/uploads/2026/08/17867052197084.pdf,1,fc4962593a543de5f771dd40b0809c9e0f485c3edfc01ea500105c3a718c2533,TEXT,NORMAL,"Publication of notice 11(1) in land Acquisition Case No 15/A-65/2026-27 Mouza – Pusagondi(Rithi) Taluka Umred Dist. Nagpur | rrifrrfi sqffi lrtricrfi m.t) fi.qr.fi.c. crqwfiirrqt6q,ffi6rqtoc, fir+sorgqr, qFIT - xxoooq fr<ia - Ir-loaho?E qfr{ura,5+*m a5frrtir urf,r<r skd rr{q"
EVT_NAGPUR_166,CAS_CLEAN_120,03/A-65/2024-2025,Nagpur,Kuhi,Rajola,,RFCTLARR_2013,SECTION_11,2025-01-14,2025-01-14,SECTION_11,nagpur_166_2025011496.pdf,https://cdn.s3waas.gov.in/s3d1f491a404d6854880943e5c3cd9ca25/uploads/2025/01/2025011496.pdf,1,2322be0c201a09d64065ba6de0dc2680402449d66b3a84cbd1862933275aa085,OCR,NORMAL,Publication of notice 11(1) in land Acquisition Case No 03/A-65/2024-2025 Mouza Rajola Taluka Kuhi Dist. Nagpur | Email - dycollectorlao@gmail.com FaHich: 06/01 1ROR4 зі / [а 21|202259|₴ 03/02/2022 37ờ. Scanned with OKEN Scanner
EVT_NAGPUR_128,CAS_CLEAN_121,7/A-65/2025-2026,Nagpur,Tlq,Rajola,,RFCTLARR_2013,SECTION_11,2025-08-01,2025-08-01,SECTION_11,nagpur_128_17540427622826.pdf,https://cdn.s3waas.gov.in/s3d1f491a404d6854880943e5c3cd9ca25/uploads/2025/08/17540427622826.pdf,1,64117173c65bb5617567b68e445c6f3ae264703cafff10d34cfe66e9605fca3f,TEXT,NORMAL,"Publication of notice 11(1) in land acquisition case No. 7/A-65/2025-2026, Village-Rajola Tah-Kuhi | 3T. 3{ftmT_qT+?rqqril_q E BTRTsT_qrqHHim+{q_f,T 1n wt 3TftiETiqtqrTrs_slqt  . frgef,i qrT""arn,ar-o? er  ""e*iieq.Te-{r,r frv)qqiE -- tpffim qih*qr r.FT"
EVT_NAGPUR_056,CAS_CLEAN_122,1/A-65/2026-27,Nagpur,Kuhi,Rajoli,,RFCTLARR_2013,SECTION_11,2026-08-14,2026-08-14,SECTION_11,nagpur_056_17866992702275.pdf,https://cdn.s3waas.gov.in/s3d1f491a404d6854880943e5c3cd9ca25/uploads/2026/08/17866992702275.pdf,1,f5a97b7dbb5a1403b7e494bd7579af808ca0424fb4725d1526788d35109cf384,TEXT,NORMAL,"Publication of notice 11(1) in land Acquisition Case No 1/A-65/2026-27 Mouza – Rajoli Taluka Kuhi Dist. Nagpur | sqkdrfuoRt (Triqrfi m.q) fr.qr.fr.c.  - rrrr$ fi qrqttrq, fuuffi ?rrqhrq, fts€lo ori{, {rqw YUoooq ffitn - l2-locl?o?\ rfi{urcr,gdrt a 5+*vrca orar<t"
EVT_NAGPUR_019,CAS_CLEAN_123,21/A-65/2025-26,Nagpur,Nagpur (Gramin),Rampur,,RFCTLARR_2013,SECTION_11,2026-08-19,2026-08-19,SECTION_11,nagpur_019_17871158936667.pdf,https://cdn.s3waas.gov.in/s3d1f491a404d6854880943e5c3cd9ca25/uploads/2026/08/17871158936667.pdf,1,1d4d5aaaaa168f4a2ec51e6b3eb5e1bb1a16aff67c64e4dc6a7c07426979f7a4,OCR,NORMAL,Publication of notice 11(1) in land Acquisition Case No 21/A-65/2025-26 Mouza –Rampur Taluka Nagpur (Gramin) Dist. Nagpur | 280 10% 3hio ¿ho 20'0 20°0 Edo co'o do°o do o 3010 ¿o'o яя 8/1/2₴ ¿È ·/4/0d 8/100/00 3d hd 2/68 8/618 38 88 Hoe plan I JARRIE 28 h
EVT_NAGPUR_113,CAS_CLEAN_124,03/a-65/2025-2026,Nagpur,Saoner,Ranala,,RFCTLARR_2013,SECTION_11,2025-09-30,2025-09-30,SECTION_11,nagpur_113_17592281518465.pdf,https://cdn.s3waas.gov.in/s3d1f491a404d6854880943e5c3cd9ca25/uploads/2025/09/17592281518465.pdf,1,88486dadd73901b1d443926d4890f8868325d7607f932ba55a3cc87958866feb,OCR,NORMAL,Publication of declaration U/S 11(1) in Land Acquisition Case No 03/a-65/2025-2026 Mouza Ranala Tah. Saoner Dist Nagpur | HARRIE
EVT_NAGPUR_071,CAS_CLEAN_124,03/A-65/2025-2026,Nagpur,Saoner,Ranala,,RFCTLARR_2013,SECTION_19,2026-03-30,2026-03-30,SECTION_19,nagpur_071_17751044621899.pdf,https://cdn.s3waas.gov.in/s3d1f491a404d6854880943e5c3cd9ca25/uploads/2026/04/17751044621899.pdf,1,18e741a6753812838ca352067aa0d3fb7bc10c96fbe2ad7432f8e76ea74d06aa,OCR,NORMAL,Publication of declaration U/S 19(1) in Land Acquisition Case No 03/A-65/2025-2026 Mouza Ranala Tah. Saoner District Nagpur | • 9lte DR
EVT_NAGPUR_024,CAS_CLEAN_125,19/A-65/2025-26,Nagpur,Nagpur (Gramin),Ruikheiri,,RFCTLARR_2013,SECTION_11,2026-08-19,2026-08-19,SECTION_11,nagpur_024_17871154658589.pdf,https://cdn.s3waas.gov.in/s3d1f491a404d6854880943e5c3cd9ca25/uploads/2026/08/17871154658589.pdf,1,a6cd51cd7b633edbbc13ecac12d22e85dc201e709b9f75c5d06d385156a6ffde,OCR,NORMAL,"Publication of notice 11(1) in land Acquisition Case No 19/A-65/2025-26 Mouza –Ruikheiri Taluka Nagpur (Gramin) Dist. Nagpur | 7.#. 18/37-84/ROP4-PORa 3 4 20 38 33 34/37/2 34/37/2/2 34/9 34/5 34/9/2 34/a/3 3E 8? 83 28 24 PE 83 84 8E 89 P8. PR 40 v8/37 08/a 68 0,04 0.83 0.8b 0."
EVT_NAGPUR_191,CAS_CLEAN_126,19/A-65/2022-2023,Nagpur,Kuhi,Ruyad,,RFCTLARR_2013,DIRECT_PURCHASE,2024-06-25,2024-06-25,DIRECT_PURCHASE,nagpur_191_2024062596.pdf,https://cdn.s3waas.gov.in/s3d1f491a404d6854880943e5c3cd9ca25/uploads/2024/06/2024062596.pdf,1,6c741fb6340e4d883249a3579de0750cdaf831f3b87c0bb500e9e8a65518c12d,TEXT,NORMAL,"Proposal for Land Acquisition for Direct Purchase of Private Land in Mauza-Ruyad, Taluka Kuhi Case No-19/A-65/2022-2023 | d@ gd-ffi fun'ftq qern' nrrrq{ ffi ryiuta @ qtfr SEfE{ fr fur-vqre, qpr-g;-S, te1arI1g, 1202\ yrrcFr Froh sqim. +tmtot-o:lz0l5lq.s'. 34la+z tfitffi r2"
EVT_NAGPUR_190,CAS_CLEAN_127,21/A-65/2022-2023,Nagpur,Kuhi,Ruyad,,RFCTLARR_2013,DIRECT_PURCHASE,2024-06-25,2024-06-25,DIRECT_PURCHASE,nagpur_190_2024062591.pdf,https://cdn.s3waas.gov.in/s3d1f491a404d6854880943e5c3cd9ca25/uploads/2024/06/2024062591.pdf,1,5297b4de6647dafaed253c9e6e3ac44fa7e65196050b364b75f2178c9f35c699,TEXT,NORMAL,"Proposal for Land Acquisition for Direct Purchase of Private Land in Mauza-Ruyad, Taluka Kuhi Case No-21/A-65/2022-2023 | iehq-{ IFdrsr foil-rfrq qsr-d rniqt str?r l1rivrr+ w qtqi gd qTk tz1q qhr-nqrs, f,rqs-r-TE1, kear-qrtr5. m.ler.mr.rtfu.T*t. ffirh- Qzlzozz U{tvtqq wFr"
EVT_NAGPUR_183,CAS_CLEAN_128,34/A-65/2023-2024,Nagpur,Kuhi,Ruyad,,RFCTLARR_2013,DIRECT_PURCHASE,2024-08-22,2024-08-22,DIRECT_PURCHASE,nagpur_183_2024082287.pdf,https://cdn.s3waas.gov.in/s3d1f491a404d6854880943e5c3cd9ca25/uploads/2024/08/2024082287.pdf,1,72613cbbbaffd163d7e682c426c16ae2a7521aed69ff2f142a7ce93d254c9b3d,TEXT,NORMAL,"Proposal for Land Acquisition for Direct Purchase of Private Land in Mauza-Ruyad, Taluka Kuhi Dist. Nagpur Case No-34/A-65/2023-2024 | ""etrq{ g{*H-{ tdrrr'ftq qpl-+' TFrTr effi Xdqrqa wra Btfr Tt qrk{ te( qtqr-rqrs, mq+r g;fr, frr€r-crrr5. s./3{.6r./3ls.Tii. ffirfu- Dg/202\WcrE1- 3qti"
EVT_NAGPUR_117,CAS_CLEAN_129,8/A-65/2024-2025,Nagpur,Kuhi,Ruyad,,RFCTLARR_2013,SECTION_11,2025-09-29,2025-09-29,SECTION_11,nagpur_117_17592278164656.pdf,https://cdn.s3waas.gov.in/s3d1f491a404d6854880943e5c3cd9ca25/uploads/2025/09/17592278164656.pdf,1,5b3a6b5e85eafa116227f72d77b3576903b9ce8f21aa00809ccbb5de9e137968,TEXT,NORMAL,"Publication of notice 11(1) in land Acquisition Case No 8/A-65/2024-2025 Mouza – Ruyad Taluka Kuhi Dist. Nagpur | sTRrq.ffr gqffi (r$urar 6.q; fr.qr.fr.c. arqqtfiurai6+, qrrrq1 ffitq. - t3/o3i?o?\ rfi{urrtg+*mag+dnrrc6rin;rTstr. qrcri enfrrq*qffisr Effi (q6RTq {sr"
EVT_NAGPUR_103,CAS_CLEAN_129,8/A-65/2024-2025,Nagpur,Kuhi,Ruyad,,RFCTLARR_2013,SECTION_19,2025-11-28,2025-11-28,SECTION_19,nagpur_103_17643332825919.pdf,https://cdn.s3waas.gov.in/s3d1f491a404d6854880943e5c3cd9ca25/uploads/2025/11/17643332825919.pdf,1,508652cc764248261968d544a5b7f45ccd1ea7630eccca82fcb7d20d950d244b,TEXT,NORMAL,"Publication of notice 19 (1) in land Acquisition Case No 8/A-65/2024-2025 Mouza – Ruyad Taluka Kuhi Dist. Nagpur | srfurr sqt{erftrorft ($qrfi rr.c) fr .qT.fr .q.qFr5 qi+ a,rqtoq, <r'rq{ fr{ta, - ?o/tt/?o?\ \fuicrqi, E{*fl-{ a Erdsrrd a,,rdi{r sP{d qrqr$ lrdrarsr s"
EVT_NAGPUR_083,CAS_CLEAN_129,8/A-65/2024-2025,Nagpur,Kuhi,Ruyad,,RFCTLARR_2013,SECTION_21,2026-01-12,2026-01-12,SECTION_21,nagpur_083_17682069896680.pdf,https://cdn.s3waas.gov.in/s3d1f491a404d6854880943e5c3cd9ca25/uploads/2026/01/17682069896680.pdf,1,31bc280ec32342a862965de732008d412637d2b4c2f64b1738ec69bd08b2b8eb,TEXT,NORMAL,"Publication of notice U/s 21(1)(4) in land Acquisition Case No 8/A-65/2024-2025 Mouza – Ruyad Taluka Kuhi Dist. Nagpur | cfticrsr, W+r< a S{+ffna oriliar Ertrfr ,Rqrt frauqmT sTrfrr crcffiqr am glfufrqc ?oli qr 6?tIT ?t()(y) siilrfa ""F&fi. qrkl +zts m.ri. 3T.fsq( t. m. I"
EVT_NAGPUR_046,CAS_CLEAN_130,10/A-65/2026-27,Nagpur,Umred,Salai,,RFCTLARR_2013,SECTION_11,2026-08-14,2026-08-14,SECTION_11,nagpur_046_17867042026360.pdf,https://cdn.s3waas.gov.in/s3d1f491a404d6854880943e5c3cd9ca25/uploads/2026/08/17867042026360.pdf,1,d898e01a14c9764bcb772eb8a039063900d88c4b6b916dd62fb095e203de9b14,TEXT,NORMAL,"Publication of notice 11(1) in land Acquisition Case No 10/A-65/2026-27 Mouza – Salai Taluka Umred Dist. Nagpur | qrifrrfi eTRrS sqffi 1q{ur<a m.t) fr.qr.fa.c. qn5fie,rqtdc, ffi{rqtdtc, firS5 66*, iFtg - EYoool lEci6 - fr)oalco?a r$r*wr+t5+*m a 5+*urra arrnr sfud"
EVT_NAGPUR_158,CAS_CLEAN_131,30/A-65/2023-2024,Nagpur,Kuhi,Savangi,,RFCTLARR_2013,SECTION_19,2025-01-21,2025-01-21,SECTION_19,nagpur_158_2025012160.pdf,https://cdn.s3waas.gov.in/s3d1f491a404d6854880943e5c3cd9ca25/uploads/2025/01/2025012160.pdf,1,19244d4f553866b25038a1c8a34c97b16f56d26a1437625d4f990c2843fb9bd4,OCR,NORMAL,"Publication of notice 19(1) in land Acquisition Case No 30/A-65/2023-2024 Mouza-Savangi Taluka Kuhi Dist. Nagpur | .../sf(p//a.u.fa./tifa. 44/3024, Fenien. 1711 120p4 1 3 4 6 7 99 96 97 98 95 92 90 0.67 0.12 0.66 0.66 0.11 0.01 0.08 Page 1 of 2"
EVT_NAGPUR_099,CAS_CLEAN_132,4/A-65/2025-2026,Nagpur,Kuhi,Savangi,,RFCTLARR_2013,SECTION_19,2025-12-15,2025-12-15,SECTION_19,nagpur_099_17657921304176.pdf,https://cdn.s3waas.gov.in/s3d1f491a404d6854880943e5c3cd9ca25/uploads/2025/12/17657921304176.pdf,1,f5d95b4e0fe85bd04407a359ebcc1193ad23c1c43a7698c47f1af59af13089df,OCR,NORMAL,Publication of notice 19(1) in land Acquisition Case No 4/A-65/2025-2026 Mouza – Savangi Taluka Kuhi Dist. Nagpur | DEARE
EVT_NAGPUR_124,CAS_CLEAN_133,4/A-65/2025-2026,Nagpur,Kuhi,Savargao,,RFCTLARR_2013,SECTION_21,2025-09-19,2025-09-19,SECTION_21,nagpur_124_17592261203681.pdf,https://cdn.s3waas.gov.in/s3d1f491a404d6854880943e5c3cd9ca25/uploads/2025/09/17592261203681.pdf,1,2f5c5f321d328c6caa63cc995f25988b18bdcd001edfb419396829ac51c2b981,OCR,NORMAL,"Notification under Section 21 (1) 4 of Right to fair compensation & transparency in land Acquisition, Rehabilitation and Resettlement Act 2013, Case No 4/A-65/2025-2026 Mouza Savargao, Tah Kuhi, Dist. Nagpur. | ae na pale e ald pyaf dne pate Hos Hel Lgle Sz0Z/"
EVT_NAGPUR_079,CAS_CLEAN_133,4/A-65/2025-2026,Nagpur,Kuhi,Savargi,,RFCTLARR_2013,SECTION_21,2026-01-19,2026-01-19,SECTION_21,nagpur_079_17688228405585.pdf,https://cdn.s3waas.gov.in/s3d1f491a404d6854880943e5c3cd9ca25/uploads/2026/01/17688228405585.pdf,1,676c2f5e4b511e5a5e9386077bdf13935209ea27791ab5fa91f20087a2212bcb,OCR,NORMAL,"Notification under Section 21(1)4 of Right to fair compensation & transparency in land Acquisition, Rehabilitation and Resettlement Act 2013, Case No 4/A-65/2025-2026 Mouza Savargi, Tah Kuhi, Dist. Nagpur. | hdod/a8/38 : hoodies/hi hdod/c8/38 'eLK"
EVT_NAGPUR_098,CAS_CLEAN_134,7/A-65/2025-2026,Nagpur,Bhivapur,Savargao,,RFCTLARR_2013,SECTION_19,2025-12-15,2025-12-15,SECTION_19,nagpur_098_17657923698230.pdf,https://cdn.s3waas.gov.in/s3d1f491a404d6854880943e5c3cd9ca25/uploads/2025/12/17657923698230.pdf,1,8938540ceb02b442c4db7bee8d1c3405011daaddcd6370bf6233833453ee1924,OCR,NORMAL,Publication of notice 19(1) in land Acquisition Case No 7/A-65/2025-2026 Mouza –Savargao Taluka Bhivapur Dist. Nagpur | elle IRABLE
EVT_NAGPUR_075,CAS_CLEAN_134,7/A-65/2025-2026,Nagpur,Bhivapur,Savargao,,RFCTLARR_2013,SECTION_21,2026-01-19,2026-01-19,SECTION_21,nagpur_075_17688246237069.pdf,https://cdn.s3waas.gov.in/s3d1f491a404d6854880943e5c3cd9ca25/uploads/2026/01/17688246237069.pdf,1,e0ac2b9c90e0dfd361e58c6dc15bb75620393124b26ca812639e0818ceb458fa,OCR,NORMAL,"Notification under Section 21 (1) 4 of Right to fair compensation & transparency in land Acquisition, Rehabilitation and Resettlement Act 2013, Case No 7/A-65/2025-2026 Mouza Savargao, Tah Bhivapur, Dist. Nagpur. | hdod/d8/38: heodidilhd : hdod/c8/88: saoc/d/9:1168 ęęę (e"
EVT_NAGPUR_029,CAS_CLEAN_135,60/अ-65/2025-26,Nagpur,Hingna,Sawangi (Aa)Taluka Hingna,,RFCTLARR_2013,SECTION_11,2026-08-17,2026-08-17,SECTION_11,nagpur_029_17869455328979.pdf,https://cdn.s3waas.gov.in/s3d1f491a404d6854880943e5c3cd9ca25/uploads/2026/08/17869455328979.pdf,1,aaa2aaee8985ce9b95e156c8f44507a52060594f5179fd6ffecf40a6c6f1468d,OCR,NORMAL,Publication of notice 11(1) in land Acquisition Case No 60/अ-65/2025-26 Mouza – Sawangi (Aa)Taluka Hingna Dist. Nagpur | •
EVT_NAGPUR_195,CAS_CLEAN_136,30/A-65/2023-24,Nagpur,Kuhi,Sawangi,,RFCTLARR_2013,SECTION_11,2024-03-14,2024-03-14,SECTION_11,nagpur_195_2024031446.pdf,https://cdn.s3waas.gov.in/s3d1f491a404d6854880943e5c3cd9ca25/uploads/2024/03/2024031446.pdf,1,18580feb9da24cacde4129c5f6a4b4ea6f051dfab03a212cd7b3f5a1a5719678,TEXT,NORMAL,"Section 11(1) of Land Acquisition Act 2013 regarding Promugation of Notification Case No 30/A-65/2023-24 Mouza Sawangi, Taluka Kuhi, District Nagpur | trq5+{r m.tEr.rtfr (t. m. rrfr.qr.fr.q.tnfu- kq ftorx, fui*, - ){ /oi/Ro?, gqffi (T{icra m. r) fr.qr.fr.c. <r.qr ui* irErl6c, qrrrqr k{tfi - 9t/o?/Ro"
EVT_NAGPUR_010,CAS_CLEAN_137,66/A-65/2026-27,Nagpur,Kuhi,Sawangi,,RFCTLARR_2013,SECTION_11,2026-09-03,2026-09-03,SECTION_11,nagpur_010_17887680469543.pdf,https://cdn.s3waas.gov.in/s3d1f491a404d6854880943e5c3cd9ca25/uploads/2026/09/17887680469543.pdf,1,4903c840e6f448a879abbea73f11a8ca442f68ae7c31cab3f45f793ee26d0585,OCR,NORMAL,"Notification under section 11(1), of fair compensation & transparency in Land Acquisition Act-2013 in Case No 66/A-65/2026-27 Mouza Sawangi Taluka Kuhi Dist: Nagpur | tTO 1112 как ручную HE 1124"
EVT_NAGPUR_001,CAS_CLEAN_138,29/A-65/2026-2027,Nagpur,Umred,Sayki,,RFCTLARR_2013,SECTION_11,2026-09-22,2026-09-22,SECTION_11,nagpur_001_17900744752905.pdf,https://cdn.s3waas.gov.in/s3d1f491a404d6854880943e5c3cd9ca25/uploads/2026/09/17900744752905.pdf,1,1c8775f96a14eeecf2d25acdf912c5cc7f89e29fa4be4f04c5eac100e47c5a36,TEXT,NORMAL,"Publication of notice 11(1) in land Acquisition Case No 29/A-65/2026-2027 Mouza – Sayki Taluka Umred Dist. Nagpur | qriflro wffi 1{ricrfi m.q) fr.cr.fr.q. arq$ fi if,rqturl, ffi arq{Frq, ftr*o ori{, crq{r YUoooi fffifi _, o /oqho?q qfu{uro,5+*rt a 5a*tra 6'{dr;rT Bf"
EVT_NAGPUR_171,CAS_CLEAN_139,20/A-65/2023-2024,Nagpur,Nagpur Urban,Shivangaon,,RFCTLARR_2013,SECTION_19,2025-01-02,2025-01-02,SECTION_19,nagpur_171_2025010312.pdf,https://cdn.s3waas.gov.in/s3d1f491a404d6854880943e5c3cd9ca25/uploads/2025/01/2025010312.pdf,1,66f5feee18da410696d429b8d9b4e34c8e36ee17908c3c6ecd5c432fc04f8dc3,OCR,NORMAL,"Mauza-Shivangaon Tah-Nagpur Urban, Dist. Nagpur Land Acquisition Case No 20/A-65/2023-2024 Sec 19(1) Notification No 01/2025 Dt. 01/01/2025 | 2013 Đi7./35(/45/ma-09 /P0p4, Fe710 - 02 /0 /P024. bấ vấ c c vấ, vấn cấ vấ Page 1 ot 2 Channod with CamCaannor"
EVT_NAGPUR_185,CAS_CLEAN_140,20/A-65/2023-24,Nagpur,Nagpur (City),Shivangaon,,RFCTLARR_2013,SECTION_11,2024-08-08,2024-08-08,SECTION_11,nagpur_185_2024080817.pdf,https://cdn.s3waas.gov.in/s3d1f491a404d6854880943e5c3cd9ca25/uploads/2024/08/2024080817.pdf,1,2a84a6e33b315c6533c20a66e563dd808f810f6e85ac9a7159669f715ca61590,OCR,NORMAL,"Notification Under Section 11(1) of Land Acquisition Act 2013 LAQ Case No 20/A-65/2023-24 Mouja Shivangaon, Taluka Nagpur (City), District Nagpur | n/. FEtit - 02/02/9098 ầ đần qầ ầ qà bà àà cà =.$1-26/3F(3/5/91L2K/28,f9Hİ71-09-05-2028 Page 1 Scanned with OKEN Scanner"
EVT_NAGPUR_049,CAS_CLEAN_141,8/अ-65/2026-27,Nagpur,Kuhi,Siroli(Rithi),,RFCTLARR_2013,SECTION_11,2026-08-14,2026-08-14,SECTION_11,nagpur_049_17867034838425.pdf,https://cdn.s3waas.gov.in/s3d1f491a404d6854880943e5c3cd9ca25/uploads/2026/08/17867034838425.pdf,1,ca91e3cfca2ded9228860a774ead6f3323d042860c537ebde1e22476fb5d896a,TEXT,NORMAL,"Publication of notice 11(1) in land Acquisition Case No 8/अ-65/2026-27 Mouza – Siroli(Rithi) Taluka Kuhi Dist. Nagpur | nrtftro gqffi 15iqrfi m.r) fr.qr.fr.c. rFr$ fi 6rqt-itq, ffi irrql6q, fir+6 oriR, irrrT{ X Nooo! fr<im - 12loahola d {trrra arrr<r Bfua rr{crt fudrqrq"
EVT_NAGPUR_065,CAS_CLEAN_142,5/A-651,Nagpur,Nagpur (City),Sitabuldi,Pune-Solapur-Wadi 3rd & 4th Railway Line Project,RFCTLARR_2013,EXTENSION,2026-05-21,2026-05-21,EXTENSION,nagpur_065_17793636608182.pdf,https://cdn.s3waas.gov.in/s3d1f491a404d6854880943e5c3cd9ca25/uploads/2026/05/17793636608182.pdf,1,babb4f1e8fdfbe009305e52e9647f1baa4819d17f153c03c6edce804c2c6b976,OCR,NORMAL,"Notification Uls 19, of LARR Act-2013 in Case No 5/A-651 2025-26 Mouza Sitabuldi Tahsil Nagpur (City) Dist: Nagpur | 88& (8› fario. 20.04.9075 Page 1 of 7 galass."
EVT_NAGPUR_048,CAS_CLEAN_143,10/A-65/2026-27,Nagpur,Umred,Sonpuri,,RFCTLARR_2013,SECTION_11,2026-08-14,2026-08-14,SECTION_11,nagpur_048_17867038566861.pdf,https://cdn.s3waas.gov.in/s3d1f491a404d6854880943e5c3cd9ca25/uploads/2026/08/17867038566861.pdf,1,d60f37f91dcab84f9cf967910c922d21f721bab2a5cfd67f7b30144efe91d220,TEXT,NORMAL,"Publication of notice 11(1) in land Acquisition Case No 10/A-65/2026-27 Mouza – Sonpuri Taluka Umred Dist. Nagpur | l i sqkwlffirft (Tt{crfi m.t ) fr.qr.fr .c. arq$ fi 6rqtoq, ffi irrqld{r, fir+d ori{, iFr$ Y Xooot fui6 _ f 2_/oal1o1q r$ndwc<,9+*magr*{rraorar+sfoasf"
EVT_NAGPUR_015,CAS_CLEAN_144,20/A-65/2025-26,Nagpur,Nagpur (Gramin),Sonurli,,RFCTLARR_2013,SECTION_11,2026-08-19,2026-08-19,SECTION_11,nagpur_015_17871162034471.pdf,https://cdn.s3waas.gov.in/s3d1f491a404d6854880943e5c3cd9ca25/uploads/2026/08/17871162034471.pdf,1,c447e4ec64d8b3a3a1268179dd9ba71c11fa114511fe3cb92223184e55ff0292,OCR,NORMAL,Publication of notice 11(1) in land Acquisition Case No 20/A-65/2025-26 Mouza –Sonurli Taluka Nagpur (Gramin) Dist. Nagpur | 1xj41к38 І реднє 26% 360 030 200°0 008 20°0 22% 20°0 300'0 35 d/ho 8/h0 пеннє 88 08 h я 8
EVT_NAGPUR_176,CAS_CLEAN_145,36/A-65/2023-24,Nagpur,Kuhi,Takli,,RFCTLARR_2013,DIRECT_PURCHASE,2024-12-10,2024-12-10,DIRECT_PURCHASE,nagpur_176_2024121061-1.pdf,https://cdn.s3waas.gov.in/s3d1f491a404d6854880943e5c3cd9ca25/uploads/2024/12/2024121061-1.pdf,1,da82bd0835f722ff652bd2134c888cf004c9708125470ce66038f870ea999b3b,TEXT,NORMAL,"Proposal for Land Acquisition for Direct Purchase of Private Land in Mouza-Takli Taluka-Kuhi Dist. Nagpur Case No 36/A-65/2023-24 | fz.3/|212 4  gufratfaartt (yiTGT #. 1) fa.A.4. vaT HIT, fIgfart rafs, AT"
EVT_NAGPUR_159,CAS_CLEAN_145,36/A-65/2023-24,Nagpur,Kuhi,Takli,,RFCTLARR_2013,DIRECT_PURCHASE,2025-01-15,2025-01-15,DIRECT_PURCHASE,nagpur_159_2025011538.pdf,https://cdn.s3waas.gov.in/s3d1f491a404d6854880943e5c3cd9ca25/uploads/2025/01/2025011538.pdf,1,b5bd095ba03f6aa5d406b90db008ee936997a8fd73a2451f6a1eacfd3d36864b,OCR,NORMAL,Proposal for Land Acquisition for Direct Purchase of Private Land in Mouza-Takli Taluka-Kuhi Dist. Nagpur Case No 36/A-65/2023-24 | falta (6)) hoo 70°0 60°° 200 8ho 28° (3) JaL дн! 0% č/3 haio 8/3 haio 22o (3) (2) 8/8 (E) LalkK c 8/ фІн4 Jaille (d) h (8)
EVT_NAGPUR_118,CAS_CLEAN_146,7/A-65/2024-2025,Nagpur,Kuhi,Takli,,RFCTLARR_2013,SECTION_11,2025-09-29,2025-09-29,SECTION_11,nagpur_118_17592277702335.pdf,https://cdn.s3waas.gov.in/s3d1f491a404d6854880943e5c3cd9ca25/uploads/2025/09/17592277702335.pdf,1,4feb9668a6809a966b105314547cd0d363521be7dcff968498bf0aa1b717a763,TEXT,NORMAL,"Publication of notice 11(1) in land Acquisition Case No 7/A-65/2024-2025 Mouza – Takli Taluka Kuhi Dist. Nagpur | oTferffi{Tc\ wffi lqdqrm m.t) fr.qr.fr.c. crr5ci+u,rqioc, {rrrqr fr{im _ tq/oj/?o?\ qfr{vra,g+dw a gidqrf,d ?Ftttr;rT sfua rrtqr$ tauqrqr enfrr qR-cff"
EVT_NAGPUR_104,CAS_CLEAN_146,7/A-65/2024-2025,Nagpur,Kuhi,Takli,,RFCTLARR_2013,SECTION_19,2025-11-28,2025-11-28,SECTION_19,nagpur_104_17643330896183.pdf,https://cdn.s3waas.gov.in/s3d1f491a404d6854880943e5c3cd9ca25/uploads/2025/11/17643330896183.pdf,1,a89f008e6a7280de42a39eb6ccad468fe8babd906c1d82e94b30ba64e0313b8b,TEXT,NORMAL,"Publication of notice 19(1) in land Acquisition Case No 7/A-65/2024-2025 Mouza – Takli Taluka Kuhi Dist. Nagpur | BTRrq.fir gqffi1qftrcam.t) fr .qr.fr .c.qr.rqaT qi+ a,rqioc, rr.rqr ftnim - ?o/tq/?o?\ r1fuiqrff, gr*m a grdqrff o,lai{r st{d rrcri firaucm enftr cFGT"
EVT_NAGPUR_084,CAS_CLEAN_146,7/A-65/2024-2025,Nagpur,Kuhi,Takli,,RFCTLARR_2013,SECTION_21,2026-01-12,2026-01-12,SECTION_21,nagpur_084_17682069279623.pdf,https://cdn.s3waas.gov.in/s3d1f491a404d6854880943e5c3cd9ca25/uploads/2026/01/17682069279623.pdf,1,1c17c63c07bbe2b32ef58e80f549b2e9fd3fb0f96c700df4c9c35ac98be0ce5e,TEXT,NORMAL,"Publication of notice U/s 21(1)(4) in land Acquisition Case No 7/A-65/2024-2025 Mouza – Takli Taluka Kuhi Dist. Nagpur | - rrch{qrrq, f+d-m a f*isrea {,.rdiTr qrtrfr |I{qri flq-dqqr unfrr cr{-(ffisr rm er&kqq qfu ?oti qI 66q 1q91(Y1 siili-f, +&{. qrkt +ztn m.ri.or.rrc(rl"
EVT_NAGPUR_116,CAS_CLEAN_147,2/A-65/2025-2026,Nagpur,Kuhi,Taroli,,RFCTLARR_2013,SECTION_11,2025-09-29,2025-09-29,SECTION_11,nagpur_116_17592278865441.pdf,https://cdn.s3waas.gov.in/s3d1f491a404d6854880943e5c3cd9ca25/uploads/2025/09/17592278865441.pdf,1,895eb2c8ff7aaf011a9d74603d88531bd5f689a7670d9f6815d2c3b8e5bcee54,TEXT,NORMAL,"Publication of notice 11(1) in land Acquisition Case No 2/A-65/2025-2026 Mouza – Taroli Taluka Kuhi Dist. Nagpur | erfegfiTc\ sqflweftr""rft f X.iqr<t m. q) fr.q.fr.q. qrqq{ qi+ 6rcioc, qr.r1{ fr1i6 _ qj/oq/?o?\ {fr{rtet,T{dr{ a grdwra irlinirT sfud qrcri fuduqrqr s"
EVT_NAGPUR_102,CAS_CLEAN_147,2/A-65/2025-2026,Nagpur,Kuhi,Taroli,,RFCTLARR_2013,SECTION_19,2025-11-28,2025-11-28,SECTION_19,nagpur_102_17643335594729.pdf,https://cdn.s3waas.gov.in/s3d1f491a404d6854880943e5c3cd9ca25/uploads/2025/11/17643335594729.pdf,1,bade4a3b2ac69db9f201021a43c26c1a81fd3ccf46192dfe8cdcd92304c3b7b4,TEXT,NORMAL,"Publication of notice 19(1) in land Acquisition Case No 2/A-65/2025-2026 Mouza – Taroli Taluka Kuhi Dist. Nagpur | wffi1q*iur<rm.t) fr.qtH.c.qrqw fi 6rqtc q, il.rq{fuifi - ?o/qv?o?\ Tfrriqtqq, g<-tm a ga*vrFa q-mi{r sF{d q{qri fuduqrqT s{rfq qn-{ffisr Effi 3{fuHqc,"
EVT_NAGPUR_082,CAS_CLEAN_147,2/A-65/2025-2026,Nagpur,Kuhi,Taroli,,RFCTLARR_2013,SECTION_21,2026-01-12,2026-01-12,SECTION_21,nagpur_082_17682070532186.pdf,https://cdn.s3waas.gov.in/s3d1f491a404d6854880943e5c3cd9ca25/uploads/2026/01/17682070532186.pdf,1,df033e010a2be71749ba5a8adfc55ff42fa610ba49bb7cfb68907b4b1c904e0f,TEXT,NORMAL,"Publication of notice U/s 21(1)(4) in land Acquisition Case No 2/A-65/2025-2026 Mouza – Taroli Taluka Kuhi Dist. Nagpur | \dTicrfi, g++waSrdurat-rdi{rqmfr y{qriFrdocm ffiqrrcTffirEffi sifufuq ?oti ar rFPrrT ll(txY) sffia +*s. qrfrt#n a.{. w./rmtr1.a. t ;rffiarforfr ffi -2"
EVT_NAGPUR_178,CAS_CLEAN_148,40/A-65/2023-2024,Nagpur,Bhivapur,Thutanbori,,RFCTLARR_2013,GENERAL_NOTICE,2024-12-02,2024-12-02,GENERAL_NOTICE,nagpur_178_2024120294.pdf,https://cdn.s3waas.gov.in/s3d1f491a404d6854880943e5c3cd9ca25/uploads/2024/12/2024120294.pdf,1,c9c7dd09dd3814e49798ad84e7dba7721ad249d7291452a870fa56c08ac91bfc,OCR,NORMAL,Publication of Notice 19(11) in Land Acquisition Case No 40/A-65/2023-2024 Village Thutanbori Taluka Bhivapur Dist. Nagpur | Inded d adek błalta yene me f Ен b d çç cầ qầ ě chee bela pl ce JERABLE
EVT_NAGPUR_160,CAS_CLEAN_149,40/A-65/2023-24,Nagpur,Bhiwapur,Thutanbori,,RFCTLARR_2013,DIRECT_PURCHASE,2025-01-15,2025-01-15,DIRECT_PURCHASE,nagpur_160_2025011593.pdf,https://cdn.s3waas.gov.in/s3d1f491a404d6854880943e5c3cd9ca25/uploads/2025/01/2025011593.pdf,1,76ca2c444e861aea515bd4653d9a7c73c5d979a3b1c3faaf41f693cf6a2be048,OCR,NORMAL,Proposal for Land Acquisition for Direct Purchase of Private Land in Mouza-Thutanbori Taluka-Bhiwapur Dist. Nagpur Case No 40/A-65/2023-24 | vấ vě vấnấ Hấ věd bấ cấ (h vấŁě
EVT_NAGPUR_038,CAS_CLEAN_150,19/A-65/2026-27,Nagpur,Umred,Tikhadi,,RFCTLARR_2013,SECTION_11,2026-08-14,2026-08-14,SECTION_11,nagpur_038_17869432006574.pdf,https://cdn.s3waas.gov.in/s3d1f491a404d6854880943e5c3cd9ca25/uploads/2026/08/17869432006574.pdf,1,37435411de3a7842a77a6c09383fa0e09fa3196dcd24fb3d91aa66c5f5717722,TEXT,NORMAL,"Publication of notice 11(1) in land Acquisition Case No 19/A-65/2026-27 Mouza – Tikhadi Taluka Umred Dist. Nagpur | qriftrfi sqffi 1{ticrfi m.t) fr.qr.fi.c. cmT fi 6rctoc, ffic-q,rft EFIIo{T, fir+dEri{, qrq{t - Yxooot frri6- / 2--lotllo?\ qfr{wra,g+*m a \frrfi arf,r"
EVT_NAGPUR_020,CAS_CLEAN_151,26/A-65/2025-26,Nagpur,Nagpur (Gramin),Tumdi,,RFCTLARR_2013,SECTION_11,2026-08-19,2026-08-19,SECTION_11,nagpur_020_17871158321698.pdf,https://cdn.s3waas.gov.in/s3d1f491a404d6854880943e5c3cd9ca25/uploads/2026/08/17871158321698.pdf,1,de7d2cf882098e2cb13205c7c57b4367a38b5bef031072c3403a1fe5f0699e15,OCR,NORMAL,Publication of notice 11(1) in land Acquisition Case No 26/A-65/2025-26 Mouza –Tumdi Taluka Nagpur (Gramin) Dist. Nagpur | „ нан на в 2 L' E
EVT_NAGPUR_037,CAS_CLEAN_152,20/A-65/2026-27,Nagpur,Umred,Umra,,RFCTLARR_2013,SECTION_11,2026-08-14,2026-08-14,SECTION_11,nagpur_037_17869433002182.pdf,https://cdn.s3waas.gov.in/s3d1f491a404d6854880943e5c3cd9ca25/uploads/2026/08/17869433002182.pdf,1,2113ca0483fc9e1385dca1ecc8dec25728def332681e76935c12e75c023815f4,TEXT,NORMAL,"Publication of notice 11(1) in land Acquisition Case No 20/A-65/2026-27 Mouza – Umra Taluka Umred Dist. Nagpur | vrtFr*. sqffi lTivrcr m.q) fr.qr.fr.c. qnTfiu.rqtuc,ffi6rqtuc, fir+d ?trfu, qFIT' - uuoooq fr<tm -  1  e_locl?o?\ rfi {urr<,9+*mE{qdqrcaurar<rfwdrr{cr"
EVT_NAGPUR_032,CAS_CLEAN_153,65/अ-65/2025-26,Nagpur,Hingna,Vadgaon (Bakshi),,RFCTLARR_2013,SECTION_11,2026-08-17,2026-08-17,SECTION_11,nagpur_032_17869450499883.pdf,https://cdn.s3waas.gov.in/s3d1f491a404d6854880943e5c3cd9ca25/uploads/2026/08/17869450499883.pdf,1,f5fc05d79f83508d7b3987ee22b9e04b627e8606e7d68b9f293686f4d4aa6143,OCR,NORMAL,Publication of notice 11(1) in land Acquisition Case No 65/अ-65/2025-26 Mouza – Vadgaon (Bakshi) Taluka Hingna Dist. Nagpur | Fatics. 98/08/2026
EVT_NAGPUR_064,CAS_CLEAN_154,,Nagpur,Hfrrswl cT,Valni,,RFCTLARR_2013,DIRECT_PURCHASE,2026-05-21,2026-05-21,DIRECT_PURCHASE,nagpur_064_17794523459073.pdf,https://cdn.s3waas.gov.in/s3d1f491a404d6854880943e5c3cd9ca25/uploads/2026/05/17794523459073.pdf,1,bcc6f51e92f3e9539e2edd225c6fea944d0a58d1c40d32127393bd80d30bcdf1,TEXT,NORMAL,"Draft public notice regarding direct purchase through private negotiation for the proposed acquisition of agricultural land of Mouja – Valni, Isapur, Kavadas, Patansawangi, Bellori (Khu), Itangoti, Sillori and Heti (Surla), Tehsil – Savner, District | F srq'ft affifi q+{Erwft araqrA-d e}e qt*qta*+ a"
EVT_NAGPUR_016,CAS_CLEAN_155,25/A-65/2025-26,Nagpur,Nagpur (Gramin),Varanga,,RFCTLARR_2013,SECTION_11,2026-08-19,2026-08-19,SECTION_11,nagpur_016_17871161252166.pdf,https://cdn.s3waas.gov.in/s3d1f491a404d6854880943e5c3cd9ca25/uploads/2026/08/17871161252166.pdf,1,52f585209a900ececdf1c1d9db73192b7fc0fb9a7f4e95c3061652035b91fce4,OCR,NORMAL,Publication of notice 11(1) in land Acquisition Case No 25/A-65/2025-26 Mouza –Varanga Taluka Nagpur (Gramin) Dist. Nagpur | 80°0 288 {do 82% ₫00 èčo 820 sco 3h h/n2 2/ыя ₴/ne 38 28 8/08 he яя d/ER &/Èя 88 08 8/8È ¿/ÈÈ 8/ÈÈ я 3d-hdod/h-t/hd4
EVT_NAGPUR_163,CAS_CLEAN_156,38/A-65/2023-24,Nagpur,Kuhi,Veltur,,RFCTLARR_2013,DIRECT_PURCHASE,2025-01-15,2025-01-15,DIRECT_PURCHASE,nagpur_163_2025011591.pdf,https://cdn.s3waas.gov.in/s3d1f491a404d6854880943e5c3cd9ca25/uploads/2025/01/2025011591.pdf,1,b5f601ed21cf7fb88aee2ac03a85a83b872ab8c5cc86c5063ab80d27afcba13b,OCR,NORMAL,Proposal for Land Acquisition for Direct Purchase of Private Land in Mouza-Veltur Taluka-Kuhi Dist. Nagpur Case No 38/A-65/2023-24 | '''''''
EVT_NAGPUR_043,CAS_CLEAN_157,14/A-65/2026-27,Nagpur,Umred,Wadegaon,,RFCTLARR_2013,SECTION_11,2026-08-14,2026-08-14,SECTION_11,nagpur_043_17867050557766.pdf,https://cdn.s3waas.gov.in/s3d1f491a404d6854880943e5c3cd9ca25/uploads/2026/08/17867050557766.pdf,1,2e8923bfbd3ca3f9c38bfdf14436767969f67d0e707a4f3c0c959b7f8ae74e36,TEXT,NORMAL,"Publication of notice 11(1) in land Acquisition Case No 14/A-65/2026-27 Mouza – Wadegaon Taluka Umred Dist. Nagpur | qrtftrm scffi 1{r{qrfi m.t) fr.qr.fr.q. rrrrTr fi 6rqt6c, ffi 6rql@, ffiir dri{, nrqw XUoooq fuim - 72loaho?a rfi {ura,5+*mat{dff{fr 6rdnrsFff q{crifr"
EVT_NAGPUR_005,CAS_CLEAN_158,25/A-65/2026-2027,Nagpur,Umred,Wagholi (Rithi),,RFCTLARR_2013,SECTION_11,2026-09-22,2026-09-22,SECTION_11,nagpur_005_17900733115343.pdf,https://cdn.s3waas.gov.in/s3d1f491a404d6854880943e5c3cd9ca25/uploads/2026/09/17900733115343.pdf,1,2d551c86301d75c637e7f5bf7e41a383393419970583f660bdea4df6539a9539,TEXT,NORMAL,"Publication of notice 11(1) in land Acquisition Case No 25/A-65/2026-2027 Mouza – Wagholi (Rithi) Taluka Umred Dist. Nagpur | urif,rfi oTftrFqT6. scffi lTiqqq m.t) fr.qr.fr.c. aFW fi trrrl{6{t, ffi ir+?r{T, firtrto 66{, ilrg UUoooq ffii6 - lo /oj/?o?Q qfriuro,5+*rr a g+*rrra"
EVT_NAGPUR_050,CAS_CLEAN_159,7/अ-65/2026-27,Nagpur,Kuhi,Wag,,RFCTLARR_2013,SECTION_11,2026-08-14,2026-08-14,SECTION_11,nagpur_050_17867030147239.pdf,https://cdn.s3waas.gov.in/s3d1f491a404d6854880943e5c3cd9ca25/uploads/2026/08/17867030147239.pdf,1,14c91731cdaba574797e5d64f12d66dcc2b6fa5d33b477d37337619988ccda4a,TEXT,NORMAL,"Publication of notice 11(1) in land Acquisition Case No 7/अ-65/2026-27 Mouza – Wag Taluka Kuhi Dist. Nagpur | qrt&r*, sTGrfr gqffi lxricrfi m.q) fla.cr.fr,c. qr'rw fi 6rqiuq, ffi i6rqtsq, fir+d drF{, rr{rT{ YYooot fr<t6 - /2/oaltolq *fiivr<t,5+*m q T{d{rrr u,r"
EVT_NAGPUR_093,CAS_CLEAN_160,4/A-65/2024-2025,Nagpur,Hingna,Wanadongari,,RFCTLARR_2013,SECTION_19,2025-12-19,2025-12-19,SECTION_19,nagpur_093_17663819065704.pdf,https://cdn.s3waas.gov.in/s3d1f491a404d6854880943e5c3cd9ca25/uploads/2025/12/17663819065704.pdf,1,38ab4701d9f3ac3f40aded93126a1c1b795729e6699e387fcea290609d67f07c,OCR,NORMAL,"Public notice 19(1) in land Acquisition Case No 4/A-65/2024-2025 Mouza –Wanadongari Taluka Hingna Dist. Nagpur | 7. 334 / 2 46 6 278.709 250, 253, 256 ₫ 258 .... Al 278.709"
EVT_NAGPUR_090,CAS_CLEAN_161,6/A-65/2024-2025,Nagpur,Hingna,Wanadongari,,RFCTLARR_2013,SECTION_19,2025-12-19,2025-12-19,SECTION_19,nagpur_090_17663842614296.pdf,https://cdn.s3waas.gov.in/s3d1f491a404d6854880943e5c3cd9ca25/uploads/2025/12/17663842614296.pdf,1,23a2e6159856d230d2e20ebc9835df4fccbc64e0f5cbe7e882171d30bda9e5f4,OCR,NORMAL,"Public notice 19(1) in land Acquisition Case No 6/A-65/2024-2025 Mouza –Wanadongari Taluka Hingna Dist. Nagpur | 3РEC S. 0712-2543929 ......./2025, Email ID - ngpvidclao3@gmail.com Paris:- 15/12 / 2025 Letter No. K-14011/06/2019-MRTS-II Government of India Minist"
EVT_NAGPUR_092,CAS_CLEAN_162,7/A-65/2024-2025,Nagpur,Hingna,Wanadongari,,RFCTLARR_2013,SECTION_19,2025-12-19,2025-12-19,SECTION_19,nagpur_092_17663837031156.pdf,https://cdn.s3waas.gov.in/s3d1f491a404d6854880943e5c3cd9ca25/uploads/2025/12/17663837031156.pdf,1,473446c7e27129e14b79e87443c10247f74221b4d826f780950257553e5152e8,OCR,NORMAL,Public notice 19(1) in land Acquisition Case No 7/A-65/2024-2025 Mouza –Wanadongari Taluka Hingna Dist. Nagpur | SPECT St. 0712-2543929 536/B3/(17442025 Email ID - ngpvidclao3@gmail.com Раніс:- 15 /12/2025 Letter No. K-14011/06/2019-MRTS-II Government of India Mi
EVT_NAGPUR_091,CAS_CLEAN_163,8/A-65/2024-2025,Nagpur,Hingna,Wanadongari,,RFCTLARR_2013,SECTION_19,2025-12-19,2025-12-19,SECTION_19,nagpur_091_17663839169227.pdf,https://cdn.s3waas.gov.in/s3d1f491a404d6854880943e5c3cd9ca25/uploads/2025/12/17663839169227.pdf,1,df3e69fd69d0fa79ac9dcab693d683961ba5c9b987a25f97c8d3a4b7aaf8c028,OCR,NORMAL,Public notice 19(1) in land Acquisition Case No 8/A-65/2024-2025 Mouza –Wanadongari Taluka Hingna Dist. Nagpur | ЗРЕТНТ Б. 0712-2543929 Email ID - ngpvidclao3@gmail.com Pa-ic:-15 / 12/2025 Letter No. K-14011/06/2019-MRTS-II Government of India Ministry of Housing
EVT_NAGPUR_200,CAS_CLEAN_164,1/A-65/2023-24,Nagpur,Hingna,Wanadongri,,RFCTLARR_2013,GENERAL_NOTICE,2024-03-13,2024-03-13,GENERAL_NOTICE,nagpur_200_2024031330.pdf,https://cdn.s3waas.gov.in/s3d1f491a404d6854880943e5c3cd9ca25/uploads/2024/03/2024031330.pdf,1,a53107fea2e611b07a1a273c4d78ca4beb573a7fddb5f26793346d41457dc441,OCR,NORMAL,"Public Notice Mauza Wanadongri Taluka Hingna District Nagpur in Land Acquisition Case No 1/A-65/2023-24 | guard i: 0712-2343929 ... / 2024, Email ID - ngpvidclao3@gmail.com 03/2024 Letter No. K-14011/00/2019 MR15-I1 Government of India Ministry of Housing"
EVT_NAGPUR_199,CAS_CLEAN_165,2/A-65/2023-24,Nagpur,Hingna,Wanadongri,,RFCTLARR_2013,GENERAL_NOTICE,2024-03-13,2024-03-13,GENERAL_NOTICE,nagpur_199_20240313100.pdf,https://cdn.s3waas.gov.in/s3d1f491a404d6854880943e5c3cd9ca25/uploads/2024/03/20240313100.pdf,1,0bd7a26794fe9bdaa182094cf5770f213a57b7eb37c9ad0d185027ad966c0e1c,OCR,NORMAL,Public Notice Mauza Wanadongri Taluka Hingna District Nagpur in Land Acquisition Case No 2/A-65/2023-24 | gREaT st. 0712-2543929 Email ID - ngpvidclao3@gmail.com Panic:- /2 03/2024 Letter No. K-14011/06/2019-MRTS-II Government of India Ministry of Housing
EVT_NASHIK_299,CAS_CLEAN_166,16-2025,Nashik,,,Ring Road Project,RFCTLARR_2013,AWARD,2026-08-17,2026-08-17,AWARD,nashik_299_17869745276232.pdf,https://cdn.s3waas.gov.in/s3b3967a0e938dc2a6340e258630febd5a/uploads/2026/08/17869745276232.pdf,1,03b6e79e9c75e50b92ca6aa4b4ff2203d991f9615ed85a785ff3574e98aa0320,OCR,NORMAL,Land Acquisition Final Award (Case No.16-2025) Ring Road- Chandshi | bá 3doc/Eo/co 3dоd/сo/nd 3dоd/со/3d 3дос/со/3d h Heal pell tàn tan i ti tin tan tin tan tin tan ton tani a bấca ba cá b El * RậT. hè hoh 2h Ln
EVT_NASHIK_301,CAS_CLEAN_167,7.25,Nashik,,,,RFCTLARR_2013,AWARD,2026-08-19,2026-08-19,AWARD,nashik_301_17871259085536.pdf,https://cdn.s3waas.gov.in/s3b3967a0e938dc2a6340e258630febd5a/uploads/2026/08/17871259085536.pdf,1,a9e2930d316564b91ffe7e74781ded8edbef43756f749e0a54b5c25a670ee05d,OCR,NORMAL,Case No.7.25 Ambebahula – Final Award | 34 -2025/cn1f7/804/2026 ва ва e vấe váá t átá á v bấ á {hấố ăấ vấde {ấ cânấe cấná cáná ca c báá á {ấnz ấấ 2 bà váá ú 1 Scanned with OKEN Scanner
EVT_NASHIK_302,CAS_CLEAN_168,8.25,Nashik,,,,RFCTLARR_2013,AWARD,2026-08-19,2026-08-19,AWARD,nashik_302_17871256344022.pdf,https://cdn.s3waas.gov.in/s3b3967a0e938dc2a6340e258630febd5a/uploads/2026/08/17871256344022.pdf,1,7dc7a6a3c1053f10fee1fdf4e97acb15c36907b04ab57ab341570f73cc35db96,OCR,NORMAL,Case No. 8.25 Gaulne – Final Award | Зіба FaIT вааа а ва и 1 Scanned with OKEN Scanner
EVT_NASHIK_290,CAS_CLEAN_169,,Nashik,,,,RFCTLARR_2013,AWARD,2026-09-29,2026-09-29,AWARD,nashik_290_17906585488404.pdf,https://cdn.s3waas.gov.in/s3b3967a0e938dc2a6340e258630febd5a/uploads/2026/09/17906585488404.pdf,1,176fa119c8615b5673fb133faeabc49091dc9ae3c058e1df95c618a8d4ef84a3,TEXT,NORMAL,Land Acquisition Final Award Pimpalgaon bahula | 1                                                  COLNSK-32013/80/2026-SLAO-2 I/2739562/2026
EVT_NASHIK_295,CAS_CLEAN_170,,Nashik,rffi,,,RFCTLARR_2013,SECTION_19,2026-08-07,2026-08-07,SECTION_19,nashik_295_17860933424790.pdf,https://cdn.s3waas.gov.in/s3b3967a0e938dc2a6340e258630febd5a/uploads/2026/08/17860933424790.pdf,1,ccf19d90d155afd13ec635e7d683596531ef0d151e50f58e49a0ae2d2ecfccad,TEXT,NORMAL,"Land Acquisition and Rehabilitation Act, 2013 – Section 19 Notification, Mauje Rajurbahula. | _f{sK- 3 ?O1 3 / l4/ ?O2 6-sL40- : l /? 5$914 I /?0? 6 aTftrqaqr qFfitqrffi, gqdqq a gtr*{il$T affiiqT $Tfi !flqr$ fqsr{ttn aTrfirr qFrq*ffi*qr tffi '"
EVT_NASHIK_298,CAS_CLEAN_171,,Nashik,,,,RFCTLARR_2013,SECTION_19,2026-08-14,2026-08-14,SECTION_19,nashik_298_17866235028079.pdf,https://cdn.s3waas.gov.in/s3b3967a0e938dc2a6340e258630febd5a/uploads/2026/08/17866235028079.pdf,1,1b0d921cfb67ad8274848237afb164a77c159ff67e1c1d06651e025721c5b1f6,OCR,NORMAL,"Land Acquisition Act, 2013 – Section 19 Notification, Village – Sarul | 3доč/ 00₴ /2j1ч/₴/08/1842 / - 421н46 9202292"
EVT_NASHIK_293,CAS_CLEAN_172,,Nashik,Niphad,,Nashik Ring Road Project,RFCTLARR_2013,GENERAL_NOTICE,2026-08-06,2026-08-06,GENERAL_NOTICE,nashik_293_17860213334683.pdf,https://cdn.s3waas.gov.in/s3b3967a0e938dc2a6340e258630febd5a/uploads/2026/08/17860213334683.pdf,1,5caf897f7a85aaafa722ee6088d2571351456efc8227ed4193b2c75a1fc826eb,TEXT,NORMAL,"Final Land Acquisition Award of Mouje Manori, Tal-Niphad, Dist-Nashik for “Nashik Ring Road Project” | 1    भूमी संपादन, पुनर्वसन र् पुनर्वसाहतीमध्ये र्ाजर्ी भरपाई ममळण्याचा हक्क र् पारदर्वकता राखण्याचा  अमिमनयम, २०१३ मिील कलम २३ अन्र्ये उपमर्भागीय अमिक"
EVT_NASHIK_294,CAS_CLEAN_173,,Nashik,Niphad,,Nashik Ring Road Project,RFCTLARR_2013,GENERAL_NOTICE,2026-08-06,2026-08-06,GENERAL_NOTICE,nashik_294_17860219632025.pdf,https://cdn.s3waas.gov.in/s3b3967a0e938dc2a6340e258630febd5a/uploads/2026/08/17860219632025.pdf,1,5f524a510371eae405954129d8b82bc8a8bf7d6411b6f07a808dd1065c434cd8,OCR,NORMAL,"Final Land Acquisition Award of Mouje Dhakambe, Tal- Niphad, Dist- Nashik for Nashik Ring Road Project | 1 ."
EVT_NASHIK_291,CAS_CLEAN_174,,Nashik,,,Ring Road Project,RFCTLARR_2013,SECTION_11,2026-07-29,2026-07-29,SECTION_11,nashik_291_17853111012781.pdf,https://cdn.s3waas.gov.in/s3b3967a0e938dc2a6340e258630febd5a/uploads/2026/07/17853111012781.pdf,1,49553834287329eb229233e65c07f836adc9a504b974dbc38a3110a7f9764b99,OCR,NORMAL,Rajurbahula Revised section 11 Notification Ring Road. | -/2/20/3/afa/24y/7085 28/8/4/E/37/072/8 P8/8/4/8/37/412/4 78/8/4/E/37/4Miz/a 28/8/4/8/37/712/0 P8/8/4/E/37/4712/8 {8/8/4/E/37/712/83 3848/372/38 88184
EVT_NASHIK_292,CAS_CLEAN_175,,Nashik,,,Ring Road Project,RFCTLARR_2013,SECTION_11,2026-07-29,2026-07-29,SECTION_11,nashik_292_17853113162721.pdf,https://cdn.s3waas.gov.in/s3b3967a0e938dc2a6340e258630febd5a/uploads/2026/07/17853113162721.pdf,1,42365ee29ce9257a4a5eb4d92ec4efbb63af8d2afd6eaf98ee66dd4dc1d3a44d,OCR,NORMAL,Mauje Sarul – Revised Section 11 notification for the Ring Road. | peseld ysn/y * 6880o Hak pleas навкує куша 6952/1
EVT_NASHIK_296,CAS_CLEAN_176,,Nashik,,,Ring Road Project,RFCTLARR_2013,AWARD,2026-08-10,2026-08-10,AWARD,nashik_296_17863550683167.pdf,https://cdn.s3waas.gov.in/s3b3967a0e938dc2a6340e258630febd5a/uploads/2026/08/17863550683167.pdf,1,fd86461e2f7cc8522351883467496ecf539a6e065fbe1c27875f4dbdba8dcfac,OCR,NORMAL,Land Acquisition Final Award (Case No – 07-2025) Ring Road Ambebahula | .7-2025/a1fa/804/2026 =ze {erie 06/08/2026 З frater 1 Scanned with OKEN Scanner
EVT_NASHIK_297,CAS_CLEAN_177,,Nashik,,,Ring Road Project,RFCTLARR_2013,AWARD,2026-08-10,2026-08-10,AWARD,nashik_297_17863559216619.pdf,https://cdn.s3waas.gov.in/s3b3967a0e938dc2a6340e258630febd5a/uploads/2026/08/17863559216619.pdf,1,cba17c50dd0c82db9163d0dbda1790efcd58261c889f9da94dba03eae4e3332b,OCR,NORMAL,Land Acquisition Final Award (Case No – 08-2025) Ring Road Gaulane | Зіба FaIT вааа а ва и 1 Scanned with OKEN Scanner
EVT_NASHIK_300,CAS_CLEAN_178,,Nashik,Dindori,Varvandi,,RFCTLARR_2013,GENERAL_NOTICE,2026-08-19,2026-08-19,GENERAL_NOTICE,nashik_300_17871436842960.pdf,https://cdn.s3waas.gov.in/s3b3967a0e938dc2a6340e258630febd5a/uploads/2026/08/17871436842960.pdf,1,d72ad9ae7b06b24e30f9dba13ec4945b2fe66adba9563baa2eecdd33ca6f5a0f,TEXT,NORMAL,"Land Acquisition Award for Mauje Varvandi, Taluka – Dindori, District – Nashik | 1    भूमी संपादन, पुनर्वसन र् पुनर्वसाहतीमध्ये र्ाजर्ी भरपाई ममळण्याचा हक्क र् पारदर्वकता राखण्याचा  अमिमनयम, २०१३ मिील कलम २३ अन्र्ये उपमर्भागीय अमिक"
EVT_PUNE_216,CAS_CLEAN_179,,Pune,,Alandi,,RFCTLARR_2013,AWARD,2026-07-31,2026-07-31,AWARD,pune_216_17863543499967.pdf,https://cdn.s3waas.gov.in/s3ffeabd223de0d4eacb9a3e6e53e5448d/uploads/2026/08/17863543499967.pdf,1,f0ef3ce182b1b3ec514aa2126846be3d5eb818e51d8a4d4a24ff72d31761626d,OCR,NORMAL,PRR E Khed Alandi Supplementary Award | є ро новук Wii rata викада
EVT_PUNE_221,CAS_CLEAN_180,,Pune,Mulshi,Ambadvet,,RFCTLARR_2013,GENERAL_NOTICE,2026-06-29,2026-06-29,GENERAL_NOTICE,pune_221_17827290338678.pdf,https://cdn.s3waas.gov.in/s3ffeabd223de0d4eacb9a3e6e53e5448d/uploads/2026/06/17827290338678.pdf,1,adcaeae876c8dfa0a15308c12c03acc3088dd91861e30bd4d98ac2905777eb13,OCR,NORMAL,"Village-Ambadvet, Tal- Mulshi, Dist.-Pune Acquisition for the approach road to the large bridge over Mula River as per LARR Act-2013 | b van be b e"
EVT_PUNE_230,CAS_CLEAN_181,23/3,Pune,Haveli,Balewadi,Urban Development Plan (DP) Road Widening,RFCTLARR_2013,GENERAL_NOTICE,2026-03-09,2026-03-09,GENERAL_NOTICE,pune_230_17733109989773.pdf,https://cdn.s3waas.gov.in/s3ffeabd223de0d4eacb9a3e6e53e5448d/uploads/2026/03/17733109989773.pdf,1,5acb93dbaf6a6b1692a14c7c59cf718413e528c46bc6601101c773f4db177b72,TEXT,NORMAL,"Notice of Land Acquisition award for S.No. 23/3/8 Balewadi, Tal. Haveli, Dist. Pune for 18 M.D.P. Road widening under section 33 of New Land Acquisition Act 2013. | Gregtt . oq0-44oco93/98  uft,  flocp HII, quj-849007  Vooc 0. 309, 3T4 fdGTUfl,  yrd, jag-yoo024.  ).Ä. Cq9gcoc??3.  3I8.  3rfef, 2093"
EVT_PUNE_231,CAS_CLEAN_182,2/3,Pune,Haveli,Balewadi,Urban Development Plan (DP) Road Widening,RFCTLARR_2013,GENERAL_NOTICE,2026-02-05,2026-02-05,GENERAL_NOTICE,pune_231_17703641267695.pdf,https://cdn.s3waas.gov.in/s3ffeabd223de0d4eacb9a3e6e53e5448d/uploads/2026/02/17703641267695.pdf,1,69189bdc118b26126c351f0c6c698bacf4d283378c0e5b4a02087c454f4b3f38,OCR,NORMAL,"Land Acquisition Award for S.No. 2/3/8, Balewadi, Tal. Haveli, Dist. Pune for 18 M.D.P. Road widening under section- 23 of New Land Acquisition Act 2013. | - SHe good Helpell 033 - 1WN"
EVT_PUNE_227,CAS_CLEAN_183,,Pune,Indapur,Bandgarwadi,National Highway NH-9,NATIONAL_HIGHWAYS_ACT_1956,GENERAL_NOTICE,2026-05-15,2026-05-15,GENERAL_NOTICE,pune_227_17790905954433.pdf,https://cdn.s3waas.gov.in/s3ffeabd223de0d4eacb9a3e6e53e5448d/uploads/2026/05/17790905954433.pdf,1,2edcdc9437a67f5ba37dd468ff3e8bf74d11e052e6800ada9974774969b6dd38,OCR,NORMAL,"Village Bandgarwadi, Tal.- Indapur, Dist.-Pune Land Acquisition for NH-9 as per National Highway Act. 1956. | 1nh0645 сод/ че, бурін нал 10T *КуК"
EVT_PUNE_209,CAS_CLEAN_184,,Pune,Haveli,Borhadewadi,Urban Development Plan (DP) Road Widening,RFCTLARR_2013,GENERAL_NOTICE,2026-09-10,2026-09-10,GENERAL_NOTICE,pune_209_17899863254024.pdf,https://cdn.s3waas.gov.in/s3ffeabd223de0d4eacb9a3e6e53e5448d/uploads/2026/09/17899863254024.pdf,1,673a718813d28d353161a8c6f2672162d764af97f30972ce5616018c171c449b,TEXT,NORMAL,"Regarding land acquisition for widening of the 60.00 m. wide road for entry and exit at Village Borhadewadi,Taluka Haveli, District Pune. | ´ÖÆüÖ¸üÖÂ™Òü ¿ÖÖÃÖ®Ö ¸üÖ•Ö¯Ö¡Ö  †ÃÖÖ¬ÖÖ¸üÞÖ ³ÖÖÝÖ ‹Ûú -- ¯ÖãÞÖê ×¾Ö³ÖÖÝÖßµÖ ¯Öã¸ü¾ÖÞÖß †ÃÖÖ¬ÖÖ¸üÞÖ ÛÎú´ÖÖÓÛú 06 ¯ÖÏÖ×¬ÖÛéúŸÖ ¯ÖÏÛúÖ¿Ö®Ö  ¾ÖÂÖÔ-15, †ÓÛ"
EVT_PUNE_282,CAS_CLEAN_185,266/1,Pune,,,,RFCTLARR_2013,GENERAL_NOTICE,2025-01-03,2025-01-03,GENERAL_NOTICE,pune_282_2025010694.pdf,https://cdn.s3waas.gov.in/s3ffeabd223de0d4eacb9a3e6e53e5448d/uploads/2025/01/2025010694.pdf,1,433788258861e0bfeb8ce5975c523c9875ab26a1667cc789b0918eaeb8dbf7f1,OCR,NORMAL,PRR E Haveli Koregaon Mul Supplementary Gat no 266/1 Award | era fa.P8.04. pop? Альве NOSTE ERET • Litalas yei 3-PRR_E_HAVELI_C_Award_Koregaon Mul - MOTE-266-1 - A Page 1 of 13
EVT_PUNE_208,CAS_CLEAN_186,807/B,Pune,,,,RFCTLARR_2013,GENERAL_NOTICE,2026-09-04,2026-09-04,GENERAL_NOTICE,pune_208_17900791641133.pdf,https://cdn.s3waas.gov.in/s3ffeabd223de0d4eacb9a3e6e53e5448d/uploads/2026/09/17900791641133.pdf,1,0617be75328774c87e6523dd5424b79fcd934ce1bcc061d494c22c7a620e75d2,OCR,NORMAL,"For the Pune Metro Rail Projects in conjunction with the interchange metro station at Shivaji Nagar(Serving Pune Metro Rail Corridors 1 & 2 and the PMRDA Projects Corridors 3) at Mauje Bhamburda(Shivaji Nagar) plot no. 807/B/1, 457.29 Sq.Mtr. | (b) Нак незІк •"
EVT_PUNE_217,CAS_CLEAN_187,,Pune,,Chimbli,,RFCTLARR_2013,AWARD,2026-07-31,2026-07-31,AWARD,pune_217_17863542082258.pdf,https://cdn.s3waas.gov.in/s3ffeabd223de0d4eacb9a3e6e53e5448d/uploads/2026/08/17863542082258.pdf,1,4071f6efed93d4b2e10f2e1608b1d51c15d83254bf1c9d4410e3657c1d85520d,OCR,NORMAL,PRR E Khed Chimbli Supplementary Award | PERTE SR R.RT.R.T9.H. 85 * (Kret) Page 1 of 11
EVT_PUNE_213,CAS_CLEAN_188,,Pune,,,,RFCTLARR_2013,SECTION_11,2026-08-14,2026-08-14,SECTION_11,pune_213_17867130795298.pdf,https://cdn.s3waas.gov.in/s3ffeabd223de0d4eacb9a3e6e53e5448d/uploads/2026/08/17867130795298.pdf,1,71117eead784af146a2c542e1af074ddb8a984a31f12ab9f287e29c11feb73ca,OCR,NORMAL,The right to fair competition rehabilitation and transparency in the process of acquisition resettlement of workers act 2013 section 11(1) is as follows notification | 92 3) The terms and conditions accepted by the applicant vide the affidavit submitted as per Annexure 'C' of the said Government Res
EVT_PUNE_236,CAS_CLEAN_189,,Pune,,,,RFCTLARR_2013,GENERAL_NOTICE,2025-09-03,2025-09-03,GENERAL_NOTICE,pune_236_17568867412811.pdf,https://cdn.s3waas.gov.in/s3ffeabd223de0d4eacb9a3e6e53e5448d/uploads/2025/09/17568867412811.pdf,1,61d810e677713556653e266c67e3155dd73df6e1461b54e6f36a1eccadce613b,TEXT,NORMAL,DSK-STL VALIDATED LIST 21 AUG 2025 | EOW PUNE – DSK CASE SHORT-TERM LOAN (STL)  RECORDS VALIDATED PROVISIONAL LIST  Kindly ensure that you read the  “FD and  STL Investors Guide  Document
EVT_PUNE_237,CAS_CLEAN_190,,Pune,,,,RFCTLARR_2013,GENERAL_NOTICE,2025-08-04,2025-08-04,GENERAL_NOTICE,pune_237_17542941301650.pdf,https://cdn.s3waas.gov.in/s3ffeabd223de0d4eacb9a3e6e53e5448d/uploads/2025/08/17542941301650.pdf,1,e9d8e6d3e2987148e003ca24e078d7de14cda7070f9c241c3b037c7006dd533d,OCR,NORMAL,PRR E Haveli Bakori Main Award | затант AE READ tricente 2р-E (E) H500 Hold alast
EVT_PUNE_240,CAS_CLEAN_191,,Pune,,,,RFCTLARR_2013,GENERAL_NOTICE,2025-07-17,2025-07-17,GENERAL_NOTICE,pune_240_17531722957596.pdf,https://cdn.s3waas.gov.in/s3ffeabd223de0d4eacb9a3e6e53e5448d/uploads/2025/07/17531722957596.pdf,1,79d44fc478da8308f36e7b731f9f3a720e815c9ab188619aafe6cd641498b9a0,OCR,NORMAL,PRR E Haveli Bivri Add.Land Award | 0I J0 | 23d Lann n AS% PHAT NG (Hethe as Замн) 1 hà HA N T
EVT_PUNE_241,CAS_CLEAN_192,,Pune,,,,RFCTLARR_2013,AWARD,2025-07-17,2025-07-17,AWARD,pune_241_17531720671843.pdf,https://cdn.s3waas.gov.in/s3ffeabd223de0d4eacb9a3e6e53e5448d/uploads/2025/07/17531720671843.pdf,1,4552dd216ee2176b389ec5b76fb465e20b116996c50143731ca548cabe80226f,OCR,NORMAL,PRR E Haveli Bakori Supplementary Award | * pP-E (E) (2) DÒ H604
EVT_PUNE_242,CAS_CLEAN_193,,Pune,,,,RFCTLARR_2013,GENERAL_NOTICE,2025-06-06,2025-06-06,GENERAL_NOTICE,pune_242_2025070426.pdf,https://cdn.s3waas.gov.in/s3ffeabd223de0d4eacb9a3e6e53e5448d/uploads/2025/07/2025070426.pdf,1,f7a69055a5fcd0ac078bf2b6502c6e843b559b2aa8811f29aa941c6dd1226e19,OCR,NORMAL,PRR E Haveli Dongargaon Main Award | 8-PRR_E_HAVELI_MAIN_C_Award_Dongargaon Page 2 of 15
EVT_PUNE_243,CAS_CLEAN_194,,Pune,,,,RFCTLARR_2013,GENERAL_NOTICE,2025-06-27,2025-06-27,GENERAL_NOTICE,pune_243_2025070256.pdf,https://cdn.s3waas.gov.in/s3ffeabd223de0d4eacb9a3e6e53e5448d/uploads/2025/07/2025070256.pdf,1,45886aa14e2b94e8a4612de3c6263d4f9890aba8886139179e2a44debb35f739,TEXT,NORMAL,"PRR W Mulshi Kasar Amboli Supplimentry Award | qgRTq NTT'lrt aftlfil=111, Rq'\h + Hm RR(v) ( 1) aM fn. Y..'\.?.?? q. VI.V.&.q. T+ (qfMr)vnrvn=nt (MM) M. R) MITT... MIdHr6NRldaI (Td), BraT HrqtMq, T"
EVT_PUNE_244,CAS_CLEAN_195,,Pune,,,,RFCTLARR_2013,GENERAL_NOTICE,2025-06-27,2025-06-27,GENERAL_NOTICE,pune_244_2025070250.pdf,https://cdn.s3waas.gov.in/s3ffeabd223de0d4eacb9a3e6e53e5448d/uploads/2025/07/2025070250.pdf,1,f528e798166ad481a2bfc071c49cdd3fdff4e2aa19aa361f758fca503395c43d,TEXT,NORMAL,"PRR W Mulshi Kasar Amboli Main Award | <8 q7TITq qgTqFt afbPT=Iq, Rq',', + nHK RR(R) ( B) an& 'tfq+qrTTTU hRr© q.VI.v,R.q. “ISI VW< +11 ++-1' '1 .it;hr fR. Y.. q.?.?? Ti (qfwlq)vmrvR=nt TII"
EVT_PUNE_246,CAS_CLEAN_196,,Pune,,,,RFCTLARR_2013,GENERAL_NOTICE,2025-06-06,2025-06-06,GENERAL_NOTICE,pune_246_2025062646.pdf,https://cdn.s3waas.gov.in/s3ffeabd223de0d4eacb9a3e6e53e5448d/uploads/2025/06/2025062646.pdf,1,9f85b367c3707ccc9a561b3893d41f4137df9092912852feb1566194a0c30567,OCR,NORMAL,PRR E Haveli Shindavane Supplimentary Amendment Award | FORTE PR PUNE * yui 1-PRR_E_HAVELI_Shindvane_Supp Award_Corrigendum Page 1 of 3
EVT_PUNE_247,CAS_CLEAN_197,,Pune,,,,RFCTLARR_2013,GENERAL_NOTICE,2025-04-17,2025-04-17,GENERAL_NOTICE,pune_247_2025060362.pdf,https://cdn.s3waas.gov.in/s3ffeabd223de0d4eacb9a3e6e53e5448d/uploads/2025/06/2025060362.pdf,1,7b29e87afd4c6d8c83308cb61107dcdfee585613402baba26177398ca939b1f7,OCR,NORMAL,PRR E Haveli Valti Main Award | TERTE SINT (hsthe Inititlle Slall) ia ol gui Valti Non Conscent Award Page 1 of 14
EVT_PUNE_248,CAS_CLEAN_198,,Pune,,,,RFCTLARR_2013,GENERAL_NOTICE,2025-04-21,2025-04-21,GENERAL_NOTICE,pune_248_2025050280.pdf,https://cdn.s3waas.gov.in/s3ffeabd223de0d4eacb9a3e6e53e5448d/uploads/2025/05/2025050280.pdf,1,820bc4d45cc15ac0968ba8c4d30497c779e8fd89a9ef1291d5ba026f3a029b4a,TEXT,NORMAL,"PRR E Haveli Tarde Main Award | q8RTvqElwtaMhqq, RRt\t\ + BBq ?q(v) (3) BFa qq+qlqqrw =p$TqTW q.vr,v_n_q ( nlnq +TrHTTVI agaR) fT. V\I.'\Iq. qq Wt (Id)VHIHRTFt (Tr@wt (MV) MR) HIdHl+"
EVT_PUNE_249,CAS_CLEAN_199,,Pune,,,,RFCTLARR_2013,GENERAL_NOTICE,2025-04-21,2025-04-21,GENERAL_NOTICE,pune_249_20250502100.pdf,https://cdn.s3waas.gov.in/s3ffeabd223de0d4eacb9a3e6e53e5448d/uploads/2025/05/20250502100.pdf,1,05b32938aebc2cdc03f1d21d439ce17e1b827f26c5377c4c37e3f34c5458210a,TEXT,NORMAL,"PRR E Haveli Sortapwadi Main Award | q€RTqVEIWt ©Mhqq, gRt\t\ + Hm RR(R) (+) N+ V,fhm fR. Rh/.'VR.Qq X+(I#)VHIVRWt (TINRFI (h+q) n. R) qq Hl+HltaRTdal q$TITq v@n+tNqmv HTM(mt), $laTHrqt©q"
EVT_PUNE_250,CAS_CLEAN_200,,Pune,,,,RFCTLARR_2013,GENERAL_NOTICE,2025-04-21,2025-04-21,GENERAL_NOTICE,pune_250_2025050287.pdf,https://cdn.s3waas.gov.in/s3ffeabd223de0d4eacb9a3e6e53e5448d/uploads/2025/05/2025050287.pdf,1,a681655306373defeff4c1e37ecac49699c2f29264b995b0630331e9380f5ebf,TEXT,NORMAL,"PRR E Haveli Koregaon Mul Main Award | HEITS wMRqq, gRt\t\ + Hm ?q(v) (B) BFa q.VI.v.a,q, (q6laS tnHTrq1 3qWT) V\1.'\Iq. qq Rd(Id)VHIHRWt (nHgrt (b+q) n. q) Trm- di qthTTV =@ vl+Hlt©RTdal q"
EVT_PUNE_252,CAS_CLEAN_201,,Pune,,,,RFCTLARR_2013,GENERAL_NOTICE,2025-04-04,2025-04-04,GENERAL_NOTICE,pune_252_2025043041.pdf,https://cdn.s3waas.gov.in/s3ffeabd223de0d4eacb9a3e6e53e5448d/uploads/2025/04/2025043041.pdf,1,0f19367dbad88320de3d90f7fda58b0c0cda15d52d1e1332f9c9ec3ac9309971,OCR,NORMAL,PRR_E_Khed_Nighoje_Add Land Award | Ln nay d sê ktlhe Phie Rates (нето паля Зін) HalE ălaBa
EVT_PUNE_255,CAS_CLEAN_202,,Pune,,,,RFCTLARR_2013,AWARD,2025-02-27,2025-02-27,AWARD,pune_255_2025032550.pdf,https://cdn.s3waas.gov.in/s3ffeabd223de0d4eacb9a3e6e53e5448d/uploads/2025/03/2025032550.pdf,1,d28471ffda7fb1aa13383fb59162bec679ebe9cc37cdd413cc66810b2c244c66,TEXT,NORMAL,PRR E Maval Sudumbre Supplementary Award | � �� ����� �������������� ������� ���� ����������������������������� ��� ����� ����������������������������� ����� ��� � � ������������ ����� ��������
EVT_PUNE_256,CAS_CLEAN_203,,Pune,,,,RFCTLARR_2013,GENERAL_NOTICE,2025-02-27,2025-02-27,GENERAL_NOTICE,pune_256_2025032549.pdf,https://cdn.s3waas.gov.in/s3ffeabd223de0d4eacb9a3e6e53e5448d/uploads/2025/03/2025032549.pdf,1,7c5ef36416d40460646156528685daf649d66a7b678c1800cf141494d046361b,TEXT,NORMAL,PRR E Maval Sudumbre Main Award | ���������� ������������� ���� ���������� �������������� �������������� ��� ������ ����� ��� �� ����������� ����� ������������ �� ���������������������
EVT_PUNE_257,CAS_CLEAN_204,,Pune,HH fOnT,,,RFCTLARR_2013,GENERAL_NOTICE,2025-02-27,2025-02-27,GENERAL_NOTICE,pune_257_2025032526.pdf,https://cdn.s3waas.gov.in/s3ffeabd223de0d4eacb9a3e6e53e5448d/uploads/2025/03/2025032526.pdf,1,0f5db64361c49a978acee26639a6d1312e32cace3b6d963f08cdc29bedf9cfc3,TEXT,NORMAL,"PRR w Mulshi Materewadi Addl. Land Main Award | IB } + q qFWvrRq aftlfq=N, qq',q + • ea :+Via+ga: HTivr+NRldar qgnlqn@n+fq%rvqgT+ga(nlt), If+PRR_W_MULSlll ADDTIONAI, LAND C A\yard MA'rEREWADI Page 1"
EVT_PUNE_258,CAS_CLEAN_205,,Pune,qgTITFt aNNvq,,,RFCTLARR_2013,GENERAL_NOTICE,2025-02-27,2025-02-27,GENERAL_NOTICE,pune_258_2025032543.pdf,https://cdn.s3waas.gov.in/s3ffeabd223de0d4eacb9a3e6e53e5448d/uploads/2025/03/2025032543.pdf,1,b1afdab0bbeb93d25926df2f911a45f5c105ae89b4962b831afa2898e6d54701,TEXT,NORMAL,"PRR w Mulshi Muthe Addl. Land Main Award | // X b&P qTRTqqgTITFt aNNvq, RR-,k + nHK qq(R) (B) WH& Bfb#ITqnwfqRBr :-!ut(qfwr)vnrvnwt(WRnTt (fBdv) ©hRamHhq+ %r$%T6©Bl#NI n@n+fq%nr (qqt), I +PRR_W"
EVT_PUNE_259,CAS_CLEAN_206,,Pune,,,,RFCTLARR_2013,GENERAL_NOTICE,2025-02-27,2025-02-27,GENERAL_NOTICE,pune_259_2025032432.pdf,https://cdn.s3waas.gov.in/s3ffeabd223de0d4eacb9a3e6e53e5448d/uploads/2025/03/2025032432.pdf,1,7a78c49230ca959af077e5192dc7f7a0a9c495829b6a128d3f62d7d29aa266ce,OCR,NORMAL,PRR E Maval Induri Main Award | HARTE TIE 9.Rт.R.T9.7. (почте апетини счини) Fae e yur 10-PRR_E_MAVAL_MAIN_C_Award_ *gi Page 1 of 16
EVT_PUNE_260,CAS_CLEAN_207,,Pune,,,,RFCTLARR_2013,GENERAL_NOTICE,2025-03-13,2025-03-13,GENERAL_NOTICE,pune_260_2025032442.pdf,https://cdn.s3waas.gov.in/s3ffeabd223de0d4eacb9a3e6e53e5448d/uploads/2025/03/2025032442.pdf,1,d239f42388d61db71a9cb8554cffcb0a5e2c1950d8d3a2f3c2037c894d59424f,OCR,NORMAL,PRR E Purandar Thapewadi Main Award | 91301 355 $ (lethe aik-iaile Taisiы) balla ăixeh
EVT_PUNE_261,CAS_CLEAN_208,,Pune,,,,RFCTLARR_2013,GENERAL_NOTICE,2025-03-13,2025-03-13,GENERAL_NOTICE,pune_261_2025032453.pdf,https://cdn.s3waas.gov.in/s3ffeabd223de0d4eacb9a3e6e53e5448d/uploads/2025/03/2025032453.pdf,1,e071d0bb3589b37c918774d41712e79761c8664a36b29cda3dc47ddf06e2ef3f,OCR,NORMAL,PRR E Purandar Garade Main Award | 5922. bela Zae
EVT_PUNE_262,CAS_CLEAN_209,,Pune,,,,RFCTLARR_2013,GENERAL_NOTICE,2025-03-13,2025-03-13,GENERAL_NOTICE,pune_262_2025032415.pdf,https://cdn.s3waas.gov.in/s3ffeabd223de0d4eacb9a3e6e53e5448d/uploads/2025/03/2025032415.pdf,1,bd43e3f6f438412d3911cb54cfa1160ebc96d20dbe0e67c70eafd2121ec1cc5d,OCR,NORMAL,PRR E Purandar Dive Main Award | (MINNE ..2.P.3 * 4-PRR_E_PURANDAR MAIN Award_DIVE Page 1 of 20
EVT_PUNE_263,CAS_CLEAN_210,,Pune,,,,RFCTLARR_2013,GENERAL_NOTICE,2025-03-20,2025-03-20,GENERAL_NOTICE,pune_263_2025032160.pdf,https://cdn.s3waas.gov.in/s3ffeabd223de0d4eacb9a3e6e53e5448d/uploads/2025/03/2025032160.pdf,1,00c1839ebf18a0a17c671a8dbb0c2d859040fd4ffbae990becb0471d004a70cf,TEXT,NORMAL,"Land Acquisition Office (PLAQ) | मा. िजʥािधकारी पुणे,  भूसंपादन (समɋय) /  अिधŤहण शाखा, पुणे"
EVT_PUNE_264,CAS_CLEAN_211,,Pune,,,,RFCTLARR_2013,GENERAL_NOTICE,2025-03-01,2025-03-01,GENERAL_NOTICE,pune_264_2025031812.pdf,https://cdn.s3waas.gov.in/s3ffeabd223de0d4eacb9a3e6e53e5448d/uploads/2025/03/2025031812.pdf,1,ae24ab86e16ed4136459baf68d869f329506486f93427d8a23120ecf331a773c,TEXT,NORMAL,Land Acquisition Office 06 | 1            **********************************************  माहितीचे अहिकारा अंतर्गत जािीर करावयाची  कायालयाची माहिती  -: कायालयाचा पत्ता :-    उपहजल
EVT_PUNE_265,CAS_CLEAN_212,,Pune,,,,RFCTLARR_2013,GENERAL_NOTICE,2025-03-10,2025-03-10,GENERAL_NOTICE,pune_265_2025031967.pdf,https://cdn.s3waas.gov.in/s3ffeabd223de0d4eacb9a3e6e53e5448d/uploads/2025/03/2025031967.pdf,1,a667f09da828cef51670df4ef085abb432aad37c98795a840649ac39618ec043,OCR,NORMAL,PRR W Haveli Khamgaon Maval Add Land Award | PERTE SITAR (*STerE WePERE GR va Hd P3-PRR_W_HAVELI_MAIN C_Award_KHAMGAON MAVAL - ADDTIONAL LAND Page 1 of 13
EVT_PUNE_266,CAS_CLEAN_213,,Pune,,,,RFCTLARR_2013,GENERAL_NOTICE,2025-03-10,2025-03-10,GENERAL_NOTICE,pune_266_2025031947.pdf,https://cdn.s3waas.gov.in/s3ffeabd223de0d4eacb9a3e6e53e5448d/uploads/2025/03/2025031947.pdf,1,9360874d25797b8984961b18a43faa22a2e9f5805ad90dcd33400a58bcb47093,OCR,NORMAL,PRR W Haveli Vadadare Add Land Award | силвеня PP-PRR_W_HAVELI_MAIN_C_Award_VARDADE -ADDTIONAL LAND Page 1 of 13
EVT_PUNE_267,CAS_CLEAN_214,,Pune,,,,RFCTLARR_2013,GENERAL_NOTICE,2025-01-01,2025-01-01,GENERAL_NOTICE,pune_267_2025031394.pdf,https://cdn.s3waas.gov.in/s3ffeabd223de0d4eacb9a3e6e53e5448d/uploads/2025/03/2025031394.pdf,1,1683e1cc04f1222e5f602fda021062e7e56546be215635a1b2e657459e242b23,TEXT,NORMAL,Land Acquisition Office 11 | **********************************************  माहितीचे अहिकारा अंतर्गत जािीर करावयाची  कायागलयाची माहिती  -: कायागलयाचा पत्ता :-  हजल्हाहिकारी कायाग
EVT_PUNE_268,CAS_CLEAN_215,,Pune,,,,RFCTLARR_2013,GENERAL_NOTICE,2025-03-11,2025-03-11,GENERAL_NOTICE,pune_268_2025031130.pdf,https://cdn.s3waas.gov.in/s3ffeabd223de0d4eacb9a3e6e53e5448d/uploads/2025/03/2025031130.pdf,1,4d94c536eefb75ced875155f68744bf17285da83ff656fa37523e164a767b8a9,TEXT,NORMAL,Land Acquisition Office 13 | 1        **********************************************  मािहतीचे अिधकारा अंतगᭅत जाहीर करावयाची  कायाᭅलयाची मािहती   कायाᭅलयाचा पᱫा :-    उपिज᭨हािधकार
EVT_PUNE_269,CAS_CLEAN_216,,Pune,,,,RFCTLARR_2013,GENERAL_NOTICE,2025-02-13,2025-02-13,GENERAL_NOTICE,pune_269_2025031176.pdf,https://cdn.s3waas.gov.in/s3ffeabd223de0d4eacb9a3e6e53e5448d/uploads/2025/03/2025031176.pdf,1,ed631a1be4a5044ba7f7ca4e03a7c47a84b2d6044ab02fda4885a40da15e3be5,TEXT,NORMAL,"PRR E Maval Katvi Main Award | TErqrt af%MgR, qRL\t\ + ( B) an& q$T+{TqHW RaH k.Rg..'\.?.?R wrtrr :- Ti (={d)vnrvRqnt(wwmt q,vr.v.B.q VI' {t-II HBV RR(V) IH?qrvral ar@r- m@ fam- V+"
EVT_PUNE_270,CAS_CLEAN_217,,Pune,,,,RFCTLARR_2013,AWARD,2025-02-13,2025-02-13,AWARD,pune_270_2025031195.pdf,https://cdn.s3waas.gov.in/s3ffeabd223de0d4eacb9a3e6e53e5448d/uploads/2025/03/2025031195.pdf,1,aa77777b644839b89fadaa29fc9bf9adb701359479a980a0e68919d9709f8f2d,TEXT,NORMAL,"PRR E Maval Ambi Supplementary Award | q€RTV qEIWt ©fqhqq, gRt\t\ + RR(R) ( B) aM '!fq+qITTlnhnH q. VI,v_f&n {-R§lVtU( #t!£t dhl! aKa,qI b.?q.. Y.?.?! ,- vi (Id)vzr©n wt (h+q)n. R) + (mt),"
EVT_PUNE_271,CAS_CLEAN_218,,Pune,,,,RFCTLARR_2013,GENERAL_NOTICE,2025-02-13,2025-02-13,GENERAL_NOTICE,pune_271_2025031145.pdf,https://cdn.s3waas.gov.in/s3ffeabd223de0d4eacb9a3e6e53e5448d/uploads/2025/03/2025031145.pdf,1,e7c3884c591de360b64f9c6d71c13029ec12529f65f6a2c41b263e43c77d87c3,TEXT,NORMAL,"PRR E Maval Ambi Main Award | HTTTTFt afwhqq, qqt\t\ + q,vr. q.A.q. (B) an&q$T+TTqqTqThTrH f Iq$1+nq VII Itd ITII ,Iq,b- I I fR.qq..'\.?.?? Ir@vI+f©q;TII (mt), BraT HIRing, Ti 06-P"
EVT_PUNE_272,CAS_CLEAN_219,,Pune,,,,RFCTLARR_2013,GENERAL_NOTICE,2025-02-13,2025-02-13,GENERAL_NOTICE,pune_272_2025031148.pdf,https://cdn.s3waas.gov.in/s3ffeabd223de0d4eacb9a3e6e53e5448d/uploads/2025/03/2025031148.pdf,1,80300c03531b14ae40ae8277de78888e97abf781d43aa2c7e6574dca7a5882d1,TEXT,NORMAL,"PRR E Maval Sudawadi Main Award | HgRTV qgTqFt ©fqhqR, RRqL\ zag RR(V) (!) BFa dir+rTqnnfq©TU q.VI.v_fb_q fWiq tBS Hitfileji \tV WIt I fR.. q.. q.?.?! 1% T=:It;FT :- Vi (if) ,HI-RR„t ("
EVT_PUNE_273,CAS_CLEAN_220,,Pune,,,,RFCTLARR_2013,AWARD,2025-02-13,2025-02-13,AWARD,pune_273_2025031187.pdf,https://cdn.s3waas.gov.in/s3ffeabd223de0d4eacb9a3e6e53e5448d/uploads/2025/03/2025031187.pdf,1,efbf711902a8ed44ec9fceb2be6f6b3a801783c88304d32075e3b0ba54850752,TEXT,NORMAL,"PRR E Maval Vadgaon Supplementary Award | HrRPt afwhqq, gRt\\\ + HHq RR(B) (B) NH& '!fq+qITnuhTrw 1: tqSig ltd VIletHt tII aKthlt q.vr.q,t8,q, fe?q.. Y.?.?q <& iF</ :' 'J (B :- Ti @)vnlVR wt ("
EVT_PUNE_274,CAS_CLEAN_221,,Pune,,,,RFCTLARR_2013,GENERAL_NOTICE,2025-02-13,2025-02-13,GENERAL_NOTICE,pune_274_20250311100.pdf,https://cdn.s3waas.gov.in/s3ffeabd223de0d4eacb9a3e6e53e5448d/uploads/2025/03/20250311100.pdf,1,6f0651cd4db3d05ad82d26ebac28f729db5a53f41db291e83314c1f1cc1826d3,TEXT,NORMAL,"PRR E Maval Vadgaon Main Award | (b RRt\t\ + nHK RR(R) (B) an& 'IfR + hTr©l q_VI,v,fB.q ( llb}{}td VIle Iq;yI; blyth it } fR. qR..q.?.?q Td\e (W)vzr%rt=lwt (h+v) M. R) WFPqI =WTqn@U+f"
EVT_PUNE_276,CAS_CLEAN_222,,Pune,,,,RFCTLARR_2013,GENERAL_NOTICE,2025-01-28,2025-01-28,GENERAL_NOTICE,pune_276_2025012894.pdf,https://cdn.s3waas.gov.in/s3ffeabd223de0d4eacb9a3e6e53e5448d/uploads/2025/01/2025012894.pdf,1,ca3beff0f74374b4da611189c58389e400118d21cc29b5eb3ef3c223a2546f14,OCR,NORMAL,Revenue Assistant- 2021 – Final | /2/t12 00/0241651 ********************************************************************** pena ăixe Bbc 24c221t
EVT_PUNE_277,CAS_CLEAN_223,,Pune,,,,RFCTLARR_2013,GENERAL_NOTICE,2025-01-01,2025-01-01,GENERAL_NOTICE,pune_277_2025012738.pdf,https://cdn.s3waas.gov.in/s3ffeabd223de0d4eacb9a3e6e53e5448d/uploads/2025/01/2025012738.pdf,1,4a3e894d3562fe43e33ced0e88548ddd8f102ad903150585a64e08ee204f45ab,OCR,NORMAL,Land Acquisition Office 4 | ** ** * ***
EVT_PUNE_278,CAS_CLEAN_224,,Pune,,,,RFCTLARR_2013,GENERAL_NOTICE,2025-01-01,2025-01-01,GENERAL_NOTICE,pune_278_2025011713.pdf,https://cdn.s3waas.gov.in/s3ffeabd223de0d4eacb9a3e6e53e5448d/uploads/2025/01/2025011713.pdf,1,045a42c69e9298dd1c3666afd6dc4ffae7b6a29f59cadc66fa18517499c89ba3,OCR,NORMAL,Land Acquisition Office 26 | 5. 26 yu. ** * yut - 83300?. 3 :-dcla926punc@gmail.com **** ****** ***
EVT_PUNE_279,CAS_CLEAN_225,,Pune,,,,RFCTLARR_2013,GENERAL_NOTICE,2025-01-01,2025-01-01,GENERAL_NOTICE,pune_279_2025011091.pdf,https://cdn.s3waas.gov.in/s3ffeabd223de0d4eacb9a3e6e53e5448d/uploads/2025/01/2025011091.pdf,1,6dcb6b3fb11ad1304f8d26c5f748600cf09d16a2e3a68a7dfe8a56acea2d8a7f,OCR,NORMAL,Land Acquisition Office No – 19 | Small
EVT_PUNE_280,CAS_CLEAN_226,,Pune,,,,RFCTLARR_2013,AWARD,2024-12-27,2024-12-27,AWARD,pune_280_2025010685.pdf,https://cdn.s3waas.gov.in/s3ffeabd223de0d4eacb9a3e6e53e5448d/uploads/2025/01/2025010685.pdf,1,19281d4493ecddbb599cbc4a43163a957236285fa8507975452a536a401e5dcf,OCR,NORMAL,"PRR E Haveli Shindavane Supplementary Award | LERLE"" Lice BLE henhe: bleelle Зиaiйь) p/E (E) (12)084500 LÈnG DX9H"
EVT_PUNE_281,CAS_CLEAN_227,,Pune,,,,RFCTLARR_2013,GENERAL_NOTICE,2024-12-27,2024-12-27,GENERAL_NOTICE,pune_281_2025010628.pdf,https://cdn.s3waas.gov.in/s3ffeabd223de0d4eacb9a3e6e53e5448d/uploads/2025/01/2025010628.pdf,1,800f99ecaec2ce8651d93b3f427a2e1b8f60be519f9618d8f84914272054fc6a,OCR,NORMAL,"PRR E Haveli Shindavane Main Award | PERTE S Ha sfera fa.B8.04. pop? C g,a DIViSION ™ Litejne goi 10-PRR_E_HAVELI_MAIN_C_Award_SHINDVANE Page 1 of 13"
EVT_PUNE_285,CAS_CLEAN_228,,Pune,,,,RFCTLARR_2013,GENERAL_NOTICE,2024-12-23,2024-12-23,GENERAL_NOTICE,pune_285_2024122465.pdf,https://cdn.s3waas.gov.in/s3ffeabd223de0d4eacb9a3e6e53e5448d/uploads/2024/12/2024122465.pdf,1,846e1714e463394b1130ec1285e31086207f5e9898e19d835e114b601ef737f4,OCR,NORMAL,34 Pune Loksabha Constituency – 212 Parvati Assembly constituency | 248 • oooo Dhangekar Ravindra Hemraj Murlidhar Mohol Ranpise Prashant Dadaram Anis Arashid Sundake Kamble Milind Neeraj Sunil Kamthan Manoj Laxman Vet
EVT_PUNE_286,CAS_CLEAN_229,,Pune,,,,RFCTLARR_2013,GENERAL_NOTICE,2024-12-23,2024-12-23,GENERAL_NOTICE,pune_286_2024122434.pdf,https://cdn.s3waas.gov.in/s3ffeabd223de0d4eacb9a3e6e53e5448d/uploads/2024/12/2024122434.pdf,1,f1983cdde2e423b2172562acf21df1d4c9d4f9b6501ef20593e36b8ef0e20d1e,OCR,NORMAL,34 Pune Loksabha Constituency – 214 Pune Cantonment Assembly constituency | User.-POPCS13P34 Encore Audit Ref. 1717521194 FORM 20 FINAL RESULT SHEET .. ELECTION TO THE HOUSE OF PARLIAMENT CONSTITUENCY Total No. of Electors in
EVT_PUNE_287,CAS_CLEAN_230,,Pune,,,,RFCTLARR_2013,GENERAL_NOTICE,2024-12-23,2024-12-23,GENERAL_NOTICE,pune_287_2024122432.pdf,https://cdn.s3waas.gov.in/s3ffeabd223de0d4eacb9a3e6e53e5448d/uploads/2024/12/2024122432.pdf,1,c4715353b2788fc063e724096bbb54f996a3d9f39fe1a6a87d742be30b3a8a6e,OCR,NORMAL,34 Pune Loksabha Constituency – 215 KasbaPeth Assembly constituency | User-ROPCS13P34 Date: 01-06-2024 22:43 pm FORM 20 FINAL RESULT SHEET ELECTION TO THE HOUSE OF PARLIAMENT CONSTITUENCY Total No. of Electors in Assembl
EVT_PUNE_288,CAS_CLEAN_231,,Pune,,,,RFCTLARR_2013,GENERAL_NOTICE,2024-12-23,2024-12-23,GENERAL_NOTICE,pune_288_2024122455.pdf,https://cdn.s3waas.gov.in/s3ffeabd223de0d4eacb9a3e6e53e5448d/uploads/2024/12/2024122455.pdf,1,f29905476181bbb6ffa0356a33b46e892270d6d423efa7bacd733e351ea3670b,TEXT,NORMAL,35 Baramati Parliamentary Constituency – 211 Khadakwasla Assembly constituency | User:-ROPCS13P35 Date:-05-06-2024 00:11:am Encore Audit Ref.:-1717526519 FORM 20 FINAL RESULT SHEET ELECTION TO THE HOUSE OF PARLIAMENT CONSTITUENCY T
EVT_PUNE_289,CAS_CLEAN_232,,Pune,,Hadapsar,,RFCTLARR_2013,GENERAL_NOTICE,2024-12-23,2024-12-23,GENERAL_NOTICE,pune_289_2024122430-1.pdf,https://cdn.s3waas.gov.in/s3ffeabd223de0d4eacb9a3e6e53e5448d/uploads/2024/12/2024122430-1.pdf,1,e8a3a00f4ae90e1ac90e9622310d14065623558513b65bdbf6d128e41ddbfa6a,OCR,NORMAL,36 Shirur Loksabha Constituency – 213 Hadapsar Assembly constituency | User -ROPCS13P36 Date:-04-06-2024 20:51 pm FORM 20 FINAL RESULT SHEET ELECTION TO THE HOUSE OF PARLIAMENT CONSTITUENCY Total No. of Electors in Assemb
EVT_PUNE_226,CAS_CLEAN_233,,Pune,Shirur,Kasari,National Highway NH-548-D,NATIONAL_HIGHWAYS_ACT_1956,GENERAL_NOTICE,2026-05-15,2026-05-15,GENERAL_NOTICE,pune_226_17791879613777.pdf,https://cdn.s3waas.gov.in/s3ffeabd223de0d4eacb9a3e6e53e5448d/uploads/2026/05/17791879613777.pdf,1,880ba5184beff46d006f3b286923dcd5f804565ab44bc0a92012f857681209e0,OCR,NORMAL,"Village Kasari, Tal. Shirur Dist.-Pune Land Acquisition for NH-548-D as per National Highway Act. 1956. | To MaTT TH"
EVT_PUNE_275,CAS_CLEAN_234,1/2B,Pune,Haveli,Katraj,Urban Development Plan (DP) Road Widening,RFCTLARR_2013,GENERAL_NOTICE,2025-02-20,2025-02-20,GENERAL_NOTICE,pune_275_2025022542.pdf,https://cdn.s3waas.gov.in/s3ffeabd223de0d4eacb9a3e6e53e5448d/uploads/2025/02/2025022542.pdf,1,eb49b8ab6be13e3961ce3b23963aaaf6233b654fe8efb54b2211fe5b495c8834,OCR,NORMAL,"Land Acquisition Award For S.No. 1/2B, Katraj, Tal. Haveli, Dist. Pune for 60 m D.P. Road under Section-23 of New Land Acquisition Act – 2013 | - Una[ pphla6 Polbn bala"
EVT_PUNE_229,CAS_CLEAN_235,,Pune,,Katraj,Urban Development Plan (DP) Road Widening,RFCTLARR_2013,AWARD,2026-04-27,2026-04-27,AWARD,pune_229_17778779739595.pdf,https://cdn.s3waas.gov.in/s3ffeabd223de0d4eacb9a3e6e53e5448d/uploads/2026/05/17778779739595.pdf,1,6311a2fd2eb7ce7eadcd30818ebd2c8d5b81e01699f5c9e4a7015b74c7d4387e,OCR,NORMAL,Award under section 23 of New Land Acquisition Act-2013 for Mauje Katraj-Kondhwa (Bu.) for proposed 84 M.D.P.road (50 M.road out of 60 M.D.P.road) (Rajas Society to Pisoli) | Delle
EVT_PUNE_214,CAS_CLEAN_236,,Pune,,Khalumbre,,RFCTLARR_2013,AWARD,2026-07-31,2026-07-31,AWARD,pune_214_17863548436664.pdf,https://cdn.s3waas.gov.in/s3ffeabd223de0d4eacb9a3e6e53e5448d/uploads/2026/08/17863548436664.pdf,1,92ed6aa699ba0be00e6727339fd6d291636649f740e08fde9b36d6dd7a9a7d1a,OCR,NORMAL,PRR E Khed Khalumbre Supplementary Award | IRHE fừ4p14 Wlktjhe Cheth: ibtik Slh) bàuk Zix2H
EVT_PUNE_238,CAS_CLEAN_237,,Pune,,Khed,,RFCTLARR_2013,GENERAL_NOTICE,2025-07-21,2025-07-21,GENERAL_NOTICE,pune_238_17534301506668.pdf,https://cdn.s3waas.gov.in/s3ffeabd223de0d4eacb9a3e6e53e5448d/uploads/2025/07/17534301506668.pdf,1,102d5087ed321a1446eb6010372eb20fd407232144651bea4134299dc4af83a9,OCR,NORMAL,PRR E Khed Kelgaon Gat No.-235 Add Land Award | Pade peten (Luthe lalsitlla 2ldidh) HalE Slaet
EVT_PUNE_251,CAS_CLEAN_238,,Pune,,Khed,,RFCTLARR_2013,GENERAL_NOTICE,2025-04-04,2025-04-04,GENERAL_NOTICE,pune_251_2025043091.pdf,https://cdn.s3waas.gov.in/s3ffeabd223de0d4eacb9a3e6e53e5448d/uploads/2025/04/2025043091.pdf,1,d24fbd633a1ad26e68235539d2ebef82cf340342a5915f568fff6bb24d1802fe,OCR,NORMAL,PRR E Khed Solu Add Land Award | pra patee -- (зерно вильна Зимян) *.
EVT_PUNE_253,CAS_CLEAN_239,,Pune,khed,Khed,,RFCTLARR_2013,AWARD,2025-04-23,2025-04-23,AWARD,pune_253_2025042471.pdf,https://cdn.s3waas.gov.in/s3ffeabd223de0d4eacb9a3e6e53e5448d/uploads/2025/04/2025042471.pdf,1,81dadddf12888cbc0ee7cbace8f3eff4486133eaf650febb4056de6401b75f23,OCR,NORMAL,Final Award of village Mhalunge (Ingle) Tal-khed Dist Pune | * 25031 6 Èčoč/h0/08 2 Èčoč/h0/08 21 Ecod/h0/08 2 sp falle bukke (лІ Kh LIHUE HỊ2 Inh - son lut Kho Hallà ide - Khol h/bèllà HaH RiSK I gh& 22220 h000
EVT_PUNE_283,CAS_CLEAN_240,,Pune,,Khed,,RFCTLARR_2013,GENERAL_NOTICE,2024-12-27,2024-12-27,GENERAL_NOTICE,pune_283_2025010688.pdf,https://cdn.s3waas.gov.in/s3ffeabd223de0d4eacb9a3e6e53e5448d/uploads/2025/01/2025010688.pdf,1,90ac2ddb00d15f6da6075fe5762e72eef95d75bfa65c33b8f0b2d3de7b2b7691,OCR,NORMAL,PRR E Khed Kuruli Add Land Award | * (bthe shiralle siriêh) Hall Dux9H
EVT_PUNE_235,CAS_CLEAN_241,,Pune,Haveli,Kothrud,,RFCTLARR_2013,AWARD,2025-08-28,2025-08-28,AWARD,pune_235_17569841999532.pdf,https://cdn.s3waas.gov.in/s3ffeabd223de0d4eacb9a3e6e53e5448d/uploads/2025/09/17569841999532.pdf,1,a268f46f23dc2370347864e070809d0727b376552ccc97e3d2975cebdc29a6d7,OCR,NORMAL,"Land Acquisition Award for Survey No.22, Part No.3, CTS No.664, Kothrud, Tq. Haveli, Dist. Pune, for Reservation No. C-2-7 (Commercial Center) under section 23 of Land Acquisition Act 2013. | F. P4, gu Scanned with OKEN Scanner"
EVT_PUNE_284,CAS_CLEAN_242,,Pune,,Kothrud,,RFCTLARR_2013,GENERAL_NOTICE,2024-12-23,2024-12-23,GENERAL_NOTICE,pune_284_2025011359.pdf,https://cdn.s3waas.gov.in/s3ffeabd223de0d4eacb9a3e6e53e5448d/uploads/2025/01/2025011359.pdf,1,d6db7fcf5f7adc7868aff03403a8a832d7ad1a835b5dce0cc030ee21c2c24c81,OCR,NORMAL,34 Pune Loksabha Constituency – 210 Kothrud Assembly constituency | 425 508 674 0 0 •a Dhangekar Ravindra Hemraj Murlidhar Mobol Ranpise Prashant Dadaram Anis Arashid Sundak Kamble Milind Nocraj Sunil Kamthan Manoj Lax
EVT_PUNE_232,CAS_CLEAN_243,,Pune,,Lonikand,,RFCTLARR_2013,GENERAL_NOTICE,2025-09-25,2025-09-25,GENERAL_NOTICE,pune_232_17591337046966.pdf,https://cdn.s3waas.gov.in/s3ffeabd223de0d4eacb9a3e6e53e5448d/uploads/2025/09/17591337046966.pdf,1,4b4db760b690539dc38f6de1db82a7c637ee9d47d59a7f7d42d689af414991d7,OCR,NORMAL,"PRR E Haveli Lonikand Main Gat No.314 Award | rate me, u Revise Lonikand Mul Non Conscent Award Final (1) (I) (1).docx Page 1 of9"
EVT_PUNE_233,CAS_CLEAN_244,,Pune,,Lonikand,,RFCTLARR_2013,GENERAL_NOTICE,2025-09-17,2025-09-17,GENERAL_NOTICE,pune_233_17582885799560.pdf,https://cdn.s3waas.gov.in/s3ffeabd223de0d4eacb9a3e6e53e5448d/uploads/2025/09/17582885799560.pdf,1,404026fa8c08ec2606ed85dac700a8fc537d7dd239ab2c41971e1207ffe08034,OCR,NORMAL,PRR E Haveli Lonikand Main Award | tI JO [ Lah naja ya aferrte (Lesthe пн Mallls) alE la9
EVT_PUNE_234,CAS_CLEAN_245,,Pune,,Lonikand,,RFCTLARR_2013,GENERAL_NOTICE,2025-09-10,2025-09-10,GENERAL_NOTICE,pune_234_17575732762960.pdf,https://cdn.s3waas.gov.in/s3ffeabd223de0d4eacb9a3e6e53e5448d/uploads/2025/09/17575732762960.pdf,1,8789cae3fd8721ca2b542e7e0b54e4792d6093747427dd90d50c445a85b3d9cf,OCR,NORMAL,PRR E Haveli Lonikand Add. Land Award | n nan (hesthe Ihlbialla 5128h) pe(E) ()d He
EVT_PUNE_245,CAS_CLEAN_246,,Pune,,Lonikand,,RFCTLARR_2013,AWARD,2025-06-06,2025-06-06,AWARD,pune_245_2025062612.pdf,https://cdn.s3waas.gov.in/s3ffeabd223de0d4eacb9a3e6e53e5448d/uploads/2025/06/2025062612.pdf,1,8f65e9f9a3a407a5bd8a530629d92235703b80da8e24ced765b3441cb0907528,TEXT,NORMAL,"PRR E Haveli Lonikand Supplementary Award | HfllfR=lq, qg',', + HBV RR(V) (!) aM q.?r,v,R_q ! nK If’\C +l ''q R R R.o Y. Ro?! Vi('#)?-1-RWt (W'NPt Wv) n. R) ?MRd (mt), BraT HlqtHq, Vi 12-PRR E_"
EVT_PUNE_215,CAS_CLEAN_247,,Pune,,Markal,,RFCTLARR_2013,AWARD,2026-07-31,2026-07-31,AWARD,pune_215_17863545206911.pdf,https://cdn.s3waas.gov.in/s3ffeabd223de0d4eacb9a3e6e53e5448d/uploads/2026/08/17863545206911.pdf,1,c2cf2ab40e94fbe32bd3181fd53a7aa6959c31e77c242c4dce5feef9d6616d80,OCR,NORMAL,PRR E Khed Markal Supplementary Award | Phe 26 2 ваше блаян
EVT_PUNE_210,CAS_CLEAN_248,,Pune,Haveli,Moshi,Urban Development Plan (DP) Road Widening,RFCTLARR_2013,GENERAL_NOTICE,2026-09-10,2026-09-10,GENERAL_NOTICE,pune_210_17899863437096.pdf,https://cdn.s3waas.gov.in/s3ffeabd223de0d4eacb9a3e6e53e5448d/uploads/2026/09/17899863437096.pdf,1,ae2059ba9e3cfa1267b240a5fbf3c6b78b51c1ec5cae0b1e14c93cd7e1347253,TEXT,NORMAL,"Regarding land acquisition for widening of the 60 m. wide road for entry and exit at Village Moshi, Taluka Haveli, District Pune. | ´ÖÆüÖ¸üÖÂ™Òü ¿ÖÖÃÖ®Ö ¸üÖ•Ö¯Ö¡Ö  †ÃÖÖ¬ÖÖ¸üÞÖ ³ÖÖÝÖ ‹Ûú -- ¯ÖãÞÖê ×¾Ö³ÖÖÝÖßµÖ ¯Öã¸ü¾ÖÞÖß †ÃÖÖ¬ÖÖ¸üÞÖ ÛÎú´ÖÖÓÛú 06 ¯ÖÏÖ×¬ÖÛéúŸÖ ¯ÖÏÛúÖ¿Ö®Ö  ¾ÖÂÖÔ-15, †ÓÛ"
EVT_PUNE_228,CAS_CLEAN_249,,Pune,Pune City,Mundhawa,Urban Development Plan (DP) Road Widening,LAND_ACQUISITION_ACT_1894,SECTION_11,2026-05-04,2026-05-04,SECTION_11,pune_228_17779791647651.pdf,https://cdn.s3waas.gov.in/s3ffeabd223de0d4eacb9a3e6e53e5448d/uploads/2026/05/17779791647651.pdf,1,3df793f5d48c4d4539258d1e49c7b17ad8f326a668712f2c5c818feda5edf974,OCR,NORMAL,"Land Aquisition Award for S.No. 94C Mundhawa Tal. Pune City, Dist. Pune for 80 ft. D.P. road widening under section 11 of Land Aquisition Act 1894. | ЗАН A (505 433 31) (3/a890103103/209 P4.08/02/2024. zấz vầc vü vấ vấ 4y0/099844/20241928/08/2024 R9.28/08/2024. 4y08/Ф9/824/2028P9.08/04/2028. vấ báá"
EVT_PUNE_224,CAS_CLEAN_250,,Pune,Shirur,Nhavara,National Highway NH-548-D,NATIONAL_HIGHWAYS_ACT_1956,GENERAL_NOTICE,2026-05-15,2026-05-15,GENERAL_NOTICE,pune_224_17791885608776.pdf,https://cdn.s3waas.gov.in/s3ffeabd223de0d4eacb9a3e6e53e5448d/uploads/2026/05/17791885608776.pdf,1,5c8a0c744b93300fbfd5944a1581e115afe10bc0815d640b6238f3e1455760e9,OCR,NORMAL,"Village Nhavara, Tal. Shirur Dist.-Pune Land Acquisition for NH-548-D as per National Highway Act. 1956. | tin tàn t tà tàn àn : HApaK pa:- : plt plbl:- LE IsIptel pofA"
EVT_PUNE_239,CAS_CLEAN_251,584/1,Pune,,Nighoje,,RFCTLARR_2013,GENERAL_NOTICE,2025-07-21,2025-07-21,GENERAL_NOTICE,pune_239_17534295588795.pdf,https://cdn.s3waas.gov.in/s3ffeabd223de0d4eacb9a3e6e53e5448d/uploads/2025/07/17534295588795.pdf,1,126de2d4c275ed956832f153e87d56f2d40a164bad402e0d523828ddc133a707,OCR,NORMAL,PRR E Khed Nighoje Gat No.-584/1 Add Land Award | i tàn tànà à àn tà n tan tàn (neL) phie Rurol hestha thuisla Susilt
EVT_PUNE_219,CAS_CLEAN_252,,Pune,,Nighoje,,RFCTLARR_2013,AWARD,2026-07-31,2026-07-31,AWARD,pune_219_17863538322715.pdf,https://cdn.s3waas.gov.in/s3ffeabd223de0d4eacb9a3e6e53e5448d/uploads/2026/08/17863538322715.pdf,1,a48b5fc8f1bd61ed4bd7a8a6b82af967625c1749e53236b4c571674d57f51a2d,OCR,NORMAL,PRR E Khed Nighoje Supplementary Award | * THE (TRIN) Page 1 of 11
EVT_PUNE_222,CAS_CLEAN_253,,Pune,Bhor,Parhar Khurd,Nira Devghar Irrigation Project,RFCTLARR_2013,GENERAL_NOTICE,2026-06-05,2026-06-05,GENERAL_NOTICE,pune_222_17806566758765.pdf,https://cdn.s3waas.gov.in/s3ffeabd223de0d4eacb9a3e6e53e5448d/uploads/2026/06/17806566758765.pdf,1,04feafcc108295a511259e376227a9c2e9c234a851706fb3beaf0ce4fae06bd8,OCR,NORMAL,"Village-Parhar Khurd, Tal.-Bhor, Dist.-Pune Acuisition for Nira Devghar Project as per Sect. Land Acquisition 1894. | a f. 2004/8988 de me de Fais Fruier. TU 88200? faria P4/04/R0PE ve fa frater 8) ЯканІ:- P) $ de f0- 0c180/2890 gRifa 0E/8R/2990 8)"
EVT_PUNE_211,CAS_CLEAN_254,,Pune,,,Urban Development Plan (DP) Road Widening,RFCTLARR_2013,GENERAL_NOTICE,2026-09-10,2026-09-10,GENERAL_NOTICE,pune_211_17899863549723.pdf,https://cdn.s3waas.gov.in/s3ffeabd223de0d4eacb9a3e6e53e5448d/uploads/2026/09/17899863549723.pdf,1,76c2b46586d7e57a5c8ea0120309708eaff3bdeb4d7cc421123ea81dffcee3d9,TEXT,NORMAL,"Regarding land acquisition for widening of the 61.00 m. and 45.00 m. wide road for entry and exit Bhosari Village, Haveli, District Pune. | ´ÖÆüÖ¸üÖÂ™Òü ¿ÖÖÃÖ®Ö ¸üÖ•Ö¯Ö¡Ö  †ÃÖÖ¬ÖÖ¸üÞÖ ³ÖÖÝÖ ‹Ûú -- ¯ÖãÞÖê ×¾Ö³ÖÖÝÖßµÖ ¯Öã¸ü¾ÖÞÖß †ÃÖÖ¬ÖÖ¸üÞÖ ÛÎú´ÖÖÓÛú 06 ¯ÖÏÖ×¬ÖÛéúŸÖ ¯ÖÏÛúÖ¿Ö®Ö  ¾ÖÂÖÔ-15, †ÓÛ"
EVT_PUNE_223,CAS_CLEAN_255,,Pune,Bhor,Salav,Nira Devghar Irrigation Project,RAILWAYS_ACT_2008,GENERAL_NOTICE,2026-06-05,2026-06-05,GENERAL_NOTICE,pune_223_17806538017755.pdf,https://cdn.s3waas.gov.in/s3ffeabd223de0d4eacb9a3e6e53e5448d/uploads/2026/06/17806538017755.pdf,1,78fbd815b1fb42644d7cc3b23d686b2690065e6321fc281b2bde0a2c2cced9fa,OCR,NORMAL,"Village-Salav, Tal.-Bhor, Dist.-Pune Acuisition for Nira Devghar Project as per Sect. Land Acquisition 1894. | • Giá FOT. a ye hòà&/3 cepjeuse 9718: khalt Lellà žalde : 2e//tt/h/n c sayk bushelt la lealealte 12 Lah altery lah weblt 18 (sAJK sorjlt (2 2028022% k"
EVT_PUNE_220,CAS_CLEAN_255,,Pune,Bhor,Salav,Nira Devghar Irrigation Project,RFCTLARR_2013,GENERAL_NOTICE,2026-06-15,2026-06-15,GENERAL_NOTICE,pune_220_17827317674201.pdf,https://cdn.s3waas.gov.in/s3ffeabd223de0d4eacb9a3e6e53e5448d/uploads/2026/06/17827317674201.pdf,1,878146f1705f8e03dc6a20679e7574746b6fae02f326a615df0f3a233e72f5ef,OCR,NORMAL,"Village Salav,Tal.Bhor,Dist.Pune Acquisition for Nira devghar project as per sect.Land Acquisition 1894. | mard tid : sift fraist fe. 88/05/7024"
EVT_PUNE_225,CAS_CLEAN_256,,Pune,Shirur,Shikrapur,National Highway NH-548-D,NATIONAL_HIGHWAYS_ACT_1956,GENERAL_NOTICE,2026-05-15,2026-05-15,GENERAL_NOTICE,pune_225_17791883103206.pdf,https://cdn.s3waas.gov.in/s3ffeabd223de0d4eacb9a3e6e53e5448d/uploads/2026/05/17791883103206.pdf,1,251ac51f49b5b01c59722a6e3a722b94f8d5927041d6601febd990f568022738,OCR,NORMAL,"Village Shikrapur,Tal. Shirur Dist.-Pune Land Acquisition for NH-548-D as per National Highway Act. 1956. | tàn làn si à t tàn - Hajak plb:- p/t pl"
EVT_PUNE_212,CAS_CLEAN_257,46/5,Pune,Haweli,Vadgaon Sheri,Urban Development Plan (DP) Road Widening,RAILWAYS_ACT_2008,SECTION_11,2026-08-25,2026-08-25,SECTION_11,pune_212_17879183061101.pdf,https://cdn.s3waas.gov.in/s3ffeabd223de0d4eacb9a3e6e53e5448d/uploads/2026/08/17879183061101.pdf,1,c6a86e27fc29144d3b524e24d81bb0b5c7b7051996a8e105b8257a45bd508e57,OCR,NORMAL,"Land Acquisition Award for s.no.46/5(P) vadgaon sheri, Tal. Haweli, Dist Pune for 60 m D.P. Road under Section 11 of Land Acquisition Act, 1894. | • 300c/20/662"
EVT_PUNE_254,CAS_CLEAN_258,46/6,Pune,Haveli,Vadgaon Sheri,Urban Development Plan (DP) Road Widening,LAND_ACQUISITION_ACT_1894,GENERAL_NOTICE,2025-03-17,2025-03-17,GENERAL_NOTICE,pune_254_2025042116.pdf,https://cdn.s3waas.gov.in/s3ffeabd223de0d4eacb9a3e6e53e5448d/uploads/2025/04/2025042116.pdf,1,abe76c7d5002dff00e3fcd694a85ce478e6fb4696ca28c9a60cc54e367dd19e6,OCR,NORMAL,"Land Acquisition Award for S. No. 46/6 part, Vadgaon Sheri, Tal. Haveli, Dist. Pune for 60m D.P. Road under section II of Land Acquisition Act, 1894. | stimee 360č/00/663) 602/bl/ (te dêh - dwa)"
EVT_SOLAPUR_309,CAS_CLEAN_259,04/2023,Solapur,Malshiras,,,RFCTLARR_2013,SECTION_11,2025-12-12,2025-12-12,SECTION_11,solapur_309_17655423895032.pdf,https://cdn.s3waas.gov.in/s3acc3e0404646c57502b480dc052c4fe1/uploads/2025/12/17655423895032.pdf,1,fffbc9c441fa43a6780f4ef43ade1bfc483ee3733584b88d1fe8fd720a56d004,OCR,NORMAL,Notification of Section 11 under the New Land Acquisition Act 2013- Taluka Malshiras District Solapur -SR No.-04/2023 | gRani a 49 5502185-223332 5-Hr - sclomalshiras@gmail.com a 92/92/202y gur - 4L1006 QH.3TR.#.04/2023 • Scanned with OKEN Scanner
EVT_SOLAPUR_308,CAS_CLEAN_260,2026/LAQ,Solapur,,,,RFCTLARR_2013,EXTENSION,2026-04-20,2026-04-20,EXTENSION,solapur_308_17773589047029.pdf,https://cdn.s3waas.gov.in/s3acc3e0404646c57502b480dc052c4fe1/uploads/2026/04/17773589047029.pdf,1,951e85bf3c6cc3b04e26c150aeb5287da9940f934dd80fa981e8a34ca530c4a0,OCR,NORMAL,"Land Acquisition Act, 2013 Section 25 Hon. Collector, Solapur (PALAQ Branch) Letter No.2026/LAQ/KARYA-1/RR-1233/2026 | яП, 2397 -from fear? Rita 33.9 KimE aria 20 APR 2020 RicH 5. К.А. - /7ORE 9233 Email -palaqsolapur@gmail.com 20/00/2024 14.08/03/2028"
EVT_SOLAPUR_305,CAS_CLEAN_261,,Solapur,,,,RFCTLARR_2013,SECTION_11,2026-08-07,2026-08-07,SECTION_11,solapur_305_17861054966478.pdf,https://cdn.s3waas.gov.in/s3acc3e0404646c57502b480dc052c4fe1/uploads/2026/08/17861054966478.pdf,1,6fb8134fd655032f8c2db7e279351777cb515ace884629616e780d23dfab9a64,OCR,NORMAL,Section 11 Notification for the villages of Kuranwadi/Chikhali and Konheri | S aie d kh bahạn ch10( (201310L90 v ấ vı[. XXX {9н [kol
EVT_SOLAPUR_306,CAS_CLEAN_262,,Solapur,Uttar Solapur,,,RFCTLARR_2013,AWARD,2026-06-03,2026-06-03,AWARD,solapur_306_17804657739437.pdf,https://cdn.s3waas.gov.in/s3acc3e0404646c57502b480dc052c4fe1/uploads/2026/06/17804657739437.pdf,1,68cce773d42371084abfbf4c72aab9f2dc291264f0bf783639bb8706ae6d3a45,OCR,NORMAL,"Regarding publishing the final award information on the website for land acquisition for Pazar Talao No. 4 in Mauje Gulavanchi Tal. Uttar Solapur Dist. Solapur | fa. 23/04/2026 зіни fralet tea fa, 2013 THE RIGHT TO FAIR COMPENSATION AND TRANSPARENCY IN LAND ACQUISITION, REHABILITATION AND arut. 1 25"
EVT_SOLAPUR_307,CAS_CLEAN_263,,Solapur,Mohol and Uttar Solapur,,,RFCTLARR_2013,GENERAL_NOTICE,2026-05-21,2026-05-21,GENERAL_NOTICE,solapur_307_17793572945218.pdf,https://cdn.s3waas.gov.in/s3acc3e0404646c57502b480dc052c4fe1/uploads/2026/05/17793572945218.pdf,1,176e264b7f91772510ecde5aeb3fe38c74b9f84e28e5210fb20a1301a0aaf240,TEXT,NORMAL,"Click here to see the Awards of Hingani Nipani, Bhoyre, Kalaman, Khuneshwar, Padsali, Darfal Gawdi under the K.M.U.C.Y.O. of Tal. Mohol and Uttar Solapur, Dist. Solapur from Ubhusakr.7 Mohol. | https://drive.google.com/file/d/17i9duxbte3wh50sOklkAPDr6-_jBxvsN/view?usp=sharing"
EVT_SOLAPUR_310,CAS_CLEAN_264,,Solapur,,,,RFCTLARR_2013,GENERAL_NOTICE,2025-04-21,2025-04-21,GENERAL_NOTICE,solapur_310_2025042151.pdf,https://cdn.s3waas.gov.in/s3acc3e0404646c57502b480dc052c4fe1/uploads/2025/04/2025042151.pdf,1,8d17a542b4021385b832d5ab60c2d2bdd36be745a090582cf3c9edfa2d2aac73,OCR,NORMAL,"LAND ACQUISITION ACT 2013, NOTICE U/S 19 ” S.R28/2019″ | ie bb3 bale me de b mo sg de deE ()h aal d hood Hole e a-ere wa hed h baltee Sn De Ego Loe Lateltn lagle ale bebele lah erge etle fibe po ep h mon tin"
EVT_SOLAPUR_303,CAS_CLEAN_265,,Solapur,uka,,Pune-Solapur-Wadi 3rd & 4th Railway Line Project,RAILWAYS_ACT_2008,GENERAL_NOTICE,2026-09-01,2026-09-01,GENERAL_NOTICE,solapur_303_17882635937632.pdf,https://cdn.s3waas.gov.in/s3acc3e0404646c57502b480dc052c4fe1/uploads/2026/09/17882635937632.pdf,1,74071970bdb877819e00da2cb76aed7e92929b990f292ef9f2f73485977d5415,TEXT,NORMAL,"Notification under Section 20A of the Railways (Amendment) Act, 2008, regarding the land acquired in Mohol Taluka for the third and fourth railway lines on the Pune-Solapur-Wadi route. | 5371 GI/2026 (1)    रजिस्ट्री सं. डी.एल.- 33004/99 REGD. No. D. L.-33004/99        xxxGIDHxxx  xxxGIDExxx  असाधार"
EVT_SOLAPUR_304,CAS_CLEAN_266,,Solapur,uka,,Pune-Solapur-Wadi 3rd & 4th Railway Line Project,RAILWAYS_ACT_2008,GENERAL_NOTICE,2026-09-01,2026-09-01,GENERAL_NOTICE,solapur_304_17882637725747.pdf,https://cdn.s3waas.gov.in/s3acc3e0404646c57502b480dc052c4fe1/uploads/2026/09/17882637725747.pdf,1,d669ecc3c1f95642abc9cef2ef57f0b6717045aa7375ae7b5b7e058cf7f0b134,TEXT,NORMAL,"Notification under Section 20A of the Railways (Amendment) Act, 2008, regarding the land acquired in North Solapur Taluka for the ongoing special railway project involving the third and fourth lines on the Pune-Solapur-Wadi route | 5552 GI/2026 (1)    रजिस्ट्री सं. डी.एल.- 33004/99 REGD. No. D. L.-3"
EVT_YAVATMAL_311,CAS_CLEAN_267,,Yavatmal,,,,RFCTLARR_2013,GENERAL_NOTICE,2022-11-17,2022-11-17,GENERAL_NOTICE,yavatmal_311_2022111740.pdf,https://cdn.s3waas.gov.in/s39ad6aaed513b73148b7d49f70afcfb32/uploads/2022/11/2022111740.pdf,1,9ead1d2e141e582f89d54196736a0abc13f735ab60ba9ddb98bbe37d99f19afc,TEXT,NORMAL,"Regarding Promulgation of Citizens Charter (Land Acquisition), Road Project Office Yavatma | 研口』ほ赤nol101c a濃お割L面戯 (… ,憂a yΦCtlфΠh嘔qqaa10 311●9qqD―― in〔面可 わ覆囮h21む訛 qDu lq山油 嗣 蔽 藪可a亀訂(piCuq伽耐 oI赫 … … CIDed tth命31脳司餓 [〕I ζ 15. 嗣 祠 油 油 … 3J―/ 赫 4"
EVT_YAVATMAL_313,CAS_CLEAN_268,,Yavatmal,,,,RFCTLARR_2013,GENERAL_NOTICE,2022-11-11,2022-11-11,GENERAL_NOTICE,yavatmal_313_2022111188.pdf,https://cdn.s3waas.gov.in/s39ad6aaed513b73148b7d49f70afcfb32/uploads/2022/11/2022111188.pdf,1,3b916010d87dc3416ffc91b9370b5cf18fff56845f358f3e50b40320aa4af6ce,TEXT,NORMAL,Regarding Promulgation of Citizen’s Charter(Land Acquisition L.C.K.-2) | ヽ 　 　 レ 編 椰 マ ゛ 油 耐 れ れ 中 旺 鍮 輔 /1弔岸精可「 R 舗 … 輛 岬 Ⅲ 命 頭 'ぼ て 下 口 嗣 両h¨ 可 赫 覆ホ￢同きdヵlく фくdl衝 含anT綸 こ 五 輛 珈 耐 -1噂ぼ 哺 無 )__ 可 赫 引q。∥|め 編 瀾 iγ … 興 鋼いい」 輛 銅
EVT_YAVATMAL_314,CAS_CLEAN_269,,Yavatmal,,,,RFCTLARR_2013,GENERAL_NOTICE,2022-11-11,2022-11-11,GENERAL_NOTICE,yavatmal_314_2022111166.pdf,https://cdn.s3waas.gov.in/s39ad6aaed513b73148b7d49f70afcfb32/uploads/2022/11/2022111166.pdf,1,50306352f99180c6425256045e9303e8366b25b3f7cc71d8525c9d24aa419d73,TEXT,NORMAL,Regarding Promulgation of Citizen’s Charter(Land Acquisition Help & Benefit) | … 劇司G 劇Od凋|め I藁 … … ― m前 前 …論 赫 鼎 臨 … 請 編 吼 潔 駆 聰a― 1 ffid WqT{d r*fid cIqI Frerqry FaTsT ilrfi{ 6{4 … 可 HOヽdu`Ч■ 氣 W日訴 冷 爾 2013J話己2話 可 … ′・・ d月lω 2 O
EVT_YAVATMAL_312,CAS_CLEAN_270,,Yavatmal,,,Bembla River Irrigation Project,RFCTLARR_2013,GENERAL_NOTICE,2022-11-11,2022-11-11,GENERAL_NOTICE,yavatmal_312_2022111145.pdf,https://cdn.s3waas.gov.in/s39ad6aaed513b73148b7d49f70afcfb32/uploads/2022/11/2022111145.pdf,1,5f1bee42056244c9e24eda2158b341b34d5b7b2873c9cfd8e887f5c08731354f,TEXT,NORMAL,"Regarding Promulgation of Citizen’s Charter(Land Acquisition Bembla) | イ arrrftfiifi sftr ffi 1gt'vrcm, ifilar rFr.rr firqhrrr, TETrrra 3T.:ヨ 百 . -5銅 l耐 油 苅 … 311- /― 師 ∞ qqD― 面 … 闘 … 油 岬 蔽 葛可 崎艶π qDicllq田可 岬 研 録 可 回 … qΦ"
EVT_YAVATMAL_327,CAS_CLEAN_271,,Yavatmal,,,Bembla River Irrigation Project,RFCTLARR_2013,GENERAL_NOTICE,2019-09-21,2019-09-21,GENERAL_NOTICE,yavatmal_327_2019092165.pdf,https://cdn.s3waas.gov.in/s39ad6aaed513b73148b7d49f70afcfb32/uploads/2019/09/2019092165.pdf,1,0a9c0f9ac84002ac3b62da7fe03bfeb53b41337096cea74036f08dce9934a2e1,TEXT,NORMAL,"Deputy Collector (Land Acquisition) Bembla project Office, Yavatmal | 々 ´ 21101C =熊 面 訓 諭 羽 '(中 ,お画 面 りΦ αЧ 面 祠 雌 Π ,画面 剛 匝 奇 副 厩 FU謝司 国 歯 dΦle qDedi 油 命 観 肺 面 … … 可 赫 師 憂 面 討 漿 cllq ul嘲凱 CClltllta lrulrffe oI fdIIUftDI"
