case_id,case_id_type,case_number,district,taluka,village,project_name,acquiring_authority,act_key,case_status,section_11_date,section_19_date,section_21_date,award_date,first_notice_date,latest_notice_date,extension_count,first_extension_date,last_extension_date,has_statutory_extension,notified_area_hectares,affected_landowner_count,compensation_amount_inr,parcel_count,objection_count,open_issue_count,missing_reason_objection_count,missing_reason_parcel_count,missing_reason_open_issue_count,missing_reason_compensation,missing_reason_land_area,feature_source_document,feature_source_page,feature_extraction_method,source_documents,source_document_hashes,source_urls,derived_days_since_case_initiation,derived_days_in_current_stage,derived_days_since_latest_notice,derived_notice_count,derived_extension_count,derived_has_statutory_extension,derived_statutory_sec19_proximity_ratio,derived_sec11_to_sec19_duration,derived_project_type,derived_is_direct_purchase,delay_evidence_type
CAS_CLEAN_001,OFFICIAL_CASE_NUMBER,25/A-65/2022-23,Nagpur,Kuhi,Aamti,,District Collectorate & Administration Nagpur,RFCTLARR_2013,IN_PROGRESS,,,,,2024-12-27,2024-12-27,0,,,False,,,,,,,NOT_PUBLISHED_IN_GAZETTE,NOT_PUBLISHED_IN_STRUCTURED_DATA,NOT_APPLICABLE_IN_REAL_DATA,NOT_APPLICABLE_PRE_AWARD,UNPARSED_SCHEDULE_TABLE,nagpur_173_2024122730.pdf,1,TEXT,nagpur_173_2024122730.pdf,442fa10b0344dea153dbf74372d46e5407dabedc0246e111bcf53cf0f2dace60,https://cdn.s3waas.gov.in/s3d1f491a404d6854880943e5c3cd9ca25/uploads/2024/12/2024122730.pdf,641,641,641,1,0,False,,,Rural Infrastructure,True,NONE_OBSERVED
CAS_CLEAN_002,OFFICIAL_CASE_NUMBER,17/A-65/2022-23,Nagpur,Bhivapur,Adyal,,District Collectorate & Administration Nagpur,RFCTLARR_2013,IN_PROGRESS,,,,,2024-02-22,2024-02-22,0,,,False,,,,,,,NOT_PUBLISHED_IN_GAZETTE,NOT_PUBLISHED_IN_STRUCTURED_DATA,NOT_APPLICABLE_IN_REAL_DATA,NOT_APPLICABLE_PRE_AWARD,UNPARSED_SCHEDULE_TABLE,nagpur_204_2024022831.pdf,1,OCR,nagpur_204_2024022831.pdf,e1b2e921a16f285b10ea22bd8141287ee33f481178b899a63d10b7d7239d8077,https://cdn.s3waas.gov.in/s3d1f491a404d6854880943e5c3cd9ca25/uploads/2024/02/2024022831.pdf,950,950,950,1,0,False,,,Rural Infrastructure,True,NONE_OBSERVED
CAS_CLEAN_003,OFFICIAL_CASE_NUMBER,5/A-65/2024-2025,Nagpur,Kuhi,Amti,,District Collectorate & Administration Nagpur,RFCTLARR_2013,IN_PROGRESS,2025-09-30,2025-11-28,2026-01-12,,2025-09-30,2026-01-12,0,,,False,,,,,,,NOT_PUBLISHED_IN_GAZETTE,NOT_PUBLISHED_IN_STRUCTURED_DATA,NOT_APPLICABLE_IN_REAL_DATA,NOT_APPLICABLE_PRE_AWARD,UNPARSED_SCHEDULE_TABLE,nagpur_121_17592274189448.pdf,1,TEXT,nagpur_121_17592274189448.pdf;nagpur_107_17643239436369.pdf;nagpur_087_17682065535035.pdf,952a6787e57262d7ed6d439cbf86db4bb0789022d8aec5c236bb6b20f65bf08c;2dda60668f3e3ced8c1daf06654f832f1507474afe8bf80e46af59f2a46f9ebb;99d871b517da996b039f90bf5863c1c8338715dab8e870c30d269e1a7b13a9f3,https://cdn.s3waas.gov.in/s3d1f491a404d6854880943e5c3cd9ca25/uploads/2025/09/17592274189448.pdf;https://cdn.s3waas.gov.in/s3d1f491a404d6854880943e5c3cd9ca25/uploads/2025/11/17643239436369.pdf;https://cdn.s3waas.gov.in/s3d1f491a404d6854880943e5c3cd9ca25/uploads/2026/01/17682065535035.pdf,364,260,260,3,0,False,0.997,59,Rural Infrastructure,False,NONE_OBSERVED
CAS_CLEAN_004,OFFICIAL_CASE_NUMBER,59/अ-65/2025-26,Nagpur,Hingna,Asola (Sawangi)Taluka Hingna,,District Collectorate & Administration Nagpur,RFCTLARR_2013,IN_PROGRESS,2026-08-17,,,,2026-08-17,2026-08-17,0,,,False,,,,,,,NOT_PUBLISHED_IN_GAZETTE,NOT_PUBLISHED_IN_STRUCTURED_DATA,NOT_APPLICABLE_IN_REAL_DATA,NOT_APPLICABLE_PRE_AWARD,UNPARSED_SCHEDULE_TABLE,nagpur_028_17869469995556.pdf,1,OCR,nagpur_028_17869469995556.pdf,9c85ce07f57ae60b2cb30b234c6b1a98b8f886379dd64b3d82d09e45c0cca1d7,https://cdn.s3waas.gov.in/s3d1f491a404d6854880943e5c3cd9ca25/uploads/2026/08/17869469995556.pdf,43,43,43,1,0,False,0.118,,Rural Infrastructure,False,NONE_OBSERVED
CAS_CLEAN_005,OFFICIAL_CASE_NUMBER,35/A-65/2023-24,Nagpur,Kuhi,Awarmara,,District Collectorate & Administration Nagpur,RFCTLARR_2013,IN_PROGRESS,,,,,2024-12-10,2025-01-15,0,,,False,,,,,,,NOT_PUBLISHED_IN_GAZETTE,NOT_PUBLISHED_IN_STRUCTURED_DATA,NOT_APPLICABLE_IN_REAL_DATA,NOT_APPLICABLE_PRE_AWARD,UNPARSED_SCHEDULE_TABLE,nagpur_175_2024121089.pdf,1,TEXT,nagpur_175_2024121089.pdf;nagpur_161_2025011575.pdf,a71db8954d96f1d79feb212c884b7469f9152353bc0741094836b9ac108d4316;64b7189d24112ca94b083b7d6a5c7f8c64e4d21cedd7bed2dffd13f595249575,https://cdn.s3waas.gov.in/s3d1f491a404d6854880943e5c3cd9ca25/uploads/2024/12/2024121089.pdf;https://cdn.s3waas.gov.in/s3d1f491a404d6854880943e5c3cd9ca25/uploads/2025/01/2025011575.pdf,658,622,622,2,0,False,,,Rural Infrastructure,True,NONE_OBSERVED
CAS_CLEAN_006,OFFICIAL_CASE_NUMBER,6/A-65/2024-2025,Nagpur,Kuhi,Awarmara,,District Collectorate & Administration Nagpur,RFCTLARR_2013,IN_PROGRESS,2025-09-29,2025-11-28,2026-01-12,,2025-09-29,2026-01-12,0,,,False,,,,,,,NOT_PUBLISHED_IN_GAZETTE,NOT_PUBLISHED_IN_STRUCTURED_DATA,NOT_APPLICABLE_IN_REAL_DATA,NOT_APPLICABLE_PRE_AWARD,UNPARSED_SCHEDULE_TABLE,nagpur_120_17592276292380.pdf,1,TEXT,nagpur_120_17592276292380.pdf;nagpur_106_17643241497783.pdf;nagpur_086_17682066548847.pdf,420b1b807769e7928101af73804f383fef83d807e4bc51d158da0f10acd82195;fdcffe321c505fd195bf24fe1e4ad70c1c609766660452d8ef65f5c659714cf4;1544c6cc89a5aa66d18860d2c011e17d1907eb51a0e7ba51626bfd770613daf4,https://cdn.s3waas.gov.in/s3d1f491a404d6854880943e5c3cd9ca25/uploads/2025/09/17592276292380.pdf;https://cdn.s3waas.gov.in/s3d1f491a404d6854880943e5c3cd9ca25/uploads/2025/11/17643241497783.pdf;https://cdn.s3waas.gov.in/s3d1f491a404d6854880943e5c3cd9ca25/uploads/2026/01/17682066548847.pdf,365,260,260,3,0,False,1.0,60,Rural Infrastructure,False,NONE_OBSERVED
CAS_CLEAN_007,OFFICIAL_CASE_NUMBER,9/A-65/2026-27,Nagpur,कुही,Banor,,District Collectorate & Administration Nagpur,RFCTLARR_2013,IN_PROGRESS,2026-08-14,,,,2026-08-14,2026-08-14,0,,,False,,,,,,,NOT_PUBLISHED_IN_GAZETTE,NOT_PUBLISHED_IN_STRUCTURED_DATA,NOT_APPLICABLE_IN_REAL_DATA,NOT_APPLICABLE_PRE_AWARD,UNPARSED_SCHEDULE_TABLE,nagpur_047_17867039643678.pdf,1,TEXT,nagpur_047_17867039643678.pdf,4b727d0ae762da42d0bb4e6c6c8c50f790b4ffafa477d19803d5d76dc2b8eb97,https://cdn.s3waas.gov.in/s3d1f491a404d6854880943e5c3cd9ca25/uploads/2026/08/17867039643678.pdf,46,46,46,1,0,False,0.126,,Rural Infrastructure,False,NONE_OBSERVED
CAS_CLEAN_008,OFFICIAL_CASE_NUMBER,13/A-65/2026-27,Nagpur,Umred,Barvha,,District Collectorate & Administration Nagpur,RFCTLARR_2013,IN_PROGRESS,2026-08-14,,,,2026-08-14,2026-08-14,0,,,False,,,,,,,NOT_PUBLISHED_IN_GAZETTE,NOT_PUBLISHED_IN_STRUCTURED_DATA,NOT_APPLICABLE_IN_REAL_DATA,NOT_APPLICABLE_PRE_AWARD,UNPARSED_SCHEDULE_TABLE,nagpur_044_17867049224170.pdf,1,TEXT,nagpur_044_17867049224170.pdf,ea97bf88eb15f4d25fe7a704219bdbe8ecfe852cf9aae7087f4be59ee19b580b,https://cdn.s3waas.gov.in/s3d1f491a404d6854880943e5c3cd9ca25/uploads/2026/08/17867049224170.pdf,46,46,46,1,0,False,0.126,,Rural Infrastructure,False,NONE_OBSERVED
CAS_CLEAN_009,OFFICIAL_CASE_NUMBER,22/A-65/2024-2025,Nagpur,Narkhed,Belona,,District Collectorate & Administration Nagpur,RFCTLARR_2013,IN_PROGRESS,2025-01-14,,,,2025-01-14,2025-01-14,0,,,False,,,,,,,NOT_PUBLISHED_IN_GAZETTE,NOT_PUBLISHED_IN_STRUCTURED_DATA,NOT_APPLICABLE_IN_REAL_DATA,NOT_APPLICABLE_PRE_AWARD,UNPARSED_SCHEDULE_TABLE,nagpur_168_2025011477.pdf,1,OCR,nagpur_168_2025011477.pdf,ca6c5ae2956f1c8687a4e48bab6e9c2b4122b1e200d0b094a4e3a3ff68273820,https://cdn.s3waas.gov.in/s3d1f491a404d6854880943e5c3cd9ca25/uploads/2025/01/2025011477.pdf,623,623,623,1,0,False,1.707,,Rural Infrastructure,False,DATE_DERIVED_DELAY
CAS_CLEAN_010,DERIVED,,Nagpur,Kalmeshwar,Belori(bu),,District Collectorate & Administration Nagpur,RFCTLARR_2013,IN_PROGRESS,,,,,2026-08-17,2026-08-17,0,,,False,,,,,,,NOT_PUBLISHED_IN_GAZETTE,NOT_PUBLISHED_IN_STRUCTURED_DATA,NOT_APPLICABLE_IN_REAL_DATA,NOT_APPLICABLE_PRE_AWARD,UNPARSED_SCHEDULE_TABLE,nagpur_027_17869471966429.pdf,1,OCR,nagpur_027_17869471966429.pdf,c7e42910daf122571790121a1d7c3d35ba38b9d241e3814a013a531b517b1aee,https://cdn.s3waas.gov.in/s3d1f491a404d6854880943e5c3cd9ca25/uploads/2026/08/17869471966429.pdf,43,43,43,1,0,False,,,Rural Infrastructure,False,NONE_OBSERVED
CAS_CLEAN_011,OFFICIAL_CASE_NUMBER,4/A-65/2025-2026,Nagpur,Saoner,Bhanegaon,,District Collectorate & Administration Nagpur,RFCTLARR_2013,IN_PROGRESS,,2026-02-02,,,2026-02-02,2026-02-02,0,,,False,,,,,,,NOT_PUBLISHED_IN_GAZETTE,NOT_PUBLISHED_IN_STRUCTURED_DATA,NOT_APPLICABLE_IN_REAL_DATA,NOT_APPLICABLE_PRE_AWARD,UNPARSED_SCHEDULE_TABLE,nagpur_072_17706154589431.pdf,1,OCR,nagpur_072_17706154589431.pdf,1c39738f1fd3e1c2ad889c407460f5201ad31134fbbf7b4d9de3c996ddf22b84,https://cdn.s3waas.gov.in/s3d1f491a404d6854880943e5c3cd9ca25/uploads/2026/02/17706154589431.pdf,239,239,239,1,0,False,,,Rural Infrastructure,False,NONE_OBSERVED
CAS_CLEAN_012,OFFICIAL_CASE_NUMBER,61/अ-65/2025-26,Nagpur,Hingna,Bhansuli,,District Collectorate & Administration Nagpur,RFCTLARR_2013,IN_PROGRESS,2026-08-17,,,,2026-08-17,2026-08-17,0,,,False,,,,,,,NOT_PUBLISHED_IN_GAZETTE,NOT_PUBLISHED_IN_STRUCTURED_DATA,NOT_APPLICABLE_IN_REAL_DATA,NOT_APPLICABLE_PRE_AWARD,UNPARSED_SCHEDULE_TABLE,nagpur_030_17869454133548.pdf,1,OCR,nagpur_030_17869454133548.pdf,06434e272e3711e6e9a7984923912015627b79de0839ee5037622abc5e7a4f54,https://cdn.s3waas.gov.in/s3d1f491a404d6854880943e5c3cd9ca25/uploads/2026/08/17869454133548.pdf,43,43,43,1,0,False,0.118,,Rural Infrastructure,False,NONE_OBSERVED
CAS_CLEAN_013,OFFICIAL_CASE_NUMBER,16/A-65/2026-27,Nagpur,,Bhiwapur,,District Collectorate & Administration Nagpur,RFCTLARR_2013,IN_PROGRESS,2026-08-14,,,,2026-08-14,2026-08-14,0,,,False,,,,,,,NOT_PUBLISHED_IN_GAZETTE,NOT_PUBLISHED_IN_STRUCTURED_DATA,NOT_APPLICABLE_IN_REAL_DATA,NOT_APPLICABLE_PRE_AWARD,UNPARSED_SCHEDULE_TABLE,nagpur_041_17867054037704.pdf,1,TEXT,nagpur_041_17867054037704.pdf,ff8da5cb42b858529afe6991e7cf3ace7fdc0eb73a26cc0805138fa5663911f1,https://cdn.s3waas.gov.in/s3d1f491a404d6854880943e5c3cd9ca25/uploads/2026/08/17867054037704.pdf,46,46,46,1,0,False,0.126,,Rural Infrastructure,False,NONE_OBSERVED
CAS_CLEAN_014,OFFICIAL_CASE_NUMBER,1/A-65/2025-2026,Nagpur,Bhiwapur,Bhiwapur,,District Collectorate & Administration Nagpur,RFCTLARR_2013,IN_PROGRESS,2025-09-29,2025-11-28,2026-01-12,,2025-09-29,2026-01-12,0,,,False,,,,,,,NOT_PUBLISHED_IN_GAZETTE,NOT_PUBLISHED_IN_STRUCTURED_DATA,NOT_APPLICABLE_IN_REAL_DATA,NOT_APPLICABLE_PRE_AWARD,UNPARSED_SCHEDULE_TABLE,nagpur_122_17592269866310.pdf,1,OCR,nagpur_122_17592269866310.pdf;nagpur_100_17643338945074.pdf;nagpur_080_17682072765352.pdf,57535529b9644d39cce7e238061d55d5931c7dece1991639d50841af1d0610d7;957310d2b1c17ff1be815df71b87cbfe0906f7dad32e343fb0500e8c295090ca;f70ed53c9ae2fc40229ab56024691024a406ab93aa9096c7fc2faa2dd6b18af4,https://cdn.s3waas.gov.in/s3d1f491a404d6854880943e5c3cd9ca25/uploads/2025/09/17592269866310.pdf;https://cdn.s3waas.gov.in/s3d1f491a404d6854880943e5c3cd9ca25/uploads/2025/11/17643338945074.pdf;https://cdn.s3waas.gov.in/s3d1f491a404d6854880943e5c3cd9ca25/uploads/2026/01/17682072765352.pdf,365,260,260,3,0,False,1.0,60,Rural Infrastructure,False,NONE_OBSERVED
CAS_CLEAN_015,OFFICIAL_CASE_NUMBER,2/A-65/2025-2026,Nagpur,Kuhi,Bhivapur,,District Collectorate & Administration Nagpur,RFCTLARR_2013,IN_PROGRESS,2025-09-26,2025-12-15,2026-01-19,,2025-09-26,2026-01-19,0,,,False,,,,,,,NOT_PUBLISHED_IN_GAZETTE,NOT_PUBLISHED_IN_STRUCTURED_DATA,NOT_APPLICABLE_IN_REAL_DATA,NOT_APPLICABLE_PRE_AWARD,UNPARSED_SCHEDULE_TABLE,nagpur_127_17592255886942.pdf,1,OCR,nagpur_127_17592255886942.pdf;nagpur_096_17657928219926.pdf;nagpur_078_17688230811101.pdf,c1633d982dab461ff7fc4df162d8108fb8e4ef0f106fd0fcf755962795429745;6ff012c5b307b25c427483c191878a769bb280d3b9acebc8bb9da046ba922e8f;b3dc7ed5e7ba5042495cafe9c84e652bcec361177651140cad130c4cf15eb6c2,https://cdn.s3waas.gov.in/s3d1f491a404d6854880943e5c3cd9ca25/uploads/2025/09/17592255886942.pdf;https://cdn.s3waas.gov.in/s3d1f491a404d6854880943e5c3cd9ca25/uploads/2025/12/17657928219926.pdf;https://cdn.s3waas.gov.in/s3d1f491a404d6854880943e5c3cd9ca25/uploads/2026/01/17688230811101.pdf,368,253,253,3,0,False,1.008,80,Rural Infrastructure,False,NONE_OBSERVED
CAS_CLEAN_016,OFFICIAL_CASE_NUMBER,37/A-65/2023-2024,Nagpur,Bhiwapur,Bhiwapur,,District Collectorate & Administration Nagpur,RFCTLARR_2013,IN_PROGRESS,,,,,2025-02-14,2025-02-14,0,,,False,,,,,,,NOT_PUBLISHED_IN_GAZETTE,NOT_PUBLISHED_IN_STRUCTURED_DATA,NOT_APPLICABLE_IN_REAL_DATA,NOT_APPLICABLE_PRE_AWARD,UNPARSED_SCHEDULE_TABLE,nagpur_150_2025021868.pdf,1,TEXT,nagpur_150_2025021868.pdf,608e60c4ee5e9b10549e1dd7dec21d4c6f751d50dd5eac1b97f34d11f7127927,https://cdn.s3waas.gov.in/s3d1f491a404d6854880943e5c3cd9ca25/uploads/2025/02/2025021868.pdf,592,592,592,1,0,False,,,Rural Infrastructure,True,NONE_OBSERVED
CAS_CLEAN_017,OFFICIAL_CASE_NUMBER,5/A-65/2026-27,Nagpur,Kuhi,Bori Sadachar,,District Collectorate & Administration Nagpur,RFCTLARR_2013,IN_PROGRESS,2026-08-14,,,,2026-08-14,2026-08-14,0,,,False,,,,,,,NOT_PUBLISHED_IN_GAZETTE,NOT_PUBLISHED_IN_STRUCTURED_DATA,NOT_APPLICABLE_IN_REAL_DATA,NOT_APPLICABLE_PRE_AWARD,UNPARSED_SCHEDULE_TABLE,nagpur_052_17867000836366.pdf,1,TEXT,nagpur_052_17867000836366.pdf,4d561d005ebdc0c9db9a9a73e3ad52c854137a9c279ff71ea2df5bda5fb8a3e1,https://cdn.s3waas.gov.in/s3d1f491a404d6854880943e5c3cd9ca25/uploads/2026/08/17867000836366.pdf,46,46,46,1,0,False,0.126,,Rural Infrastructure,False,NONE_OBSERVED
CAS_CLEAN_018,OFFICIAL_CASE_NUMBER,22/A-65/2025-26,Nagpur,Nagpur (Gramin),Bori,,District Collectorate & Administration Nagpur,RFCTLARR_2013,IN_PROGRESS,2026-08-19,,,,2026-08-19,2026-08-19,0,,,False,,,,,,,NOT_PUBLISHED_IN_GAZETTE,NOT_PUBLISHED_IN_STRUCTURED_DATA,NOT_APPLICABLE_IN_REAL_DATA,NOT_APPLICABLE_PRE_AWARD,UNPARSED_SCHEDULE_TABLE,nagpur_013_17871176951688.pdf,1,OCR,nagpur_013_17871176951688.pdf,377801b5c8bcf31386cd0f9fe487a1f34cd16553cffd3abf2608095c856ea86b,https://cdn.s3waas.gov.in/s3d1f491a404d6854880943e5c3cd9ca25/uploads/2026/08/17871176951688.pdf,41,41,41,1,0,False,0.112,,Rural Infrastructure,False,NONE_OBSERVED
CAS_CLEAN_019,OFFICIAL_CASE_NUMBER,4/A-65/2025-2026,Nagpur,Kuhi,Bramhani,,District Collectorate & Administration Nagpur,RFCTLARR_2013,IN_PROGRESS,2025-09-29,2025-11-28,2026-01-12,,2025-09-29,2026-01-12,0,,,False,,,,,,,NOT_PUBLISHED_IN_GAZETTE,NOT_PUBLISHED_IN_STRUCTURED_DATA,NOT_APPLICABLE_IN_REAL_DATA,NOT_APPLICABLE_PRE_AWARD,UNPARSED_SCHEDULE_TABLE,nagpur_115_17592279312785.pdf,1,TEXT,nagpur_115_17592279312785.pdf;nagpur_101_17643337251910.pdf;nagpur_081_17682072029182.pdf,de65b66a529b5fa52a343a404fec0bde3a6fe400d6dffd41157d62206445d01e;aaa13a14ba719a16e2ad33abb3f9e9280a341033af500cc58888d556a419cfae;1e74b857184272116ad9b6c64246352c793d8236f40353709b33ec43bd1eaf87,https://cdn.s3waas.gov.in/s3d1f491a404d6854880943e5c3cd9ca25/uploads/2025/09/17592279312785.pdf;https://cdn.s3waas.gov.in/s3d1f491a404d6854880943e5c3cd9ca25/uploads/2025/11/17643337251910.pdf;https://cdn.s3waas.gov.in/s3d1f491a404d6854880943e5c3cd9ca25/uploads/2026/01/17682072029182.pdf,365,260,260,3,0,False,1.0,60,Rural Infrastructure,False,NONE_OBSERVED
CAS_CLEAN_020,OFFICIAL_CASE_NUMBER,02/A-65,Nagpur,,,,District Collectorate & Administration Nagpur,RFCTLARR_2013,IN_PROGRESS,,,,,2024-07-10,2024-07-10,0,,,False,,,,,,,NOT_PUBLISHED_IN_GAZETTE,NOT_PUBLISHED_IN_STRUCTURED_DATA,NOT_APPLICABLE_IN_REAL_DATA,NOT_APPLICABLE_PRE_AWARD,UNPARSED_SCHEDULE_TABLE,nagpur_189_2024071086.pdf,1,OCR,nagpur_189_2024071086.pdf,3fd9725435ea06ff114ad775ce08023a6c301f341da2dbec8cfd367ccf374a37,https://cdn.s3waas.gov.in/s3d1f491a404d6854880943e5c3cd9ca25/uploads/2024/07/2024071086.pdf,811,811,811,1,0,False,,,Rural Infrastructure,False,NONE_OBSERVED
CAS_CLEAN_021,OFFICIAL_CASE_NUMBER,02/A-65/2022-2023,Nagpur,,,,District Collectorate & Administration Nagpur,RFCTLARR_2013,IN_PROGRESS,,,,,2024-03-05,2024-03-05,0,,,False,,,,,,,NOT_PUBLISHED_IN_GAZETTE,NOT_PUBLISHED_IN_STRUCTURED_DATA,NOT_APPLICABLE_IN_REAL_DATA,NOT_APPLICABLE_PRE_AWARD,UNPARSED_SCHEDULE_TABLE,nagpur_202_2024030575.pdf,1,OCR,nagpur_202_2024030575.pdf,31b32b114a16ba1ff90900cfc5396fa9abd5a0b040c3d1009feb059839c437ee,https://cdn.s3waas.gov.in/s3d1f491a404d6854880943e5c3cd9ca25/uploads/2024/03/2024030575.pdf,938,938,938,1,0,False,,,Rural Infrastructure,False,NONE_OBSERVED
CAS_CLEAN_022,OFFICIAL_CASE_NUMBER,02/A-65/2023-24,Nagpur,,,,District Collectorate & Administration Nagpur,RFCTLARR_2013,IN_PROGRESS,,2024-03-14,,,2024-03-14,2024-03-14,0,,,False,,,,,,,NOT_PUBLISHED_IN_GAZETTE,NOT_PUBLISHED_IN_STRUCTURED_DATA,NOT_APPLICABLE_IN_REAL_DATA,NOT_APPLICABLE_PRE_AWARD,UNPARSED_SCHEDULE_TABLE,nagpur_198_2024031488.pdf,1,OCR,nagpur_198_2024031488.pdf,1cba51e37d528746595f0119d33f9834bd83a7806943e2b72d398c4b7e6c6437,https://cdn.s3waas.gov.in/s3d1f491a404d6854880943e5c3cd9ca25/uploads/2024/03/2024031488.pdf,929,929,929,1,0,False,,,Rural Infrastructure,False,DATE_DERIVED_DELAY
CAS_CLEAN_023,OFFICIAL_CASE_NUMBER,03/A-65/2023-24,Nagpur,,,,District Collectorate & Administration Nagpur,RFCTLARR_2013,IN_PROGRESS,,,,,2025-06-05,2025-06-05,0,,,False,,,,,,,NOT_PUBLISHED_IN_GAZETTE,NOT_PUBLISHED_IN_STRUCTURED_DATA,NOT_APPLICABLE_IN_REAL_DATA,NOT_APPLICABLE_PRE_AWARD,UNPARSED_SCHEDULE_TABLE,nagpur_140_2025060534.pdf,1,OCR,nagpur_140_2025060534.pdf,3d09ba3efd19169bba6e7cf3064e85740329e0d655046d42efdfe8c3b7187ba7,https://cdn.s3waas.gov.in/s3d1f491a404d6854880943e5c3cd9ca25/uploads/2025/06/2025060534.pdf,481,481,481,1,0,False,,,Rural Infrastructure,False,NONE_OBSERVED
CAS_CLEAN_024,OFFICIAL_CASE_NUMBER,03/A-65/2024-2025,Nagpur,Nagpur City,,,District Collectorate & Administration Nagpur,RFCTLARR_2013,IN_PROGRESS,,,,,2025-05-28,2025-05-28,0,,,False,,,,,,,NOT_PUBLISHED_IN_GAZETTE,NOT_PUBLISHED_IN_STRUCTURED_DATA,NOT_APPLICABLE_IN_REAL_DATA,NOT_APPLICABLE_PRE_AWARD,UNPARSED_SCHEDULE_TABLE,nagpur_142_2025052849.pdf,1,OCR,nagpur_142_2025052849.pdf,aac2bc00a15be42dd033057223c54d27ed454b3f4f5c15688f45bd32ed28d35d,https://cdn.s3waas.gov.in/s3d1f491a404d6854880943e5c3cd9ca25/uploads/2025/05/2025052849.pdf,489,489,489,1,0,False,,,Rural Infrastructure,False,NONE_OBSERVED
CAS_CLEAN_025,OFFICIAL_CASE_NUMBER,04/A-65/2025-2026,Nagpur,,,,District Collectorate & Administration Nagpur,RFCTLARR_2013,IN_PROGRESS,2025-08-01,,,,2025-08-01,2025-08-01,0,,,False,,,,,,,NOT_PUBLISHED_IN_GAZETTE,NOT_PUBLISHED_IN_STRUCTURED_DATA,NOT_APPLICABLE_IN_REAL_DATA,NOT_APPLICABLE_PRE_AWARD,UNPARSED_SCHEDULE_TABLE,nagpur_133_17540421346536.pdf,1,TEXT,nagpur_133_17540421346536.pdf,346c607e9101c6ff3eba606cc193d8e75a2d9a8d85164357d901956deaa548d4,https://cdn.s3waas.gov.in/s3d1f491a404d6854880943e5c3cd9ca25/uploads/2025/08/17540421346536.pdf,424,424,424,1,0,False,1.162,,Rural Infrastructure,False,DATE_DERIVED_DELAY
CAS_CLEAN_026,OFFICIAL_CASE_NUMBER,06/A-65/2025-2026,Nagpur,t TiqHT,,,District Collectorate & Administration Nagpur,RFCTLARR_2013,IN_PROGRESS,2025-08-01,,,,2025-08-01,2025-08-01,0,,,False,,,,,,,NOT_PUBLISHED_IN_GAZETTE,NOT_PUBLISHED_IN_STRUCTURED_DATA,NOT_APPLICABLE_IN_REAL_DATA,NOT_APPLICABLE_PRE_AWARD,UNPARSED_SCHEDULE_TABLE,nagpur_129_17540425672614.pdf,1,TEXT,nagpur_129_17540425672614.pdf,5e5c1ea725d103c00b9baf0af2dcd68c5bcc863f362296e62742dc99a7e54dfb,https://cdn.s3waas.gov.in/s3d1f491a404d6854880943e5c3cd9ca25/uploads/2025/08/17540425672614.pdf,424,424,424,1,0,False,1.162,,Rural Infrastructure,False,DATE_DERIVED_DELAY
CAS_CLEAN_027,OFFICIAL_CASE_NUMBER,12/A-65/2025-26,Nagpur,,,,District Collectorate & Administration Nagpur,RFCTLARR_2013,IN_PROGRESS,2026-04-28,,,,2026-04-28,2026-04-28,0,,,False,,,,,,,NOT_PUBLISHED_IN_GAZETTE,NOT_PUBLISHED_IN_STRUCTURED_DATA,NOT_APPLICABLE_IN_REAL_DATA,NOT_APPLICABLE_PRE_AWARD,UNPARSED_SCHEDULE_TABLE,nagpur_069_17773761897208.pdf,1,OCR,nagpur_069_17773761897208.pdf,d0098449dc11afb4d153e0d4fca866c5b295f3b1771761a07801391cf153b45c,https://cdn.s3waas.gov.in/s3d1f491a404d6854880943e5c3cd9ca25/uploads/2026/04/17773761897208.pdf,154,154,154,1,0,False,0.422,,Rural Infrastructure,False,NONE_OBSERVED
CAS_CLEAN_028,OFFICIAL_CASE_NUMBER,13/A-65/2025-26,Nagpur,,,,District Collectorate & Administration Nagpur,RFCTLARR_2013,IN_PROGRESS,2026-04-28,,,,2026-04-28,2026-04-28,0,,,False,,,,,,,NOT_PUBLISHED_IN_GAZETTE,NOT_PUBLISHED_IN_STRUCTURED_DATA,NOT_APPLICABLE_IN_REAL_DATA,NOT_APPLICABLE_PRE_AWARD,UNPARSED_SCHEDULE_TABLE,nagpur_070_17773757005493.pdf,1,OCR,nagpur_070_17773757005493.pdf,c1a8fd11e9bcafebf82ea9973d0a6aca66a9244af6e1cf1ed34a282cc1bab085,https://cdn.s3waas.gov.in/s3d1f491a404d6854880943e5c3cd9ca25/uploads/2026/04/17773757005493.pdf,154,154,154,1,0,False,0.422,,Rural Infrastructure,False,NONE_OBSERVED
CAS_CLEAN_029,OFFICIAL_CASE_NUMBER,14/A-65/2023-2024,Nagpur,Nagpur(City),,,District Collectorate & Administration Nagpur,RFCTLARR_2013,IN_PROGRESS,2024-02-27,,,,2024-02-27,2024-02-27,0,,,False,,,,,,,NOT_PUBLISHED_IN_GAZETTE,NOT_PUBLISHED_IN_STRUCTURED_DATA,NOT_APPLICABLE_IN_REAL_DATA,NOT_APPLICABLE_PRE_AWARD,UNPARSED_SCHEDULE_TABLE,nagpur_203_2024022930.pdf,1,OCR,nagpur_203_2024022930.pdf,5b109c611233cde849ff893b2b5b5b12ee9151fd1e6a89e9f01ec8636d4a8319,https://cdn.s3waas.gov.in/s3d1f491a404d6854880943e5c3cd9ca25/uploads/2024/02/2024022930.pdf,945,945,945,1,0,False,2.589,,Rural Infrastructure,False,DATE_DERIVED_DELAY
CAS_CLEAN_030,OFFICIAL_CASE_NUMBER,16/A-65/2022-2023,Nagpur,,,,District Collectorate & Administration Nagpur,RFCTLARR_2013,IN_PROGRESS,,2023-12-22,,,2023-12-22,2023-12-22,0,,,False,,,,,,,NOT_PUBLISHED_IN_GAZETTE,NOT_PUBLISHED_IN_STRUCTURED_DATA,NOT_APPLICABLE_IN_REAL_DATA,NOT_APPLICABLE_PRE_AWARD,UNPARSED_SCHEDULE_TABLE,nagpur_206_2023122268-1.pdf,1,OCR,nagpur_206_2023122268-1.pdf,b6fa18fc1ea9f3ef8a9b4cce1b54822909aa8b2eb7a172ee080b97f1dce2f434,https://cdn.s3waas.gov.in/s3d1f491a404d6854880943e5c3cd9ca25/uploads/2023/12/2023122268-1.pdf,1012,1012,1012,1,0,False,,,Rural Infrastructure,False,DATE_DERIVED_DELAY
CAS_CLEAN_031,OFFICIAL_CASE_NUMBER,18/A-65/2022-2023,Nagpur,,,,District Collectorate & Administration Nagpur,RFCTLARR_2013,IN_PROGRESS,,2023-12-22,,,2023-12-22,2023-12-22,0,,,False,,,,,,,NOT_PUBLISHED_IN_GAZETTE,NOT_PUBLISHED_IN_STRUCTURED_DATA,NOT_APPLICABLE_IN_REAL_DATA,NOT_APPLICABLE_PRE_AWARD,UNPARSED_SCHEDULE_TABLE,nagpur_207_2023122268.pdf,1,OCR,nagpur_207_2023122268.pdf,dd234eea421b7b2fa9ec423463d7f740fecf8b842f5c0d1388700fe99bae0010,https://cdn.s3waas.gov.in/s3d1f491a404d6854880943e5c3cd9ca25/uploads/2023/12/2023122268.pdf,1012,1012,1012,1,0,False,,,Rural Infrastructure,False,DATE_DERIVED_DELAY
CAS_CLEAN_032,OFFICIAL_CASE_NUMBER,24/A-65/2022-23,Nagpur,,,,District Collectorate & Administration Nagpur,RFCTLARR_2013,IN_PROGRESS,,,,,2024-07-29,2024-07-29,0,,,False,,,,,,,NOT_PUBLISHED_IN_GAZETTE,NOT_PUBLISHED_IN_STRUCTURED_DATA,NOT_APPLICABLE_IN_REAL_DATA,NOT_APPLICABLE_PRE_AWARD,UNPARSED_SCHEDULE_TABLE,nagpur_188_2024072992.pdf,1,TEXT,nagpur_188_2024072992.pdf,28929a4afc67ee60921b5b4a92157c51b939a61a71d967c50f7007136ff7af51,https://cdn.s3waas.gov.in/s3d1f491a404d6854880943e5c3cd9ca25/uploads/2024/07/2024072992.pdf,792,792,792,1,0,False,,,Rural Infrastructure,False,NONE_OBSERVED
CAS_CLEAN_033,OFFICIAL_CASE_NUMBER,3/A-65/2022-2023,Nagpur,,,Urban Development Plan (DP) Road Widening,District Collectorate & Administration Nagpur,RFCTLARR_2013,IN_PROGRESS,,,,,2025-05-30,2025-05-30,0,,,False,,,,,,,NOT_PUBLISHED_IN_GAZETTE,NOT_PUBLISHED_IN_STRUCTURED_DATA,NOT_APPLICABLE_IN_REAL_DATA,NOT_APPLICABLE_PRE_AWARD,UNPARSED_SCHEDULE_TABLE,nagpur_141_2025053024.pdf,1,TEXT,nagpur_141_2025053024.pdf,3c85b6a1deaca5be22310ac90e5f8dc768e1f6c9b53d0c226d30ab2ecd2f6f26,https://cdn.s3waas.gov.in/s3d1f491a404d6854880943e5c3cd9ca25/uploads/2025/05/2025053024.pdf,487,487,487,1,0,False,,,Highway / Road Widening,False,NONE_OBSERVED
CAS_CLEAN_034,OFFICIAL_CASE_NUMBER,3/A-65/2024-2025,Nagpur,Nagpur,,,District Collectorate & Administration Nagpur,RFCTLARR_2013,IN_PROGRESS,,2025-07-03,,,2025-07-03,2025-07-03,0,,,False,,,,,,,NOT_PUBLISHED_IN_GAZETTE,NOT_PUBLISHED_IN_STRUCTURED_DATA,NOT_APPLICABLE_IN_REAL_DATA,NOT_APPLICABLE_PRE_AWARD,UNPARSED_SCHEDULE_TABLE,nagpur_135_2025070286.pdf,1,TEXT,nagpur_135_2025070286.pdf,1acc9e8cfd4b34f8fcce74da280dd4b1aaf0bab8552dfb70d3d0d37b18262fa4,https://cdn.s3waas.gov.in/s3d1f491a404d6854880943e5c3cd9ca25/uploads/2025/07/2025070286.pdf,453,453,453,1,0,False,,,Rural Infrastructure,False,DATE_DERIVED_DELAY
CAS_CLEAN_035,OFFICIAL_CASE_NUMBER,4/अ-65/2026-27,Nagpur,Kuhi,,,District Collectorate & Administration Nagpur,RFCTLARR_2013,IN_PROGRESS,2026-08-14,,,,2026-08-14,2026-08-14,0,,,False,,,,,,,NOT_PUBLISHED_IN_GAZETTE,NOT_PUBLISHED_IN_STRUCTURED_DATA,NOT_APPLICABLE_IN_REAL_DATA,NOT_APPLICABLE_PRE_AWARD,UNPARSED_SCHEDULE_TABLE,nagpur_053_17866998881743.pdf,1,TEXT,nagpur_053_17866998881743.pdf,8c5dbca214016ef169d5b3341afa0578f8bb72ac04c417544c53c3468bd3d944,https://cdn.s3waas.gov.in/s3d1f491a404d6854880943e5c3cd9ca25/uploads/2026/08/17866998881743.pdf,46,46,46,1,0,False,0.126,,Rural Infrastructure,False,NONE_OBSERVED
CAS_CLEAN_036,OFFICIAL_CASE_NUMBER,7/A-65/2025-26,Nagpur,kuhi,,Ring Road Project,District Collectorate & Administration Nagpur,RFCTLARR_2013,IN_PROGRESS,,,,,2026-05-21,2026-05-21,0,,,False,,,,,,,NOT_PUBLISHED_IN_GAZETTE,NOT_PUBLISHED_IN_STRUCTURED_DATA,NOT_APPLICABLE_IN_REAL_DATA,NOT_APPLICABLE_PRE_AWARD,UNPARSED_SCHEDULE_TABLE,nagpur_067_17793568951427.pdf,1,TEXT,nagpur_067_17793568951427.pdf,4d8ab82bab64014209db1a933ebe6e53f186f8cde5e7c56cff27306319f72f9b,https://cdn.s3waas.gov.in/s3d1f491a404d6854880943e5c3cd9ca25/uploads/2026/05/17793568951427.pdf,131,131,131,1,0,False,,,Ring Road,True,NONE_OBSERVED
CAS_CLEAN_037,OFFICIAL_CASE_NUMBER,5/A-65/2025-2026,Nagpur,Kuhi,Channa,,District Collectorate & Administration Nagpur,RFCTLARR_2013,IN_PROGRESS,2026-05-21,2026-08-21,,,2026-05-21,2026-08-21,0,,,False,,,,,,,NOT_PUBLISHED_IN_GAZETTE,NOT_PUBLISHED_IN_STRUCTURED_DATA,NOT_APPLICABLE_IN_REAL_DATA,NOT_APPLICABLE_PRE_AWARD,UNPARSED_SCHEDULE_TABLE,nagpur_066_17793570386040.pdf,1,TEXT,nagpur_066_17793570386040.pdf;nagpur_011_17873019338038.pdf,47b0fe01791f0cf5121b80804de5069873e1c272ef6c7b205cb9c2755932c0fc;d4379602de6e547ce27cb7fed4819d4686757ef775130dae3f63bf1a05d70376,https://cdn.s3waas.gov.in/s3d1f491a404d6854880943e5c3cd9ca25/uploads/2026/05/17793570386040.pdf;https://cdn.s3waas.gov.in/s3d1f491a404d6854880943e5c3cd9ca25/uploads/2026/08/17873019338038.pdf,131,39,39,2,0,False,0.359,92,Rural Infrastructure,False,NONE_OBSERVED
CAS_CLEAN_038,OFFICIAL_CASE_NUMBER,29/A-65/2023-2024,Nagpur,Kuhi,Chapegadi,,District Collectorate & Administration Nagpur,RFCTLARR_2013,IN_PROGRESS,,2025-01-21,,,2025-01-21,2025-01-21,0,,,False,,,,,,,NOT_PUBLISHED_IN_GAZETTE,NOT_PUBLISHED_IN_STRUCTURED_DATA,NOT_APPLICABLE_IN_REAL_DATA,NOT_APPLICABLE_PRE_AWARD,UNPARSED_SCHEDULE_TABLE,nagpur_157_2025012183.pdf,1,OCR,nagpur_157_2025012183.pdf,0658daa6ee969c7941946f22ae578b730e9549bb02ebb9b82d6a56d3ca9472b7,https://cdn.s3waas.gov.in/s3d1f491a404d6854880943e5c3cd9ca25/uploads/2025/01/2025012183.pdf,616,616,616,1,0,False,,,Rural Infrastructure,False,DATE_DERIVED_DELAY
CAS_CLEAN_039,OFFICIAL_CASE_NUMBER,29/A-65/2023-24,Nagpur,Kuhi,chapegadi(Rithi),,District Collectorate & Administration Nagpur,RFCTLARR_2013,IN_PROGRESS,2024-03-14,,,,2024-03-14,2024-03-14,0,,,False,,,,,,,NOT_PUBLISHED_IN_GAZETTE,NOT_PUBLISHED_IN_STRUCTURED_DATA,NOT_APPLICABLE_IN_REAL_DATA,NOT_APPLICABLE_PRE_AWARD,UNPARSED_SCHEDULE_TABLE,nagpur_196_2024031436.pdf,1,TEXT,nagpur_196_2024031436.pdf,b9a1f33227e24d99ab55c6a524fdaf60644e6f8cdfa59c1787b81b781722dd22,https://cdn.s3waas.gov.in/s3d1f491a404d6854880943e5c3cd9ca25/uploads/2024/03/2024031436.pdf,929,929,929,1,0,False,2.545,,Rural Infrastructure,False,DATE_DERIVED_DELAY
CAS_CLEAN_040,OFFICIAL_CASE_NUMBER,28/A-65/2023-2024,Nagpur,Kuhi,Chapeghat (Rithi),,District Collectorate & Administration Nagpur,RFCTLARR_2013,IN_PROGRESS,,2025-02-25,,,2025-02-25,2025-02-25,0,,,False,,,,,,,NOT_PUBLISHED_IN_GAZETTE,NOT_PUBLISHED_IN_STRUCTURED_DATA,NOT_APPLICABLE_IN_REAL_DATA,NOT_APPLICABLE_PRE_AWARD,UNPARSED_SCHEDULE_TABLE,nagpur_148_2025022518.pdf,1,TEXT,nagpur_148_2025022518.pdf,b0cac95d2f1b4209bb04e67b5ad429ee5fbf3fc8b0ee09ca476ecad9e8a376b9,https://cdn.s3waas.gov.in/s3d1f491a404d6854880943e5c3cd9ca25/uploads/2025/02/2025022518.pdf,581,581,581,1,0,False,,,Rural Infrastructure,False,DATE_DERIVED_DELAY
CAS_CLEAN_041,OFFICIAL_CASE_NUMBER,28/A-65/2023-24,Nagpur,Kuhi,Chapeghat (Rithi),,District Collectorate & Administration Nagpur,RFCTLARR_2013,IN_PROGRESS,2024-03-14,,,,2024-03-14,2024-03-14,0,,,False,,,,,,,NOT_PUBLISHED_IN_GAZETTE,NOT_PUBLISHED_IN_STRUCTURED_DATA,NOT_APPLICABLE_IN_REAL_DATA,NOT_APPLICABLE_PRE_AWARD,UNPARSED_SCHEDULE_TABLE,nagpur_197_2024031445.pdf,1,TEXT,nagpur_197_2024031445.pdf,624daa181d415afe2b4e30599bf582ab55b7c40cdd6a212a4ff746f3ec664864,https://cdn.s3waas.gov.in/s3d1f491a404d6854880943e5c3cd9ca25/uploads/2024/03/2024031445.pdf,929,929,929,1,0,False,2.545,,Rural Infrastructure,False,DATE_DERIVED_DELAY
CAS_CLEAN_042,OFFICIAL_CASE_NUMBER,03/A-65/2024-2025,Nagpur,Nagpur City,Chikhali Khurd,,District Collectorate & Administration Nagpur,RFCTLARR_2013,IN_PROGRESS,,,,,2025-04-17,2025-06-26,0,,,False,,,,,,,NOT_PUBLISHED_IN_GAZETTE,NOT_PUBLISHED_IN_STRUCTURED_DATA,NOT_APPLICABLE_IN_REAL_DATA,NOT_APPLICABLE_PRE_AWARD,UNPARSED_SCHEDULE_TABLE,nagpur_145_2025042390.pdf,1,OCR,nagpur_145_2025042390.pdf;nagpur_137_2025062682.pdf,b9147d700852d487bd8a86c437931b0ea1f2eeaea8ddcd37bbe1d8f5f21f7f73;b422af225f5a48ed30f7dd5d231e9b44ca8c5e0deabf3a74f47b4a939bb75562,https://cdn.s3waas.gov.in/s3d1f491a404d6854880943e5c3cd9ca25/uploads/2025/04/2025042390.pdf;https://cdn.s3waas.gov.in/s3d1f491a404d6854880943e5c3cd9ca25/uploads/2025/06/2025062682.pdf,530,460,460,2,0,False,,,Rural Infrastructure,False,NONE_OBSERVED
CAS_CLEAN_043,DERIVED,,Nagpur,Nagpur (City),Chikhali Khurd,,District Collectorate & Administration Nagpur,RFCTLARR_2013,COMPLETED,,,,2025-10-30,2025-10-30,2025-10-30,0,,,False,,,,,,,NOT_PUBLISHED_IN_GAZETTE,NOT_PUBLISHED_IN_STRUCTURED_DATA,NOT_APPLICABLE_IN_REAL_DATA,UNPARSED_FROM_PDF_AWARDS,UNPARSED_SCHEDULE_TABLE,nagpur_112_17618057025581.pdf,1,OCR,nagpur_112_17618057025581.pdf,995fa5d0e1f710c901f44fdc91a16554d4397b5ceb425935d2b6674c1ede0ab7,https://cdn.s3waas.gov.in/s3d1f491a404d6854880943e5c3cd9ca25/uploads/2025/10/17618057025581.pdf,334,334,334,1,0,False,,,Rural Infrastructure,False,NONE_OBSERVED
CAS_CLEAN_044,OFFICIAL_CASE_NUMBER,14/A-65/2023-24,Nagpur,Nagpur (City),Chikhali(Devasthan),,District Collectorate & Administration Nagpur,RFCTLARR_2013,IN_PROGRESS,,2024-08-08,,,2024-08-08,2024-08-08,0,,,False,,,,,,,NOT_PUBLISHED_IN_GAZETTE,NOT_PUBLISHED_IN_STRUCTURED_DATA,NOT_APPLICABLE_IN_REAL_DATA,NOT_APPLICABLE_PRE_AWARD,UNPARSED_SCHEDULE_TABLE,nagpur_186_2024080888.pdf,1,OCR,nagpur_186_2024080888.pdf,9693a99a9c23897be3b0734de1a3d44ab833ebdf2d68ba9d96cc94d33faaff9c,https://cdn.s3waas.gov.in/s3d1f491a404d6854880943e5c3cd9ca25/uploads/2024/08/2024080888.pdf,782,782,782,1,0,False,,,Rural Infrastructure,False,DATE_DERIVED_DELAY
CAS_CLEAN_045,OFFICIAL_CASE_NUMBER,8/A-65/2025-2026,Nagpur,Kuhi,Chikhali,,District Collectorate & Administration Nagpur,RFCTLARR_2013,IN_PROGRESS,2025-09-19,2025-12-15,2026-01-19,,2025-09-19,2026-01-19,0,,,False,,,,,,,NOT_PUBLISHED_IN_GAZETTE,NOT_PUBLISHED_IN_STRUCTURED_DATA,NOT_APPLICABLE_IN_REAL_DATA,NOT_APPLICABLE_PRE_AWARD,UNPARSED_SCHEDULE_TABLE,nagpur_125_17592259599570.pdf,1,OCR,nagpur_125_17592259599570.pdf;nagpur_097_17657926632206.pdf;nagpur_076_17688243759198.pdf,037e28ae40bc65a09dd80ac2114bca64153f94db25e953cff5e2d571a21c3c1f;4edd202a948c9dceb2463c64fd8b821b468c29ca14a097e35ae3a074b7c3151b;4c222c997a0863108c6d9e7d66f9e60a6628d54a157fcdf577c35987fef33511,https://cdn.s3waas.gov.in/s3d1f491a404d6854880943e5c3cd9ca25/uploads/2025/09/17592259599570.pdf;https://cdn.s3waas.gov.in/s3d1f491a404d6854880943e5c3cd9ca25/uploads/2025/12/17657926632206.pdf;https://cdn.s3waas.gov.in/s3d1f491a404d6854880943e5c3cd9ca25/uploads/2026/01/17688243759198.pdf,375,253,253,3,0,False,1.027,87,Rural Infrastructure,False,NONE_OBSERVED
CAS_CLEAN_046,OFFICIAL_CASE_NUMBER,3/A-65/2025-26,Nagpur,Nagpur (City),Chinchbhuvan,,District Collectorate & Administration Nagpur,RFCTLARR_2013,IN_PROGRESS,,,,,2026-05-26,2026-05-26,0,,,False,,,,,,,NOT_PUBLISHED_IN_GAZETTE,NOT_PUBLISHED_IN_STRUCTURED_DATA,NOT_APPLICABLE_IN_REAL_DATA,NOT_APPLICABLE_PRE_AWARD,UNPARSED_SCHEDULE_TABLE,nagpur_063_17797930839009.pdf,1,OCR,nagpur_063_17797930839009.pdf,2a32272ea22256a80f14d0b15407302438dbe8a26ed62fd7ab2eb6e79ec77953,https://cdn.s3waas.gov.in/s3d1f491a404d6854880943e5c3cd9ca25/uploads/2026/05/17797930839009.pdf,126,126,126,1,0,False,,,Rural Infrastructure,False,NONE_OBSERVED
CAS_CLEAN_047,OFFICIAL_CASE_NUMBER,05/A-65/2024-2025,Nagpur,Mauda,Chirwa,,District Collectorate & Administration Nagpur,RFCTLARR_2013,IN_PROGRESS,2025-01-14,2025-01-14,,,2025-01-14,2025-01-14,0,,,False,,,,,,,NOT_PUBLISHED_IN_GAZETTE,NOT_PUBLISHED_IN_STRUCTURED_DATA,NOT_APPLICABLE_IN_REAL_DATA,NOT_APPLICABLE_PRE_AWARD,UNPARSED_SCHEDULE_TABLE,nagpur_165_2025011439.pdf,1,OCR,nagpur_165_2025011439.pdf;nagpur_170_2025011452.pdf,fee8ed6f149ab6824a8fc2147174f3c92ed4a7eef1cad766589b862d99dba9f6;3817366ab52e0ebdc9c17c3e924f0e39400537b00db795e835ddfa4ad9a7a8a5,https://cdn.s3waas.gov.in/s3d1f491a404d6854880943e5c3cd9ca25/uploads/2025/01/2025011439.pdf;https://cdn.s3waas.gov.in/s3d1f491a404d6854880943e5c3cd9ca25/uploads/2025/01/2025011452.pdf,623,623,623,2,0,False,1.707,0,Rural Infrastructure,False,DATE_DERIVED_DELAY
CAS_CLEAN_048,OFFICIAL_CASE_NUMBER,26/A-65/2026-2027,Nagpur,Umred,Dahegaon,,District Collectorate & Administration Nagpur,RFCTLARR_2013,IN_PROGRESS,2026-09-22,,,,2026-09-22,2026-09-22,0,,,False,,,,,,,NOT_PUBLISHED_IN_GAZETTE,NOT_PUBLISHED_IN_STRUCTURED_DATA,NOT_APPLICABLE_IN_REAL_DATA,NOT_APPLICABLE_PRE_AWARD,UNPARSED_SCHEDULE_TABLE,nagpur_004_17900738272354.pdf,1,TEXT,nagpur_004_17900738272354.pdf,c04392847b9413583fb99233cebf8305c14d594bd8d7b66c7b81297b5751ae7b,https://cdn.s3waas.gov.in/s3d1f491a404d6854880943e5c3cd9ca25/uploads/2026/09/17900738272354.pdf,7,7,7,1,0,False,0.019,,Rural Infrastructure,False,NONE_OBSERVED
CAS_CLEAN_049,OFFICIAL_CASE_NUMBER,23/A-65/2026-2027,Nagpur,Umred,Davha,,District Collectorate & Administration Nagpur,RFCTLARR_2013,IN_PROGRESS,2026-09-22,,,,2026-09-22,2026-09-22,0,,,False,,,,,,,NOT_PUBLISHED_IN_GAZETTE,NOT_PUBLISHED_IN_STRUCTURED_DATA,NOT_APPLICABLE_IN_REAL_DATA,NOT_APPLICABLE_PRE_AWARD,UNPARSED_SCHEDULE_TABLE,nagpur_007_17900718325284.pdf,1,TEXT,nagpur_007_17900718325284.pdf,da2dca2c865bfcd06caff108f67c221068a36bfbbb1435ef1c002de8c335c097,https://cdn.s3waas.gov.in/s3d1f491a404d6854880943e5c3cd9ca25/uploads/2026/09/17900718325284.pdf,7,7,7,1,0,False,0.019,,Rural Infrastructure,False,NONE_OBSERVED
CAS_CLEAN_050,DERIVED,,Nagpur,,,,District Collectorate & Administration Nagpur,RFCTLARR_2013,IN_PROGRESS,,,,,2026-05-11,2026-05-11,0,,,False,,,,,,,NOT_PUBLISHED_IN_GAZETTE,NOT_PUBLISHED_IN_STRUCTURED_DATA,NOT_APPLICABLE_IN_REAL_DATA,NOT_APPLICABLE_PRE_AWARD,UNPARSED_SCHEDULE_TABLE,nagpur_068_17785015463125.pdf,1,OCR,nagpur_068_17785015463125.pdf,c2bff10e61bd3a243e7a243d5ff3a6b08df6eb9fb290ea3d44744cfc957c7d7f,https://cdn.s3waas.gov.in/s3d1f491a404d6854880943e5c3cd9ca25/uploads/2026/05/17785015463125.pdf,141,141,141,1,0,False,,,Rural Infrastructure,False,NONE_OBSERVED
CAS_CLEAN_051,DERIVED,,Nagpur,,,,District Collectorate & Administration Nagpur,RFCTLARR_2013,IN_PROGRESS,,2026-01-20,,,2026-01-20,2026-01-20,0,,,False,,,,,,,NOT_PUBLISHED_IN_GAZETTE,NOT_PUBLISHED_IN_STRUCTURED_DATA,NOT_APPLICABLE_IN_REAL_DATA,NOT_APPLICABLE_PRE_AWARD,UNPARSED_SCHEDULE_TABLE,nagpur_073_17689060164811.pdf,1,OCR,nagpur_073_17689060164811.pdf,d59022670da5ba51d1ccddcdc949ec62d91a0e7ebacb03d9330e04dbd2985b12,https://cdn.s3waas.gov.in/s3d1f491a404d6854880943e5c3cd9ca25/uploads/2026/01/17689060164811.pdf,252,252,252,1,0,False,,,Rural Infrastructure,False,NONE_OBSERVED
CAS_CLEAN_052,DERIVED,,Nagpur,,,,District Collectorate & Administration Nagpur,RFCTLARR_2013,IN_PROGRESS,,,,,2026-01-09,2026-01-09,0,,,False,,,,,,,NOT_PUBLISHED_IN_GAZETTE,NOT_PUBLISHED_IN_STRUCTURED_DATA,NOT_APPLICABLE_IN_REAL_DATA,NOT_APPLICABLE_PRE_AWARD,UNPARSED_SCHEDULE_TABLE,nagpur_089_17679568558932.pdf,1,OCR,nagpur_089_17679568558932.pdf,6ed970b633e904a8a5ba221411781de0a58bc5a42ddf7735ad99e8318cd5ab8d,https://cdn.s3waas.gov.in/s3d1f491a404d6854880943e5c3cd9ca25/uploads/2026/01/17679568558932.pdf,263,263,263,1,0,False,,,Rural Infrastructure,False,NONE_OBSERVED
CAS_CLEAN_053,DERIVED,,Nagpur,,,,District Collectorate & Administration Nagpur,RFCTLARR_2013,IN_PROGRESS,,2025-11-18,,,2025-11-18,2025-11-18,0,,,False,,,,,,,NOT_PUBLISHED_IN_GAZETTE,NOT_PUBLISHED_IN_STRUCTURED_DATA,NOT_APPLICABLE_IN_REAL_DATA,NOT_APPLICABLE_PRE_AWARD,UNPARSED_SCHEDULE_TABLE,nagpur_110_17634564016054.pdf,1,OCR,nagpur_110_17634564016054.pdf,7ab29e3dc8e36e5718b062b95cdcecf4526de009318c2026fd3f9b0fef7b75a2,https://cdn.s3waas.gov.in/s3d1f491a404d6854880943e5c3cd9ca25/uploads/2025/11/17634564016054.pdf,315,315,315,1,0,False,,,Rural Infrastructure,False,NONE_OBSERVED
CAS_CLEAN_054,DERIVED,,Nagpur,,,,District Collectorate & Administration Nagpur,RFCTLARR_2013,IN_PROGRESS,2025-01-22,,,,2025-01-22,2025-01-22,0,,,False,,,,,,,NOT_PUBLISHED_IN_GAZETTE,NOT_PUBLISHED_IN_STRUCTURED_DATA,NOT_APPLICABLE_IN_REAL_DATA,NOT_APPLICABLE_PRE_AWARD,UNPARSED_SCHEDULE_TABLE,nagpur_156_2025012291.pdf,1,OCR,nagpur_156_2025012291.pdf,6e26c199aed038f67d962da411a7b5a7a9f60f9fd60d3ead68e6faa8cfa7f667,https://cdn.s3waas.gov.in/s3d1f491a404d6854880943e5c3cd9ca25/uploads/2025/01/2025012291.pdf,615,615,615,1,0,False,1.685,,Rural Infrastructure,False,DATE_DERIVED_DELAY
CAS_CLEAN_055,OFFICIAL_CASE_NUMBER,24/A-65/2026-2027,Nagpur,Umred,Dudha,,District Collectorate & Administration Nagpur,RFCTLARR_2013,IN_PROGRESS,2026-09-22,,,,2026-09-22,2026-09-22,0,,,False,,,,,,,NOT_PUBLISHED_IN_GAZETTE,NOT_PUBLISHED_IN_STRUCTURED_DATA,NOT_APPLICABLE_IN_REAL_DATA,NOT_APPLICABLE_PRE_AWARD,UNPARSED_SCHEDULE_TABLE,nagpur_006_17900720145130.pdf,1,TEXT,nagpur_006_17900720145130.pdf,b8b8381cde0a79c04ccce21781fa02394ab08c4d35f2a1f19f66cb3188b39a3c,https://cdn.s3waas.gov.in/s3d1f491a404d6854880943e5c3cd9ca25/uploads/2026/09/17900720145130.pdf,7,7,7,1,0,False,0.019,,Rural Infrastructure,False,NONE_OBSERVED
CAS_CLEAN_056,OFFICIAL_CASE_NUMBER,27/A-65/2026-2027,Nagpur,Umred,Garamsur (Rithi),,District Collectorate & Administration Nagpur,RFCTLARR_2013,IN_PROGRESS,2026-09-22,,,,2026-09-22,2026-09-22,0,,,False,,,,,,,NOT_PUBLISHED_IN_GAZETTE,NOT_PUBLISHED_IN_STRUCTURED_DATA,NOT_APPLICABLE_IN_REAL_DATA,NOT_APPLICABLE_PRE_AWARD,UNPARSED_SCHEDULE_TABLE,nagpur_003_17900740564711.pdf,1,TEXT,nagpur_003_17900740564711.pdf,bebcb7de037ff9dbf47abd7a743c4cf31d86e488bd991e91ae40b2f5513ba1dc,https://cdn.s3waas.gov.in/s3d1f491a404d6854880943e5c3cd9ca25/uploads/2026/09/17900740564711.pdf,7,7,7,1,0,False,0.019,,Rural Infrastructure,False,NONE_OBSERVED
CAS_CLEAN_057,OFFICIAL_CASE_NUMBER,1/A-65/2024-2025,Nagpur,Bhiwapur,Gondbori,,District Collectorate & Administration Nagpur,RFCTLARR_2013,IN_PROGRESS,,,,,2025-01-23,2025-01-23,0,,,False,,,,,,,NOT_PUBLISHED_IN_GAZETTE,NOT_PUBLISHED_IN_STRUCTURED_DATA,NOT_APPLICABLE_IN_REAL_DATA,NOT_APPLICABLE_PRE_AWARD,UNPARSED_SCHEDULE_TABLE,nagpur_154_2025012386.pdf,1,OCR,nagpur_154_2025012386.pdf,1c5fb71beb06afc669e748beb9f5ebfcded245f62669cd8adbd590f7ea0a25ff,https://cdn.s3waas.gov.in/s3d1f491a404d6854880943e5c3cd9ca25/uploads/2025/01/2025012386.pdf,614,614,614,1,0,False,,,Rural Infrastructure,True,NONE_OBSERVED
CAS_CLEAN_058,OFFICIAL_CASE_NUMBER,32/A-65/2023-24,Nagpur,Bhiwapur,Gondbori,,District Collectorate & Administration Nagpur,RFCTLARR_2013,IN_PROGRESS,,2024-04-30,,,2024-04-30,2024-04-30,0,,,False,,,,,,,NOT_PUBLISHED_IN_GAZETTE,NOT_PUBLISHED_IN_STRUCTURED_DATA,NOT_APPLICABLE_IN_REAL_DATA,NOT_APPLICABLE_PRE_AWARD,UNPARSED_SCHEDULE_TABLE,nagpur_194_2024043026.pdf,1,TEXT,nagpur_194_2024043026.pdf,8fff453c7281e36ef5ca6c6bdb1c1269e4f28f31fb4cf2f71655b851c987358f,https://cdn.s3waas.gov.in/s3d1f491a404d6854880943e5c3cd9ca25/uploads/2024/04/2024043026.pdf,882,882,882,1,0,False,,,Rural Infrastructure,False,DATE_DERIVED_DELAY
CAS_CLEAN_059,OFFICIAL_CASE_NUMBER,33/A-65/2023-24,Nagpur,Bhiwapur,Gondbori,,District Collectorate & Administration Nagpur,RFCTLARR_2013,IN_PROGRESS,,2024-04-30,,,2024-04-30,2024-04-30,0,,,False,,,,,,,NOT_PUBLISHED_IN_GAZETTE,NOT_PUBLISHED_IN_STRUCTURED_DATA,NOT_APPLICABLE_IN_REAL_DATA,NOT_APPLICABLE_PRE_AWARD,UNPARSED_SCHEDULE_TABLE,nagpur_193_2024043073.pdf,1,TEXT,nagpur_193_2024043073.pdf,e3933faa529d0d4e2be0ccba8a23ac16c7d472aa175e586b6ec1dcb147bc0279,https://cdn.s3waas.gov.in/s3d1f491a404d6854880943e5c3cd9ca25/uploads/2024/04/2024043073.pdf,882,882,882,1,0,False,,,Rural Infrastructure,False,DATE_DERIVED_DELAY
CAS_CLEAN_060,OFFICIAL_CASE_NUMBER,3/A-65/2025-2026,Nagpur,Kuhi,Gonha,,District Collectorate & Administration Nagpur,RFCTLARR_2013,IN_PROGRESS,2025-09-29,2025-11-28,2026-01-12,,2025-09-29,2026-01-12,0,,,False,,,,,,,NOT_PUBLISHED_IN_GAZETTE,NOT_PUBLISHED_IN_STRUCTURED_DATA,NOT_APPLICABLE_IN_REAL_DATA,NOT_APPLICABLE_PRE_AWARD,UNPARSED_SCHEDULE_TABLE,nagpur_119_17592276931104.pdf,1,TEXT,nagpur_119_17592276931104.pdf;nagpur_105_17643244302467.pdf;nagpur_085_17682067345749.pdf,bfc455767366c59d580bb041ff7464c349897c6eb7d719e320e19bdbdc867e31;0e533fa05d55d2ea65849ac34684c2e2432fd840c026c03da03922c087360dc3;99979f06b4190699d225df7dd4729c65652f36916edabcc555fae2fd185bc74e,https://cdn.s3waas.gov.in/s3d1f491a404d6854880943e5c3cd9ca25/uploads/2025/09/17592276931104.pdf;https://cdn.s3waas.gov.in/s3d1f491a404d6854880943e5c3cd9ca25/uploads/2025/11/17643244302467.pdf;https://cdn.s3waas.gov.in/s3d1f491a404d6854880943e5c3cd9ca25/uploads/2026/01/17682067345749.pdf,365,260,260,3,0,False,1.0,60,Highway / Road Widening,False,NONE_OBSERVED
CAS_CLEAN_061,OFFICIAL_CASE_NUMBER,27/A-65/2022-2023,Nagpur,Kuhi,Gorha,,District Collectorate & Administration Nagpur,RFCTLARR_2013,IN_PROGRESS,,,,,2024-08-14,2024-08-14,0,,,False,,,,,,,NOT_PUBLISHED_IN_GAZETTE,NOT_PUBLISHED_IN_STRUCTURED_DATA,NOT_APPLICABLE_IN_REAL_DATA,NOT_APPLICABLE_PRE_AWARD,UNPARSED_SCHEDULE_TABLE,nagpur_184_2024081453.pdf,1,TEXT,nagpur_184_2024081453.pdf,e8790cde41c95187e24ee5f593a3fa7172e19f314b2b98d2395016b58a72b78f,https://cdn.s3waas.gov.in/s3d1f491a404d6854880943e5c3cd9ca25/uploads/2024/08/2024081453.pdf,776,776,776,1,0,False,,,Rural Infrastructure,True,NONE_OBSERVED
CAS_CLEAN_062,OFFICIAL_CASE_NUMBER,17/A-65/2026-27,Nagpur,Umred,Haladgaon,,District Collectorate & Administration Nagpur,RFCTLARR_2013,IN_PROGRESS,2026-08-14,,,,2026-08-14,2026-08-14,0,,,False,,,,,,,NOT_PUBLISHED_IN_GAZETTE,NOT_PUBLISHED_IN_STRUCTURED_DATA,NOT_APPLICABLE_IN_REAL_DATA,NOT_APPLICABLE_PRE_AWARD,UNPARSED_SCHEDULE_TABLE,nagpur_040_17867055587588.pdf,1,TEXT,nagpur_040_17867055587588.pdf,bfc54d0e2718b6abef675556cbdf2648b03f09da1491adf52a42f9af1446919d,https://cdn.s3waas.gov.in/s3d1f491a404d6854880943e5c3cd9ca25/uploads/2026/08/17867055587588.pdf,46,46,46,1,0,False,0.126,,Rural Infrastructure,False,NONE_OBSERVED
CAS_CLEAN_063,OFFICIAL_CASE_NUMBER,62/A-65/2025-26,Nagpur,Hingna,Haladgao,,District Collectorate & Administration Nagpur,RFCTLARR_2013,IN_PROGRESS,2026-08-17,,,,2026-08-17,2026-08-17,0,,,False,,,,,,,NOT_PUBLISHED_IN_GAZETTE,NOT_PUBLISHED_IN_STRUCTURED_DATA,NOT_APPLICABLE_IN_REAL_DATA,NOT_APPLICABLE_PRE_AWARD,UNPARSED_SCHEDULE_TABLE,nagpur_034_17869447764003.pdf,1,OCR,nagpur_034_17869447764003.pdf,328f7cec04f043bd2417d9d96a8f47ea9bf485506f415b4a087b24deec7ba2e5,https://cdn.s3waas.gov.in/s3d1f491a404d6854880943e5c3cd9ca25/uploads/2026/08/17869447764003.pdf,43,43,43,1,0,False,0.118,,Rural Infrastructure,False,NONE_OBSERVED
CAS_CLEAN_064,OFFICIAL_CASE_NUMBER,01/A-65/2024-2025,Nagpur,Kuhi,Hardoli,,District Collectorate & Administration Nagpur,RFCTLARR_2013,IN_PROGRESS,2025-01-14,,,,2025-01-14,2025-01-14,0,,,False,,,,,,,NOT_PUBLISHED_IN_GAZETTE,NOT_PUBLISHED_IN_STRUCTURED_DATA,NOT_APPLICABLE_IN_REAL_DATA,NOT_APPLICABLE_PRE_AWARD,UNPARSED_SCHEDULE_TABLE,nagpur_169_2025011484.pdf,1,OCR,nagpur_169_2025011484.pdf,0eafa8ff9996f14ee3331436a9116f40e73b020197a37f964b4597c84bfaa302,https://cdn.s3waas.gov.in/s3d1f491a404d6854880943e5c3cd9ca25/uploads/2025/01/2025011484.pdf,623,623,623,1,0,False,1.707,,Rural Infrastructure,False,DATE_DERIVED_DELAY
CAS_CLEAN_065,OFFICIAL_CASE_NUMBER,03/A-65/2025-2026,Nagpur,,Hardoli,,District Collectorate & Administration Nagpur,RFCTLARR_2013,IN_PROGRESS,2025-08-01,,,,2025-08-01,2025-08-01,0,,,False,,,,,,,NOT_PUBLISHED_IN_GAZETTE,NOT_PUBLISHED_IN_STRUCTURED_DATA,NOT_APPLICABLE_IN_REAL_DATA,NOT_APPLICABLE_PRE_AWARD,UNPARSED_SCHEDULE_TABLE,nagpur_132_17540422203085.pdf,1,TEXT,nagpur_132_17540422203085.pdf,f34dd658c92a5d3b9f56e82d6fcb52e3cb290eab836353b04fa55c4811a19e10,https://cdn.s3waas.gov.in/s3d1f491a404d6854880943e5c3cd9ca25/uploads/2025/08/17540422203085.pdf,424,424,424,1,0,False,1.162,,Rural Infrastructure,False,DATE_DERIVED_DELAY
CAS_CLEAN_066,OFFICIAL_CASE_NUMBER,28/A-65/2026-2027,Nagpur,Umred,Jambhalapani,,District Collectorate & Administration Nagpur,RFCTLARR_2013,IN_PROGRESS,2026-09-22,,,,2026-09-22,2026-09-22,0,,,False,,,,,,,NOT_PUBLISHED_IN_GAZETTE,NOT_PUBLISHED_IN_STRUCTURED_DATA,NOT_APPLICABLE_IN_REAL_DATA,NOT_APPLICABLE_PRE_AWARD,UNPARSED_SCHEDULE_TABLE,nagpur_002_17900742342681.pdf,1,TEXT,nagpur_002_17900742342681.pdf,5f76c11b04f6f738693c521b3e3b64a5d713aafa23349d861ca83dd5bfb20fa2,https://cdn.s3waas.gov.in/s3d1f491a404d6854880943e5c3cd9ca25/uploads/2026/09/17900742342681.pdf,7,7,7,1,0,False,0.019,,Rural Infrastructure,False,NONE_OBSERVED
CAS_CLEAN_067,OFFICIAL_CASE_NUMBER,27/A-65/2025-26,Nagpur,Nagpur (Gramin),Junapani,,District Collectorate & Administration Nagpur,RFCTLARR_2013,IN_PROGRESS,2026-08-19,,,,2026-08-19,2026-08-19,0,,,False,,,,,,,NOT_PUBLISHED_IN_GAZETTE,NOT_PUBLISHED_IN_STRUCTURED_DATA,NOT_APPLICABLE_IN_REAL_DATA,NOT_APPLICABLE_PRE_AWARD,UNPARSED_SCHEDULE_TABLE,nagpur_012_17871177833232.pdf,1,OCR,nagpur_012_17871177833232.pdf,dc080802a80b89663efc4f02db962a90d660db7ab2a30a317fc6549ad2a3dcd2,https://cdn.s3waas.gov.in/s3d1f491a404d6854880943e5c3cd9ca25/uploads/2026/08/17871177833232.pdf,41,41,41,1,0,False,0.112,,Rural Infrastructure,False,NONE_OBSERVED
CAS_CLEAN_068,OFFICIAL_CASE_NUMBER,64/A-65/2025-26,Nagpur,Hingna,Junapani (Rithi),,District Collectorate & Administration Nagpur,RFCTLARR_2013,IN_PROGRESS,2026-08-17,,,,2026-08-17,2026-08-17,0,,,False,,,,,,,NOT_PUBLISHED_IN_GAZETTE,NOT_PUBLISHED_IN_STRUCTURED_DATA,NOT_APPLICABLE_IN_REAL_DATA,NOT_APPLICABLE_PRE_AWARD,UNPARSED_SCHEDULE_TABLE,nagpur_031_17869451492324.pdf,1,OCR,nagpur_031_17869451492324.pdf,dd5452b4ba416577e5e61b377abf1841fc480593f912ebf3b8f2e10a8118e9e6,https://cdn.s3waas.gov.in/s3d1f491a404d6854880943e5c3cd9ca25/uploads/2026/08/17869451492324.pdf,43,43,43,1,0,False,0.118,,Rural Infrastructure,False,NONE_OBSERVED
CAS_CLEAN_069,OFFICIAL_CASE_NUMBER,2/A-65/2026-27,Nagpur,Kuhi,Karhandla,,District Collectorate & Administration Nagpur,RFCTLARR_2013,IN_PROGRESS,2026-08-14,,,,2026-08-14,2026-08-14,0,,,False,,,,,,,NOT_PUBLISHED_IN_GAZETTE,NOT_PUBLISHED_IN_STRUCTURED_DATA,NOT_APPLICABLE_IN_REAL_DATA,NOT_APPLICABLE_PRE_AWARD,UNPARSED_SCHEDULE_TABLE,nagpur_055_17866994541885.pdf,1,TEXT,nagpur_055_17866994541885.pdf,0c23815b28c56885978dde0c3bc659bd3b157c199676839d8102928902a4b8c0,https://cdn.s3waas.gov.in/s3d1f491a404d6854880943e5c3cd9ca25/uploads/2026/08/17866994541885.pdf,46,46,46,1,0,False,0.126,,Rural Infrastructure,False,NONE_OBSERVED
CAS_CLEAN_070,OFFICIAL_CASE_NUMBER,9/A-65/2021-2022,Nagpur,Saoner,Khariy Dhalgaon,Kanhan River Project (Kochhi Barrage),District Collectorate & Administration Nagpur,RFCTLARR_2013,COMPLETED,,2025-06-19,,2026-07-14,2025-02-14,2026-07-14,2,2025-02-14,2025-11-18,True,,,,,,,NOT_PUBLISHED_IN_GAZETTE,NOT_PUBLISHED_IN_STRUCTURED_DATA,NOT_APPLICABLE_IN_REAL_DATA,UNPARSED_FROM_PDF_AWARDS,UNPARSED_SCHEDULE_TABLE,nagpur_149_2025022545.pdf,1,TEXT,nagpur_149_2025022545.pdf;nagpur_139_2025061995.pdf;nagpur_109_17634605603236.pdf;nagpur_060_17840326736570.pdf,b0a3ba70cd035b443b10b314195ad6ea952a28d011f2e5ee7873846c1ed45364;ed880541081b9518814aed079c5b2fa165cefdb06d19a0e69229be2cc8712673;56e1d6405e4105adfb397d1d1865b029d2864c7f732eca19c91db20efed8ec95;d716f3003e4e32fdb114c94b1ea7cf3db62811a630c52ae63bc4aa39e64270ae,https://cdn.s3waas.gov.in/s3d1f491a404d6854880943e5c3cd9ca25/uploads/2025/02/2025022545.pdf;https://cdn.s3waas.gov.in/s3d1f491a404d6854880943e5c3cd9ca25/uploads/2025/06/2025061995.pdf;https://cdn.s3waas.gov.in/s3d1f491a404d6854880943e5c3cd9ca25/uploads/2025/11/17634605603236.pdf;https://cdn.s3waas.gov.in/s3d1f491a404d6854880943e5c3cd9ca25/uploads/2026/07/17840326736570.pdf,592,77,77,4,2,True,,,Highway / Road Widening,False,EXPLICIT_EXTENSION
CAS_CLEAN_071,DERIVED,,Nagpur,Saoner,Khariy Dhalgaon,,District Collectorate & Administration Nagpur,RFCTLARR_2013,IN_PROGRESS,,,,,2024-10-11,2024-10-11,1,2024-10-11,2024-10-11,True,,,,,,,NOT_PUBLISHED_IN_GAZETTE,NOT_PUBLISHED_IN_STRUCTURED_DATA,NOT_APPLICABLE_IN_REAL_DATA,NOT_APPLICABLE_PRE_AWARD,UNPARSED_SCHEDULE_TABLE,nagpur_179_2024111319.pdf,1,TEXT,nagpur_179_2024111319.pdf,0900609bfa9b8f92c6aa279437ff635dbc3db36b8e3999b9baff35b4f34a7c19,https://cdn.s3waas.gov.in/s3d1f491a404d6854880943e5c3cd9ca25/uploads/2024/11/2024111319.pdf,718,718,718,1,1,True,,,Rural Infrastructure,False,EXPLICIT_EXTENSION
CAS_CLEAN_072,DERIVED,,Nagpur,,Khrusapar,MIDC Industrial Land Acquisition,District Collectorate & Administration Nagpur,MIDC_ACT_1961,IN_PROGRESS,,,,,2026-07-24,2026-07-24,0,,,False,,,,,,,NOT_PUBLISHED_IN_GAZETTE,NOT_PUBLISHED_IN_STRUCTURED_DATA,NOT_APPLICABLE_IN_REAL_DATA,NOT_APPLICABLE_PRE_AWARD,UNPARSED_SCHEDULE_TABLE,nagpur_059_17848696394139.pdf,1,OCR,nagpur_059_17848696394139.pdf,a824737524cc11152c987278b223bb72d22d6a97b30c8cdaed53fdfc573b2d9b,https://cdn.s3waas.gov.in/s3d1f491a404d6854880943e5c3cd9ca25/uploads/2026/07/17848696394139.pdf,67,67,67,1,0,False,,,Industrial Acquisition,False,NONE_OBSERVED
CAS_CLEAN_073,OFFICIAL_CASE_NUMBER,12/A-65/2025-26,Nagpur,Kuhi,Kinhi,,District Collectorate & Administration Nagpur,RFCTLARR_2013,IN_PROGRESS,,,,,2026-07-27,2026-07-27,0,,,False,,,,,,,NOT_PUBLISHED_IN_GAZETTE,NOT_PUBLISHED_IN_STRUCTURED_DATA,NOT_APPLICABLE_IN_REAL_DATA,NOT_APPLICABLE_PRE_AWARD,UNPARSED_SCHEDULE_TABLE,nagpur_058_17851346679376.pdf,1,OCR,nagpur_058_17851346679376.pdf,55eed2b3c1d9205d5589b5de6358bf58844420c3c282b906dd58210a117f3168,https://cdn.s3waas.gov.in/s3d1f491a404d6854880943e5c3cd9ca25/uploads/2026/07/17851346679376.pdf,64,64,64,1,0,False,,,Highway / Road Widening,False,NONE_OBSERVED
CAS_CLEAN_074,OFFICIAL_CASE_NUMBER,31/A-65/2025-26,Nagpur,Nagpur (Gramin),Kiranpur,,District Collectorate & Administration Nagpur,RFCTLARR_2013,IN_PROGRESS,2026-09-11,,,,2026-09-11,2026-09-11,0,,,False,,,,,,,NOT_PUBLISHED_IN_GAZETTE,NOT_PUBLISHED_IN_STRUCTURED_DATA,NOT_APPLICABLE_IN_REAL_DATA,NOT_APPLICABLE_PRE_AWARD,UNPARSED_SCHEDULE_TABLE,nagpur_008_17899689722981.pdf,1,OCR,nagpur_008_17899689722981.pdf,8192817d53337bb7b34edc9a662042e7da4b36314b019dfd27be53945eb0af81,https://cdn.s3waas.gov.in/s3d1f491a404d6854880943e5c3cd9ca25/uploads/2026/09/17899689722981.pdf,18,18,18,1,0,False,0.049,,Rural Infrastructure,False,NONE_OBSERVED
CAS_CLEAN_075,OFFICIAL_CASE_NUMBER,23/A-65/2025-26,Nagpur,Nagpur (Gramin),Kirnapur,,District Collectorate & Administration Nagpur,RFCTLARR_2013,IN_PROGRESS,2026-08-19,,,,2026-08-19,2026-08-19,0,,,False,,,,,,,NOT_PUBLISHED_IN_GAZETTE,NOT_PUBLISHED_IN_STRUCTURED_DATA,NOT_APPLICABLE_IN_REAL_DATA,NOT_APPLICABLE_PRE_AWARD,UNPARSED_SCHEDULE_TABLE,nagpur_022_17871156491380.pdf,1,OCR,nagpur_022_17871156491380.pdf,0e1edaf60d3e1e7564739874f7d060d68bf47c87bd74341ffca7a496181a0441,https://cdn.s3waas.gov.in/s3d1f491a404d6854880943e5c3cd9ca25/uploads/2026/08/17871156491380.pdf,41,41,41,1,0,False,0.112,,Rural Infrastructure,False,NONE_OBSERVED
CAS_CLEAN_076,OFFICIAL_CASE_NUMBER,3/A-65/2025-2026,Nagpur,i Taluka Bhivapur,Kitali,,District Collectorate & Administration Nagpur,RFCTLARR_2013,IN_PROGRESS,2025-09-19,2025-12-15,2026-01-19,,2025-09-19,2026-01-19,0,,,False,,,,,,,NOT_PUBLISHED_IN_GAZETTE,NOT_PUBLISHED_IN_STRUCTURED_DATA,NOT_APPLICABLE_IN_REAL_DATA,NOT_APPLICABLE_PRE_AWARD,UNPARSED_SCHEDULE_TABLE,nagpur_126_17592257339985.pdf,1,OCR,nagpur_126_17592257339985.pdf;nagpur_095_17657929816208.pdf;nagpur_074_17688247428111.pdf,5f989a1d9c39b4305b87ee4fd708ceec05da30919b99c0ee357d1468c13296d2;275d9d81d4cf935b562d2bfb8a7aa850800903a0ca0dab347294e223dce1fbb2;1a0d90c9f920f185c890a16111367f82fd68199de0f779f991cc434e66fae3da,https://cdn.s3waas.gov.in/s3d1f491a404d6854880943e5c3cd9ca25/uploads/2025/09/17592257339985.pdf;https://cdn.s3waas.gov.in/s3d1f491a404d6854880943e5c3cd9ca25/uploads/2025/12/17657929816208.pdf;https://cdn.s3waas.gov.in/s3d1f491a404d6854880943e5c3cd9ca25/uploads/2026/01/17688247428111.pdf,375,253,253,3,0,False,1.027,87,Rural Infrastructure,False,NONE_OBSERVED
CAS_CLEAN_077,OFFICIAL_CASE_NUMBER,58/A-65/2025-26,Nagpur,Hingna,Kohali (Rithi),,District Collectorate & Administration Nagpur,RFCTLARR_2013,IN_PROGRESS,2026-08-17,,,,2026-08-17,2026-08-17,0,,,False,,,,,,,NOT_PUBLISHED_IN_GAZETTE,NOT_PUBLISHED_IN_STRUCTURED_DATA,NOT_APPLICABLE_IN_REAL_DATA,NOT_APPLICABLE_PRE_AWARD,UNPARSED_SCHEDULE_TABLE,nagpur_035_17869435932822.pdf,1,OCR,nagpur_035_17869435932822.pdf,f95fcfe4959dbbcb1b4ca0efa996bc843bb7e989a693f7cbcd705bfdb61cfa4e,https://cdn.s3waas.gov.in/s3d1f491a404d6854880943e5c3cd9ca25/uploads/2026/08/17869435932822.pdf,43,43,43,1,0,False,0.118,,Rural Infrastructure,False,NONE_OBSERVED
CAS_CLEAN_078,OFFICIAL_CASE_NUMBER,02/A-65/2025-2026,Nagpur,,Kotgaon,,District Collectorate & Administration Nagpur,RFCTLARR_2013,IN_PROGRESS,2025-08-01,,,,2025-08-01,2025-08-01,0,,,False,,,,,,,NOT_PUBLISHED_IN_GAZETTE,NOT_PUBLISHED_IN_STRUCTURED_DATA,NOT_APPLICABLE_IN_REAL_DATA,NOT_APPLICABLE_PRE_AWARD,UNPARSED_SCHEDULE_TABLE,nagpur_131_17540423866891.pdf,1,TEXT,nagpur_131_17540423866891.pdf,d8eb776ca68671762929816cb8fce9cf2f7ad5a03f830360801548f6b9e3db6d,https://cdn.s3waas.gov.in/s3d1f491a404d6854880943e5c3cd9ca25/uploads/2025/08/17540423866891.pdf,424,424,424,1,0,False,1.162,,Rural Infrastructure,False,DATE_DERIVED_DELAY
CAS_CLEAN_079,OFFICIAL_CASE_NUMBER,26/A-65/2022-23,Nagpur,Kuhi,Kujba,,District Collectorate & Administration Nagpur,RFCTLARR_2013,IN_PROGRESS,,,,,2024-12-10,2025-01-15,0,,,False,,,,,,,NOT_PUBLISHED_IN_GAZETTE,NOT_PUBLISHED_IN_STRUCTURED_DATA,NOT_APPLICABLE_IN_REAL_DATA,NOT_APPLICABLE_PRE_AWARD,UNPARSED_SCHEDULE_TABLE,nagpur_177_2024121061.pdf,1,TEXT,nagpur_177_2024121061.pdf;nagpur_162_2025011517.pdf,b2d3aa024517dbd2675ff7d2e6203609b2e682199e65970f80c45282122d7c3b;b25fa40109f5aecad06a75765c13d119f81520e2cb5918a2cb1c70085ec69230,https://cdn.s3waas.gov.in/s3d1f491a404d6854880943e5c3cd9ca25/uploads/2024/12/2024121061.pdf;https://cdn.s3waas.gov.in/s3d1f491a404d6854880943e5c3cd9ca25/uploads/2025/01/2025011517.pdf,658,622,622,2,0,False,,,Rural Infrastructure,True,NONE_OBSERVED
CAS_CLEAN_080,OFFICIAL_CASE_NUMBER,4/A-65/2024-2025,Nagpur,Kuhi,Kujba,,District Collectorate & Administration Nagpur,RFCTLARR_2013,IN_PROGRESS,2025-09-29,2025-11-28,2026-01-12,,2025-09-29,2026-01-12,0,,,False,,,,,,,NOT_PUBLISHED_IN_GAZETTE,NOT_PUBLISHED_IN_STRUCTURED_DATA,NOT_APPLICABLE_IN_REAL_DATA,NOT_APPLICABLE_PRE_AWARD,UNPARSED_SCHEDULE_TABLE,nagpur_114_17592279942108.pdf,1,TEXT,nagpur_114_17592279942108.pdf;nagpur_108_17643228306302.pdf;nagpur_088_17682063413538.pdf,0f30fee8d7d40f14b5342b41573f1478a876b4c40dde75cf94712bde4edd5de3;815661cd4367f2e9b3e4db2df68f8cbedabcada1dcf86a57b5debf61c6fa60a4;0e581626fe8ec04a301b5cecebd30ca78823d36f00041dfd7c874c5e986ca986,https://cdn.s3waas.gov.in/s3d1f491a404d6854880943e5c3cd9ca25/uploads/2025/09/17592279942108.pdf;https://cdn.s3waas.gov.in/s3d1f491a404d6854880943e5c3cd9ca25/uploads/2025/11/17643228306302.pdf;https://cdn.s3waas.gov.in/s3d1f491a404d6854880943e5c3cd9ca25/uploads/2026/01/17682063413538.pdf,365,260,260,3,0,False,1.0,60,Rural Infrastructure,False,NONE_OBSERVED
CAS_CLEAN_081,OFFICIAL_CASE_NUMBER,13/A-65/2025-26,Nagpur,Kuhi,Madanpur,,District Collectorate & Administration Nagpur,RFCTLARR_2013,IN_PROGRESS,,,,,2026-07-27,2026-07-27,0,,,False,,,,,,,NOT_PUBLISHED_IN_GAZETTE,NOT_PUBLISHED_IN_STRUCTURED_DATA,NOT_APPLICABLE_IN_REAL_DATA,NOT_APPLICABLE_PRE_AWARD,UNPARSED_SCHEDULE_TABLE,nagpur_057_17851349449499.pdf,1,OCR,nagpur_057_17851349449499.pdf,a3ac8d3e7d57c6a31ff280a9b99ef78a924f5d6382ac3229ef16283a000525a3,https://cdn.s3waas.gov.in/s3d1f491a404d6854880943e5c3cd9ca25/uploads/2026/07/17851349449499.pdf,64,64,64,1,0,False,,,Rural Infrastructure,False,NONE_OBSERVED
CAS_CLEAN_082,OFFICIAL_CASE_NUMBER,6/अ-65/2026-27,Nagpur,Kuhi,Mandhal,,District Collectorate & Administration Nagpur,RFCTLARR_2013,IN_PROGRESS,2026-08-14,,,,2026-08-14,2026-08-14,0,,,False,,,,,,,NOT_PUBLISHED_IN_GAZETTE,NOT_PUBLISHED_IN_STRUCTURED_DATA,NOT_APPLICABLE_IN_REAL_DATA,NOT_APPLICABLE_PRE_AWARD,UNPARSED_SCHEDULE_TABLE,nagpur_051_17867026392575.pdf,1,TEXT,nagpur_051_17867026392575.pdf,380ba5c992cfc007af52b69bd5fd15ce644f19271b970e066bc650bd3beabc97,https://cdn.s3waas.gov.in/s3d1f491a404d6854880943e5c3cd9ca25/uploads/2026/08/17867026392575.pdf,46,46,46,1,0,False,0.126,,Rural Infrastructure,False,NONE_OBSERVED
CAS_CLEAN_083,DERIVED,,Nagpur,,Mangali,,District Collectorate & Administration Nagpur,RFCTLARR_2013,IN_PROGRESS,,,,,2026-08-17,2026-08-17,0,,,False,,,,,,,NOT_PUBLISHED_IN_GAZETTE,NOT_PUBLISHED_IN_STRUCTURED_DATA,NOT_APPLICABLE_IN_REAL_DATA,NOT_APPLICABLE_PRE_AWARD,UNPARSED_SCHEDULE_TABLE,nagpur_026_17869473055263.pdf,1,OCR,nagpur_026_17869473055263.pdf,b1555a1fccb488ca4cead5b54429066981c5ce3b84cc1e2fe61dc0cfef50b842,https://cdn.s3waas.gov.in/s3d1f491a404d6854880943e5c3cd9ca25/uploads/2026/08/17869473055263.pdf,43,43,43,1,0,False,,,Rural Infrastructure,False,NONE_OBSERVED
CAS_CLEAN_084,OFFICIAL_CASE_NUMBER,28/A-65/2025-26,Nagpur,Nagpur (Gramin),Mangarul,,District Collectorate & Administration Nagpur,RFCTLARR_2013,IN_PROGRESS,2026-08-19,,,,2026-08-19,2026-08-19,0,,,False,,,,,,,NOT_PUBLISHED_IN_GAZETTE,NOT_PUBLISHED_IN_STRUCTURED_DATA,NOT_APPLICABLE_IN_REAL_DATA,NOT_APPLICABLE_PRE_AWARD,UNPARSED_SCHEDULE_TABLE,nagpur_014_17871164593143.pdf,1,OCR,nagpur_014_17871164593143.pdf,cb4c33680cc28e3fe24e1261ac57d7e8f80da8546df1371af0709ee3af570559,https://cdn.s3waas.gov.in/s3d1f491a404d6854880943e5c3cd9ca25/uploads/2026/08/17871164593143.pdf,41,41,41,1,0,False,0.112,,Rural Infrastructure,False,NONE_OBSERVED
CAS_CLEAN_085,OFFICIAL_CASE_NUMBER,01/A-65/2024-2025,Nagpur,Kuhi,Masli,,District Collectorate & Administration Nagpur,RFCTLARR_2013,IN_PROGRESS,2025-01-14,2025-01-14,,,2025-01-14,2025-01-14,0,,,False,,,,,,,NOT_PUBLISHED_IN_GAZETTE,NOT_PUBLISHED_IN_STRUCTURED_DATA,NOT_APPLICABLE_IN_REAL_DATA,NOT_APPLICABLE_PRE_AWARD,UNPARSED_SCHEDULE_TABLE,nagpur_164_2025011475.pdf,1,OCR,nagpur_164_2025011475.pdf;nagpur_167_2025011453.pdf,64a037acadeeb8682cc91f6cbe1ce8fad557ca0f2c631c4ad1d7ce3d16030be0;cbb315d20fe99e1da18c1c308f793891944fc919fddf458d2c510c1d6e30c8c4,https://cdn.s3waas.gov.in/s3d1f491a404d6854880943e5c3cd9ca25/uploads/2025/01/2025011475.pdf;https://cdn.s3waas.gov.in/s3d1f491a404d6854880943e5c3cd9ca25/uploads/2025/01/2025011453.pdf,623,623,623,2,0,False,1.707,0,Rural Infrastructure,False,DATE_DERIVED_DELAY
CAS_CLEAN_086,OFFICIAL_CASE_NUMBER,22/A-65/2026-27,Nagpur,Umred,Mhasepathar(Rithi),,District Collectorate & Administration Nagpur,RFCTLARR_2013,IN_PROGRESS,2026-08-14,,,,2026-08-14,2026-08-14,0,,,False,,,,,,,NOT_PUBLISHED_IN_GAZETTE,NOT_PUBLISHED_IN_STRUCTURED_DATA,NOT_APPLICABLE_IN_REAL_DATA,NOT_APPLICABLE_PRE_AWARD,UNPARSED_SCHEDULE_TABLE,nagpur_036_17869433947169.pdf,1,TEXT,nagpur_036_17869433947169.pdf,0300f7dcb4dd8246f7ad8abe20c793128b51c0db45f033801288fbeabbc76adc,https://cdn.s3waas.gov.in/s3d1f491a404d6854880943e5c3cd9ca25/uploads/2026/08/17869433947169.pdf,46,46,46,1,0,False,0.126,,Rural Infrastructure,False,NONE_OBSERVED
CAS_CLEAN_087,OFFICIAL_CASE_NUMBER,01/A-65/2020-2021,Nagpur,Bhivapur,Mokhala,,District Collectorate & Administration Nagpur,RFCTLARR_2013,IN_PROGRESS,,,,,2024-01-31,2024-01-31,0,,,False,,,,,,,NOT_PUBLISHED_IN_GAZETTE,NOT_PUBLISHED_IN_STRUCTURED_DATA,NOT_APPLICABLE_IN_REAL_DATA,NOT_APPLICABLE_PRE_AWARD,UNPARSED_SCHEDULE_TABLE,nagpur_205_2024020120.pdf,1,TEXT,nagpur_205_2024020120.pdf,5fd5aa9d574687f82bc04ed5547a689b84617d99f90395ffe6bad6d91a189439,https://cdn.s3waas.gov.in/s3d1f491a404d6854880943e5c3cd9ca25/uploads/2024/02/2024020120.pdf,972,972,972,1,0,False,,,Rural Infrastructure,False,NONE_OBSERVED
CAS_CLEAN_088,OFFICIAL_CASE_NUMBER,11/A-65/2018-19,Nagpur,,Mouza Pipaldhara,,District Collectorate & Administration Nagpur,RFCTLARR_2013,IN_PROGRESS,,2025-02-12,,,2025-02-12,2025-02-12,0,,,False,,,,,,,NOT_PUBLISHED_IN_GAZETTE,NOT_PUBLISHED_IN_STRUCTURED_DATA,NOT_APPLICABLE_IN_REAL_DATA,NOT_APPLICABLE_PRE_AWARD,UNPARSED_SCHEDULE_TABLE,nagpur_151_2025021263.pdf,1,TEXT,nagpur_151_2025021263.pdf,dc0cb306347af8c52dc143af52d5bbaa0b9f596aa037a1008b272cd1e9c8857c,https://cdn.s3waas.gov.in/s3d1f491a404d6854880943e5c3cd9ca25/uploads/2025/02/2025021263.pdf,594,594,594,1,0,False,,,Rural Infrastructure,False,DATE_DERIVED_DELAY
CAS_CLEAN_089,OFFICIAL_CASE_NUMBER,29/A-65/2025-26,Nagpur,Nagpur (Gramin),Murarpur,,District Collectorate & Administration Nagpur,RFCTLARR_2013,IN_PROGRESS,2026-08-19,,,,2026-08-19,2026-08-19,0,,,False,,,,,,,NOT_PUBLISHED_IN_GAZETTE,NOT_PUBLISHED_IN_STRUCTURED_DATA,NOT_APPLICABLE_IN_REAL_DATA,NOT_APPLICABLE_PRE_AWARD,UNPARSED_SCHEDULE_TABLE,nagpur_023_17871155853082.pdf,1,OCR,nagpur_023_17871155853082.pdf,952addeecfd492b225252855ccf5ef5ee3f92911bc2f4608e424f67e256ab5c8,https://cdn.s3waas.gov.in/s3d1f491a404d6854880943e5c3cd9ca25/uploads/2026/08/17871155853082.pdf,41,41,41,1,0,False,0.112,,Rural Infrastructure,False,NONE_OBSERVED
CAS_CLEAN_090,OFFICIAL_CASE_NUMBER,63/A-65/2025-26,Nagpur,Hingna,Murzadi,,District Collectorate & Administration Nagpur,RFCTLARR_2013,IN_PROGRESS,2026-08-17,,,,2026-08-17,2026-08-17,0,,,False,,,,,,,NOT_PUBLISHED_IN_GAZETTE,NOT_PUBLISHED_IN_STRUCTURED_DATA,NOT_APPLICABLE_IN_REAL_DATA,NOT_APPLICABLE_PRE_AWARD,UNPARSED_SCHEDULE_TABLE,nagpur_033_17869449641705.pdf,1,OCR,nagpur_033_17869449641705.pdf,982e67c1183f5bb27f547bade1d1654024dd89044fc74ca7d37202842528f33a,https://cdn.s3waas.gov.in/s3d1f491a404d6854880943e5c3cd9ca25/uploads/2026/08/17869449641705.pdf,43,43,43,1,0,False,0.118,,Rural Infrastructure,False,NONE_OBSERVED
CAS_CLEAN_091,OFFICIAL_CASE_NUMBER,03/A-65/2023-2024,Nagpur,,Nagpur City,,District Collectorate & Administration Nagpur,RFCTLARR_2013,IN_PROGRESS,,,,,2024-12-12,2024-12-12,0,,,False,,,,,,,NOT_PUBLISHED_IN_GAZETTE,NOT_PUBLISHED_IN_STRUCTURED_DATA,NOT_APPLICABLE_IN_REAL_DATA,NOT_APPLICABLE_PRE_AWARD,UNPARSED_SCHEDULE_TABLE,nagpur_174_20241212100.pdf,1,OCR,nagpur_174_20241212100.pdf,f2d33a88e4c58a425f670eb6add59c91fc659d6217ad43df2044aaafac0bc1d7,https://cdn.s3waas.gov.in/s3d1f491a404d6854880943e5c3cd9ca25/uploads/2024/12/20241212100.pdf,656,656,656,1,0,False,,,Rural Infrastructure,False,NONE_OBSERVED
CAS_CLEAN_092,OFFICIAL_CASE_NUMBER,02/A-65/2024-2025,Nagpur,Nagpur City,Nagpur Khas,,District Collectorate & Administration Nagpur,RFCTLARR_2013,IN_PROGRESS,,,,,2025-04-17,2025-04-17,0,,,False,,,,,,,NOT_PUBLISHED_IN_GAZETTE,NOT_PUBLISHED_IN_STRUCTURED_DATA,NOT_APPLICABLE_IN_REAL_DATA,NOT_APPLICABLE_PRE_AWARD,UNPARSED_SCHEDULE_TABLE,nagpur_144_2025042392.pdf,1,OCR,nagpur_144_2025042392.pdf,2d83127a0b640d85ecd4c7bffd3907017f89d86edf9fb68f9851c91d763fb837,https://cdn.s3waas.gov.in/s3d1f491a404d6854880943e5c3cd9ca25/uploads/2025/04/2025042392.pdf,530,530,530,1,0,False,,,Rural Infrastructure,False,NONE_OBSERVED
CAS_CLEAN_093,OFFICIAL_CASE_NUMBER,02/A-65/2024-2025,Nagpur,Nagpur City,Nagpur (Khas),,District Collectorate & Administration Nagpur,RFCTLARR_2013,IN_PROGRESS,,,,,2025-06-26,2025-06-26,0,,,False,,,,,,,NOT_PUBLISHED_IN_GAZETTE,NOT_PUBLISHED_IN_STRUCTURED_DATA,NOT_APPLICABLE_IN_REAL_DATA,NOT_APPLICABLE_PRE_AWARD,UNPARSED_SCHEDULE_TABLE,nagpur_136_2025062656.pdf,1,OCR,nagpur_136_2025062656.pdf,c8634a016241cbc54f2bdfb72a30538ddcadd311cd768f3cdacf4f3579b3e774,https://cdn.s3waas.gov.in/s3d1f491a404d6854880943e5c3cd9ca25/uploads/2025/06/2025062656.pdf,460,460,460,1,0,False,,,Rural Infrastructure,False,NONE_OBSERVED
CAS_CLEAN_094,OFFICIAL_CASE_NUMBER,03/A-65,Nagpur,Nagpur City,Nagpur,,District Collectorate & Administration Nagpur,RFCTLARR_2013,IN_PROGRESS,,,,,2024-08-06,2024-08-06,0,,,False,,,,,,,NOT_PUBLISHED_IN_GAZETTE,NOT_PUBLISHED_IN_STRUCTURED_DATA,NOT_APPLICABLE_IN_REAL_DATA,NOT_APPLICABLE_PRE_AWARD,UNPARSED_SCHEDULE_TABLE,nagpur_187_2024080652.pdf,1,OCR,nagpur_187_2024080652.pdf,9db3d31277c82228fa60b5230de4868e0004d71fefc3b85b6422eb0c81a38ddf,https://cdn.s3waas.gov.in/s3d1f491a404d6854880943e5c3cd9ca25/uploads/2024/08/2024080652.pdf,784,784,784,1,0,False,,,Rural Infrastructure,False,NONE_OBSERVED
CAS_CLEAN_095,OFFICIAL_CASE_NUMBER,03/A-65/2022-2023,Nagpur,kmEtf,Nagpur (City),,District Collectorate & Administration Nagpur,RFCTLARR_2013,IN_PROGRESS,,,2025-02-07,,2025-01-01,2025-02-07,0,,,False,,,,,,,NOT_PUBLISHED_IN_GAZETTE,NOT_PUBLISHED_IN_STRUCTURED_DATA,NOT_APPLICABLE_IN_REAL_DATA,NOT_APPLICABLE_PRE_AWARD,UNPARSED_SCHEDULE_TABLE,nagpur_172_2025010261.pdf,1,TEXT,nagpur_172_2025010261.pdf;nagpur_152_2025020730.pdf,42a7e315cc275a0a5745f6cd10fe4fe65f70c05e9d4763c35e021fda78887e78;54d36b18a51142c52c58de4fafad4672e521335452efa7c68b963186335a35f4,https://cdn.s3waas.gov.in/s3d1f491a404d6854880943e5c3cd9ca25/uploads/2025/01/2025010261.pdf;https://cdn.s3waas.gov.in/s3d1f491a404d6854880943e5c3cd9ca25/uploads/2025/02/2025020730.pdf,636,599,599,2,0,False,,,Rural Infrastructure,False,NONE_OBSERVED
CAS_CLEAN_096,OFFICIAL_CASE_NUMBER,03/A-65/2023-24,Nagpur,Nagpur City,Nagpur,,District Collectorate & Administration Nagpur,RFCTLARR_2013,IN_PROGRESS,,,2024-10-01,,2024-10-01,2024-10-01,0,,,False,,,,,,,NOT_PUBLISHED_IN_GAZETTE,NOT_PUBLISHED_IN_STRUCTURED_DATA,NOT_APPLICABLE_IN_REAL_DATA,NOT_APPLICABLE_PRE_AWARD,UNPARSED_SCHEDULE_TABLE,nagpur_180_2024100147.pdf,1,OCR,nagpur_180_2024100147.pdf,d1cd12c9d915ded3cccc8c967173122d5cb9cb62d1c7a3de4eb5a127a46017e2,https://cdn.s3waas.gov.in/s3d1f491a404d6854880943e5c3cd9ca25/uploads/2024/10/2024100147.pdf,728,728,728,1,0,False,,,Rural Infrastructure,False,NONE_OBSERVED
CAS_CLEAN_097,OFFICIAL_CASE_NUMBER,05/A-65/2022-23,Nagpur,Nagpur (Urban),Nagpur (Khas),Urban Development Plan (DP) Road Widening,District Collectorate & Administration Nagpur,RFCTLARR_2013,IN_PROGRESS,,,2025-05-05,,2025-05-05,2025-05-05,0,,,False,,,,,,,NOT_PUBLISHED_IN_GAZETTE,NOT_PUBLISHED_IN_STRUCTURED_DATA,NOT_APPLICABLE_IN_REAL_DATA,NOT_APPLICABLE_PRE_AWARD,UNPARSED_SCHEDULE_TABLE,nagpur_143_20250506100.pdf,1,TEXT,nagpur_143_20250506100.pdf,d7eb8d6bbe3b2343b7da4a8c4a343c82bd3e3b008ed333418099f820f49acbf0,https://cdn.s3waas.gov.in/s3d1f491a404d6854880943e5c3cd9ca25/uploads/2025/05/20250506100.pdf,512,512,512,1,0,False,,,Highway / Road Widening,False,NONE_OBSERVED
CAS_CLEAN_098,OFFICIAL_CASE_NUMBER,1/A-65/2026-2027,Nagpur,Nagpur(City),Nagpur,,District Collectorate & Administration Nagpur,RFCTLARR_2013,IN_PROGRESS,,2026-08-17,,,2026-08-17,2026-08-17,0,,,False,,,,,,,NOT_PUBLISHED_IN_GAZETTE,NOT_PUBLISHED_IN_STRUCTURED_DATA,NOT_APPLICABLE_IN_REAL_DATA,NOT_APPLICABLE_PRE_AWARD,UNPARSED_SCHEDULE_TABLE,nagpur_025_17869478971894.pdf,1,OCR,nagpur_025_17869478971894.pdf,a9ac6504ffb884047d11ae9ec4aa92e19ecc89c05240de4e2eb56c4194cbbd6a,https://cdn.s3waas.gov.in/s3d1f491a404d6854880943e5c3cd9ca25/uploads/2026/08/17869478971894.pdf,43,43,43,1,0,False,,,Rural Infrastructure,False,NONE_OBSERVED
CAS_CLEAN_099,OFFICIAL_CASE_NUMBER,23/A-65/2022-2023,Nagpur,Nagpur,Nagpur,,District Collectorate & Administration Nagpur,RFCTLARR_2013,IN_PROGRESS,,,,,2024-08-22,2024-08-22,0,,,False,,,,,,,NOT_PUBLISHED_IN_GAZETTE,NOT_PUBLISHED_IN_STRUCTURED_DATA,NOT_APPLICABLE_IN_REAL_DATA,NOT_APPLICABLE_PRE_AWARD,UNPARSED_SCHEDULE_TABLE,nagpur_182_2024082225.pdf,1,OCR,nagpur_182_2024082225.pdf,fc8a480b81b383939fabaa94128c2015f047ca589e2660ba4f016a5c9eab03c9,https://cdn.s3waas.gov.in/s3d1f491a404d6854880943e5c3cd9ca25/uploads/2024/08/2024082225.pdf,768,768,768,1,0,False,,,Rural Infrastructure,False,NONE_OBSERVED
CAS_CLEAN_100,OFFICIAL_CASE_NUMBER,24/A-65/2022-2023,Nagpur,,Nagpur (Khas),,District Collectorate & Administration Nagpur,RFCTLARR_2013,IN_PROGRESS,,,2025-02-25,,2025-02-25,2025-02-25,0,,,False,,,,,,,NOT_PUBLISHED_IN_GAZETTE,NOT_PUBLISHED_IN_STRUCTURED_DATA,NOT_APPLICABLE_IN_REAL_DATA,NOT_APPLICABLE_PRE_AWARD,UNPARSED_SCHEDULE_TABLE,nagpur_147_2025022578.pdf,1,TEXT,nagpur_147_2025022578.pdf,f71f9e40f1795b43b003907500e95cfe7ab3d5c22bfae5def38a1bccc88c0c32,https://cdn.s3waas.gov.in/s3d1f491a404d6854880943e5c3cd9ca25/uploads/2025/02/2025022578.pdf,581,581,581,1,0,False,,,Rural Infrastructure,False,NONE_OBSERVED
CAS_CLEAN_101,OFFICIAL_CASE_NUMBER,3/A-65/2024-2025,Nagpur,,Nagpur (Khas),,District Collectorate & Administration Nagpur,RFCTLARR_2013,IN_PROGRESS,,,2025-06-23,,2025-06-23,2025-06-23,0,,,False,,,,,,,NOT_PUBLISHED_IN_GAZETTE,NOT_PUBLISHED_IN_STRUCTURED_DATA,NOT_APPLICABLE_IN_REAL_DATA,NOT_APPLICABLE_PRE_AWARD,UNPARSED_SCHEDULE_TABLE,nagpur_138_2025062331.pdf,1,TEXT,nagpur_138_2025062331.pdf,fae734aa9ae57e73849d0f1e5bdbba0b9ddaefb5ada909996c36be45ff4d0078,https://cdn.s3waas.gov.in/s3d1f491a404d6854880943e5c3cd9ca25/uploads/2025/06/2025062331.pdf,463,463,463,1,0,False,,,Rural Infrastructure,False,NONE_OBSERVED
CAS_CLEAN_102,DERIVED,,Nagpur,Nagpur,Nagpur (Khas),,District Collectorate & Administration Nagpur,RFCTLARR_2013,COMPLETED,,,,2025-11-06,2025-11-06,2025-11-06,0,,,False,,,,,,,NOT_PUBLISHED_IN_GAZETTE,NOT_PUBLISHED_IN_STRUCTURED_DATA,NOT_APPLICABLE_IN_REAL_DATA,UNPARSED_FROM_PDF_AWARDS,UNPARSED_SCHEDULE_TABLE,nagpur_111_17624295835284.pdf,1,OCR,nagpur_111_17624295835284.pdf,1304f16a82364bb30c03cca56d1ce6b18cd34efa629757a5e892f7cbc576663e,https://cdn.s3waas.gov.in/s3d1f491a404d6854880943e5c3cd9ca25/uploads/2025/11/17624295835284.pdf,327,327,327,1,0,False,,,Rural Infrastructure,False,NONE_OBSERVED
CAS_CLEAN_103,OFFICIAL_CASE_NUMBER,05/A-65/2025-2026,Nagpur,,Navegao,,District Collectorate & Administration Nagpur,RFCTLARR_2013,IN_PROGRESS,2025-08-01,,,,2025-08-01,2025-08-01,0,,,False,,,,,,,NOT_PUBLISHED_IN_GAZETTE,NOT_PUBLISHED_IN_STRUCTURED_DATA,NOT_APPLICABLE_IN_REAL_DATA,NOT_APPLICABLE_PRE_AWARD,UNPARSED_SCHEDULE_TABLE,nagpur_130_17540424622314.pdf,1,TEXT,nagpur_130_17540424622314.pdf,fb4831d80a614b15a82a72f42ffb0b0876f5399853a1f595f05ad0ba33b46bed,https://cdn.s3waas.gov.in/s3d1f491a404d6854880943e5c3cd9ca25/uploads/2025/08/17540424622314.pdf,424,424,424,1,0,False,1.162,,Rural Infrastructure,False,DATE_DERIVED_DELAY
CAS_CLEAN_104,OFFICIAL_CASE_NUMBER,12/A-65/2026-27,Nagpur,Umred,Nirvaha,,District Collectorate & Administration Nagpur,RFCTLARR_2013,IN_PROGRESS,2026-08-14,,,,2026-08-14,2026-08-14,0,,,False,,,,,,,NOT_PUBLISHED_IN_GAZETTE,NOT_PUBLISHED_IN_STRUCTURED_DATA,NOT_APPLICABLE_IN_REAL_DATA,NOT_APPLICABLE_PRE_AWARD,UNPARSED_SCHEDULE_TABLE,nagpur_045_17867045765857.pdf,1,TEXT,nagpur_045_17867045765857.pdf,13f455a00d62b6441dcb466a82bccce50a003d5f102f164b9ca39e671371aef6,https://cdn.s3waas.gov.in/s3d1f491a404d6854880943e5c3cd9ca25/uploads/2026/08/17867045765857.pdf,46,46,46,1,0,False,0.126,,Rural Infrastructure,False,NONE_OBSERVED
CAS_CLEAN_105,OFFICIAL_CASE_NUMBER,3/A-65/2026-27,Nagpur,Kuhi,Pachkhedi (Gandli),,District Collectorate & Administration Nagpur,RFCTLARR_2013,IN_PROGRESS,2026-08-14,,,,2026-08-14,2026-08-14,0,,,False,,,,,,,NOT_PUBLISHED_IN_GAZETTE,NOT_PUBLISHED_IN_STRUCTURED_DATA,NOT_APPLICABLE_IN_REAL_DATA,NOT_APPLICABLE_PRE_AWARD,UNPARSED_SCHEDULE_TABLE,nagpur_054_17866996048515.pdf,1,TEXT,nagpur_054_17866996048515.pdf,34e0c85333d5d1ed123d96e11cfa29a21d2339bb314ae91f8795ccbe220a1600,https://cdn.s3waas.gov.in/s3d1f491a404d6854880943e5c3cd9ca25/uploads/2026/08/17866996048515.pdf,46,46,46,1,0,False,0.126,,Rural Infrastructure,False,NONE_OBSERVED
CAS_CLEAN_106,OFFICIAL_CASE_NUMBER,18/A-65/2026-27,Nagpur,Umred,Parsodi (Uti),,District Collectorate & Administration Nagpur,RFCTLARR_2013,IN_PROGRESS,2026-08-14,,,,2026-08-14,2026-08-14,0,,,False,,,,,,,NOT_PUBLISHED_IN_GAZETTE,NOT_PUBLISHED_IN_STRUCTURED_DATA,NOT_APPLICABLE_IN_REAL_DATA,NOT_APPLICABLE_PRE_AWARD,UNPARSED_SCHEDULE_TABLE,nagpur_039_17869430655413.pdf,1,TEXT,nagpur_039_17869430655413.pdf,ddee4550e28e3a9429c898917dc84d7de820d45244cb2844d577152639d9290d,https://cdn.s3waas.gov.in/s3d1f491a404d6854880943e5c3cd9ca25/uploads/2026/08/17869430655413.pdf,46,46,46,1,0,False,0.126,,Rural Infrastructure,False,NONE_OBSERVED
CAS_CLEAN_107,OFFICIAL_CASE_NUMBER,24/A-65/2025-26,Nagpur,Nagpur (Gramin),Parsodi,,District Collectorate & Administration Nagpur,RFCTLARR_2013,IN_PROGRESS,2026-08-19,,,,2026-08-19,2026-08-19,0,,,False,,,,,,,NOT_PUBLISHED_IN_GAZETTE,NOT_PUBLISHED_IN_STRUCTURED_DATA,NOT_APPLICABLE_IN_REAL_DATA,NOT_APPLICABLE_PRE_AWARD,UNPARSED_SCHEDULE_TABLE,nagpur_017_17871160613961.pdf,1,OCR,nagpur_017_17871160613961.pdf,cc697e267b7f7b3c79f3357fd3d780eef4abe2809b058d5c0ce4a2ed1b024f0d,https://cdn.s3waas.gov.in/s3d1f491a404d6854880943e5c3cd9ca25/uploads/2026/08/17871160613961.pdf,41,41,41,1,0,False,0.112,,Rural Infrastructure,False,NONE_OBSERVED
CAS_CLEAN_108,OFFICIAL_CASE_NUMBER,4/A-65/2024-2025,Nagpur,Nagpur (City),Parsodi,,District Collectorate & Administration Nagpur,RFCTLARR_2013,IN_PROGRESS,,2025-07-29,,,2025-07-29,2025-07-29,0,,,False,,,,,,,NOT_PUBLISHED_IN_GAZETTE,NOT_PUBLISHED_IN_STRUCTURED_DATA,NOT_APPLICABLE_IN_REAL_DATA,NOT_APPLICABLE_PRE_AWARD,UNPARSED_SCHEDULE_TABLE,nagpur_134_17540377444920.pdf,1,OCR,nagpur_134_17540377444920.pdf,633b7ae282e8d794cc45e31c410237b50c5c463f6304660ebddac158aa83a0f6,https://cdn.s3waas.gov.in/s3d1f491a404d6854880943e5c3cd9ca25/uploads/2025/08/17540377444920.pdf,427,427,427,1,0,False,,,Rural Infrastructure,False,DATE_DERIVED_DELAY
CAS_CLEAN_109,OFFICIAL_CASE_NUMBER,11/A-65/2018-2019,Nagpur,,Pimpaldhara,,District Collectorate & Administration Nagpur,RFCTLARR_2013,IN_PROGRESS,,2024-09-06,,,2024-09-06,2024-09-06,0,,,False,,,,,,,NOT_PUBLISHED_IN_GAZETTE,NOT_PUBLISHED_IN_STRUCTURED_DATA,NOT_APPLICABLE_IN_REAL_DATA,NOT_APPLICABLE_PRE_AWARD,UNPARSED_SCHEDULE_TABLE,nagpur_181_2024090678.pdf,1,OCR,nagpur_181_2024090678.pdf,e8ddedd84812c32410e68cf27c2281002bc72263eff644112cb38295fdb77ac7,https://cdn.s3waas.gov.in/s3d1f491a404d6854880943e5c3cd9ca25/uploads/2024/09/2024090678.pdf,753,753,753,1,0,False,,,Rural Infrastructure,False,DATE_DERIVED_DELAY
CAS_CLEAN_110,OFFICIAL_CASE_NUMBER,31/A-65/2023-24,Nagpur,Bhiwapur,Pimparada(Rithi),,District Collectorate & Administration Nagpur,RFCTLARR_2013,IN_PROGRESS,,2024-04-30,,,2024-04-30,2024-04-30,0,,,False,,,,,,,NOT_PUBLISHED_IN_GAZETTE,NOT_PUBLISHED_IN_STRUCTURED_DATA,NOT_APPLICABLE_IN_REAL_DATA,NOT_APPLICABLE_PRE_AWARD,UNPARSED_SCHEDULE_TABLE,nagpur_192_2024043081.pdf,1,TEXT,nagpur_192_2024043081.pdf,c892c2be7fba991586336d7625b421a1dfa3d4b23c4175b7eb82f8028a1a24c9,https://cdn.s3waas.gov.in/s3d1f491a404d6854880943e5c3cd9ca25/uploads/2024/04/2024043081.pdf,882,882,882,1,0,False,,,Rural Infrastructure,False,DATE_DERIVED_DELAY
CAS_CLEAN_111,OFFICIAL_CASE_NUMBER,15/A-65/2018-2019,Nagpur,,Pimpladhara,,District Collectorate & Administration Nagpur,RFCTLARR_2013,IN_PROGRESS,,2024-03-07,,,2024-03-07,2024-03-07,0,,,False,,,,,,,NOT_PUBLISHED_IN_GAZETTE,NOT_PUBLISHED_IN_STRUCTURED_DATA,NOT_APPLICABLE_IN_REAL_DATA,NOT_APPLICABLE_PRE_AWARD,UNPARSED_SCHEDULE_TABLE,nagpur_201_2024030737.pdf,1,OCR,nagpur_201_2024030737.pdf,3c7df5bc793d4c576a30c8fda05b253c21733b099d718a68e1fd758dbcc71b9a,https://cdn.s3waas.gov.in/s3d1f491a404d6854880943e5c3cd9ca25/uploads/2024/03/2024030737.pdf,936,936,936,1,0,False,,,Rural Infrastructure,False,DATE_DERIVED_DELAY
CAS_CLEAN_112,OFFICIAL_CASE_NUMBER,2/A-65/2024-2025,Nagpur,Bhiwapur,Piparda (Rithi),,District Collectorate & Administration Nagpur,RFCTLARR_2013,IN_PROGRESS,,,,,2025-01-23,2025-01-23,0,,,False,,,,,,,NOT_PUBLISHED_IN_GAZETTE,NOT_PUBLISHED_IN_STRUCTURED_DATA,NOT_APPLICABLE_IN_REAL_DATA,NOT_APPLICABLE_PRE_AWARD,UNPARSED_SCHEDULE_TABLE,nagpur_155_2025012320.pdf,1,OCR,nagpur_155_2025012320.pdf,1fe7f9ada9aa1958d1d651f926e4d7bb594066b639f0cb23b1c1122f2706afe3,https://cdn.s3waas.gov.in/s3d1f491a404d6854880943e5c3cd9ca25/uploads/2025/01/2025012320.pdf,614,614,614,1,0,False,,,Rural Infrastructure,True,NONE_OBSERVED
CAS_CLEAN_113,OFFICIAL_CASE_NUMBER,1/A-65/2025-2026,Nagpur,Kuhi,Pratappur,,District Collectorate & Administration Nagpur,RFCTLARR_2013,IN_PROGRESS,,,,,2026-01-19,2026-01-19,0,,,False,,,,,,,NOT_PUBLISHED_IN_GAZETTE,NOT_PUBLISHED_IN_STRUCTURED_DATA,NOT_APPLICABLE_IN_REAL_DATA,NOT_APPLICABLE_PRE_AWARD,UNPARSED_SCHEDULE_TABLE,nagpur_077_17688236116141.pdf,1,OCR,nagpur_077_17688236116141.pdf,618647e9725aefa187f9497230b07b06f2b6059d6bcde950bc8726e5f39b4cca,https://cdn.s3waas.gov.in/s3d1f491a404d6854880943e5c3cd9ca25/uploads/2026/01/17688236116141.pdf,253,253,253,1,0,False,,,Rural Infrastructure,False,NONE_OBSERVED
CAS_CLEAN_114,OFFICIAL_CASE_NUMBER,1/A-65/2025-2026,Nagpur,Kuhi,Pratapur,,District Collectorate & Administration Nagpur,RFCTLARR_2013,IN_PROGRESS,2025-09-19,2025-12-15,,,2025-09-19,2025-12-15,0,,,False,,,,,,,NOT_PUBLISHED_IN_GAZETTE,NOT_PUBLISHED_IN_STRUCTURED_DATA,NOT_APPLICABLE_IN_REAL_DATA,NOT_APPLICABLE_PRE_AWARD,UNPARSED_SCHEDULE_TABLE,nagpur_123_17592262272831.pdf,1,OCR,nagpur_123_17592262272831.pdf;nagpur_094_17657931534237.pdf,738a03959b8cbdc7a2a1857961064fb31e19f6a5dad9f51e142a7210cef1cd9e;5ed87664bc966c63816ed6572e7be6cffde2a77b4c089f1745d21a65dc284b0d,https://cdn.s3waas.gov.in/s3d1f491a404d6854880943e5c3cd9ca25/uploads/2025/09/17592262272831.pdf;https://cdn.s3waas.gov.in/s3d1f491a404d6854880943e5c3cd9ca25/uploads/2025/12/17657931534237.pdf,375,288,288,2,0,False,1.027,87,Rural Infrastructure,False,NONE_OBSERVED
CAS_CLEAN_115,DERIVED,,Nagpur,uka,,Ring Road Project,District Collectorate & Administration Nagpur,RFCTLARR_2013,IN_PROGRESS,,,,,2026-06-23,2026-06-23,0,,,False,,,,,,,NOT_PUBLISHED_IN_GAZETTE,NOT_PUBLISHED_IN_STRUCTURED_DATA,NOT_APPLICABLE_IN_REAL_DATA,NOT_APPLICABLE_PRE_AWARD,UNPARSED_SCHEDULE_TABLE,nagpur_061_17821998353528.pdf,1,OCR,nagpur_061_17821998353528.pdf,1990c35c875da77312ac5121f1fc1359f9b6cb977b0d5922deeeeab0e6217347,https://cdn.s3waas.gov.in/s3d1f491a404d6854880943e5c3cd9ca25/uploads/2026/06/17821998353528.pdf,98,98,98,1,0,False,,,Ring Road,False,NONE_OBSERVED
CAS_CLEAN_116,DERIVED,,Nagpur,uka,,Ring Road Project,District Collectorate & Administration Nagpur,RFCTLARR_2013,IN_PROGRESS,,,,,2026-06-23,2026-06-23,0,,,False,,,,,,,NOT_PUBLISHED_IN_GAZETTE,NOT_PUBLISHED_IN_STRUCTURED_DATA,NOT_APPLICABLE_IN_REAL_DATA,NOT_APPLICABLE_PRE_AWARD,UNPARSED_SCHEDULE_TABLE,nagpur_062_17821995134755.pdf,1,OCR,nagpur_062_17821995134755.pdf,d1ceb6364eb5981d5313631c0be1c153e0b203d5544003dbbb2f21c3e7f4af58,https://cdn.s3waas.gov.in/s3d1f491a404d6854880943e5c3cd9ca25/uploads/2026/06/17821995134755.pdf,98,98,98,1,0,False,,,Ring Road,False,NONE_OBSERVED
CAS_CLEAN_117,DERIVED,,Nagpur,Nagpur(Urban),,Urban Development Plan (DP) Road Widening,District Collectorate & Administration Nagpur,RFCTLARR_2013,IN_PROGRESS,,2025-03-03,,,2025-03-03,2025-03-03,0,,,False,,,,,,,NOT_PUBLISHED_IN_GAZETTE,NOT_PUBLISHED_IN_STRUCTURED_DATA,NOT_APPLICABLE_IN_REAL_DATA,NOT_APPLICABLE_PRE_AWARD,UNPARSED_SCHEDULE_TABLE,nagpur_146_2025030487.pdf,1,TEXT,nagpur_146_2025030487.pdf,05f80624fbdce09e31673866b9297f56a582fad0060c201deb4a8314443086d2,https://cdn.s3waas.gov.in/s3d1f491a404d6854880943e5c3cd9ca25/uploads/2025/03/2025030487.pdf,575,575,575,1,0,False,,,Highway / Road Widening,False,DATE_DERIVED_DELAY
CAS_CLEAN_118,OFFICIAL_CASE_NUMBER,67/A-65/2026-27,Nagpur,Bhivapur,Pullar,,District Collectorate & Administration Nagpur,RFCTLARR_2013,IN_PROGRESS,2026-09-07,,,,2026-09-07,2026-09-07,0,,,False,,,,,,,NOT_PUBLISHED_IN_GAZETTE,NOT_PUBLISHED_IN_STRUCTURED_DATA,NOT_APPLICABLE_IN_REAL_DATA,NOT_APPLICABLE_PRE_AWARD,UNPARSED_SCHEDULE_TABLE,nagpur_009_17887688511960.pdf,1,OCR,nagpur_009_17887688511960.pdf,82f43747b40b2a5ae019722a02bd1f2b20717deaf1c0e3b83b32ff0a578eb052,https://cdn.s3waas.gov.in/s3d1f491a404d6854880943e5c3cd9ca25/uploads/2026/09/17887688511960.pdf,22,22,22,1,0,False,0.06,,Rural Infrastructure,False,NONE_OBSERVED
CAS_CLEAN_119,OFFICIAL_CASE_NUMBER,15/A-65/2026-27,Nagpur,Umred,Pusagondi(Rithi),,District Collectorate & Administration Nagpur,RFCTLARR_2013,IN_PROGRESS,2026-08-14,,,,2026-08-14,2026-08-14,0,,,False,,,,,,,NOT_PUBLISHED_IN_GAZETTE,NOT_PUBLISHED_IN_STRUCTURED_DATA,NOT_APPLICABLE_IN_REAL_DATA,NOT_APPLICABLE_PRE_AWARD,UNPARSED_SCHEDULE_TABLE,nagpur_042_17867052197084.pdf,1,TEXT,nagpur_042_17867052197084.pdf,fc4962593a543de5f771dd40b0809c9e0f485c3edfc01ea500105c3a718c2533,https://cdn.s3waas.gov.in/s3d1f491a404d6854880943e5c3cd9ca25/uploads/2026/08/17867052197084.pdf,46,46,46,1,0,False,0.126,,Rural Infrastructure,False,NONE_OBSERVED
CAS_CLEAN_120,OFFICIAL_CASE_NUMBER,03/A-65/2024-2025,Nagpur,Kuhi,Rajola,,District Collectorate & Administration Nagpur,RFCTLARR_2013,IN_PROGRESS,2025-01-14,,,,2025-01-14,2025-01-14,0,,,False,,,,,,,NOT_PUBLISHED_IN_GAZETTE,NOT_PUBLISHED_IN_STRUCTURED_DATA,NOT_APPLICABLE_IN_REAL_DATA,NOT_APPLICABLE_PRE_AWARD,UNPARSED_SCHEDULE_TABLE,nagpur_166_2025011496.pdf,1,OCR,nagpur_166_2025011496.pdf,2322be0c201a09d64065ba6de0dc2680402449d66b3a84cbd1862933275aa085,https://cdn.s3waas.gov.in/s3d1f491a404d6854880943e5c3cd9ca25/uploads/2025/01/2025011496.pdf,623,623,623,1,0,False,1.707,,Rural Infrastructure,False,DATE_DERIVED_DELAY
CAS_CLEAN_121,OFFICIAL_CASE_NUMBER,7/A-65/2025-2026,Nagpur,Tlq,Rajola,,District Collectorate & Administration Nagpur,RFCTLARR_2013,IN_PROGRESS,2025-08-01,,,,2025-08-01,2025-08-01,0,,,False,,,,,,,NOT_PUBLISHED_IN_GAZETTE,NOT_PUBLISHED_IN_STRUCTURED_DATA,NOT_APPLICABLE_IN_REAL_DATA,NOT_APPLICABLE_PRE_AWARD,UNPARSED_SCHEDULE_TABLE,nagpur_128_17540427622826.pdf,1,TEXT,nagpur_128_17540427622826.pdf,64117173c65bb5617567b68e445c6f3ae264703cafff10d34cfe66e9605fca3f,https://cdn.s3waas.gov.in/s3d1f491a404d6854880943e5c3cd9ca25/uploads/2025/08/17540427622826.pdf,424,424,424,1,0,False,1.162,,Rural Infrastructure,False,DATE_DERIVED_DELAY
CAS_CLEAN_122,OFFICIAL_CASE_NUMBER,1/A-65/2026-27,Nagpur,Kuhi,Rajoli,,District Collectorate & Administration Nagpur,RFCTLARR_2013,IN_PROGRESS,2026-08-14,,,,2026-08-14,2026-08-14,0,,,False,,,,,,,NOT_PUBLISHED_IN_GAZETTE,NOT_PUBLISHED_IN_STRUCTURED_DATA,NOT_APPLICABLE_IN_REAL_DATA,NOT_APPLICABLE_PRE_AWARD,UNPARSED_SCHEDULE_TABLE,nagpur_056_17866992702275.pdf,1,TEXT,nagpur_056_17866992702275.pdf,f5a97b7dbb5a1403b7e494bd7579af808ca0424fb4725d1526788d35109cf384,https://cdn.s3waas.gov.in/s3d1f491a404d6854880943e5c3cd9ca25/uploads/2026/08/17866992702275.pdf,46,46,46,1,0,False,0.126,,Rural Infrastructure,False,NONE_OBSERVED
CAS_CLEAN_123,OFFICIAL_CASE_NUMBER,21/A-65/2025-26,Nagpur,Nagpur (Gramin),Rampur,,District Collectorate & Administration Nagpur,RFCTLARR_2013,IN_PROGRESS,2026-08-19,,,,2026-08-19,2026-08-19,0,,,False,,,,,,,NOT_PUBLISHED_IN_GAZETTE,NOT_PUBLISHED_IN_STRUCTURED_DATA,NOT_APPLICABLE_IN_REAL_DATA,NOT_APPLICABLE_PRE_AWARD,UNPARSED_SCHEDULE_TABLE,nagpur_019_17871158936667.pdf,1,OCR,nagpur_019_17871158936667.pdf,1d4d5aaaaa168f4a2ec51e6b3eb5e1bb1a16aff67c64e4dc6a7c07426979f7a4,https://cdn.s3waas.gov.in/s3d1f491a404d6854880943e5c3cd9ca25/uploads/2026/08/17871158936667.pdf,41,41,41,1,0,False,0.112,,Rural Infrastructure,False,NONE_OBSERVED
CAS_CLEAN_124,OFFICIAL_CASE_NUMBER,03/a-65/2025-2026,Nagpur,Saoner,Ranala,,District Collectorate & Administration Nagpur,RFCTLARR_2013,IN_PROGRESS,2025-09-30,2026-03-30,,,2025-09-30,2026-03-30,0,,,False,,,,,,,NOT_PUBLISHED_IN_GAZETTE,NOT_PUBLISHED_IN_STRUCTURED_DATA,NOT_APPLICABLE_IN_REAL_DATA,NOT_APPLICABLE_PRE_AWARD,UNPARSED_SCHEDULE_TABLE,nagpur_113_17592281518465.pdf,1,OCR,nagpur_113_17592281518465.pdf;nagpur_071_17751044621899.pdf,88486dadd73901b1d443926d4890f8868325d7607f932ba55a3cc87958866feb;18e741a6753812838ca352067aa0d3fb7bc10c96fbe2ad7432f8e76ea74d06aa,https://cdn.s3waas.gov.in/s3d1f491a404d6854880943e5c3cd9ca25/uploads/2025/09/17592281518465.pdf;https://cdn.s3waas.gov.in/s3d1f491a404d6854880943e5c3cd9ca25/uploads/2026/04/17751044621899.pdf,364,183,183,2,0,False,0.997,181,Rural Infrastructure,False,NONE_OBSERVED
CAS_CLEAN_125,OFFICIAL_CASE_NUMBER,19/A-65/2025-26,Nagpur,Nagpur (Gramin),Ruikheiri,,District Collectorate & Administration Nagpur,RFCTLARR_2013,IN_PROGRESS,2026-08-19,,,,2026-08-19,2026-08-19,0,,,False,,,,,,,NOT_PUBLISHED_IN_GAZETTE,NOT_PUBLISHED_IN_STRUCTURED_DATA,NOT_APPLICABLE_IN_REAL_DATA,NOT_APPLICABLE_PRE_AWARD,UNPARSED_SCHEDULE_TABLE,nagpur_024_17871154658589.pdf,1,OCR,nagpur_024_17871154658589.pdf,a6cd51cd7b633edbbc13ecac12d22e85dc201e709b9f75c5d06d385156a6ffde,https://cdn.s3waas.gov.in/s3d1f491a404d6854880943e5c3cd9ca25/uploads/2026/08/17871154658589.pdf,41,41,41,1,0,False,0.112,,Rural Infrastructure,False,NONE_OBSERVED
CAS_CLEAN_126,OFFICIAL_CASE_NUMBER,19/A-65/2022-2023,Nagpur,Kuhi,Ruyad,,District Collectorate & Administration Nagpur,RFCTLARR_2013,IN_PROGRESS,,,,,2024-06-25,2024-06-25,0,,,False,,,,,,,NOT_PUBLISHED_IN_GAZETTE,NOT_PUBLISHED_IN_STRUCTURED_DATA,NOT_APPLICABLE_IN_REAL_DATA,NOT_APPLICABLE_PRE_AWARD,UNPARSED_SCHEDULE_TABLE,nagpur_191_2024062596.pdf,1,TEXT,nagpur_191_2024062596.pdf,6c741fb6340e4d883249a3579de0750cdaf831f3b87c0bb500e9e8a65518c12d,https://cdn.s3waas.gov.in/s3d1f491a404d6854880943e5c3cd9ca25/uploads/2024/06/2024062596.pdf,826,826,826,1,0,False,,,Rural Infrastructure,True,NONE_OBSERVED
CAS_CLEAN_127,OFFICIAL_CASE_NUMBER,21/A-65/2022-2023,Nagpur,Kuhi,Ruyad,,District Collectorate & Administration Nagpur,RFCTLARR_2013,IN_PROGRESS,,,,,2024-06-25,2024-06-25,0,,,False,,,,,,,NOT_PUBLISHED_IN_GAZETTE,NOT_PUBLISHED_IN_STRUCTURED_DATA,NOT_APPLICABLE_IN_REAL_DATA,NOT_APPLICABLE_PRE_AWARD,UNPARSED_SCHEDULE_TABLE,nagpur_190_2024062591.pdf,1,TEXT,nagpur_190_2024062591.pdf,5297b4de6647dafaed253c9e6e3ac44fa7e65196050b364b75f2178c9f35c699,https://cdn.s3waas.gov.in/s3d1f491a404d6854880943e5c3cd9ca25/uploads/2024/06/2024062591.pdf,826,826,826,1,0,False,,,Rural Infrastructure,True,NONE_OBSERVED
CAS_CLEAN_128,OFFICIAL_CASE_NUMBER,34/A-65/2023-2024,Nagpur,Kuhi,Ruyad,,District Collectorate & Administration Nagpur,RFCTLARR_2013,IN_PROGRESS,,,,,2024-08-22,2024-08-22,0,,,False,,,,,,,NOT_PUBLISHED_IN_GAZETTE,NOT_PUBLISHED_IN_STRUCTURED_DATA,NOT_APPLICABLE_IN_REAL_DATA,NOT_APPLICABLE_PRE_AWARD,UNPARSED_SCHEDULE_TABLE,nagpur_183_2024082287.pdf,1,TEXT,nagpur_183_2024082287.pdf,72613cbbbaffd163d7e682c426c16ae2a7521aed69ff2f142a7ce93d254c9b3d,https://cdn.s3waas.gov.in/s3d1f491a404d6854880943e5c3cd9ca25/uploads/2024/08/2024082287.pdf,768,768,768,1,0,False,,,Rural Infrastructure,True,NONE_OBSERVED
CAS_CLEAN_129,OFFICIAL_CASE_NUMBER,8/A-65/2024-2025,Nagpur,Kuhi,Ruyad,,District Collectorate & Administration Nagpur,RFCTLARR_2013,IN_PROGRESS,2025-09-29,2025-11-28,2026-01-12,,2025-09-29,2026-01-12,0,,,False,,,,,,,NOT_PUBLISHED_IN_GAZETTE,NOT_PUBLISHED_IN_STRUCTURED_DATA,NOT_APPLICABLE_IN_REAL_DATA,NOT_APPLICABLE_PRE_AWARD,UNPARSED_SCHEDULE_TABLE,nagpur_117_17592278164656.pdf,1,TEXT,nagpur_117_17592278164656.pdf;nagpur_103_17643332825919.pdf;nagpur_083_17682069896680.pdf,5b3a6b5e85eafa116227f72d77b3576903b9ce8f21aa00809ccbb5de9e137968;508652cc764248261968d544a5b7f45ccd1ea7630eccca82fcb7d20d950d244b;31bc280ec32342a862965de732008d412637d2b4c2f64b1738ec69bd08b2b8eb,https://cdn.s3waas.gov.in/s3d1f491a404d6854880943e5c3cd9ca25/uploads/2025/09/17592278164656.pdf;https://cdn.s3waas.gov.in/s3d1f491a404d6854880943e5c3cd9ca25/uploads/2025/11/17643332825919.pdf;https://cdn.s3waas.gov.in/s3d1f491a404d6854880943e5c3cd9ca25/uploads/2026/01/17682069896680.pdf,365,260,260,3,0,False,1.0,60,Rural Infrastructure,False,NONE_OBSERVED
CAS_CLEAN_130,OFFICIAL_CASE_NUMBER,10/A-65/2026-27,Nagpur,Umred,Salai,,District Collectorate & Administration Nagpur,RFCTLARR_2013,IN_PROGRESS,2026-08-14,,,,2026-08-14,2026-08-14,0,,,False,,,,,,,NOT_PUBLISHED_IN_GAZETTE,NOT_PUBLISHED_IN_STRUCTURED_DATA,NOT_APPLICABLE_IN_REAL_DATA,NOT_APPLICABLE_PRE_AWARD,UNPARSED_SCHEDULE_TABLE,nagpur_046_17867042026360.pdf,1,TEXT,nagpur_046_17867042026360.pdf,d898e01a14c9764bcb772eb8a039063900d88c4b6b916dd62fb095e203de9b14,https://cdn.s3waas.gov.in/s3d1f491a404d6854880943e5c3cd9ca25/uploads/2026/08/17867042026360.pdf,46,46,46,1,0,False,0.126,,Rural Infrastructure,False,NONE_OBSERVED
CAS_CLEAN_131,OFFICIAL_CASE_NUMBER,30/A-65/2023-2024,Nagpur,Kuhi,Savangi,,District Collectorate & Administration Nagpur,RFCTLARR_2013,IN_PROGRESS,,2025-01-21,,,2025-01-21,2025-01-21,0,,,False,,,,,,,NOT_PUBLISHED_IN_GAZETTE,NOT_PUBLISHED_IN_STRUCTURED_DATA,NOT_APPLICABLE_IN_REAL_DATA,NOT_APPLICABLE_PRE_AWARD,UNPARSED_SCHEDULE_TABLE,nagpur_158_2025012160.pdf,1,OCR,nagpur_158_2025012160.pdf,19244d4f553866b25038a1c8a34c97b16f56d26a1437625d4f990c2843fb9bd4,https://cdn.s3waas.gov.in/s3d1f491a404d6854880943e5c3cd9ca25/uploads/2025/01/2025012160.pdf,616,616,616,1,0,False,,,Rural Infrastructure,False,DATE_DERIVED_DELAY
CAS_CLEAN_132,OFFICIAL_CASE_NUMBER,4/A-65/2025-2026,Nagpur,Kuhi,Savangi,,District Collectorate & Administration Nagpur,RFCTLARR_2013,IN_PROGRESS,,2025-12-15,,,2025-12-15,2025-12-15,0,,,False,,,,,,,NOT_PUBLISHED_IN_GAZETTE,NOT_PUBLISHED_IN_STRUCTURED_DATA,NOT_APPLICABLE_IN_REAL_DATA,NOT_APPLICABLE_PRE_AWARD,UNPARSED_SCHEDULE_TABLE,nagpur_099_17657921304176.pdf,1,OCR,nagpur_099_17657921304176.pdf,f5d95b4e0fe85bd04407a359ebcc1193ad23c1c43a7698c47f1af59af13089df,https://cdn.s3waas.gov.in/s3d1f491a404d6854880943e5c3cd9ca25/uploads/2025/12/17657921304176.pdf,288,288,288,1,0,False,,,Rural Infrastructure,False,NONE_OBSERVED
CAS_CLEAN_133,OFFICIAL_CASE_NUMBER,4/A-65/2025-2026,Nagpur,Kuhi,Savargao,,District Collectorate & Administration Nagpur,RFCTLARR_2013,IN_PROGRESS,,,2025-09-19,,2025-09-19,2026-01-19,0,,,False,,,,,,,NOT_PUBLISHED_IN_GAZETTE,NOT_PUBLISHED_IN_STRUCTURED_DATA,NOT_APPLICABLE_IN_REAL_DATA,NOT_APPLICABLE_PRE_AWARD,UNPARSED_SCHEDULE_TABLE,nagpur_124_17592261203681.pdf,1,OCR,nagpur_124_17592261203681.pdf;nagpur_079_17688228405585.pdf,2f5c5f321d328c6caa63cc995f25988b18bdcd001edfb419396829ac51c2b981;676c2f5e4b511e5a5e9386077bdf13935209ea27791ab5fa91f20087a2212bcb,https://cdn.s3waas.gov.in/s3d1f491a404d6854880943e5c3cd9ca25/uploads/2025/09/17592261203681.pdf;https://cdn.s3waas.gov.in/s3d1f491a404d6854880943e5c3cd9ca25/uploads/2026/01/17688228405585.pdf,375,253,253,2,0,False,,,Rural Infrastructure,False,NONE_OBSERVED
CAS_CLEAN_134,OFFICIAL_CASE_NUMBER,7/A-65/2025-2026,Nagpur,Bhivapur,Savargao,,District Collectorate & Administration Nagpur,RFCTLARR_2013,IN_PROGRESS,,2025-12-15,2026-01-19,,2025-12-15,2026-01-19,0,,,False,,,,,,,NOT_PUBLISHED_IN_GAZETTE,NOT_PUBLISHED_IN_STRUCTURED_DATA,NOT_APPLICABLE_IN_REAL_DATA,NOT_APPLICABLE_PRE_AWARD,UNPARSED_SCHEDULE_TABLE,nagpur_098_17657923698230.pdf,1,OCR,nagpur_098_17657923698230.pdf;nagpur_075_17688246237069.pdf,8938540ceb02b442c4db7bee8d1c3405011daaddcd6370bf6233833453ee1924;e0ac2b9c90e0dfd361e58c6dc15bb75620393124b26ca812639e0818ceb458fa,https://cdn.s3waas.gov.in/s3d1f491a404d6854880943e5c3cd9ca25/uploads/2025/12/17657923698230.pdf;https://cdn.s3waas.gov.in/s3d1f491a404d6854880943e5c3cd9ca25/uploads/2026/01/17688246237069.pdf,288,253,253,2,0,False,,,Rural Infrastructure,False,NONE_OBSERVED
CAS_CLEAN_135,OFFICIAL_CASE_NUMBER,60/अ-65/2025-26,Nagpur,Hingna,Sawangi (Aa)Taluka Hingna,,District Collectorate & Administration Nagpur,RFCTLARR_2013,IN_PROGRESS,2026-08-17,,,,2026-08-17,2026-08-17,0,,,False,,,,,,,NOT_PUBLISHED_IN_GAZETTE,NOT_PUBLISHED_IN_STRUCTURED_DATA,NOT_APPLICABLE_IN_REAL_DATA,NOT_APPLICABLE_PRE_AWARD,UNPARSED_SCHEDULE_TABLE,nagpur_029_17869455328979.pdf,1,OCR,nagpur_029_17869455328979.pdf,aaa2aaee8985ce9b95e156c8f44507a52060594f5179fd6ffecf40a6c6f1468d,https://cdn.s3waas.gov.in/s3d1f491a404d6854880943e5c3cd9ca25/uploads/2026/08/17869455328979.pdf,43,43,43,1,0,False,0.118,,Rural Infrastructure,False,NONE_OBSERVED
CAS_CLEAN_136,OFFICIAL_CASE_NUMBER,30/A-65/2023-24,Nagpur,Kuhi,Sawangi,,District Collectorate & Administration Nagpur,RFCTLARR_2013,IN_PROGRESS,2024-03-14,,,,2024-03-14,2024-03-14,0,,,False,,,,,,,NOT_PUBLISHED_IN_GAZETTE,NOT_PUBLISHED_IN_STRUCTURED_DATA,NOT_APPLICABLE_IN_REAL_DATA,NOT_APPLICABLE_PRE_AWARD,UNPARSED_SCHEDULE_TABLE,nagpur_195_2024031446.pdf,1,TEXT,nagpur_195_2024031446.pdf,18580feb9da24cacde4129c5f6a4b4ea6f051dfab03a212cd7b3f5a1a5719678,https://cdn.s3waas.gov.in/s3d1f491a404d6854880943e5c3cd9ca25/uploads/2024/03/2024031446.pdf,929,929,929,1,0,False,2.545,,Rural Infrastructure,False,DATE_DERIVED_DELAY
CAS_CLEAN_137,OFFICIAL_CASE_NUMBER,66/A-65/2026-27,Nagpur,Kuhi,Sawangi,,District Collectorate & Administration Nagpur,RFCTLARR_2013,IN_PROGRESS,2026-09-03,,,,2026-09-03,2026-09-03,0,,,False,,,,,,,NOT_PUBLISHED_IN_GAZETTE,NOT_PUBLISHED_IN_STRUCTURED_DATA,NOT_APPLICABLE_IN_REAL_DATA,NOT_APPLICABLE_PRE_AWARD,UNPARSED_SCHEDULE_TABLE,nagpur_010_17887680469543.pdf,1,OCR,nagpur_010_17887680469543.pdf,4903c840e6f448a879abbea73f11a8ca442f68ae7c31cab3f45f793ee26d0585,https://cdn.s3waas.gov.in/s3d1f491a404d6854880943e5c3cd9ca25/uploads/2026/09/17887680469543.pdf,26,26,26,1,0,False,0.071,,Rural Infrastructure,False,NONE_OBSERVED
CAS_CLEAN_138,OFFICIAL_CASE_NUMBER,29/A-65/2026-2027,Nagpur,Umred,Sayki,,District Collectorate & Administration Nagpur,RFCTLARR_2013,IN_PROGRESS,2026-09-22,,,,2026-09-22,2026-09-22,0,,,False,,,,,,,NOT_PUBLISHED_IN_GAZETTE,NOT_PUBLISHED_IN_STRUCTURED_DATA,NOT_APPLICABLE_IN_REAL_DATA,NOT_APPLICABLE_PRE_AWARD,UNPARSED_SCHEDULE_TABLE,nagpur_001_17900744752905.pdf,1,TEXT,nagpur_001_17900744752905.pdf,1c8775f96a14eeecf2d25acdf912c5cc7f89e29fa4be4f04c5eac100e47c5a36,https://cdn.s3waas.gov.in/s3d1f491a404d6854880943e5c3cd9ca25/uploads/2026/09/17900744752905.pdf,7,7,7,1,0,False,0.019,,Rural Infrastructure,False,NONE_OBSERVED
CAS_CLEAN_139,OFFICIAL_CASE_NUMBER,20/A-65/2023-2024,Nagpur,Nagpur Urban,Shivangaon,,District Collectorate & Administration Nagpur,RFCTLARR_2013,IN_PROGRESS,,2025-01-02,,,2025-01-02,2025-01-02,0,,,False,,,,,,,NOT_PUBLISHED_IN_GAZETTE,NOT_PUBLISHED_IN_STRUCTURED_DATA,NOT_APPLICABLE_IN_REAL_DATA,NOT_APPLICABLE_PRE_AWARD,UNPARSED_SCHEDULE_TABLE,nagpur_171_2025010312.pdf,1,OCR,nagpur_171_2025010312.pdf,66f5feee18da410696d429b8d9b4e34c8e36ee17908c3c6ecd5c432fc04f8dc3,https://cdn.s3waas.gov.in/s3d1f491a404d6854880943e5c3cd9ca25/uploads/2025/01/2025010312.pdf,635,635,635,1,0,False,,,Rural Infrastructure,False,DATE_DERIVED_DELAY
CAS_CLEAN_140,OFFICIAL_CASE_NUMBER,20/A-65/2023-24,Nagpur,Nagpur (City),Shivangaon,,District Collectorate & Administration Nagpur,RFCTLARR_2013,IN_PROGRESS,2024-08-08,,,,2024-08-08,2024-08-08,0,,,False,,,,,,,NOT_PUBLISHED_IN_GAZETTE,NOT_PUBLISHED_IN_STRUCTURED_DATA,NOT_APPLICABLE_IN_REAL_DATA,NOT_APPLICABLE_PRE_AWARD,UNPARSED_SCHEDULE_TABLE,nagpur_185_2024080817.pdf,1,OCR,nagpur_185_2024080817.pdf,2a84a6e33b315c6533c20a66e563dd808f810f6e85ac9a7159669f715ca61590,https://cdn.s3waas.gov.in/s3d1f491a404d6854880943e5c3cd9ca25/uploads/2024/08/2024080817.pdf,782,782,782,1,0,False,2.142,,Rural Infrastructure,False,DATE_DERIVED_DELAY
CAS_CLEAN_141,OFFICIAL_CASE_NUMBER,8/अ-65/2026-27,Nagpur,Kuhi,Siroli(Rithi),,District Collectorate & Administration Nagpur,RFCTLARR_2013,IN_PROGRESS,2026-08-14,,,,2026-08-14,2026-08-14,0,,,False,,,,,,,NOT_PUBLISHED_IN_GAZETTE,NOT_PUBLISHED_IN_STRUCTURED_DATA,NOT_APPLICABLE_IN_REAL_DATA,NOT_APPLICABLE_PRE_AWARD,UNPARSED_SCHEDULE_TABLE,nagpur_049_17867034838425.pdf,1,TEXT,nagpur_049_17867034838425.pdf,ca91e3cfca2ded9228860a774ead6f3323d042860c537ebde1e22476fb5d896a,https://cdn.s3waas.gov.in/s3d1f491a404d6854880943e5c3cd9ca25/uploads/2026/08/17867034838425.pdf,46,46,46,1,0,False,0.126,,Rural Infrastructure,False,NONE_OBSERVED
CAS_CLEAN_142,OFFICIAL_CASE_NUMBER,5/A-651,Nagpur,Nagpur (City),Sitabuldi,Pune-Solapur-Wadi 3rd & 4th Railway Line Project,District Collectorate & Administration Nagpur,RFCTLARR_2013,IN_PROGRESS,,,,,2026-05-21,2026-05-21,1,2026-05-21,2026-05-21,True,,,,,,,NOT_PUBLISHED_IN_GAZETTE,NOT_PUBLISHED_IN_STRUCTURED_DATA,NOT_APPLICABLE_IN_REAL_DATA,NOT_APPLICABLE_PRE_AWARD,UNPARSED_SCHEDULE_TABLE,nagpur_065_17793636608182.pdf,1,OCR,nagpur_065_17793636608182.pdf,babb4f1e8fdfbe009305e52e9647f1baa4819d17f153c03c6edce804c2c6b976,https://cdn.s3waas.gov.in/s3d1f491a404d6854880943e5c3cd9ca25/uploads/2026/05/17793636608182.pdf,131,131,131,1,1,True,,,Railway Quadrupling,False,EXPLICIT_EXTENSION
CAS_CLEAN_143,OFFICIAL_CASE_NUMBER,10/A-65/2026-27,Nagpur,Umred,Sonpuri,,District Collectorate & Administration Nagpur,RFCTLARR_2013,IN_PROGRESS,2026-08-14,,,,2026-08-14,2026-08-14,0,,,False,,,,,,,NOT_PUBLISHED_IN_GAZETTE,NOT_PUBLISHED_IN_STRUCTURED_DATA,NOT_APPLICABLE_IN_REAL_DATA,NOT_APPLICABLE_PRE_AWARD,UNPARSED_SCHEDULE_TABLE,nagpur_048_17867038566861.pdf,1,TEXT,nagpur_048_17867038566861.pdf,d60f37f91dcab84f9cf967910c922d21f721bab2a5cfd67f7b30144efe91d220,https://cdn.s3waas.gov.in/s3d1f491a404d6854880943e5c3cd9ca25/uploads/2026/08/17867038566861.pdf,46,46,46,1,0,False,0.126,,Rural Infrastructure,False,NONE_OBSERVED
CAS_CLEAN_144,OFFICIAL_CASE_NUMBER,20/A-65/2025-26,Nagpur,Nagpur (Gramin),Sonurli,,District Collectorate & Administration Nagpur,RFCTLARR_2013,IN_PROGRESS,2026-08-19,,,,2026-08-19,2026-08-19,0,,,False,,,,,,,NOT_PUBLISHED_IN_GAZETTE,NOT_PUBLISHED_IN_STRUCTURED_DATA,NOT_APPLICABLE_IN_REAL_DATA,NOT_APPLICABLE_PRE_AWARD,UNPARSED_SCHEDULE_TABLE,nagpur_015_17871162034471.pdf,1,OCR,nagpur_015_17871162034471.pdf,c447e4ec64d8b3a3a1268179dd9ba71c11fa114511fe3cb92223184e55ff0292,https://cdn.s3waas.gov.in/s3d1f491a404d6854880943e5c3cd9ca25/uploads/2026/08/17871162034471.pdf,41,41,41,1,0,False,0.112,,Rural Infrastructure,False,NONE_OBSERVED
CAS_CLEAN_145,OFFICIAL_CASE_NUMBER,36/A-65/2023-24,Nagpur,Kuhi,Takli,,District Collectorate & Administration Nagpur,RFCTLARR_2013,IN_PROGRESS,,,,,2024-12-10,2025-01-15,0,,,False,,,,,,,NOT_PUBLISHED_IN_GAZETTE,NOT_PUBLISHED_IN_STRUCTURED_DATA,NOT_APPLICABLE_IN_REAL_DATA,NOT_APPLICABLE_PRE_AWARD,UNPARSED_SCHEDULE_TABLE,nagpur_176_2024121061-1.pdf,1,TEXT,nagpur_176_2024121061-1.pdf;nagpur_159_2025011538.pdf,da82bd0835f722ff652bd2134c888cf004c9708125470ce66038f870ea999b3b;b5bd095ba03f6aa5d406b90db008ee936997a8fd73a2451f6a1eacfd3d36864b,https://cdn.s3waas.gov.in/s3d1f491a404d6854880943e5c3cd9ca25/uploads/2024/12/2024121061-1.pdf;https://cdn.s3waas.gov.in/s3d1f491a404d6854880943e5c3cd9ca25/uploads/2025/01/2025011538.pdf,658,622,622,2,0,False,,,Rural Infrastructure,True,NONE_OBSERVED
CAS_CLEAN_146,OFFICIAL_CASE_NUMBER,7/A-65/2024-2025,Nagpur,Kuhi,Takli,,District Collectorate & Administration Nagpur,RFCTLARR_2013,IN_PROGRESS,2025-09-29,2025-11-28,2026-01-12,,2025-09-29,2026-01-12,0,,,False,,,,,,,NOT_PUBLISHED_IN_GAZETTE,NOT_PUBLISHED_IN_STRUCTURED_DATA,NOT_APPLICABLE_IN_REAL_DATA,NOT_APPLICABLE_PRE_AWARD,UNPARSED_SCHEDULE_TABLE,nagpur_118_17592277702335.pdf,1,TEXT,nagpur_118_17592277702335.pdf;nagpur_104_17643330896183.pdf;nagpur_084_17682069279623.pdf,4feb9668a6809a966b105314547cd0d363521be7dcff968498bf0aa1b717a763;a89f008e6a7280de42a39eb6ccad468fe8babd906c1d82e94b30ba64e0313b8b;1c17c63c07bbe2b32ef58e80f549b2e9fd3fb0f96c700df4c9c35ac98be0ce5e,https://cdn.s3waas.gov.in/s3d1f491a404d6854880943e5c3cd9ca25/uploads/2025/09/17592277702335.pdf;https://cdn.s3waas.gov.in/s3d1f491a404d6854880943e5c3cd9ca25/uploads/2025/11/17643330896183.pdf;https://cdn.s3waas.gov.in/s3d1f491a404d6854880943e5c3cd9ca25/uploads/2026/01/17682069279623.pdf,365,260,260,3,0,False,1.0,60,Rural Infrastructure,False,NONE_OBSERVED
CAS_CLEAN_147,OFFICIAL_CASE_NUMBER,2/A-65/2025-2026,Nagpur,Kuhi,Taroli,,District Collectorate & Administration Nagpur,RFCTLARR_2013,IN_PROGRESS,2025-09-29,2025-11-28,2026-01-12,,2025-09-29,2026-01-12,0,,,False,,,,,,,NOT_PUBLISHED_IN_GAZETTE,NOT_PUBLISHED_IN_STRUCTURED_DATA,NOT_APPLICABLE_IN_REAL_DATA,NOT_APPLICABLE_PRE_AWARD,UNPARSED_SCHEDULE_TABLE,nagpur_116_17592278865441.pdf,1,TEXT,nagpur_116_17592278865441.pdf;nagpur_102_17643335594729.pdf;nagpur_082_17682070532186.pdf,895eb2c8ff7aaf011a9d74603d88531bd5f689a7670d9f6815d2c3b8e5bcee54;bade4a3b2ac69db9f201021a43c26c1a81fd3ccf46192dfe8cdcd92304c3b7b4;df033e010a2be71749ba5a8adfc55ff42fa610ba49bb7cfb68907b4b1c904e0f,https://cdn.s3waas.gov.in/s3d1f491a404d6854880943e5c3cd9ca25/uploads/2025/09/17592278865441.pdf;https://cdn.s3waas.gov.in/s3d1f491a404d6854880943e5c3cd9ca25/uploads/2025/11/17643335594729.pdf;https://cdn.s3waas.gov.in/s3d1f491a404d6854880943e5c3cd9ca25/uploads/2026/01/17682070532186.pdf,365,260,260,3,0,False,1.0,60,Rural Infrastructure,False,NONE_OBSERVED
CAS_CLEAN_148,OFFICIAL_CASE_NUMBER,40/A-65/2023-2024,Nagpur,Bhivapur,Thutanbori,,District Collectorate & Administration Nagpur,RFCTLARR_2013,IN_PROGRESS,,,,,2024-12-02,2024-12-02,0,,,False,,,,,,,NOT_PUBLISHED_IN_GAZETTE,NOT_PUBLISHED_IN_STRUCTURED_DATA,NOT_APPLICABLE_IN_REAL_DATA,NOT_APPLICABLE_PRE_AWARD,UNPARSED_SCHEDULE_TABLE,nagpur_178_2024120294.pdf,1,OCR,nagpur_178_2024120294.pdf,c9c7dd09dd3814e49798ad84e7dba7721ad249d7291452a870fa56c08ac91bfc,https://cdn.s3waas.gov.in/s3d1f491a404d6854880943e5c3cd9ca25/uploads/2024/12/2024120294.pdf,666,666,666,1,0,False,,,Rural Infrastructure,False,NONE_OBSERVED
CAS_CLEAN_149,OFFICIAL_CASE_NUMBER,40/A-65/2023-24,Nagpur,Bhiwapur,Thutanbori,,District Collectorate & Administration Nagpur,RFCTLARR_2013,IN_PROGRESS,,,,,2025-01-15,2025-01-15,0,,,False,,,,,,,NOT_PUBLISHED_IN_GAZETTE,NOT_PUBLISHED_IN_STRUCTURED_DATA,NOT_APPLICABLE_IN_REAL_DATA,NOT_APPLICABLE_PRE_AWARD,UNPARSED_SCHEDULE_TABLE,nagpur_160_2025011593.pdf,1,OCR,nagpur_160_2025011593.pdf,76ca2c444e861aea515bd4653d9a7c73c5d979a3b1c3faaf41f693cf6a2be048,https://cdn.s3waas.gov.in/s3d1f491a404d6854880943e5c3cd9ca25/uploads/2025/01/2025011593.pdf,622,622,622,1,0,False,,,Rural Infrastructure,True,NONE_OBSERVED
CAS_CLEAN_150,OFFICIAL_CASE_NUMBER,19/A-65/2026-27,Nagpur,Umred,Tikhadi,,District Collectorate & Administration Nagpur,RFCTLARR_2013,IN_PROGRESS,2026-08-14,,,,2026-08-14,2026-08-14,0,,,False,,,,,,,NOT_PUBLISHED_IN_GAZETTE,NOT_PUBLISHED_IN_STRUCTURED_DATA,NOT_APPLICABLE_IN_REAL_DATA,NOT_APPLICABLE_PRE_AWARD,UNPARSED_SCHEDULE_TABLE,nagpur_038_17869432006574.pdf,1,TEXT,nagpur_038_17869432006574.pdf,37435411de3a7842a77a6c09383fa0e09fa3196dcd24fb3d91aa66c5f5717722,https://cdn.s3waas.gov.in/s3d1f491a404d6854880943e5c3cd9ca25/uploads/2026/08/17869432006574.pdf,46,46,46,1,0,False,0.126,,Rural Infrastructure,False,NONE_OBSERVED
CAS_CLEAN_151,OFFICIAL_CASE_NUMBER,26/A-65/2025-26,Nagpur,Nagpur (Gramin),Tumdi,,District Collectorate & Administration Nagpur,RFCTLARR_2013,IN_PROGRESS,2026-08-19,,,,2026-08-19,2026-08-19,0,,,False,,,,,,,NOT_PUBLISHED_IN_GAZETTE,NOT_PUBLISHED_IN_STRUCTURED_DATA,NOT_APPLICABLE_IN_REAL_DATA,NOT_APPLICABLE_PRE_AWARD,UNPARSED_SCHEDULE_TABLE,nagpur_020_17871158321698.pdf,1,OCR,nagpur_020_17871158321698.pdf,de7d2cf882098e2cb13205c7c57b4367a38b5bef031072c3403a1fe5f0699e15,https://cdn.s3waas.gov.in/s3d1f491a404d6854880943e5c3cd9ca25/uploads/2026/08/17871158321698.pdf,41,41,41,1,0,False,0.112,,Rural Infrastructure,False,NONE_OBSERVED
CAS_CLEAN_152,OFFICIAL_CASE_NUMBER,20/A-65/2026-27,Nagpur,Umred,Umra,,District Collectorate & Administration Nagpur,RFCTLARR_2013,IN_PROGRESS,2026-08-14,,,,2026-08-14,2026-08-14,0,,,False,,,,,,,NOT_PUBLISHED_IN_GAZETTE,NOT_PUBLISHED_IN_STRUCTURED_DATA,NOT_APPLICABLE_IN_REAL_DATA,NOT_APPLICABLE_PRE_AWARD,UNPARSED_SCHEDULE_TABLE,nagpur_037_17869433002182.pdf,1,TEXT,nagpur_037_17869433002182.pdf,2113ca0483fc9e1385dca1ecc8dec25728def332681e76935c12e75c023815f4,https://cdn.s3waas.gov.in/s3d1f491a404d6854880943e5c3cd9ca25/uploads/2026/08/17869433002182.pdf,46,46,46,1,0,False,0.126,,Rural Infrastructure,False,NONE_OBSERVED
CAS_CLEAN_153,OFFICIAL_CASE_NUMBER,65/अ-65/2025-26,Nagpur,Hingna,Vadgaon (Bakshi),,District Collectorate & Administration Nagpur,RFCTLARR_2013,IN_PROGRESS,2026-08-17,,,,2026-08-17,2026-08-17,0,,,False,,,,,,,NOT_PUBLISHED_IN_GAZETTE,NOT_PUBLISHED_IN_STRUCTURED_DATA,NOT_APPLICABLE_IN_REAL_DATA,NOT_APPLICABLE_PRE_AWARD,UNPARSED_SCHEDULE_TABLE,nagpur_032_17869450499883.pdf,1,OCR,nagpur_032_17869450499883.pdf,f5fc05d79f83508d7b3987ee22b9e04b627e8606e7d68b9f293686f4d4aa6143,https://cdn.s3waas.gov.in/s3d1f491a404d6854880943e5c3cd9ca25/uploads/2026/08/17869450499883.pdf,43,43,43,1,0,False,0.118,,Rural Infrastructure,False,NONE_OBSERVED
CAS_CLEAN_154,DERIVED,,Nagpur,Hfrrswl cT,Valni,,District Collectorate & Administration Nagpur,RFCTLARR_2013,IN_PROGRESS,,,,,2026-05-21,2026-05-21,0,,,False,,,,,,,NOT_PUBLISHED_IN_GAZETTE,NOT_PUBLISHED_IN_STRUCTURED_DATA,NOT_APPLICABLE_IN_REAL_DATA,NOT_APPLICABLE_PRE_AWARD,UNPARSED_SCHEDULE_TABLE,nagpur_064_17794523459073.pdf,1,TEXT,nagpur_064_17794523459073.pdf,bcc6f51e92f3e9539e2edd225c6fea944d0a58d1c40d32127393bd80d30bcdf1,https://cdn.s3waas.gov.in/s3d1f491a404d6854880943e5c3cd9ca25/uploads/2026/05/17794523459073.pdf,131,131,131,1,0,False,,,Rural Infrastructure,True,NONE_OBSERVED
CAS_CLEAN_155,OFFICIAL_CASE_NUMBER,25/A-65/2025-26,Nagpur,Nagpur (Gramin),Varanga,,District Collectorate & Administration Nagpur,RFCTLARR_2013,IN_PROGRESS,2026-08-19,,,,2026-08-19,2026-08-19,0,,,False,,,,,,,NOT_PUBLISHED_IN_GAZETTE,NOT_PUBLISHED_IN_STRUCTURED_DATA,NOT_APPLICABLE_IN_REAL_DATA,NOT_APPLICABLE_PRE_AWARD,UNPARSED_SCHEDULE_TABLE,nagpur_016_17871161252166.pdf,1,OCR,nagpur_016_17871161252166.pdf,52f585209a900ececdf1c1d9db73192b7fc0fb9a7f4e95c3061652035b91fce4,https://cdn.s3waas.gov.in/s3d1f491a404d6854880943e5c3cd9ca25/uploads/2026/08/17871161252166.pdf,41,41,41,1,0,False,0.112,,Rural Infrastructure,False,NONE_OBSERVED
CAS_CLEAN_156,OFFICIAL_CASE_NUMBER,38/A-65/2023-24,Nagpur,Kuhi,Veltur,,District Collectorate & Administration Nagpur,RFCTLARR_2013,IN_PROGRESS,,,,,2025-01-15,2025-01-15,0,,,False,,,,,,,NOT_PUBLISHED_IN_GAZETTE,NOT_PUBLISHED_IN_STRUCTURED_DATA,NOT_APPLICABLE_IN_REAL_DATA,NOT_APPLICABLE_PRE_AWARD,UNPARSED_SCHEDULE_TABLE,nagpur_163_2025011591.pdf,1,OCR,nagpur_163_2025011591.pdf,b5f601ed21cf7fb88aee2ac03a85a83b872ab8c5cc86c5063ab80d27afcba13b,https://cdn.s3waas.gov.in/s3d1f491a404d6854880943e5c3cd9ca25/uploads/2025/01/2025011591.pdf,622,622,622,1,0,False,,,Rural Infrastructure,True,NONE_OBSERVED
CAS_CLEAN_157,OFFICIAL_CASE_NUMBER,14/A-65/2026-27,Nagpur,Umred,Wadegaon,,District Collectorate & Administration Nagpur,RFCTLARR_2013,IN_PROGRESS,2026-08-14,,,,2026-08-14,2026-08-14,0,,,False,,,,,,,NOT_PUBLISHED_IN_GAZETTE,NOT_PUBLISHED_IN_STRUCTURED_DATA,NOT_APPLICABLE_IN_REAL_DATA,NOT_APPLICABLE_PRE_AWARD,UNPARSED_SCHEDULE_TABLE,nagpur_043_17867050557766.pdf,1,TEXT,nagpur_043_17867050557766.pdf,2e8923bfbd3ca3f9c38bfdf14436767969f67d0e707a4f3c0c959b7f8ae74e36,https://cdn.s3waas.gov.in/s3d1f491a404d6854880943e5c3cd9ca25/uploads/2026/08/17867050557766.pdf,46,46,46,1,0,False,0.126,,Rural Infrastructure,False,NONE_OBSERVED
CAS_CLEAN_158,OFFICIAL_CASE_NUMBER,25/A-65/2026-2027,Nagpur,Umred,Wagholi (Rithi),,District Collectorate & Administration Nagpur,RFCTLARR_2013,IN_PROGRESS,2026-09-22,,,,2026-09-22,2026-09-22,0,,,False,,,,,,,NOT_PUBLISHED_IN_GAZETTE,NOT_PUBLISHED_IN_STRUCTURED_DATA,NOT_APPLICABLE_IN_REAL_DATA,NOT_APPLICABLE_PRE_AWARD,UNPARSED_SCHEDULE_TABLE,nagpur_005_17900733115343.pdf,1,TEXT,nagpur_005_17900733115343.pdf,2d551c86301d75c637e7f5bf7e41a383393419970583f660bdea4df6539a9539,https://cdn.s3waas.gov.in/s3d1f491a404d6854880943e5c3cd9ca25/uploads/2026/09/17900733115343.pdf,7,7,7,1,0,False,0.019,,Rural Infrastructure,False,NONE_OBSERVED
CAS_CLEAN_159,OFFICIAL_CASE_NUMBER,7/अ-65/2026-27,Nagpur,Kuhi,Wag,,District Collectorate & Administration Nagpur,RFCTLARR_2013,IN_PROGRESS,2026-08-14,,,,2026-08-14,2026-08-14,0,,,False,,,,,,,NOT_PUBLISHED_IN_GAZETTE,NOT_PUBLISHED_IN_STRUCTURED_DATA,NOT_APPLICABLE_IN_REAL_DATA,NOT_APPLICABLE_PRE_AWARD,UNPARSED_SCHEDULE_TABLE,nagpur_050_17867030147239.pdf,1,TEXT,nagpur_050_17867030147239.pdf,14c91731cdaba574797e5d64f12d66dcc2b6fa5d33b477d37337619988ccda4a,https://cdn.s3waas.gov.in/s3d1f491a404d6854880943e5c3cd9ca25/uploads/2026/08/17867030147239.pdf,46,46,46,1,0,False,0.126,,Rural Infrastructure,False,NONE_OBSERVED
CAS_CLEAN_160,OFFICIAL_CASE_NUMBER,4/A-65/2024-2025,Nagpur,Hingna,Wanadongari,,District Collectorate & Administration Nagpur,RFCTLARR_2013,IN_PROGRESS,,2025-12-19,,,2025-12-19,2025-12-19,0,,,False,,,,,,,NOT_PUBLISHED_IN_GAZETTE,NOT_PUBLISHED_IN_STRUCTURED_DATA,NOT_APPLICABLE_IN_REAL_DATA,NOT_APPLICABLE_PRE_AWARD,UNPARSED_SCHEDULE_TABLE,nagpur_093_17663819065704.pdf,1,OCR,nagpur_093_17663819065704.pdf,38ab4701d9f3ac3f40aded93126a1c1b795729e6699e387fcea290609d67f07c,https://cdn.s3waas.gov.in/s3d1f491a404d6854880943e5c3cd9ca25/uploads/2025/12/17663819065704.pdf,284,284,284,1,0,False,,,Rural Infrastructure,False,NONE_OBSERVED
CAS_CLEAN_161,OFFICIAL_CASE_NUMBER,6/A-65/2024-2025,Nagpur,Hingna,Wanadongari,,District Collectorate & Administration Nagpur,RFCTLARR_2013,IN_PROGRESS,,2025-12-19,,,2025-12-19,2025-12-19,0,,,False,,,,,,,NOT_PUBLISHED_IN_GAZETTE,NOT_PUBLISHED_IN_STRUCTURED_DATA,NOT_APPLICABLE_IN_REAL_DATA,NOT_APPLICABLE_PRE_AWARD,UNPARSED_SCHEDULE_TABLE,nagpur_090_17663842614296.pdf,1,OCR,nagpur_090_17663842614296.pdf,23a2e6159856d230d2e20ebc9835df4fccbc64e0f5cbe7e882171d30bda9e5f4,https://cdn.s3waas.gov.in/s3d1f491a404d6854880943e5c3cd9ca25/uploads/2025/12/17663842614296.pdf,284,284,284,1,0,False,,,Rural Infrastructure,False,NONE_OBSERVED
CAS_CLEAN_162,OFFICIAL_CASE_NUMBER,7/A-65/2024-2025,Nagpur,Hingna,Wanadongari,,District Collectorate & Administration Nagpur,RFCTLARR_2013,IN_PROGRESS,,2025-12-19,,,2025-12-19,2025-12-19,0,,,False,,,,,,,NOT_PUBLISHED_IN_GAZETTE,NOT_PUBLISHED_IN_STRUCTURED_DATA,NOT_APPLICABLE_IN_REAL_DATA,NOT_APPLICABLE_PRE_AWARD,UNPARSED_SCHEDULE_TABLE,nagpur_092_17663837031156.pdf,1,OCR,nagpur_092_17663837031156.pdf,473446c7e27129e14b79e87443c10247f74221b4d826f780950257553e5152e8,https://cdn.s3waas.gov.in/s3d1f491a404d6854880943e5c3cd9ca25/uploads/2025/12/17663837031156.pdf,284,284,284,1,0,False,,,Rural Infrastructure,False,NONE_OBSERVED
CAS_CLEAN_163,OFFICIAL_CASE_NUMBER,8/A-65/2024-2025,Nagpur,Hingna,Wanadongari,,District Collectorate & Administration Nagpur,RFCTLARR_2013,IN_PROGRESS,,2025-12-19,,,2025-12-19,2025-12-19,0,,,False,,,,,,,NOT_PUBLISHED_IN_GAZETTE,NOT_PUBLISHED_IN_STRUCTURED_DATA,NOT_APPLICABLE_IN_REAL_DATA,NOT_APPLICABLE_PRE_AWARD,UNPARSED_SCHEDULE_TABLE,nagpur_091_17663839169227.pdf,1,OCR,nagpur_091_17663839169227.pdf,df3e69fd69d0fa79ac9dcab693d683961ba5c9b987a25f97c8d3a4b7aaf8c028,https://cdn.s3waas.gov.in/s3d1f491a404d6854880943e5c3cd9ca25/uploads/2025/12/17663839169227.pdf,284,284,284,1,0,False,,,Rural Infrastructure,False,NONE_OBSERVED
CAS_CLEAN_164,OFFICIAL_CASE_NUMBER,1/A-65/2023-24,Nagpur,Hingna,Wanadongri,,District Collectorate & Administration Nagpur,RFCTLARR_2013,IN_PROGRESS,,,,,2024-03-13,2024-03-13,0,,,False,,,,,,,NOT_PUBLISHED_IN_GAZETTE,NOT_PUBLISHED_IN_STRUCTURED_DATA,NOT_APPLICABLE_IN_REAL_DATA,NOT_APPLICABLE_PRE_AWARD,UNPARSED_SCHEDULE_TABLE,nagpur_200_2024031330.pdf,1,OCR,nagpur_200_2024031330.pdf,a53107fea2e611b07a1a273c4d78ca4beb573a7fddb5f26793346d41457dc441,https://cdn.s3waas.gov.in/s3d1f491a404d6854880943e5c3cd9ca25/uploads/2024/03/2024031330.pdf,930,930,930,1,0,False,,,Rural Infrastructure,False,NONE_OBSERVED
CAS_CLEAN_165,OFFICIAL_CASE_NUMBER,2/A-65/2023-24,Nagpur,Hingna,Wanadongri,,District Collectorate & Administration Nagpur,RFCTLARR_2013,IN_PROGRESS,,,,,2024-03-13,2024-03-13,0,,,False,,,,,,,NOT_PUBLISHED_IN_GAZETTE,NOT_PUBLISHED_IN_STRUCTURED_DATA,NOT_APPLICABLE_IN_REAL_DATA,NOT_APPLICABLE_PRE_AWARD,UNPARSED_SCHEDULE_TABLE,nagpur_199_20240313100.pdf,1,OCR,nagpur_199_20240313100.pdf,0bd7a26794fe9bdaa182094cf5770f213a57b7eb37c9ad0d185027ad966c0e1c,https://cdn.s3waas.gov.in/s3d1f491a404d6854880943e5c3cd9ca25/uploads/2024/03/20240313100.pdf,930,930,930,1,0,False,,,Rural Infrastructure,False,NONE_OBSERVED
CAS_CLEAN_166,OFFICIAL_CASE_NUMBER,16-2025,Nashik,,,Ring Road Project,District Collectorate & Administration Nashik,RFCTLARR_2013,COMPLETED,,,,2026-08-17,2026-08-17,2026-08-17,0,,,False,,,,,,,NOT_PUBLISHED_IN_GAZETTE,NOT_PUBLISHED_IN_STRUCTURED_DATA,NOT_APPLICABLE_IN_REAL_DATA,UNPARSED_FROM_PDF_AWARDS,UNPARSED_SCHEDULE_TABLE,nashik_299_17869745276232.pdf,1,OCR,nashik_299_17869745276232.pdf,03b6e79e9c75e50b92ca6aa4b4ff2203d991f9615ed85a785ff3574e98aa0320,https://cdn.s3waas.gov.in/s3b3967a0e938dc2a6340e258630febd5a/uploads/2026/08/17869745276232.pdf,43,43,43,1,0,False,,,Ring Road,False,NONE_OBSERVED
CAS_CLEAN_167,OFFICIAL_CASE_NUMBER,7.25,Nashik,,,,District Collectorate & Administration Nashik,RFCTLARR_2013,COMPLETED,,,,2026-08-19,2026-08-19,2026-08-19,0,,,False,,,,,,,NOT_PUBLISHED_IN_GAZETTE,NOT_PUBLISHED_IN_STRUCTURED_DATA,NOT_APPLICABLE_IN_REAL_DATA,UNPARSED_FROM_PDF_AWARDS,UNPARSED_SCHEDULE_TABLE,nashik_301_17871259085536.pdf,1,OCR,nashik_301_17871259085536.pdf,a9e2930d316564b91ffe7e74781ded8edbef43756f749e0a54b5c25a670ee05d,https://cdn.s3waas.gov.in/s3b3967a0e938dc2a6340e258630febd5a/uploads/2026/08/17871259085536.pdf,41,41,41,1,0,False,,,Rural Infrastructure,False,NONE_OBSERVED
CAS_CLEAN_168,OFFICIAL_CASE_NUMBER,8.25,Nashik,,,,District Collectorate & Administration Nashik,RFCTLARR_2013,COMPLETED,,,,2026-08-19,2026-08-19,2026-08-19,0,,,False,,,,,,,NOT_PUBLISHED_IN_GAZETTE,NOT_PUBLISHED_IN_STRUCTURED_DATA,NOT_APPLICABLE_IN_REAL_DATA,UNPARSED_FROM_PDF_AWARDS,UNPARSED_SCHEDULE_TABLE,nashik_302_17871256344022.pdf,1,OCR,nashik_302_17871256344022.pdf,7dc7a6a3c1053f10fee1fdf4e97acb15c36907b04ab57ab341570f73cc35db96,https://cdn.s3waas.gov.in/s3b3967a0e938dc2a6340e258630febd5a/uploads/2026/08/17871256344022.pdf,41,41,41,1,0,False,,,Rural Infrastructure,False,NONE_OBSERVED
CAS_CLEAN_169,DERIVED,,Nashik,,,,District Collectorate & Administration Nashik,RFCTLARR_2013,COMPLETED,,,,2026-09-29,2026-09-29,2026-09-29,0,,,False,,,,,,,NOT_PUBLISHED_IN_GAZETTE,NOT_PUBLISHED_IN_STRUCTURED_DATA,NOT_APPLICABLE_IN_REAL_DATA,UNPARSED_FROM_PDF_AWARDS,UNPARSED_SCHEDULE_TABLE,nashik_290_17906585488404.pdf,1,TEXT,nashik_290_17906585488404.pdf,176fa119c8615b5673fb133faeabc49091dc9ae3c058e1df95c618a8d4ef84a3,https://cdn.s3waas.gov.in/s3b3967a0e938dc2a6340e258630febd5a/uploads/2026/09/17906585488404.pdf,0,0,0,1,0,False,,,Rural Infrastructure,False,NONE_OBSERVED
CAS_CLEAN_170,DERIVED,,Nashik,rffi,,,District Collectorate & Administration Nashik,RFCTLARR_2013,IN_PROGRESS,,2026-08-07,,,2026-08-07,2026-08-07,0,,,False,,,,,,,NOT_PUBLISHED_IN_GAZETTE,NOT_PUBLISHED_IN_STRUCTURED_DATA,NOT_APPLICABLE_IN_REAL_DATA,NOT_APPLICABLE_PRE_AWARD,UNPARSED_SCHEDULE_TABLE,nashik_295_17860933424790.pdf,1,TEXT,nashik_295_17860933424790.pdf,ccf19d90d155afd13ec635e7d683596531ef0d151e50f58e49a0ae2d2ecfccad,https://cdn.s3waas.gov.in/s3b3967a0e938dc2a6340e258630febd5a/uploads/2026/08/17860933424790.pdf,53,53,53,1,0,False,,,Rural Infrastructure,False,NONE_OBSERVED
CAS_CLEAN_171,DERIVED,,Nashik,,,,District Collectorate & Administration Nashik,RFCTLARR_2013,IN_PROGRESS,,2026-08-14,,,2026-08-14,2026-08-14,0,,,False,,,,,,,NOT_PUBLISHED_IN_GAZETTE,NOT_PUBLISHED_IN_STRUCTURED_DATA,NOT_APPLICABLE_IN_REAL_DATA,NOT_APPLICABLE_PRE_AWARD,UNPARSED_SCHEDULE_TABLE,nashik_298_17866235028079.pdf,1,OCR,nashik_298_17866235028079.pdf,1b0d921cfb67ad8274848237afb164a77c159ff67e1c1d06651e025721c5b1f6,https://cdn.s3waas.gov.in/s3b3967a0e938dc2a6340e258630febd5a/uploads/2026/08/17866235028079.pdf,46,46,46,1,0,False,,,Rural Infrastructure,False,NONE_OBSERVED
CAS_CLEAN_172,DERIVED,,Nashik,Niphad,,Nashik Ring Road Project,District Collectorate & Administration Nashik,RFCTLARR_2013,IN_PROGRESS,,,,,2026-08-06,2026-08-06,0,,,False,,,,,,,NOT_PUBLISHED_IN_GAZETTE,NOT_PUBLISHED_IN_STRUCTURED_DATA,NOT_APPLICABLE_IN_REAL_DATA,NOT_APPLICABLE_PRE_AWARD,UNPARSED_SCHEDULE_TABLE,nashik_293_17860213334683.pdf,1,TEXT,nashik_293_17860213334683.pdf,5caf897f7a85aaafa722ee6088d2571351456efc8227ed4193b2c75a1fc826eb,https://cdn.s3waas.gov.in/s3b3967a0e938dc2a6340e258630febd5a/uploads/2026/08/17860213334683.pdf,54,54,54,1,0,False,,,Ring Road,False,NONE_OBSERVED
CAS_CLEAN_173,DERIVED,,Nashik,Niphad,,Nashik Ring Road Project,District Collectorate & Administration Nashik,RFCTLARR_2013,IN_PROGRESS,,,,,2026-08-06,2026-08-06,0,,,False,,,,,,,NOT_PUBLISHED_IN_GAZETTE,NOT_PUBLISHED_IN_STRUCTURED_DATA,NOT_APPLICABLE_IN_REAL_DATA,NOT_APPLICABLE_PRE_AWARD,UNPARSED_SCHEDULE_TABLE,nashik_294_17860219632025.pdf,1,OCR,nashik_294_17860219632025.pdf,5f524a510371eae405954129d8b82bc8a8bf7d6411b6f07a808dd1065c434cd8,https://cdn.s3waas.gov.in/s3b3967a0e938dc2a6340e258630febd5a/uploads/2026/08/17860219632025.pdf,54,54,54,1,0,False,,,Ring Road,False,NONE_OBSERVED
CAS_CLEAN_174,DERIVED,,Nashik,,,Ring Road Project,District Collectorate & Administration Nashik,RFCTLARR_2013,IN_PROGRESS,2026-07-29,,,,2026-07-29,2026-07-29,0,,,False,,,,,,,NOT_PUBLISHED_IN_GAZETTE,NOT_PUBLISHED_IN_STRUCTURED_DATA,NOT_APPLICABLE_IN_REAL_DATA,NOT_APPLICABLE_PRE_AWARD,UNPARSED_SCHEDULE_TABLE,nashik_291_17853111012781.pdf,1,OCR,nashik_291_17853111012781.pdf,49553834287329eb229233e65c07f836adc9a504b974dbc38a3110a7f9764b99,https://cdn.s3waas.gov.in/s3b3967a0e938dc2a6340e258630febd5a/uploads/2026/07/17853111012781.pdf,62,62,62,1,0,False,0.17,,Ring Road,False,NONE_OBSERVED
CAS_CLEAN_175,DERIVED,,Nashik,,,Ring Road Project,District Collectorate & Administration Nashik,RFCTLARR_2013,IN_PROGRESS,2026-07-29,,,,2026-07-29,2026-07-29,0,,,False,,,,,,,NOT_PUBLISHED_IN_GAZETTE,NOT_PUBLISHED_IN_STRUCTURED_DATA,NOT_APPLICABLE_IN_REAL_DATA,NOT_APPLICABLE_PRE_AWARD,UNPARSED_SCHEDULE_TABLE,nashik_292_17853113162721.pdf,1,OCR,nashik_292_17853113162721.pdf,42365ee29ce9257a4a5eb4d92ec4efbb63af8d2afd6eaf98ee66dd4dc1d3a44d,https://cdn.s3waas.gov.in/s3b3967a0e938dc2a6340e258630febd5a/uploads/2026/07/17853113162721.pdf,62,62,62,1,0,False,0.17,,Ring Road,False,NONE_OBSERVED
CAS_CLEAN_176,DERIVED,,Nashik,,,Ring Road Project,District Collectorate & Administration Nashik,RFCTLARR_2013,COMPLETED,,,,2026-08-10,2026-08-10,2026-08-10,0,,,False,,,,,,,NOT_PUBLISHED_IN_GAZETTE,NOT_PUBLISHED_IN_STRUCTURED_DATA,NOT_APPLICABLE_IN_REAL_DATA,UNPARSED_FROM_PDF_AWARDS,UNPARSED_SCHEDULE_TABLE,nashik_296_17863550683167.pdf,1,OCR,nashik_296_17863550683167.pdf,fd86461e2f7cc8522351883467496ecf539a6e065fbe1c27875f4dbdba8dcfac,https://cdn.s3waas.gov.in/s3b3967a0e938dc2a6340e258630febd5a/uploads/2026/08/17863550683167.pdf,50,50,50,1,0,False,,,Ring Road,False,NONE_OBSERVED
CAS_CLEAN_177,DERIVED,,Nashik,,,Ring Road Project,District Collectorate & Administration Nashik,RFCTLARR_2013,COMPLETED,,,,2026-08-10,2026-08-10,2026-08-10,0,,,False,,,,,,,NOT_PUBLISHED_IN_GAZETTE,NOT_PUBLISHED_IN_STRUCTURED_DATA,NOT_APPLICABLE_IN_REAL_DATA,UNPARSED_FROM_PDF_AWARDS,UNPARSED_SCHEDULE_TABLE,nashik_297_17863559216619.pdf,1,OCR,nashik_297_17863559216619.pdf,cba17c50dd0c82db9163d0dbda1790efcd58261c889f9da94dba03eae4e3332b,https://cdn.s3waas.gov.in/s3b3967a0e938dc2a6340e258630febd5a/uploads/2026/08/17863559216619.pdf,50,50,50,1,0,False,,,Ring Road,False,NONE_OBSERVED
CAS_CLEAN_178,DERIVED,,Nashik,Dindori,Varvandi,,District Collectorate & Administration Nashik,RFCTLARR_2013,IN_PROGRESS,,,,,2026-08-19,2026-08-19,0,,,False,,,,,,,NOT_PUBLISHED_IN_GAZETTE,NOT_PUBLISHED_IN_STRUCTURED_DATA,NOT_APPLICABLE_IN_REAL_DATA,NOT_APPLICABLE_PRE_AWARD,UNPARSED_SCHEDULE_TABLE,nashik_300_17871436842960.pdf,1,TEXT,nashik_300_17871436842960.pdf,d72ad9ae7b06b24e30f9dba13ec4945b2fe66adba9563baa2eecdd33ca6f5a0f,https://cdn.s3waas.gov.in/s3b3967a0e938dc2a6340e258630febd5a/uploads/2026/08/17871436842960.pdf,41,41,41,1,0,False,,,Rural Infrastructure,False,NONE_OBSERVED
CAS_CLEAN_179,DERIVED,,Pune,,Alandi,,District Collectorate & Administration Pune,RFCTLARR_2013,COMPLETED,,,,2026-07-31,2026-07-31,2026-07-31,0,,,False,,,,,,,NOT_PUBLISHED_IN_GAZETTE,NOT_PUBLISHED_IN_STRUCTURED_DATA,NOT_APPLICABLE_IN_REAL_DATA,UNPARSED_FROM_PDF_AWARDS,UNPARSED_SCHEDULE_TABLE,pune_216_17863543499967.pdf,1,OCR,pune_216_17863543499967.pdf,f0ef3ce182b1b3ec514aa2126846be3d5eb818e51d8a4d4a24ff72d31761626d,https://cdn.s3waas.gov.in/s3ffeabd223de0d4eacb9a3e6e53e5448d/uploads/2026/08/17863543499967.pdf,60,60,60,1,0,False,,,Rural Infrastructure,False,NONE_OBSERVED
CAS_CLEAN_180,DERIVED,,Pune,Mulshi,Ambadvet,,District Collectorate & Administration Pune,RFCTLARR_2013,IN_PROGRESS,,,,,2026-06-29,2026-06-29,0,,,False,,,,,,,NOT_PUBLISHED_IN_GAZETTE,NOT_PUBLISHED_IN_STRUCTURED_DATA,NOT_APPLICABLE_IN_REAL_DATA,NOT_APPLICABLE_PRE_AWARD,UNPARSED_SCHEDULE_TABLE,pune_221_17827290338678.pdf,1,OCR,pune_221_17827290338678.pdf,adcaeae876c8dfa0a15308c12c03acc3088dd91861e30bd4d98ac2905777eb13,https://cdn.s3waas.gov.in/s3ffeabd223de0d4eacb9a3e6e53e5448d/uploads/2026/06/17827290338678.pdf,92,92,92,1,0,False,,,Rural Infrastructure,False,NONE_OBSERVED
CAS_CLEAN_181,OFFICIAL_CASE_NUMBER,23/3,Pune,Haveli,Balewadi,Urban Development Plan (DP) Road Widening,District Collectorate & Administration Pune,RFCTLARR_2013,IN_PROGRESS,,,,,2026-03-09,2026-03-09,0,,,False,,,,,,,NOT_PUBLISHED_IN_GAZETTE,NOT_PUBLISHED_IN_STRUCTURED_DATA,NOT_APPLICABLE_IN_REAL_DATA,NOT_APPLICABLE_PRE_AWARD,UNPARSED_SCHEDULE_TABLE,pune_230_17733109989773.pdf,1,TEXT,pune_230_17733109989773.pdf,5acb93dbaf6a6b1692a14c7c59cf718413e528c46bc6601101c773f4db177b72,https://cdn.s3waas.gov.in/s3ffeabd223de0d4eacb9a3e6e53e5448d/uploads/2026/03/17733109989773.pdf,204,204,204,1,0,False,,,Highway / Road Widening,False,NONE_OBSERVED
CAS_CLEAN_182,OFFICIAL_CASE_NUMBER,2/3,Pune,Haveli,Balewadi,Urban Development Plan (DP) Road Widening,District Collectorate & Administration Pune,RFCTLARR_2013,IN_PROGRESS,,,,,2026-02-05,2026-02-05,0,,,False,,,,,,,NOT_PUBLISHED_IN_GAZETTE,NOT_PUBLISHED_IN_STRUCTURED_DATA,NOT_APPLICABLE_IN_REAL_DATA,NOT_APPLICABLE_PRE_AWARD,UNPARSED_SCHEDULE_TABLE,pune_231_17703641267695.pdf,1,OCR,pune_231_17703641267695.pdf,69189bdc118b26126c351f0c6c698bacf4d283378c0e5b4a02087c454f4b3f38,https://cdn.s3waas.gov.in/s3ffeabd223de0d4eacb9a3e6e53e5448d/uploads/2026/02/17703641267695.pdf,236,236,236,1,0,False,,,Highway / Road Widening,False,NONE_OBSERVED
CAS_CLEAN_183,DERIVED,,Pune,Indapur,Bandgarwadi,National Highway NH-9,District Collectorate & Administration Pune,NATIONAL_HIGHWAYS_ACT_1956,IN_PROGRESS,,,,,2026-05-15,2026-05-15,0,,,False,,,,,,,NOT_PUBLISHED_IN_GAZETTE,NOT_PUBLISHED_IN_STRUCTURED_DATA,NOT_APPLICABLE_IN_REAL_DATA,NOT_APPLICABLE_PRE_AWARD,UNPARSED_SCHEDULE_TABLE,pune_227_17790905954433.pdf,1,OCR,pune_227_17790905954433.pdf,2edcdc9437a67f5ba37dd468ff3e8bf74d11e052e6800ada9974774969b6dd38,https://cdn.s3waas.gov.in/s3ffeabd223de0d4eacb9a3e6e53e5448d/uploads/2026/05/17790905954433.pdf,137,137,137,1,0,False,,,Highway / Road Widening,False,NONE_OBSERVED
CAS_CLEAN_184,DERIVED,,Pune,Haveli,Borhadewadi,Urban Development Plan (DP) Road Widening,District Collectorate & Administration Pune,RFCTLARR_2013,IN_PROGRESS,,,,,2026-09-10,2026-09-10,0,,,False,,,,,,,NOT_PUBLISHED_IN_GAZETTE,NOT_PUBLISHED_IN_STRUCTURED_DATA,NOT_APPLICABLE_IN_REAL_DATA,NOT_APPLICABLE_PRE_AWARD,UNPARSED_SCHEDULE_TABLE,pune_209_17899863254024.pdf,1,TEXT,pune_209_17899863254024.pdf,673a718813d28d353161a8c6f2672162d764af97f30972ce5616018c171c449b,https://cdn.s3waas.gov.in/s3ffeabd223de0d4eacb9a3e6e53e5448d/uploads/2026/09/17899863254024.pdf,19,19,19,1,0,False,,,Highway / Road Widening,False,NONE_OBSERVED
CAS_CLEAN_185,OFFICIAL_CASE_NUMBER,266/1,Pune,,,,District Collectorate & Administration Pune,RFCTLARR_2013,IN_PROGRESS,,,,,2025-01-03,2025-01-03,0,,,False,,,,,,,NOT_PUBLISHED_IN_GAZETTE,NOT_PUBLISHED_IN_STRUCTURED_DATA,NOT_APPLICABLE_IN_REAL_DATA,NOT_APPLICABLE_PRE_AWARD,UNPARSED_SCHEDULE_TABLE,pune_282_2025010694.pdf,1,OCR,pune_282_2025010694.pdf,433788258861e0bfeb8ce5975c523c9875ab26a1667cc789b0918eaeb8dbf7f1,https://cdn.s3waas.gov.in/s3ffeabd223de0d4eacb9a3e6e53e5448d/uploads/2025/01/2025010694.pdf,634,634,634,1,0,False,,,Rural Infrastructure,False,NONE_OBSERVED
CAS_CLEAN_186,OFFICIAL_CASE_NUMBER,807/B,Pune,,,,District Collectorate & Administration Pune,RFCTLARR_2013,IN_PROGRESS,,,,,2026-09-04,2026-09-04,0,,,False,,,,,,,NOT_PUBLISHED_IN_GAZETTE,NOT_PUBLISHED_IN_STRUCTURED_DATA,NOT_APPLICABLE_IN_REAL_DATA,NOT_APPLICABLE_PRE_AWARD,UNPARSED_SCHEDULE_TABLE,pune_208_17900791641133.pdf,1,OCR,pune_208_17900791641133.pdf,0617be75328774c87e6523dd5424b79fcd934ce1bcc061d494c22c7a620e75d2,https://cdn.s3waas.gov.in/s3ffeabd223de0d4eacb9a3e6e53e5448d/uploads/2026/09/17900791641133.pdf,25,25,25,1,0,False,,,Metro Rail,False,NONE_OBSERVED
CAS_CLEAN_187,DERIVED,,Pune,,Chimbli,,District Collectorate & Administration Pune,RFCTLARR_2013,COMPLETED,,,,2026-07-31,2026-07-31,2026-07-31,0,,,False,,,,,,,NOT_PUBLISHED_IN_GAZETTE,NOT_PUBLISHED_IN_STRUCTURED_DATA,NOT_APPLICABLE_IN_REAL_DATA,UNPARSED_FROM_PDF_AWARDS,UNPARSED_SCHEDULE_TABLE,pune_217_17863542082258.pdf,1,OCR,pune_217_17863542082258.pdf,4071f6efed93d4b2e10f2e1608b1d51c15d83254bf1c9d4410e3657c1d85520d,https://cdn.s3waas.gov.in/s3ffeabd223de0d4eacb9a3e6e53e5448d/uploads/2026/08/17863542082258.pdf,60,60,60,1,0,False,,,Rural Infrastructure,False,NONE_OBSERVED
CAS_CLEAN_188,DERIVED,,Pune,,,,District Collectorate & Administration Pune,RFCTLARR_2013,IN_PROGRESS,2026-08-14,,,,2026-08-14,2026-08-14,0,,,False,,,,,,,NOT_PUBLISHED_IN_GAZETTE,NOT_PUBLISHED_IN_STRUCTURED_DATA,NOT_APPLICABLE_IN_REAL_DATA,NOT_APPLICABLE_PRE_AWARD,UNPARSED_SCHEDULE_TABLE,pune_213_17867130795298.pdf,1,OCR,pune_213_17867130795298.pdf,71117eead784af146a2c542e1af074ddb8a984a31f12ab9f287e29c11feb73ca,https://cdn.s3waas.gov.in/s3ffeabd223de0d4eacb9a3e6e53e5448d/uploads/2026/08/17867130795298.pdf,46,46,46,1,0,False,0.126,,Rural Infrastructure,False,NONE_OBSERVED
CAS_CLEAN_189,DERIVED,,Pune,,,,District Collectorate & Administration Pune,RFCTLARR_2013,IN_PROGRESS,,,,,2025-09-03,2025-09-03,0,,,False,,,,,,,NOT_PUBLISHED_IN_GAZETTE,NOT_PUBLISHED_IN_STRUCTURED_DATA,NOT_APPLICABLE_IN_REAL_DATA,NOT_APPLICABLE_PRE_AWARD,UNPARSED_SCHEDULE_TABLE,pune_236_17568867412811.pdf,1,TEXT,pune_236_17568867412811.pdf,61d810e677713556653e266c67e3155dd73df6e1461b54e6f36a1eccadce613b,https://cdn.s3waas.gov.in/s3ffeabd223de0d4eacb9a3e6e53e5448d/uploads/2025/09/17568867412811.pdf,391,391,391,1,0,False,,,Rural Infrastructure,False,NONE_OBSERVED
CAS_CLEAN_190,DERIVED,,Pune,,,,District Collectorate & Administration Pune,RFCTLARR_2013,IN_PROGRESS,,,,,2025-08-04,2025-08-04,0,,,False,,,,,,,NOT_PUBLISHED_IN_GAZETTE,NOT_PUBLISHED_IN_STRUCTURED_DATA,NOT_APPLICABLE_IN_REAL_DATA,NOT_APPLICABLE_PRE_AWARD,UNPARSED_SCHEDULE_TABLE,pune_237_17542941301650.pdf,1,OCR,pune_237_17542941301650.pdf,e9d8e6d3e2987148e003ca24e078d7de14cda7070f9c241c3b037c7006dd533d,https://cdn.s3waas.gov.in/s3ffeabd223de0d4eacb9a3e6e53e5448d/uploads/2025/08/17542941301650.pdf,421,421,421,1,0,False,,,Rural Infrastructure,False,NONE_OBSERVED
CAS_CLEAN_191,DERIVED,,Pune,,,,District Collectorate & Administration Pune,RFCTLARR_2013,IN_PROGRESS,,,,,2025-07-17,2025-07-17,0,,,False,,,,,,,NOT_PUBLISHED_IN_GAZETTE,NOT_PUBLISHED_IN_STRUCTURED_DATA,NOT_APPLICABLE_IN_REAL_DATA,NOT_APPLICABLE_PRE_AWARD,UNPARSED_SCHEDULE_TABLE,pune_240_17531722957596.pdf,1,OCR,pune_240_17531722957596.pdf,79d44fc478da8308f36e7b731f9f3a720e815c9ab188619aafe6cd641498b9a0,https://cdn.s3waas.gov.in/s3ffeabd223de0d4eacb9a3e6e53e5448d/uploads/2025/07/17531722957596.pdf,439,439,439,1,0,False,,,Rural Infrastructure,False,NONE_OBSERVED
CAS_CLEAN_192,DERIVED,,Pune,,,,District Collectorate & Administration Pune,RFCTLARR_2013,COMPLETED,,,,2025-07-17,2025-07-17,2025-07-17,0,,,False,,,,,,,NOT_PUBLISHED_IN_GAZETTE,NOT_PUBLISHED_IN_STRUCTURED_DATA,NOT_APPLICABLE_IN_REAL_DATA,UNPARSED_FROM_PDF_AWARDS,UNPARSED_SCHEDULE_TABLE,pune_241_17531720671843.pdf,1,OCR,pune_241_17531720671843.pdf,4552dd216ee2176b389ec5b76fb465e20b116996c50143731ca548cabe80226f,https://cdn.s3waas.gov.in/s3ffeabd223de0d4eacb9a3e6e53e5448d/uploads/2025/07/17531720671843.pdf,439,439,439,1,0,False,,,Rural Infrastructure,False,NONE_OBSERVED
CAS_CLEAN_193,DERIVED,,Pune,,,,District Collectorate & Administration Pune,RFCTLARR_2013,IN_PROGRESS,,,,,2025-06-06,2025-06-06,0,,,False,,,,,,,NOT_PUBLISHED_IN_GAZETTE,NOT_PUBLISHED_IN_STRUCTURED_DATA,NOT_APPLICABLE_IN_REAL_DATA,NOT_APPLICABLE_PRE_AWARD,UNPARSED_SCHEDULE_TABLE,pune_242_2025070426.pdf,1,OCR,pune_242_2025070426.pdf,f7a69055a5fcd0ac078bf2b6502c6e843b559b2aa8811f29aa941c6dd1226e19,https://cdn.s3waas.gov.in/s3ffeabd223de0d4eacb9a3e6e53e5448d/uploads/2025/07/2025070426.pdf,480,480,480,1,0,False,,,Rural Infrastructure,False,NONE_OBSERVED
CAS_CLEAN_194,DERIVED,,Pune,,,,District Collectorate & Administration Pune,RFCTLARR_2013,IN_PROGRESS,,,,,2025-06-27,2025-06-27,0,,,False,,,,,,,NOT_PUBLISHED_IN_GAZETTE,NOT_PUBLISHED_IN_STRUCTURED_DATA,NOT_APPLICABLE_IN_REAL_DATA,NOT_APPLICABLE_PRE_AWARD,UNPARSED_SCHEDULE_TABLE,pune_243_2025070256.pdf,1,TEXT,pune_243_2025070256.pdf,45886aa14e2b94e8a4612de3c6263d4f9890aba8886139179e2a44debb35f739,https://cdn.s3waas.gov.in/s3ffeabd223de0d4eacb9a3e6e53e5448d/uploads/2025/07/2025070256.pdf,459,459,459,1,0,False,,,Rural Infrastructure,False,NONE_OBSERVED
CAS_CLEAN_195,DERIVED,,Pune,,,,District Collectorate & Administration Pune,RFCTLARR_2013,IN_PROGRESS,,,,,2025-06-27,2025-06-27,0,,,False,,,,,,,NOT_PUBLISHED_IN_GAZETTE,NOT_PUBLISHED_IN_STRUCTURED_DATA,NOT_APPLICABLE_IN_REAL_DATA,NOT_APPLICABLE_PRE_AWARD,UNPARSED_SCHEDULE_TABLE,pune_244_2025070250.pdf,1,TEXT,pune_244_2025070250.pdf,f528e798166ad481a2bfc071c49cdd3fdff4e2aa19aa361f758fca503395c43d,https://cdn.s3waas.gov.in/s3ffeabd223de0d4eacb9a3e6e53e5448d/uploads/2025/07/2025070250.pdf,459,459,459,1,0,False,,,Rural Infrastructure,False,NONE_OBSERVED
CAS_CLEAN_196,DERIVED,,Pune,,,,District Collectorate & Administration Pune,RFCTLARR_2013,IN_PROGRESS,,,,,2025-06-06,2025-06-06,0,,,False,,,,,,,NOT_PUBLISHED_IN_GAZETTE,NOT_PUBLISHED_IN_STRUCTURED_DATA,NOT_APPLICABLE_IN_REAL_DATA,NOT_APPLICABLE_PRE_AWARD,UNPARSED_SCHEDULE_TABLE,pune_246_2025062646.pdf,1,OCR,pune_246_2025062646.pdf,9f85b367c3707ccc9a561b3893d41f4137df9092912852feb1566194a0c30567,https://cdn.s3waas.gov.in/s3ffeabd223de0d4eacb9a3e6e53e5448d/uploads/2025/06/2025062646.pdf,480,480,480,1,0,False,,,Rural Infrastructure,False,NONE_OBSERVED
CAS_CLEAN_197,DERIVED,,Pune,,,,District Collectorate & Administration Pune,RFCTLARR_2013,IN_PROGRESS,,,,,2025-04-17,2025-04-17,0,,,False,,,,,,,NOT_PUBLISHED_IN_GAZETTE,NOT_PUBLISHED_IN_STRUCTURED_DATA,NOT_APPLICABLE_IN_REAL_DATA,NOT_APPLICABLE_PRE_AWARD,UNPARSED_SCHEDULE_TABLE,pune_247_2025060362.pdf,1,OCR,pune_247_2025060362.pdf,7b29e87afd4c6d8c83308cb61107dcdfee585613402baba26177398ca939b1f7,https://cdn.s3waas.gov.in/s3ffeabd223de0d4eacb9a3e6e53e5448d/uploads/2025/06/2025060362.pdf,530,530,530,1,0,False,,,Rural Infrastructure,False,NONE_OBSERVED
CAS_CLEAN_198,DERIVED,,Pune,,,,District Collectorate & Administration Pune,RFCTLARR_2013,IN_PROGRESS,,,,,2025-04-21,2025-04-21,0,,,False,,,,,,,NOT_PUBLISHED_IN_GAZETTE,NOT_PUBLISHED_IN_STRUCTURED_DATA,NOT_APPLICABLE_IN_REAL_DATA,NOT_APPLICABLE_PRE_AWARD,UNPARSED_SCHEDULE_TABLE,pune_248_2025050280.pdf,1,TEXT,pune_248_2025050280.pdf,820bc4d45cc15ac0968ba8c4d30497c779e8fd89a9ef1291d5ba026f3a029b4a,https://cdn.s3waas.gov.in/s3ffeabd223de0d4eacb9a3e6e53e5448d/uploads/2025/05/2025050280.pdf,526,526,526,1,0,False,,,Rural Infrastructure,False,NONE_OBSERVED
CAS_CLEAN_199,DERIVED,,Pune,,,,District Collectorate & Administration Pune,RFCTLARR_2013,IN_PROGRESS,,,,,2025-04-21,2025-04-21,0,,,False,,,,,,,NOT_PUBLISHED_IN_GAZETTE,NOT_PUBLISHED_IN_STRUCTURED_DATA,NOT_APPLICABLE_IN_REAL_DATA,NOT_APPLICABLE_PRE_AWARD,UNPARSED_SCHEDULE_TABLE,pune_249_20250502100.pdf,1,TEXT,pune_249_20250502100.pdf,05b32938aebc2cdc03f1d21d439ce17e1b827f26c5377c4c37e3f34c5458210a,https://cdn.s3waas.gov.in/s3ffeabd223de0d4eacb9a3e6e53e5448d/uploads/2025/05/20250502100.pdf,526,526,526,1,0,False,,,Rural Infrastructure,False,NONE_OBSERVED
CAS_CLEAN_200,DERIVED,,Pune,,,,District Collectorate & Administration Pune,RFCTLARR_2013,IN_PROGRESS,,,,,2025-04-21,2025-04-21,0,,,False,,,,,,,NOT_PUBLISHED_IN_GAZETTE,NOT_PUBLISHED_IN_STRUCTURED_DATA,NOT_APPLICABLE_IN_REAL_DATA,NOT_APPLICABLE_PRE_AWARD,UNPARSED_SCHEDULE_TABLE,pune_250_2025050287.pdf,1,TEXT,pune_250_2025050287.pdf,a681655306373defeff4c1e37ecac49699c2f29264b995b0630331e9380f5ebf,https://cdn.s3waas.gov.in/s3ffeabd223de0d4eacb9a3e6e53e5448d/uploads/2025/05/2025050287.pdf,526,526,526,1,0,False,,,Rural Infrastructure,False,NONE_OBSERVED
CAS_CLEAN_201,DERIVED,,Pune,,,,District Collectorate & Administration Pune,RFCTLARR_2013,IN_PROGRESS,,,,,2025-04-04,2025-04-04,0,,,False,,,,,,,NOT_PUBLISHED_IN_GAZETTE,NOT_PUBLISHED_IN_STRUCTURED_DATA,NOT_APPLICABLE_IN_REAL_DATA,NOT_APPLICABLE_PRE_AWARD,UNPARSED_SCHEDULE_TABLE,pune_252_2025043041.pdf,1,OCR,pune_252_2025043041.pdf,0f19367dbad88320de3d90f7fda58b0c0cda15d52d1e1332f9c9ec3ac9309971,https://cdn.s3waas.gov.in/s3ffeabd223de0d4eacb9a3e6e53e5448d/uploads/2025/04/2025043041.pdf,543,543,543,1,0,False,,,Rural Infrastructure,False,NONE_OBSERVED
CAS_CLEAN_202,DERIVED,,Pune,,,,District Collectorate & Administration Pune,RFCTLARR_2013,COMPLETED,,,,2025-02-27,2025-02-27,2025-02-27,0,,,False,,,,,,,NOT_PUBLISHED_IN_GAZETTE,NOT_PUBLISHED_IN_STRUCTURED_DATA,NOT_APPLICABLE_IN_REAL_DATA,UNPARSED_FROM_PDF_AWARDS,UNPARSED_SCHEDULE_TABLE,pune_255_2025032550.pdf,1,TEXT,pune_255_2025032550.pdf,d28471ffda7fb1aa13383fb59162bec679ebe9cc37cdd413cc66810b2c244c66,https://cdn.s3waas.gov.in/s3ffeabd223de0d4eacb9a3e6e53e5448d/uploads/2025/03/2025032550.pdf,579,579,579,1,0,False,,,Rural Infrastructure,False,NONE_OBSERVED
CAS_CLEAN_203,DERIVED,,Pune,,,,District Collectorate & Administration Pune,RFCTLARR_2013,IN_PROGRESS,,,,,2025-02-27,2025-02-27,0,,,False,,,,,,,NOT_PUBLISHED_IN_GAZETTE,NOT_PUBLISHED_IN_STRUCTURED_DATA,NOT_APPLICABLE_IN_REAL_DATA,NOT_APPLICABLE_PRE_AWARD,UNPARSED_SCHEDULE_TABLE,pune_256_2025032549.pdf,1,TEXT,pune_256_2025032549.pdf,7c5ef36416d40460646156528685daf649d66a7b678c1800cf141494d046361b,https://cdn.s3waas.gov.in/s3ffeabd223de0d4eacb9a3e6e53e5448d/uploads/2025/03/2025032549.pdf,579,579,579,1,0,False,,,Rural Infrastructure,False,NONE_OBSERVED
CAS_CLEAN_204,DERIVED,,Pune,HH fOnT,,,District Collectorate & Administration Pune,RFCTLARR_2013,IN_PROGRESS,,,,,2025-02-27,2025-02-27,0,,,False,,,,,,,NOT_PUBLISHED_IN_GAZETTE,NOT_PUBLISHED_IN_STRUCTURED_DATA,NOT_APPLICABLE_IN_REAL_DATA,NOT_APPLICABLE_PRE_AWARD,UNPARSED_SCHEDULE_TABLE,pune_257_2025032526.pdf,1,TEXT,pune_257_2025032526.pdf,0f5db64361c49a978acee26639a6d1312e32cace3b6d963f08cdc29bedf9cfc3,https://cdn.s3waas.gov.in/s3ffeabd223de0d4eacb9a3e6e53e5448d/uploads/2025/03/2025032526.pdf,579,579,579,1,0,False,,,Rural Infrastructure,False,NONE_OBSERVED
CAS_CLEAN_205,DERIVED,,Pune,qgTITFt aNNvq,,,District Collectorate & Administration Pune,RFCTLARR_2013,IN_PROGRESS,,,,,2025-02-27,2025-02-27,0,,,False,,,,,,,NOT_PUBLISHED_IN_GAZETTE,NOT_PUBLISHED_IN_STRUCTURED_DATA,NOT_APPLICABLE_IN_REAL_DATA,NOT_APPLICABLE_PRE_AWARD,UNPARSED_SCHEDULE_TABLE,pune_258_2025032543.pdf,1,TEXT,pune_258_2025032543.pdf,b1afdab0bbeb93d25926df2f911a45f5c105ae89b4962b831afa2898e6d54701,https://cdn.s3waas.gov.in/s3ffeabd223de0d4eacb9a3e6e53e5448d/uploads/2025/03/2025032543.pdf,579,579,579,1,0,False,,,Rural Infrastructure,False,NONE_OBSERVED
CAS_CLEAN_206,DERIVED,,Pune,,,,District Collectorate & Administration Pune,RFCTLARR_2013,IN_PROGRESS,,,,,2025-02-27,2025-02-27,0,,,False,,,,,,,NOT_PUBLISHED_IN_GAZETTE,NOT_PUBLISHED_IN_STRUCTURED_DATA,NOT_APPLICABLE_IN_REAL_DATA,NOT_APPLICABLE_PRE_AWARD,UNPARSED_SCHEDULE_TABLE,pune_259_2025032432.pdf,1,OCR,pune_259_2025032432.pdf,7a78c49230ca959af077e5192dc7f7a0a9c495829b6a128d3f62d7d29aa266ce,https://cdn.s3waas.gov.in/s3ffeabd223de0d4eacb9a3e6e53e5448d/uploads/2025/03/2025032432.pdf,579,579,579,1,0,False,,,Rural Infrastructure,False,NONE_OBSERVED
CAS_CLEAN_207,DERIVED,,Pune,,,,District Collectorate & Administration Pune,RFCTLARR_2013,IN_PROGRESS,,,,,2025-03-13,2025-03-13,0,,,False,,,,,,,NOT_PUBLISHED_IN_GAZETTE,NOT_PUBLISHED_IN_STRUCTURED_DATA,NOT_APPLICABLE_IN_REAL_DATA,NOT_APPLICABLE_PRE_AWARD,UNPARSED_SCHEDULE_TABLE,pune_260_2025032442.pdf,1,OCR,pune_260_2025032442.pdf,d239f42388d61db71a9cb8554cffcb0a5e2c1950d8d3a2f3c2037c894d59424f,https://cdn.s3waas.gov.in/s3ffeabd223de0d4eacb9a3e6e53e5448d/uploads/2025/03/2025032442.pdf,565,565,565,1,0,False,,,Rural Infrastructure,False,NONE_OBSERVED
CAS_CLEAN_208,DERIVED,,Pune,,,,District Collectorate & Administration Pune,RFCTLARR_2013,IN_PROGRESS,,,,,2025-03-13,2025-03-13,0,,,False,,,,,,,NOT_PUBLISHED_IN_GAZETTE,NOT_PUBLISHED_IN_STRUCTURED_DATA,NOT_APPLICABLE_IN_REAL_DATA,NOT_APPLICABLE_PRE_AWARD,UNPARSED_SCHEDULE_TABLE,pune_261_2025032453.pdf,1,OCR,pune_261_2025032453.pdf,e071d0bb3589b37c918774d41712e79761c8664a36b29cda3dc47ddf06e2ef3f,https://cdn.s3waas.gov.in/s3ffeabd223de0d4eacb9a3e6e53e5448d/uploads/2025/03/2025032453.pdf,565,565,565,1,0,False,,,Rural Infrastructure,False,NONE_OBSERVED
CAS_CLEAN_209,DERIVED,,Pune,,,,District Collectorate & Administration Pune,RFCTLARR_2013,IN_PROGRESS,,,,,2025-03-13,2025-03-13,0,,,False,,,,,,,NOT_PUBLISHED_IN_GAZETTE,NOT_PUBLISHED_IN_STRUCTURED_DATA,NOT_APPLICABLE_IN_REAL_DATA,NOT_APPLICABLE_PRE_AWARD,UNPARSED_SCHEDULE_TABLE,pune_262_2025032415.pdf,1,OCR,pune_262_2025032415.pdf,bd43e3f6f438412d3911cb54cfa1160ebc96d20dbe0e67c70eafd2121ec1cc5d,https://cdn.s3waas.gov.in/s3ffeabd223de0d4eacb9a3e6e53e5448d/uploads/2025/03/2025032415.pdf,565,565,565,1,0,False,,,Rural Infrastructure,False,NONE_OBSERVED
CAS_CLEAN_210,DERIVED,,Pune,,,,District Collectorate & Administration Pune,RFCTLARR_2013,IN_PROGRESS,,,,,2025-03-20,2025-03-20,0,,,False,,,,,,,NOT_PUBLISHED_IN_GAZETTE,NOT_PUBLISHED_IN_STRUCTURED_DATA,NOT_APPLICABLE_IN_REAL_DATA,NOT_APPLICABLE_PRE_AWARD,UNPARSED_SCHEDULE_TABLE,pune_263_2025032160.pdf,1,TEXT,pune_263_2025032160.pdf,00c1839ebf18a0a17c671a8dbb0c2d859040fd4ffbae990becb0471d004a70cf,https://cdn.s3waas.gov.in/s3ffeabd223de0d4eacb9a3e6e53e5448d/uploads/2025/03/2025032160.pdf,558,558,558,1,0,False,,,Rural Infrastructure,False,NONE_OBSERVED
CAS_CLEAN_211,DERIVED,,Pune,,,,District Collectorate & Administration Pune,RFCTLARR_2013,IN_PROGRESS,,,,,2025-03-01,2025-03-01,0,,,False,,,,,,,NOT_PUBLISHED_IN_GAZETTE,NOT_PUBLISHED_IN_STRUCTURED_DATA,NOT_APPLICABLE_IN_REAL_DATA,NOT_APPLICABLE_PRE_AWARD,UNPARSED_SCHEDULE_TABLE,pune_264_2025031812.pdf,1,TEXT,pune_264_2025031812.pdf,ae24ab86e16ed4136459baf68d869f329506486f93427d8a23120ecf331a773c,https://cdn.s3waas.gov.in/s3ffeabd223de0d4eacb9a3e6e53e5448d/uploads/2025/03/2025031812.pdf,577,577,577,1,0,False,,,Rural Infrastructure,False,NONE_OBSERVED
CAS_CLEAN_212,DERIVED,,Pune,,,,District Collectorate & Administration Pune,RFCTLARR_2013,IN_PROGRESS,,,,,2025-03-10,2025-03-10,0,,,False,,,,,,,NOT_PUBLISHED_IN_GAZETTE,NOT_PUBLISHED_IN_STRUCTURED_DATA,NOT_APPLICABLE_IN_REAL_DATA,NOT_APPLICABLE_PRE_AWARD,UNPARSED_SCHEDULE_TABLE,pune_265_2025031967.pdf,1,OCR,pune_265_2025031967.pdf,a667f09da828cef51670df4ef085abb432aad37c98795a840649ac39618ec043,https://cdn.s3waas.gov.in/s3ffeabd223de0d4eacb9a3e6e53e5448d/uploads/2025/03/2025031967.pdf,568,568,568,1,0,False,,,Rural Infrastructure,False,NONE_OBSERVED
CAS_CLEAN_213,DERIVED,,Pune,,,,District Collectorate & Administration Pune,RFCTLARR_2013,IN_PROGRESS,,,,,2025-03-10,2025-03-10,0,,,False,,,,,,,NOT_PUBLISHED_IN_GAZETTE,NOT_PUBLISHED_IN_STRUCTURED_DATA,NOT_APPLICABLE_IN_REAL_DATA,NOT_APPLICABLE_PRE_AWARD,UNPARSED_SCHEDULE_TABLE,pune_266_2025031947.pdf,1,OCR,pune_266_2025031947.pdf,9360874d25797b8984961b18a43faa22a2e9f5805ad90dcd33400a58bcb47093,https://cdn.s3waas.gov.in/s3ffeabd223de0d4eacb9a3e6e53e5448d/uploads/2025/03/2025031947.pdf,568,568,568,1,0,False,,,Rural Infrastructure,False,NONE_OBSERVED
CAS_CLEAN_214,DERIVED,,Pune,,,,District Collectorate & Administration Pune,RFCTLARR_2013,IN_PROGRESS,,,,,2025-01-01,2025-01-01,0,,,False,,,,,,,NOT_PUBLISHED_IN_GAZETTE,NOT_PUBLISHED_IN_STRUCTURED_DATA,NOT_APPLICABLE_IN_REAL_DATA,NOT_APPLICABLE_PRE_AWARD,UNPARSED_SCHEDULE_TABLE,pune_267_2025031394.pdf,1,TEXT,pune_267_2025031394.pdf,1683e1cc04f1222e5f602fda021062e7e56546be215635a1b2e657459e242b23,https://cdn.s3waas.gov.in/s3ffeabd223de0d4eacb9a3e6e53e5448d/uploads/2025/03/2025031394.pdf,636,636,636,1,0,False,,,Rural Infrastructure,False,NONE_OBSERVED
CAS_CLEAN_215,DERIVED,,Pune,,,,District Collectorate & Administration Pune,RFCTLARR_2013,IN_PROGRESS,,,,,2025-03-11,2025-03-11,0,,,False,,,,,,,NOT_PUBLISHED_IN_GAZETTE,NOT_PUBLISHED_IN_STRUCTURED_DATA,NOT_APPLICABLE_IN_REAL_DATA,NOT_APPLICABLE_PRE_AWARD,UNPARSED_SCHEDULE_TABLE,pune_268_2025031130.pdf,1,TEXT,pune_268_2025031130.pdf,4d94c536eefb75ced875155f68744bf17285da83ff656fa37523e164a767b8a9,https://cdn.s3waas.gov.in/s3ffeabd223de0d4eacb9a3e6e53e5448d/uploads/2025/03/2025031130.pdf,567,567,567,1,0,False,,,Rural Infrastructure,False,NONE_OBSERVED
CAS_CLEAN_216,DERIVED,,Pune,,,,District Collectorate & Administration Pune,RFCTLARR_2013,IN_PROGRESS,,,,,2025-02-13,2025-02-13,0,,,False,,,,,,,NOT_PUBLISHED_IN_GAZETTE,NOT_PUBLISHED_IN_STRUCTURED_DATA,NOT_APPLICABLE_IN_REAL_DATA,NOT_APPLICABLE_PRE_AWARD,UNPARSED_SCHEDULE_TABLE,pune_269_2025031176.pdf,1,TEXT,pune_269_2025031176.pdf,ed631a1be4a5044ba7f7ca4e03a7c47a84b2d6044ab02fda4885a40da15e3be5,https://cdn.s3waas.gov.in/s3ffeabd223de0d4eacb9a3e6e53e5448d/uploads/2025/03/2025031176.pdf,593,593,593,1,0,False,,,Rural Infrastructure,False,NONE_OBSERVED
CAS_CLEAN_217,DERIVED,,Pune,,,,District Collectorate & Administration Pune,RFCTLARR_2013,COMPLETED,,,,2025-02-13,2025-02-13,2025-02-13,0,,,False,,,,,,,NOT_PUBLISHED_IN_GAZETTE,NOT_PUBLISHED_IN_STRUCTURED_DATA,NOT_APPLICABLE_IN_REAL_DATA,UNPARSED_FROM_PDF_AWARDS,UNPARSED_SCHEDULE_TABLE,pune_270_2025031195.pdf,1,TEXT,pune_270_2025031195.pdf,aa77777b644839b89fadaa29fc9bf9adb701359479a980a0e68919d9709f8f2d,https://cdn.s3waas.gov.in/s3ffeabd223de0d4eacb9a3e6e53e5448d/uploads/2025/03/2025031195.pdf,593,593,593,1,0,False,,,Rural Infrastructure,False,NONE_OBSERVED
CAS_CLEAN_218,DERIVED,,Pune,,,,District Collectorate & Administration Pune,RFCTLARR_2013,IN_PROGRESS,,,,,2025-02-13,2025-02-13,0,,,False,,,,,,,NOT_PUBLISHED_IN_GAZETTE,NOT_PUBLISHED_IN_STRUCTURED_DATA,NOT_APPLICABLE_IN_REAL_DATA,NOT_APPLICABLE_PRE_AWARD,UNPARSED_SCHEDULE_TABLE,pune_271_2025031145.pdf,1,TEXT,pune_271_2025031145.pdf,e7c3884c591de360b64f9c6d71c13029ec12529f65f6a2c41b263e43c77d87c3,https://cdn.s3waas.gov.in/s3ffeabd223de0d4eacb9a3e6e53e5448d/uploads/2025/03/2025031145.pdf,593,593,593,1,0,False,,,Rural Infrastructure,False,NONE_OBSERVED
CAS_CLEAN_219,DERIVED,,Pune,,,,District Collectorate & Administration Pune,RFCTLARR_2013,IN_PROGRESS,,,,,2025-02-13,2025-02-13,0,,,False,,,,,,,NOT_PUBLISHED_IN_GAZETTE,NOT_PUBLISHED_IN_STRUCTURED_DATA,NOT_APPLICABLE_IN_REAL_DATA,NOT_APPLICABLE_PRE_AWARD,UNPARSED_SCHEDULE_TABLE,pune_272_2025031148.pdf,1,TEXT,pune_272_2025031148.pdf,80300c03531b14ae40ae8277de78888e97abf781d43aa2c7e6574dca7a5882d1,https://cdn.s3waas.gov.in/s3ffeabd223de0d4eacb9a3e6e53e5448d/uploads/2025/03/2025031148.pdf,593,593,593,1,0,False,,,Rural Infrastructure,False,NONE_OBSERVED
CAS_CLEAN_220,DERIVED,,Pune,,,,District Collectorate & Administration Pune,RFCTLARR_2013,COMPLETED,,,,2025-02-13,2025-02-13,2025-02-13,0,,,False,,,,,,,NOT_PUBLISHED_IN_GAZETTE,NOT_PUBLISHED_IN_STRUCTURED_DATA,NOT_APPLICABLE_IN_REAL_DATA,UNPARSED_FROM_PDF_AWARDS,UNPARSED_SCHEDULE_TABLE,pune_273_2025031187.pdf,1,TEXT,pune_273_2025031187.pdf,efbf711902a8ed44ec9fceb2be6f6b3a801783c88304d32075e3b0ba54850752,https://cdn.s3waas.gov.in/s3ffeabd223de0d4eacb9a3e6e53e5448d/uploads/2025/03/2025031187.pdf,593,593,593,1,0,False,,,Rural Infrastructure,False,NONE_OBSERVED
CAS_CLEAN_221,DERIVED,,Pune,,,,District Collectorate & Administration Pune,RFCTLARR_2013,IN_PROGRESS,,,,,2025-02-13,2025-02-13,0,,,False,,,,,,,NOT_PUBLISHED_IN_GAZETTE,NOT_PUBLISHED_IN_STRUCTURED_DATA,NOT_APPLICABLE_IN_REAL_DATA,NOT_APPLICABLE_PRE_AWARD,UNPARSED_SCHEDULE_TABLE,pune_274_20250311100.pdf,1,TEXT,pune_274_20250311100.pdf,6f0651cd4db3d05ad82d26ebac28f729db5a53f41db291e83314c1f1cc1826d3,https://cdn.s3waas.gov.in/s3ffeabd223de0d4eacb9a3e6e53e5448d/uploads/2025/03/20250311100.pdf,593,593,593,1,0,False,,,Rural Infrastructure,False,NONE_OBSERVED
CAS_CLEAN_222,DERIVED,,Pune,,,,District Collectorate & Administration Pune,RFCTLARR_2013,IN_PROGRESS,,,,,2025-01-28,2025-01-28,0,,,False,,,,,,,NOT_PUBLISHED_IN_GAZETTE,NOT_PUBLISHED_IN_STRUCTURED_DATA,NOT_APPLICABLE_IN_REAL_DATA,NOT_APPLICABLE_PRE_AWARD,UNPARSED_SCHEDULE_TABLE,pune_276_2025012894.pdf,1,OCR,pune_276_2025012894.pdf,ca3beff0f74374b4da611189c58389e400118d21cc29b5eb3ef3c223a2546f14,https://cdn.s3waas.gov.in/s3ffeabd223de0d4eacb9a3e6e53e5448d/uploads/2025/01/2025012894.pdf,609,609,609,1,0,False,,,Rural Infrastructure,False,NONE_OBSERVED
CAS_CLEAN_223,DERIVED,,Pune,,,,District Collectorate & Administration Pune,RFCTLARR_2013,IN_PROGRESS,,,,,2025-01-01,2025-01-01,0,,,False,,,,,,,NOT_PUBLISHED_IN_GAZETTE,NOT_PUBLISHED_IN_STRUCTURED_DATA,NOT_APPLICABLE_IN_REAL_DATA,NOT_APPLICABLE_PRE_AWARD,UNPARSED_SCHEDULE_TABLE,pune_277_2025012738.pdf,1,OCR,pune_277_2025012738.pdf,4a3e894d3562fe43e33ced0e88548ddd8f102ad903150585a64e08ee204f45ab,https://cdn.s3waas.gov.in/s3ffeabd223de0d4eacb9a3e6e53e5448d/uploads/2025/01/2025012738.pdf,636,636,636,1,0,False,,,Rural Infrastructure,False,NONE_OBSERVED
CAS_CLEAN_224,DERIVED,,Pune,,,,District Collectorate & Administration Pune,RFCTLARR_2013,IN_PROGRESS,,,,,2025-01-01,2025-01-01,0,,,False,,,,,,,NOT_PUBLISHED_IN_GAZETTE,NOT_PUBLISHED_IN_STRUCTURED_DATA,NOT_APPLICABLE_IN_REAL_DATA,NOT_APPLICABLE_PRE_AWARD,UNPARSED_SCHEDULE_TABLE,pune_278_2025011713.pdf,1,OCR,pune_278_2025011713.pdf,045a42c69e9298dd1c3666afd6dc4ffae7b6a29f59cadc66fa18517499c89ba3,https://cdn.s3waas.gov.in/s3ffeabd223de0d4eacb9a3e6e53e5448d/uploads/2025/01/2025011713.pdf,636,636,636,1,0,False,,,Rural Infrastructure,False,NONE_OBSERVED
CAS_CLEAN_225,DERIVED,,Pune,,,,District Collectorate & Administration Pune,RFCTLARR_2013,IN_PROGRESS,,,,,2025-01-01,2025-01-01,0,,,False,,,,,,,NOT_PUBLISHED_IN_GAZETTE,NOT_PUBLISHED_IN_STRUCTURED_DATA,NOT_APPLICABLE_IN_REAL_DATA,NOT_APPLICABLE_PRE_AWARD,UNPARSED_SCHEDULE_TABLE,pune_279_2025011091.pdf,1,OCR,pune_279_2025011091.pdf,6dcb6b3fb11ad1304f8d26c5f748600cf09d16a2e3a68a7dfe8a56acea2d8a7f,https://cdn.s3waas.gov.in/s3ffeabd223de0d4eacb9a3e6e53e5448d/uploads/2025/01/2025011091.pdf,636,636,636,1,0,False,,,Rural Infrastructure,False,NONE_OBSERVED
CAS_CLEAN_226,DERIVED,,Pune,,,,District Collectorate & Administration Pune,RFCTLARR_2013,COMPLETED,,,,2024-12-27,2024-12-27,2024-12-27,0,,,False,,,,,,,NOT_PUBLISHED_IN_GAZETTE,NOT_PUBLISHED_IN_STRUCTURED_DATA,NOT_APPLICABLE_IN_REAL_DATA,UNPARSED_FROM_PDF_AWARDS,UNPARSED_SCHEDULE_TABLE,pune_280_2025010685.pdf,1,OCR,pune_280_2025010685.pdf,19281d4493ecddbb599cbc4a43163a957236285fa8507975452a536a401e5dcf,https://cdn.s3waas.gov.in/s3ffeabd223de0d4eacb9a3e6e53e5448d/uploads/2025/01/2025010685.pdf,641,641,641,1,0,False,,,Rural Infrastructure,False,NONE_OBSERVED
CAS_CLEAN_227,DERIVED,,Pune,,,,District Collectorate & Administration Pune,RFCTLARR_2013,IN_PROGRESS,,,,,2024-12-27,2024-12-27,0,,,False,,,,,,,NOT_PUBLISHED_IN_GAZETTE,NOT_PUBLISHED_IN_STRUCTURED_DATA,NOT_APPLICABLE_IN_REAL_DATA,NOT_APPLICABLE_PRE_AWARD,UNPARSED_SCHEDULE_TABLE,pune_281_2025010628.pdf,1,OCR,pune_281_2025010628.pdf,800f99ecaec2ce8651d93b3f427a2e1b8f60be519f9618d8f84914272054fc6a,https://cdn.s3waas.gov.in/s3ffeabd223de0d4eacb9a3e6e53e5448d/uploads/2025/01/2025010628.pdf,641,641,641,1,0,False,,,Rural Infrastructure,False,NONE_OBSERVED
CAS_CLEAN_228,DERIVED,,Pune,,,,District Collectorate & Administration Pune,RFCTLARR_2013,IN_PROGRESS,,,,,2024-12-23,2024-12-23,0,,,False,,,,,,,NOT_PUBLISHED_IN_GAZETTE,NOT_PUBLISHED_IN_STRUCTURED_DATA,NOT_APPLICABLE_IN_REAL_DATA,NOT_APPLICABLE_PRE_AWARD,UNPARSED_SCHEDULE_TABLE,pune_285_2024122465.pdf,1,OCR,pune_285_2024122465.pdf,846e1714e463394b1130ec1285e31086207f5e9898e19d835e114b601ef737f4,https://cdn.s3waas.gov.in/s3ffeabd223de0d4eacb9a3e6e53e5448d/uploads/2024/12/2024122465.pdf,645,645,645,1,0,False,,,Rural Infrastructure,False,NONE_OBSERVED
CAS_CLEAN_229,DERIVED,,Pune,,,,District Collectorate & Administration Pune,RFCTLARR_2013,IN_PROGRESS,,,,,2024-12-23,2024-12-23,0,,,False,,,,,,,NOT_PUBLISHED_IN_GAZETTE,NOT_PUBLISHED_IN_STRUCTURED_DATA,NOT_APPLICABLE_IN_REAL_DATA,NOT_APPLICABLE_PRE_AWARD,UNPARSED_SCHEDULE_TABLE,pune_286_2024122434.pdf,1,OCR,pune_286_2024122434.pdf,f1983cdde2e423b2172562acf21df1d4c9d4f9b6501ef20593e36b8ef0e20d1e,https://cdn.s3waas.gov.in/s3ffeabd223de0d4eacb9a3e6e53e5448d/uploads/2024/12/2024122434.pdf,645,645,645,1,0,False,,,Rural Infrastructure,False,NONE_OBSERVED
CAS_CLEAN_230,DERIVED,,Pune,,,,District Collectorate & Administration Pune,RFCTLARR_2013,IN_PROGRESS,,,,,2024-12-23,2024-12-23,0,,,False,,,,,,,NOT_PUBLISHED_IN_GAZETTE,NOT_PUBLISHED_IN_STRUCTURED_DATA,NOT_APPLICABLE_IN_REAL_DATA,NOT_APPLICABLE_PRE_AWARD,UNPARSED_SCHEDULE_TABLE,pune_287_2024122432.pdf,1,OCR,pune_287_2024122432.pdf,c4715353b2788fc063e724096bbb54f996a3d9f39fe1a6a87d742be30b3a8a6e,https://cdn.s3waas.gov.in/s3ffeabd223de0d4eacb9a3e6e53e5448d/uploads/2024/12/2024122432.pdf,645,645,645,1,0,False,,,Rural Infrastructure,False,NONE_OBSERVED
CAS_CLEAN_231,DERIVED,,Pune,,,,District Collectorate & Administration Pune,RFCTLARR_2013,IN_PROGRESS,,,,,2024-12-23,2024-12-23,0,,,False,,,,,,,NOT_PUBLISHED_IN_GAZETTE,NOT_PUBLISHED_IN_STRUCTURED_DATA,NOT_APPLICABLE_IN_REAL_DATA,NOT_APPLICABLE_PRE_AWARD,UNPARSED_SCHEDULE_TABLE,pune_288_2024122455.pdf,1,TEXT,pune_288_2024122455.pdf,f29905476181bbb6ffa0356a33b46e892270d6d423efa7bacd733e351ea3670b,https://cdn.s3waas.gov.in/s3ffeabd223de0d4eacb9a3e6e53e5448d/uploads/2024/12/2024122455.pdf,645,645,645,1,0,False,,,Rural Infrastructure,False,NONE_OBSERVED
CAS_CLEAN_232,DERIVED,,Pune,,Hadapsar,,District Collectorate & Administration Pune,RFCTLARR_2013,IN_PROGRESS,,,,,2024-12-23,2024-12-23,0,,,False,,,,,,,NOT_PUBLISHED_IN_GAZETTE,NOT_PUBLISHED_IN_STRUCTURED_DATA,NOT_APPLICABLE_IN_REAL_DATA,NOT_APPLICABLE_PRE_AWARD,UNPARSED_SCHEDULE_TABLE,pune_289_2024122430-1.pdf,1,OCR,pune_289_2024122430-1.pdf,e8a3a00f4ae90e1ac90e9622310d14065623558513b65bdbf6d128e41ddbfa6a,https://cdn.s3waas.gov.in/s3ffeabd223de0d4eacb9a3e6e53e5448d/uploads/2024/12/2024122430-1.pdf,645,645,645,1,0,False,,,Rural Infrastructure,False,NONE_OBSERVED
CAS_CLEAN_233,DERIVED,,Pune,Shirur,Kasari,National Highway NH-548-D,District Collectorate & Administration Pune,NATIONAL_HIGHWAYS_ACT_1956,IN_PROGRESS,,,,,2026-05-15,2026-05-15,0,,,False,,,,,,,NOT_PUBLISHED_IN_GAZETTE,NOT_PUBLISHED_IN_STRUCTURED_DATA,NOT_APPLICABLE_IN_REAL_DATA,NOT_APPLICABLE_PRE_AWARD,UNPARSED_SCHEDULE_TABLE,pune_226_17791879613777.pdf,1,OCR,pune_226_17791879613777.pdf,880ba5184beff46d006f3b286923dcd5f804565ab44bc0a92012f857681209e0,https://cdn.s3waas.gov.in/s3ffeabd223de0d4eacb9a3e6e53e5448d/uploads/2026/05/17791879613777.pdf,137,137,137,1,0,False,,,Highway / Road Widening,False,NONE_OBSERVED
CAS_CLEAN_234,OFFICIAL_CASE_NUMBER,1/2B,Pune,Haveli,Katraj,Urban Development Plan (DP) Road Widening,District Collectorate & Administration Pune,RFCTLARR_2013,IN_PROGRESS,,,,,2025-02-20,2025-02-20,0,,,False,,,,,,,NOT_PUBLISHED_IN_GAZETTE,NOT_PUBLISHED_IN_STRUCTURED_DATA,NOT_APPLICABLE_IN_REAL_DATA,NOT_APPLICABLE_PRE_AWARD,UNPARSED_SCHEDULE_TABLE,pune_275_2025022542.pdf,1,OCR,pune_275_2025022542.pdf,eb49b8ab6be13e3961ce3b23963aaaf6233b654fe8efb54b2211fe5b495c8834,https://cdn.s3waas.gov.in/s3ffeabd223de0d4eacb9a3e6e53e5448d/uploads/2025/02/2025022542.pdf,586,586,586,1,0,False,,,Highway / Road Widening,False,NONE_OBSERVED
CAS_CLEAN_235,DERIVED,,Pune,,Katraj,Urban Development Plan (DP) Road Widening,District Collectorate & Administration Pune,RFCTLARR_2013,COMPLETED,,,,2026-04-27,2026-04-27,2026-04-27,0,,,False,,,,,,,NOT_PUBLISHED_IN_GAZETTE,NOT_PUBLISHED_IN_STRUCTURED_DATA,NOT_APPLICABLE_IN_REAL_DATA,UNPARSED_FROM_PDF_AWARDS,UNPARSED_SCHEDULE_TABLE,pune_229_17778779739595.pdf,1,OCR,pune_229_17778779739595.pdf,6311a2fd2eb7ce7eadcd30818ebd2c8d5b81e01699f5c9e4a7015b74c7d4387e,https://cdn.s3waas.gov.in/s3ffeabd223de0d4eacb9a3e6e53e5448d/uploads/2026/05/17778779739595.pdf,155,155,155,1,0,False,,,Highway / Road Widening,False,NONE_OBSERVED
CAS_CLEAN_236,DERIVED,,Pune,,Khalumbre,,District Collectorate & Administration Pune,RFCTLARR_2013,COMPLETED,,,,2026-07-31,2026-07-31,2026-07-31,0,,,False,,,,,,,NOT_PUBLISHED_IN_GAZETTE,NOT_PUBLISHED_IN_STRUCTURED_DATA,NOT_APPLICABLE_IN_REAL_DATA,UNPARSED_FROM_PDF_AWARDS,UNPARSED_SCHEDULE_TABLE,pune_214_17863548436664.pdf,1,OCR,pune_214_17863548436664.pdf,92ed6aa699ba0be00e6727339fd6d291636649f740e08fde9b36d6dd7a9a7d1a,https://cdn.s3waas.gov.in/s3ffeabd223de0d4eacb9a3e6e53e5448d/uploads/2026/08/17863548436664.pdf,60,60,60,1,0,False,,,Rural Infrastructure,False,NONE_OBSERVED
CAS_CLEAN_237,DERIVED,,Pune,,Khed,,District Collectorate & Administration Pune,RFCTLARR_2013,IN_PROGRESS,,,,,2025-07-21,2025-07-21,0,,,False,,,,,,,NOT_PUBLISHED_IN_GAZETTE,NOT_PUBLISHED_IN_STRUCTURED_DATA,NOT_APPLICABLE_IN_REAL_DATA,NOT_APPLICABLE_PRE_AWARD,UNPARSED_SCHEDULE_TABLE,pune_238_17534301506668.pdf,1,OCR,pune_238_17534301506668.pdf,102d5087ed321a1446eb6010372eb20fd407232144651bea4134299dc4af83a9,https://cdn.s3waas.gov.in/s3ffeabd223de0d4eacb9a3e6e53e5448d/uploads/2025/07/17534301506668.pdf,435,435,435,1,0,False,,,Rural Infrastructure,False,NONE_OBSERVED
CAS_CLEAN_238,DERIVED,,Pune,,Khed,,District Collectorate & Administration Pune,RFCTLARR_2013,IN_PROGRESS,,,,,2025-04-04,2025-04-04,0,,,False,,,,,,,NOT_PUBLISHED_IN_GAZETTE,NOT_PUBLISHED_IN_STRUCTURED_DATA,NOT_APPLICABLE_IN_REAL_DATA,NOT_APPLICABLE_PRE_AWARD,UNPARSED_SCHEDULE_TABLE,pune_251_2025043091.pdf,1,OCR,pune_251_2025043091.pdf,d24fbd633a1ad26e68235539d2ebef82cf340342a5915f568fff6bb24d1802fe,https://cdn.s3waas.gov.in/s3ffeabd223de0d4eacb9a3e6e53e5448d/uploads/2025/04/2025043091.pdf,543,543,543,1,0,False,,,Rural Infrastructure,False,NONE_OBSERVED
CAS_CLEAN_239,DERIVED,,Pune,khed,Khed,,District Collectorate & Administration Pune,RFCTLARR_2013,COMPLETED,,,,2025-04-23,2025-04-23,2025-04-23,0,,,False,,,,,,,NOT_PUBLISHED_IN_GAZETTE,NOT_PUBLISHED_IN_STRUCTURED_DATA,NOT_APPLICABLE_IN_REAL_DATA,UNPARSED_FROM_PDF_AWARDS,UNPARSED_SCHEDULE_TABLE,pune_253_2025042471.pdf,1,OCR,pune_253_2025042471.pdf,81dadddf12888cbc0ee7cbace8f3eff4486133eaf650febb4056de6401b75f23,https://cdn.s3waas.gov.in/s3ffeabd223de0d4eacb9a3e6e53e5448d/uploads/2025/04/2025042471.pdf,524,524,524,1,0,False,,,Rural Infrastructure,False,NONE_OBSERVED
CAS_CLEAN_240,DERIVED,,Pune,,Khed,,District Collectorate & Administration Pune,RFCTLARR_2013,IN_PROGRESS,,,,,2024-12-27,2024-12-27,0,,,False,,,,,,,NOT_PUBLISHED_IN_GAZETTE,NOT_PUBLISHED_IN_STRUCTURED_DATA,NOT_APPLICABLE_IN_REAL_DATA,NOT_APPLICABLE_PRE_AWARD,UNPARSED_SCHEDULE_TABLE,pune_283_2025010688.pdf,1,OCR,pune_283_2025010688.pdf,90ac2ddb00d15f6da6075fe5762e72eef95d75bfa65c33b8f0b2d3de7b2b7691,https://cdn.s3waas.gov.in/s3ffeabd223de0d4eacb9a3e6e53e5448d/uploads/2025/01/2025010688.pdf,641,641,641,1,0,False,,,Rural Infrastructure,False,NONE_OBSERVED
CAS_CLEAN_241,DERIVED,,Pune,Haveli,Kothrud,,District Collectorate & Administration Pune,RFCTLARR_2013,COMPLETED,,,,2025-08-28,2025-08-28,2025-08-28,0,,,False,,,,,,,NOT_PUBLISHED_IN_GAZETTE,NOT_PUBLISHED_IN_STRUCTURED_DATA,NOT_APPLICABLE_IN_REAL_DATA,UNPARSED_FROM_PDF_AWARDS,UNPARSED_SCHEDULE_TABLE,pune_235_17569841999532.pdf,1,OCR,pune_235_17569841999532.pdf,a268f46f23dc2370347864e070809d0727b376552ccc97e3d2975cebdc29a6d7,https://cdn.s3waas.gov.in/s3ffeabd223de0d4eacb9a3e6e53e5448d/uploads/2025/09/17569841999532.pdf,397,397,397,1,0,False,,,Rural Infrastructure,False,NONE_OBSERVED
CAS_CLEAN_242,DERIVED,,Pune,,Kothrud,,District Collectorate & Administration Pune,RFCTLARR_2013,IN_PROGRESS,,,,,2024-12-23,2024-12-23,0,,,False,,,,,,,NOT_PUBLISHED_IN_GAZETTE,NOT_PUBLISHED_IN_STRUCTURED_DATA,NOT_APPLICABLE_IN_REAL_DATA,NOT_APPLICABLE_PRE_AWARD,UNPARSED_SCHEDULE_TABLE,pune_284_2025011359.pdf,1,OCR,pune_284_2025011359.pdf,d6db7fcf5f7adc7868aff03403a8a832d7ad1a835b5dce0cc030ee21c2c24c81,https://cdn.s3waas.gov.in/s3ffeabd223de0d4eacb9a3e6e53e5448d/uploads/2025/01/2025011359.pdf,645,645,645,1,0,False,,,Rural Infrastructure,False,NONE_OBSERVED
CAS_CLEAN_243,DERIVED,,Pune,,Lonikand,,District Collectorate & Administration Pune,RFCTLARR_2013,IN_PROGRESS,,,,,2025-09-25,2025-09-25,0,,,False,,,,,,,NOT_PUBLISHED_IN_GAZETTE,NOT_PUBLISHED_IN_STRUCTURED_DATA,NOT_APPLICABLE_IN_REAL_DATA,NOT_APPLICABLE_PRE_AWARD,UNPARSED_SCHEDULE_TABLE,pune_232_17591337046966.pdf,1,OCR,pune_232_17591337046966.pdf,4b4db760b690539dc38f6de1db82a7c637ee9d47d59a7f7d42d689af414991d7,https://cdn.s3waas.gov.in/s3ffeabd223de0d4eacb9a3e6e53e5448d/uploads/2025/09/17591337046966.pdf,369,369,369,1,0,False,,,Rural Infrastructure,False,NONE_OBSERVED
CAS_CLEAN_244,DERIVED,,Pune,,Lonikand,,District Collectorate & Administration Pune,RFCTLARR_2013,IN_PROGRESS,,,,,2025-09-17,2025-09-17,0,,,False,,,,,,,NOT_PUBLISHED_IN_GAZETTE,NOT_PUBLISHED_IN_STRUCTURED_DATA,NOT_APPLICABLE_IN_REAL_DATA,NOT_APPLICABLE_PRE_AWARD,UNPARSED_SCHEDULE_TABLE,pune_233_17582885799560.pdf,1,OCR,pune_233_17582885799560.pdf,404026fa8c08ec2606ed85dac700a8fc537d7dd239ab2c41971e1207ffe08034,https://cdn.s3waas.gov.in/s3ffeabd223de0d4eacb9a3e6e53e5448d/uploads/2025/09/17582885799560.pdf,377,377,377,1,0,False,,,Rural Infrastructure,False,NONE_OBSERVED
CAS_CLEAN_245,DERIVED,,Pune,,Lonikand,,District Collectorate & Administration Pune,RFCTLARR_2013,IN_PROGRESS,,,,,2025-09-10,2025-09-10,0,,,False,,,,,,,NOT_PUBLISHED_IN_GAZETTE,NOT_PUBLISHED_IN_STRUCTURED_DATA,NOT_APPLICABLE_IN_REAL_DATA,NOT_APPLICABLE_PRE_AWARD,UNPARSED_SCHEDULE_TABLE,pune_234_17575732762960.pdf,1,OCR,pune_234_17575732762960.pdf,8789cae3fd8721ca2b542e7e0b54e4792d6093747427dd90d50c445a85b3d9cf,https://cdn.s3waas.gov.in/s3ffeabd223de0d4eacb9a3e6e53e5448d/uploads/2025/09/17575732762960.pdf,384,384,384,1,0,False,,,Rural Infrastructure,False,NONE_OBSERVED
CAS_CLEAN_246,DERIVED,,Pune,,Lonikand,,District Collectorate & Administration Pune,RFCTLARR_2013,COMPLETED,,,,2025-06-06,2025-06-06,2025-06-06,0,,,False,,,,,,,NOT_PUBLISHED_IN_GAZETTE,NOT_PUBLISHED_IN_STRUCTURED_DATA,NOT_APPLICABLE_IN_REAL_DATA,UNPARSED_FROM_PDF_AWARDS,UNPARSED_SCHEDULE_TABLE,pune_245_2025062612.pdf,1,TEXT,pune_245_2025062612.pdf,8f65e9f9a3a407a5bd8a530629d92235703b80da8e24ced765b3441cb0907528,https://cdn.s3waas.gov.in/s3ffeabd223de0d4eacb9a3e6e53e5448d/uploads/2025/06/2025062612.pdf,480,480,480,1,0,False,,,Rural Infrastructure,False,NONE_OBSERVED
CAS_CLEAN_247,DERIVED,,Pune,,Markal,,District Collectorate & Administration Pune,RFCTLARR_2013,COMPLETED,,,,2026-07-31,2026-07-31,2026-07-31,0,,,False,,,,,,,NOT_PUBLISHED_IN_GAZETTE,NOT_PUBLISHED_IN_STRUCTURED_DATA,NOT_APPLICABLE_IN_REAL_DATA,UNPARSED_FROM_PDF_AWARDS,UNPARSED_SCHEDULE_TABLE,pune_215_17863545206911.pdf,1,OCR,pune_215_17863545206911.pdf,c2cf2ab40e94fbe32bd3181fd53a7aa6959c31e77c242c4dce5feef9d6616d80,https://cdn.s3waas.gov.in/s3ffeabd223de0d4eacb9a3e6e53e5448d/uploads/2026/08/17863545206911.pdf,60,60,60,1,0,False,,,Rural Infrastructure,False,NONE_OBSERVED
CAS_CLEAN_248,DERIVED,,Pune,Haveli,Moshi,Urban Development Plan (DP) Road Widening,District Collectorate & Administration Pune,RFCTLARR_2013,IN_PROGRESS,,,,,2026-09-10,2026-09-10,0,,,False,,,,,,,NOT_PUBLISHED_IN_GAZETTE,NOT_PUBLISHED_IN_STRUCTURED_DATA,NOT_APPLICABLE_IN_REAL_DATA,NOT_APPLICABLE_PRE_AWARD,UNPARSED_SCHEDULE_TABLE,pune_210_17899863437096.pdf,1,TEXT,pune_210_17899863437096.pdf,ae2059ba9e3cfa1267b240a5fbf3c6b78b51c1ec5cae0b1e14c93cd7e1347253,https://cdn.s3waas.gov.in/s3ffeabd223de0d4eacb9a3e6e53e5448d/uploads/2026/09/17899863437096.pdf,19,19,19,1,0,False,,,Highway / Road Widening,False,NONE_OBSERVED
CAS_CLEAN_249,DERIVED,,Pune,Pune City,Mundhawa,Urban Development Plan (DP) Road Widening,District Collectorate & Administration Pune,LAND_ACQUISITION_ACT_1894,IN_PROGRESS,2026-05-04,,,,2026-05-04,2026-05-04,0,,,False,,,,,,,NOT_PUBLISHED_IN_GAZETTE,NOT_PUBLISHED_IN_STRUCTURED_DATA,NOT_APPLICABLE_IN_REAL_DATA,NOT_APPLICABLE_PRE_AWARD,UNPARSED_SCHEDULE_TABLE,pune_228_17779791647651.pdf,1,OCR,pune_228_17779791647651.pdf,3df793f5d48c4d4539258d1e49c7b17ad8f326a668712f2c5c818feda5edf974,https://cdn.s3waas.gov.in/s3ffeabd223de0d4eacb9a3e6e53e5448d/uploads/2026/05/17779791647651.pdf,148,148,148,1,0,False,0.405,,Highway / Road Widening,False,NONE_OBSERVED
CAS_CLEAN_250,DERIVED,,Pune,Shirur,Nhavara,National Highway NH-548-D,District Collectorate & Administration Pune,NATIONAL_HIGHWAYS_ACT_1956,IN_PROGRESS,,,,,2026-05-15,2026-05-15,0,,,False,,,,,,,NOT_PUBLISHED_IN_GAZETTE,NOT_PUBLISHED_IN_STRUCTURED_DATA,NOT_APPLICABLE_IN_REAL_DATA,NOT_APPLICABLE_PRE_AWARD,UNPARSED_SCHEDULE_TABLE,pune_224_17791885608776.pdf,1,OCR,pune_224_17791885608776.pdf,5c8a0c744b93300fbfd5944a1581e115afe10bc0815d640b6238f3e1455760e9,https://cdn.s3waas.gov.in/s3ffeabd223de0d4eacb9a3e6e53e5448d/uploads/2026/05/17791885608776.pdf,137,137,137,1,0,False,,,Highway / Road Widening,False,NONE_OBSERVED
CAS_CLEAN_251,OFFICIAL_CASE_NUMBER,584/1,Pune,,Nighoje,,District Collectorate & Administration Pune,RFCTLARR_2013,IN_PROGRESS,,,,,2025-07-21,2025-07-21,0,,,False,,,,,,,NOT_PUBLISHED_IN_GAZETTE,NOT_PUBLISHED_IN_STRUCTURED_DATA,NOT_APPLICABLE_IN_REAL_DATA,NOT_APPLICABLE_PRE_AWARD,UNPARSED_SCHEDULE_TABLE,pune_239_17534295588795.pdf,1,OCR,pune_239_17534295588795.pdf,126de2d4c275ed956832f153e87d56f2d40a164bad402e0d523828ddc133a707,https://cdn.s3waas.gov.in/s3ffeabd223de0d4eacb9a3e6e53e5448d/uploads/2025/07/17534295588795.pdf,435,435,435,1,0,False,,,Rural Infrastructure,False,NONE_OBSERVED
CAS_CLEAN_252,DERIVED,,Pune,,Nighoje,,District Collectorate & Administration Pune,RFCTLARR_2013,COMPLETED,,,,2026-07-31,2026-07-31,2026-07-31,0,,,False,,,,,,,NOT_PUBLISHED_IN_GAZETTE,NOT_PUBLISHED_IN_STRUCTURED_DATA,NOT_APPLICABLE_IN_REAL_DATA,UNPARSED_FROM_PDF_AWARDS,UNPARSED_SCHEDULE_TABLE,pune_219_17863538322715.pdf,1,OCR,pune_219_17863538322715.pdf,a48b5fc8f1bd61ed4bd7a8a6b82af967625c1749e53236b4c571674d57f51a2d,https://cdn.s3waas.gov.in/s3ffeabd223de0d4eacb9a3e6e53e5448d/uploads/2026/08/17863538322715.pdf,60,60,60,1,0,False,,,Rural Infrastructure,False,NONE_OBSERVED
CAS_CLEAN_253,DERIVED,,Pune,Bhor,Parhar Khurd,Nira Devghar Irrigation Project,District Collectorate & Administration Pune,RFCTLARR_2013,IN_PROGRESS,,,,,2026-06-05,2026-06-05,0,,,False,,,,,,,NOT_PUBLISHED_IN_GAZETTE,NOT_PUBLISHED_IN_STRUCTURED_DATA,NOT_APPLICABLE_IN_REAL_DATA,NOT_APPLICABLE_PRE_AWARD,UNPARSED_SCHEDULE_TABLE,pune_222_17806566758765.pdf,1,OCR,pune_222_17806566758765.pdf,04feafcc108295a511259e376227a9c2e9c234a851706fb3beaf0ce4fae06bd8,https://cdn.s3waas.gov.in/s3ffeabd223de0d4eacb9a3e6e53e5448d/uploads/2026/06/17806566758765.pdf,116,116,116,1,0,False,,,Irrigation / Canal,False,NONE_OBSERVED
CAS_CLEAN_254,DERIVED,,Pune,,,Urban Development Plan (DP) Road Widening,District Collectorate & Administration Pune,RFCTLARR_2013,IN_PROGRESS,,,,,2026-09-10,2026-09-10,0,,,False,,,,,,,NOT_PUBLISHED_IN_GAZETTE,NOT_PUBLISHED_IN_STRUCTURED_DATA,NOT_APPLICABLE_IN_REAL_DATA,NOT_APPLICABLE_PRE_AWARD,UNPARSED_SCHEDULE_TABLE,pune_211_17899863549723.pdf,1,TEXT,pune_211_17899863549723.pdf,76c2b46586d7e57a5c8ea0120309708eaff3bdeb4d7cc421123ea81dffcee3d9,https://cdn.s3waas.gov.in/s3ffeabd223de0d4eacb9a3e6e53e5448d/uploads/2026/09/17899863549723.pdf,19,19,19,1,0,False,,,Highway / Road Widening,False,NONE_OBSERVED
CAS_CLEAN_255,DERIVED,,Pune,Bhor,Salav,Nira Devghar Irrigation Project,District Collectorate & Administration Pune,RAILWAYS_ACT_2008,IN_PROGRESS,,,,,2026-06-05,2026-06-15,0,,,False,,,,,,,NOT_PUBLISHED_IN_GAZETTE,NOT_PUBLISHED_IN_STRUCTURED_DATA,NOT_APPLICABLE_IN_REAL_DATA,NOT_APPLICABLE_PRE_AWARD,UNPARSED_SCHEDULE_TABLE,pune_223_17806538017755.pdf,1,OCR,pune_223_17806538017755.pdf;pune_220_17827317674201.pdf,78fbd815b1fb42644d7cc3b23d686b2690065e6321fc281b2bde0a2c2cced9fa;878146f1705f8e03dc6a20679e7574746b6fae02f326a615df0f3a233e72f5ef,https://cdn.s3waas.gov.in/s3ffeabd223de0d4eacb9a3e6e53e5448d/uploads/2026/06/17806538017755.pdf;https://cdn.s3waas.gov.in/s3ffeabd223de0d4eacb9a3e6e53e5448d/uploads/2026/06/17827317674201.pdf,116,106,106,2,0,False,,,Irrigation / Canal,False,NONE_OBSERVED
CAS_CLEAN_256,DERIVED,,Pune,Shirur,Shikrapur,National Highway NH-548-D,District Collectorate & Administration Pune,NATIONAL_HIGHWAYS_ACT_1956,IN_PROGRESS,,,,,2026-05-15,2026-05-15,0,,,False,,,,,,,NOT_PUBLISHED_IN_GAZETTE,NOT_PUBLISHED_IN_STRUCTURED_DATA,NOT_APPLICABLE_IN_REAL_DATA,NOT_APPLICABLE_PRE_AWARD,UNPARSED_SCHEDULE_TABLE,pune_225_17791883103206.pdf,1,OCR,pune_225_17791883103206.pdf,251ac51f49b5b01c59722a6e3a722b94f8d5927041d6601febd990f568022738,https://cdn.s3waas.gov.in/s3ffeabd223de0d4eacb9a3e6e53e5448d/uploads/2026/05/17791883103206.pdf,137,137,137,1,0,False,,,Highway / Road Widening,False,NONE_OBSERVED
CAS_CLEAN_257,OFFICIAL_CASE_NUMBER,46/5,Pune,Haweli,Vadgaon Sheri,Urban Development Plan (DP) Road Widening,District Collectorate & Administration Pune,RAILWAYS_ACT_2008,IN_PROGRESS,2026-08-25,,,,2026-08-25,2026-08-25,0,,,False,,,,,,,NOT_PUBLISHED_IN_GAZETTE,NOT_PUBLISHED_IN_STRUCTURED_DATA,NOT_APPLICABLE_IN_REAL_DATA,NOT_APPLICABLE_PRE_AWARD,UNPARSED_SCHEDULE_TABLE,pune_212_17879183061101.pdf,1,OCR,pune_212_17879183061101.pdf,c6a86e27fc29144d3b524e24d81bb0b5c7b7051996a8e105b8257a45bd508e57,https://cdn.s3waas.gov.in/s3ffeabd223de0d4eacb9a3e6e53e5448d/uploads/2026/08/17879183061101.pdf,35,35,35,1,0,False,0.096,,Highway / Road Widening,False,NONE_OBSERVED
CAS_CLEAN_258,OFFICIAL_CASE_NUMBER,46/6,Pune,Haveli,Vadgaon Sheri,Urban Development Plan (DP) Road Widening,District Collectorate & Administration Pune,LAND_ACQUISITION_ACT_1894,IN_PROGRESS,,,,,2025-03-17,2025-03-17,0,,,False,,,,,,,NOT_PUBLISHED_IN_GAZETTE,NOT_PUBLISHED_IN_STRUCTURED_DATA,NOT_APPLICABLE_IN_REAL_DATA,NOT_APPLICABLE_PRE_AWARD,UNPARSED_SCHEDULE_TABLE,pune_254_2025042116.pdf,1,OCR,pune_254_2025042116.pdf,abe76c7d5002dff00e3fcd694a85ce478e6fb4696ca28c9a60cc54e367dd19e6,https://cdn.s3waas.gov.in/s3ffeabd223de0d4eacb9a3e6e53e5448d/uploads/2025/04/2025042116.pdf,561,561,561,1,0,False,,,Highway / Road Widening,False,NONE_OBSERVED
CAS_CLEAN_259,OFFICIAL_CASE_NUMBER,04/2023,Solapur,Malshiras,,,District Collectorate & Administration Solapur,RFCTLARR_2013,IN_PROGRESS,2025-12-12,,,,2025-12-12,2025-12-12,0,,,False,,,,,,,NOT_PUBLISHED_IN_GAZETTE,NOT_PUBLISHED_IN_STRUCTURED_DATA,NOT_APPLICABLE_IN_REAL_DATA,NOT_APPLICABLE_PRE_AWARD,UNPARSED_SCHEDULE_TABLE,solapur_309_17655423895032.pdf,1,OCR,solapur_309_17655423895032.pdf,fffbc9c441fa43a6780f4ef43ade1bfc483ee3733584b88d1fe8fd720a56d004,https://cdn.s3waas.gov.in/s3acc3e0404646c57502b480dc052c4fe1/uploads/2025/12/17655423895032.pdf,291,291,291,1,0,False,0.797,,Rural Infrastructure,False,NONE_OBSERVED
CAS_CLEAN_260,OFFICIAL_CASE_NUMBER,2026/LAQ,Solapur,,,,District Collectorate & Administration Solapur,RFCTLARR_2013,IN_PROGRESS,,,,,2026-04-20,2026-04-20,1,2026-04-20,2026-04-20,True,,,,,,,NOT_PUBLISHED_IN_GAZETTE,NOT_PUBLISHED_IN_STRUCTURED_DATA,NOT_APPLICABLE_IN_REAL_DATA,NOT_APPLICABLE_PRE_AWARD,UNPARSED_SCHEDULE_TABLE,solapur_308_17773589047029.pdf,1,OCR,solapur_308_17773589047029.pdf,951e85bf3c6cc3b04e26c150aeb5287da9940f934dd80fa981e8a34ca530c4a0,https://cdn.s3waas.gov.in/s3acc3e0404646c57502b480dc052c4fe1/uploads/2026/04/17773589047029.pdf,162,162,162,1,1,True,,,Rural Infrastructure,False,EXPLICIT_EXTENSION
CAS_CLEAN_261,DERIVED,,Solapur,,,,District Collectorate & Administration Solapur,RFCTLARR_2013,IN_PROGRESS,2026-08-07,,,,2026-08-07,2026-08-07,0,,,False,,,,,,,NOT_PUBLISHED_IN_GAZETTE,NOT_PUBLISHED_IN_STRUCTURED_DATA,NOT_APPLICABLE_IN_REAL_DATA,NOT_APPLICABLE_PRE_AWARD,UNPARSED_SCHEDULE_TABLE,solapur_305_17861054966478.pdf,1,OCR,solapur_305_17861054966478.pdf,6fb8134fd655032f8c2db7e279351777cb515ace884629616e780d23dfab9a64,https://cdn.s3waas.gov.in/s3acc3e0404646c57502b480dc052c4fe1/uploads/2026/08/17861054966478.pdf,53,53,53,1,0,False,0.145,,Highway / Road Widening,False,NONE_OBSERVED
CAS_CLEAN_262,DERIVED,,Solapur,Uttar Solapur,,,District Collectorate & Administration Solapur,RFCTLARR_2013,COMPLETED,,,,2026-06-03,2026-06-03,2026-06-03,0,,,False,,,,,,,NOT_PUBLISHED_IN_GAZETTE,NOT_PUBLISHED_IN_STRUCTURED_DATA,NOT_APPLICABLE_IN_REAL_DATA,UNPARSED_FROM_PDF_AWARDS,UNPARSED_SCHEDULE_TABLE,solapur_306_17804657739437.pdf,1,OCR,solapur_306_17804657739437.pdf,68cce773d42371084abfbf4c72aab9f2dc291264f0bf783639bb8706ae6d3a45,https://cdn.s3waas.gov.in/s3acc3e0404646c57502b480dc052c4fe1/uploads/2026/06/17804657739437.pdf,118,118,118,1,0,False,,,Rural Infrastructure,False,NONE_OBSERVED
CAS_CLEAN_263,DERIVED,,Solapur,Mohol and Uttar Solapur,,,District Collectorate & Administration Solapur,RFCTLARR_2013,IN_PROGRESS,,,,,2026-05-21,2026-05-21,0,,,False,,,,,,,NOT_PUBLISHED_IN_GAZETTE,NOT_PUBLISHED_IN_STRUCTURED_DATA,NOT_APPLICABLE_IN_REAL_DATA,NOT_APPLICABLE_PRE_AWARD,UNPARSED_SCHEDULE_TABLE,solapur_307_17793572945218.pdf,1,TEXT,solapur_307_17793572945218.pdf,176e264b7f91772510ecde5aeb3fe38c74b9f84e28e5210fb20a1301a0aaf240,https://cdn.s3waas.gov.in/s3acc3e0404646c57502b480dc052c4fe1/uploads/2026/05/17793572945218.pdf,131,131,131,1,0,False,,,Rural Infrastructure,False,NONE_OBSERVED
CAS_CLEAN_264,DERIVED,,Solapur,,,,District Collectorate & Administration Solapur,RFCTLARR_2013,IN_PROGRESS,,,,,2025-04-21,2025-04-21,0,,,False,,,,,,,NOT_PUBLISHED_IN_GAZETTE,NOT_PUBLISHED_IN_STRUCTURED_DATA,NOT_APPLICABLE_IN_REAL_DATA,NOT_APPLICABLE_PRE_AWARD,UNPARSED_SCHEDULE_TABLE,solapur_310_2025042151.pdf,1,OCR,solapur_310_2025042151.pdf,8d17a542b4021385b832d5ab60c2d2bdd36be745a090582cf3c9edfa2d2aac73,https://cdn.s3waas.gov.in/s3acc3e0404646c57502b480dc052c4fe1/uploads/2025/04/2025042151.pdf,526,526,526,1,0,False,,,Rural Infrastructure,False,NONE_OBSERVED
CAS_CLEAN_265,DERIVED,,Solapur,uka,,Pune-Solapur-Wadi 3rd & 4th Railway Line Project,District Collectorate & Administration Solapur,RAILWAYS_ACT_2008,IN_PROGRESS,,,,,2026-09-01,2026-09-01,0,,,False,,,,,,,NOT_PUBLISHED_IN_GAZETTE,NOT_PUBLISHED_IN_STRUCTURED_DATA,NOT_APPLICABLE_IN_REAL_DATA,NOT_APPLICABLE_PRE_AWARD,UNPARSED_SCHEDULE_TABLE,solapur_303_17882635937632.pdf,1,TEXT,solapur_303_17882635937632.pdf,74071970bdb877819e00da2cb76aed7e92929b990f292ef9f2f73485977d5415,https://cdn.s3waas.gov.in/s3acc3e0404646c57502b480dc052c4fe1/uploads/2026/09/17882635937632.pdf,28,28,28,1,0,False,,,Railway Quadrupling,False,NONE_OBSERVED
CAS_CLEAN_266,DERIVED,,Solapur,uka,,Pune-Solapur-Wadi 3rd & 4th Railway Line Project,District Collectorate & Administration Solapur,RAILWAYS_ACT_2008,IN_PROGRESS,,,,,2026-09-01,2026-09-01,0,,,False,,,,,,,NOT_PUBLISHED_IN_GAZETTE,NOT_PUBLISHED_IN_STRUCTURED_DATA,NOT_APPLICABLE_IN_REAL_DATA,NOT_APPLICABLE_PRE_AWARD,UNPARSED_SCHEDULE_TABLE,solapur_304_17882637725747.pdf,1,TEXT,solapur_304_17882637725747.pdf,d669ecc3c1f95642abc9cef2ef57f0b6717045aa7375ae7b5b7e058cf7f0b134,https://cdn.s3waas.gov.in/s3acc3e0404646c57502b480dc052c4fe1/uploads/2026/09/17882637725747.pdf,28,28,28,1,0,False,,,Railway Quadrupling,False,NONE_OBSERVED
CAS_CLEAN_267,DERIVED,,Yavatmal,,,,District Collectorate & Administration Yavatmal,RFCTLARR_2013,IN_PROGRESS,,,,,2022-11-17,2022-11-17,0,,,False,,,,,,,NOT_PUBLISHED_IN_GAZETTE,NOT_PUBLISHED_IN_STRUCTURED_DATA,NOT_APPLICABLE_IN_REAL_DATA,NOT_APPLICABLE_PRE_AWARD,UNPARSED_SCHEDULE_TABLE,yavatmal_311_2022111740.pdf,1,TEXT,yavatmal_311_2022111740.pdf,9ead1d2e141e582f89d54196736a0abc13f735ab60ba9ddb98bbe37d99f19afc,https://cdn.s3waas.gov.in/s39ad6aaed513b73148b7d49f70afcfb32/uploads/2022/11/2022111740.pdf,1412,1412,1412,1,0,False,,,Rural Infrastructure,False,NONE_OBSERVED
CAS_CLEAN_268,DERIVED,,Yavatmal,,,,District Collectorate & Administration Yavatmal,RFCTLARR_2013,IN_PROGRESS,,,,,2022-11-11,2022-11-11,0,,,False,,,,,,,NOT_PUBLISHED_IN_GAZETTE,NOT_PUBLISHED_IN_STRUCTURED_DATA,NOT_APPLICABLE_IN_REAL_DATA,NOT_APPLICABLE_PRE_AWARD,UNPARSED_SCHEDULE_TABLE,yavatmal_313_2022111188.pdf,1,TEXT,yavatmal_313_2022111188.pdf,3b916010d87dc3416ffc91b9370b5cf18fff56845f358f3e50b40320aa4af6ce,https://cdn.s3waas.gov.in/s39ad6aaed513b73148b7d49f70afcfb32/uploads/2022/11/2022111188.pdf,1418,1418,1418,1,0,False,,,Rural Infrastructure,False,NONE_OBSERVED
CAS_CLEAN_269,DERIVED,,Yavatmal,,,,District Collectorate & Administration Yavatmal,RFCTLARR_2013,IN_PROGRESS,,,,,2022-11-11,2022-11-11,0,,,False,,,,,,,NOT_PUBLISHED_IN_GAZETTE,NOT_PUBLISHED_IN_STRUCTURED_DATA,NOT_APPLICABLE_IN_REAL_DATA,NOT_APPLICABLE_PRE_AWARD,UNPARSED_SCHEDULE_TABLE,yavatmal_314_2022111166.pdf,1,TEXT,yavatmal_314_2022111166.pdf,50306352f99180c6425256045e9303e8366b25b3f7cc71d8525c9d24aa419d73,https://cdn.s3waas.gov.in/s39ad6aaed513b73148b7d49f70afcfb32/uploads/2022/11/2022111166.pdf,1418,1418,1418,1,0,False,,,Rural Infrastructure,False,NONE_OBSERVED
CAS_CLEAN_270,DERIVED,,Yavatmal,,,Bembla River Irrigation Project,District Collectorate & Administration Yavatmal,RFCTLARR_2013,IN_PROGRESS,,,,,2022-11-11,2022-11-11,0,,,False,,,,,,,NOT_PUBLISHED_IN_GAZETTE,NOT_PUBLISHED_IN_STRUCTURED_DATA,NOT_APPLICABLE_IN_REAL_DATA,NOT_APPLICABLE_PRE_AWARD,UNPARSED_SCHEDULE_TABLE,yavatmal_312_2022111145.pdf,1,TEXT,yavatmal_312_2022111145.pdf,5f1bee42056244c9e24eda2158b341b34d5b7b2873c9cfd8e887f5c08731354f,https://cdn.s3waas.gov.in/s39ad6aaed513b73148b7d49f70afcfb32/uploads/2022/11/2022111145.pdf,1418,1418,1418,1,0,False,,,Irrigation / Canal,False,NONE_OBSERVED
CAS_CLEAN_271,DERIVED,,Yavatmal,,,Bembla River Irrigation Project,District Collectorate & Administration Yavatmal,RFCTLARR_2013,IN_PROGRESS,,,,,2019-09-21,2019-09-21,0,,,False,,,,,,,NOT_PUBLISHED_IN_GAZETTE,NOT_PUBLISHED_IN_STRUCTURED_DATA,NOT_APPLICABLE_IN_REAL_DATA,NOT_APPLICABLE_PRE_AWARD,UNPARSED_SCHEDULE_TABLE,yavatmal_327_2019092165.pdf,1,TEXT,yavatmal_327_2019092165.pdf,0a9c0f9ac84002ac3b62da7fe03bfeb53b41337096cea74036f08dce9934a2e1,https://cdn.s3waas.gov.in/s39ad6aaed513b73148b7d49f70afcfb32/uploads/2019/09/2019092165.pdf,2565,2565,2565,1,0,False,,,Irrigation / Canal,False,NONE_OBSERVED
