case_id,snapshot_id,snapshot_date,transition,entry_date,current_stage,duration_at_risk_days,event_observed,event_date,censoring_date,derived_days_since_case_initiation,derived_days_in_current_stage,derived_days_since_latest_notice,derived_notice_count,derived_statutory_sec19_proximity_ratio,extension_count,has_statutory_extension,award_recorded,district,taluka,village,acquiring_authority,act_key,derived_project_type,derived_is_direct_purchase,objection_count,parcel_count,open_issue_count,notified_area_hectares,affected_landowner_count,compensation_amount_inr,missing_reason_objection_count,missing_reason_parcel_count,missing_reason_open_issue_count,missing_reason_compensation,missing_reason_land_area,missing_reason_notified_area,missing_reason_affected_landowners,missing_reason_latest_notice,missing_reason_sec19_proximity
CAS_CLEAN_271,SNP_CAS_CLEAN_271_CASE_INITIATION_MILESTONE_20190921,2019-09-21,CASE_INITIATION_TO_MILESTONE,2019-09-21,GENERAL_NOTICE,2565,False,,2026-09-29,0,0,0,1,,0,False,False,Yavatmal,,,District Collectorate & Administration Yavatmal,RFCTLARR_2013,Irrigation / Canal,False,,,,,,,NOT_PUBLISHED_IN_GAZETTE,NOT_PUBLISHED_IN_STRUCTURED_DATA,NOT_APPLICABLE_IN_REAL_DATA,NOT_APPLICABLE_PRE_AWARD,UNPARSED_SCHEDULE_TABLE,UNPARSED_SCHEDULE_TABLE,NOT_PUBLISHED_IN_STRUCTURED_DATA,,NOT_APPLICABLE_PRE_SEC11
CAS_CLEAN_271,SNP_CAS_CLEAN_271_CASE_INITIATION_MILESTONE_20191220,2019-12-20,CASE_INITIATION_TO_MILESTONE,2019-09-21,GENERAL_NOTICE,2475,False,,2026-09-29,90,90,90,1,,0,False,False,Yavatmal,,,District Collectorate & Administration Yavatmal,RFCTLARR_2013,Irrigation / Canal,False,,,,,,,NOT_PUBLISHED_IN_GAZETTE,NOT_PUBLISHED_IN_STRUCTURED_DATA,NOT_APPLICABLE_IN_REAL_DATA,NOT_APPLICABLE_PRE_AWARD,UNPARSED_SCHEDULE_TABLE,UNPARSED_SCHEDULE_TABLE,NOT_PUBLISHED_IN_STRUCTURED_DATA,,NOT_APPLICABLE_PRE_SEC11
CAS_CLEAN_271,SNP_CAS_CLEAN_271_CASE_INITIATION_MILESTONE_20200319,2020-03-19,CASE_INITIATION_TO_MILESTONE,2019-09-21,GENERAL_NOTICE,2385,False,,2026-09-29,180,180,180,1,,0,False,False,Yavatmal,,,District Collectorate & Administration Yavatmal,RFCTLARR_2013,Irrigation / Canal,False,,,,,,,NOT_PUBLISHED_IN_GAZETTE,NOT_PUBLISHED_IN_STRUCTURED_DATA,NOT_APPLICABLE_IN_REAL_DATA,NOT_APPLICABLE_PRE_AWARD,UNPARSED_SCHEDULE_TABLE,UNPARSED_SCHEDULE_TABLE,NOT_PUBLISHED_IN_STRUCTURED_DATA,,NOT_APPLICABLE_PRE_SEC11
CAS_CLEAN_271,SNP_CAS_CLEAN_271_CASE_INITIATION_MILESTONE_20200617,2020-06-17,CASE_INITIATION_TO_MILESTONE,2019-09-21,GENERAL_NOTICE,2295,False,,2026-09-29,270,270,270,1,,0,False,False,Yavatmal,,,District Collectorate & Administration Yavatmal,RFCTLARR_2013,Irrigation / Canal,False,,,,,,,NOT_PUBLISHED_IN_GAZETTE,NOT_PUBLISHED_IN_STRUCTURED_DATA,NOT_APPLICABLE_IN_REAL_DATA,NOT_APPLICABLE_PRE_AWARD,UNPARSED_SCHEDULE_TABLE,UNPARSED_SCHEDULE_TABLE,NOT_PUBLISHED_IN_STRUCTURED_DATA,,NOT_APPLICABLE_PRE_SEC11
CAS_CLEAN_271,SNP_CAS_CLEAN_271_CASE_INITIATION_MILESTONE_20200920,2020-09-20,CASE_INITIATION_TO_MILESTONE,2019-09-21,GENERAL_NOTICE,2200,False,,2026-09-29,365,365,365,1,,0,False,False,Yavatmal,,,District Collectorate & Administration Yavatmal,RFCTLARR_2013,Irrigation / Canal,False,,,,,,,NOT_PUBLISHED_IN_GAZETTE,NOT_PUBLISHED_IN_STRUCTURED_DATA,NOT_APPLICABLE_IN_REAL_DATA,NOT_APPLICABLE_PRE_AWARD,UNPARSED_SCHEDULE_TABLE,UNPARSED_SCHEDULE_TABLE,NOT_PUBLISHED_IN_STRUCTURED_DATA,,NOT_APPLICABLE_PRE_SEC11
CAS_CLEAN_271,SNP_CAS_CLEAN_271_CASE_INITIATION_MILESTONE_20210920,2021-09-20,CASE_INITIATION_TO_MILESTONE,2019-09-21,GENERAL_NOTICE,1835,False,,2026-09-29,730,730,730,1,,0,False,False,Yavatmal,,,District Collectorate & Administration Yavatmal,RFCTLARR_2013,Irrigation / Canal,False,,,,,,,NOT_PUBLISHED_IN_GAZETTE,NOT_PUBLISHED_IN_STRUCTURED_DATA,NOT_APPLICABLE_IN_REAL_DATA,NOT_APPLICABLE_PRE_AWARD,UNPARSED_SCHEDULE_TABLE,UNPARSED_SCHEDULE_TABLE,NOT_PUBLISHED_IN_STRUCTURED_DATA,,NOT_APPLICABLE_PRE_SEC11
CAS_CLEAN_268,SNP_CAS_CLEAN_268_CASE_INITIATION_MILESTONE_20221111,2022-11-11,CASE_INITIATION_TO_MILESTONE,2022-11-11,GENERAL_NOTICE,1418,False,,2026-09-29,0,0,0,1,,0,False,False,Yavatmal,,,District Collectorate & Administration Yavatmal,RFCTLARR_2013,Rural Infrastructure,False,,,,,,,NOT_PUBLISHED_IN_GAZETTE,NOT_PUBLISHED_IN_STRUCTURED_DATA,NOT_APPLICABLE_IN_REAL_DATA,NOT_APPLICABLE_PRE_AWARD,UNPARSED_SCHEDULE_TABLE,UNPARSED_SCHEDULE_TABLE,NOT_PUBLISHED_IN_STRUCTURED_DATA,,NOT_APPLICABLE_PRE_SEC11
CAS_CLEAN_269,SNP_CAS_CLEAN_269_CASE_INITIATION_MILESTONE_20221111,2022-11-11,CASE_INITIATION_TO_MILESTONE,2022-11-11,GENERAL_NOTICE,1418,False,,2026-09-29,0,0,0,1,,0,False,False,Yavatmal,,,District Collectorate & Administration Yavatmal,RFCTLARR_2013,Rural Infrastructure,False,,,,,,,NOT_PUBLISHED_IN_GAZETTE,NOT_PUBLISHED_IN_STRUCTURED_DATA,NOT_APPLICABLE_IN_REAL_DATA,NOT_APPLICABLE_PRE_AWARD,UNPARSED_SCHEDULE_TABLE,UNPARSED_SCHEDULE_TABLE,NOT_PUBLISHED_IN_STRUCTURED_DATA,,NOT_APPLICABLE_PRE_SEC11
CAS_CLEAN_270,SNP_CAS_CLEAN_270_CASE_INITIATION_MILESTONE_20221111,2022-11-11,CASE_INITIATION_TO_MILESTONE,2022-11-11,GENERAL_NOTICE,1418,False,,2026-09-29,0,0,0,1,,0,False,False,Yavatmal,,,District Collectorate & Administration Yavatmal,RFCTLARR_2013,Irrigation / Canal,False,,,,,,,NOT_PUBLISHED_IN_GAZETTE,NOT_PUBLISHED_IN_STRUCTURED_DATA,NOT_APPLICABLE_IN_REAL_DATA,NOT_APPLICABLE_PRE_AWARD,UNPARSED_SCHEDULE_TABLE,UNPARSED_SCHEDULE_TABLE,NOT_PUBLISHED_IN_STRUCTURED_DATA,,NOT_APPLICABLE_PRE_SEC11
CAS_CLEAN_267,SNP_CAS_CLEAN_267_CASE_INITIATION_MILESTONE_20221117,2022-11-17,CASE_INITIATION_TO_MILESTONE,2022-11-17,GENERAL_NOTICE,1412,False,,2026-09-29,0,0,0,1,,0,False,False,Yavatmal,,,District Collectorate & Administration Yavatmal,RFCTLARR_2013,Rural Infrastructure,False,,,,,,,NOT_PUBLISHED_IN_GAZETTE,NOT_PUBLISHED_IN_STRUCTURED_DATA,NOT_APPLICABLE_IN_REAL_DATA,NOT_APPLICABLE_PRE_AWARD,UNPARSED_SCHEDULE_TABLE,UNPARSED_SCHEDULE_TABLE,NOT_PUBLISHED_IN_STRUCTURED_DATA,,NOT_APPLICABLE_PRE_SEC11
CAS_CLEAN_268,SNP_CAS_CLEAN_268_CASE_INITIATION_MILESTONE_20230209,2023-02-09,CASE_INITIATION_TO_MILESTONE,2022-11-11,GENERAL_NOTICE,1328,False,,2026-09-29,90,90,90,1,,0,False,False,Yavatmal,,,District Collectorate & Administration Yavatmal,RFCTLARR_2013,Rural Infrastructure,False,,,,,,,NOT_PUBLISHED_IN_GAZETTE,NOT_PUBLISHED_IN_STRUCTURED_DATA,NOT_APPLICABLE_IN_REAL_DATA,NOT_APPLICABLE_PRE_AWARD,UNPARSED_SCHEDULE_TABLE,UNPARSED_SCHEDULE_TABLE,NOT_PUBLISHED_IN_STRUCTURED_DATA,,NOT_APPLICABLE_PRE_SEC11
CAS_CLEAN_269,SNP_CAS_CLEAN_269_CASE_INITIATION_MILESTONE_20230209,2023-02-09,CASE_INITIATION_TO_MILESTONE,2022-11-11,GENERAL_NOTICE,1328,False,,2026-09-29,90,90,90,1,,0,False,False,Yavatmal,,,District Collectorate & Administration Yavatmal,RFCTLARR_2013,Rural Infrastructure,False,,,,,,,NOT_PUBLISHED_IN_GAZETTE,NOT_PUBLISHED_IN_STRUCTURED_DATA,NOT_APPLICABLE_IN_REAL_DATA,NOT_APPLICABLE_PRE_AWARD,UNPARSED_SCHEDULE_TABLE,UNPARSED_SCHEDULE_TABLE,NOT_PUBLISHED_IN_STRUCTURED_DATA,,NOT_APPLICABLE_PRE_SEC11
CAS_CLEAN_270,SNP_CAS_CLEAN_270_CASE_INITIATION_MILESTONE_20230209,2023-02-09,CASE_INITIATION_TO_MILESTONE,2022-11-11,GENERAL_NOTICE,1328,False,,2026-09-29,90,90,90,1,,0,False,False,Yavatmal,,,District Collectorate & Administration Yavatmal,RFCTLARR_2013,Irrigation / Canal,False,,,,,,,NOT_PUBLISHED_IN_GAZETTE,NOT_PUBLISHED_IN_STRUCTURED_DATA,NOT_APPLICABLE_IN_REAL_DATA,NOT_APPLICABLE_PRE_AWARD,UNPARSED_SCHEDULE_TABLE,UNPARSED_SCHEDULE_TABLE,NOT_PUBLISHED_IN_STRUCTURED_DATA,,NOT_APPLICABLE_PRE_SEC11
CAS_CLEAN_267,SNP_CAS_CLEAN_267_CASE_INITIATION_MILESTONE_20230215,2023-02-15,CASE_INITIATION_TO_MILESTONE,2022-11-17,GENERAL_NOTICE,1322,False,,2026-09-29,90,90,90,1,,0,False,False,Yavatmal,,,District Collectorate & Administration Yavatmal,RFCTLARR_2013,Rural Infrastructure,False,,,,,,,NOT_PUBLISHED_IN_GAZETTE,NOT_PUBLISHED_IN_STRUCTURED_DATA,NOT_APPLICABLE_IN_REAL_DATA,NOT_APPLICABLE_PRE_AWARD,UNPARSED_SCHEDULE_TABLE,UNPARSED_SCHEDULE_TABLE,NOT_PUBLISHED_IN_STRUCTURED_DATA,,NOT_APPLICABLE_PRE_SEC11
CAS_CLEAN_268,SNP_CAS_CLEAN_268_CASE_INITIATION_MILESTONE_20230510,2023-05-10,CASE_INITIATION_TO_MILESTONE,2022-11-11,GENERAL_NOTICE,1238,False,,2026-09-29,180,180,180,1,,0,False,False,Yavatmal,,,District Collectorate & Administration Yavatmal,RFCTLARR_2013,Rural Infrastructure,False,,,,,,,NOT_PUBLISHED_IN_GAZETTE,NOT_PUBLISHED_IN_STRUCTURED_DATA,NOT_APPLICABLE_IN_REAL_DATA,NOT_APPLICABLE_PRE_AWARD,UNPARSED_SCHEDULE_TABLE,UNPARSED_SCHEDULE_TABLE,NOT_PUBLISHED_IN_STRUCTURED_DATA,,NOT_APPLICABLE_PRE_SEC11
CAS_CLEAN_269,SNP_CAS_CLEAN_269_CASE_INITIATION_MILESTONE_20230510,2023-05-10,CASE_INITIATION_TO_MILESTONE,2022-11-11,GENERAL_NOTICE,1238,False,,2026-09-29,180,180,180,1,,0,False,False,Yavatmal,,,District Collectorate & Administration Yavatmal,RFCTLARR_2013,Rural Infrastructure,False,,,,,,,NOT_PUBLISHED_IN_GAZETTE,NOT_PUBLISHED_IN_STRUCTURED_DATA,NOT_APPLICABLE_IN_REAL_DATA,NOT_APPLICABLE_PRE_AWARD,UNPARSED_SCHEDULE_TABLE,UNPARSED_SCHEDULE_TABLE,NOT_PUBLISHED_IN_STRUCTURED_DATA,,NOT_APPLICABLE_PRE_SEC11
CAS_CLEAN_270,SNP_CAS_CLEAN_270_CASE_INITIATION_MILESTONE_20230510,2023-05-10,CASE_INITIATION_TO_MILESTONE,2022-11-11,GENERAL_NOTICE,1238,False,,2026-09-29,180,180,180,1,,0,False,False,Yavatmal,,,District Collectorate & Administration Yavatmal,RFCTLARR_2013,Irrigation / Canal,False,,,,,,,NOT_PUBLISHED_IN_GAZETTE,NOT_PUBLISHED_IN_STRUCTURED_DATA,NOT_APPLICABLE_IN_REAL_DATA,NOT_APPLICABLE_PRE_AWARD,UNPARSED_SCHEDULE_TABLE,UNPARSED_SCHEDULE_TABLE,NOT_PUBLISHED_IN_STRUCTURED_DATA,,NOT_APPLICABLE_PRE_SEC11
CAS_CLEAN_267,SNP_CAS_CLEAN_267_CASE_INITIATION_MILESTONE_20230516,2023-05-16,CASE_INITIATION_TO_MILESTONE,2022-11-17,GENERAL_NOTICE,1232,False,,2026-09-29,180,180,180,1,,0,False,False,Yavatmal,,,District Collectorate & Administration Yavatmal,RFCTLARR_2013,Rural Infrastructure,False,,,,,,,NOT_PUBLISHED_IN_GAZETTE,NOT_PUBLISHED_IN_STRUCTURED_DATA,NOT_APPLICABLE_IN_REAL_DATA,NOT_APPLICABLE_PRE_AWARD,UNPARSED_SCHEDULE_TABLE,UNPARSED_SCHEDULE_TABLE,NOT_PUBLISHED_IN_STRUCTURED_DATA,,NOT_APPLICABLE_PRE_SEC11
CAS_CLEAN_268,SNP_CAS_CLEAN_268_CASE_INITIATION_MILESTONE_20230808,2023-08-08,CASE_INITIATION_TO_MILESTONE,2022-11-11,GENERAL_NOTICE,1148,False,,2026-09-29,270,270,270,1,,0,False,False,Yavatmal,,,District Collectorate & Administration Yavatmal,RFCTLARR_2013,Rural Infrastructure,False,,,,,,,NOT_PUBLISHED_IN_GAZETTE,NOT_PUBLISHED_IN_STRUCTURED_DATA,NOT_APPLICABLE_IN_REAL_DATA,NOT_APPLICABLE_PRE_AWARD,UNPARSED_SCHEDULE_TABLE,UNPARSED_SCHEDULE_TABLE,NOT_PUBLISHED_IN_STRUCTURED_DATA,,NOT_APPLICABLE_PRE_SEC11
CAS_CLEAN_269,SNP_CAS_CLEAN_269_CASE_INITIATION_MILESTONE_20230808,2023-08-08,CASE_INITIATION_TO_MILESTONE,2022-11-11,GENERAL_NOTICE,1148,False,,2026-09-29,270,270,270,1,,0,False,False,Yavatmal,,,District Collectorate & Administration Yavatmal,RFCTLARR_2013,Rural Infrastructure,False,,,,,,,NOT_PUBLISHED_IN_GAZETTE,NOT_PUBLISHED_IN_STRUCTURED_DATA,NOT_APPLICABLE_IN_REAL_DATA,NOT_APPLICABLE_PRE_AWARD,UNPARSED_SCHEDULE_TABLE,UNPARSED_SCHEDULE_TABLE,NOT_PUBLISHED_IN_STRUCTURED_DATA,,NOT_APPLICABLE_PRE_SEC11
CAS_CLEAN_270,SNP_CAS_CLEAN_270_CASE_INITIATION_MILESTONE_20230808,2023-08-08,CASE_INITIATION_TO_MILESTONE,2022-11-11,GENERAL_NOTICE,1148,False,,2026-09-29,270,270,270,1,,0,False,False,Yavatmal,,,District Collectorate & Administration Yavatmal,RFCTLARR_2013,Irrigation / Canal,False,,,,,,,NOT_PUBLISHED_IN_GAZETTE,NOT_PUBLISHED_IN_STRUCTURED_DATA,NOT_APPLICABLE_IN_REAL_DATA,NOT_APPLICABLE_PRE_AWARD,UNPARSED_SCHEDULE_TABLE,UNPARSED_SCHEDULE_TABLE,NOT_PUBLISHED_IN_STRUCTURED_DATA,,NOT_APPLICABLE_PRE_SEC11
CAS_CLEAN_267,SNP_CAS_CLEAN_267_CASE_INITIATION_MILESTONE_20230814,2023-08-14,CASE_INITIATION_TO_MILESTONE,2022-11-17,GENERAL_NOTICE,1142,False,,2026-09-29,270,270,270,1,,0,False,False,Yavatmal,,,District Collectorate & Administration Yavatmal,RFCTLARR_2013,Rural Infrastructure,False,,,,,,,NOT_PUBLISHED_IN_GAZETTE,NOT_PUBLISHED_IN_STRUCTURED_DATA,NOT_APPLICABLE_IN_REAL_DATA,NOT_APPLICABLE_PRE_AWARD,UNPARSED_SCHEDULE_TABLE,UNPARSED_SCHEDULE_TABLE,NOT_PUBLISHED_IN_STRUCTURED_DATA,,NOT_APPLICABLE_PRE_SEC11
CAS_CLEAN_268,SNP_CAS_CLEAN_268_CASE_INITIATION_MILESTONE_20231111,2023-11-11,CASE_INITIATION_TO_MILESTONE,2022-11-11,GENERAL_NOTICE,1053,False,,2026-09-29,365,365,365,1,,0,False,False,Yavatmal,,,District Collectorate & Administration Yavatmal,RFCTLARR_2013,Rural Infrastructure,False,,,,,,,NOT_PUBLISHED_IN_GAZETTE,NOT_PUBLISHED_IN_STRUCTURED_DATA,NOT_APPLICABLE_IN_REAL_DATA,NOT_APPLICABLE_PRE_AWARD,UNPARSED_SCHEDULE_TABLE,UNPARSED_SCHEDULE_TABLE,NOT_PUBLISHED_IN_STRUCTURED_DATA,,NOT_APPLICABLE_PRE_SEC11
CAS_CLEAN_269,SNP_CAS_CLEAN_269_CASE_INITIATION_MILESTONE_20231111,2023-11-11,CASE_INITIATION_TO_MILESTONE,2022-11-11,GENERAL_NOTICE,1053,False,,2026-09-29,365,365,365,1,,0,False,False,Yavatmal,,,District Collectorate & Administration Yavatmal,RFCTLARR_2013,Rural Infrastructure,False,,,,,,,NOT_PUBLISHED_IN_GAZETTE,NOT_PUBLISHED_IN_STRUCTURED_DATA,NOT_APPLICABLE_IN_REAL_DATA,NOT_APPLICABLE_PRE_AWARD,UNPARSED_SCHEDULE_TABLE,UNPARSED_SCHEDULE_TABLE,NOT_PUBLISHED_IN_STRUCTURED_DATA,,NOT_APPLICABLE_PRE_SEC11
CAS_CLEAN_270,SNP_CAS_CLEAN_270_CASE_INITIATION_MILESTONE_20231111,2023-11-11,CASE_INITIATION_TO_MILESTONE,2022-11-11,GENERAL_NOTICE,1053,False,,2026-09-29,365,365,365,1,,0,False,False,Yavatmal,,,District Collectorate & Administration Yavatmal,RFCTLARR_2013,Irrigation / Canal,False,,,,,,,NOT_PUBLISHED_IN_GAZETTE,NOT_PUBLISHED_IN_STRUCTURED_DATA,NOT_APPLICABLE_IN_REAL_DATA,NOT_APPLICABLE_PRE_AWARD,UNPARSED_SCHEDULE_TABLE,UNPARSED_SCHEDULE_TABLE,NOT_PUBLISHED_IN_STRUCTURED_DATA,,NOT_APPLICABLE_PRE_SEC11
CAS_CLEAN_267,SNP_CAS_CLEAN_267_CASE_INITIATION_MILESTONE_20231117,2023-11-17,CASE_INITIATION_TO_MILESTONE,2022-11-17,GENERAL_NOTICE,1047,False,,2026-09-29,365,365,365,1,,0,False,False,Yavatmal,,,District Collectorate & Administration Yavatmal,RFCTLARR_2013,Rural Infrastructure,False,,,,,,,NOT_PUBLISHED_IN_GAZETTE,NOT_PUBLISHED_IN_STRUCTURED_DATA,NOT_APPLICABLE_IN_REAL_DATA,NOT_APPLICABLE_PRE_AWARD,UNPARSED_SCHEDULE_TABLE,UNPARSED_SCHEDULE_TABLE,NOT_PUBLISHED_IN_STRUCTURED_DATA,,NOT_APPLICABLE_PRE_SEC11
CAS_CLEAN_087,SNP_CAS_CLEAN_087_CASE_INITIATION_MILESTONE_20240131,2024-01-31,CASE_INITIATION_TO_MILESTONE,2024-01-31,GENERAL_NOTICE,972,False,,2026-09-29,0,0,0,1,,0,False,False,Nagpur,Bhivapur,Mokhala,District Collectorate & Administration Nagpur,RFCTLARR_2013,Rural Infrastructure,False,,,,,,,NOT_PUBLISHED_IN_GAZETTE,NOT_PUBLISHED_IN_STRUCTURED_DATA,NOT_APPLICABLE_IN_REAL_DATA,NOT_APPLICABLE_PRE_AWARD,UNPARSED_SCHEDULE_TABLE,UNPARSED_SCHEDULE_TABLE,NOT_PUBLISHED_IN_STRUCTURED_DATA,,NOT_APPLICABLE_PRE_SEC11
CAS_CLEAN_002,SNP_CAS_CLEAN_002_CASE_INITIATION_MILESTONE_20240222,2024-02-22,CASE_INITIATION_TO_MILESTONE,2024-02-22,DIRECT_PURCHASE,950,False,,2026-09-29,0,0,0,1,,0,False,False,Nagpur,Bhivapur,Adyal,District Collectorate & Administration Nagpur,RFCTLARR_2013,Rural Infrastructure,True,,,,,,,NOT_PUBLISHED_IN_GAZETTE,NOT_PUBLISHED_IN_STRUCTURED_DATA,NOT_APPLICABLE_IN_REAL_DATA,NOT_APPLICABLE_PRE_AWARD,UNPARSED_SCHEDULE_TABLE,UNPARSED_SCHEDULE_TABLE,NOT_PUBLISHED_IN_STRUCTURED_DATA,,NOT_APPLICABLE_PRE_SEC11
CAS_CLEAN_029,SNP_CAS_CLEAN_029_CASE_INITIATION_MILESTONE_20240227,2024-02-27,CASE_INITIATION_TO_MILESTONE,2024-02-27,SECTION_11,945,False,,2026-09-29,0,0,0,1,0.0,0,False,False,Nagpur,Nagpur(City),,District Collectorate & Administration Nagpur,RFCTLARR_2013,Rural Infrastructure,False,,,,,,,NOT_PUBLISHED_IN_GAZETTE,NOT_PUBLISHED_IN_STRUCTURED_DATA,NOT_APPLICABLE_IN_REAL_DATA,NOT_APPLICABLE_PRE_AWARD,UNPARSED_SCHEDULE_TABLE,UNPARSED_SCHEDULE_TABLE,NOT_PUBLISHED_IN_STRUCTURED_DATA,,
CAS_CLEAN_021,SNP_CAS_CLEAN_021_CASE_INITIATION_MILESTONE_20240305,2024-03-05,CASE_INITIATION_TO_MILESTONE,2024-03-05,GENERAL_NOTICE,938,False,,2026-09-29,0,0,0,1,,0,False,False,Nagpur,,,District Collectorate & Administration Nagpur,RFCTLARR_2013,Rural Infrastructure,False,,,,,,,NOT_PUBLISHED_IN_GAZETTE,NOT_PUBLISHED_IN_STRUCTURED_DATA,NOT_APPLICABLE_IN_REAL_DATA,NOT_APPLICABLE_PRE_AWARD,UNPARSED_SCHEDULE_TABLE,UNPARSED_SCHEDULE_TABLE,NOT_PUBLISHED_IN_STRUCTURED_DATA,,NOT_APPLICABLE_PRE_SEC11
CAS_CLEAN_164,SNP_CAS_CLEAN_164_CASE_INITIATION_MILESTONE_20240313,2024-03-13,CASE_INITIATION_TO_MILESTONE,2024-03-13,GENERAL_NOTICE,930,False,,2026-09-29,0,0,0,1,,0,False,False,Nagpur,Hingna,Wanadongri,District Collectorate & Administration Nagpur,RFCTLARR_2013,Rural Infrastructure,False,,,,,,,NOT_PUBLISHED_IN_GAZETTE,NOT_PUBLISHED_IN_STRUCTURED_DATA,NOT_APPLICABLE_IN_REAL_DATA,NOT_APPLICABLE_PRE_AWARD,UNPARSED_SCHEDULE_TABLE,UNPARSED_SCHEDULE_TABLE,NOT_PUBLISHED_IN_STRUCTURED_DATA,,NOT_APPLICABLE_PRE_SEC11
CAS_CLEAN_165,SNP_CAS_CLEAN_165_CASE_INITIATION_MILESTONE_20240313,2024-03-13,CASE_INITIATION_TO_MILESTONE,2024-03-13,GENERAL_NOTICE,930,False,,2026-09-29,0,0,0,1,,0,False,False,Nagpur,Hingna,Wanadongri,District Collectorate & Administration Nagpur,RFCTLARR_2013,Rural Infrastructure,False,,,,,,,NOT_PUBLISHED_IN_GAZETTE,NOT_PUBLISHED_IN_STRUCTURED_DATA,NOT_APPLICABLE_IN_REAL_DATA,NOT_APPLICABLE_PRE_AWARD,UNPARSED_SCHEDULE_TABLE,UNPARSED_SCHEDULE_TABLE,NOT_PUBLISHED_IN_STRUCTURED_DATA,,NOT_APPLICABLE_PRE_SEC11
CAS_CLEAN_039,SNP_CAS_CLEAN_039_CASE_INITIATION_MILESTONE_20240314,2024-03-14,CASE_INITIATION_TO_MILESTONE,2024-03-14,SECTION_11,929,False,,2026-09-29,0,0,0,1,0.0,0,False,False,Nagpur,Kuhi,chapegadi(Rithi),District Collectorate & Administration Nagpur,RFCTLARR_2013,Rural Infrastructure,False,,,,,,,NOT_PUBLISHED_IN_GAZETTE,NOT_PUBLISHED_IN_STRUCTURED_DATA,NOT_APPLICABLE_IN_REAL_DATA,NOT_APPLICABLE_PRE_AWARD,UNPARSED_SCHEDULE_TABLE,UNPARSED_SCHEDULE_TABLE,NOT_PUBLISHED_IN_STRUCTURED_DATA,,
CAS_CLEAN_041,SNP_CAS_CLEAN_041_CASE_INITIATION_MILESTONE_20240314,2024-03-14,CASE_INITIATION_TO_MILESTONE,2024-03-14,SECTION_11,929,False,,2026-09-29,0,0,0,1,0.0,0,False,False,Nagpur,Kuhi,Chapeghat (Rithi),District Collectorate & Administration Nagpur,RFCTLARR_2013,Rural Infrastructure,False,,,,,,,NOT_PUBLISHED_IN_GAZETTE,NOT_PUBLISHED_IN_STRUCTURED_DATA,NOT_APPLICABLE_IN_REAL_DATA,NOT_APPLICABLE_PRE_AWARD,UNPARSED_SCHEDULE_TABLE,UNPARSED_SCHEDULE_TABLE,NOT_PUBLISHED_IN_STRUCTURED_DATA,,
CAS_CLEAN_136,SNP_CAS_CLEAN_136_CASE_INITIATION_MILESTONE_20240314,2024-03-14,CASE_INITIATION_TO_MILESTONE,2024-03-14,SECTION_11,929,False,,2026-09-29,0,0,0,1,0.0,0,False,False,Nagpur,Kuhi,Sawangi,District Collectorate & Administration Nagpur,RFCTLARR_2013,Rural Infrastructure,False,,,,,,,NOT_PUBLISHED_IN_GAZETTE,NOT_PUBLISHED_IN_STRUCTURED_DATA,NOT_APPLICABLE_IN_REAL_DATA,NOT_APPLICABLE_PRE_AWARD,UNPARSED_SCHEDULE_TABLE,UNPARSED_SCHEDULE_TABLE,NOT_PUBLISHED_IN_STRUCTURED_DATA,,
CAS_CLEAN_087,SNP_CAS_CLEAN_087_CASE_INITIATION_MILESTONE_20240430,2024-04-30,CASE_INITIATION_TO_MILESTONE,2024-01-31,GENERAL_NOTICE,882,False,,2026-09-29,90,90,90,1,,0,False,False,Nagpur,Bhivapur,Mokhala,District Collectorate & Administration Nagpur,RFCTLARR_2013,Rural Infrastructure,False,,,,,,,NOT_PUBLISHED_IN_GAZETTE,NOT_PUBLISHED_IN_STRUCTURED_DATA,NOT_APPLICABLE_IN_REAL_DATA,NOT_APPLICABLE_PRE_AWARD,UNPARSED_SCHEDULE_TABLE,UNPARSED_SCHEDULE_TABLE,NOT_PUBLISHED_IN_STRUCTURED_DATA,,NOT_APPLICABLE_PRE_SEC11
CAS_CLEAN_002,SNP_CAS_CLEAN_002_CASE_INITIATION_MILESTONE_20240522,2024-05-22,CASE_INITIATION_TO_MILESTONE,2024-02-22,DIRECT_PURCHASE,860,False,,2026-09-29,90,90,90,1,,0,False,False,Nagpur,Bhivapur,Adyal,District Collectorate & Administration Nagpur,RFCTLARR_2013,Rural Infrastructure,True,,,,,,,NOT_PUBLISHED_IN_GAZETTE,NOT_PUBLISHED_IN_STRUCTURED_DATA,NOT_APPLICABLE_IN_REAL_DATA,NOT_APPLICABLE_PRE_AWARD,UNPARSED_SCHEDULE_TABLE,UNPARSED_SCHEDULE_TABLE,NOT_PUBLISHED_IN_STRUCTURED_DATA,,NOT_APPLICABLE_PRE_SEC11
CAS_CLEAN_029,SNP_CAS_CLEAN_029_CASE_INITIATION_MILESTONE_20240527,2024-05-27,CASE_INITIATION_TO_MILESTONE,2024-02-27,SECTION_11,855,False,,2026-09-29,90,90,90,1,0.2466,0,False,False,Nagpur,Nagpur(City),,District Collectorate & Administration Nagpur,RFCTLARR_2013,Rural Infrastructure,False,,,,,,,NOT_PUBLISHED_IN_GAZETTE,NOT_PUBLISHED_IN_STRUCTURED_DATA,NOT_APPLICABLE_IN_REAL_DATA,NOT_APPLICABLE_PRE_AWARD,UNPARSED_SCHEDULE_TABLE,UNPARSED_SCHEDULE_TABLE,NOT_PUBLISHED_IN_STRUCTURED_DATA,,
CAS_CLEAN_021,SNP_CAS_CLEAN_021_CASE_INITIATION_MILESTONE_20240603,2024-06-03,CASE_INITIATION_TO_MILESTONE,2024-03-05,GENERAL_NOTICE,848,False,,2026-09-29,90,90,90,1,,0,False,False,Nagpur,,,District Collectorate & Administration Nagpur,RFCTLARR_2013,Rural Infrastructure,False,,,,,,,NOT_PUBLISHED_IN_GAZETTE,NOT_PUBLISHED_IN_STRUCTURED_DATA,NOT_APPLICABLE_IN_REAL_DATA,NOT_APPLICABLE_PRE_AWARD,UNPARSED_SCHEDULE_TABLE,UNPARSED_SCHEDULE_TABLE,NOT_PUBLISHED_IN_STRUCTURED_DATA,,NOT_APPLICABLE_PRE_SEC11
CAS_CLEAN_164,SNP_CAS_CLEAN_164_CASE_INITIATION_MILESTONE_20240611,2024-06-11,CASE_INITIATION_TO_MILESTONE,2024-03-13,GENERAL_NOTICE,840,False,,2026-09-29,90,90,90,1,,0,False,False,Nagpur,Hingna,Wanadongri,District Collectorate & Administration Nagpur,RFCTLARR_2013,Rural Infrastructure,False,,,,,,,NOT_PUBLISHED_IN_GAZETTE,NOT_PUBLISHED_IN_STRUCTURED_DATA,NOT_APPLICABLE_IN_REAL_DATA,NOT_APPLICABLE_PRE_AWARD,UNPARSED_SCHEDULE_TABLE,UNPARSED_SCHEDULE_TABLE,NOT_PUBLISHED_IN_STRUCTURED_DATA,,NOT_APPLICABLE_PRE_SEC11
CAS_CLEAN_165,SNP_CAS_CLEAN_165_CASE_INITIATION_MILESTONE_20240611,2024-06-11,CASE_INITIATION_TO_MILESTONE,2024-03-13,GENERAL_NOTICE,840,False,,2026-09-29,90,90,90,1,,0,False,False,Nagpur,Hingna,Wanadongri,District Collectorate & Administration Nagpur,RFCTLARR_2013,Rural Infrastructure,False,,,,,,,NOT_PUBLISHED_IN_GAZETTE,NOT_PUBLISHED_IN_STRUCTURED_DATA,NOT_APPLICABLE_IN_REAL_DATA,NOT_APPLICABLE_PRE_AWARD,UNPARSED_SCHEDULE_TABLE,UNPARSED_SCHEDULE_TABLE,NOT_PUBLISHED_IN_STRUCTURED_DATA,,NOT_APPLICABLE_PRE_SEC11
CAS_CLEAN_039,SNP_CAS_CLEAN_039_CASE_INITIATION_MILESTONE_20240612,2024-06-12,CASE_INITIATION_TO_MILESTONE,2024-03-14,SECTION_11,839,False,,2026-09-29,90,90,90,1,0.2466,0,False,False,Nagpur,Kuhi,chapegadi(Rithi),District Collectorate & Administration Nagpur,RFCTLARR_2013,Rural Infrastructure,False,,,,,,,NOT_PUBLISHED_IN_GAZETTE,NOT_PUBLISHED_IN_STRUCTURED_DATA,NOT_APPLICABLE_IN_REAL_DATA,NOT_APPLICABLE_PRE_AWARD,UNPARSED_SCHEDULE_TABLE,UNPARSED_SCHEDULE_TABLE,NOT_PUBLISHED_IN_STRUCTURED_DATA,,
CAS_CLEAN_041,SNP_CAS_CLEAN_041_CASE_INITIATION_MILESTONE_20240612,2024-06-12,CASE_INITIATION_TO_MILESTONE,2024-03-14,SECTION_11,839,False,,2026-09-29,90,90,90,1,0.2466,0,False,False,Nagpur,Kuhi,Chapeghat (Rithi),District Collectorate & Administration Nagpur,RFCTLARR_2013,Rural Infrastructure,False,,,,,,,NOT_PUBLISHED_IN_GAZETTE,NOT_PUBLISHED_IN_STRUCTURED_DATA,NOT_APPLICABLE_IN_REAL_DATA,NOT_APPLICABLE_PRE_AWARD,UNPARSED_SCHEDULE_TABLE,UNPARSED_SCHEDULE_TABLE,NOT_PUBLISHED_IN_STRUCTURED_DATA,,
CAS_CLEAN_136,SNP_CAS_CLEAN_136_CASE_INITIATION_MILESTONE_20240612,2024-06-12,CASE_INITIATION_TO_MILESTONE,2024-03-14,SECTION_11,839,False,,2026-09-29,90,90,90,1,0.2466,0,False,False,Nagpur,Kuhi,Sawangi,District Collectorate & Administration Nagpur,RFCTLARR_2013,Rural Infrastructure,False,,,,,,,NOT_PUBLISHED_IN_GAZETTE,NOT_PUBLISHED_IN_STRUCTURED_DATA,NOT_APPLICABLE_IN_REAL_DATA,NOT_APPLICABLE_PRE_AWARD,UNPARSED_SCHEDULE_TABLE,UNPARSED_SCHEDULE_TABLE,NOT_PUBLISHED_IN_STRUCTURED_DATA,,
CAS_CLEAN_126,SNP_CAS_CLEAN_126_CASE_INITIATION_MILESTONE_20240625,2024-06-25,CASE_INITIATION_TO_MILESTONE,2024-06-25,DIRECT_PURCHASE,826,False,,2026-09-29,0,0,0,1,,0,False,False,Nagpur,Kuhi,Ruyad,District Collectorate & Administration Nagpur,RFCTLARR_2013,Rural Infrastructure,True,,,,,,,NOT_PUBLISHED_IN_GAZETTE,NOT_PUBLISHED_IN_STRUCTURED_DATA,NOT_APPLICABLE_IN_REAL_DATA,NOT_APPLICABLE_PRE_AWARD,UNPARSED_SCHEDULE_TABLE,UNPARSED_SCHEDULE_TABLE,NOT_PUBLISHED_IN_STRUCTURED_DATA,,NOT_APPLICABLE_PRE_SEC11
CAS_CLEAN_127,SNP_CAS_CLEAN_127_CASE_INITIATION_MILESTONE_20240625,2024-06-25,CASE_INITIATION_TO_MILESTONE,2024-06-25,DIRECT_PURCHASE,826,False,,2026-09-29,0,0,0,1,,0,False,False,Nagpur,Kuhi,Ruyad,District Collectorate & Administration Nagpur,RFCTLARR_2013,Rural Infrastructure,True,,,,,,,NOT_PUBLISHED_IN_GAZETTE,NOT_PUBLISHED_IN_STRUCTURED_DATA,NOT_APPLICABLE_IN_REAL_DATA,NOT_APPLICABLE_PRE_AWARD,UNPARSED_SCHEDULE_TABLE,UNPARSED_SCHEDULE_TABLE,NOT_PUBLISHED_IN_STRUCTURED_DATA,,NOT_APPLICABLE_PRE_SEC11
CAS_CLEAN_020,SNP_CAS_CLEAN_020_CASE_INITIATION_MILESTONE_20240710,2024-07-10,CASE_INITIATION_TO_MILESTONE,2024-07-10,GENERAL_NOTICE,811,False,,2026-09-29,0,0,0,1,,0,False,False,Nagpur,,,District Collectorate & Administration Nagpur,RFCTLARR_2013,Rural Infrastructure,False,,,,,,,NOT_PUBLISHED_IN_GAZETTE,NOT_PUBLISHED_IN_STRUCTURED_DATA,NOT_APPLICABLE_IN_REAL_DATA,NOT_APPLICABLE_PRE_AWARD,UNPARSED_SCHEDULE_TABLE,UNPARSED_SCHEDULE_TABLE,NOT_PUBLISHED_IN_STRUCTURED_DATA,,NOT_APPLICABLE_PRE_SEC11
CAS_CLEAN_032,SNP_CAS_CLEAN_032_CASE_INITIATION_MILESTONE_20240729,2024-07-29,CASE_INITIATION_TO_MILESTONE,2024-07-29,GENERAL_NOTICE,792,False,,2026-09-29,0,0,0,1,,0,False,False,Nagpur,,,District Collectorate & Administration Nagpur,RFCTLARR_2013,Rural Infrastructure,False,,,,,,,NOT_PUBLISHED_IN_GAZETTE,NOT_PUBLISHED_IN_STRUCTURED_DATA,NOT_APPLICABLE_IN_REAL_DATA,NOT_APPLICABLE_PRE_AWARD,UNPARSED_SCHEDULE_TABLE,UNPARSED_SCHEDULE_TABLE,NOT_PUBLISHED_IN_STRUCTURED_DATA,,NOT_APPLICABLE_PRE_SEC11
CAS_CLEAN_087,SNP_CAS_CLEAN_087_CASE_INITIATION_MILESTONE_20240729,2024-07-29,CASE_INITIATION_TO_MILESTONE,2024-01-31,GENERAL_NOTICE,792,False,,2026-09-29,180,180,180,1,,0,False,False,Nagpur,Bhivapur,Mokhala,District Collectorate & Administration Nagpur,RFCTLARR_2013,Rural Infrastructure,False,,,,,,,NOT_PUBLISHED_IN_GAZETTE,NOT_PUBLISHED_IN_STRUCTURED_DATA,NOT_APPLICABLE_IN_REAL_DATA,NOT_APPLICABLE_PRE_AWARD,UNPARSED_SCHEDULE_TABLE,UNPARSED_SCHEDULE_TABLE,NOT_PUBLISHED_IN_STRUCTURED_DATA,,NOT_APPLICABLE_PRE_SEC11
CAS_CLEAN_094,SNP_CAS_CLEAN_094_CASE_INITIATION_MILESTONE_20240806,2024-08-06,CASE_INITIATION_TO_MILESTONE,2024-08-06,GENERAL_NOTICE,784,False,,2026-09-29,0,0,0,1,,0,False,False,Nagpur,Nagpur City,Nagpur,District Collectorate & Administration Nagpur,RFCTLARR_2013,Rural Infrastructure,False,,,,,,,NOT_PUBLISHED_IN_GAZETTE,NOT_PUBLISHED_IN_STRUCTURED_DATA,NOT_APPLICABLE_IN_REAL_DATA,NOT_APPLICABLE_PRE_AWARD,UNPARSED_SCHEDULE_TABLE,UNPARSED_SCHEDULE_TABLE,NOT_PUBLISHED_IN_STRUCTURED_DATA,,NOT_APPLICABLE_PRE_SEC11
CAS_CLEAN_140,SNP_CAS_CLEAN_140_CASE_INITIATION_MILESTONE_20240808,2024-08-08,CASE_INITIATION_TO_MILESTONE,2024-08-08,SECTION_11,782,False,,2026-09-29,0,0,0,1,0.0,0,False,False,Nagpur,Nagpur (City),Shivangaon,District Collectorate & Administration Nagpur,RFCTLARR_2013,Rural Infrastructure,False,,,,,,,NOT_PUBLISHED_IN_GAZETTE,NOT_PUBLISHED_IN_STRUCTURED_DATA,NOT_APPLICABLE_IN_REAL_DATA,NOT_APPLICABLE_PRE_AWARD,UNPARSED_SCHEDULE_TABLE,UNPARSED_SCHEDULE_TABLE,NOT_PUBLISHED_IN_STRUCTURED_DATA,,
CAS_CLEAN_061,SNP_CAS_CLEAN_061_CASE_INITIATION_MILESTONE_20240814,2024-08-14,CASE_INITIATION_TO_MILESTONE,2024-08-14,DIRECT_PURCHASE,776,False,,2026-09-29,0,0,0,1,,0,False,False,Nagpur,Kuhi,Gorha,District Collectorate & Administration Nagpur,RFCTLARR_2013,Rural Infrastructure,True,,,,,,,NOT_PUBLISHED_IN_GAZETTE,NOT_PUBLISHED_IN_STRUCTURED_DATA,NOT_APPLICABLE_IN_REAL_DATA,NOT_APPLICABLE_PRE_AWARD,UNPARSED_SCHEDULE_TABLE,UNPARSED_SCHEDULE_TABLE,NOT_PUBLISHED_IN_STRUCTURED_DATA,,NOT_APPLICABLE_PRE_SEC11
CAS_CLEAN_002,SNP_CAS_CLEAN_002_CASE_INITIATION_MILESTONE_20240820,2024-08-20,CASE_INITIATION_TO_MILESTONE,2024-02-22,DIRECT_PURCHASE,770,False,,2026-09-29,180,180,180,1,,0,False,False,Nagpur,Bhivapur,Adyal,District Collectorate & Administration Nagpur,RFCTLARR_2013,Rural Infrastructure,True,,,,,,,NOT_PUBLISHED_IN_GAZETTE,NOT_PUBLISHED_IN_STRUCTURED_DATA,NOT_APPLICABLE_IN_REAL_DATA,NOT_APPLICABLE_PRE_AWARD,UNPARSED_SCHEDULE_TABLE,UNPARSED_SCHEDULE_TABLE,NOT_PUBLISHED_IN_STRUCTURED_DATA,,NOT_APPLICABLE_PRE_SEC11
CAS_CLEAN_099,SNP_CAS_CLEAN_099_CASE_INITIATION_MILESTONE_20240822,2024-08-22,CASE_INITIATION_TO_MILESTONE,2024-08-22,GENERAL_NOTICE,768,False,,2026-09-29,0,0,0,1,,0,False,False,Nagpur,Nagpur,Nagpur,District Collectorate & Administration Nagpur,RFCTLARR_2013,Rural Infrastructure,False,,,,,,,NOT_PUBLISHED_IN_GAZETTE,NOT_PUBLISHED_IN_STRUCTURED_DATA,NOT_APPLICABLE_IN_REAL_DATA,NOT_APPLICABLE_PRE_AWARD,UNPARSED_SCHEDULE_TABLE,UNPARSED_SCHEDULE_TABLE,NOT_PUBLISHED_IN_STRUCTURED_DATA,,NOT_APPLICABLE_PRE_SEC11
CAS_CLEAN_128,SNP_CAS_CLEAN_128_CASE_INITIATION_MILESTONE_20240822,2024-08-22,CASE_INITIATION_TO_MILESTONE,2024-08-22,DIRECT_PURCHASE,768,False,,2026-09-29,0,0,0,1,,0,False,False,Nagpur,Kuhi,Ruyad,District Collectorate & Administration Nagpur,RFCTLARR_2013,Rural Infrastructure,True,,,,,,,NOT_PUBLISHED_IN_GAZETTE,NOT_PUBLISHED_IN_STRUCTURED_DATA,NOT_APPLICABLE_IN_REAL_DATA,NOT_APPLICABLE_PRE_AWARD,UNPARSED_SCHEDULE_TABLE,UNPARSED_SCHEDULE_TABLE,NOT_PUBLISHED_IN_STRUCTURED_DATA,,NOT_APPLICABLE_PRE_SEC11
CAS_CLEAN_029,SNP_CAS_CLEAN_029_CASE_INITIATION_MILESTONE_20240825,2024-08-25,CASE_INITIATION_TO_MILESTONE,2024-02-27,SECTION_11,765,False,,2026-09-29,180,180,180,1,0.4932,0,False,False,Nagpur,Nagpur(City),,District Collectorate & Administration Nagpur,RFCTLARR_2013,Rural Infrastructure,False,,,,,,,NOT_PUBLISHED_IN_GAZETTE,NOT_PUBLISHED_IN_STRUCTURED_DATA,NOT_APPLICABLE_IN_REAL_DATA,NOT_APPLICABLE_PRE_AWARD,UNPARSED_SCHEDULE_TABLE,UNPARSED_SCHEDULE_TABLE,NOT_PUBLISHED_IN_STRUCTURED_DATA,,
CAS_CLEAN_021,SNP_CAS_CLEAN_021_CASE_INITIATION_MILESTONE_20240901,2024-09-01,CASE_INITIATION_TO_MILESTONE,2024-03-05,GENERAL_NOTICE,758,False,,2026-09-29,180,180,180,1,,0,False,False,Nagpur,,,District Collectorate & Administration Nagpur,RFCTLARR_2013,Rural Infrastructure,False,,,,,,,NOT_PUBLISHED_IN_GAZETTE,NOT_PUBLISHED_IN_STRUCTURED_DATA,NOT_APPLICABLE_IN_REAL_DATA,NOT_APPLICABLE_PRE_AWARD,UNPARSED_SCHEDULE_TABLE,UNPARSED_SCHEDULE_TABLE,NOT_PUBLISHED_IN_STRUCTURED_DATA,,NOT_APPLICABLE_PRE_SEC11
CAS_CLEAN_164,SNP_CAS_CLEAN_164_CASE_INITIATION_MILESTONE_20240909,2024-09-09,CASE_INITIATION_TO_MILESTONE,2024-03-13,GENERAL_NOTICE,750,False,,2026-09-29,180,180,180,1,,0,False,False,Nagpur,Hingna,Wanadongri,District Collectorate & Administration Nagpur,RFCTLARR_2013,Rural Infrastructure,False,,,,,,,NOT_PUBLISHED_IN_GAZETTE,NOT_PUBLISHED_IN_STRUCTURED_DATA,NOT_APPLICABLE_IN_REAL_DATA,NOT_APPLICABLE_PRE_AWARD,UNPARSED_SCHEDULE_TABLE,UNPARSED_SCHEDULE_TABLE,NOT_PUBLISHED_IN_STRUCTURED_DATA,,NOT_APPLICABLE_PRE_SEC11
CAS_CLEAN_165,SNP_CAS_CLEAN_165_CASE_INITIATION_MILESTONE_20240909,2024-09-09,CASE_INITIATION_TO_MILESTONE,2024-03-13,GENERAL_NOTICE,750,False,,2026-09-29,180,180,180,1,,0,False,False,Nagpur,Hingna,Wanadongri,District Collectorate & Administration Nagpur,RFCTLARR_2013,Rural Infrastructure,False,,,,,,,NOT_PUBLISHED_IN_GAZETTE,NOT_PUBLISHED_IN_STRUCTURED_DATA,NOT_APPLICABLE_IN_REAL_DATA,NOT_APPLICABLE_PRE_AWARD,UNPARSED_SCHEDULE_TABLE,UNPARSED_SCHEDULE_TABLE,NOT_PUBLISHED_IN_STRUCTURED_DATA,,NOT_APPLICABLE_PRE_SEC11
CAS_CLEAN_039,SNP_CAS_CLEAN_039_CASE_INITIATION_MILESTONE_20240910,2024-09-10,CASE_INITIATION_TO_MILESTONE,2024-03-14,SECTION_11,749,False,,2026-09-29,180,180,180,1,0.4932,0,False,False,Nagpur,Kuhi,chapegadi(Rithi),District Collectorate & Administration Nagpur,RFCTLARR_2013,Rural Infrastructure,False,,,,,,,NOT_PUBLISHED_IN_GAZETTE,NOT_PUBLISHED_IN_STRUCTURED_DATA,NOT_APPLICABLE_IN_REAL_DATA,NOT_APPLICABLE_PRE_AWARD,UNPARSED_SCHEDULE_TABLE,UNPARSED_SCHEDULE_TABLE,NOT_PUBLISHED_IN_STRUCTURED_DATA,,
CAS_CLEAN_041,SNP_CAS_CLEAN_041_CASE_INITIATION_MILESTONE_20240910,2024-09-10,CASE_INITIATION_TO_MILESTONE,2024-03-14,SECTION_11,749,False,,2026-09-29,180,180,180,1,0.4932,0,False,False,Nagpur,Kuhi,Chapeghat (Rithi),District Collectorate & Administration Nagpur,RFCTLARR_2013,Rural Infrastructure,False,,,,,,,NOT_PUBLISHED_IN_GAZETTE,NOT_PUBLISHED_IN_STRUCTURED_DATA,NOT_APPLICABLE_IN_REAL_DATA,NOT_APPLICABLE_PRE_AWARD,UNPARSED_SCHEDULE_TABLE,UNPARSED_SCHEDULE_TABLE,NOT_PUBLISHED_IN_STRUCTURED_DATA,,
CAS_CLEAN_136,SNP_CAS_CLEAN_136_CASE_INITIATION_MILESTONE_20240910,2024-09-10,CASE_INITIATION_TO_MILESTONE,2024-03-14,SECTION_11,749,False,,2026-09-29,180,180,180,1,0.4932,0,False,False,Nagpur,Kuhi,Sawangi,District Collectorate & Administration Nagpur,RFCTLARR_2013,Rural Infrastructure,False,,,,,,,NOT_PUBLISHED_IN_GAZETTE,NOT_PUBLISHED_IN_STRUCTURED_DATA,NOT_APPLICABLE_IN_REAL_DATA,NOT_APPLICABLE_PRE_AWARD,UNPARSED_SCHEDULE_TABLE,UNPARSED_SCHEDULE_TABLE,NOT_PUBLISHED_IN_STRUCTURED_DATA,,
CAS_CLEAN_126,SNP_CAS_CLEAN_126_CASE_INITIATION_MILESTONE_20240923,2024-09-23,CASE_INITIATION_TO_MILESTONE,2024-06-25,DIRECT_PURCHASE,736,False,,2026-09-29,90,90,90,1,,0,False,False,Nagpur,Kuhi,Ruyad,District Collectorate & Administration Nagpur,RFCTLARR_2013,Rural Infrastructure,True,,,,,,,NOT_PUBLISHED_IN_GAZETTE,NOT_PUBLISHED_IN_STRUCTURED_DATA,NOT_APPLICABLE_IN_REAL_DATA,NOT_APPLICABLE_PRE_AWARD,UNPARSED_SCHEDULE_TABLE,UNPARSED_SCHEDULE_TABLE,NOT_PUBLISHED_IN_STRUCTURED_DATA,,NOT_APPLICABLE_PRE_SEC11
CAS_CLEAN_127,SNP_CAS_CLEAN_127_CASE_INITIATION_MILESTONE_20240923,2024-09-23,CASE_INITIATION_TO_MILESTONE,2024-06-25,DIRECT_PURCHASE,736,False,,2026-09-29,90,90,90,1,,0,False,False,Nagpur,Kuhi,Ruyad,District Collectorate & Administration Nagpur,RFCTLARR_2013,Rural Infrastructure,True,,,,,,,NOT_PUBLISHED_IN_GAZETTE,NOT_PUBLISHED_IN_STRUCTURED_DATA,NOT_APPLICABLE_IN_REAL_DATA,NOT_APPLICABLE_PRE_AWARD,UNPARSED_SCHEDULE_TABLE,UNPARSED_SCHEDULE_TABLE,NOT_PUBLISHED_IN_STRUCTURED_DATA,,NOT_APPLICABLE_PRE_SEC11
CAS_CLEAN_096,SNP_CAS_CLEAN_096_CASE_INITIATION_MILESTONE_20241001,2024-10-01,CASE_INITIATION_TO_MILESTONE,2024-10-01,SECTION_21,728,False,,2026-09-29,0,0,0,1,,0,False,False,Nagpur,Nagpur City,Nagpur,District Collectorate & Administration Nagpur,RFCTLARR_2013,Rural Infrastructure,False,,,,,,,NOT_PUBLISHED_IN_GAZETTE,NOT_PUBLISHED_IN_STRUCTURED_DATA,NOT_APPLICABLE_IN_REAL_DATA,NOT_APPLICABLE_PRE_AWARD,UNPARSED_SCHEDULE_TABLE,UNPARSED_SCHEDULE_TABLE,NOT_PUBLISHED_IN_STRUCTURED_DATA,,NOT_APPLICABLE_PRE_SEC11
CAS_CLEAN_020,SNP_CAS_CLEAN_020_CASE_INITIATION_MILESTONE_20241008,2024-10-08,CASE_INITIATION_TO_MILESTONE,2024-07-10,GENERAL_NOTICE,721,False,,2026-09-29,90,90,90,1,,0,False,False,Nagpur,,,District Collectorate & Administration Nagpur,RFCTLARR_2013,Rural Infrastructure,False,,,,,,,NOT_PUBLISHED_IN_GAZETTE,NOT_PUBLISHED_IN_STRUCTURED_DATA,NOT_APPLICABLE_IN_REAL_DATA,NOT_APPLICABLE_PRE_AWARD,UNPARSED_SCHEDULE_TABLE,UNPARSED_SCHEDULE_TABLE,NOT_PUBLISHED_IN_STRUCTURED_DATA,,NOT_APPLICABLE_PRE_SEC11
CAS_CLEAN_071,SNP_CAS_CLEAN_071_CASE_INITIATION_MILESTONE_20241011,2024-10-11,CASE_INITIATION_TO_MILESTONE,2024-10-11,INITIATION,718,False,,2026-09-29,0,0,,0,,1,True,False,Nagpur,Saoner,Khariy Dhalgaon,District Collectorate & Administration Nagpur,RFCTLARR_2013,Rural Infrastructure,False,,,,,,,NOT_PUBLISHED_IN_GAZETTE,NOT_PUBLISHED_IN_STRUCTURED_DATA,NOT_APPLICABLE_IN_REAL_DATA,NOT_APPLICABLE_PRE_AWARD,UNPARSED_SCHEDULE_TABLE,UNPARSED_SCHEDULE_TABLE,NOT_PUBLISHED_IN_STRUCTURED_DATA,NO_NOTICE_EVENT,NOT_APPLICABLE_PRE_SEC11
CAS_CLEAN_032,SNP_CAS_CLEAN_032_CASE_INITIATION_MILESTONE_20241027,2024-10-27,CASE_INITIATION_TO_MILESTONE,2024-07-29,GENERAL_NOTICE,702,False,,2026-09-29,90,90,90,1,,0,False,False,Nagpur,,,District Collectorate & Administration Nagpur,RFCTLARR_2013,Rural Infrastructure,False,,,,,,,NOT_PUBLISHED_IN_GAZETTE,NOT_PUBLISHED_IN_STRUCTURED_DATA,NOT_APPLICABLE_IN_REAL_DATA,NOT_APPLICABLE_PRE_AWARD,UNPARSED_SCHEDULE_TABLE,UNPARSED_SCHEDULE_TABLE,NOT_PUBLISHED_IN_STRUCTURED_DATA,,NOT_APPLICABLE_PRE_SEC11
CAS_CLEAN_087,SNP_CAS_CLEAN_087_CASE_INITIATION_MILESTONE_20241027,2024-10-27,CASE_INITIATION_TO_MILESTONE,2024-01-31,GENERAL_NOTICE,702,False,,2026-09-29,270,270,270,1,,0,False,False,Nagpur,Bhivapur,Mokhala,District Collectorate & Administration Nagpur,RFCTLARR_2013,Rural Infrastructure,False,,,,,,,NOT_PUBLISHED_IN_GAZETTE,NOT_PUBLISHED_IN_STRUCTURED_DATA,NOT_APPLICABLE_IN_REAL_DATA,NOT_APPLICABLE_PRE_AWARD,UNPARSED_SCHEDULE_TABLE,UNPARSED_SCHEDULE_TABLE,NOT_PUBLISHED_IN_STRUCTURED_DATA,,NOT_APPLICABLE_PRE_SEC11
CAS_CLEAN_094,SNP_CAS_CLEAN_094_CASE_INITIATION_MILESTONE_20241104,2024-11-04,CASE_INITIATION_TO_MILESTONE,2024-08-06,GENERAL_NOTICE,694,False,,2026-09-29,90,90,90,1,,0,False,False,Nagpur,Nagpur City,Nagpur,District Collectorate & Administration Nagpur,RFCTLARR_2013,Rural Infrastructure,False,,,,,,,NOT_PUBLISHED_IN_GAZETTE,NOT_PUBLISHED_IN_STRUCTURED_DATA,NOT_APPLICABLE_IN_REAL_DATA,NOT_APPLICABLE_PRE_AWARD,UNPARSED_SCHEDULE_TABLE,UNPARSED_SCHEDULE_TABLE,NOT_PUBLISHED_IN_STRUCTURED_DATA,,NOT_APPLICABLE_PRE_SEC11
CAS_CLEAN_140,SNP_CAS_CLEAN_140_CASE_INITIATION_MILESTONE_20241106,2024-11-06,CASE_INITIATION_TO_MILESTONE,2024-08-08,SECTION_11,692,False,,2026-09-29,90,90,90,1,0.2466,0,False,False,Nagpur,Nagpur (City),Shivangaon,District Collectorate & Administration Nagpur,RFCTLARR_2013,Rural Infrastructure,False,,,,,,,NOT_PUBLISHED_IN_GAZETTE,NOT_PUBLISHED_IN_STRUCTURED_DATA,NOT_APPLICABLE_IN_REAL_DATA,NOT_APPLICABLE_PRE_AWARD,UNPARSED_SCHEDULE_TABLE,UNPARSED_SCHEDULE_TABLE,NOT_PUBLISHED_IN_STRUCTURED_DATA,,
CAS_CLEAN_268,SNP_CAS_CLEAN_268_CASE_INITIATION_MILESTONE_20241110,2024-11-10,CASE_INITIATION_TO_MILESTONE,2022-11-11,GENERAL_NOTICE,688,False,,2026-09-29,730,730,730,1,,0,False,False,Yavatmal,,,District Collectorate & Administration Yavatmal,RFCTLARR_2013,Rural Infrastructure,False,,,,,,,NOT_PUBLISHED_IN_GAZETTE,NOT_PUBLISHED_IN_STRUCTURED_DATA,NOT_APPLICABLE_IN_REAL_DATA,NOT_APPLICABLE_PRE_AWARD,UNPARSED_SCHEDULE_TABLE,UNPARSED_SCHEDULE_TABLE,NOT_PUBLISHED_IN_STRUCTURED_DATA,,NOT_APPLICABLE_PRE_SEC11
CAS_CLEAN_269,SNP_CAS_CLEAN_269_CASE_INITIATION_MILESTONE_20241110,2024-11-10,CASE_INITIATION_TO_MILESTONE,2022-11-11,GENERAL_NOTICE,688,False,,2026-09-29,730,730,730,1,,0,False,False,Yavatmal,,,District Collectorate & Administration Yavatmal,RFCTLARR_2013,Rural Infrastructure,False,,,,,,,NOT_PUBLISHED_IN_GAZETTE,NOT_PUBLISHED_IN_STRUCTURED_DATA,NOT_APPLICABLE_IN_REAL_DATA,NOT_APPLICABLE_PRE_AWARD,UNPARSED_SCHEDULE_TABLE,UNPARSED_SCHEDULE_TABLE,NOT_PUBLISHED_IN_STRUCTURED_DATA,,NOT_APPLICABLE_PRE_SEC11
CAS_CLEAN_270,SNP_CAS_CLEAN_270_CASE_INITIATION_MILESTONE_20241110,2024-11-10,CASE_INITIATION_TO_MILESTONE,2022-11-11,GENERAL_NOTICE,688,False,,2026-09-29,730,730,730,1,,0,False,False,Yavatmal,,,District Collectorate & Administration Yavatmal,RFCTLARR_2013,Irrigation / Canal,False,,,,,,,NOT_PUBLISHED_IN_GAZETTE,NOT_PUBLISHED_IN_STRUCTURED_DATA,NOT_APPLICABLE_IN_REAL_DATA,NOT_APPLICABLE_PRE_AWARD,UNPARSED_SCHEDULE_TABLE,UNPARSED_SCHEDULE_TABLE,NOT_PUBLISHED_IN_STRUCTURED_DATA,,NOT_APPLICABLE_PRE_SEC11
CAS_CLEAN_061,SNP_CAS_CLEAN_061_CASE_INITIATION_MILESTONE_20241112,2024-11-12,CASE_INITIATION_TO_MILESTONE,2024-08-14,DIRECT_PURCHASE,686,False,,2026-09-29,90,90,90,1,,0,False,False,Nagpur,Kuhi,Gorha,District Collectorate & Administration Nagpur,RFCTLARR_2013,Rural Infrastructure,True,,,,,,,NOT_PUBLISHED_IN_GAZETTE,NOT_PUBLISHED_IN_STRUCTURED_DATA,NOT_APPLICABLE_IN_REAL_DATA,NOT_APPLICABLE_PRE_AWARD,UNPARSED_SCHEDULE_TABLE,UNPARSED_SCHEDULE_TABLE,NOT_PUBLISHED_IN_STRUCTURED_DATA,,NOT_APPLICABLE_PRE_SEC11
CAS_CLEAN_267,SNP_CAS_CLEAN_267_CASE_INITIATION_MILESTONE_20241116,2024-11-16,CASE_INITIATION_TO_MILESTONE,2022-11-17,GENERAL_NOTICE,682,False,,2026-09-29,730,730,730,1,,0,False,False,Yavatmal,,,District Collectorate & Administration Yavatmal,RFCTLARR_2013,Rural Infrastructure,False,,,,,,,NOT_PUBLISHED_IN_GAZETTE,NOT_PUBLISHED_IN_STRUCTURED_DATA,NOT_APPLICABLE_IN_REAL_DATA,NOT_APPLICABLE_PRE_AWARD,UNPARSED_SCHEDULE_TABLE,UNPARSED_SCHEDULE_TABLE,NOT_PUBLISHED_IN_STRUCTURED_DATA,,NOT_APPLICABLE_PRE_SEC11
CAS_CLEAN_002,SNP_CAS_CLEAN_002_CASE_INITIATION_MILESTONE_20241118,2024-11-18,CASE_INITIATION_TO_MILESTONE,2024-02-22,DIRECT_PURCHASE,680,False,,2026-09-29,270,270,270,1,,0,False,False,Nagpur,Bhivapur,Adyal,District Collectorate & Administration Nagpur,RFCTLARR_2013,Rural Infrastructure,True,,,,,,,NOT_PUBLISHED_IN_GAZETTE,NOT_PUBLISHED_IN_STRUCTURED_DATA,NOT_APPLICABLE_IN_REAL_DATA,NOT_APPLICABLE_PRE_AWARD,UNPARSED_SCHEDULE_TABLE,UNPARSED_SCHEDULE_TABLE,NOT_PUBLISHED_IN_STRUCTURED_DATA,,NOT_APPLICABLE_PRE_SEC11
CAS_CLEAN_099,SNP_CAS_CLEAN_099_CASE_INITIATION_MILESTONE_20241120,2024-11-20,CASE_INITIATION_TO_MILESTONE,2024-08-22,GENERAL_NOTICE,678,False,,2026-09-29,90,90,90,1,,0,False,False,Nagpur,Nagpur,Nagpur,District Collectorate & Administration Nagpur,RFCTLARR_2013,Rural Infrastructure,False,,,,,,,NOT_PUBLISHED_IN_GAZETTE,NOT_PUBLISHED_IN_STRUCTURED_DATA,NOT_APPLICABLE_IN_REAL_DATA,NOT_APPLICABLE_PRE_AWARD,UNPARSED_SCHEDULE_TABLE,UNPARSED_SCHEDULE_TABLE,NOT_PUBLISHED_IN_STRUCTURED_DATA,,NOT_APPLICABLE_PRE_SEC11
CAS_CLEAN_128,SNP_CAS_CLEAN_128_CASE_INITIATION_MILESTONE_20241120,2024-11-20,CASE_INITIATION_TO_MILESTONE,2024-08-22,DIRECT_PURCHASE,678,False,,2026-09-29,90,90,90,1,,0,False,False,Nagpur,Kuhi,Ruyad,District Collectorate & Administration Nagpur,RFCTLARR_2013,Rural Infrastructure,True,,,,,,,NOT_PUBLISHED_IN_GAZETTE,NOT_PUBLISHED_IN_STRUCTURED_DATA,NOT_APPLICABLE_IN_REAL_DATA,NOT_APPLICABLE_PRE_AWARD,UNPARSED_SCHEDULE_TABLE,UNPARSED_SCHEDULE_TABLE,NOT_PUBLISHED_IN_STRUCTURED_DATA,,NOT_APPLICABLE_PRE_SEC11
CAS_CLEAN_029,SNP_CAS_CLEAN_029_CASE_INITIATION_MILESTONE_20241123,2024-11-23,CASE_INITIATION_TO_MILESTONE,2024-02-27,SECTION_11,675,False,,2026-09-29,270,270,270,1,0.7397,0,False,False,Nagpur,Nagpur(City),,District Collectorate & Administration Nagpur,RFCTLARR_2013,Rural Infrastructure,False,,,,,,,NOT_PUBLISHED_IN_GAZETTE,NOT_PUBLISHED_IN_STRUCTURED_DATA,NOT_APPLICABLE_IN_REAL_DATA,NOT_APPLICABLE_PRE_AWARD,UNPARSED_SCHEDULE_TABLE,UNPARSED_SCHEDULE_TABLE,NOT_PUBLISHED_IN_STRUCTURED_DATA,,
CAS_CLEAN_021,SNP_CAS_CLEAN_021_CASE_INITIATION_MILESTONE_20241130,2024-11-30,CASE_INITIATION_TO_MILESTONE,2024-03-05,GENERAL_NOTICE,668,False,,2026-09-29,270,270,270,1,,0,False,False,Nagpur,,,District Collectorate & Administration Nagpur,RFCTLARR_2013,Rural Infrastructure,False,,,,,,,NOT_PUBLISHED_IN_GAZETTE,NOT_PUBLISHED_IN_STRUCTURED_DATA,NOT_APPLICABLE_IN_REAL_DATA,NOT_APPLICABLE_PRE_AWARD,UNPARSED_SCHEDULE_TABLE,UNPARSED_SCHEDULE_TABLE,NOT_PUBLISHED_IN_STRUCTURED_DATA,,NOT_APPLICABLE_PRE_SEC11
CAS_CLEAN_148,SNP_CAS_CLEAN_148_CASE_INITIATION_MILESTONE_20241202,2024-12-02,CASE_INITIATION_TO_MILESTONE,2024-12-02,GENERAL_NOTICE,666,False,,2026-09-29,0,0,0,1,,0,False,False,Nagpur,Bhivapur,Thutanbori,District Collectorate & Administration Nagpur,RFCTLARR_2013,Rural Infrastructure,False,,,,,,,NOT_PUBLISHED_IN_GAZETTE,NOT_PUBLISHED_IN_STRUCTURED_DATA,NOT_APPLICABLE_IN_REAL_DATA,NOT_APPLICABLE_PRE_AWARD,UNPARSED_SCHEDULE_TABLE,UNPARSED_SCHEDULE_TABLE,NOT_PUBLISHED_IN_STRUCTURED_DATA,,NOT_APPLICABLE_PRE_SEC11
CAS_CLEAN_164,SNP_CAS_CLEAN_164_CASE_INITIATION_MILESTONE_20241208,2024-12-08,CASE_INITIATION_TO_MILESTONE,2024-03-13,GENERAL_NOTICE,660,False,,2026-09-29,270,270,270,1,,0,False,False,Nagpur,Hingna,Wanadongri,District Collectorate & Administration Nagpur,RFCTLARR_2013,Rural Infrastructure,False,,,,,,,NOT_PUBLISHED_IN_GAZETTE,NOT_PUBLISHED_IN_STRUCTURED_DATA,NOT_APPLICABLE_IN_REAL_DATA,NOT_APPLICABLE_PRE_AWARD,UNPARSED_SCHEDULE_TABLE,UNPARSED_SCHEDULE_TABLE,NOT_PUBLISHED_IN_STRUCTURED_DATA,,NOT_APPLICABLE_PRE_SEC11
CAS_CLEAN_165,SNP_CAS_CLEAN_165_CASE_INITIATION_MILESTONE_20241208,2024-12-08,CASE_INITIATION_TO_MILESTONE,2024-03-13,GENERAL_NOTICE,660,False,,2026-09-29,270,270,270,1,,0,False,False,Nagpur,Hingna,Wanadongri,District Collectorate & Administration Nagpur,RFCTLARR_2013,Rural Infrastructure,False,,,,,,,NOT_PUBLISHED_IN_GAZETTE,NOT_PUBLISHED_IN_STRUCTURED_DATA,NOT_APPLICABLE_IN_REAL_DATA,NOT_APPLICABLE_PRE_AWARD,UNPARSED_SCHEDULE_TABLE,UNPARSED_SCHEDULE_TABLE,NOT_PUBLISHED_IN_STRUCTURED_DATA,,NOT_APPLICABLE_PRE_SEC11
CAS_CLEAN_039,SNP_CAS_CLEAN_039_CASE_INITIATION_MILESTONE_20241209,2024-12-09,CASE_INITIATION_TO_MILESTONE,2024-03-14,SECTION_11,659,False,,2026-09-29,270,270,270,1,0.7397,0,False,False,Nagpur,Kuhi,chapegadi(Rithi),District Collectorate & Administration Nagpur,RFCTLARR_2013,Rural Infrastructure,False,,,,,,,NOT_PUBLISHED_IN_GAZETTE,NOT_PUBLISHED_IN_STRUCTURED_DATA,NOT_APPLICABLE_IN_REAL_DATA,NOT_APPLICABLE_PRE_AWARD,UNPARSED_SCHEDULE_TABLE,UNPARSED_SCHEDULE_TABLE,NOT_PUBLISHED_IN_STRUCTURED_DATA,,
CAS_CLEAN_041,SNP_CAS_CLEAN_041_CASE_INITIATION_MILESTONE_20241209,2024-12-09,CASE_INITIATION_TO_MILESTONE,2024-03-14,SECTION_11,659,False,,2026-09-29,270,270,270,1,0.7397,0,False,False,Nagpur,Kuhi,Chapeghat (Rithi),District Collectorate & Administration Nagpur,RFCTLARR_2013,Rural Infrastructure,False,,,,,,,NOT_PUBLISHED_IN_GAZETTE,NOT_PUBLISHED_IN_STRUCTURED_DATA,NOT_APPLICABLE_IN_REAL_DATA,NOT_APPLICABLE_PRE_AWARD,UNPARSED_SCHEDULE_TABLE,UNPARSED_SCHEDULE_TABLE,NOT_PUBLISHED_IN_STRUCTURED_DATA,,
CAS_CLEAN_136,SNP_CAS_CLEAN_136_CASE_INITIATION_MILESTONE_20241209,2024-12-09,CASE_INITIATION_TO_MILESTONE,2024-03-14,SECTION_11,659,False,,2026-09-29,270,270,270,1,0.7397,0,False,False,Nagpur,Kuhi,Sawangi,District Collectorate & Administration Nagpur,RFCTLARR_2013,Rural Infrastructure,False,,,,,,,NOT_PUBLISHED_IN_GAZETTE,NOT_PUBLISHED_IN_STRUCTURED_DATA,NOT_APPLICABLE_IN_REAL_DATA,NOT_APPLICABLE_PRE_AWARD,UNPARSED_SCHEDULE_TABLE,UNPARSED_SCHEDULE_TABLE,NOT_PUBLISHED_IN_STRUCTURED_DATA,,
CAS_CLEAN_005,SNP_CAS_CLEAN_005_CASE_INITIATION_MILESTONE_20241210,2024-12-10,CASE_INITIATION_TO_MILESTONE,2024-12-10,DIRECT_PURCHASE,658,False,,2026-09-29,0,0,0,1,,0,False,False,Nagpur,Kuhi,Awarmara,District Collectorate & Administration Nagpur,RFCTLARR_2013,Rural Infrastructure,True,,,,,,,NOT_PUBLISHED_IN_GAZETTE,NOT_PUBLISHED_IN_STRUCTURED_DATA,NOT_APPLICABLE_IN_REAL_DATA,NOT_APPLICABLE_PRE_AWARD,UNPARSED_SCHEDULE_TABLE,UNPARSED_SCHEDULE_TABLE,NOT_PUBLISHED_IN_STRUCTURED_DATA,,NOT_APPLICABLE_PRE_SEC11
CAS_CLEAN_079,SNP_CAS_CLEAN_079_CASE_INITIATION_MILESTONE_20241210,2024-12-10,CASE_INITIATION_TO_MILESTONE,2024-12-10,DIRECT_PURCHASE,658,False,,2026-09-29,0,0,0,1,,0,False,False,Nagpur,Kuhi,Kujba,District Collectorate & Administration Nagpur,RFCTLARR_2013,Rural Infrastructure,True,,,,,,,NOT_PUBLISHED_IN_GAZETTE,NOT_PUBLISHED_IN_STRUCTURED_DATA,NOT_APPLICABLE_IN_REAL_DATA,NOT_APPLICABLE_PRE_AWARD,UNPARSED_SCHEDULE_TABLE,UNPARSED_SCHEDULE_TABLE,NOT_PUBLISHED_IN_STRUCTURED_DATA,,NOT_APPLICABLE_PRE_SEC11
CAS_CLEAN_145,SNP_CAS_CLEAN_145_CASE_INITIATION_MILESTONE_20241210,2024-12-10,CASE_INITIATION_TO_MILESTONE,2024-12-10,DIRECT_PURCHASE,658,False,,2026-09-29,0,0,0,1,,0,False,False,Nagpur,Kuhi,Takli,District Collectorate & Administration Nagpur,RFCTLARR_2013,Rural Infrastructure,True,,,,,,,NOT_PUBLISHED_IN_GAZETTE,NOT_PUBLISHED_IN_STRUCTURED_DATA,NOT_APPLICABLE_IN_REAL_DATA,NOT_APPLICABLE_PRE_AWARD,UNPARSED_SCHEDULE_TABLE,UNPARSED_SCHEDULE_TABLE,NOT_PUBLISHED_IN_STRUCTURED_DATA,,NOT_APPLICABLE_PRE_SEC11
CAS_CLEAN_091,SNP_CAS_CLEAN_091_CASE_INITIATION_MILESTONE_20241212,2024-12-12,CASE_INITIATION_TO_MILESTONE,2024-12-12,GENERAL_NOTICE,656,False,,2026-09-29,0,0,0,1,,0,False,False,Nagpur,,Nagpur City,District Collectorate & Administration Nagpur,RFCTLARR_2013,Rural Infrastructure,False,,,,,,,NOT_PUBLISHED_IN_GAZETTE,NOT_PUBLISHED_IN_STRUCTURED_DATA,NOT_APPLICABLE_IN_REAL_DATA,NOT_APPLICABLE_PRE_AWARD,UNPARSED_SCHEDULE_TABLE,UNPARSED_SCHEDULE_TABLE,NOT_PUBLISHED_IN_STRUCTURED_DATA,,NOT_APPLICABLE_PRE_SEC11
CAS_CLEAN_126,SNP_CAS_CLEAN_126_CASE_INITIATION_MILESTONE_20241222,2024-12-22,CASE_INITIATION_TO_MILESTONE,2024-06-25,DIRECT_PURCHASE,646,False,,2026-09-29,180,180,180,1,,0,False,False,Nagpur,Kuhi,Ruyad,District Collectorate & Administration Nagpur,RFCTLARR_2013,Rural Infrastructure,True,,,,,,,NOT_PUBLISHED_IN_GAZETTE,NOT_PUBLISHED_IN_STRUCTURED_DATA,NOT_APPLICABLE_IN_REAL_DATA,NOT_APPLICABLE_PRE_AWARD,UNPARSED_SCHEDULE_TABLE,UNPARSED_SCHEDULE_TABLE,NOT_PUBLISHED_IN_STRUCTURED_DATA,,NOT_APPLICABLE_PRE_SEC11
CAS_CLEAN_127,SNP_CAS_CLEAN_127_CASE_INITIATION_MILESTONE_20241222,2024-12-22,CASE_INITIATION_TO_MILESTONE,2024-06-25,DIRECT_PURCHASE,646,False,,2026-09-29,180,180,180,1,,0,False,False,Nagpur,Kuhi,Ruyad,District Collectorate & Administration Nagpur,RFCTLARR_2013,Rural Infrastructure,True,,,,,,,NOT_PUBLISHED_IN_GAZETTE,NOT_PUBLISHED_IN_STRUCTURED_DATA,NOT_APPLICABLE_IN_REAL_DATA,NOT_APPLICABLE_PRE_AWARD,UNPARSED_SCHEDULE_TABLE,UNPARSED_SCHEDULE_TABLE,NOT_PUBLISHED_IN_STRUCTURED_DATA,,NOT_APPLICABLE_PRE_SEC11
CAS_CLEAN_228,SNP_CAS_CLEAN_228_CASE_INITIATION_MILESTONE_20241223,2024-12-23,CASE_INITIATION_TO_MILESTONE,2024-12-23,GENERAL_NOTICE,645,False,,2026-09-29,0,0,0,1,,0,False,False,Pune,,,District Collectorate & Administration Pune,RFCTLARR_2013,Rural Infrastructure,False,,,,,,,NOT_PUBLISHED_IN_GAZETTE,NOT_PUBLISHED_IN_STRUCTURED_DATA,NOT_APPLICABLE_IN_REAL_DATA,NOT_APPLICABLE_PRE_AWARD,UNPARSED_SCHEDULE_TABLE,UNPARSED_SCHEDULE_TABLE,NOT_PUBLISHED_IN_STRUCTURED_DATA,,NOT_APPLICABLE_PRE_SEC11
CAS_CLEAN_229,SNP_CAS_CLEAN_229_CASE_INITIATION_MILESTONE_20241223,2024-12-23,CASE_INITIATION_TO_MILESTONE,2024-12-23,GENERAL_NOTICE,645,False,,2026-09-29,0,0,0,1,,0,False,False,Pune,,,District Collectorate & Administration Pune,RFCTLARR_2013,Rural Infrastructure,False,,,,,,,NOT_PUBLISHED_IN_GAZETTE,NOT_PUBLISHED_IN_STRUCTURED_DATA,NOT_APPLICABLE_IN_REAL_DATA,NOT_APPLICABLE_PRE_AWARD,UNPARSED_SCHEDULE_TABLE,UNPARSED_SCHEDULE_TABLE,NOT_PUBLISHED_IN_STRUCTURED_DATA,,NOT_APPLICABLE_PRE_SEC11
CAS_CLEAN_230,SNP_CAS_CLEAN_230_CASE_INITIATION_MILESTONE_20241223,2024-12-23,CASE_INITIATION_TO_MILESTONE,2024-12-23,GENERAL_NOTICE,645,False,,2026-09-29,0,0,0,1,,0,False,False,Pune,,,District Collectorate & Administration Pune,RFCTLARR_2013,Rural Infrastructure,False,,,,,,,NOT_PUBLISHED_IN_GAZETTE,NOT_PUBLISHED_IN_STRUCTURED_DATA,NOT_APPLICABLE_IN_REAL_DATA,NOT_APPLICABLE_PRE_AWARD,UNPARSED_SCHEDULE_TABLE,UNPARSED_SCHEDULE_TABLE,NOT_PUBLISHED_IN_STRUCTURED_DATA,,NOT_APPLICABLE_PRE_SEC11
CAS_CLEAN_231,SNP_CAS_CLEAN_231_CASE_INITIATION_MILESTONE_20241223,2024-12-23,CASE_INITIATION_TO_MILESTONE,2024-12-23,GENERAL_NOTICE,645,False,,2026-09-29,0,0,0,1,,0,False,False,Pune,,,District Collectorate & Administration Pune,RFCTLARR_2013,Rural Infrastructure,False,,,,,,,NOT_PUBLISHED_IN_GAZETTE,NOT_PUBLISHED_IN_STRUCTURED_DATA,NOT_APPLICABLE_IN_REAL_DATA,NOT_APPLICABLE_PRE_AWARD,UNPARSED_SCHEDULE_TABLE,UNPARSED_SCHEDULE_TABLE,NOT_PUBLISHED_IN_STRUCTURED_DATA,,NOT_APPLICABLE_PRE_SEC11
CAS_CLEAN_232,SNP_CAS_CLEAN_232_CASE_INITIATION_MILESTONE_20241223,2024-12-23,CASE_INITIATION_TO_MILESTONE,2024-12-23,GENERAL_NOTICE,645,False,,2026-09-29,0,0,0,1,,0,False,False,Pune,,Hadapsar,District Collectorate & Administration Pune,RFCTLARR_2013,Rural Infrastructure,False,,,,,,,NOT_PUBLISHED_IN_GAZETTE,NOT_PUBLISHED_IN_STRUCTURED_DATA,NOT_APPLICABLE_IN_REAL_DATA,NOT_APPLICABLE_PRE_AWARD,UNPARSED_SCHEDULE_TABLE,UNPARSED_SCHEDULE_TABLE,NOT_PUBLISHED_IN_STRUCTURED_DATA,,NOT_APPLICABLE_PRE_SEC11
CAS_CLEAN_242,SNP_CAS_CLEAN_242_CASE_INITIATION_MILESTONE_20241223,2024-12-23,CASE_INITIATION_TO_MILESTONE,2024-12-23,GENERAL_NOTICE,645,False,,2026-09-29,0,0,0,1,,0,False,False,Pune,,Kothrud,District Collectorate & Administration Pune,RFCTLARR_2013,Rural Infrastructure,False,,,,,,,NOT_PUBLISHED_IN_GAZETTE,NOT_PUBLISHED_IN_STRUCTURED_DATA,NOT_APPLICABLE_IN_REAL_DATA,NOT_APPLICABLE_PRE_AWARD,UNPARSED_SCHEDULE_TABLE,UNPARSED_SCHEDULE_TABLE,NOT_PUBLISHED_IN_STRUCTURED_DATA,,NOT_APPLICABLE_PRE_SEC11
CAS_CLEAN_001,SNP_CAS_CLEAN_001_CASE_INITIATION_MILESTONE_20241227,2024-12-27,CASE_INITIATION_TO_MILESTONE,2024-12-27,DIRECT_PURCHASE,641,False,,2026-09-29,0,0,0,1,,0,False,False,Nagpur,Kuhi,Aamti,District Collectorate & Administration Nagpur,RFCTLARR_2013,Rural Infrastructure,True,,,,,,,NOT_PUBLISHED_IN_GAZETTE,NOT_PUBLISHED_IN_STRUCTURED_DATA,NOT_APPLICABLE_IN_REAL_DATA,NOT_APPLICABLE_PRE_AWARD,UNPARSED_SCHEDULE_TABLE,UNPARSED_SCHEDULE_TABLE,NOT_PUBLISHED_IN_STRUCTURED_DATA,,NOT_APPLICABLE_PRE_SEC11
CAS_CLEAN_227,SNP_CAS_CLEAN_227_CASE_INITIATION_MILESTONE_20241227,2024-12-27,CASE_INITIATION_TO_MILESTONE,2024-12-27,GENERAL_NOTICE,641,False,,2026-09-29,0,0,0,1,,0,False,False,Pune,,,District Collectorate & Administration Pune,RFCTLARR_2013,Rural Infrastructure,False,,,,,,,NOT_PUBLISHED_IN_GAZETTE,NOT_PUBLISHED_IN_STRUCTURED_DATA,NOT_APPLICABLE_IN_REAL_DATA,NOT_APPLICABLE_PRE_AWARD,UNPARSED_SCHEDULE_TABLE,UNPARSED_SCHEDULE_TABLE,NOT_PUBLISHED_IN_STRUCTURED_DATA,,NOT_APPLICABLE_PRE_SEC11
CAS_CLEAN_240,SNP_CAS_CLEAN_240_CASE_INITIATION_MILESTONE_20241227,2024-12-27,CASE_INITIATION_TO_MILESTONE,2024-12-27,GENERAL_NOTICE,641,False,,2026-09-29,0,0,0,1,,0,False,False,Pune,,Khed,District Collectorate & Administration Pune,RFCTLARR_2013,Rural Infrastructure,False,,,,,,,NOT_PUBLISHED_IN_GAZETTE,NOT_PUBLISHED_IN_STRUCTURED_DATA,NOT_APPLICABLE_IN_REAL_DATA,NOT_APPLICABLE_PRE_AWARD,UNPARSED_SCHEDULE_TABLE,UNPARSED_SCHEDULE_TABLE,NOT_PUBLISHED_IN_STRUCTURED_DATA,,NOT_APPLICABLE_PRE_SEC11
CAS_CLEAN_096,SNP_CAS_CLEAN_096_CASE_INITIATION_MILESTONE_20241230,2024-12-30,CASE_INITIATION_TO_MILESTONE,2024-10-01,SECTION_21,638,False,,2026-09-29,90,90,90,1,,0,False,False,Nagpur,Nagpur City,Nagpur,District Collectorate & Administration Nagpur,RFCTLARR_2013,Rural Infrastructure,False,,,,,,,NOT_PUBLISHED_IN_GAZETTE,NOT_PUBLISHED_IN_STRUCTURED_DATA,NOT_APPLICABLE_IN_REAL_DATA,NOT_APPLICABLE_PRE_AWARD,UNPARSED_SCHEDULE_TABLE,UNPARSED_SCHEDULE_TABLE,NOT_PUBLISHED_IN_STRUCTURED_DATA,,NOT_APPLICABLE_PRE_SEC11
CAS_CLEAN_095,SNP_CAS_CLEAN_095_CASE_INITIATION_MILESTONE_20250101,2025-01-01,CASE_INITIATION_TO_MILESTONE,2025-01-01,GENERAL_NOTICE,636,False,,2026-09-29,0,0,0,1,,0,False,False,Nagpur,kmEtf,Nagpur (City),District Collectorate & Administration Nagpur,RFCTLARR_2013,Rural Infrastructure,False,,,,,,,NOT_PUBLISHED_IN_GAZETTE,NOT_PUBLISHED_IN_STRUCTURED_DATA,NOT_APPLICABLE_IN_REAL_DATA,NOT_APPLICABLE_PRE_AWARD,UNPARSED_SCHEDULE_TABLE,UNPARSED_SCHEDULE_TABLE,NOT_PUBLISHED_IN_STRUCTURED_DATA,,NOT_APPLICABLE_PRE_SEC11
CAS_CLEAN_214,SNP_CAS_CLEAN_214_CASE_INITIATION_MILESTONE_20250101,2025-01-01,CASE_INITIATION_TO_MILESTONE,2025-01-01,GENERAL_NOTICE,636,False,,2026-09-29,0,0,0,1,,0,False,False,Pune,,,District Collectorate & Administration Pune,RFCTLARR_2013,Rural Infrastructure,False,,,,,,,NOT_PUBLISHED_IN_GAZETTE,NOT_PUBLISHED_IN_STRUCTURED_DATA,NOT_APPLICABLE_IN_REAL_DATA,NOT_APPLICABLE_PRE_AWARD,UNPARSED_SCHEDULE_TABLE,UNPARSED_SCHEDULE_TABLE,NOT_PUBLISHED_IN_STRUCTURED_DATA,,NOT_APPLICABLE_PRE_SEC11
CAS_CLEAN_223,SNP_CAS_CLEAN_223_CASE_INITIATION_MILESTONE_20250101,2025-01-01,CASE_INITIATION_TO_MILESTONE,2025-01-01,GENERAL_NOTICE,636,False,,2026-09-29,0,0,0,1,,0,False,False,Pune,,,District Collectorate & Administration Pune,RFCTLARR_2013,Rural Infrastructure,False,,,,,,,NOT_PUBLISHED_IN_GAZETTE,NOT_PUBLISHED_IN_STRUCTURED_DATA,NOT_APPLICABLE_IN_REAL_DATA,NOT_APPLICABLE_PRE_AWARD,UNPARSED_SCHEDULE_TABLE,UNPARSED_SCHEDULE_TABLE,NOT_PUBLISHED_IN_STRUCTURED_DATA,,NOT_APPLICABLE_PRE_SEC11
CAS_CLEAN_224,SNP_CAS_CLEAN_224_CASE_INITIATION_MILESTONE_20250101,2025-01-01,CASE_INITIATION_TO_MILESTONE,2025-01-01,GENERAL_NOTICE,636,False,,2026-09-29,0,0,0,1,,0,False,False,Pune,,,District Collectorate & Administration Pune,RFCTLARR_2013,Rural Infrastructure,False,,,,,,,NOT_PUBLISHED_IN_GAZETTE,NOT_PUBLISHED_IN_STRUCTURED_DATA,NOT_APPLICABLE_IN_REAL_DATA,NOT_APPLICABLE_PRE_AWARD,UNPARSED_SCHEDULE_TABLE,UNPARSED_SCHEDULE_TABLE,NOT_PUBLISHED_IN_STRUCTURED_DATA,,NOT_APPLICABLE_PRE_SEC11
CAS_CLEAN_225,SNP_CAS_CLEAN_225_CASE_INITIATION_MILESTONE_20250101,2025-01-01,CASE_INITIATION_TO_MILESTONE,2025-01-01,GENERAL_NOTICE,636,False,,2026-09-29,0,0,0,1,,0,False,False,Pune,,,District Collectorate & Administration Pune,RFCTLARR_2013,Rural Infrastructure,False,,,,,,,NOT_PUBLISHED_IN_GAZETTE,NOT_PUBLISHED_IN_STRUCTURED_DATA,NOT_APPLICABLE_IN_REAL_DATA,NOT_APPLICABLE_PRE_AWARD,UNPARSED_SCHEDULE_TABLE,UNPARSED_SCHEDULE_TABLE,NOT_PUBLISHED_IN_STRUCTURED_DATA,,NOT_APPLICABLE_PRE_SEC11
CAS_CLEAN_185,SNP_CAS_CLEAN_185_CASE_INITIATION_MILESTONE_20250103,2025-01-03,CASE_INITIATION_TO_MILESTONE,2025-01-03,GENERAL_NOTICE,634,False,,2026-09-29,0,0,0,1,,0,False,False,Pune,,,District Collectorate & Administration Pune,RFCTLARR_2013,Rural Infrastructure,False,,,,,,,NOT_PUBLISHED_IN_GAZETTE,NOT_PUBLISHED_IN_STRUCTURED_DATA,NOT_APPLICABLE_IN_REAL_DATA,NOT_APPLICABLE_PRE_AWARD,UNPARSED_SCHEDULE_TABLE,UNPARSED_SCHEDULE_TABLE,NOT_PUBLISHED_IN_STRUCTURED_DATA,,NOT_APPLICABLE_PRE_SEC11
CAS_CLEAN_020,SNP_CAS_CLEAN_020_CASE_INITIATION_MILESTONE_20250106,2025-01-06,CASE_INITIATION_TO_MILESTONE,2024-07-10,GENERAL_NOTICE,631,False,,2026-09-29,180,180,180,1,,0,False,False,Nagpur,,,District Collectorate & Administration Nagpur,RFCTLARR_2013,Rural Infrastructure,False,,,,,,,NOT_PUBLISHED_IN_GAZETTE,NOT_PUBLISHED_IN_STRUCTURED_DATA,NOT_APPLICABLE_IN_REAL_DATA,NOT_APPLICABLE_PRE_AWARD,UNPARSED_SCHEDULE_TABLE,UNPARSED_SCHEDULE_TABLE,NOT_PUBLISHED_IN_STRUCTURED_DATA,,NOT_APPLICABLE_PRE_SEC11
CAS_CLEAN_071,SNP_CAS_CLEAN_071_CASE_INITIATION_MILESTONE_20250109,2025-01-09,CASE_INITIATION_TO_MILESTONE,2024-10-11,INITIATION,628,False,,2026-09-29,90,0,,0,,1,True,False,Nagpur,Saoner,Khariy Dhalgaon,District Collectorate & Administration Nagpur,RFCTLARR_2013,Rural Infrastructure,False,,,,,,,NOT_PUBLISHED_IN_GAZETTE,NOT_PUBLISHED_IN_STRUCTURED_DATA,NOT_APPLICABLE_IN_REAL_DATA,NOT_APPLICABLE_PRE_AWARD,UNPARSED_SCHEDULE_TABLE,UNPARSED_SCHEDULE_TABLE,NOT_PUBLISHED_IN_STRUCTURED_DATA,NO_NOTICE_EVENT,NOT_APPLICABLE_PRE_SEC11
CAS_CLEAN_009,SNP_CAS_CLEAN_009_CASE_INITIATION_MILESTONE_20250114,2025-01-14,CASE_INITIATION_TO_MILESTONE,2025-01-14,SECTION_11,623,False,,2026-09-29,0,0,0,1,0.0,0,False,False,Nagpur,Narkhed,Belona,District Collectorate & Administration Nagpur,RFCTLARR_2013,Rural Infrastructure,False,,,,,,,NOT_PUBLISHED_IN_GAZETTE,NOT_PUBLISHED_IN_STRUCTURED_DATA,NOT_APPLICABLE_IN_REAL_DATA,NOT_APPLICABLE_PRE_AWARD,UNPARSED_SCHEDULE_TABLE,UNPARSED_SCHEDULE_TABLE,NOT_PUBLISHED_IN_STRUCTURED_DATA,,
CAS_CLEAN_064,SNP_CAS_CLEAN_064_CASE_INITIATION_MILESTONE_20250114,2025-01-14,CASE_INITIATION_TO_MILESTONE,2025-01-14,SECTION_11,623,False,,2026-09-29,0,0,0,1,0.0,0,False,False,Nagpur,Kuhi,Hardoli,District Collectorate & Administration Nagpur,RFCTLARR_2013,Rural Infrastructure,False,,,,,,,NOT_PUBLISHED_IN_GAZETTE,NOT_PUBLISHED_IN_STRUCTURED_DATA,NOT_APPLICABLE_IN_REAL_DATA,NOT_APPLICABLE_PRE_AWARD,UNPARSED_SCHEDULE_TABLE,UNPARSED_SCHEDULE_TABLE,NOT_PUBLISHED_IN_STRUCTURED_DATA,,
CAS_CLEAN_120,SNP_CAS_CLEAN_120_CASE_INITIATION_MILESTONE_20250114,2025-01-14,CASE_INITIATION_TO_MILESTONE,2025-01-14,SECTION_11,623,False,,2026-09-29,0,0,0,1,0.0,0,False,False,Nagpur,Kuhi,Rajola,District Collectorate & Administration Nagpur,RFCTLARR_2013,Rural Infrastructure,False,,,,,,,NOT_PUBLISHED_IN_GAZETTE,NOT_PUBLISHED_IN_STRUCTURED_DATA,NOT_APPLICABLE_IN_REAL_DATA,NOT_APPLICABLE_PRE_AWARD,UNPARSED_SCHEDULE_TABLE,UNPARSED_SCHEDULE_TABLE,NOT_PUBLISHED_IN_STRUCTURED_DATA,,
CAS_CLEAN_005,SNP_CAS_CLEAN_005_CASE_INITIATION_MILESTONE_20250115,2025-01-15,CASE_INITIATION_TO_MILESTONE,2024-12-10,DIRECT_PURCHASE,622,False,,2026-09-29,36,0,0,2,,0,False,False,Nagpur,Kuhi,Awarmara,District Collectorate & Administration Nagpur,RFCTLARR_2013,Rural Infrastructure,True,,,,,,,NOT_PUBLISHED_IN_GAZETTE,NOT_PUBLISHED_IN_STRUCTURED_DATA,NOT_APPLICABLE_IN_REAL_DATA,NOT_APPLICABLE_PRE_AWARD,UNPARSED_SCHEDULE_TABLE,UNPARSED_SCHEDULE_TABLE,NOT_PUBLISHED_IN_STRUCTURED_DATA,,NOT_APPLICABLE_PRE_SEC11
CAS_CLEAN_079,SNP_CAS_CLEAN_079_CASE_INITIATION_MILESTONE_20250115,2025-01-15,CASE_INITIATION_TO_MILESTONE,2024-12-10,DIRECT_PURCHASE,622,False,,2026-09-29,36,0,0,2,,0,False,False,Nagpur,Kuhi,Kujba,District Collectorate & Administration Nagpur,RFCTLARR_2013,Rural Infrastructure,True,,,,,,,NOT_PUBLISHED_IN_GAZETTE,NOT_PUBLISHED_IN_STRUCTURED_DATA,NOT_APPLICABLE_IN_REAL_DATA,NOT_APPLICABLE_PRE_AWARD,UNPARSED_SCHEDULE_TABLE,UNPARSED_SCHEDULE_TABLE,NOT_PUBLISHED_IN_STRUCTURED_DATA,,NOT_APPLICABLE_PRE_SEC11
CAS_CLEAN_145,SNP_CAS_CLEAN_145_CASE_INITIATION_MILESTONE_20250115,2025-01-15,CASE_INITIATION_TO_MILESTONE,2024-12-10,DIRECT_PURCHASE,622,False,,2026-09-29,36,0,0,2,,0,False,False,Nagpur,Kuhi,Takli,District Collectorate & Administration Nagpur,RFCTLARR_2013,Rural Infrastructure,True,,,,,,,NOT_PUBLISHED_IN_GAZETTE,NOT_PUBLISHED_IN_STRUCTURED_DATA,NOT_APPLICABLE_IN_REAL_DATA,NOT_APPLICABLE_PRE_AWARD,UNPARSED_SCHEDULE_TABLE,UNPARSED_SCHEDULE_TABLE,NOT_PUBLISHED_IN_STRUCTURED_DATA,,NOT_APPLICABLE_PRE_SEC11
CAS_CLEAN_149,SNP_CAS_CLEAN_149_CASE_INITIATION_MILESTONE_20250115,2025-01-15,CASE_INITIATION_TO_MILESTONE,2025-01-15,DIRECT_PURCHASE,622,False,,2026-09-29,0,0,0,1,,0,False,False,Nagpur,Bhiwapur,Thutanbori,District Collectorate & Administration Nagpur,RFCTLARR_2013,Rural Infrastructure,True,,,,,,,NOT_PUBLISHED_IN_GAZETTE,NOT_PUBLISHED_IN_STRUCTURED_DATA,NOT_APPLICABLE_IN_REAL_DATA,NOT_APPLICABLE_PRE_AWARD,UNPARSED_SCHEDULE_TABLE,UNPARSED_SCHEDULE_TABLE,NOT_PUBLISHED_IN_STRUCTURED_DATA,,NOT_APPLICABLE_PRE_SEC11
CAS_CLEAN_156,SNP_CAS_CLEAN_156_CASE_INITIATION_MILESTONE_20250115,2025-01-15,CASE_INITIATION_TO_MILESTONE,2025-01-15,DIRECT_PURCHASE,622,False,,2026-09-29,0,0,0,1,,0,False,False,Nagpur,Kuhi,Veltur,District Collectorate & Administration Nagpur,RFCTLARR_2013,Rural Infrastructure,True,,,,,,,NOT_PUBLISHED_IN_GAZETTE,NOT_PUBLISHED_IN_STRUCTURED_DATA,NOT_APPLICABLE_IN_REAL_DATA,NOT_APPLICABLE_PRE_AWARD,UNPARSED_SCHEDULE_TABLE,UNPARSED_SCHEDULE_TABLE,NOT_PUBLISHED_IN_STRUCTURED_DATA,,NOT_APPLICABLE_PRE_SEC11
CAS_CLEAN_054,SNP_CAS_CLEAN_054_CASE_INITIATION_MILESTONE_20250122,2025-01-22,CASE_INITIATION_TO_MILESTONE,2025-01-22,SECTION_11,615,False,,2026-09-29,0,0,0,1,0.0,0,False,False,Nagpur,,,District Collectorate & Administration Nagpur,RFCTLARR_2013,Rural Infrastructure,False,,,,,,,NOT_PUBLISHED_IN_GAZETTE,NOT_PUBLISHED_IN_STRUCTURED_DATA,NOT_APPLICABLE_IN_REAL_DATA,NOT_APPLICABLE_PRE_AWARD,UNPARSED_SCHEDULE_TABLE,UNPARSED_SCHEDULE_TABLE,NOT_PUBLISHED_IN_STRUCTURED_DATA,,
CAS_CLEAN_057,SNP_CAS_CLEAN_057_CASE_INITIATION_MILESTONE_20250123,2025-01-23,CASE_INITIATION_TO_MILESTONE,2025-01-23,DIRECT_PURCHASE,614,False,,2026-09-29,0,0,0,1,,0,False,False,Nagpur,Bhiwapur,Gondbori,District Collectorate & Administration Nagpur,RFCTLARR_2013,Rural Infrastructure,True,,,,,,,NOT_PUBLISHED_IN_GAZETTE,NOT_PUBLISHED_IN_STRUCTURED_DATA,NOT_APPLICABLE_IN_REAL_DATA,NOT_APPLICABLE_PRE_AWARD,UNPARSED_SCHEDULE_TABLE,UNPARSED_SCHEDULE_TABLE,NOT_PUBLISHED_IN_STRUCTURED_DATA,,NOT_APPLICABLE_PRE_SEC11
CAS_CLEAN_112,SNP_CAS_CLEAN_112_CASE_INITIATION_MILESTONE_20250123,2025-01-23,CASE_INITIATION_TO_MILESTONE,2025-01-23,DIRECT_PURCHASE,614,False,,2026-09-29,0,0,0,1,,0,False,False,Nagpur,Bhiwapur,Piparda (Rithi),District Collectorate & Administration Nagpur,RFCTLARR_2013,Rural Infrastructure,True,,,,,,,NOT_PUBLISHED_IN_GAZETTE,NOT_PUBLISHED_IN_STRUCTURED_DATA,NOT_APPLICABLE_IN_REAL_DATA,NOT_APPLICABLE_PRE_AWARD,UNPARSED_SCHEDULE_TABLE,UNPARSED_SCHEDULE_TABLE,NOT_PUBLISHED_IN_STRUCTURED_DATA,,NOT_APPLICABLE_PRE_SEC11
CAS_CLEAN_032,SNP_CAS_CLEAN_032_CASE_INITIATION_MILESTONE_20250125,2025-01-25,CASE_INITIATION_TO_MILESTONE,2024-07-29,GENERAL_NOTICE,612,False,,2026-09-29,180,180,180,1,,0,False,False,Nagpur,,,District Collectorate & Administration Nagpur,RFCTLARR_2013,Rural Infrastructure,False,,,,,,,NOT_PUBLISHED_IN_GAZETTE,NOT_PUBLISHED_IN_STRUCTURED_DATA,NOT_APPLICABLE_IN_REAL_DATA,NOT_APPLICABLE_PRE_AWARD,UNPARSED_SCHEDULE_TABLE,UNPARSED_SCHEDULE_TABLE,NOT_PUBLISHED_IN_STRUCTURED_DATA,,NOT_APPLICABLE_PRE_SEC11
CAS_CLEAN_222,SNP_CAS_CLEAN_222_CASE_INITIATION_MILESTONE_20250128,2025-01-28,CASE_INITIATION_TO_MILESTONE,2025-01-28,GENERAL_NOTICE,609,False,,2026-09-29,0,0,0,1,,0,False,False,Pune,,,District Collectorate & Administration Pune,RFCTLARR_2013,Rural Infrastructure,False,,,,,,,NOT_PUBLISHED_IN_GAZETTE,NOT_PUBLISHED_IN_STRUCTURED_DATA,NOT_APPLICABLE_IN_REAL_DATA,NOT_APPLICABLE_PRE_AWARD,UNPARSED_SCHEDULE_TABLE,UNPARSED_SCHEDULE_TABLE,NOT_PUBLISHED_IN_STRUCTURED_DATA,,NOT_APPLICABLE_PRE_SEC11
CAS_CLEAN_087,SNP_CAS_CLEAN_087_CASE_INITIATION_MILESTONE_20250130,2025-01-30,CASE_INITIATION_TO_MILESTONE,2024-01-31,GENERAL_NOTICE,607,False,,2026-09-29,365,365,365,1,,0,False,False,Nagpur,Bhivapur,Mokhala,District Collectorate & Administration Nagpur,RFCTLARR_2013,Rural Infrastructure,False,,,,,,,NOT_PUBLISHED_IN_GAZETTE,NOT_PUBLISHED_IN_STRUCTURED_DATA,NOT_APPLICABLE_IN_REAL_DATA,NOT_APPLICABLE_PRE_AWARD,UNPARSED_SCHEDULE_TABLE,UNPARSED_SCHEDULE_TABLE,NOT_PUBLISHED_IN_STRUCTURED_DATA,,NOT_APPLICABLE_PRE_SEC11
CAS_CLEAN_094,SNP_CAS_CLEAN_094_CASE_INITIATION_MILESTONE_20250202,2025-02-02,CASE_INITIATION_TO_MILESTONE,2024-08-06,GENERAL_NOTICE,604,False,,2026-09-29,180,180,180,1,,0,False,False,Nagpur,Nagpur City,Nagpur,District Collectorate & Administration Nagpur,RFCTLARR_2013,Rural Infrastructure,False,,,,,,,NOT_PUBLISHED_IN_GAZETTE,NOT_PUBLISHED_IN_STRUCTURED_DATA,NOT_APPLICABLE_IN_REAL_DATA,NOT_APPLICABLE_PRE_AWARD,UNPARSED_SCHEDULE_TABLE,UNPARSED_SCHEDULE_TABLE,NOT_PUBLISHED_IN_STRUCTURED_DATA,,NOT_APPLICABLE_PRE_SEC11
CAS_CLEAN_140,SNP_CAS_CLEAN_140_CASE_INITIATION_MILESTONE_20250204,2025-02-04,CASE_INITIATION_TO_MILESTONE,2024-08-08,SECTION_11,602,False,,2026-09-29,180,180,180,1,0.4932,0,False,False,Nagpur,Nagpur (City),Shivangaon,District Collectorate & Administration Nagpur,RFCTLARR_2013,Rural Infrastructure,False,,,,,,,NOT_PUBLISHED_IN_GAZETTE,NOT_PUBLISHED_IN_STRUCTURED_DATA,NOT_APPLICABLE_IN_REAL_DATA,NOT_APPLICABLE_PRE_AWARD,UNPARSED_SCHEDULE_TABLE,UNPARSED_SCHEDULE_TABLE,NOT_PUBLISHED_IN_STRUCTURED_DATA,,
CAS_CLEAN_095,SNP_CAS_CLEAN_095_CASE_INITIATION_MILESTONE_20250207,2025-02-07,CASE_INITIATION_TO_MILESTONE,2025-01-01,SECTION_21,599,False,,2026-09-29,37,0,0,2,,0,False,False,Nagpur,kmEtf,Nagpur (City),District Collectorate & Administration Nagpur,RFCTLARR_2013,Rural Infrastructure,False,,,,,,,NOT_PUBLISHED_IN_GAZETTE,NOT_PUBLISHED_IN_STRUCTURED_DATA,NOT_APPLICABLE_IN_REAL_DATA,NOT_APPLICABLE_PRE_AWARD,UNPARSED_SCHEDULE_TABLE,UNPARSED_SCHEDULE_TABLE,NOT_PUBLISHED_IN_STRUCTURED_DATA,,NOT_APPLICABLE_PRE_SEC11
CAS_CLEAN_061,SNP_CAS_CLEAN_061_CASE_INITIATION_MILESTONE_20250210,2025-02-10,CASE_INITIATION_TO_MILESTONE,2024-08-14,DIRECT_PURCHASE,596,False,,2026-09-29,180,180,180,1,,0,False,False,Nagpur,Kuhi,Gorha,District Collectorate & Administration Nagpur,RFCTLARR_2013,Rural Infrastructure,True,,,,,,,NOT_PUBLISHED_IN_GAZETTE,NOT_PUBLISHED_IN_STRUCTURED_DATA,NOT_APPLICABLE_IN_REAL_DATA,NOT_APPLICABLE_PRE_AWARD,UNPARSED_SCHEDULE_TABLE,UNPARSED_SCHEDULE_TABLE,NOT_PUBLISHED_IN_STRUCTURED_DATA,,NOT_APPLICABLE_PRE_SEC11
CAS_CLEAN_216,SNP_CAS_CLEAN_216_CASE_INITIATION_MILESTONE_20250213,2025-02-13,CASE_INITIATION_TO_MILESTONE,2025-02-13,GENERAL_NOTICE,593,False,,2026-09-29,0,0,0,1,,0,False,False,Pune,,,District Collectorate & Administration Pune,RFCTLARR_2013,Rural Infrastructure,False,,,,,,,NOT_PUBLISHED_IN_GAZETTE,NOT_PUBLISHED_IN_STRUCTURED_DATA,NOT_APPLICABLE_IN_REAL_DATA,NOT_APPLICABLE_PRE_AWARD,UNPARSED_SCHEDULE_TABLE,UNPARSED_SCHEDULE_TABLE,NOT_PUBLISHED_IN_STRUCTURED_DATA,,NOT_APPLICABLE_PRE_SEC11
CAS_CLEAN_218,SNP_CAS_CLEAN_218_CASE_INITIATION_MILESTONE_20250213,2025-02-13,CASE_INITIATION_TO_MILESTONE,2025-02-13,GENERAL_NOTICE,593,False,,2026-09-29,0,0,0,1,,0,False,False,Pune,,,District Collectorate & Administration Pune,RFCTLARR_2013,Rural Infrastructure,False,,,,,,,NOT_PUBLISHED_IN_GAZETTE,NOT_PUBLISHED_IN_STRUCTURED_DATA,NOT_APPLICABLE_IN_REAL_DATA,NOT_APPLICABLE_PRE_AWARD,UNPARSED_SCHEDULE_TABLE,UNPARSED_SCHEDULE_TABLE,NOT_PUBLISHED_IN_STRUCTURED_DATA,,NOT_APPLICABLE_PRE_SEC11
CAS_CLEAN_219,SNP_CAS_CLEAN_219_CASE_INITIATION_MILESTONE_20250213,2025-02-13,CASE_INITIATION_TO_MILESTONE,2025-02-13,GENERAL_NOTICE,593,False,,2026-09-29,0,0,0,1,,0,False,False,Pune,,,District Collectorate & Administration Pune,RFCTLARR_2013,Rural Infrastructure,False,,,,,,,NOT_PUBLISHED_IN_GAZETTE,NOT_PUBLISHED_IN_STRUCTURED_DATA,NOT_APPLICABLE_IN_REAL_DATA,NOT_APPLICABLE_PRE_AWARD,UNPARSED_SCHEDULE_TABLE,UNPARSED_SCHEDULE_TABLE,NOT_PUBLISHED_IN_STRUCTURED_DATA,,NOT_APPLICABLE_PRE_SEC11
CAS_CLEAN_221,SNP_CAS_CLEAN_221_CASE_INITIATION_MILESTONE_20250213,2025-02-13,CASE_INITIATION_TO_MILESTONE,2025-02-13,GENERAL_NOTICE,593,False,,2026-09-29,0,0,0,1,,0,False,False,Pune,,,District Collectorate & Administration Pune,RFCTLARR_2013,Rural Infrastructure,False,,,,,,,NOT_PUBLISHED_IN_GAZETTE,NOT_PUBLISHED_IN_STRUCTURED_DATA,NOT_APPLICABLE_IN_REAL_DATA,NOT_APPLICABLE_PRE_AWARD,UNPARSED_SCHEDULE_TABLE,UNPARSED_SCHEDULE_TABLE,NOT_PUBLISHED_IN_STRUCTURED_DATA,,NOT_APPLICABLE_PRE_SEC11
CAS_CLEAN_016,SNP_CAS_CLEAN_016_CASE_INITIATION_MILESTONE_20250214,2025-02-14,CASE_INITIATION_TO_MILESTONE,2025-02-14,DIRECT_PURCHASE,592,False,,2026-09-29,0,0,0,1,,0,False,False,Nagpur,Bhiwapur,Bhiwapur,District Collectorate & Administration Nagpur,RFCTLARR_2013,Rural Infrastructure,True,,,,,,,NOT_PUBLISHED_IN_GAZETTE,NOT_PUBLISHED_IN_STRUCTURED_DATA,NOT_APPLICABLE_IN_REAL_DATA,NOT_APPLICABLE_PRE_AWARD,UNPARSED_SCHEDULE_TABLE,UNPARSED_SCHEDULE_TABLE,NOT_PUBLISHED_IN_STRUCTURED_DATA,,NOT_APPLICABLE_PRE_SEC11
CAS_CLEAN_070,SNP_CAS_CLEAN_070_CASE_INITIATION_MILESTONE_20250214,2025-02-14,CASE_INITIATION_TO_MILESTONE,2025-02-14,INITIATION,125,True,2025-06-19,,0,0,,0,,1,True,False,Nagpur,Saoner,Khariy Dhalgaon,District Collectorate & Administration Nagpur,RFCTLARR_2013,Highway / Road Widening,False,,,,,,,NOT_PUBLISHED_IN_GAZETTE,NOT_PUBLISHED_IN_STRUCTURED_DATA,NOT_APPLICABLE_IN_REAL_DATA,NOT_APPLICABLE_PRE_AWARD,UNPARSED_SCHEDULE_TABLE,UNPARSED_SCHEDULE_TABLE,NOT_PUBLISHED_IN_STRUCTURED_DATA,NO_NOTICE_EVENT,NOT_APPLICABLE_PRE_SEC11
CAS_CLEAN_099,SNP_CAS_CLEAN_099_CASE_INITIATION_MILESTONE_20250218,2025-02-18,CASE_INITIATION_TO_MILESTONE,2024-08-22,GENERAL_NOTICE,588,False,,2026-09-29,180,180,180,1,,0,False,False,Nagpur,Nagpur,Nagpur,District Collectorate & Administration Nagpur,RFCTLARR_2013,Rural Infrastructure,False,,,,,,,NOT_PUBLISHED_IN_GAZETTE,NOT_PUBLISHED_IN_STRUCTURED_DATA,NOT_APPLICABLE_IN_REAL_DATA,NOT_APPLICABLE_PRE_AWARD,UNPARSED_SCHEDULE_TABLE,UNPARSED_SCHEDULE_TABLE,NOT_PUBLISHED_IN_STRUCTURED_DATA,,NOT_APPLICABLE_PRE_SEC11
CAS_CLEAN_128,SNP_CAS_CLEAN_128_CASE_INITIATION_MILESTONE_20250218,2025-02-18,CASE_INITIATION_TO_MILESTONE,2024-08-22,DIRECT_PURCHASE,588,False,,2026-09-29,180,180,180,1,,0,False,False,Nagpur,Kuhi,Ruyad,District Collectorate & Administration Nagpur,RFCTLARR_2013,Rural Infrastructure,True,,,,,,,NOT_PUBLISHED_IN_GAZETTE,NOT_PUBLISHED_IN_STRUCTURED_DATA,NOT_APPLICABLE_IN_REAL_DATA,NOT_APPLICABLE_PRE_AWARD,UNPARSED_SCHEDULE_TABLE,UNPARSED_SCHEDULE_TABLE,NOT_PUBLISHED_IN_STRUCTURED_DATA,,NOT_APPLICABLE_PRE_SEC11
CAS_CLEAN_234,SNP_CAS_CLEAN_234_CASE_INITIATION_MILESTONE_20250220,2025-02-20,CASE_INITIATION_TO_MILESTONE,2025-02-20,GENERAL_NOTICE,586,False,,2026-09-29,0,0,0,1,,0,False,False,Pune,Haveli,Katraj,District Collectorate & Administration Pune,RFCTLARR_2013,Highway / Road Widening,False,,,,,,,NOT_PUBLISHED_IN_GAZETTE,NOT_PUBLISHED_IN_STRUCTURED_DATA,NOT_APPLICABLE_IN_REAL_DATA,NOT_APPLICABLE_PRE_AWARD,UNPARSED_SCHEDULE_TABLE,UNPARSED_SCHEDULE_TABLE,NOT_PUBLISHED_IN_STRUCTURED_DATA,,NOT_APPLICABLE_PRE_SEC11
CAS_CLEAN_002,SNP_CAS_CLEAN_002_CASE_INITIATION_MILESTONE_20250221,2025-02-21,CASE_INITIATION_TO_MILESTONE,2024-02-22,DIRECT_PURCHASE,585,False,,2026-09-29,365,365,365,1,,0,False,False,Nagpur,Bhivapur,Adyal,District Collectorate & Administration Nagpur,RFCTLARR_2013,Rural Infrastructure,True,,,,,,,NOT_PUBLISHED_IN_GAZETTE,NOT_PUBLISHED_IN_STRUCTURED_DATA,NOT_APPLICABLE_IN_REAL_DATA,NOT_APPLICABLE_PRE_AWARD,UNPARSED_SCHEDULE_TABLE,UNPARSED_SCHEDULE_TABLE,NOT_PUBLISHED_IN_STRUCTURED_DATA,,NOT_APPLICABLE_PRE_SEC11
CAS_CLEAN_100,SNP_CAS_CLEAN_100_CASE_INITIATION_MILESTONE_20250225,2025-02-25,CASE_INITIATION_TO_MILESTONE,2025-02-25,SECTION_21,581,False,,2026-09-29,0,0,0,1,,0,False,False,Nagpur,,Nagpur (Khas),District Collectorate & Administration Nagpur,RFCTLARR_2013,Rural Infrastructure,False,,,,,,,NOT_PUBLISHED_IN_GAZETTE,NOT_PUBLISHED_IN_STRUCTURED_DATA,NOT_APPLICABLE_IN_REAL_DATA,NOT_APPLICABLE_PRE_AWARD,UNPARSED_SCHEDULE_TABLE,UNPARSED_SCHEDULE_TABLE,NOT_PUBLISHED_IN_STRUCTURED_DATA,,NOT_APPLICABLE_PRE_SEC11
CAS_CLEAN_029,SNP_CAS_CLEAN_029_CASE_INITIATION_MILESTONE_20250226,2025-02-26,CASE_INITIATION_TO_MILESTONE,2024-02-27,SECTION_11,580,False,,2026-09-29,365,365,365,1,1.0,0,False,False,Nagpur,Nagpur(City),,District Collectorate & Administration Nagpur,RFCTLARR_2013,Rural Infrastructure,False,,,,,,,NOT_PUBLISHED_IN_GAZETTE,NOT_PUBLISHED_IN_STRUCTURED_DATA,NOT_APPLICABLE_IN_REAL_DATA,NOT_APPLICABLE_PRE_AWARD,UNPARSED_SCHEDULE_TABLE,UNPARSED_SCHEDULE_TABLE,NOT_PUBLISHED_IN_STRUCTURED_DATA,,
CAS_CLEAN_203,SNP_CAS_CLEAN_203_CASE_INITIATION_MILESTONE_20250227,2025-02-27,CASE_INITIATION_TO_MILESTONE,2025-02-27,GENERAL_NOTICE,579,False,,2026-09-29,0,0,0,1,,0,False,False,Pune,,,District Collectorate & Administration Pune,RFCTLARR_2013,Rural Infrastructure,False,,,,,,,NOT_PUBLISHED_IN_GAZETTE,NOT_PUBLISHED_IN_STRUCTURED_DATA,NOT_APPLICABLE_IN_REAL_DATA,NOT_APPLICABLE_PRE_AWARD,UNPARSED_SCHEDULE_TABLE,UNPARSED_SCHEDULE_TABLE,NOT_PUBLISHED_IN_STRUCTURED_DATA,,NOT_APPLICABLE_PRE_SEC11
CAS_CLEAN_204,SNP_CAS_CLEAN_204_CASE_INITIATION_MILESTONE_20250227,2025-02-27,CASE_INITIATION_TO_MILESTONE,2025-02-27,GENERAL_NOTICE,579,False,,2026-09-29,0,0,0,1,,0,False,False,Pune,HH fOnT,,District Collectorate & Administration Pune,RFCTLARR_2013,Rural Infrastructure,False,,,,,,,NOT_PUBLISHED_IN_GAZETTE,NOT_PUBLISHED_IN_STRUCTURED_DATA,NOT_APPLICABLE_IN_REAL_DATA,NOT_APPLICABLE_PRE_AWARD,UNPARSED_SCHEDULE_TABLE,UNPARSED_SCHEDULE_TABLE,NOT_PUBLISHED_IN_STRUCTURED_DATA,,NOT_APPLICABLE_PRE_SEC11
CAS_CLEAN_205,SNP_CAS_CLEAN_205_CASE_INITIATION_MILESTONE_20250227,2025-02-27,CASE_INITIATION_TO_MILESTONE,2025-02-27,GENERAL_NOTICE,579,False,,2026-09-29,0,0,0,1,,0,False,False,Pune,qgTITFt aNNvq,,District Collectorate & Administration Pune,RFCTLARR_2013,Rural Infrastructure,False,,,,,,,NOT_PUBLISHED_IN_GAZETTE,NOT_PUBLISHED_IN_STRUCTURED_DATA,NOT_APPLICABLE_IN_REAL_DATA,NOT_APPLICABLE_PRE_AWARD,UNPARSED_SCHEDULE_TABLE,UNPARSED_SCHEDULE_TABLE,NOT_PUBLISHED_IN_STRUCTURED_DATA,,NOT_APPLICABLE_PRE_SEC11
CAS_CLEAN_206,SNP_CAS_CLEAN_206_CASE_INITIATION_MILESTONE_20250227,2025-02-27,CASE_INITIATION_TO_MILESTONE,2025-02-27,GENERAL_NOTICE,579,False,,2026-09-29,0,0,0,1,,0,False,False,Pune,,,District Collectorate & Administration Pune,RFCTLARR_2013,Rural Infrastructure,False,,,,,,,NOT_PUBLISHED_IN_GAZETTE,NOT_PUBLISHED_IN_STRUCTURED_DATA,NOT_APPLICABLE_IN_REAL_DATA,NOT_APPLICABLE_PRE_AWARD,UNPARSED_SCHEDULE_TABLE,UNPARSED_SCHEDULE_TABLE,NOT_PUBLISHED_IN_STRUCTURED_DATA,,NOT_APPLICABLE_PRE_SEC11
CAS_CLEAN_211,SNP_CAS_CLEAN_211_CASE_INITIATION_MILESTONE_20250301,2025-03-01,CASE_INITIATION_TO_MILESTONE,2025-03-01,GENERAL_NOTICE,577,False,,2026-09-29,0,0,0,1,,0,False,False,Pune,,,District Collectorate & Administration Pune,RFCTLARR_2013,Rural Infrastructure,False,,,,,,,NOT_PUBLISHED_IN_GAZETTE,NOT_PUBLISHED_IN_STRUCTURED_DATA,NOT_APPLICABLE_IN_REAL_DATA,NOT_APPLICABLE_PRE_AWARD,UNPARSED_SCHEDULE_TABLE,UNPARSED_SCHEDULE_TABLE,NOT_PUBLISHED_IN_STRUCTURED_DATA,,NOT_APPLICABLE_PRE_SEC11
CAS_CLEAN_148,SNP_CAS_CLEAN_148_CASE_INITIATION_MILESTONE_20250302,2025-03-02,CASE_INITIATION_TO_MILESTONE,2024-12-02,GENERAL_NOTICE,576,False,,2026-09-29,90,90,90,1,,0,False,False,Nagpur,Bhivapur,Thutanbori,District Collectorate & Administration Nagpur,RFCTLARR_2013,Rural Infrastructure,False,,,,,,,NOT_PUBLISHED_IN_GAZETTE,NOT_PUBLISHED_IN_STRUCTURED_DATA,NOT_APPLICABLE_IN_REAL_DATA,NOT_APPLICABLE_PRE_AWARD,UNPARSED_SCHEDULE_TABLE,UNPARSED_SCHEDULE_TABLE,NOT_PUBLISHED_IN_STRUCTURED_DATA,,NOT_APPLICABLE_PRE_SEC11
CAS_CLEAN_021,SNP_CAS_CLEAN_021_CASE_INITIATION_MILESTONE_20250305,2025-03-05,CASE_INITIATION_TO_MILESTONE,2024-03-05,GENERAL_NOTICE,573,False,,2026-09-29,365,365,365,1,,0,False,False,Nagpur,,,District Collectorate & Administration Nagpur,RFCTLARR_2013,Rural Infrastructure,False,,,,,,,NOT_PUBLISHED_IN_GAZETTE,NOT_PUBLISHED_IN_STRUCTURED_DATA,NOT_APPLICABLE_IN_REAL_DATA,NOT_APPLICABLE_PRE_AWARD,UNPARSED_SCHEDULE_TABLE,UNPARSED_SCHEDULE_TABLE,NOT_PUBLISHED_IN_STRUCTURED_DATA,,NOT_APPLICABLE_PRE_SEC11
CAS_CLEAN_005,SNP_CAS_CLEAN_005_CASE_INITIATION_MILESTONE_20250310,2025-03-10,CASE_INITIATION_TO_MILESTONE,2024-12-10,DIRECT_PURCHASE,568,False,,2026-09-29,90,54,54,2,,0,False,False,Nagpur,Kuhi,Awarmara,District Collectorate & Administration Nagpur,RFCTLARR_2013,Rural Infrastructure,True,,,,,,,NOT_PUBLISHED_IN_GAZETTE,NOT_PUBLISHED_IN_STRUCTURED_DATA,NOT_APPLICABLE_IN_REAL_DATA,NOT_APPLICABLE_PRE_AWARD,UNPARSED_SCHEDULE_TABLE,UNPARSED_SCHEDULE_TABLE,NOT_PUBLISHED_IN_STRUCTURED_DATA,,NOT_APPLICABLE_PRE_SEC11
CAS_CLEAN_079,SNP_CAS_CLEAN_079_CASE_INITIATION_MILESTONE_20250310,2025-03-10,CASE_INITIATION_TO_MILESTONE,2024-12-10,DIRECT_PURCHASE,568,False,,2026-09-29,90,54,54,2,,0,False,False,Nagpur,Kuhi,Kujba,District Collectorate & Administration Nagpur,RFCTLARR_2013,Rural Infrastructure,True,,,,,,,NOT_PUBLISHED_IN_GAZETTE,NOT_PUBLISHED_IN_STRUCTURED_DATA,NOT_APPLICABLE_IN_REAL_DATA,NOT_APPLICABLE_PRE_AWARD,UNPARSED_SCHEDULE_TABLE,UNPARSED_SCHEDULE_TABLE,NOT_PUBLISHED_IN_STRUCTURED_DATA,,NOT_APPLICABLE_PRE_SEC11
CAS_CLEAN_145,SNP_CAS_CLEAN_145_CASE_INITIATION_MILESTONE_20250310,2025-03-10,CASE_INITIATION_TO_MILESTONE,2024-12-10,DIRECT_PURCHASE,568,False,,2026-09-29,90,54,54,2,,0,False,False,Nagpur,Kuhi,Takli,District Collectorate & Administration Nagpur,RFCTLARR_2013,Rural Infrastructure,True,,,,,,,NOT_PUBLISHED_IN_GAZETTE,NOT_PUBLISHED_IN_STRUCTURED_DATA,NOT_APPLICABLE_IN_REAL_DATA,NOT_APPLICABLE_PRE_AWARD,UNPARSED_SCHEDULE_TABLE,UNPARSED_SCHEDULE_TABLE,NOT_PUBLISHED_IN_STRUCTURED_DATA,,NOT_APPLICABLE_PRE_SEC11
CAS_CLEAN_212,SNP_CAS_CLEAN_212_CASE_INITIATION_MILESTONE_20250310,2025-03-10,CASE_INITIATION_TO_MILESTONE,2025-03-10,GENERAL_NOTICE,568,False,,2026-09-29,0,0,0,1,,0,False,False,Pune,,,District Collectorate & Administration Pune,RFCTLARR_2013,Rural Infrastructure,False,,,,,,,NOT_PUBLISHED_IN_GAZETTE,NOT_PUBLISHED_IN_STRUCTURED_DATA,NOT_APPLICABLE_IN_REAL_DATA,NOT_APPLICABLE_PRE_AWARD,UNPARSED_SCHEDULE_TABLE,UNPARSED_SCHEDULE_TABLE,NOT_PUBLISHED_IN_STRUCTURED_DATA,,NOT_APPLICABLE_PRE_SEC11
CAS_CLEAN_213,SNP_CAS_CLEAN_213_CASE_INITIATION_MILESTONE_20250310,2025-03-10,CASE_INITIATION_TO_MILESTONE,2025-03-10,GENERAL_NOTICE,568,False,,2026-09-29,0,0,0,1,,0,False,False,Pune,,,District Collectorate & Administration Pune,RFCTLARR_2013,Rural Infrastructure,False,,,,,,,NOT_PUBLISHED_IN_GAZETTE,NOT_PUBLISHED_IN_STRUCTURED_DATA,NOT_APPLICABLE_IN_REAL_DATA,NOT_APPLICABLE_PRE_AWARD,UNPARSED_SCHEDULE_TABLE,UNPARSED_SCHEDULE_TABLE,NOT_PUBLISHED_IN_STRUCTURED_DATA,,NOT_APPLICABLE_PRE_SEC11
CAS_CLEAN_215,SNP_CAS_CLEAN_215_CASE_INITIATION_MILESTONE_20250311,2025-03-11,CASE_INITIATION_TO_MILESTONE,2025-03-11,GENERAL_NOTICE,567,False,,2026-09-29,0,0,0,1,,0,False,False,Pune,,,District Collectorate & Administration Pune,RFCTLARR_2013,Rural Infrastructure,False,,,,,,,NOT_PUBLISHED_IN_GAZETTE,NOT_PUBLISHED_IN_STRUCTURED_DATA,NOT_APPLICABLE_IN_REAL_DATA,NOT_APPLICABLE_PRE_AWARD,UNPARSED_SCHEDULE_TABLE,UNPARSED_SCHEDULE_TABLE,NOT_PUBLISHED_IN_STRUCTURED_DATA,,NOT_APPLICABLE_PRE_SEC11
CAS_CLEAN_091,SNP_CAS_CLEAN_091_CASE_INITIATION_MILESTONE_20250312,2025-03-12,CASE_INITIATION_TO_MILESTONE,2024-12-12,GENERAL_NOTICE,566,False,,2026-09-29,90,90,90,1,,0,False,False,Nagpur,,Nagpur City,District Collectorate & Administration Nagpur,RFCTLARR_2013,Rural Infrastructure,False,,,,,,,NOT_PUBLISHED_IN_GAZETTE,NOT_PUBLISHED_IN_STRUCTURED_DATA,NOT_APPLICABLE_IN_REAL_DATA,NOT_APPLICABLE_PRE_AWARD,UNPARSED_SCHEDULE_TABLE,UNPARSED_SCHEDULE_TABLE,NOT_PUBLISHED_IN_STRUCTURED_DATA,,NOT_APPLICABLE_PRE_SEC11
CAS_CLEAN_164,SNP_CAS_CLEAN_164_CASE_INITIATION_MILESTONE_20250313,2025-03-13,CASE_INITIATION_TO_MILESTONE,2024-03-13,GENERAL_NOTICE,565,False,,2026-09-29,365,365,365,1,,0,False,False,Nagpur,Hingna,Wanadongri,District Collectorate & Administration Nagpur,RFCTLARR_2013,Rural Infrastructure,False,,,,,,,NOT_PUBLISHED_IN_GAZETTE,NOT_PUBLISHED_IN_STRUCTURED_DATA,NOT_APPLICABLE_IN_REAL_DATA,NOT_APPLICABLE_PRE_AWARD,UNPARSED_SCHEDULE_TABLE,UNPARSED_SCHEDULE_TABLE,NOT_PUBLISHED_IN_STRUCTURED_DATA,,NOT_APPLICABLE_PRE_SEC11
CAS_CLEAN_165,SNP_CAS_CLEAN_165_CASE_INITIATION_MILESTONE_20250313,2025-03-13,CASE_INITIATION_TO_MILESTONE,2024-03-13,GENERAL_NOTICE,565,False,,2026-09-29,365,365,365,1,,0,False,False,Nagpur,Hingna,Wanadongri,District Collectorate & Administration Nagpur,RFCTLARR_2013,Rural Infrastructure,False,,,,,,,NOT_PUBLISHED_IN_GAZETTE,NOT_PUBLISHED_IN_STRUCTURED_DATA,NOT_APPLICABLE_IN_REAL_DATA,NOT_APPLICABLE_PRE_AWARD,UNPARSED_SCHEDULE_TABLE,UNPARSED_SCHEDULE_TABLE,NOT_PUBLISHED_IN_STRUCTURED_DATA,,NOT_APPLICABLE_PRE_SEC11
CAS_CLEAN_207,SNP_CAS_CLEAN_207_CASE_INITIATION_MILESTONE_20250313,2025-03-13,CASE_INITIATION_TO_MILESTONE,2025-03-13,GENERAL_NOTICE,565,False,,2026-09-29,0,0,0,1,,0,False,False,Pune,,,District Collectorate & Administration Pune,RFCTLARR_2013,Rural Infrastructure,False,,,,,,,NOT_PUBLISHED_IN_GAZETTE,NOT_PUBLISHED_IN_STRUCTURED_DATA,NOT_APPLICABLE_IN_REAL_DATA,NOT_APPLICABLE_PRE_AWARD,UNPARSED_SCHEDULE_TABLE,UNPARSED_SCHEDULE_TABLE,NOT_PUBLISHED_IN_STRUCTURED_DATA,,NOT_APPLICABLE_PRE_SEC11
CAS_CLEAN_208,SNP_CAS_CLEAN_208_CASE_INITIATION_MILESTONE_20250313,2025-03-13,CASE_INITIATION_TO_MILESTONE,2025-03-13,GENERAL_NOTICE,565,False,,2026-09-29,0,0,0,1,,0,False,False,Pune,,,District Collectorate & Administration Pune,RFCTLARR_2013,Rural Infrastructure,False,,,,,,,NOT_PUBLISHED_IN_GAZETTE,NOT_PUBLISHED_IN_STRUCTURED_DATA,NOT_APPLICABLE_IN_REAL_DATA,NOT_APPLICABLE_PRE_AWARD,UNPARSED_SCHEDULE_TABLE,UNPARSED_SCHEDULE_TABLE,NOT_PUBLISHED_IN_STRUCTURED_DATA,,NOT_APPLICABLE_PRE_SEC11
CAS_CLEAN_209,SNP_CAS_CLEAN_209_CASE_INITIATION_MILESTONE_20250313,2025-03-13,CASE_INITIATION_TO_MILESTONE,2025-03-13,GENERAL_NOTICE,565,False,,2026-09-29,0,0,0,1,,0,False,False,Pune,,,District Collectorate & Administration Pune,RFCTLARR_2013,Rural Infrastructure,False,,,,,,,NOT_PUBLISHED_IN_GAZETTE,NOT_PUBLISHED_IN_STRUCTURED_DATA,NOT_APPLICABLE_IN_REAL_DATA,NOT_APPLICABLE_PRE_AWARD,UNPARSED_SCHEDULE_TABLE,UNPARSED_SCHEDULE_TABLE,NOT_PUBLISHED_IN_STRUCTURED_DATA,,NOT_APPLICABLE_PRE_SEC11
CAS_CLEAN_039,SNP_CAS_CLEAN_039_CASE_INITIATION_MILESTONE_20250314,2025-03-14,CASE_INITIATION_TO_MILESTONE,2024-03-14,SECTION_11,564,False,,2026-09-29,365,365,365,1,1.0,0,False,False,Nagpur,Kuhi,chapegadi(Rithi),District Collectorate & Administration Nagpur,RFCTLARR_2013,Rural Infrastructure,False,,,,,,,NOT_PUBLISHED_IN_GAZETTE,NOT_PUBLISHED_IN_STRUCTURED_DATA,NOT_APPLICABLE_IN_REAL_DATA,NOT_APPLICABLE_PRE_AWARD,UNPARSED_SCHEDULE_TABLE,UNPARSED_SCHEDULE_TABLE,NOT_PUBLISHED_IN_STRUCTURED_DATA,,
CAS_CLEAN_041,SNP_CAS_CLEAN_041_CASE_INITIATION_MILESTONE_20250314,2025-03-14,CASE_INITIATION_TO_MILESTONE,2024-03-14,SECTION_11,564,False,,2026-09-29,365,365,365,1,1.0,0,False,False,Nagpur,Kuhi,Chapeghat (Rithi),District Collectorate & Administration Nagpur,RFCTLARR_2013,Rural Infrastructure,False,,,,,,,NOT_PUBLISHED_IN_GAZETTE,NOT_PUBLISHED_IN_STRUCTURED_DATA,NOT_APPLICABLE_IN_REAL_DATA,NOT_APPLICABLE_PRE_AWARD,UNPARSED_SCHEDULE_TABLE,UNPARSED_SCHEDULE_TABLE,NOT_PUBLISHED_IN_STRUCTURED_DATA,,
CAS_CLEAN_136,SNP_CAS_CLEAN_136_CASE_INITIATION_MILESTONE_20250314,2025-03-14,CASE_INITIATION_TO_MILESTONE,2024-03-14,SECTION_11,564,False,,2026-09-29,365,365,365,1,1.0,0,False,False,Nagpur,Kuhi,Sawangi,District Collectorate & Administration Nagpur,RFCTLARR_2013,Rural Infrastructure,False,,,,,,,NOT_PUBLISHED_IN_GAZETTE,NOT_PUBLISHED_IN_STRUCTURED_DATA,NOT_APPLICABLE_IN_REAL_DATA,NOT_APPLICABLE_PRE_AWARD,UNPARSED_SCHEDULE_TABLE,UNPARSED_SCHEDULE_TABLE,NOT_PUBLISHED_IN_STRUCTURED_DATA,,
CAS_CLEAN_258,SNP_CAS_CLEAN_258_CASE_INITIATION_MILESTONE_20250317,2025-03-17,CASE_INITIATION_TO_MILESTONE,2025-03-17,GENERAL_NOTICE,561,False,,2026-09-29,0,0,0,1,,0,False,False,Pune,Haveli,Vadgaon Sheri,District Collectorate & Administration Pune,LAND_ACQUISITION_ACT_1894,Highway / Road Widening,False,,,,,,,NOT_PUBLISHED_IN_GAZETTE,NOT_PUBLISHED_IN_STRUCTURED_DATA,NOT_APPLICABLE_IN_REAL_DATA,NOT_APPLICABLE_PRE_AWARD,UNPARSED_SCHEDULE_TABLE,UNPARSED_SCHEDULE_TABLE,NOT_PUBLISHED_IN_STRUCTURED_DATA,,NOT_APPLICABLE_PRE_SEC11
CAS_CLEAN_210,SNP_CAS_CLEAN_210_CASE_INITIATION_MILESTONE_20250320,2025-03-20,CASE_INITIATION_TO_MILESTONE,2025-03-20,GENERAL_NOTICE,558,False,,2026-09-29,0,0,0,1,,0,False,False,Pune,,,District Collectorate & Administration Pune,RFCTLARR_2013,Rural Infrastructure,False,,,,,,,NOT_PUBLISHED_IN_GAZETTE,NOT_PUBLISHED_IN_STRUCTURED_DATA,NOT_APPLICABLE_IN_REAL_DATA,NOT_APPLICABLE_PRE_AWARD,UNPARSED_SCHEDULE_TABLE,UNPARSED_SCHEDULE_TABLE,NOT_PUBLISHED_IN_STRUCTURED_DATA,,NOT_APPLICABLE_PRE_SEC11
CAS_CLEAN_126,SNP_CAS_CLEAN_126_CASE_INITIATION_MILESTONE_20250322,2025-03-22,CASE_INITIATION_TO_MILESTONE,2024-06-25,DIRECT_PURCHASE,556,False,,2026-09-29,270,270,270,1,,0,False,False,Nagpur,Kuhi,Ruyad,District Collectorate & Administration Nagpur,RFCTLARR_2013,Rural Infrastructure,True,,,,,,,NOT_PUBLISHED_IN_GAZETTE,NOT_PUBLISHED_IN_STRUCTURED_DATA,NOT_APPLICABLE_IN_REAL_DATA,NOT_APPLICABLE_PRE_AWARD,UNPARSED_SCHEDULE_TABLE,UNPARSED_SCHEDULE_TABLE,NOT_PUBLISHED_IN_STRUCTURED_DATA,,NOT_APPLICABLE_PRE_SEC11
CAS_CLEAN_127,SNP_CAS_CLEAN_127_CASE_INITIATION_MILESTONE_20250322,2025-03-22,CASE_INITIATION_TO_MILESTONE,2024-06-25,DIRECT_PURCHASE,556,False,,2026-09-29,270,270,270,1,,0,False,False,Nagpur,Kuhi,Ruyad,District Collectorate & Administration Nagpur,RFCTLARR_2013,Rural Infrastructure,True,,,,,,,NOT_PUBLISHED_IN_GAZETTE,NOT_PUBLISHED_IN_STRUCTURED_DATA,NOT_APPLICABLE_IN_REAL_DATA,NOT_APPLICABLE_PRE_AWARD,UNPARSED_SCHEDULE_TABLE,UNPARSED_SCHEDULE_TABLE,NOT_PUBLISHED_IN_STRUCTURED_DATA,,NOT_APPLICABLE_PRE_SEC11
CAS_CLEAN_228,SNP_CAS_CLEAN_228_CASE_INITIATION_MILESTONE_20250323,2025-03-23,CASE_INITIATION_TO_MILESTONE,2024-12-23,GENERAL_NOTICE,555,False,,2026-09-29,90,90,90,1,,0,False,False,Pune,,,District Collectorate & Administration Pune,RFCTLARR_2013,Rural Infrastructure,False,,,,,,,NOT_PUBLISHED_IN_GAZETTE,NOT_PUBLISHED_IN_STRUCTURED_DATA,NOT_APPLICABLE_IN_REAL_DATA,NOT_APPLICABLE_PRE_AWARD,UNPARSED_SCHEDULE_TABLE,UNPARSED_SCHEDULE_TABLE,NOT_PUBLISHED_IN_STRUCTURED_DATA,,NOT_APPLICABLE_PRE_SEC11
CAS_CLEAN_229,SNP_CAS_CLEAN_229_CASE_INITIATION_MILESTONE_20250323,2025-03-23,CASE_INITIATION_TO_MILESTONE,2024-12-23,GENERAL_NOTICE,555,False,,2026-09-29,90,90,90,1,,0,False,False,Pune,,,District Collectorate & Administration Pune,RFCTLARR_2013,Rural Infrastructure,False,,,,,,,NOT_PUBLISHED_IN_GAZETTE,NOT_PUBLISHED_IN_STRUCTURED_DATA,NOT_APPLICABLE_IN_REAL_DATA,NOT_APPLICABLE_PRE_AWARD,UNPARSED_SCHEDULE_TABLE,UNPARSED_SCHEDULE_TABLE,NOT_PUBLISHED_IN_STRUCTURED_DATA,,NOT_APPLICABLE_PRE_SEC11
CAS_CLEAN_230,SNP_CAS_CLEAN_230_CASE_INITIATION_MILESTONE_20250323,2025-03-23,CASE_INITIATION_TO_MILESTONE,2024-12-23,GENERAL_NOTICE,555,False,,2026-09-29,90,90,90,1,,0,False,False,Pune,,,District Collectorate & Administration Pune,RFCTLARR_2013,Rural Infrastructure,False,,,,,,,NOT_PUBLISHED_IN_GAZETTE,NOT_PUBLISHED_IN_STRUCTURED_DATA,NOT_APPLICABLE_IN_REAL_DATA,NOT_APPLICABLE_PRE_AWARD,UNPARSED_SCHEDULE_TABLE,UNPARSED_SCHEDULE_TABLE,NOT_PUBLISHED_IN_STRUCTURED_DATA,,NOT_APPLICABLE_PRE_SEC11
CAS_CLEAN_231,SNP_CAS_CLEAN_231_CASE_INITIATION_MILESTONE_20250323,2025-03-23,CASE_INITIATION_TO_MILESTONE,2024-12-23,GENERAL_NOTICE,555,False,,2026-09-29,90,90,90,1,,0,False,False,Pune,,,District Collectorate & Administration Pune,RFCTLARR_2013,Rural Infrastructure,False,,,,,,,NOT_PUBLISHED_IN_GAZETTE,NOT_PUBLISHED_IN_STRUCTURED_DATA,NOT_APPLICABLE_IN_REAL_DATA,NOT_APPLICABLE_PRE_AWARD,UNPARSED_SCHEDULE_TABLE,UNPARSED_SCHEDULE_TABLE,NOT_PUBLISHED_IN_STRUCTURED_DATA,,NOT_APPLICABLE_PRE_SEC11
CAS_CLEAN_232,SNP_CAS_CLEAN_232_CASE_INITIATION_MILESTONE_20250323,2025-03-23,CASE_INITIATION_TO_MILESTONE,2024-12-23,GENERAL_NOTICE,555,False,,2026-09-29,90,90,90,1,,0,False,False,Pune,,Hadapsar,District Collectorate & Administration Pune,RFCTLARR_2013,Rural Infrastructure,False,,,,,,,NOT_PUBLISHED_IN_GAZETTE,NOT_PUBLISHED_IN_STRUCTURED_DATA,NOT_APPLICABLE_IN_REAL_DATA,NOT_APPLICABLE_PRE_AWARD,UNPARSED_SCHEDULE_TABLE,UNPARSED_SCHEDULE_TABLE,NOT_PUBLISHED_IN_STRUCTURED_DATA,,NOT_APPLICABLE_PRE_SEC11
CAS_CLEAN_242,SNP_CAS_CLEAN_242_CASE_INITIATION_MILESTONE_20250323,2025-03-23,CASE_INITIATION_TO_MILESTONE,2024-12-23,GENERAL_NOTICE,555,False,,2026-09-29,90,90,90,1,,0,False,False,Pune,,Kothrud,District Collectorate & Administration Pune,RFCTLARR_2013,Rural Infrastructure,False,,,,,,,NOT_PUBLISHED_IN_GAZETTE,NOT_PUBLISHED_IN_STRUCTURED_DATA,NOT_APPLICABLE_IN_REAL_DATA,NOT_APPLICABLE_PRE_AWARD,UNPARSED_SCHEDULE_TABLE,UNPARSED_SCHEDULE_TABLE,NOT_PUBLISHED_IN_STRUCTURED_DATA,,NOT_APPLICABLE_PRE_SEC11
CAS_CLEAN_001,SNP_CAS_CLEAN_001_CASE_INITIATION_MILESTONE_20250327,2025-03-27,CASE_INITIATION_TO_MILESTONE,2024-12-27,DIRECT_PURCHASE,551,False,,2026-09-29,90,90,90,1,,0,False,False,Nagpur,Kuhi,Aamti,District Collectorate & Administration Nagpur,RFCTLARR_2013,Rural Infrastructure,True,,,,,,,NOT_PUBLISHED_IN_GAZETTE,NOT_PUBLISHED_IN_STRUCTURED_DATA,NOT_APPLICABLE_IN_REAL_DATA,NOT_APPLICABLE_PRE_AWARD,UNPARSED_SCHEDULE_TABLE,UNPARSED_SCHEDULE_TABLE,NOT_PUBLISHED_IN_STRUCTURED_DATA,,NOT_APPLICABLE_PRE_SEC11
CAS_CLEAN_227,SNP_CAS_CLEAN_227_CASE_INITIATION_MILESTONE_20250327,2025-03-27,CASE_INITIATION_TO_MILESTONE,2024-12-27,GENERAL_NOTICE,551,False,,2026-09-29,90,90,90,1,,0,False,False,Pune,,,District Collectorate & Administration Pune,RFCTLARR_2013,Rural Infrastructure,False,,,,,,,NOT_PUBLISHED_IN_GAZETTE,NOT_PUBLISHED_IN_STRUCTURED_DATA,NOT_APPLICABLE_IN_REAL_DATA,NOT_APPLICABLE_PRE_AWARD,UNPARSED_SCHEDULE_TABLE,UNPARSED_SCHEDULE_TABLE,NOT_PUBLISHED_IN_STRUCTURED_DATA,,NOT_APPLICABLE_PRE_SEC11
CAS_CLEAN_240,SNP_CAS_CLEAN_240_CASE_INITIATION_MILESTONE_20250327,2025-03-27,CASE_INITIATION_TO_MILESTONE,2024-12-27,GENERAL_NOTICE,551,False,,2026-09-29,90,90,90,1,,0,False,False,Pune,,Khed,District Collectorate & Administration Pune,RFCTLARR_2013,Rural Infrastructure,False,,,,,,,NOT_PUBLISHED_IN_GAZETTE,NOT_PUBLISHED_IN_STRUCTURED_DATA,NOT_APPLICABLE_IN_REAL_DATA,NOT_APPLICABLE_PRE_AWARD,UNPARSED_SCHEDULE_TABLE,UNPARSED_SCHEDULE_TABLE,NOT_PUBLISHED_IN_STRUCTURED_DATA,,NOT_APPLICABLE_PRE_SEC11
CAS_CLEAN_096,SNP_CAS_CLEAN_096_CASE_INITIATION_MILESTONE_20250330,2025-03-30,CASE_INITIATION_TO_MILESTONE,2024-10-01,SECTION_21,548,False,,2026-09-29,180,180,180,1,,0,False,False,Nagpur,Nagpur City,Nagpur,District Collectorate & Administration Nagpur,RFCTLARR_2013,Rural Infrastructure,False,,,,,,,NOT_PUBLISHED_IN_GAZETTE,NOT_PUBLISHED_IN_STRUCTURED_DATA,NOT_APPLICABLE_IN_REAL_DATA,NOT_APPLICABLE_PRE_AWARD,UNPARSED_SCHEDULE_TABLE,UNPARSED_SCHEDULE_TABLE,NOT_PUBLISHED_IN_STRUCTURED_DATA,,NOT_APPLICABLE_PRE_SEC11
CAS_CLEAN_095,SNP_CAS_CLEAN_095_CASE_INITIATION_MILESTONE_20250401,2025-04-01,CASE_INITIATION_TO_MILESTONE,2025-01-01,SECTION_21,546,False,,2026-09-29,90,53,53,2,,0,False,False,Nagpur,kmEtf,Nagpur (City),District Collectorate & Administration Nagpur,RFCTLARR_2013,Rural Infrastructure,False,,,,,,,NOT_PUBLISHED_IN_GAZETTE,NOT_PUBLISHED_IN_STRUCTURED_DATA,NOT_APPLICABLE_IN_REAL_DATA,NOT_APPLICABLE_PRE_AWARD,UNPARSED_SCHEDULE_TABLE,UNPARSED_SCHEDULE_TABLE,NOT_PUBLISHED_IN_STRUCTURED_DATA,,NOT_APPLICABLE_PRE_SEC11
CAS_CLEAN_214,SNP_CAS_CLEAN_214_CASE_INITIATION_MILESTONE_20250401,2025-04-01,CASE_INITIATION_TO_MILESTONE,2025-01-01,GENERAL_NOTICE,546,False,,2026-09-29,90,90,90,1,,0,False,False,Pune,,,District Collectorate & Administration Pune,RFCTLARR_2013,Rural Infrastructure,False,,,,,,,NOT_PUBLISHED_IN_GAZETTE,NOT_PUBLISHED_IN_STRUCTURED_DATA,NOT_APPLICABLE_IN_REAL_DATA,NOT_APPLICABLE_PRE_AWARD,UNPARSED_SCHEDULE_TABLE,UNPARSED_SCHEDULE_TABLE,NOT_PUBLISHED_IN_STRUCTURED_DATA,,NOT_APPLICABLE_PRE_SEC11
CAS_CLEAN_223,SNP_CAS_CLEAN_223_CASE_INITIATION_MILESTONE_20250401,2025-04-01,CASE_INITIATION_TO_MILESTONE,2025-01-01,GENERAL_NOTICE,546,False,,2026-09-29,90,90,90,1,,0,False,False,Pune,,,District Collectorate & Administration Pune,RFCTLARR_2013,Rural Infrastructure,False,,,,,,,NOT_PUBLISHED_IN_GAZETTE,NOT_PUBLISHED_IN_STRUCTURED_DATA,NOT_APPLICABLE_IN_REAL_DATA,NOT_APPLICABLE_PRE_AWARD,UNPARSED_SCHEDULE_TABLE,UNPARSED_SCHEDULE_TABLE,NOT_PUBLISHED_IN_STRUCTURED_DATA,,NOT_APPLICABLE_PRE_SEC11
CAS_CLEAN_224,SNP_CAS_CLEAN_224_CASE_INITIATION_MILESTONE_20250401,2025-04-01,CASE_INITIATION_TO_MILESTONE,2025-01-01,GENERAL_NOTICE,546,False,,2026-09-29,90,90,90,1,,0,False,False,Pune,,,District Collectorate & Administration Pune,RFCTLARR_2013,Rural Infrastructure,False,,,,,,,NOT_PUBLISHED_IN_GAZETTE,NOT_PUBLISHED_IN_STRUCTURED_DATA,NOT_APPLICABLE_IN_REAL_DATA,NOT_APPLICABLE_PRE_AWARD,UNPARSED_SCHEDULE_TABLE,UNPARSED_SCHEDULE_TABLE,NOT_PUBLISHED_IN_STRUCTURED_DATA,,NOT_APPLICABLE_PRE_SEC11
CAS_CLEAN_225,SNP_CAS_CLEAN_225_CASE_INITIATION_MILESTONE_20250401,2025-04-01,CASE_INITIATION_TO_MILESTONE,2025-01-01,GENERAL_NOTICE,546,False,,2026-09-29,90,90,90,1,,0,False,False,Pune,,,District Collectorate & Administration Pune,RFCTLARR_2013,Rural Infrastructure,False,,,,,,,NOT_PUBLISHED_IN_GAZETTE,NOT_PUBLISHED_IN_STRUCTURED_DATA,NOT_APPLICABLE_IN_REAL_DATA,NOT_APPLICABLE_PRE_AWARD,UNPARSED_SCHEDULE_TABLE,UNPARSED_SCHEDULE_TABLE,NOT_PUBLISHED_IN_STRUCTURED_DATA,,NOT_APPLICABLE_PRE_SEC11
CAS_CLEAN_185,SNP_CAS_CLEAN_185_CASE_INITIATION_MILESTONE_20250403,2025-04-03,CASE_INITIATION_TO_MILESTONE,2025-01-03,GENERAL_NOTICE,544,False,,2026-09-29,90,90,90,1,,0,False,False,Pune,,,District Collectorate & Administration Pune,RFCTLARR_2013,Rural Infrastructure,False,,,,,,,NOT_PUBLISHED_IN_GAZETTE,NOT_PUBLISHED_IN_STRUCTURED_DATA,NOT_APPLICABLE_IN_REAL_DATA,NOT_APPLICABLE_PRE_AWARD,UNPARSED_SCHEDULE_TABLE,UNPARSED_SCHEDULE_TABLE,NOT_PUBLISHED_IN_STRUCTURED_DATA,,NOT_APPLICABLE_PRE_SEC11
CAS_CLEAN_201,SNP_CAS_CLEAN_201_CASE_INITIATION_MILESTONE_20250404,2025-04-04,CASE_INITIATION_TO_MILESTONE,2025-04-04,GENERAL_NOTICE,543,False,,2026-09-29,0,0,0,1,,0,False,False,Pune,,,District Collectorate & Administration Pune,RFCTLARR_2013,Rural Infrastructure,False,,,,,,,NOT_PUBLISHED_IN_GAZETTE,NOT_PUBLISHED_IN_STRUCTURED_DATA,NOT_APPLICABLE_IN_REAL_DATA,NOT_APPLICABLE_PRE_AWARD,UNPARSED_SCHEDULE_TABLE,UNPARSED_SCHEDULE_TABLE,NOT_PUBLISHED_IN_STRUCTURED_DATA,,NOT_APPLICABLE_PRE_SEC11
CAS_CLEAN_238,SNP_CAS_CLEAN_238_CASE_INITIATION_MILESTONE_20250404,2025-04-04,CASE_INITIATION_TO_MILESTONE,2025-04-04,GENERAL_NOTICE,543,False,,2026-09-29,0,0,0,1,,0,False,False,Pune,,Khed,District Collectorate & Administration Pune,RFCTLARR_2013,Rural Infrastructure,False,,,,,,,NOT_PUBLISHED_IN_GAZETTE,NOT_PUBLISHED_IN_STRUCTURED_DATA,NOT_APPLICABLE_IN_REAL_DATA,NOT_APPLICABLE_PRE_AWARD,UNPARSED_SCHEDULE_TABLE,UNPARSED_SCHEDULE_TABLE,NOT_PUBLISHED_IN_STRUCTURED_DATA,,NOT_APPLICABLE_PRE_SEC11
CAS_CLEAN_020,SNP_CAS_CLEAN_020_CASE_INITIATION_MILESTONE_20250406,2025-04-06,CASE_INITIATION_TO_MILESTONE,2024-07-10,GENERAL_NOTICE,541,False,,2026-09-29,270,270,270,1,,0,False,False,Nagpur,,,District Collectorate & Administration Nagpur,RFCTLARR_2013,Rural Infrastructure,False,,,,,,,NOT_PUBLISHED_IN_GAZETTE,NOT_PUBLISHED_IN_STRUCTURED_DATA,NOT_APPLICABLE_IN_REAL_DATA,NOT_APPLICABLE_PRE_AWARD,UNPARSED_SCHEDULE_TABLE,UNPARSED_SCHEDULE_TABLE,NOT_PUBLISHED_IN_STRUCTURED_DATA,,NOT_APPLICABLE_PRE_SEC11
CAS_CLEAN_071,SNP_CAS_CLEAN_071_CASE_INITIATION_MILESTONE_20250409,2025-04-09,CASE_INITIATION_TO_MILESTONE,2024-10-11,INITIATION,538,False,,2026-09-29,180,0,,0,,1,True,False,Nagpur,Saoner,Khariy Dhalgaon,District Collectorate & Administration Nagpur,RFCTLARR_2013,Rural Infrastructure,False,,,,,,,NOT_PUBLISHED_IN_GAZETTE,NOT_PUBLISHED_IN_STRUCTURED_DATA,NOT_APPLICABLE_IN_REAL_DATA,NOT_APPLICABLE_PRE_AWARD,UNPARSED_SCHEDULE_TABLE,UNPARSED_SCHEDULE_TABLE,NOT_PUBLISHED_IN_STRUCTURED_DATA,NO_NOTICE_EVENT,NOT_APPLICABLE_PRE_SEC11
CAS_CLEAN_009,SNP_CAS_CLEAN_009_CASE_INITIATION_MILESTONE_20250414,2025-04-14,CASE_INITIATION_TO_MILESTONE,2025-01-14,SECTION_11,533,False,,2026-09-29,90,90,90,1,0.2466,0,False,False,Nagpur,Narkhed,Belona,District Collectorate & Administration Nagpur,RFCTLARR_2013,Rural Infrastructure,False,,,,,,,NOT_PUBLISHED_IN_GAZETTE,NOT_PUBLISHED_IN_STRUCTURED_DATA,NOT_APPLICABLE_IN_REAL_DATA,NOT_APPLICABLE_PRE_AWARD,UNPARSED_SCHEDULE_TABLE,UNPARSED_SCHEDULE_TABLE,NOT_PUBLISHED_IN_STRUCTURED_DATA,,
CAS_CLEAN_064,SNP_CAS_CLEAN_064_CASE_INITIATION_MILESTONE_20250414,2025-04-14,CASE_INITIATION_TO_MILESTONE,2025-01-14,SECTION_11,533,False,,2026-09-29,90,90,90,1,0.2466,0,False,False,Nagpur,Kuhi,Hardoli,District Collectorate & Administration Nagpur,RFCTLARR_2013,Rural Infrastructure,False,,,,,,,NOT_PUBLISHED_IN_GAZETTE,NOT_PUBLISHED_IN_STRUCTURED_DATA,NOT_APPLICABLE_IN_REAL_DATA,NOT_APPLICABLE_PRE_AWARD,UNPARSED_SCHEDULE_TABLE,UNPARSED_SCHEDULE_TABLE,NOT_PUBLISHED_IN_STRUCTURED_DATA,,
CAS_CLEAN_120,SNP_CAS_CLEAN_120_CASE_INITIATION_MILESTONE_20250414,2025-04-14,CASE_INITIATION_TO_MILESTONE,2025-01-14,SECTION_11,533,False,,2026-09-29,90,90,90,1,0.2466,0,False,False,Nagpur,Kuhi,Rajola,District Collectorate & Administration Nagpur,RFCTLARR_2013,Rural Infrastructure,False,,,,,,,NOT_PUBLISHED_IN_GAZETTE,NOT_PUBLISHED_IN_STRUCTURED_DATA,NOT_APPLICABLE_IN_REAL_DATA,NOT_APPLICABLE_PRE_AWARD,UNPARSED_SCHEDULE_TABLE,UNPARSED_SCHEDULE_TABLE,NOT_PUBLISHED_IN_STRUCTURED_DATA,,
CAS_CLEAN_149,SNP_CAS_CLEAN_149_CASE_INITIATION_MILESTONE_20250415,2025-04-15,CASE_INITIATION_TO_MILESTONE,2025-01-15,DIRECT_PURCHASE,532,False,,2026-09-29,90,90,90,1,,0,False,False,Nagpur,Bhiwapur,Thutanbori,District Collectorate & Administration Nagpur,RFCTLARR_2013,Rural Infrastructure,True,,,,,,,NOT_PUBLISHED_IN_GAZETTE,NOT_PUBLISHED_IN_STRUCTURED_DATA,NOT_APPLICABLE_IN_REAL_DATA,NOT_APPLICABLE_PRE_AWARD,UNPARSED_SCHEDULE_TABLE,UNPARSED_SCHEDULE_TABLE,NOT_PUBLISHED_IN_STRUCTURED_DATA,,NOT_APPLICABLE_PRE_SEC11
CAS_CLEAN_156,SNP_CAS_CLEAN_156_CASE_INITIATION_MILESTONE_20250415,2025-04-15,CASE_INITIATION_TO_MILESTONE,2025-01-15,DIRECT_PURCHASE,532,False,,2026-09-29,90,90,90,1,,0,False,False,Nagpur,Kuhi,Veltur,District Collectorate & Administration Nagpur,RFCTLARR_2013,Rural Infrastructure,True,,,,,,,NOT_PUBLISHED_IN_GAZETTE,NOT_PUBLISHED_IN_STRUCTURED_DATA,NOT_APPLICABLE_IN_REAL_DATA,NOT_APPLICABLE_PRE_AWARD,UNPARSED_SCHEDULE_TABLE,UNPARSED_SCHEDULE_TABLE,NOT_PUBLISHED_IN_STRUCTURED_DATA,,NOT_APPLICABLE_PRE_SEC11
CAS_CLEAN_042,SNP_CAS_CLEAN_042_CASE_INITIATION_MILESTONE_20250417,2025-04-17,CASE_INITIATION_TO_MILESTONE,2025-04-17,GENERAL_NOTICE,530,False,,2026-09-29,0,0,0,1,,0,False,False,Nagpur,Nagpur City,Chikhali Khurd,District Collectorate & Administration Nagpur,RFCTLARR_2013,Rural Infrastructure,False,,,,,,,NOT_PUBLISHED_IN_GAZETTE,NOT_PUBLISHED_IN_STRUCTURED_DATA,NOT_APPLICABLE_IN_REAL_DATA,NOT_APPLICABLE_PRE_AWARD,UNPARSED_SCHEDULE_TABLE,UNPARSED_SCHEDULE_TABLE,NOT_PUBLISHED_IN_STRUCTURED_DATA,,NOT_APPLICABLE_PRE_SEC11
CAS_CLEAN_092,SNP_CAS_CLEAN_092_CASE_INITIATION_MILESTONE_20250417,2025-04-17,CASE_INITIATION_TO_MILESTONE,2025-04-17,GENERAL_NOTICE,530,False,,2026-09-29,0,0,0,1,,0,False,False,Nagpur,Nagpur City,Nagpur Khas,District Collectorate & Administration Nagpur,RFCTLARR_2013,Rural Infrastructure,False,,,,,,,NOT_PUBLISHED_IN_GAZETTE,NOT_PUBLISHED_IN_STRUCTURED_DATA,NOT_APPLICABLE_IN_REAL_DATA,NOT_APPLICABLE_PRE_AWARD,UNPARSED_SCHEDULE_TABLE,UNPARSED_SCHEDULE_TABLE,NOT_PUBLISHED_IN_STRUCTURED_DATA,,NOT_APPLICABLE_PRE_SEC11
CAS_CLEAN_197,SNP_CAS_CLEAN_197_CASE_INITIATION_MILESTONE_20250417,2025-04-17,CASE_INITIATION_TO_MILESTONE,2025-04-17,GENERAL_NOTICE,530,False,,2026-09-29,0,0,0,1,,0,False,False,Pune,,,District Collectorate & Administration Pune,RFCTLARR_2013,Rural Infrastructure,False,,,,,,,NOT_PUBLISHED_IN_GAZETTE,NOT_PUBLISHED_IN_STRUCTURED_DATA,NOT_APPLICABLE_IN_REAL_DATA,NOT_APPLICABLE_PRE_AWARD,UNPARSED_SCHEDULE_TABLE,UNPARSED_SCHEDULE_TABLE,NOT_PUBLISHED_IN_STRUCTURED_DATA,,NOT_APPLICABLE_PRE_SEC11
CAS_CLEAN_198,SNP_CAS_CLEAN_198_CASE_INITIATION_MILESTONE_20250421,2025-04-21,CASE_INITIATION_TO_MILESTONE,2025-04-21,GENERAL_NOTICE,526,False,,2026-09-29,0,0,0,1,,0,False,False,Pune,,,District Collectorate & Administration Pune,RFCTLARR_2013,Rural Infrastructure,False,,,,,,,NOT_PUBLISHED_IN_GAZETTE,NOT_PUBLISHED_IN_STRUCTURED_DATA,NOT_APPLICABLE_IN_REAL_DATA,NOT_APPLICABLE_PRE_AWARD,UNPARSED_SCHEDULE_TABLE,UNPARSED_SCHEDULE_TABLE,NOT_PUBLISHED_IN_STRUCTURED_DATA,,NOT_APPLICABLE_PRE_SEC11
CAS_CLEAN_199,SNP_CAS_CLEAN_199_CASE_INITIATION_MILESTONE_20250421,2025-04-21,CASE_INITIATION_TO_MILESTONE,2025-04-21,GENERAL_NOTICE,526,False,,2026-09-29,0,0,0,1,,0,False,False,Pune,,,District Collectorate & Administration Pune,RFCTLARR_2013,Rural Infrastructure,False,,,,,,,NOT_PUBLISHED_IN_GAZETTE,NOT_PUBLISHED_IN_STRUCTURED_DATA,NOT_APPLICABLE_IN_REAL_DATA,NOT_APPLICABLE_PRE_AWARD,UNPARSED_SCHEDULE_TABLE,UNPARSED_SCHEDULE_TABLE,NOT_PUBLISHED_IN_STRUCTURED_DATA,,NOT_APPLICABLE_PRE_SEC11
CAS_CLEAN_200,SNP_CAS_CLEAN_200_CASE_INITIATION_MILESTONE_20250421,2025-04-21,CASE_INITIATION_TO_MILESTONE,2025-04-21,GENERAL_NOTICE,526,False,,2026-09-29,0,0,0,1,,0,False,False,Pune,,,District Collectorate & Administration Pune,RFCTLARR_2013,Rural Infrastructure,False,,,,,,,NOT_PUBLISHED_IN_GAZETTE,NOT_PUBLISHED_IN_STRUCTURED_DATA,NOT_APPLICABLE_IN_REAL_DATA,NOT_APPLICABLE_PRE_AWARD,UNPARSED_SCHEDULE_TABLE,UNPARSED_SCHEDULE_TABLE,NOT_PUBLISHED_IN_STRUCTURED_DATA,,NOT_APPLICABLE_PRE_SEC11
CAS_CLEAN_264,SNP_CAS_CLEAN_264_CASE_INITIATION_MILESTONE_20250421,2025-04-21,CASE_INITIATION_TO_MILESTONE,2025-04-21,GENERAL_NOTICE,526,False,,2026-09-29,0,0,0,1,,0,False,False,Solapur,,,District Collectorate & Administration Solapur,RFCTLARR_2013,Rural Infrastructure,False,,,,,,,NOT_PUBLISHED_IN_GAZETTE,NOT_PUBLISHED_IN_STRUCTURED_DATA,NOT_APPLICABLE_IN_REAL_DATA,NOT_APPLICABLE_PRE_AWARD,UNPARSED_SCHEDULE_TABLE,UNPARSED_SCHEDULE_TABLE,NOT_PUBLISHED_IN_STRUCTURED_DATA,,NOT_APPLICABLE_PRE_SEC11
CAS_CLEAN_054,SNP_CAS_CLEAN_054_CASE_INITIATION_MILESTONE_20250422,2025-04-22,CASE_INITIATION_TO_MILESTONE,2025-01-22,SECTION_11,525,False,,2026-09-29,90,90,90,1,0.2466,0,False,False,Nagpur,,,District Collectorate & Administration Nagpur,RFCTLARR_2013,Rural Infrastructure,False,,,,,,,NOT_PUBLISHED_IN_GAZETTE,NOT_PUBLISHED_IN_STRUCTURED_DATA,NOT_APPLICABLE_IN_REAL_DATA,NOT_APPLICABLE_PRE_AWARD,UNPARSED_SCHEDULE_TABLE,UNPARSED_SCHEDULE_TABLE,NOT_PUBLISHED_IN_STRUCTURED_DATA,,
CAS_CLEAN_057,SNP_CAS_CLEAN_057_CASE_INITIATION_MILESTONE_20250423,2025-04-23,CASE_INITIATION_TO_MILESTONE,2025-01-23,DIRECT_PURCHASE,524,False,,2026-09-29,90,90,90,1,,0,False,False,Nagpur,Bhiwapur,Gondbori,District Collectorate & Administration Nagpur,RFCTLARR_2013,Rural Infrastructure,True,,,,,,,NOT_PUBLISHED_IN_GAZETTE,NOT_PUBLISHED_IN_STRUCTURED_DATA,NOT_APPLICABLE_IN_REAL_DATA,NOT_APPLICABLE_PRE_AWARD,UNPARSED_SCHEDULE_TABLE,UNPARSED_SCHEDULE_TABLE,NOT_PUBLISHED_IN_STRUCTURED_DATA,,NOT_APPLICABLE_PRE_SEC11
CAS_CLEAN_112,SNP_CAS_CLEAN_112_CASE_INITIATION_MILESTONE_20250423,2025-04-23,CASE_INITIATION_TO_MILESTONE,2025-01-23,DIRECT_PURCHASE,524,False,,2026-09-29,90,90,90,1,,0,False,False,Nagpur,Bhiwapur,Piparda (Rithi),District Collectorate & Administration Nagpur,RFCTLARR_2013,Rural Infrastructure,True,,,,,,,NOT_PUBLISHED_IN_GAZETTE,NOT_PUBLISHED_IN_STRUCTURED_DATA,NOT_APPLICABLE_IN_REAL_DATA,NOT_APPLICABLE_PRE_AWARD,UNPARSED_SCHEDULE_TABLE,UNPARSED_SCHEDULE_TABLE,NOT_PUBLISHED_IN_STRUCTURED_DATA,,NOT_APPLICABLE_PRE_SEC11
CAS_CLEAN_032,SNP_CAS_CLEAN_032_CASE_INITIATION_MILESTONE_20250425,2025-04-25,CASE_INITIATION_TO_MILESTONE,2024-07-29,GENERAL_NOTICE,522,False,,2026-09-29,270,270,270,1,,0,False,False,Nagpur,,,District Collectorate & Administration Nagpur,RFCTLARR_2013,Rural Infrastructure,False,,,,,,,NOT_PUBLISHED_IN_GAZETTE,NOT_PUBLISHED_IN_STRUCTURED_DATA,NOT_APPLICABLE_IN_REAL_DATA,NOT_APPLICABLE_PRE_AWARD,UNPARSED_SCHEDULE_TABLE,UNPARSED_SCHEDULE_TABLE,NOT_PUBLISHED_IN_STRUCTURED_DATA,,NOT_APPLICABLE_PRE_SEC11
CAS_CLEAN_222,SNP_CAS_CLEAN_222_CASE_INITIATION_MILESTONE_20250428,2025-04-28,CASE_INITIATION_TO_MILESTONE,2025-01-28,GENERAL_NOTICE,519,False,,2026-09-29,90,90,90,1,,0,False,False,Pune,,,District Collectorate & Administration Pune,RFCTLARR_2013,Rural Infrastructure,False,,,,,,,NOT_PUBLISHED_IN_GAZETTE,NOT_PUBLISHED_IN_STRUCTURED_DATA,NOT_APPLICABLE_IN_REAL_DATA,NOT_APPLICABLE_PRE_AWARD,UNPARSED_SCHEDULE_TABLE,UNPARSED_SCHEDULE_TABLE,NOT_PUBLISHED_IN_STRUCTURED_DATA,,NOT_APPLICABLE_PRE_SEC11
CAS_CLEAN_094,SNP_CAS_CLEAN_094_CASE_INITIATION_MILESTONE_20250503,2025-05-03,CASE_INITIATION_TO_MILESTONE,2024-08-06,GENERAL_NOTICE,514,False,,2026-09-29,270,270,270,1,,0,False,False,Nagpur,Nagpur City,Nagpur,District Collectorate & Administration Nagpur,RFCTLARR_2013,Rural Infrastructure,False,,,,,,,NOT_PUBLISHED_IN_GAZETTE,NOT_PUBLISHED_IN_STRUCTURED_DATA,NOT_APPLICABLE_IN_REAL_DATA,NOT_APPLICABLE_PRE_AWARD,UNPARSED_SCHEDULE_TABLE,UNPARSED_SCHEDULE_TABLE,NOT_PUBLISHED_IN_STRUCTURED_DATA,,NOT_APPLICABLE_PRE_SEC11
CAS_CLEAN_097,SNP_CAS_CLEAN_097_CASE_INITIATION_MILESTONE_20250505,2025-05-05,CASE_INITIATION_TO_MILESTONE,2025-05-05,SECTION_21,512,False,,2026-09-29,0,0,0,1,,0,False,False,Nagpur,Nagpur (Urban),Nagpur (Khas),District Collectorate & Administration Nagpur,RFCTLARR_2013,Highway / Road Widening,False,,,,,,,NOT_PUBLISHED_IN_GAZETTE,NOT_PUBLISHED_IN_STRUCTURED_DATA,NOT_APPLICABLE_IN_REAL_DATA,NOT_APPLICABLE_PRE_AWARD,UNPARSED_SCHEDULE_TABLE,UNPARSED_SCHEDULE_TABLE,NOT_PUBLISHED_IN_STRUCTURED_DATA,,NOT_APPLICABLE_PRE_SEC11
CAS_CLEAN_140,SNP_CAS_CLEAN_140_CASE_INITIATION_MILESTONE_20250505,2025-05-05,CASE_INITIATION_TO_MILESTONE,2024-08-08,SECTION_11,512,False,,2026-09-29,270,270,270,1,0.7397,0,False,False,Nagpur,Nagpur (City),Shivangaon,District Collectorate & Administration Nagpur,RFCTLARR_2013,Rural Infrastructure,False,,,,,,,NOT_PUBLISHED_IN_GAZETTE,NOT_PUBLISHED_IN_STRUCTURED_DATA,NOT_APPLICABLE_IN_REAL_DATA,NOT_APPLICABLE_PRE_AWARD,UNPARSED_SCHEDULE_TABLE,UNPARSED_SCHEDULE_TABLE,NOT_PUBLISHED_IN_STRUCTURED_DATA,,
CAS_CLEAN_061,SNP_CAS_CLEAN_061_CASE_INITIATION_MILESTONE_20250511,2025-05-11,CASE_INITIATION_TO_MILESTONE,2024-08-14,DIRECT_PURCHASE,506,False,,2026-09-29,270,270,270,1,,0,False,False,Nagpur,Kuhi,Gorha,District Collectorate & Administration Nagpur,RFCTLARR_2013,Rural Infrastructure,True,,,,,,,NOT_PUBLISHED_IN_GAZETTE,NOT_PUBLISHED_IN_STRUCTURED_DATA,NOT_APPLICABLE_IN_REAL_DATA,NOT_APPLICABLE_PRE_AWARD,UNPARSED_SCHEDULE_TABLE,UNPARSED_SCHEDULE_TABLE,NOT_PUBLISHED_IN_STRUCTURED_DATA,,NOT_APPLICABLE_PRE_SEC11
CAS_CLEAN_216,SNP_CAS_CLEAN_216_CASE_INITIATION_MILESTONE_20250514,2025-05-14,CASE_INITIATION_TO_MILESTONE,2025-02-13,GENERAL_NOTICE,503,False,,2026-09-29,90,90,90,1,,0,False,False,Pune,,,District Collectorate & Administration Pune,RFCTLARR_2013,Rural Infrastructure,False,,,,,,,NOT_PUBLISHED_IN_GAZETTE,NOT_PUBLISHED_IN_STRUCTURED_DATA,NOT_APPLICABLE_IN_REAL_DATA,NOT_APPLICABLE_PRE_AWARD,UNPARSED_SCHEDULE_TABLE,UNPARSED_SCHEDULE_TABLE,NOT_PUBLISHED_IN_STRUCTURED_DATA,,NOT_APPLICABLE_PRE_SEC11
CAS_CLEAN_218,SNP_CAS_CLEAN_218_CASE_INITIATION_MILESTONE_20250514,2025-05-14,CASE_INITIATION_TO_MILESTONE,2025-02-13,GENERAL_NOTICE,503,False,,2026-09-29,90,90,90,1,,0,False,False,Pune,,,District Collectorate & Administration Pune,RFCTLARR_2013,Rural Infrastructure,False,,,,,,,NOT_PUBLISHED_IN_GAZETTE,NOT_PUBLISHED_IN_STRUCTURED_DATA,NOT_APPLICABLE_IN_REAL_DATA,NOT_APPLICABLE_PRE_AWARD,UNPARSED_SCHEDULE_TABLE,UNPARSED_SCHEDULE_TABLE,NOT_PUBLISHED_IN_STRUCTURED_DATA,,NOT_APPLICABLE_PRE_SEC11
CAS_CLEAN_219,SNP_CAS_CLEAN_219_CASE_INITIATION_MILESTONE_20250514,2025-05-14,CASE_INITIATION_TO_MILESTONE,2025-02-13,GENERAL_NOTICE,503,False,,2026-09-29,90,90,90,1,,0,False,False,Pune,,,District Collectorate & Administration Pune,RFCTLARR_2013,Rural Infrastructure,False,,,,,,,NOT_PUBLISHED_IN_GAZETTE,NOT_PUBLISHED_IN_STRUCTURED_DATA,NOT_APPLICABLE_IN_REAL_DATA,NOT_APPLICABLE_PRE_AWARD,UNPARSED_SCHEDULE_TABLE,UNPARSED_SCHEDULE_TABLE,NOT_PUBLISHED_IN_STRUCTURED_DATA,,NOT_APPLICABLE_PRE_SEC11
CAS_CLEAN_221,SNP_CAS_CLEAN_221_CASE_INITIATION_MILESTONE_20250514,2025-05-14,CASE_INITIATION_TO_MILESTONE,2025-02-13,GENERAL_NOTICE,503,False,,2026-09-29,90,90,90,1,,0,False,False,Pune,,,District Collectorate & Administration Pune,RFCTLARR_2013,Rural Infrastructure,False,,,,,,,NOT_PUBLISHED_IN_GAZETTE,NOT_PUBLISHED_IN_STRUCTURED_DATA,NOT_APPLICABLE_IN_REAL_DATA,NOT_APPLICABLE_PRE_AWARD,UNPARSED_SCHEDULE_TABLE,UNPARSED_SCHEDULE_TABLE,NOT_PUBLISHED_IN_STRUCTURED_DATA,,NOT_APPLICABLE_PRE_SEC11
CAS_CLEAN_016,SNP_CAS_CLEAN_016_CASE_INITIATION_MILESTONE_20250515,2025-05-15,CASE_INITIATION_TO_MILESTONE,2025-02-14,DIRECT_PURCHASE,502,False,,2026-09-29,90,90,90,1,,0,False,False,Nagpur,Bhiwapur,Bhiwapur,District Collectorate & Administration Nagpur,RFCTLARR_2013,Rural Infrastructure,True,,,,,,,NOT_PUBLISHED_IN_GAZETTE,NOT_PUBLISHED_IN_STRUCTURED_DATA,NOT_APPLICABLE_IN_REAL_DATA,NOT_APPLICABLE_PRE_AWARD,UNPARSED_SCHEDULE_TABLE,UNPARSED_SCHEDULE_TABLE,NOT_PUBLISHED_IN_STRUCTURED_DATA,,NOT_APPLICABLE_PRE_SEC11
CAS_CLEAN_070,SNP_CAS_CLEAN_070_CASE_INITIATION_MILESTONE_20250515,2025-05-15,CASE_INITIATION_TO_MILESTONE,2025-02-14,INITIATION,35,True,2025-06-19,,90,0,,0,,1,True,False,Nagpur,Saoner,Khariy Dhalgaon,District Collectorate & Administration Nagpur,RFCTLARR_2013,Highway / Road Widening,False,,,,,,,NOT_PUBLISHED_IN_GAZETTE,NOT_PUBLISHED_IN_STRUCTURED_DATA,NOT_APPLICABLE_IN_REAL_DATA,NOT_APPLICABLE_PRE_AWARD,UNPARSED_SCHEDULE_TABLE,UNPARSED_SCHEDULE_TABLE,NOT_PUBLISHED_IN_STRUCTURED_DATA,NO_NOTICE_EVENT,NOT_APPLICABLE_PRE_SEC11
CAS_CLEAN_099,SNP_CAS_CLEAN_099_CASE_INITIATION_MILESTONE_20250519,2025-05-19,CASE_INITIATION_TO_MILESTONE,2024-08-22,GENERAL_NOTICE,498,False,,2026-09-29,270,270,270,1,,0,False,False,Nagpur,Nagpur,Nagpur,District Collectorate & Administration Nagpur,RFCTLARR_2013,Rural Infrastructure,False,,,,,,,NOT_PUBLISHED_IN_GAZETTE,NOT_PUBLISHED_IN_STRUCTURED_DATA,NOT_APPLICABLE_IN_REAL_DATA,NOT_APPLICABLE_PRE_AWARD,UNPARSED_SCHEDULE_TABLE,UNPARSED_SCHEDULE_TABLE,NOT_PUBLISHED_IN_STRUCTURED_DATA,,NOT_APPLICABLE_PRE_SEC11
CAS_CLEAN_128,SNP_CAS_CLEAN_128_CASE_INITIATION_MILESTONE_20250519,2025-05-19,CASE_INITIATION_TO_MILESTONE,2024-08-22,DIRECT_PURCHASE,498,False,,2026-09-29,270,270,270,1,,0,False,False,Nagpur,Kuhi,Ruyad,District Collectorate & Administration Nagpur,RFCTLARR_2013,Rural Infrastructure,True,,,,,,,NOT_PUBLISHED_IN_GAZETTE,NOT_PUBLISHED_IN_STRUCTURED_DATA,NOT_APPLICABLE_IN_REAL_DATA,NOT_APPLICABLE_PRE_AWARD,UNPARSED_SCHEDULE_TABLE,UNPARSED_SCHEDULE_TABLE,NOT_PUBLISHED_IN_STRUCTURED_DATA,,NOT_APPLICABLE_PRE_SEC11
CAS_CLEAN_234,SNP_CAS_CLEAN_234_CASE_INITIATION_MILESTONE_20250521,2025-05-21,CASE_INITIATION_TO_MILESTONE,2025-02-20,GENERAL_NOTICE,496,False,,2026-09-29,90,90,90,1,,0,False,False,Pune,Haveli,Katraj,District Collectorate & Administration Pune,RFCTLARR_2013,Highway / Road Widening,False,,,,,,,NOT_PUBLISHED_IN_GAZETTE,NOT_PUBLISHED_IN_STRUCTURED_DATA,NOT_APPLICABLE_IN_REAL_DATA,NOT_APPLICABLE_PRE_AWARD,UNPARSED_SCHEDULE_TABLE,UNPARSED_SCHEDULE_TABLE,NOT_PUBLISHED_IN_STRUCTURED_DATA,,NOT_APPLICABLE_PRE_SEC11
CAS_CLEAN_100,SNP_CAS_CLEAN_100_CASE_INITIATION_MILESTONE_20250526,2025-05-26,CASE_INITIATION_TO_MILESTONE,2025-02-25,SECTION_21,491,False,,2026-09-29,90,90,90,1,,0,False,False,Nagpur,,Nagpur (Khas),District Collectorate & Administration Nagpur,RFCTLARR_2013,Rural Infrastructure,False,,,,,,,NOT_PUBLISHED_IN_GAZETTE,NOT_PUBLISHED_IN_STRUCTURED_DATA,NOT_APPLICABLE_IN_REAL_DATA,NOT_APPLICABLE_PRE_AWARD,UNPARSED_SCHEDULE_TABLE,UNPARSED_SCHEDULE_TABLE,NOT_PUBLISHED_IN_STRUCTURED_DATA,,NOT_APPLICABLE_PRE_SEC11
CAS_CLEAN_024,SNP_CAS_CLEAN_024_CASE_INITIATION_MILESTONE_20250528,2025-05-28,CASE_INITIATION_TO_MILESTONE,2025-05-28,GENERAL_NOTICE,489,False,,2026-09-29,0,0,0,1,,0,False,False,Nagpur,Nagpur City,,District Collectorate & Administration Nagpur,RFCTLARR_2013,Rural Infrastructure,False,,,,,,,NOT_PUBLISHED_IN_GAZETTE,NOT_PUBLISHED_IN_STRUCTURED_DATA,NOT_APPLICABLE_IN_REAL_DATA,NOT_APPLICABLE_PRE_AWARD,UNPARSED_SCHEDULE_TABLE,UNPARSED_SCHEDULE_TABLE,NOT_PUBLISHED_IN_STRUCTURED_DATA,,NOT_APPLICABLE_PRE_SEC11
CAS_CLEAN_203,SNP_CAS_CLEAN_203_CASE_INITIATION_MILESTONE_20250528,2025-05-28,CASE_INITIATION_TO_MILESTONE,2025-02-27,GENERAL_NOTICE,489,False,,2026-09-29,90,90,90,1,,0,False,False,Pune,,,District Collectorate & Administration Pune,RFCTLARR_2013,Rural Infrastructure,False,,,,,,,NOT_PUBLISHED_IN_GAZETTE,NOT_PUBLISHED_IN_STRUCTURED_DATA,NOT_APPLICABLE_IN_REAL_DATA,NOT_APPLICABLE_PRE_AWARD,UNPARSED_SCHEDULE_TABLE,UNPARSED_SCHEDULE_TABLE,NOT_PUBLISHED_IN_STRUCTURED_DATA,,NOT_APPLICABLE_PRE_SEC11
CAS_CLEAN_204,SNP_CAS_CLEAN_204_CASE_INITIATION_MILESTONE_20250528,2025-05-28,CASE_INITIATION_TO_MILESTONE,2025-02-27,GENERAL_NOTICE,489,False,,2026-09-29,90,90,90,1,,0,False,False,Pune,HH fOnT,,District Collectorate & Administration Pune,RFCTLARR_2013,Rural Infrastructure,False,,,,,,,NOT_PUBLISHED_IN_GAZETTE,NOT_PUBLISHED_IN_STRUCTURED_DATA,NOT_APPLICABLE_IN_REAL_DATA,NOT_APPLICABLE_PRE_AWARD,UNPARSED_SCHEDULE_TABLE,UNPARSED_SCHEDULE_TABLE,NOT_PUBLISHED_IN_STRUCTURED_DATA,,NOT_APPLICABLE_PRE_SEC11
CAS_CLEAN_205,SNP_CAS_CLEAN_205_CASE_INITIATION_MILESTONE_20250528,2025-05-28,CASE_INITIATION_TO_MILESTONE,2025-02-27,GENERAL_NOTICE,489,False,,2026-09-29,90,90,90,1,,0,False,False,Pune,qgTITFt aNNvq,,District Collectorate & Administration Pune,RFCTLARR_2013,Rural Infrastructure,False,,,,,,,NOT_PUBLISHED_IN_GAZETTE,NOT_PUBLISHED_IN_STRUCTURED_DATA,NOT_APPLICABLE_IN_REAL_DATA,NOT_APPLICABLE_PRE_AWARD,UNPARSED_SCHEDULE_TABLE,UNPARSED_SCHEDULE_TABLE,NOT_PUBLISHED_IN_STRUCTURED_DATA,,NOT_APPLICABLE_PRE_SEC11
CAS_CLEAN_206,SNP_CAS_CLEAN_206_CASE_INITIATION_MILESTONE_20250528,2025-05-28,CASE_INITIATION_TO_MILESTONE,2025-02-27,GENERAL_NOTICE,489,False,,2026-09-29,90,90,90,1,,0,False,False,Pune,,,District Collectorate & Administration Pune,RFCTLARR_2013,Rural Infrastructure,False,,,,,,,NOT_PUBLISHED_IN_GAZETTE,NOT_PUBLISHED_IN_STRUCTURED_DATA,NOT_APPLICABLE_IN_REAL_DATA,NOT_APPLICABLE_PRE_AWARD,UNPARSED_SCHEDULE_TABLE,UNPARSED_SCHEDULE_TABLE,NOT_PUBLISHED_IN_STRUCTURED_DATA,,NOT_APPLICABLE_PRE_SEC11
CAS_CLEAN_033,SNP_CAS_CLEAN_033_CASE_INITIATION_MILESTONE_20250530,2025-05-30,CASE_INITIATION_TO_MILESTONE,2025-05-30,GENERAL_NOTICE,487,False,,2026-09-29,0,0,0,1,,0,False,False,Nagpur,,,District Collectorate & Administration Nagpur,RFCTLARR_2013,Highway / Road Widening,False,,,,,,,NOT_PUBLISHED_IN_GAZETTE,NOT_PUBLISHED_IN_STRUCTURED_DATA,NOT_APPLICABLE_IN_REAL_DATA,NOT_APPLICABLE_PRE_AWARD,UNPARSED_SCHEDULE_TABLE,UNPARSED_SCHEDULE_TABLE,NOT_PUBLISHED_IN_STRUCTURED_DATA,,NOT_APPLICABLE_PRE_SEC11
CAS_CLEAN_211,SNP_CAS_CLEAN_211_CASE_INITIATION_MILESTONE_20250530,2025-05-30,CASE_INITIATION_TO_MILESTONE,2025-03-01,GENERAL_NOTICE,487,False,,2026-09-29,90,90,90,1,,0,False,False,Pune,,,District Collectorate & Administration Pune,RFCTLARR_2013,Rural Infrastructure,False,,,,,,,NOT_PUBLISHED_IN_GAZETTE,NOT_PUBLISHED_IN_STRUCTURED_DATA,NOT_APPLICABLE_IN_REAL_DATA,NOT_APPLICABLE_PRE_AWARD,UNPARSED_SCHEDULE_TABLE,UNPARSED_SCHEDULE_TABLE,NOT_PUBLISHED_IN_STRUCTURED_DATA,,NOT_APPLICABLE_PRE_SEC11
CAS_CLEAN_148,SNP_CAS_CLEAN_148_CASE_INITIATION_MILESTONE_20250531,2025-05-31,CASE_INITIATION_TO_MILESTONE,2024-12-02,GENERAL_NOTICE,486,False,,2026-09-29,180,180,180,1,,0,False,False,Nagpur,Bhivapur,Thutanbori,District Collectorate & Administration Nagpur,RFCTLARR_2013,Rural Infrastructure,False,,,,,,,NOT_PUBLISHED_IN_GAZETTE,NOT_PUBLISHED_IN_STRUCTURED_DATA,NOT_APPLICABLE_IN_REAL_DATA,NOT_APPLICABLE_PRE_AWARD,UNPARSED_SCHEDULE_TABLE,UNPARSED_SCHEDULE_TABLE,NOT_PUBLISHED_IN_STRUCTURED_DATA,,NOT_APPLICABLE_PRE_SEC11
CAS_CLEAN_023,SNP_CAS_CLEAN_023_CASE_INITIATION_MILESTONE_20250605,2025-06-05,CASE_INITIATION_TO_MILESTONE,2025-06-05,GENERAL_NOTICE,481,False,,2026-09-29,0,0,0,1,,0,False,False,Nagpur,,,District Collectorate & Administration Nagpur,RFCTLARR_2013,Rural Infrastructure,False,,,,,,,NOT_PUBLISHED_IN_GAZETTE,NOT_PUBLISHED_IN_STRUCTURED_DATA,NOT_APPLICABLE_IN_REAL_DATA,NOT_APPLICABLE_PRE_AWARD,UNPARSED_SCHEDULE_TABLE,UNPARSED_SCHEDULE_TABLE,NOT_PUBLISHED_IN_STRUCTURED_DATA,,NOT_APPLICABLE_PRE_SEC11
CAS_CLEAN_193,SNP_CAS_CLEAN_193_CASE_INITIATION_MILESTONE_20250606,2025-06-06,CASE_INITIATION_TO_MILESTONE,2025-06-06,GENERAL_NOTICE,480,False,,2026-09-29,0,0,0,1,,0,False,False,Pune,,,District Collectorate & Administration Pune,RFCTLARR_2013,Rural Infrastructure,False,,,,,,,NOT_PUBLISHED_IN_GAZETTE,NOT_PUBLISHED_IN_STRUCTURED_DATA,NOT_APPLICABLE_IN_REAL_DATA,NOT_APPLICABLE_PRE_AWARD,UNPARSED_SCHEDULE_TABLE,UNPARSED_SCHEDULE_TABLE,NOT_PUBLISHED_IN_STRUCTURED_DATA,,NOT_APPLICABLE_PRE_SEC11
CAS_CLEAN_196,SNP_CAS_CLEAN_196_CASE_INITIATION_MILESTONE_20250606,2025-06-06,CASE_INITIATION_TO_MILESTONE,2025-06-06,GENERAL_NOTICE,480,False,,2026-09-29,0,0,0,1,,0,False,False,Pune,,,District Collectorate & Administration Pune,RFCTLARR_2013,Rural Infrastructure,False,,,,,,,NOT_PUBLISHED_IN_GAZETTE,NOT_PUBLISHED_IN_STRUCTURED_DATA,NOT_APPLICABLE_IN_REAL_DATA,NOT_APPLICABLE_PRE_AWARD,UNPARSED_SCHEDULE_TABLE,UNPARSED_SCHEDULE_TABLE,NOT_PUBLISHED_IN_STRUCTURED_DATA,,NOT_APPLICABLE_PRE_SEC11
CAS_CLEAN_005,SNP_CAS_CLEAN_005_CASE_INITIATION_MILESTONE_20250608,2025-06-08,CASE_INITIATION_TO_MILESTONE,2024-12-10,DIRECT_PURCHASE,478,False,,2026-09-29,180,144,144,2,,0,False,False,Nagpur,Kuhi,Awarmara,District Collectorate & Administration Nagpur,RFCTLARR_2013,Rural Infrastructure,True,,,,,,,NOT_PUBLISHED_IN_GAZETTE,NOT_PUBLISHED_IN_STRUCTURED_DATA,NOT_APPLICABLE_IN_REAL_DATA,NOT_APPLICABLE_PRE_AWARD,UNPARSED_SCHEDULE_TABLE,UNPARSED_SCHEDULE_TABLE,NOT_PUBLISHED_IN_STRUCTURED_DATA,,NOT_APPLICABLE_PRE_SEC11
CAS_CLEAN_079,SNP_CAS_CLEAN_079_CASE_INITIATION_MILESTONE_20250608,2025-06-08,CASE_INITIATION_TO_MILESTONE,2024-12-10,DIRECT_PURCHASE,478,False,,2026-09-29,180,144,144,2,,0,False,False,Nagpur,Kuhi,Kujba,District Collectorate & Administration Nagpur,RFCTLARR_2013,Rural Infrastructure,True,,,,,,,NOT_PUBLISHED_IN_GAZETTE,NOT_PUBLISHED_IN_STRUCTURED_DATA,NOT_APPLICABLE_IN_REAL_DATA,NOT_APPLICABLE_PRE_AWARD,UNPARSED_SCHEDULE_TABLE,UNPARSED_SCHEDULE_TABLE,NOT_PUBLISHED_IN_STRUCTURED_DATA,,NOT_APPLICABLE_PRE_SEC11
CAS_CLEAN_145,SNP_CAS_CLEAN_145_CASE_INITIATION_MILESTONE_20250608,2025-06-08,CASE_INITIATION_TO_MILESTONE,2024-12-10,DIRECT_PURCHASE,478,False,,2026-09-29,180,144,144,2,,0,False,False,Nagpur,Kuhi,Takli,District Collectorate & Administration Nagpur,RFCTLARR_2013,Rural Infrastructure,True,,,,,,,NOT_PUBLISHED_IN_GAZETTE,NOT_PUBLISHED_IN_STRUCTURED_DATA,NOT_APPLICABLE_IN_REAL_DATA,NOT_APPLICABLE_PRE_AWARD,UNPARSED_SCHEDULE_TABLE,UNPARSED_SCHEDULE_TABLE,NOT_PUBLISHED_IN_STRUCTURED_DATA,,NOT_APPLICABLE_PRE_SEC11
CAS_CLEAN_212,SNP_CAS_CLEAN_212_CASE_INITIATION_MILESTONE_20250608,2025-06-08,CASE_INITIATION_TO_MILESTONE,2025-03-10,GENERAL_NOTICE,478,False,,2026-09-29,90,90,90,1,,0,False,False,Pune,,,District Collectorate & Administration Pune,RFCTLARR_2013,Rural Infrastructure,False,,,,,,,NOT_PUBLISHED_IN_GAZETTE,NOT_PUBLISHED_IN_STRUCTURED_DATA,NOT_APPLICABLE_IN_REAL_DATA,NOT_APPLICABLE_PRE_AWARD,UNPARSED_SCHEDULE_TABLE,UNPARSED_SCHEDULE_TABLE,NOT_PUBLISHED_IN_STRUCTURED_DATA,,NOT_APPLICABLE_PRE_SEC11
CAS_CLEAN_213,SNP_CAS_CLEAN_213_CASE_INITIATION_MILESTONE_20250608,2025-06-08,CASE_INITIATION_TO_MILESTONE,2025-03-10,GENERAL_NOTICE,478,False,,2026-09-29,90,90,90,1,,0,False,False,Pune,,,District Collectorate & Administration Pune,RFCTLARR_2013,Rural Infrastructure,False,,,,,,,NOT_PUBLISHED_IN_GAZETTE,NOT_PUBLISHED_IN_STRUCTURED_DATA,NOT_APPLICABLE_IN_REAL_DATA,NOT_APPLICABLE_PRE_AWARD,UNPARSED_SCHEDULE_TABLE,UNPARSED_SCHEDULE_TABLE,NOT_PUBLISHED_IN_STRUCTURED_DATA,,NOT_APPLICABLE_PRE_SEC11
CAS_CLEAN_215,SNP_CAS_CLEAN_215_CASE_INITIATION_MILESTONE_20250609,2025-06-09,CASE_INITIATION_TO_MILESTONE,2025-03-11,GENERAL_NOTICE,477,False,,2026-09-29,90,90,90,1,,0,False,False,Pune,,,District Collectorate & Administration Pune,RFCTLARR_2013,Rural Infrastructure,False,,,,,,,NOT_PUBLISHED_IN_GAZETTE,NOT_PUBLISHED_IN_STRUCTURED_DATA,NOT_APPLICABLE_IN_REAL_DATA,NOT_APPLICABLE_PRE_AWARD,UNPARSED_SCHEDULE_TABLE,UNPARSED_SCHEDULE_TABLE,NOT_PUBLISHED_IN_STRUCTURED_DATA,,NOT_APPLICABLE_PRE_SEC11
CAS_CLEAN_091,SNP_CAS_CLEAN_091_CASE_INITIATION_MILESTONE_20250610,2025-06-10,CASE_INITIATION_TO_MILESTONE,2024-12-12,GENERAL_NOTICE,476,False,,2026-09-29,180,180,180,1,,0,False,False,Nagpur,,Nagpur City,District Collectorate & Administration Nagpur,RFCTLARR_2013,Rural Infrastructure,False,,,,,,,NOT_PUBLISHED_IN_GAZETTE,NOT_PUBLISHED_IN_STRUCTURED_DATA,NOT_APPLICABLE_IN_REAL_DATA,NOT_APPLICABLE_PRE_AWARD,UNPARSED_SCHEDULE_TABLE,UNPARSED_SCHEDULE_TABLE,NOT_PUBLISHED_IN_STRUCTURED_DATA,,NOT_APPLICABLE_PRE_SEC11
CAS_CLEAN_207,SNP_CAS_CLEAN_207_CASE_INITIATION_MILESTONE_20250611,2025-06-11,CASE_INITIATION_TO_MILESTONE,2025-03-13,GENERAL_NOTICE,475,False,,2026-09-29,90,90,90,1,,0,False,False,Pune,,,District Collectorate & Administration Pune,RFCTLARR_2013,Rural Infrastructure,False,,,,,,,NOT_PUBLISHED_IN_GAZETTE,NOT_PUBLISHED_IN_STRUCTURED_DATA,NOT_APPLICABLE_IN_REAL_DATA,NOT_APPLICABLE_PRE_AWARD,UNPARSED_SCHEDULE_TABLE,UNPARSED_SCHEDULE_TABLE,NOT_PUBLISHED_IN_STRUCTURED_DATA,,NOT_APPLICABLE_PRE_SEC11
CAS_CLEAN_208,SNP_CAS_CLEAN_208_CASE_INITIATION_MILESTONE_20250611,2025-06-11,CASE_INITIATION_TO_MILESTONE,2025-03-13,GENERAL_NOTICE,475,False,,2026-09-29,90,90,90,1,,0,False,False,Pune,,,District Collectorate & Administration Pune,RFCTLARR_2013,Rural Infrastructure,False,,,,,,,NOT_PUBLISHED_IN_GAZETTE,NOT_PUBLISHED_IN_STRUCTURED_DATA,NOT_APPLICABLE_IN_REAL_DATA,NOT_APPLICABLE_PRE_AWARD,UNPARSED_SCHEDULE_TABLE,UNPARSED_SCHEDULE_TABLE,NOT_PUBLISHED_IN_STRUCTURED_DATA,,NOT_APPLICABLE_PRE_SEC11
CAS_CLEAN_209,SNP_CAS_CLEAN_209_CASE_INITIATION_MILESTONE_20250611,2025-06-11,CASE_INITIATION_TO_MILESTONE,2025-03-13,GENERAL_NOTICE,475,False,,2026-09-29,90,90,90,1,,0,False,False,Pune,,,District Collectorate & Administration Pune,RFCTLARR_2013,Rural Infrastructure,False,,,,,,,NOT_PUBLISHED_IN_GAZETTE,NOT_PUBLISHED_IN_STRUCTURED_DATA,NOT_APPLICABLE_IN_REAL_DATA,NOT_APPLICABLE_PRE_AWARD,UNPARSED_SCHEDULE_TABLE,UNPARSED_SCHEDULE_TABLE,NOT_PUBLISHED_IN_STRUCTURED_DATA,,NOT_APPLICABLE_PRE_SEC11
CAS_CLEAN_258,SNP_CAS_CLEAN_258_CASE_INITIATION_MILESTONE_20250615,2025-06-15,CASE_INITIATION_TO_MILESTONE,2025-03-17,GENERAL_NOTICE,471,False,,2026-09-29,90,90,90,1,,0,False,False,Pune,Haveli,Vadgaon Sheri,District Collectorate & Administration Pune,LAND_ACQUISITION_ACT_1894,Highway / Road Widening,False,,,,,,,NOT_PUBLISHED_IN_GAZETTE,NOT_PUBLISHED_IN_STRUCTURED_DATA,NOT_APPLICABLE_IN_REAL_DATA,NOT_APPLICABLE_PRE_AWARD,UNPARSED_SCHEDULE_TABLE,UNPARSED_SCHEDULE_TABLE,NOT_PUBLISHED_IN_STRUCTURED_DATA,,NOT_APPLICABLE_PRE_SEC11
CAS_CLEAN_210,SNP_CAS_CLEAN_210_CASE_INITIATION_MILESTONE_20250618,2025-06-18,CASE_INITIATION_TO_MILESTONE,2025-03-20,GENERAL_NOTICE,468,False,,2026-09-29,90,90,90,1,,0,False,False,Pune,,,District Collectorate & Administration Pune,RFCTLARR_2013,Rural Infrastructure,False,,,,,,,NOT_PUBLISHED_IN_GAZETTE,NOT_PUBLISHED_IN_STRUCTURED_DATA,NOT_APPLICABLE_IN_REAL_DATA,NOT_APPLICABLE_PRE_AWARD,UNPARSED_SCHEDULE_TABLE,UNPARSED_SCHEDULE_TABLE,NOT_PUBLISHED_IN_STRUCTURED_DATA,,NOT_APPLICABLE_PRE_SEC11
CAS_CLEAN_228,SNP_CAS_CLEAN_228_CASE_INITIATION_MILESTONE_20250621,2025-06-21,CASE_INITIATION_TO_MILESTONE,2024-12-23,GENERAL_NOTICE,465,False,,2026-09-29,180,180,180,1,,0,False,False,Pune,,,District Collectorate & Administration Pune,RFCTLARR_2013,Rural Infrastructure,False,,,,,,,NOT_PUBLISHED_IN_GAZETTE,NOT_PUBLISHED_IN_STRUCTURED_DATA,NOT_APPLICABLE_IN_REAL_DATA,NOT_APPLICABLE_PRE_AWARD,UNPARSED_SCHEDULE_TABLE,UNPARSED_SCHEDULE_TABLE,NOT_PUBLISHED_IN_STRUCTURED_DATA,,NOT_APPLICABLE_PRE_SEC11
CAS_CLEAN_229,SNP_CAS_CLEAN_229_CASE_INITIATION_MILESTONE_20250621,2025-06-21,CASE_INITIATION_TO_MILESTONE,2024-12-23,GENERAL_NOTICE,465,False,,2026-09-29,180,180,180,1,,0,False,False,Pune,,,District Collectorate & Administration Pune,RFCTLARR_2013,Rural Infrastructure,False,,,,,,,NOT_PUBLISHED_IN_GAZETTE,NOT_PUBLISHED_IN_STRUCTURED_DATA,NOT_APPLICABLE_IN_REAL_DATA,NOT_APPLICABLE_PRE_AWARD,UNPARSED_SCHEDULE_TABLE,UNPARSED_SCHEDULE_TABLE,NOT_PUBLISHED_IN_STRUCTURED_DATA,,NOT_APPLICABLE_PRE_SEC11
CAS_CLEAN_230,SNP_CAS_CLEAN_230_CASE_INITIATION_MILESTONE_20250621,2025-06-21,CASE_INITIATION_TO_MILESTONE,2024-12-23,GENERAL_NOTICE,465,False,,2026-09-29,180,180,180,1,,0,False,False,Pune,,,District Collectorate & Administration Pune,RFCTLARR_2013,Rural Infrastructure,False,,,,,,,NOT_PUBLISHED_IN_GAZETTE,NOT_PUBLISHED_IN_STRUCTURED_DATA,NOT_APPLICABLE_IN_REAL_DATA,NOT_APPLICABLE_PRE_AWARD,UNPARSED_SCHEDULE_TABLE,UNPARSED_SCHEDULE_TABLE,NOT_PUBLISHED_IN_STRUCTURED_DATA,,NOT_APPLICABLE_PRE_SEC11
CAS_CLEAN_231,SNP_CAS_CLEAN_231_CASE_INITIATION_MILESTONE_20250621,2025-06-21,CASE_INITIATION_TO_MILESTONE,2024-12-23,GENERAL_NOTICE,465,False,,2026-09-29,180,180,180,1,,0,False,False,Pune,,,District Collectorate & Administration Pune,RFCTLARR_2013,Rural Infrastructure,False,,,,,,,NOT_PUBLISHED_IN_GAZETTE,NOT_PUBLISHED_IN_STRUCTURED_DATA,NOT_APPLICABLE_IN_REAL_DATA,NOT_APPLICABLE_PRE_AWARD,UNPARSED_SCHEDULE_TABLE,UNPARSED_SCHEDULE_TABLE,NOT_PUBLISHED_IN_STRUCTURED_DATA,,NOT_APPLICABLE_PRE_SEC11
CAS_CLEAN_232,SNP_CAS_CLEAN_232_CASE_INITIATION_MILESTONE_20250621,2025-06-21,CASE_INITIATION_TO_MILESTONE,2024-12-23,GENERAL_NOTICE,465,False,,2026-09-29,180,180,180,1,,0,False,False,Pune,,Hadapsar,District Collectorate & Administration Pune,RFCTLARR_2013,Rural Infrastructure,False,,,,,,,NOT_PUBLISHED_IN_GAZETTE,NOT_PUBLISHED_IN_STRUCTURED_DATA,NOT_APPLICABLE_IN_REAL_DATA,NOT_APPLICABLE_PRE_AWARD,UNPARSED_SCHEDULE_TABLE,UNPARSED_SCHEDULE_TABLE,NOT_PUBLISHED_IN_STRUCTURED_DATA,,NOT_APPLICABLE_PRE_SEC11
CAS_CLEAN_242,SNP_CAS_CLEAN_242_CASE_INITIATION_MILESTONE_20250621,2025-06-21,CASE_INITIATION_TO_MILESTONE,2024-12-23,GENERAL_NOTICE,465,False,,2026-09-29,180,180,180,1,,0,False,False,Pune,,Kothrud,District Collectorate & Administration Pune,RFCTLARR_2013,Rural Infrastructure,False,,,,,,,NOT_PUBLISHED_IN_GAZETTE,NOT_PUBLISHED_IN_STRUCTURED_DATA,NOT_APPLICABLE_IN_REAL_DATA,NOT_APPLICABLE_PRE_AWARD,UNPARSED_SCHEDULE_TABLE,UNPARSED_SCHEDULE_TABLE,NOT_PUBLISHED_IN_STRUCTURED_DATA,,NOT_APPLICABLE_PRE_SEC11
CAS_CLEAN_101,SNP_CAS_CLEAN_101_CASE_INITIATION_MILESTONE_20250623,2025-06-23,CASE_INITIATION_TO_MILESTONE,2025-06-23,SECTION_21,463,False,,2026-09-29,0,0,0,1,,0,False,False,Nagpur,,Nagpur (Khas),District Collectorate & Administration Nagpur,RFCTLARR_2013,Rural Infrastructure,False,,,,,,,NOT_PUBLISHED_IN_GAZETTE,NOT_PUBLISHED_IN_STRUCTURED_DATA,NOT_APPLICABLE_IN_REAL_DATA,NOT_APPLICABLE_PRE_AWARD,UNPARSED_SCHEDULE_TABLE,UNPARSED_SCHEDULE_TABLE,NOT_PUBLISHED_IN_STRUCTURED_DATA,,NOT_APPLICABLE_PRE_SEC11
CAS_CLEAN_001,SNP_CAS_CLEAN_001_CASE_INITIATION_MILESTONE_20250625,2025-06-25,CASE_INITIATION_TO_MILESTONE,2024-12-27,DIRECT_PURCHASE,461,False,,2026-09-29,180,180,180,1,,0,False,False,Nagpur,Kuhi,Aamti,District Collectorate & Administration Nagpur,RFCTLARR_2013,Rural Infrastructure,True,,,,,,,NOT_PUBLISHED_IN_GAZETTE,NOT_PUBLISHED_IN_STRUCTURED_DATA,NOT_APPLICABLE_IN_REAL_DATA,NOT_APPLICABLE_PRE_AWARD,UNPARSED_SCHEDULE_TABLE,UNPARSED_SCHEDULE_TABLE,NOT_PUBLISHED_IN_STRUCTURED_DATA,,NOT_APPLICABLE_PRE_SEC11
CAS_CLEAN_126,SNP_CAS_CLEAN_126_CASE_INITIATION_MILESTONE_20250625,2025-06-25,CASE_INITIATION_TO_MILESTONE,2024-06-25,DIRECT_PURCHASE,461,False,,2026-09-29,365,365,365,1,,0,False,False,Nagpur,Kuhi,Ruyad,District Collectorate & Administration Nagpur,RFCTLARR_2013,Rural Infrastructure,True,,,,,,,NOT_PUBLISHED_IN_GAZETTE,NOT_PUBLISHED_IN_STRUCTURED_DATA,NOT_APPLICABLE_IN_REAL_DATA,NOT_APPLICABLE_PRE_AWARD,UNPARSED_SCHEDULE_TABLE,UNPARSED_SCHEDULE_TABLE,NOT_PUBLISHED_IN_STRUCTURED_DATA,,NOT_APPLICABLE_PRE_SEC11
CAS_CLEAN_127,SNP_CAS_CLEAN_127_CASE_INITIATION_MILESTONE_20250625,2025-06-25,CASE_INITIATION_TO_MILESTONE,2024-06-25,DIRECT_PURCHASE,461,False,,2026-09-29,365,365,365,1,,0,False,False,Nagpur,Kuhi,Ruyad,District Collectorate & Administration Nagpur,RFCTLARR_2013,Rural Infrastructure,True,,,,,,,NOT_PUBLISHED_IN_GAZETTE,NOT_PUBLISHED_IN_STRUCTURED_DATA,NOT_APPLICABLE_IN_REAL_DATA,NOT_APPLICABLE_PRE_AWARD,UNPARSED_SCHEDULE_TABLE,UNPARSED_SCHEDULE_TABLE,NOT_PUBLISHED_IN_STRUCTURED_DATA,,NOT_APPLICABLE_PRE_SEC11
CAS_CLEAN_227,SNP_CAS_CLEAN_227_CASE_INITIATION_MILESTONE_20250625,2025-06-25,CASE_INITIATION_TO_MILESTONE,2024-12-27,GENERAL_NOTICE,461,False,,2026-09-29,180,180,180,1,,0,False,False,Pune,,,District Collectorate & Administration Pune,RFCTLARR_2013,Rural Infrastructure,False,,,,,,,NOT_PUBLISHED_IN_GAZETTE,NOT_PUBLISHED_IN_STRUCTURED_DATA,NOT_APPLICABLE_IN_REAL_DATA,NOT_APPLICABLE_PRE_AWARD,UNPARSED_SCHEDULE_TABLE,UNPARSED_SCHEDULE_TABLE,NOT_PUBLISHED_IN_STRUCTURED_DATA,,NOT_APPLICABLE_PRE_SEC11
CAS_CLEAN_240,SNP_CAS_CLEAN_240_CASE_INITIATION_MILESTONE_20250625,2025-06-25,CASE_INITIATION_TO_MILESTONE,2024-12-27,GENERAL_NOTICE,461,False,,2026-09-29,180,180,180,1,,0,False,False,Pune,,Khed,District Collectorate & Administration Pune,RFCTLARR_2013,Rural Infrastructure,False,,,,,,,NOT_PUBLISHED_IN_GAZETTE,NOT_PUBLISHED_IN_STRUCTURED_DATA,NOT_APPLICABLE_IN_REAL_DATA,NOT_APPLICABLE_PRE_AWARD,UNPARSED_SCHEDULE_TABLE,UNPARSED_SCHEDULE_TABLE,NOT_PUBLISHED_IN_STRUCTURED_DATA,,NOT_APPLICABLE_PRE_SEC11
CAS_CLEAN_042,SNP_CAS_CLEAN_042_CASE_INITIATION_MILESTONE_20250626,2025-06-26,CASE_INITIATION_TO_MILESTONE,2025-04-17,GENERAL_NOTICE,460,False,,2026-09-29,70,0,0,2,,0,False,False,Nagpur,Nagpur City,Chikhali Khurd,District Collectorate & Administration Nagpur,RFCTLARR_2013,Rural Infrastructure,False,,,,,,,NOT_PUBLISHED_IN_GAZETTE,NOT_PUBLISHED_IN_STRUCTURED_DATA,NOT_APPLICABLE_IN_REAL_DATA,NOT_APPLICABLE_PRE_AWARD,UNPARSED_SCHEDULE_TABLE,UNPARSED_SCHEDULE_TABLE,NOT_PUBLISHED_IN_STRUCTURED_DATA,,NOT_APPLICABLE_PRE_SEC11
CAS_CLEAN_093,SNP_CAS_CLEAN_093_CASE_INITIATION_MILESTONE_20250626,2025-06-26,CASE_INITIATION_TO_MILESTONE,2025-06-26,GENERAL_NOTICE,460,False,,2026-09-29,0,0,0,1,,0,False,False,Nagpur,Nagpur City,Nagpur (Khas),District Collectorate & Administration Nagpur,RFCTLARR_2013,Rural Infrastructure,False,,,,,,,NOT_PUBLISHED_IN_GAZETTE,NOT_PUBLISHED_IN_STRUCTURED_DATA,NOT_APPLICABLE_IN_REAL_DATA,NOT_APPLICABLE_PRE_AWARD,UNPARSED_SCHEDULE_TABLE,UNPARSED_SCHEDULE_TABLE,NOT_PUBLISHED_IN_STRUCTURED_DATA,,NOT_APPLICABLE_PRE_SEC11
CAS_CLEAN_194,SNP_CAS_CLEAN_194_CASE_INITIATION_MILESTONE_20250627,2025-06-27,CASE_INITIATION_TO_MILESTONE,2025-06-27,GENERAL_NOTICE,459,False,,2026-09-29,0,0,0,1,,0,False,False,Pune,,,District Collectorate & Administration Pune,RFCTLARR_2013,Rural Infrastructure,False,,,,,,,NOT_PUBLISHED_IN_GAZETTE,NOT_PUBLISHED_IN_STRUCTURED_DATA,NOT_APPLICABLE_IN_REAL_DATA,NOT_APPLICABLE_PRE_AWARD,UNPARSED_SCHEDULE_TABLE,UNPARSED_SCHEDULE_TABLE,NOT_PUBLISHED_IN_STRUCTURED_DATA,,NOT_APPLICABLE_PRE_SEC11
CAS_CLEAN_195,SNP_CAS_CLEAN_195_CASE_INITIATION_MILESTONE_20250627,2025-06-27,CASE_INITIATION_TO_MILESTONE,2025-06-27,GENERAL_NOTICE,459,False,,2026-09-29,0,0,0,1,,0,False,False,Pune,,,District Collectorate & Administration Pune,RFCTLARR_2013,Rural Infrastructure,False,,,,,,,NOT_PUBLISHED_IN_GAZETTE,NOT_PUBLISHED_IN_STRUCTURED_DATA,NOT_APPLICABLE_IN_REAL_DATA,NOT_APPLICABLE_PRE_AWARD,UNPARSED_SCHEDULE_TABLE,UNPARSED_SCHEDULE_TABLE,NOT_PUBLISHED_IN_STRUCTURED_DATA,,NOT_APPLICABLE_PRE_SEC11
CAS_CLEAN_096,SNP_CAS_CLEAN_096_CASE_INITIATION_MILESTONE_20250628,2025-06-28,CASE_INITIATION_TO_MILESTONE,2024-10-01,SECTION_21,458,False,,2026-09-29,270,270,270,1,,0,False,False,Nagpur,Nagpur City,Nagpur,District Collectorate & Administration Nagpur,RFCTLARR_2013,Rural Infrastructure,False,,,,,,,NOT_PUBLISHED_IN_GAZETTE,NOT_PUBLISHED_IN_STRUCTURED_DATA,NOT_APPLICABLE_IN_REAL_DATA,NOT_APPLICABLE_PRE_AWARD,UNPARSED_SCHEDULE_TABLE,UNPARSED_SCHEDULE_TABLE,NOT_PUBLISHED_IN_STRUCTURED_DATA,,NOT_APPLICABLE_PRE_SEC11
CAS_CLEAN_095,SNP_CAS_CLEAN_095_CASE_INITIATION_MILESTONE_20250630,2025-06-30,CASE_INITIATION_TO_MILESTONE,2025-01-01,SECTION_21,456,False,,2026-09-29,180,143,143,2,,0,False,False,Nagpur,kmEtf,Nagpur (City),District Collectorate & Administration Nagpur,RFCTLARR_2013,Rural Infrastructure,False,,,,,,,NOT_PUBLISHED_IN_GAZETTE,NOT_PUBLISHED_IN_STRUCTURED_DATA,NOT_APPLICABLE_IN_REAL_DATA,NOT_APPLICABLE_PRE_AWARD,UNPARSED_SCHEDULE_TABLE,UNPARSED_SCHEDULE_TABLE,NOT_PUBLISHED_IN_STRUCTURED_DATA,,NOT_APPLICABLE_PRE_SEC11
CAS_CLEAN_214,SNP_CAS_CLEAN_214_CASE_INITIATION_MILESTONE_20250630,2025-06-30,CASE_INITIATION_TO_MILESTONE,2025-01-01,GENERAL_NOTICE,456,False,,2026-09-29,180,180,180,1,,0,False,False,Pune,,,District Collectorate & Administration Pune,RFCTLARR_2013,Rural Infrastructure,False,,,,,,,NOT_PUBLISHED_IN_GAZETTE,NOT_PUBLISHED_IN_STRUCTURED_DATA,NOT_APPLICABLE_IN_REAL_DATA,NOT_APPLICABLE_PRE_AWARD,UNPARSED_SCHEDULE_TABLE,UNPARSED_SCHEDULE_TABLE,NOT_PUBLISHED_IN_STRUCTURED_DATA,,NOT_APPLICABLE_PRE_SEC11
CAS_CLEAN_223,SNP_CAS_CLEAN_223_CASE_INITIATION_MILESTONE_20250630,2025-06-30,CASE_INITIATION_TO_MILESTONE,2025-01-01,GENERAL_NOTICE,456,False,,2026-09-29,180,180,180,1,,0,False,False,Pune,,,District Collectorate & Administration Pune,RFCTLARR_2013,Rural Infrastructure,False,,,,,,,NOT_PUBLISHED_IN_GAZETTE,NOT_PUBLISHED_IN_STRUCTURED_DATA,NOT_APPLICABLE_IN_REAL_DATA,NOT_APPLICABLE_PRE_AWARD,UNPARSED_SCHEDULE_TABLE,UNPARSED_SCHEDULE_TABLE,NOT_PUBLISHED_IN_STRUCTURED_DATA,,NOT_APPLICABLE_PRE_SEC11
CAS_CLEAN_224,SNP_CAS_CLEAN_224_CASE_INITIATION_MILESTONE_20250630,2025-06-30,CASE_INITIATION_TO_MILESTONE,2025-01-01,GENERAL_NOTICE,456,False,,2026-09-29,180,180,180,1,,0,False,False,Pune,,,District Collectorate & Administration Pune,RFCTLARR_2013,Rural Infrastructure,False,,,,,,,NOT_PUBLISHED_IN_GAZETTE,NOT_PUBLISHED_IN_STRUCTURED_DATA,NOT_APPLICABLE_IN_REAL_DATA,NOT_APPLICABLE_PRE_AWARD,UNPARSED_SCHEDULE_TABLE,UNPARSED_SCHEDULE_TABLE,NOT_PUBLISHED_IN_STRUCTURED_DATA,,NOT_APPLICABLE_PRE_SEC11
CAS_CLEAN_225,SNP_CAS_CLEAN_225_CASE_INITIATION_MILESTONE_20250630,2025-06-30,CASE_INITIATION_TO_MILESTONE,2025-01-01,GENERAL_NOTICE,456,False,,2026-09-29,180,180,180,1,,0,False,False,Pune,,,District Collectorate & Administration Pune,RFCTLARR_2013,Rural Infrastructure,False,,,,,,,NOT_PUBLISHED_IN_GAZETTE,NOT_PUBLISHED_IN_STRUCTURED_DATA,NOT_APPLICABLE_IN_REAL_DATA,NOT_APPLICABLE_PRE_AWARD,UNPARSED_SCHEDULE_TABLE,UNPARSED_SCHEDULE_TABLE,NOT_PUBLISHED_IN_STRUCTURED_DATA,,NOT_APPLICABLE_PRE_SEC11
CAS_CLEAN_185,SNP_CAS_CLEAN_185_CASE_INITIATION_MILESTONE_20250702,2025-07-02,CASE_INITIATION_TO_MILESTONE,2025-01-03,GENERAL_NOTICE,454,False,,2026-09-29,180,180,180,1,,0,False,False,Pune,,,District Collectorate & Administration Pune,RFCTLARR_2013,Rural Infrastructure,False,,,,,,,NOT_PUBLISHED_IN_GAZETTE,NOT_PUBLISHED_IN_STRUCTURED_DATA,NOT_APPLICABLE_IN_REAL_DATA,NOT_APPLICABLE_PRE_AWARD,UNPARSED_SCHEDULE_TABLE,UNPARSED_SCHEDULE_TABLE,NOT_PUBLISHED_IN_STRUCTURED_DATA,,NOT_APPLICABLE_PRE_SEC11
CAS_CLEAN_201,SNP_CAS_CLEAN_201_CASE_INITIATION_MILESTONE_20250703,2025-07-03,CASE_INITIATION_TO_MILESTONE,2025-04-04,GENERAL_NOTICE,453,False,,2026-09-29,90,90,90,1,,0,False,False,Pune,,,District Collectorate & Administration Pune,RFCTLARR_2013,Rural Infrastructure,False,,,,,,,NOT_PUBLISHED_IN_GAZETTE,NOT_PUBLISHED_IN_STRUCTURED_DATA,NOT_APPLICABLE_IN_REAL_DATA,NOT_APPLICABLE_PRE_AWARD,UNPARSED_SCHEDULE_TABLE,UNPARSED_SCHEDULE_TABLE,NOT_PUBLISHED_IN_STRUCTURED_DATA,,NOT_APPLICABLE_PRE_SEC11
CAS_CLEAN_238,SNP_CAS_CLEAN_238_CASE_INITIATION_MILESTONE_20250703,2025-07-03,CASE_INITIATION_TO_MILESTONE,2025-04-04,GENERAL_NOTICE,453,False,,2026-09-29,90,90,90,1,,0,False,False,Pune,,Khed,District Collectorate & Administration Pune,RFCTLARR_2013,Rural Infrastructure,False,,,,,,,NOT_PUBLISHED_IN_GAZETTE,NOT_PUBLISHED_IN_STRUCTURED_DATA,NOT_APPLICABLE_IN_REAL_DATA,NOT_APPLICABLE_PRE_AWARD,UNPARSED_SCHEDULE_TABLE,UNPARSED_SCHEDULE_TABLE,NOT_PUBLISHED_IN_STRUCTURED_DATA,,NOT_APPLICABLE_PRE_SEC11
CAS_CLEAN_071,SNP_CAS_CLEAN_071_CASE_INITIATION_MILESTONE_20250708,2025-07-08,CASE_INITIATION_TO_MILESTONE,2024-10-11,INITIATION,448,False,,2026-09-29,270,0,,0,,1,True,False,Nagpur,Saoner,Khariy Dhalgaon,District Collectorate & Administration Nagpur,RFCTLARR_2013,Rural Infrastructure,False,,,,,,,NOT_PUBLISHED_IN_GAZETTE,NOT_PUBLISHED_IN_STRUCTURED_DATA,NOT_APPLICABLE_IN_REAL_DATA,NOT_APPLICABLE_PRE_AWARD,UNPARSED_SCHEDULE_TABLE,UNPARSED_SCHEDULE_TABLE,NOT_PUBLISHED_IN_STRUCTURED_DATA,NO_NOTICE_EVENT,NOT_APPLICABLE_PRE_SEC11
CAS_CLEAN_020,SNP_CAS_CLEAN_020_CASE_INITIATION_MILESTONE_20250710,2025-07-10,CASE_INITIATION_TO_MILESTONE,2024-07-10,GENERAL_NOTICE,446,False,,2026-09-29,365,365,365,1,,0,False,False,Nagpur,,,District Collectorate & Administration Nagpur,RFCTLARR_2013,Rural Infrastructure,False,,,,,,,NOT_PUBLISHED_IN_GAZETTE,NOT_PUBLISHED_IN_STRUCTURED_DATA,NOT_APPLICABLE_IN_REAL_DATA,NOT_APPLICABLE_PRE_AWARD,UNPARSED_SCHEDULE_TABLE,UNPARSED_SCHEDULE_TABLE,NOT_PUBLISHED_IN_STRUCTURED_DATA,,NOT_APPLICABLE_PRE_SEC11
CAS_CLEAN_009,SNP_CAS_CLEAN_009_CASE_INITIATION_MILESTONE_20250713,2025-07-13,CASE_INITIATION_TO_MILESTONE,2025-01-14,SECTION_11,443,False,,2026-09-29,180,180,180,1,0.4932,0,False,False,Nagpur,Narkhed,Belona,District Collectorate & Administration Nagpur,RFCTLARR_2013,Rural Infrastructure,False,,,,,,,NOT_PUBLISHED_IN_GAZETTE,NOT_PUBLISHED_IN_STRUCTURED_DATA,NOT_APPLICABLE_IN_REAL_DATA,NOT_APPLICABLE_PRE_AWARD,UNPARSED_SCHEDULE_TABLE,UNPARSED_SCHEDULE_TABLE,NOT_PUBLISHED_IN_STRUCTURED_DATA,,
CAS_CLEAN_064,SNP_CAS_CLEAN_064_CASE_INITIATION_MILESTONE_20250713,2025-07-13,CASE_INITIATION_TO_MILESTONE,2025-01-14,SECTION_11,443,False,,2026-09-29,180,180,180,1,0.4932,0,False,False,Nagpur,Kuhi,Hardoli,District Collectorate & Administration Nagpur,RFCTLARR_2013,Rural Infrastructure,False,,,,,,,NOT_PUBLISHED_IN_GAZETTE,NOT_PUBLISHED_IN_STRUCTURED_DATA,NOT_APPLICABLE_IN_REAL_DATA,NOT_APPLICABLE_PRE_AWARD,UNPARSED_SCHEDULE_TABLE,UNPARSED_SCHEDULE_TABLE,NOT_PUBLISHED_IN_STRUCTURED_DATA,,
CAS_CLEAN_120,SNP_CAS_CLEAN_120_CASE_INITIATION_MILESTONE_20250713,2025-07-13,CASE_INITIATION_TO_MILESTONE,2025-01-14,SECTION_11,443,False,,2026-09-29,180,180,180,1,0.4932,0,False,False,Nagpur,Kuhi,Rajola,District Collectorate & Administration Nagpur,RFCTLARR_2013,Rural Infrastructure,False,,,,,,,NOT_PUBLISHED_IN_GAZETTE,NOT_PUBLISHED_IN_STRUCTURED_DATA,NOT_APPLICABLE_IN_REAL_DATA,NOT_APPLICABLE_PRE_AWARD,UNPARSED_SCHEDULE_TABLE,UNPARSED_SCHEDULE_TABLE,NOT_PUBLISHED_IN_STRUCTURED_DATA,,
CAS_CLEAN_149,SNP_CAS_CLEAN_149_CASE_INITIATION_MILESTONE_20250714,2025-07-14,CASE_INITIATION_TO_MILESTONE,2025-01-15,DIRECT_PURCHASE,442,False,,2026-09-29,180,180,180,1,,0,False,False,Nagpur,Bhiwapur,Thutanbori,District Collectorate & Administration Nagpur,RFCTLARR_2013,Rural Infrastructure,True,,,,,,,NOT_PUBLISHED_IN_GAZETTE,NOT_PUBLISHED_IN_STRUCTURED_DATA,NOT_APPLICABLE_IN_REAL_DATA,NOT_APPLICABLE_PRE_AWARD,UNPARSED_SCHEDULE_TABLE,UNPARSED_SCHEDULE_TABLE,NOT_PUBLISHED_IN_STRUCTURED_DATA,,NOT_APPLICABLE_PRE_SEC11
CAS_CLEAN_156,SNP_CAS_CLEAN_156_CASE_INITIATION_MILESTONE_20250714,2025-07-14,CASE_INITIATION_TO_MILESTONE,2025-01-15,DIRECT_PURCHASE,442,False,,2026-09-29,180,180,180,1,,0,False,False,Nagpur,Kuhi,Veltur,District Collectorate & Administration Nagpur,RFCTLARR_2013,Rural Infrastructure,True,,,,,,,NOT_PUBLISHED_IN_GAZETTE,NOT_PUBLISHED_IN_STRUCTURED_DATA,NOT_APPLICABLE_IN_REAL_DATA,NOT_APPLICABLE_PRE_AWARD,UNPARSED_SCHEDULE_TABLE,UNPARSED_SCHEDULE_TABLE,NOT_PUBLISHED_IN_STRUCTURED_DATA,,NOT_APPLICABLE_PRE_SEC11
CAS_CLEAN_042,SNP_CAS_CLEAN_042_CASE_INITIATION_MILESTONE_20250716,2025-07-16,CASE_INITIATION_TO_MILESTONE,2025-04-17,GENERAL_NOTICE,440,False,,2026-09-29,90,20,20,2,,0,False,False,Nagpur,Nagpur City,Chikhali Khurd,District Collectorate & Administration Nagpur,RFCTLARR_2013,Rural Infrastructure,False,,,,,,,NOT_PUBLISHED_IN_GAZETTE,NOT_PUBLISHED_IN_STRUCTURED_DATA,NOT_APPLICABLE_IN_REAL_DATA,NOT_APPLICABLE_PRE_AWARD,UNPARSED_SCHEDULE_TABLE,UNPARSED_SCHEDULE_TABLE,NOT_PUBLISHED_IN_STRUCTURED_DATA,,NOT_APPLICABLE_PRE_SEC11
CAS_CLEAN_092,SNP_CAS_CLEAN_092_CASE_INITIATION_MILESTONE_20250716,2025-07-16,CASE_INITIATION_TO_MILESTONE,2025-04-17,GENERAL_NOTICE,440,False,,2026-09-29,90,90,90,1,,0,False,False,Nagpur,Nagpur City,Nagpur Khas,District Collectorate & Administration Nagpur,RFCTLARR_2013,Rural Infrastructure,False,,,,,,,NOT_PUBLISHED_IN_GAZETTE,NOT_PUBLISHED_IN_STRUCTURED_DATA,NOT_APPLICABLE_IN_REAL_DATA,NOT_APPLICABLE_PRE_AWARD,UNPARSED_SCHEDULE_TABLE,UNPARSED_SCHEDULE_TABLE,NOT_PUBLISHED_IN_STRUCTURED_DATA,,NOT_APPLICABLE_PRE_SEC11
CAS_CLEAN_197,SNP_CAS_CLEAN_197_CASE_INITIATION_MILESTONE_20250716,2025-07-16,CASE_INITIATION_TO_MILESTONE,2025-04-17,GENERAL_NOTICE,440,False,,2026-09-29,90,90,90,1,,0,False,False,Pune,,,District Collectorate & Administration Pune,RFCTLARR_2013,Rural Infrastructure,False,,,,,,,NOT_PUBLISHED_IN_GAZETTE,NOT_PUBLISHED_IN_STRUCTURED_DATA,NOT_APPLICABLE_IN_REAL_DATA,NOT_APPLICABLE_PRE_AWARD,UNPARSED_SCHEDULE_TABLE,UNPARSED_SCHEDULE_TABLE,NOT_PUBLISHED_IN_STRUCTURED_DATA,,NOT_APPLICABLE_PRE_SEC11
CAS_CLEAN_191,SNP_CAS_CLEAN_191_CASE_INITIATION_MILESTONE_20250717,2025-07-17,CASE_INITIATION_TO_MILESTONE,2025-07-17,GENERAL_NOTICE,439,False,,2026-09-29,0,0,0,1,,0,False,False,Pune,,,District Collectorate & Administration Pune,RFCTLARR_2013,Rural Infrastructure,False,,,,,,,NOT_PUBLISHED_IN_GAZETTE,NOT_PUBLISHED_IN_STRUCTURED_DATA,NOT_APPLICABLE_IN_REAL_DATA,NOT_APPLICABLE_PRE_AWARD,UNPARSED_SCHEDULE_TABLE,UNPARSED_SCHEDULE_TABLE,NOT_PUBLISHED_IN_STRUCTURED_DATA,,NOT_APPLICABLE_PRE_SEC11
CAS_CLEAN_198,SNP_CAS_CLEAN_198_CASE_INITIATION_MILESTONE_20250720,2025-07-20,CASE_INITIATION_TO_MILESTONE,2025-04-21,GENERAL_NOTICE,436,False,,2026-09-29,90,90,90,1,,0,False,False,Pune,,,District Collectorate & Administration Pune,RFCTLARR_2013,Rural Infrastructure,False,,,,,,,NOT_PUBLISHED_IN_GAZETTE,NOT_PUBLISHED_IN_STRUCTURED_DATA,NOT_APPLICABLE_IN_REAL_DATA,NOT_APPLICABLE_PRE_AWARD,UNPARSED_SCHEDULE_TABLE,UNPARSED_SCHEDULE_TABLE,NOT_PUBLISHED_IN_STRUCTURED_DATA,,NOT_APPLICABLE_PRE_SEC11
CAS_CLEAN_199,SNP_CAS_CLEAN_199_CASE_INITIATION_MILESTONE_20250720,2025-07-20,CASE_INITIATION_TO_MILESTONE,2025-04-21,GENERAL_NOTICE,436,False,,2026-09-29,90,90,90,1,,0,False,False,Pune,,,District Collectorate & Administration Pune,RFCTLARR_2013,Rural Infrastructure,False,,,,,,,NOT_PUBLISHED_IN_GAZETTE,NOT_PUBLISHED_IN_STRUCTURED_DATA,NOT_APPLICABLE_IN_REAL_DATA,NOT_APPLICABLE_PRE_AWARD,UNPARSED_SCHEDULE_TABLE,UNPARSED_SCHEDULE_TABLE,NOT_PUBLISHED_IN_STRUCTURED_DATA,,NOT_APPLICABLE_PRE_SEC11
CAS_CLEAN_200,SNP_CAS_CLEAN_200_CASE_INITIATION_MILESTONE_20250720,2025-07-20,CASE_INITIATION_TO_MILESTONE,2025-04-21,GENERAL_NOTICE,436,False,,2026-09-29,90,90,90,1,,0,False,False,Pune,,,District Collectorate & Administration Pune,RFCTLARR_2013,Rural Infrastructure,False,,,,,,,NOT_PUBLISHED_IN_GAZETTE,NOT_PUBLISHED_IN_STRUCTURED_DATA,NOT_APPLICABLE_IN_REAL_DATA,NOT_APPLICABLE_PRE_AWARD,UNPARSED_SCHEDULE_TABLE,UNPARSED_SCHEDULE_TABLE,NOT_PUBLISHED_IN_STRUCTURED_DATA,,NOT_APPLICABLE_PRE_SEC11
CAS_CLEAN_264,SNP_CAS_CLEAN_264_CASE_INITIATION_MILESTONE_20250720,2025-07-20,CASE_INITIATION_TO_MILESTONE,2025-04-21,GENERAL_NOTICE,436,False,,2026-09-29,90,90,90,1,,0,False,False,Solapur,,,District Collectorate & Administration Solapur,RFCTLARR_2013,Rural Infrastructure,False,,,,,,,NOT_PUBLISHED_IN_GAZETTE,NOT_PUBLISHED_IN_STRUCTURED_DATA,NOT_APPLICABLE_IN_REAL_DATA,NOT_APPLICABLE_PRE_AWARD,UNPARSED_SCHEDULE_TABLE,UNPARSED_SCHEDULE_TABLE,NOT_PUBLISHED_IN_STRUCTURED_DATA,,NOT_APPLICABLE_PRE_SEC11
CAS_CLEAN_054,SNP_CAS_CLEAN_054_CASE_INITIATION_MILESTONE_20250721,2025-07-21,CASE_INITIATION_TO_MILESTONE,2025-01-22,SECTION_11,435,False,,2026-09-29,180,180,180,1,0.4932,0,False,False,Nagpur,,,District Collectorate & Administration Nagpur,RFCTLARR_2013,Rural Infrastructure,False,,,,,,,NOT_PUBLISHED_IN_GAZETTE,NOT_PUBLISHED_IN_STRUCTURED_DATA,NOT_APPLICABLE_IN_REAL_DATA,NOT_APPLICABLE_PRE_AWARD,UNPARSED_SCHEDULE_TABLE,UNPARSED_SCHEDULE_TABLE,NOT_PUBLISHED_IN_STRUCTURED_DATA,,
CAS_CLEAN_237,SNP_CAS_CLEAN_237_CASE_INITIATION_MILESTONE_20250721,2025-07-21,CASE_INITIATION_TO_MILESTONE,2025-07-21,GENERAL_NOTICE,435,False,,2026-09-29,0,0,0,1,,0,False,False,Pune,,Khed,District Collectorate & Administration Pune,RFCTLARR_2013,Rural Infrastructure,False,,,,,,,NOT_PUBLISHED_IN_GAZETTE,NOT_PUBLISHED_IN_STRUCTURED_DATA,NOT_APPLICABLE_IN_REAL_DATA,NOT_APPLICABLE_PRE_AWARD,UNPARSED_SCHEDULE_TABLE,UNPARSED_SCHEDULE_TABLE,NOT_PUBLISHED_IN_STRUCTURED_DATA,,NOT_APPLICABLE_PRE_SEC11
CAS_CLEAN_251,SNP_CAS_CLEAN_251_CASE_INITIATION_MILESTONE_20250721,2025-07-21,CASE_INITIATION_TO_MILESTONE,2025-07-21,GENERAL_NOTICE,435,False,,2026-09-29,0,0,0,1,,0,False,False,Pune,,Nighoje,District Collectorate & Administration Pune,RFCTLARR_2013,Rural Infrastructure,False,,,,,,,NOT_PUBLISHED_IN_GAZETTE,NOT_PUBLISHED_IN_STRUCTURED_DATA,NOT_APPLICABLE_IN_REAL_DATA,NOT_APPLICABLE_PRE_AWARD,UNPARSED_SCHEDULE_TABLE,UNPARSED_SCHEDULE_TABLE,NOT_PUBLISHED_IN_STRUCTURED_DATA,,NOT_APPLICABLE_PRE_SEC11
CAS_CLEAN_057,SNP_CAS_CLEAN_057_CASE_INITIATION_MILESTONE_20250722,2025-07-22,CASE_INITIATION_TO_MILESTONE,2025-01-23,DIRECT_PURCHASE,434,False,,2026-09-29,180,180,180,1,,0,False,False,Nagpur,Bhiwapur,Gondbori,District Collectorate & Administration Nagpur,RFCTLARR_2013,Rural Infrastructure,True,,,,,,,NOT_PUBLISHED_IN_GAZETTE,NOT_PUBLISHED_IN_STRUCTURED_DATA,NOT_APPLICABLE_IN_REAL_DATA,NOT_APPLICABLE_PRE_AWARD,UNPARSED_SCHEDULE_TABLE,UNPARSED_SCHEDULE_TABLE,NOT_PUBLISHED_IN_STRUCTURED_DATA,,NOT_APPLICABLE_PRE_SEC11
CAS_CLEAN_112,SNP_CAS_CLEAN_112_CASE_INITIATION_MILESTONE_20250722,2025-07-22,CASE_INITIATION_TO_MILESTONE,2025-01-23,DIRECT_PURCHASE,434,False,,2026-09-29,180,180,180,1,,0,False,False,Nagpur,Bhiwapur,Piparda (Rithi),District Collectorate & Administration Nagpur,RFCTLARR_2013,Rural Infrastructure,True,,,,,,,NOT_PUBLISHED_IN_GAZETTE,NOT_PUBLISHED_IN_STRUCTURED_DATA,NOT_APPLICABLE_IN_REAL_DATA,NOT_APPLICABLE_PRE_AWARD,UNPARSED_SCHEDULE_TABLE,UNPARSED_SCHEDULE_TABLE,NOT_PUBLISHED_IN_STRUCTURED_DATA,,NOT_APPLICABLE_PRE_SEC11
CAS_CLEAN_222,SNP_CAS_CLEAN_222_CASE_INITIATION_MILESTONE_20250727,2025-07-27,CASE_INITIATION_TO_MILESTONE,2025-01-28,GENERAL_NOTICE,429,False,,2026-09-29,180,180,180,1,,0,False,False,Pune,,,District Collectorate & Administration Pune,RFCTLARR_2013,Rural Infrastructure,False,,,,,,,NOT_PUBLISHED_IN_GAZETTE,NOT_PUBLISHED_IN_STRUCTURED_DATA,NOT_APPLICABLE_IN_REAL_DATA,NOT_APPLICABLE_PRE_AWARD,UNPARSED_SCHEDULE_TABLE,UNPARSED_SCHEDULE_TABLE,NOT_PUBLISHED_IN_STRUCTURED_DATA,,NOT_APPLICABLE_PRE_SEC11
CAS_CLEAN_032,SNP_CAS_CLEAN_032_CASE_INITIATION_MILESTONE_20250729,2025-07-29,CASE_INITIATION_TO_MILESTONE,2024-07-29,GENERAL_NOTICE,427,False,,2026-09-29,365,365,365,1,,0,False,False,Nagpur,,,District Collectorate & Administration Nagpur,RFCTLARR_2013,Rural Infrastructure,False,,,,,,,NOT_PUBLISHED_IN_GAZETTE,NOT_PUBLISHED_IN_STRUCTURED_DATA,NOT_APPLICABLE_IN_REAL_DATA,NOT_APPLICABLE_PRE_AWARD,UNPARSED_SCHEDULE_TABLE,UNPARSED_SCHEDULE_TABLE,NOT_PUBLISHED_IN_STRUCTURED_DATA,,NOT_APPLICABLE_PRE_SEC11
CAS_CLEAN_025,SNP_CAS_CLEAN_025_CASE_INITIATION_MILESTONE_20250801,2025-08-01,CASE_INITIATION_TO_MILESTONE,2025-08-01,SECTION_11,424,False,,2026-09-29,0,0,0,1,0.0,0,False,False,Nagpur,,,District Collectorate & Administration Nagpur,RFCTLARR_2013,Rural Infrastructure,False,,,,,,,NOT_PUBLISHED_IN_GAZETTE,NOT_PUBLISHED_IN_STRUCTURED_DATA,NOT_APPLICABLE_IN_REAL_DATA,NOT_APPLICABLE_PRE_AWARD,UNPARSED_SCHEDULE_TABLE,UNPARSED_SCHEDULE_TABLE,NOT_PUBLISHED_IN_STRUCTURED_DATA,,
CAS_CLEAN_026,SNP_CAS_CLEAN_026_CASE_INITIATION_MILESTONE_20250801,2025-08-01,CASE_INITIATION_TO_MILESTONE,2025-08-01,SECTION_11,424,False,,2026-09-29,0,0,0,1,0.0,0,False,False,Nagpur,t TiqHT,,District Collectorate & Administration Nagpur,RFCTLARR_2013,Rural Infrastructure,False,,,,,,,NOT_PUBLISHED_IN_GAZETTE,NOT_PUBLISHED_IN_STRUCTURED_DATA,NOT_APPLICABLE_IN_REAL_DATA,NOT_APPLICABLE_PRE_AWARD,UNPARSED_SCHEDULE_TABLE,UNPARSED_SCHEDULE_TABLE,NOT_PUBLISHED_IN_STRUCTURED_DATA,,
CAS_CLEAN_065,SNP_CAS_CLEAN_065_CASE_INITIATION_MILESTONE_20250801,2025-08-01,CASE_INITIATION_TO_MILESTONE,2025-08-01,SECTION_11,424,False,,2026-09-29,0,0,0,1,0.0,0,False,False,Nagpur,,Hardoli,District Collectorate & Administration Nagpur,RFCTLARR_2013,Rural Infrastructure,False,,,,,,,NOT_PUBLISHED_IN_GAZETTE,NOT_PUBLISHED_IN_STRUCTURED_DATA,NOT_APPLICABLE_IN_REAL_DATA,NOT_APPLICABLE_PRE_AWARD,UNPARSED_SCHEDULE_TABLE,UNPARSED_SCHEDULE_TABLE,NOT_PUBLISHED_IN_STRUCTURED_DATA,,
CAS_CLEAN_078,SNP_CAS_CLEAN_078_CASE_INITIATION_MILESTONE_20250801,2025-08-01,CASE_INITIATION_TO_MILESTONE,2025-08-01,SECTION_11,424,False,,2026-09-29,0,0,0,1,0.0,0,False,False,Nagpur,,Kotgaon,District Collectorate & Administration Nagpur,RFCTLARR_2013,Rural Infrastructure,False,,,,,,,NOT_PUBLISHED_IN_GAZETTE,NOT_PUBLISHED_IN_STRUCTURED_DATA,NOT_APPLICABLE_IN_REAL_DATA,NOT_APPLICABLE_PRE_AWARD,UNPARSED_SCHEDULE_TABLE,UNPARSED_SCHEDULE_TABLE,NOT_PUBLISHED_IN_STRUCTURED_DATA,,
CAS_CLEAN_103,SNP_CAS_CLEAN_103_CASE_INITIATION_MILESTONE_20250801,2025-08-01,CASE_INITIATION_TO_MILESTONE,2025-08-01,SECTION_11,424,False,,2026-09-29,0,0,0,1,0.0,0,False,False,Nagpur,,Navegao,District Collectorate & Administration Nagpur,RFCTLARR_2013,Rural Infrastructure,False,,,,,,,NOT_PUBLISHED_IN_GAZETTE,NOT_PUBLISHED_IN_STRUCTURED_DATA,NOT_APPLICABLE_IN_REAL_DATA,NOT_APPLICABLE_PRE_AWARD,UNPARSED_SCHEDULE_TABLE,UNPARSED_SCHEDULE_TABLE,NOT_PUBLISHED_IN_STRUCTURED_DATA,,
CAS_CLEAN_121,SNP_CAS_CLEAN_121_CASE_INITIATION_MILESTONE_20250801,2025-08-01,CASE_INITIATION_TO_MILESTONE,2025-08-01,SECTION_11,424,False,,2026-09-29,0,0,0,1,0.0,0,False,False,Nagpur,Tlq,Rajola,District Collectorate & Administration Nagpur,RFCTLARR_2013,Rural Infrastructure,False,,,,,,,NOT_PUBLISHED_IN_GAZETTE,NOT_PUBLISHED_IN_STRUCTURED_DATA,NOT_APPLICABLE_IN_REAL_DATA,NOT_APPLICABLE_PRE_AWARD,UNPARSED_SCHEDULE_TABLE,UNPARSED_SCHEDULE_TABLE,NOT_PUBLISHED_IN_STRUCTURED_DATA,,
CAS_CLEAN_097,SNP_CAS_CLEAN_097_CASE_INITIATION_MILESTONE_20250803,2025-08-03,CASE_INITIATION_TO_MILESTONE,2025-05-05,SECTION_21,422,False,,2026-09-29,90,90,90,1,,0,False,False,Nagpur,Nagpur (Urban),Nagpur (Khas),District Collectorate & Administration Nagpur,RFCTLARR_2013,Highway / Road Widening,False,,,,,,,NOT_PUBLISHED_IN_GAZETTE,NOT_PUBLISHED_IN_STRUCTURED_DATA,NOT_APPLICABLE_IN_REAL_DATA,NOT_APPLICABLE_PRE_AWARD,UNPARSED_SCHEDULE_TABLE,UNPARSED_SCHEDULE_TABLE,NOT_PUBLISHED_IN_STRUCTURED_DATA,,NOT_APPLICABLE_PRE_SEC11
CAS_CLEAN_190,SNP_CAS_CLEAN_190_CASE_INITIATION_MILESTONE_20250804,2025-08-04,CASE_INITIATION_TO_MILESTONE,2025-08-04,GENERAL_NOTICE,421,False,,2026-09-29,0,0,0,1,,0,False,False,Pune,,,District Collectorate & Administration Pune,RFCTLARR_2013,Rural Infrastructure,False,,,,,,,NOT_PUBLISHED_IN_GAZETTE,NOT_PUBLISHED_IN_STRUCTURED_DATA,NOT_APPLICABLE_IN_REAL_DATA,NOT_APPLICABLE_PRE_AWARD,UNPARSED_SCHEDULE_TABLE,UNPARSED_SCHEDULE_TABLE,NOT_PUBLISHED_IN_STRUCTURED_DATA,,NOT_APPLICABLE_PRE_SEC11
CAS_CLEAN_094,SNP_CAS_CLEAN_094_CASE_INITIATION_MILESTONE_20250806,2025-08-06,CASE_INITIATION_TO_MILESTONE,2024-08-06,GENERAL_NOTICE,419,False,,2026-09-29,365,365,365,1,,0,False,False,Nagpur,Nagpur City,Nagpur,District Collectorate & Administration Nagpur,RFCTLARR_2013,Rural Infrastructure,False,,,,,,,NOT_PUBLISHED_IN_GAZETTE,NOT_PUBLISHED_IN_STRUCTURED_DATA,NOT_APPLICABLE_IN_REAL_DATA,NOT_APPLICABLE_PRE_AWARD,UNPARSED_SCHEDULE_TABLE,UNPARSED_SCHEDULE_TABLE,NOT_PUBLISHED_IN_STRUCTURED_DATA,,NOT_APPLICABLE_PRE_SEC11
CAS_CLEAN_140,SNP_CAS_CLEAN_140_CASE_INITIATION_MILESTONE_20250808,2025-08-08,CASE_INITIATION_TO_MILESTONE,2024-08-08,SECTION_11,417,False,,2026-09-29,365,365,365,1,1.0,0,False,False,Nagpur,Nagpur (City),Shivangaon,District Collectorate & Administration Nagpur,RFCTLARR_2013,Rural Infrastructure,False,,,,,,,NOT_PUBLISHED_IN_GAZETTE,NOT_PUBLISHED_IN_STRUCTURED_DATA,NOT_APPLICABLE_IN_REAL_DATA,NOT_APPLICABLE_PRE_AWARD,UNPARSED_SCHEDULE_TABLE,UNPARSED_SCHEDULE_TABLE,NOT_PUBLISHED_IN_STRUCTURED_DATA,,
CAS_CLEAN_216,SNP_CAS_CLEAN_216_CASE_INITIATION_MILESTONE_20250812,2025-08-12,CASE_INITIATION_TO_MILESTONE,2025-02-13,GENERAL_NOTICE,413,False,,2026-09-29,180,180,180,1,,0,False,False,Pune,,,District Collectorate & Administration Pune,RFCTLARR_2013,Rural Infrastructure,False,,,,,,,NOT_PUBLISHED_IN_GAZETTE,NOT_PUBLISHED_IN_STRUCTURED_DATA,NOT_APPLICABLE_IN_REAL_DATA,NOT_APPLICABLE_PRE_AWARD,UNPARSED_SCHEDULE_TABLE,UNPARSED_SCHEDULE_TABLE,NOT_PUBLISHED_IN_STRUCTURED_DATA,,NOT_APPLICABLE_PRE_SEC11
CAS_CLEAN_218,SNP_CAS_CLEAN_218_CASE_INITIATION_MILESTONE_20250812,2025-08-12,CASE_INITIATION_TO_MILESTONE,2025-02-13,GENERAL_NOTICE,413,False,,2026-09-29,180,180,180,1,,0,False,False,Pune,,,District Collectorate & Administration Pune,RFCTLARR_2013,Rural Infrastructure,False,,,,,,,NOT_PUBLISHED_IN_GAZETTE,NOT_PUBLISHED_IN_STRUCTURED_DATA,NOT_APPLICABLE_IN_REAL_DATA,NOT_APPLICABLE_PRE_AWARD,UNPARSED_SCHEDULE_TABLE,UNPARSED_SCHEDULE_TABLE,NOT_PUBLISHED_IN_STRUCTURED_DATA,,NOT_APPLICABLE_PRE_SEC11
CAS_CLEAN_219,SNP_CAS_CLEAN_219_CASE_INITIATION_MILESTONE_20250812,2025-08-12,CASE_INITIATION_TO_MILESTONE,2025-02-13,GENERAL_NOTICE,413,False,,2026-09-29,180,180,180,1,,0,False,False,Pune,,,District Collectorate & Administration Pune,RFCTLARR_2013,Rural Infrastructure,False,,,,,,,NOT_PUBLISHED_IN_GAZETTE,NOT_PUBLISHED_IN_STRUCTURED_DATA,NOT_APPLICABLE_IN_REAL_DATA,NOT_APPLICABLE_PRE_AWARD,UNPARSED_SCHEDULE_TABLE,UNPARSED_SCHEDULE_TABLE,NOT_PUBLISHED_IN_STRUCTURED_DATA,,NOT_APPLICABLE_PRE_SEC11
CAS_CLEAN_221,SNP_CAS_CLEAN_221_CASE_INITIATION_MILESTONE_20250812,2025-08-12,CASE_INITIATION_TO_MILESTONE,2025-02-13,GENERAL_NOTICE,413,False,,2026-09-29,180,180,180,1,,0,False,False,Pune,,,District Collectorate & Administration Pune,RFCTLARR_2013,Rural Infrastructure,False,,,,,,,NOT_PUBLISHED_IN_GAZETTE,NOT_PUBLISHED_IN_STRUCTURED_DATA,NOT_APPLICABLE_IN_REAL_DATA,NOT_APPLICABLE_PRE_AWARD,UNPARSED_SCHEDULE_TABLE,UNPARSED_SCHEDULE_TABLE,NOT_PUBLISHED_IN_STRUCTURED_DATA,,NOT_APPLICABLE_PRE_SEC11
CAS_CLEAN_016,SNP_CAS_CLEAN_016_CASE_INITIATION_MILESTONE_20250813,2025-08-13,CASE_INITIATION_TO_MILESTONE,2025-02-14,DIRECT_PURCHASE,412,False,,2026-09-29,180,180,180,1,,0,False,False,Nagpur,Bhiwapur,Bhiwapur,District Collectorate & Administration Nagpur,RFCTLARR_2013,Rural Infrastructure,True,,,,,,,NOT_PUBLISHED_IN_GAZETTE,NOT_PUBLISHED_IN_STRUCTURED_DATA,NOT_APPLICABLE_IN_REAL_DATA,NOT_APPLICABLE_PRE_AWARD,UNPARSED_SCHEDULE_TABLE,UNPARSED_SCHEDULE_TABLE,NOT_PUBLISHED_IN_STRUCTURED_DATA,,NOT_APPLICABLE_PRE_SEC11
CAS_CLEAN_061,SNP_CAS_CLEAN_061_CASE_INITIATION_MILESTONE_20250814,2025-08-14,CASE_INITIATION_TO_MILESTONE,2024-08-14,DIRECT_PURCHASE,411,False,,2026-09-29,365,365,365,1,,0,False,False,Nagpur,Kuhi,Gorha,District Collectorate & Administration Nagpur,RFCTLARR_2013,Rural Infrastructure,True,,,,,,,NOT_PUBLISHED_IN_GAZETTE,NOT_PUBLISHED_IN_STRUCTURED_DATA,NOT_APPLICABLE_IN_REAL_DATA,NOT_APPLICABLE_PRE_AWARD,UNPARSED_SCHEDULE_TABLE,UNPARSED_SCHEDULE_TABLE,NOT_PUBLISHED_IN_STRUCTURED_DATA,,NOT_APPLICABLE_PRE_SEC11
CAS_CLEAN_234,SNP_CAS_CLEAN_234_CASE_INITIATION_MILESTONE_20250819,2025-08-19,CASE_INITIATION_TO_MILESTONE,2025-02-20,GENERAL_NOTICE,406,False,,2026-09-29,180,180,180,1,,0,False,False,Pune,Haveli,Katraj,District Collectorate & Administration Pune,RFCTLARR_2013,Highway / Road Widening,False,,,,,,,NOT_PUBLISHED_IN_GAZETTE,NOT_PUBLISHED_IN_STRUCTURED_DATA,NOT_APPLICABLE_IN_REAL_DATA,NOT_APPLICABLE_PRE_AWARD,UNPARSED_SCHEDULE_TABLE,UNPARSED_SCHEDULE_TABLE,NOT_PUBLISHED_IN_STRUCTURED_DATA,,NOT_APPLICABLE_PRE_SEC11
CAS_CLEAN_099,SNP_CAS_CLEAN_099_CASE_INITIATION_MILESTONE_20250822,2025-08-22,CASE_INITIATION_TO_MILESTONE,2024-08-22,GENERAL_NOTICE,403,False,,2026-09-29,365,365,365,1,,0,False,False,Nagpur,Nagpur,Nagpur,District Collectorate & Administration Nagpur,RFCTLARR_2013,Rural Infrastructure,False,,,,,,,NOT_PUBLISHED_IN_GAZETTE,NOT_PUBLISHED_IN_STRUCTURED_DATA,NOT_APPLICABLE_IN_REAL_DATA,NOT_APPLICABLE_PRE_AWARD,UNPARSED_SCHEDULE_TABLE,UNPARSED_SCHEDULE_TABLE,NOT_PUBLISHED_IN_STRUCTURED_DATA,,NOT_APPLICABLE_PRE_SEC11
CAS_CLEAN_128,SNP_CAS_CLEAN_128_CASE_INITIATION_MILESTONE_20250822,2025-08-22,CASE_INITIATION_TO_MILESTONE,2024-08-22,DIRECT_PURCHASE,403,False,,2026-09-29,365,365,365,1,,0,False,False,Nagpur,Kuhi,Ruyad,District Collectorate & Administration Nagpur,RFCTLARR_2013,Rural Infrastructure,True,,,,,,,NOT_PUBLISHED_IN_GAZETTE,NOT_PUBLISHED_IN_STRUCTURED_DATA,NOT_APPLICABLE_IN_REAL_DATA,NOT_APPLICABLE_PRE_AWARD,UNPARSED_SCHEDULE_TABLE,UNPARSED_SCHEDULE_TABLE,NOT_PUBLISHED_IN_STRUCTURED_DATA,,NOT_APPLICABLE_PRE_SEC11
CAS_CLEAN_100,SNP_CAS_CLEAN_100_CASE_INITIATION_MILESTONE_20250824,2025-08-24,CASE_INITIATION_TO_MILESTONE,2025-02-25,SECTION_21,401,False,,2026-09-29,180,180,180,1,,0,False,False,Nagpur,,Nagpur (Khas),District Collectorate & Administration Nagpur,RFCTLARR_2013,Rural Infrastructure,False,,,,,,,NOT_PUBLISHED_IN_GAZETTE,NOT_PUBLISHED_IN_STRUCTURED_DATA,NOT_APPLICABLE_IN_REAL_DATA,NOT_APPLICABLE_PRE_AWARD,UNPARSED_SCHEDULE_TABLE,UNPARSED_SCHEDULE_TABLE,NOT_PUBLISHED_IN_STRUCTURED_DATA,,NOT_APPLICABLE_PRE_SEC11
CAS_CLEAN_024,SNP_CAS_CLEAN_024_CASE_INITIATION_MILESTONE_20250826,2025-08-26,CASE_INITIATION_TO_MILESTONE,2025-05-28,GENERAL_NOTICE,399,False,,2026-09-29,90,90,90,1,,0,False,False,Nagpur,Nagpur City,,District Collectorate & Administration Nagpur,RFCTLARR_2013,Rural Infrastructure,False,,,,,,,NOT_PUBLISHED_IN_GAZETTE,NOT_PUBLISHED_IN_STRUCTURED_DATA,NOT_APPLICABLE_IN_REAL_DATA,NOT_APPLICABLE_PRE_AWARD,UNPARSED_SCHEDULE_TABLE,UNPARSED_SCHEDULE_TABLE,NOT_PUBLISHED_IN_STRUCTURED_DATA,,NOT_APPLICABLE_PRE_SEC11
CAS_CLEAN_203,SNP_CAS_CLEAN_203_CASE_INITIATION_MILESTONE_20250826,2025-08-26,CASE_INITIATION_TO_MILESTONE,2025-02-27,GENERAL_NOTICE,399,False,,2026-09-29,180,180,180,1,,0,False,False,Pune,,,District Collectorate & Administration Pune,RFCTLARR_2013,Rural Infrastructure,False,,,,,,,NOT_PUBLISHED_IN_GAZETTE,NOT_PUBLISHED_IN_STRUCTURED_DATA,NOT_APPLICABLE_IN_REAL_DATA,NOT_APPLICABLE_PRE_AWARD,UNPARSED_SCHEDULE_TABLE,UNPARSED_SCHEDULE_TABLE,NOT_PUBLISHED_IN_STRUCTURED_DATA,,NOT_APPLICABLE_PRE_SEC11
CAS_CLEAN_204,SNP_CAS_CLEAN_204_CASE_INITIATION_MILESTONE_20250826,2025-08-26,CASE_INITIATION_TO_MILESTONE,2025-02-27,GENERAL_NOTICE,399,False,,2026-09-29,180,180,180,1,,0,False,False,Pune,HH fOnT,,District Collectorate & Administration Pune,RFCTLARR_2013,Rural Infrastructure,False,,,,,,,NOT_PUBLISHED_IN_GAZETTE,NOT_PUBLISHED_IN_STRUCTURED_DATA,NOT_APPLICABLE_IN_REAL_DATA,NOT_APPLICABLE_PRE_AWARD,UNPARSED_SCHEDULE_TABLE,UNPARSED_SCHEDULE_TABLE,NOT_PUBLISHED_IN_STRUCTURED_DATA,,NOT_APPLICABLE_PRE_SEC11
CAS_CLEAN_205,SNP_CAS_CLEAN_205_CASE_INITIATION_MILESTONE_20250826,2025-08-26,CASE_INITIATION_TO_MILESTONE,2025-02-27,GENERAL_NOTICE,399,False,,2026-09-29,180,180,180,1,,0,False,False,Pune,qgTITFt aNNvq,,District Collectorate & Administration Pune,RFCTLARR_2013,Rural Infrastructure,False,,,,,,,NOT_PUBLISHED_IN_GAZETTE,NOT_PUBLISHED_IN_STRUCTURED_DATA,NOT_APPLICABLE_IN_REAL_DATA,NOT_APPLICABLE_PRE_AWARD,UNPARSED_SCHEDULE_TABLE,UNPARSED_SCHEDULE_TABLE,NOT_PUBLISHED_IN_STRUCTURED_DATA,,NOT_APPLICABLE_PRE_SEC11
CAS_CLEAN_206,SNP_CAS_CLEAN_206_CASE_INITIATION_MILESTONE_20250826,2025-08-26,CASE_INITIATION_TO_MILESTONE,2025-02-27,GENERAL_NOTICE,399,False,,2026-09-29,180,180,180,1,,0,False,False,Pune,,,District Collectorate & Administration Pune,RFCTLARR_2013,Rural Infrastructure,False,,,,,,,NOT_PUBLISHED_IN_GAZETTE,NOT_PUBLISHED_IN_STRUCTURED_DATA,NOT_APPLICABLE_IN_REAL_DATA,NOT_APPLICABLE_PRE_AWARD,UNPARSED_SCHEDULE_TABLE,UNPARSED_SCHEDULE_TABLE,NOT_PUBLISHED_IN_STRUCTURED_DATA,,NOT_APPLICABLE_PRE_SEC11
CAS_CLEAN_033,SNP_CAS_CLEAN_033_CASE_INITIATION_MILESTONE_20250828,2025-08-28,CASE_INITIATION_TO_MILESTONE,2025-05-30,GENERAL_NOTICE,397,False,,2026-09-29,90,90,90,1,,0,False,False,Nagpur,,,District Collectorate & Administration Nagpur,RFCTLARR_2013,Highway / Road Widening,False,,,,,,,NOT_PUBLISHED_IN_GAZETTE,NOT_PUBLISHED_IN_STRUCTURED_DATA,NOT_APPLICABLE_IN_REAL_DATA,NOT_APPLICABLE_PRE_AWARD,UNPARSED_SCHEDULE_TABLE,UNPARSED_SCHEDULE_TABLE,NOT_PUBLISHED_IN_STRUCTURED_DATA,,NOT_APPLICABLE_PRE_SEC11
CAS_CLEAN_211,SNP_CAS_CLEAN_211_CASE_INITIATION_MILESTONE_20250828,2025-08-28,CASE_INITIATION_TO_MILESTONE,2025-03-01,GENERAL_NOTICE,397,False,,2026-09-29,180,180,180,1,,0,False,False,Pune,,,District Collectorate & Administration Pune,RFCTLARR_2013,Rural Infrastructure,False,,,,,,,NOT_PUBLISHED_IN_GAZETTE,NOT_PUBLISHED_IN_STRUCTURED_DATA,NOT_APPLICABLE_IN_REAL_DATA,NOT_APPLICABLE_PRE_AWARD,UNPARSED_SCHEDULE_TABLE,UNPARSED_SCHEDULE_TABLE,NOT_PUBLISHED_IN_STRUCTURED_DATA,,NOT_APPLICABLE_PRE_SEC11
CAS_CLEAN_148,SNP_CAS_CLEAN_148_CASE_INITIATION_MILESTONE_20250829,2025-08-29,CASE_INITIATION_TO_MILESTONE,2024-12-02,GENERAL_NOTICE,396,False,,2026-09-29,270,270,270,1,,0,False,False,Nagpur,Bhivapur,Thutanbori,District Collectorate & Administration Nagpur,RFCTLARR_2013,Rural Infrastructure,False,,,,,,,NOT_PUBLISHED_IN_GAZETTE,NOT_PUBLISHED_IN_STRUCTURED_DATA,NOT_APPLICABLE_IN_REAL_DATA,NOT_APPLICABLE_PRE_AWARD,UNPARSED_SCHEDULE_TABLE,UNPARSED_SCHEDULE_TABLE,NOT_PUBLISHED_IN_STRUCTURED_DATA,,NOT_APPLICABLE_PRE_SEC11
CAS_CLEAN_023,SNP_CAS_CLEAN_023_CASE_INITIATION_MILESTONE_20250903,2025-09-03,CASE_INITIATION_TO_MILESTONE,2025-06-05,GENERAL_NOTICE,391,False,,2026-09-29,90,90,90,1,,0,False,False,Nagpur,,,District Collectorate & Administration Nagpur,RFCTLARR_2013,Rural Infrastructure,False,,,,,,,NOT_PUBLISHED_IN_GAZETTE,NOT_PUBLISHED_IN_STRUCTURED_DATA,NOT_APPLICABLE_IN_REAL_DATA,NOT_APPLICABLE_PRE_AWARD,UNPARSED_SCHEDULE_TABLE,UNPARSED_SCHEDULE_TABLE,NOT_PUBLISHED_IN_STRUCTURED_DATA,,NOT_APPLICABLE_PRE_SEC11
CAS_CLEAN_189,SNP_CAS_CLEAN_189_CASE_INITIATION_MILESTONE_20250903,2025-09-03,CASE_INITIATION_TO_MILESTONE,2025-09-03,GENERAL_NOTICE,391,False,,2026-09-29,0,0,0,1,,0,False,False,Pune,,,District Collectorate & Administration Pune,RFCTLARR_2013,Rural Infrastructure,False,,,,,,,NOT_PUBLISHED_IN_GAZETTE,NOT_PUBLISHED_IN_STRUCTURED_DATA,NOT_APPLICABLE_IN_REAL_DATA,NOT_APPLICABLE_PRE_AWARD,UNPARSED_SCHEDULE_TABLE,UNPARSED_SCHEDULE_TABLE,NOT_PUBLISHED_IN_STRUCTURED_DATA,,NOT_APPLICABLE_PRE_SEC11
CAS_CLEAN_193,SNP_CAS_CLEAN_193_CASE_INITIATION_MILESTONE_20250904,2025-09-04,CASE_INITIATION_TO_MILESTONE,2025-06-06,GENERAL_NOTICE,390,False,,2026-09-29,90,90,90,1,,0,False,False,Pune,,,District Collectorate & Administration Pune,RFCTLARR_2013,Rural Infrastructure,False,,,,,,,NOT_PUBLISHED_IN_GAZETTE,NOT_PUBLISHED_IN_STRUCTURED_DATA,NOT_APPLICABLE_IN_REAL_DATA,NOT_APPLICABLE_PRE_AWARD,UNPARSED_SCHEDULE_TABLE,UNPARSED_SCHEDULE_TABLE,NOT_PUBLISHED_IN_STRUCTURED_DATA,,NOT_APPLICABLE_PRE_SEC11
CAS_CLEAN_196,SNP_CAS_CLEAN_196_CASE_INITIATION_MILESTONE_20250904,2025-09-04,CASE_INITIATION_TO_MILESTONE,2025-06-06,GENERAL_NOTICE,390,False,,2026-09-29,90,90,90,1,,0,False,False,Pune,,,District Collectorate & Administration Pune,RFCTLARR_2013,Rural Infrastructure,False,,,,,,,NOT_PUBLISHED_IN_GAZETTE,NOT_PUBLISHED_IN_STRUCTURED_DATA,NOT_APPLICABLE_IN_REAL_DATA,NOT_APPLICABLE_PRE_AWARD,UNPARSED_SCHEDULE_TABLE,UNPARSED_SCHEDULE_TABLE,NOT_PUBLISHED_IN_STRUCTURED_DATA,,NOT_APPLICABLE_PRE_SEC11
CAS_CLEAN_005,SNP_CAS_CLEAN_005_CASE_INITIATION_MILESTONE_20250906,2025-09-06,CASE_INITIATION_TO_MILESTONE,2024-12-10,DIRECT_PURCHASE,388,False,,2026-09-29,270,234,234,2,,0,False,False,Nagpur,Kuhi,Awarmara,District Collectorate & Administration Nagpur,RFCTLARR_2013,Rural Infrastructure,True,,,,,,,NOT_PUBLISHED_IN_GAZETTE,NOT_PUBLISHED_IN_STRUCTURED_DATA,NOT_APPLICABLE_IN_REAL_DATA,NOT_APPLICABLE_PRE_AWARD,UNPARSED_SCHEDULE_TABLE,UNPARSED_SCHEDULE_TABLE,NOT_PUBLISHED_IN_STRUCTURED_DATA,,NOT_APPLICABLE_PRE_SEC11
CAS_CLEAN_079,SNP_CAS_CLEAN_079_CASE_INITIATION_MILESTONE_20250906,2025-09-06,CASE_INITIATION_TO_MILESTONE,2024-12-10,DIRECT_PURCHASE,388,False,,2026-09-29,270,234,234,2,,0,False,False,Nagpur,Kuhi,Kujba,District Collectorate & Administration Nagpur,RFCTLARR_2013,Rural Infrastructure,True,,,,,,,NOT_PUBLISHED_IN_GAZETTE,NOT_PUBLISHED_IN_STRUCTURED_DATA,NOT_APPLICABLE_IN_REAL_DATA,NOT_APPLICABLE_PRE_AWARD,UNPARSED_SCHEDULE_TABLE,UNPARSED_SCHEDULE_TABLE,NOT_PUBLISHED_IN_STRUCTURED_DATA,,NOT_APPLICABLE_PRE_SEC11
CAS_CLEAN_145,SNP_CAS_CLEAN_145_CASE_INITIATION_MILESTONE_20250906,2025-09-06,CASE_INITIATION_TO_MILESTONE,2024-12-10,DIRECT_PURCHASE,388,False,,2026-09-29,270,234,234,2,,0,False,False,Nagpur,Kuhi,Takli,District Collectorate & Administration Nagpur,RFCTLARR_2013,Rural Infrastructure,True,,,,,,,NOT_PUBLISHED_IN_GAZETTE,NOT_PUBLISHED_IN_STRUCTURED_DATA,NOT_APPLICABLE_IN_REAL_DATA,NOT_APPLICABLE_PRE_AWARD,UNPARSED_SCHEDULE_TABLE,UNPARSED_SCHEDULE_TABLE,NOT_PUBLISHED_IN_STRUCTURED_DATA,,NOT_APPLICABLE_PRE_SEC11
CAS_CLEAN_212,SNP_CAS_CLEAN_212_CASE_INITIATION_MILESTONE_20250906,2025-09-06,CASE_INITIATION_TO_MILESTONE,2025-03-10,GENERAL_NOTICE,388,False,,2026-09-29,180,180,180,1,,0,False,False,Pune,,,District Collectorate & Administration Pune,RFCTLARR_2013,Rural Infrastructure,False,,,,,,,NOT_PUBLISHED_IN_GAZETTE,NOT_PUBLISHED_IN_STRUCTURED_DATA,NOT_APPLICABLE_IN_REAL_DATA,NOT_APPLICABLE_PRE_AWARD,UNPARSED_SCHEDULE_TABLE,UNPARSED_SCHEDULE_TABLE,NOT_PUBLISHED_IN_STRUCTURED_DATA,,NOT_APPLICABLE_PRE_SEC11
CAS_CLEAN_213,SNP_CAS_CLEAN_213_CASE_INITIATION_MILESTONE_20250906,2025-09-06,CASE_INITIATION_TO_MILESTONE,2025-03-10,GENERAL_NOTICE,388,False,,2026-09-29,180,180,180,1,,0,False,False,Pune,,,District Collectorate & Administration Pune,RFCTLARR_2013,Rural Infrastructure,False,,,,,,,NOT_PUBLISHED_IN_GAZETTE,NOT_PUBLISHED_IN_STRUCTURED_DATA,NOT_APPLICABLE_IN_REAL_DATA,NOT_APPLICABLE_PRE_AWARD,UNPARSED_SCHEDULE_TABLE,UNPARSED_SCHEDULE_TABLE,NOT_PUBLISHED_IN_STRUCTURED_DATA,,NOT_APPLICABLE_PRE_SEC11
CAS_CLEAN_215,SNP_CAS_CLEAN_215_CASE_INITIATION_MILESTONE_20250907,2025-09-07,CASE_INITIATION_TO_MILESTONE,2025-03-11,GENERAL_NOTICE,387,False,,2026-09-29,180,180,180,1,,0,False,False,Pune,,,District Collectorate & Administration Pune,RFCTLARR_2013,Rural Infrastructure,False,,,,,,,NOT_PUBLISHED_IN_GAZETTE,NOT_PUBLISHED_IN_STRUCTURED_DATA,NOT_APPLICABLE_IN_REAL_DATA,NOT_APPLICABLE_PRE_AWARD,UNPARSED_SCHEDULE_TABLE,UNPARSED_SCHEDULE_TABLE,NOT_PUBLISHED_IN_STRUCTURED_DATA,,NOT_APPLICABLE_PRE_SEC11
CAS_CLEAN_091,SNP_CAS_CLEAN_091_CASE_INITIATION_MILESTONE_20250908,2025-09-08,CASE_INITIATION_TO_MILESTONE,2024-12-12,GENERAL_NOTICE,386,False,,2026-09-29,270,270,270,1,,0,False,False,Nagpur,,Nagpur City,District Collectorate & Administration Nagpur,RFCTLARR_2013,Rural Infrastructure,False,,,,,,,NOT_PUBLISHED_IN_GAZETTE,NOT_PUBLISHED_IN_STRUCTURED_DATA,NOT_APPLICABLE_IN_REAL_DATA,NOT_APPLICABLE_PRE_AWARD,UNPARSED_SCHEDULE_TABLE,UNPARSED_SCHEDULE_TABLE,NOT_PUBLISHED_IN_STRUCTURED_DATA,,NOT_APPLICABLE_PRE_SEC11
CAS_CLEAN_207,SNP_CAS_CLEAN_207_CASE_INITIATION_MILESTONE_20250909,2025-09-09,CASE_INITIATION_TO_MILESTONE,2025-03-13,GENERAL_NOTICE,385,False,,2026-09-29,180,180,180,1,,0,False,False,Pune,,,District Collectorate & Administration Pune,RFCTLARR_2013,Rural Infrastructure,False,,,,,,,NOT_PUBLISHED_IN_GAZETTE,NOT_PUBLISHED_IN_STRUCTURED_DATA,NOT_APPLICABLE_IN_REAL_DATA,NOT_APPLICABLE_PRE_AWARD,UNPARSED_SCHEDULE_TABLE,UNPARSED_SCHEDULE_TABLE,NOT_PUBLISHED_IN_STRUCTURED_DATA,,NOT_APPLICABLE_PRE_SEC11
CAS_CLEAN_208,SNP_CAS_CLEAN_208_CASE_INITIATION_MILESTONE_20250909,2025-09-09,CASE_INITIATION_TO_MILESTONE,2025-03-13,GENERAL_NOTICE,385,False,,2026-09-29,180,180,180,1,,0,False,False,Pune,,,District Collectorate & Administration Pune,RFCTLARR_2013,Rural Infrastructure,False,,,,,,,NOT_PUBLISHED_IN_GAZETTE,NOT_PUBLISHED_IN_STRUCTURED_DATA,NOT_APPLICABLE_IN_REAL_DATA,NOT_APPLICABLE_PRE_AWARD,UNPARSED_SCHEDULE_TABLE,UNPARSED_SCHEDULE_TABLE,NOT_PUBLISHED_IN_STRUCTURED_DATA,,NOT_APPLICABLE_PRE_SEC11
CAS_CLEAN_209,SNP_CAS_CLEAN_209_CASE_INITIATION_MILESTONE_20250909,2025-09-09,CASE_INITIATION_TO_MILESTONE,2025-03-13,GENERAL_NOTICE,385,False,,2026-09-29,180,180,180,1,,0,False,False,Pune,,,District Collectorate & Administration Pune,RFCTLARR_2013,Rural Infrastructure,False,,,,,,,NOT_PUBLISHED_IN_GAZETTE,NOT_PUBLISHED_IN_STRUCTURED_DATA,NOT_APPLICABLE_IN_REAL_DATA,NOT_APPLICABLE_PRE_AWARD,UNPARSED_SCHEDULE_TABLE,UNPARSED_SCHEDULE_TABLE,NOT_PUBLISHED_IN_STRUCTURED_DATA,,NOT_APPLICABLE_PRE_SEC11
CAS_CLEAN_245,SNP_CAS_CLEAN_245_CASE_INITIATION_MILESTONE_20250910,2025-09-10,CASE_INITIATION_TO_MILESTONE,2025-09-10,GENERAL_NOTICE,384,False,,2026-09-29,0,0,0,1,,0,False,False,Pune,,Lonikand,District Collectorate & Administration Pune,RFCTLARR_2013,Rural Infrastructure,False,,,,,,,NOT_PUBLISHED_IN_GAZETTE,NOT_PUBLISHED_IN_STRUCTURED_DATA,NOT_APPLICABLE_IN_REAL_DATA,NOT_APPLICABLE_PRE_AWARD,UNPARSED_SCHEDULE_TABLE,UNPARSED_SCHEDULE_TABLE,NOT_PUBLISHED_IN_STRUCTURED_DATA,,NOT_APPLICABLE_PRE_SEC11
CAS_CLEAN_258,SNP_CAS_CLEAN_258_CASE_INITIATION_MILESTONE_20250913,2025-09-13,CASE_INITIATION_TO_MILESTONE,2025-03-17,GENERAL_NOTICE,381,False,,2026-09-29,180,180,180,1,,0,False,False,Pune,Haveli,Vadgaon Sheri,District Collectorate & Administration Pune,LAND_ACQUISITION_ACT_1894,Highway / Road Widening,False,,,,,,,NOT_PUBLISHED_IN_GAZETTE,NOT_PUBLISHED_IN_STRUCTURED_DATA,NOT_APPLICABLE_IN_REAL_DATA,NOT_APPLICABLE_PRE_AWARD,UNPARSED_SCHEDULE_TABLE,UNPARSED_SCHEDULE_TABLE,NOT_PUBLISHED_IN_STRUCTURED_DATA,,NOT_APPLICABLE_PRE_SEC11
CAS_CLEAN_210,SNP_CAS_CLEAN_210_CASE_INITIATION_MILESTONE_20250916,2025-09-16,CASE_INITIATION_TO_MILESTONE,2025-03-20,GENERAL_NOTICE,378,False,,2026-09-29,180,180,180,1,,0,False,False,Pune,,,District Collectorate & Administration Pune,RFCTLARR_2013,Rural Infrastructure,False,,,,,,,NOT_PUBLISHED_IN_GAZETTE,NOT_PUBLISHED_IN_STRUCTURED_DATA,NOT_APPLICABLE_IN_REAL_DATA,NOT_APPLICABLE_PRE_AWARD,UNPARSED_SCHEDULE_TABLE,UNPARSED_SCHEDULE_TABLE,NOT_PUBLISHED_IN_STRUCTURED_DATA,,NOT_APPLICABLE_PRE_SEC11
CAS_CLEAN_244,SNP_CAS_CLEAN_244_CASE_INITIATION_MILESTONE_20250917,2025-09-17,CASE_INITIATION_TO_MILESTONE,2025-09-17,GENERAL_NOTICE,377,False,,2026-09-29,0,0,0,1,,0,False,False,Pune,,Lonikand,District Collectorate & Administration Pune,RFCTLARR_2013,Rural Infrastructure,False,,,,,,,NOT_PUBLISHED_IN_GAZETTE,NOT_PUBLISHED_IN_STRUCTURED_DATA,NOT_APPLICABLE_IN_REAL_DATA,NOT_APPLICABLE_PRE_AWARD,UNPARSED_SCHEDULE_TABLE,UNPARSED_SCHEDULE_TABLE,NOT_PUBLISHED_IN_STRUCTURED_DATA,,NOT_APPLICABLE_PRE_SEC11
CAS_CLEAN_045,SNP_CAS_CLEAN_045_CASE_INITIATION_MILESTONE_20250919,2025-09-19,CASE_INITIATION_TO_MILESTONE,2025-09-19,SECTION_11,87,True,2025-12-15,,0,0,0,1,0.0,0,False,False,Nagpur,Kuhi,Chikhali,District Collectorate & Administration Nagpur,RFCTLARR_2013,Rural Infrastructure,False,,,,,,,NOT_PUBLISHED_IN_GAZETTE,NOT_PUBLISHED_IN_STRUCTURED_DATA,NOT_APPLICABLE_IN_REAL_DATA,NOT_APPLICABLE_PRE_AWARD,UNPARSED_SCHEDULE_TABLE,UNPARSED_SCHEDULE_TABLE,NOT_PUBLISHED_IN_STRUCTURED_DATA,,
CAS_CLEAN_076,SNP_CAS_CLEAN_076_CASE_INITIATION_MILESTONE_20250919,2025-09-19,CASE_INITIATION_TO_MILESTONE,2025-09-19,SECTION_11,87,True,2025-12-15,,0,0,0,1,0.0,0,False,False,Nagpur,i Taluka Bhivapur,Kitali,District Collectorate & Administration Nagpur,RFCTLARR_2013,Rural Infrastructure,False,,,,,,,NOT_PUBLISHED_IN_GAZETTE,NOT_PUBLISHED_IN_STRUCTURED_DATA,NOT_APPLICABLE_IN_REAL_DATA,NOT_APPLICABLE_PRE_AWARD,UNPARSED_SCHEDULE_TABLE,UNPARSED_SCHEDULE_TABLE,NOT_PUBLISHED_IN_STRUCTURED_DATA,,
CAS_CLEAN_114,SNP_CAS_CLEAN_114_CASE_INITIATION_MILESTONE_20250919,2025-09-19,CASE_INITIATION_TO_MILESTONE,2025-09-19,SECTION_11,87,True,2025-12-15,,0,0,0,1,0.0,0,False,False,Nagpur,Kuhi,Pratapur,District Collectorate & Administration Nagpur,RFCTLARR_2013,Rural Infrastructure,False,,,,,,,NOT_PUBLISHED_IN_GAZETTE,NOT_PUBLISHED_IN_STRUCTURED_DATA,NOT_APPLICABLE_IN_REAL_DATA,NOT_APPLICABLE_PRE_AWARD,UNPARSED_SCHEDULE_TABLE,UNPARSED_SCHEDULE_TABLE,NOT_PUBLISHED_IN_STRUCTURED_DATA,,
CAS_CLEAN_133,SNP_CAS_CLEAN_133_CASE_INITIATION_MILESTONE_20250919,2025-09-19,CASE_INITIATION_TO_MILESTONE,2025-09-19,SECTION_21,375,False,,2026-09-29,0,0,0,1,,0,False,False,Nagpur,Kuhi,Savargao,District Collectorate & Administration Nagpur,RFCTLARR_2013,Rural Infrastructure,False,,,,,,,NOT_PUBLISHED_IN_GAZETTE,NOT_PUBLISHED_IN_STRUCTURED_DATA,NOT_APPLICABLE_IN_REAL_DATA,NOT_APPLICABLE_PRE_AWARD,UNPARSED_SCHEDULE_TABLE,UNPARSED_SCHEDULE_TABLE,NOT_PUBLISHED_IN_STRUCTURED_DATA,,NOT_APPLICABLE_PRE_SEC11
CAS_CLEAN_228,SNP_CAS_CLEAN_228_CASE_INITIATION_MILESTONE_20250919,2025-09-19,CASE_INITIATION_TO_MILESTONE,2024-12-23,GENERAL_NOTICE,375,False,,2026-09-29,270,270,270,1,,0,False,False,Pune,,,District Collectorate & Administration Pune,RFCTLARR_2013,Rural Infrastructure,False,,,,,,,NOT_PUBLISHED_IN_GAZETTE,NOT_PUBLISHED_IN_STRUCTURED_DATA,NOT_APPLICABLE_IN_REAL_DATA,NOT_APPLICABLE_PRE_AWARD,UNPARSED_SCHEDULE_TABLE,UNPARSED_SCHEDULE_TABLE,NOT_PUBLISHED_IN_STRUCTURED_DATA,,NOT_APPLICABLE_PRE_SEC11
CAS_CLEAN_229,SNP_CAS_CLEAN_229_CASE_INITIATION_MILESTONE_20250919,2025-09-19,CASE_INITIATION_TO_MILESTONE,2024-12-23,GENERAL_NOTICE,375,False,,2026-09-29,270,270,270,1,,0,False,False,Pune,,,District Collectorate & Administration Pune,RFCTLARR_2013,Rural Infrastructure,False,,,,,,,NOT_PUBLISHED_IN_GAZETTE,NOT_PUBLISHED_IN_STRUCTURED_DATA,NOT_APPLICABLE_IN_REAL_DATA,NOT_APPLICABLE_PRE_AWARD,UNPARSED_SCHEDULE_TABLE,UNPARSED_SCHEDULE_TABLE,NOT_PUBLISHED_IN_STRUCTURED_DATA,,NOT_APPLICABLE_PRE_SEC11
CAS_CLEAN_230,SNP_CAS_CLEAN_230_CASE_INITIATION_MILESTONE_20250919,2025-09-19,CASE_INITIATION_TO_MILESTONE,2024-12-23,GENERAL_NOTICE,375,False,,2026-09-29,270,270,270,1,,0,False,False,Pune,,,District Collectorate & Administration Pune,RFCTLARR_2013,Rural Infrastructure,False,,,,,,,NOT_PUBLISHED_IN_GAZETTE,NOT_PUBLISHED_IN_STRUCTURED_DATA,NOT_APPLICABLE_IN_REAL_DATA,NOT_APPLICABLE_PRE_AWARD,UNPARSED_SCHEDULE_TABLE,UNPARSED_SCHEDULE_TABLE,NOT_PUBLISHED_IN_STRUCTURED_DATA,,NOT_APPLICABLE_PRE_SEC11
CAS_CLEAN_231,SNP_CAS_CLEAN_231_CASE_INITIATION_MILESTONE_20250919,2025-09-19,CASE_INITIATION_TO_MILESTONE,2024-12-23,GENERAL_NOTICE,375,False,,2026-09-29,270,270,270,1,,0,False,False,Pune,,,District Collectorate & Administration Pune,RFCTLARR_2013,Rural Infrastructure,False,,,,,,,NOT_PUBLISHED_IN_GAZETTE,NOT_PUBLISHED_IN_STRUCTURED_DATA,NOT_APPLICABLE_IN_REAL_DATA,NOT_APPLICABLE_PRE_AWARD,UNPARSED_SCHEDULE_TABLE,UNPARSED_SCHEDULE_TABLE,NOT_PUBLISHED_IN_STRUCTURED_DATA,,NOT_APPLICABLE_PRE_SEC11
CAS_CLEAN_232,SNP_CAS_CLEAN_232_CASE_INITIATION_MILESTONE_20250919,2025-09-19,CASE_INITIATION_TO_MILESTONE,2024-12-23,GENERAL_NOTICE,375,False,,2026-09-29,270,270,270,1,,0,False,False,Pune,,Hadapsar,District Collectorate & Administration Pune,RFCTLARR_2013,Rural Infrastructure,False,,,,,,,NOT_PUBLISHED_IN_GAZETTE,NOT_PUBLISHED_IN_STRUCTURED_DATA,NOT_APPLICABLE_IN_REAL_DATA,NOT_APPLICABLE_PRE_AWARD,UNPARSED_SCHEDULE_TABLE,UNPARSED_SCHEDULE_TABLE,NOT_PUBLISHED_IN_STRUCTURED_DATA,,NOT_APPLICABLE_PRE_SEC11
CAS_CLEAN_242,SNP_CAS_CLEAN_242_CASE_INITIATION_MILESTONE_20250919,2025-09-19,CASE_INITIATION_TO_MILESTONE,2024-12-23,GENERAL_NOTICE,375,False,,2026-09-29,270,270,270,1,,0,False,False,Pune,,Kothrud,District Collectorate & Administration Pune,RFCTLARR_2013,Rural Infrastructure,False,,,,,,,NOT_PUBLISHED_IN_GAZETTE,NOT_PUBLISHED_IN_STRUCTURED_DATA,NOT_APPLICABLE_IN_REAL_DATA,NOT_APPLICABLE_PRE_AWARD,UNPARSED_SCHEDULE_TABLE,UNPARSED_SCHEDULE_TABLE,NOT_PUBLISHED_IN_STRUCTURED_DATA,,NOT_APPLICABLE_PRE_SEC11
CAS_CLEAN_101,SNP_CAS_CLEAN_101_CASE_INITIATION_MILESTONE_20250921,2025-09-21,CASE_INITIATION_TO_MILESTONE,2025-06-23,SECTION_21,373,False,,2026-09-29,90,90,90,1,,0,False,False,Nagpur,,Nagpur (Khas),District Collectorate & Administration Nagpur,RFCTLARR_2013,Rural Infrastructure,False,,,,,,,NOT_PUBLISHED_IN_GAZETTE,NOT_PUBLISHED_IN_STRUCTURED_DATA,NOT_APPLICABLE_IN_REAL_DATA,NOT_APPLICABLE_PRE_AWARD,UNPARSED_SCHEDULE_TABLE,UNPARSED_SCHEDULE_TABLE,NOT_PUBLISHED_IN_STRUCTURED_DATA,,NOT_APPLICABLE_PRE_SEC11
CAS_CLEAN_001,SNP_CAS_CLEAN_001_CASE_INITIATION_MILESTONE_20250923,2025-09-23,CASE_INITIATION_TO_MILESTONE,2024-12-27,DIRECT_PURCHASE,371,False,,2026-09-29,270,270,270,1,,0,False,False,Nagpur,Kuhi,Aamti,District Collectorate & Administration Nagpur,RFCTLARR_2013,Rural Infrastructure,True,,,,,,,NOT_PUBLISHED_IN_GAZETTE,NOT_PUBLISHED_IN_STRUCTURED_DATA,NOT_APPLICABLE_IN_REAL_DATA,NOT_APPLICABLE_PRE_AWARD,UNPARSED_SCHEDULE_TABLE,UNPARSED_SCHEDULE_TABLE,NOT_PUBLISHED_IN_STRUCTURED_DATA,,NOT_APPLICABLE_PRE_SEC11
CAS_CLEAN_227,SNP_CAS_CLEAN_227_CASE_INITIATION_MILESTONE_20250923,2025-09-23,CASE_INITIATION_TO_MILESTONE,2024-12-27,GENERAL_NOTICE,371,False,,2026-09-29,270,270,270,1,,0,False,False,Pune,,,District Collectorate & Administration Pune,RFCTLARR_2013,Rural Infrastructure,False,,,,,,,NOT_PUBLISHED_IN_GAZETTE,NOT_PUBLISHED_IN_STRUCTURED_DATA,NOT_APPLICABLE_IN_REAL_DATA,NOT_APPLICABLE_PRE_AWARD,UNPARSED_SCHEDULE_TABLE,UNPARSED_SCHEDULE_TABLE,NOT_PUBLISHED_IN_STRUCTURED_DATA,,NOT_APPLICABLE_PRE_SEC11
CAS_CLEAN_240,SNP_CAS_CLEAN_240_CASE_INITIATION_MILESTONE_20250923,2025-09-23,CASE_INITIATION_TO_MILESTONE,2024-12-27,GENERAL_NOTICE,371,False,,2026-09-29,270,270,270,1,,0,False,False,Pune,,Khed,District Collectorate & Administration Pune,RFCTLARR_2013,Rural Infrastructure,False,,,,,,,NOT_PUBLISHED_IN_GAZETTE,NOT_PUBLISHED_IN_STRUCTURED_DATA,NOT_APPLICABLE_IN_REAL_DATA,NOT_APPLICABLE_PRE_AWARD,UNPARSED_SCHEDULE_TABLE,UNPARSED_SCHEDULE_TABLE,NOT_PUBLISHED_IN_STRUCTURED_DATA,,NOT_APPLICABLE_PRE_SEC11
CAS_CLEAN_093,SNP_CAS_CLEAN_093_CASE_INITIATION_MILESTONE_20250924,2025-09-24,CASE_INITIATION_TO_MILESTONE,2025-06-26,GENERAL_NOTICE,370,False,,2026-09-29,90,90,90,1,,0,False,False,Nagpur,Nagpur City,Nagpur (Khas),District Collectorate & Administration Nagpur,RFCTLARR_2013,Rural Infrastructure,False,,,,,,,NOT_PUBLISHED_IN_GAZETTE,NOT_PUBLISHED_IN_STRUCTURED_DATA,NOT_APPLICABLE_IN_REAL_DATA,NOT_APPLICABLE_PRE_AWARD,UNPARSED_SCHEDULE_TABLE,UNPARSED_SCHEDULE_TABLE,NOT_PUBLISHED_IN_STRUCTURED_DATA,,NOT_APPLICABLE_PRE_SEC11
CAS_CLEAN_194,SNP_CAS_CLEAN_194_CASE_INITIATION_MILESTONE_20250925,2025-09-25,CASE_INITIATION_TO_MILESTONE,2025-06-27,GENERAL_NOTICE,369,False,,2026-09-29,90,90,90,1,,0,False,False,Pune,,,District Collectorate & Administration Pune,RFCTLARR_2013,Rural Infrastructure,False,,,,,,,NOT_PUBLISHED_IN_GAZETTE,NOT_PUBLISHED_IN_STRUCTURED_DATA,NOT_APPLICABLE_IN_REAL_DATA,NOT_APPLICABLE_PRE_AWARD,UNPARSED_SCHEDULE_TABLE,UNPARSED_SCHEDULE_TABLE,NOT_PUBLISHED_IN_STRUCTURED_DATA,,NOT_APPLICABLE_PRE_SEC11
CAS_CLEAN_195,SNP_CAS_CLEAN_195_CASE_INITIATION_MILESTONE_20250925,2025-09-25,CASE_INITIATION_TO_MILESTONE,2025-06-27,GENERAL_NOTICE,369,False,,2026-09-29,90,90,90,1,,0,False,False,Pune,,,District Collectorate & Administration Pune,RFCTLARR_2013,Rural Infrastructure,False,,,,,,,NOT_PUBLISHED_IN_GAZETTE,NOT_PUBLISHED_IN_STRUCTURED_DATA,NOT_APPLICABLE_IN_REAL_DATA,NOT_APPLICABLE_PRE_AWARD,UNPARSED_SCHEDULE_TABLE,UNPARSED_SCHEDULE_TABLE,NOT_PUBLISHED_IN_STRUCTURED_DATA,,NOT_APPLICABLE_PRE_SEC11
CAS_CLEAN_243,SNP_CAS_CLEAN_243_CASE_INITIATION_MILESTONE_20250925,2025-09-25,CASE_INITIATION_TO_MILESTONE,2025-09-25,GENERAL_NOTICE,369,False,,2026-09-29,0,0,0,1,,0,False,False,Pune,,Lonikand,District Collectorate & Administration Pune,RFCTLARR_2013,Rural Infrastructure,False,,,,,,,NOT_PUBLISHED_IN_GAZETTE,NOT_PUBLISHED_IN_STRUCTURED_DATA,NOT_APPLICABLE_IN_REAL_DATA,NOT_APPLICABLE_PRE_AWARD,UNPARSED_SCHEDULE_TABLE,UNPARSED_SCHEDULE_TABLE,NOT_PUBLISHED_IN_STRUCTURED_DATA,,NOT_APPLICABLE_PRE_SEC11
CAS_CLEAN_015,SNP_CAS_CLEAN_015_CASE_INITIATION_MILESTONE_20250926,2025-09-26,CASE_INITIATION_TO_MILESTONE,2025-09-26,SECTION_11,80,True,2025-12-15,,0,0,0,1,0.0,0,False,False,Nagpur,Kuhi,Bhivapur,District Collectorate & Administration Nagpur,RFCTLARR_2013,Rural Infrastructure,False,,,,,,,NOT_PUBLISHED_IN_GAZETTE,NOT_PUBLISHED_IN_STRUCTURED_DATA,NOT_APPLICABLE_IN_REAL_DATA,NOT_APPLICABLE_PRE_AWARD,UNPARSED_SCHEDULE_TABLE,UNPARSED_SCHEDULE_TABLE,NOT_PUBLISHED_IN_STRUCTURED_DATA,,
CAS_CLEAN_095,SNP_CAS_CLEAN_095_CASE_INITIATION_MILESTONE_20250928,2025-09-28,CASE_INITIATION_TO_MILESTONE,2025-01-01,SECTION_21,366,False,,2026-09-29,270,233,233,2,,0,False,False,Nagpur,kmEtf,Nagpur (City),District Collectorate & Administration Nagpur,RFCTLARR_2013,Rural Infrastructure,False,,,,,,,NOT_PUBLISHED_IN_GAZETTE,NOT_PUBLISHED_IN_STRUCTURED_DATA,NOT_APPLICABLE_IN_REAL_DATA,NOT_APPLICABLE_PRE_AWARD,UNPARSED_SCHEDULE_TABLE,UNPARSED_SCHEDULE_TABLE,NOT_PUBLISHED_IN_STRUCTURED_DATA,,NOT_APPLICABLE_PRE_SEC11
CAS_CLEAN_214,SNP_CAS_CLEAN_214_CASE_INITIATION_MILESTONE_20250928,2025-09-28,CASE_INITIATION_TO_MILESTONE,2025-01-01,GENERAL_NOTICE,366,False,,2026-09-29,270,270,270,1,,0,False,False,Pune,,,District Collectorate & Administration Pune,RFCTLARR_2013,Rural Infrastructure,False,,,,,,,NOT_PUBLISHED_IN_GAZETTE,NOT_PUBLISHED_IN_STRUCTURED_DATA,NOT_APPLICABLE_IN_REAL_DATA,NOT_APPLICABLE_PRE_AWARD,UNPARSED_SCHEDULE_TABLE,UNPARSED_SCHEDULE_TABLE,NOT_PUBLISHED_IN_STRUCTURED_DATA,,NOT_APPLICABLE_PRE_SEC11
CAS_CLEAN_223,SNP_CAS_CLEAN_223_CASE_INITIATION_MILESTONE_20250928,2025-09-28,CASE_INITIATION_TO_MILESTONE,2025-01-01,GENERAL_NOTICE,366,False,,2026-09-29,270,270,270,1,,0,False,False,Pune,,,District Collectorate & Administration Pune,RFCTLARR_2013,Rural Infrastructure,False,,,,,,,NOT_PUBLISHED_IN_GAZETTE,NOT_PUBLISHED_IN_STRUCTURED_DATA,NOT_APPLICABLE_IN_REAL_DATA,NOT_APPLICABLE_PRE_AWARD,UNPARSED_SCHEDULE_TABLE,UNPARSED_SCHEDULE_TABLE,NOT_PUBLISHED_IN_STRUCTURED_DATA,,NOT_APPLICABLE_PRE_SEC11
CAS_CLEAN_224,SNP_CAS_CLEAN_224_CASE_INITIATION_MILESTONE_20250928,2025-09-28,CASE_INITIATION_TO_MILESTONE,2025-01-01,GENERAL_NOTICE,366,False,,2026-09-29,270,270,270,1,,0,False,False,Pune,,,District Collectorate & Administration Pune,RFCTLARR_2013,Rural Infrastructure,False,,,,,,,NOT_PUBLISHED_IN_GAZETTE,NOT_PUBLISHED_IN_STRUCTURED_DATA,NOT_APPLICABLE_IN_REAL_DATA,NOT_APPLICABLE_PRE_AWARD,UNPARSED_SCHEDULE_TABLE,UNPARSED_SCHEDULE_TABLE,NOT_PUBLISHED_IN_STRUCTURED_DATA,,NOT_APPLICABLE_PRE_SEC11
CAS_CLEAN_225,SNP_CAS_CLEAN_225_CASE_INITIATION_MILESTONE_20250928,2025-09-28,CASE_INITIATION_TO_MILESTONE,2025-01-01,GENERAL_NOTICE,366,False,,2026-09-29,270,270,270,1,,0,False,False,Pune,,,District Collectorate & Administration Pune,RFCTLARR_2013,Rural Infrastructure,False,,,,,,,NOT_PUBLISHED_IN_GAZETTE,NOT_PUBLISHED_IN_STRUCTURED_DATA,NOT_APPLICABLE_IN_REAL_DATA,NOT_APPLICABLE_PRE_AWARD,UNPARSED_SCHEDULE_TABLE,UNPARSED_SCHEDULE_TABLE,NOT_PUBLISHED_IN_STRUCTURED_DATA,,NOT_APPLICABLE_PRE_SEC11
CAS_CLEAN_006,SNP_CAS_CLEAN_006_CASE_INITIATION_MILESTONE_20250929,2025-09-29,CASE_INITIATION_TO_MILESTONE,2025-09-29,SECTION_11,60,True,2025-11-28,,0,0,0,1,0.0,0,False,False,Nagpur,Kuhi,Awarmara,District Collectorate & Administration Nagpur,RFCTLARR_2013,Rural Infrastructure,False,,,,,,,NOT_PUBLISHED_IN_GAZETTE,NOT_PUBLISHED_IN_STRUCTURED_DATA,NOT_APPLICABLE_IN_REAL_DATA,NOT_APPLICABLE_PRE_AWARD,UNPARSED_SCHEDULE_TABLE,UNPARSED_SCHEDULE_TABLE,NOT_PUBLISHED_IN_STRUCTURED_DATA,,
CAS_CLEAN_014,SNP_CAS_CLEAN_014_CASE_INITIATION_MILESTONE_20250929,2025-09-29,CASE_INITIATION_TO_MILESTONE,2025-09-29,SECTION_11,60,True,2025-11-28,,0,0,0,1,0.0,0,False,False,Nagpur,Bhiwapur,Bhiwapur,District Collectorate & Administration Nagpur,RFCTLARR_2013,Rural Infrastructure,False,,,,,,,NOT_PUBLISHED_IN_GAZETTE,NOT_PUBLISHED_IN_STRUCTURED_DATA,NOT_APPLICABLE_IN_REAL_DATA,NOT_APPLICABLE_PRE_AWARD,UNPARSED_SCHEDULE_TABLE,UNPARSED_SCHEDULE_TABLE,NOT_PUBLISHED_IN_STRUCTURED_DATA,,
CAS_CLEAN_019,SNP_CAS_CLEAN_019_CASE_INITIATION_MILESTONE_20250929,2025-09-29,CASE_INITIATION_TO_MILESTONE,2025-09-29,SECTION_11,60,True,2025-11-28,,0,0,0,1,0.0,0,False,False,Nagpur,Kuhi,Bramhani,District Collectorate & Administration Nagpur,RFCTLARR_2013,Rural Infrastructure,False,,,,,,,NOT_PUBLISHED_IN_GAZETTE,NOT_PUBLISHED_IN_STRUCTURED_DATA,NOT_APPLICABLE_IN_REAL_DATA,NOT_APPLICABLE_PRE_AWARD,UNPARSED_SCHEDULE_TABLE,UNPARSED_SCHEDULE_TABLE,NOT_PUBLISHED_IN_STRUCTURED_DATA,,
CAS_CLEAN_060,SNP_CAS_CLEAN_060_CASE_INITIATION_MILESTONE_20250929,2025-09-29,CASE_INITIATION_TO_MILESTONE,2025-09-29,SECTION_11,60,True,2025-11-28,,0,0,0,1,0.0,0,False,False,Nagpur,Kuhi,Gonha,District Collectorate & Administration Nagpur,RFCTLARR_2013,Highway / Road Widening,False,,,,,,,NOT_PUBLISHED_IN_GAZETTE,NOT_PUBLISHED_IN_STRUCTURED_DATA,NOT_APPLICABLE_IN_REAL_DATA,NOT_APPLICABLE_PRE_AWARD,UNPARSED_SCHEDULE_TABLE,UNPARSED_SCHEDULE_TABLE,NOT_PUBLISHED_IN_STRUCTURED_DATA,,
CAS_CLEAN_080,SNP_CAS_CLEAN_080_CASE_INITIATION_MILESTONE_20250929,2025-09-29,CASE_INITIATION_TO_MILESTONE,2025-09-29,SECTION_11,60,True,2025-11-28,,0,0,0,1,0.0,0,False,False,Nagpur,Kuhi,Kujba,District Collectorate & Administration Nagpur,RFCTLARR_2013,Rural Infrastructure,False,,,,,,,NOT_PUBLISHED_IN_GAZETTE,NOT_PUBLISHED_IN_STRUCTURED_DATA,NOT_APPLICABLE_IN_REAL_DATA,NOT_APPLICABLE_PRE_AWARD,UNPARSED_SCHEDULE_TABLE,UNPARSED_SCHEDULE_TABLE,NOT_PUBLISHED_IN_STRUCTURED_DATA,,
CAS_CLEAN_129,SNP_CAS_CLEAN_129_CASE_INITIATION_MILESTONE_20250929,2025-09-29,CASE_INITIATION_TO_MILESTONE,2025-09-29,SECTION_11,60,True,2025-11-28,,0,0,0,1,0.0,0,False,False,Nagpur,Kuhi,Ruyad,District Collectorate & Administration Nagpur,RFCTLARR_2013,Rural Infrastructure,False,,,,,,,NOT_PUBLISHED_IN_GAZETTE,NOT_PUBLISHED_IN_STRUCTURED_DATA,NOT_APPLICABLE_IN_REAL_DATA,NOT_APPLICABLE_PRE_AWARD,UNPARSED_SCHEDULE_TABLE,UNPARSED_SCHEDULE_TABLE,NOT_PUBLISHED_IN_STRUCTURED_DATA,,
CAS_CLEAN_146,SNP_CAS_CLEAN_146_CASE_INITIATION_MILESTONE_20250929,2025-09-29,CASE_INITIATION_TO_MILESTONE,2025-09-29,SECTION_11,60,True,2025-11-28,,0,0,0,1,0.0,0,False,False,Nagpur,Kuhi,Takli,District Collectorate & Administration Nagpur,RFCTLARR_2013,Rural Infrastructure,False,,,,,,,NOT_PUBLISHED_IN_GAZETTE,NOT_PUBLISHED_IN_STRUCTURED_DATA,NOT_APPLICABLE_IN_REAL_DATA,NOT_APPLICABLE_PRE_AWARD,UNPARSED_SCHEDULE_TABLE,UNPARSED_SCHEDULE_TABLE,NOT_PUBLISHED_IN_STRUCTURED_DATA,,
CAS_CLEAN_147,SNP_CAS_CLEAN_147_CASE_INITIATION_MILESTONE_20250929,2025-09-29,CASE_INITIATION_TO_MILESTONE,2025-09-29,SECTION_11,60,True,2025-11-28,,0,0,0,1,0.0,0,False,False,Nagpur,Kuhi,Taroli,District Collectorate & Administration Nagpur,RFCTLARR_2013,Rural Infrastructure,False,,,,,,,NOT_PUBLISHED_IN_GAZETTE,NOT_PUBLISHED_IN_STRUCTURED_DATA,NOT_APPLICABLE_IN_REAL_DATA,NOT_APPLICABLE_PRE_AWARD,UNPARSED_SCHEDULE_TABLE,UNPARSED_SCHEDULE_TABLE,NOT_PUBLISHED_IN_STRUCTURED_DATA,,
CAS_CLEAN_003,SNP_CAS_CLEAN_003_CASE_INITIATION_MILESTONE_20250930,2025-09-30,CASE_INITIATION_TO_MILESTONE,2025-09-30,SECTION_11,59,True,2025-11-28,,0,0,0,1,0.0,0,False,False,Nagpur,Kuhi,Amti,District Collectorate & Administration Nagpur,RFCTLARR_2013,Rural Infrastructure,False,,,,,,,NOT_PUBLISHED_IN_GAZETTE,NOT_PUBLISHED_IN_STRUCTURED_DATA,NOT_APPLICABLE_IN_REAL_DATA,NOT_APPLICABLE_PRE_AWARD,UNPARSED_SCHEDULE_TABLE,UNPARSED_SCHEDULE_TABLE,NOT_PUBLISHED_IN_STRUCTURED_DATA,,
CAS_CLEAN_124,SNP_CAS_CLEAN_124_CASE_INITIATION_MILESTONE_20250930,2025-09-30,CASE_INITIATION_TO_MILESTONE,2025-09-30,SECTION_11,181,True,2026-03-30,,0,0,0,1,0.0,0,False,False,Nagpur,Saoner,Ranala,District Collectorate & Administration Nagpur,RFCTLARR_2013,Rural Infrastructure,False,,,,,,,NOT_PUBLISHED_IN_GAZETTE,NOT_PUBLISHED_IN_STRUCTURED_DATA,NOT_APPLICABLE_IN_REAL_DATA,NOT_APPLICABLE_PRE_AWARD,UNPARSED_SCHEDULE_TABLE,UNPARSED_SCHEDULE_TABLE,NOT_PUBLISHED_IN_STRUCTURED_DATA,,
CAS_CLEAN_185,SNP_CAS_CLEAN_185_CASE_INITIATION_MILESTONE_20250930,2025-09-30,CASE_INITIATION_TO_MILESTONE,2025-01-03,GENERAL_NOTICE,364,False,,2026-09-29,270,270,270,1,,0,False,False,Pune,,,District Collectorate & Administration Pune,RFCTLARR_2013,Rural Infrastructure,False,,,,,,,NOT_PUBLISHED_IN_GAZETTE,NOT_PUBLISHED_IN_STRUCTURED_DATA,NOT_APPLICABLE_IN_REAL_DATA,NOT_APPLICABLE_PRE_AWARD,UNPARSED_SCHEDULE_TABLE,UNPARSED_SCHEDULE_TABLE,NOT_PUBLISHED_IN_STRUCTURED_DATA,,NOT_APPLICABLE_PRE_SEC11
CAS_CLEAN_096,SNP_CAS_CLEAN_096_CASE_INITIATION_MILESTONE_20251001,2025-10-01,CASE_INITIATION_TO_MILESTONE,2024-10-01,SECTION_21,363,False,,2026-09-29,365,365,365,1,,0,False,False,Nagpur,Nagpur City,Nagpur,District Collectorate & Administration Nagpur,RFCTLARR_2013,Rural Infrastructure,False,,,,,,,NOT_PUBLISHED_IN_GAZETTE,NOT_PUBLISHED_IN_STRUCTURED_DATA,NOT_APPLICABLE_IN_REAL_DATA,NOT_APPLICABLE_PRE_AWARD,UNPARSED_SCHEDULE_TABLE,UNPARSED_SCHEDULE_TABLE,NOT_PUBLISHED_IN_STRUCTURED_DATA,,NOT_APPLICABLE_PRE_SEC11
CAS_CLEAN_201,SNP_CAS_CLEAN_201_CASE_INITIATION_MILESTONE_20251001,2025-10-01,CASE_INITIATION_TO_MILESTONE,2025-04-04,GENERAL_NOTICE,363,False,,2026-09-29,180,180,180,1,,0,False,False,Pune,,,District Collectorate & Administration Pune,RFCTLARR_2013,Rural Infrastructure,False,,,,,,,NOT_PUBLISHED_IN_GAZETTE,NOT_PUBLISHED_IN_STRUCTURED_DATA,NOT_APPLICABLE_IN_REAL_DATA,NOT_APPLICABLE_PRE_AWARD,UNPARSED_SCHEDULE_TABLE,UNPARSED_SCHEDULE_TABLE,NOT_PUBLISHED_IN_STRUCTURED_DATA,,NOT_APPLICABLE_PRE_SEC11
CAS_CLEAN_238,SNP_CAS_CLEAN_238_CASE_INITIATION_MILESTONE_20251001,2025-10-01,CASE_INITIATION_TO_MILESTONE,2025-04-04,GENERAL_NOTICE,363,False,,2026-09-29,180,180,180,1,,0,False,False,Pune,,Khed,District Collectorate & Administration Pune,RFCTLARR_2013,Rural Infrastructure,False,,,,,,,NOT_PUBLISHED_IN_GAZETTE,NOT_PUBLISHED_IN_STRUCTURED_DATA,NOT_APPLICABLE_IN_REAL_DATA,NOT_APPLICABLE_PRE_AWARD,UNPARSED_SCHEDULE_TABLE,UNPARSED_SCHEDULE_TABLE,NOT_PUBLISHED_IN_STRUCTURED_DATA,,NOT_APPLICABLE_PRE_SEC11
CAS_CLEAN_009,SNP_CAS_CLEAN_009_CASE_INITIATION_MILESTONE_20251011,2025-10-11,CASE_INITIATION_TO_MILESTONE,2025-01-14,SECTION_11,353,False,,2026-09-29,270,270,270,1,0.7397,0,False,False,Nagpur,Narkhed,Belona,District Collectorate & Administration Nagpur,RFCTLARR_2013,Rural Infrastructure,False,,,,,,,NOT_PUBLISHED_IN_GAZETTE,NOT_PUBLISHED_IN_STRUCTURED_DATA,NOT_APPLICABLE_IN_REAL_DATA,NOT_APPLICABLE_PRE_AWARD,UNPARSED_SCHEDULE_TABLE,UNPARSED_SCHEDULE_TABLE,NOT_PUBLISHED_IN_STRUCTURED_DATA,,
CAS_CLEAN_064,SNP_CAS_CLEAN_064_CASE_INITIATION_MILESTONE_20251011,2025-10-11,CASE_INITIATION_TO_MILESTONE,2025-01-14,SECTION_11,353,False,,2026-09-29,270,270,270,1,0.7397,0,False,False,Nagpur,Kuhi,Hardoli,District Collectorate & Administration Nagpur,RFCTLARR_2013,Rural Infrastructure,False,,,,,,,NOT_PUBLISHED_IN_GAZETTE,NOT_PUBLISHED_IN_STRUCTURED_DATA,NOT_APPLICABLE_IN_REAL_DATA,NOT_APPLICABLE_PRE_AWARD,UNPARSED_SCHEDULE_TABLE,UNPARSED_SCHEDULE_TABLE,NOT_PUBLISHED_IN_STRUCTURED_DATA,,
CAS_CLEAN_071,SNP_CAS_CLEAN_071_CASE_INITIATION_MILESTONE_20251011,2025-10-11,CASE_INITIATION_TO_MILESTONE,2024-10-11,INITIATION,353,False,,2026-09-29,365,0,,0,,1,True,False,Nagpur,Saoner,Khariy Dhalgaon,District Collectorate & Administration Nagpur,RFCTLARR_2013,Rural Infrastructure,False,,,,,,,NOT_PUBLISHED_IN_GAZETTE,NOT_PUBLISHED_IN_STRUCTURED_DATA,NOT_APPLICABLE_IN_REAL_DATA,NOT_APPLICABLE_PRE_AWARD,UNPARSED_SCHEDULE_TABLE,UNPARSED_SCHEDULE_TABLE,NOT_PUBLISHED_IN_STRUCTURED_DATA,NO_NOTICE_EVENT,NOT_APPLICABLE_PRE_SEC11
CAS_CLEAN_120,SNP_CAS_CLEAN_120_CASE_INITIATION_MILESTONE_20251011,2025-10-11,CASE_INITIATION_TO_MILESTONE,2025-01-14,SECTION_11,353,False,,2026-09-29,270,270,270,1,0.7397,0,False,False,Nagpur,Kuhi,Rajola,District Collectorate & Administration Nagpur,RFCTLARR_2013,Rural Infrastructure,False,,,,,,,NOT_PUBLISHED_IN_GAZETTE,NOT_PUBLISHED_IN_STRUCTURED_DATA,NOT_APPLICABLE_IN_REAL_DATA,NOT_APPLICABLE_PRE_AWARD,UNPARSED_SCHEDULE_TABLE,UNPARSED_SCHEDULE_TABLE,NOT_PUBLISHED_IN_STRUCTURED_DATA,,
CAS_CLEAN_149,SNP_CAS_CLEAN_149_CASE_INITIATION_MILESTONE_20251012,2025-10-12,CASE_INITIATION_TO_MILESTONE,2025-01-15,DIRECT_PURCHASE,352,False,,2026-09-29,270,270,270,1,,0,False,False,Nagpur,Bhiwapur,Thutanbori,District Collectorate & Administration Nagpur,RFCTLARR_2013,Rural Infrastructure,True,,,,,,,NOT_PUBLISHED_IN_GAZETTE,NOT_PUBLISHED_IN_STRUCTURED_DATA,NOT_APPLICABLE_IN_REAL_DATA,NOT_APPLICABLE_PRE_AWARD,UNPARSED_SCHEDULE_TABLE,UNPARSED_SCHEDULE_TABLE,NOT_PUBLISHED_IN_STRUCTURED_DATA,,NOT_APPLICABLE_PRE_SEC11
CAS_CLEAN_156,SNP_CAS_CLEAN_156_CASE_INITIATION_MILESTONE_20251012,2025-10-12,CASE_INITIATION_TO_MILESTONE,2025-01-15,DIRECT_PURCHASE,352,False,,2026-09-29,270,270,270,1,,0,False,False,Nagpur,Kuhi,Veltur,District Collectorate & Administration Nagpur,RFCTLARR_2013,Rural Infrastructure,True,,,,,,,NOT_PUBLISHED_IN_GAZETTE,NOT_PUBLISHED_IN_STRUCTURED_DATA,NOT_APPLICABLE_IN_REAL_DATA,NOT_APPLICABLE_PRE_AWARD,UNPARSED_SCHEDULE_TABLE,UNPARSED_SCHEDULE_TABLE,NOT_PUBLISHED_IN_STRUCTURED_DATA,,NOT_APPLICABLE_PRE_SEC11
CAS_CLEAN_042,SNP_CAS_CLEAN_042_CASE_INITIATION_MILESTONE_20251014,2025-10-14,CASE_INITIATION_TO_MILESTONE,2025-04-17,GENERAL_NOTICE,350,False,,2026-09-29,180,110,110,2,,0,False,False,Nagpur,Nagpur City,Chikhali Khurd,District Collectorate & Administration Nagpur,RFCTLARR_2013,Rural Infrastructure,False,,,,,,,NOT_PUBLISHED_IN_GAZETTE,NOT_PUBLISHED_IN_STRUCTURED_DATA,NOT_APPLICABLE_IN_REAL_DATA,NOT_APPLICABLE_PRE_AWARD,UNPARSED_SCHEDULE_TABLE,UNPARSED_SCHEDULE_TABLE,NOT_PUBLISHED_IN_STRUCTURED_DATA,,NOT_APPLICABLE_PRE_SEC11
CAS_CLEAN_092,SNP_CAS_CLEAN_092_CASE_INITIATION_MILESTONE_20251014,2025-10-14,CASE_INITIATION_TO_MILESTONE,2025-04-17,GENERAL_NOTICE,350,False,,2026-09-29,180,180,180,1,,0,False,False,Nagpur,Nagpur City,Nagpur Khas,District Collectorate & Administration Nagpur,RFCTLARR_2013,Rural Infrastructure,False,,,,,,,NOT_PUBLISHED_IN_GAZETTE,NOT_PUBLISHED_IN_STRUCTURED_DATA,NOT_APPLICABLE_IN_REAL_DATA,NOT_APPLICABLE_PRE_AWARD,UNPARSED_SCHEDULE_TABLE,UNPARSED_SCHEDULE_TABLE,NOT_PUBLISHED_IN_STRUCTURED_DATA,,NOT_APPLICABLE_PRE_SEC11
CAS_CLEAN_197,SNP_CAS_CLEAN_197_CASE_INITIATION_MILESTONE_20251014,2025-10-14,CASE_INITIATION_TO_MILESTONE,2025-04-17,GENERAL_NOTICE,350,False,,2026-09-29,180,180,180,1,,0,False,False,Pune,,,District Collectorate & Administration Pune,RFCTLARR_2013,Rural Infrastructure,False,,,,,,,NOT_PUBLISHED_IN_GAZETTE,NOT_PUBLISHED_IN_STRUCTURED_DATA,NOT_APPLICABLE_IN_REAL_DATA,NOT_APPLICABLE_PRE_AWARD,UNPARSED_SCHEDULE_TABLE,UNPARSED_SCHEDULE_TABLE,NOT_PUBLISHED_IN_STRUCTURED_DATA,,NOT_APPLICABLE_PRE_SEC11
CAS_CLEAN_191,SNP_CAS_CLEAN_191_CASE_INITIATION_MILESTONE_20251015,2025-10-15,CASE_INITIATION_TO_MILESTONE,2025-07-17,GENERAL_NOTICE,349,False,,2026-09-29,90,90,90,1,,0,False,False,Pune,,,District Collectorate & Administration Pune,RFCTLARR_2013,Rural Infrastructure,False,,,,,,,NOT_PUBLISHED_IN_GAZETTE,NOT_PUBLISHED_IN_STRUCTURED_DATA,NOT_APPLICABLE_IN_REAL_DATA,NOT_APPLICABLE_PRE_AWARD,UNPARSED_SCHEDULE_TABLE,UNPARSED_SCHEDULE_TABLE,NOT_PUBLISHED_IN_STRUCTURED_DATA,,NOT_APPLICABLE_PRE_SEC11
CAS_CLEAN_198,SNP_CAS_CLEAN_198_CASE_INITIATION_MILESTONE_20251018,2025-10-18,CASE_INITIATION_TO_MILESTONE,2025-04-21,GENERAL_NOTICE,346,False,,2026-09-29,180,180,180,1,,0,False,False,Pune,,,District Collectorate & Administration Pune,RFCTLARR_2013,Rural Infrastructure,False,,,,,,,NOT_PUBLISHED_IN_GAZETTE,NOT_PUBLISHED_IN_STRUCTURED_DATA,NOT_APPLICABLE_IN_REAL_DATA,NOT_APPLICABLE_PRE_AWARD,UNPARSED_SCHEDULE_TABLE,UNPARSED_SCHEDULE_TABLE,NOT_PUBLISHED_IN_STRUCTURED_DATA,,NOT_APPLICABLE_PRE_SEC11
CAS_CLEAN_199,SNP_CAS_CLEAN_199_CASE_INITIATION_MILESTONE_20251018,2025-10-18,CASE_INITIATION_TO_MILESTONE,2025-04-21,GENERAL_NOTICE,346,False,,2026-09-29,180,180,180,1,,0,False,False,Pune,,,District Collectorate & Administration Pune,RFCTLARR_2013,Rural Infrastructure,False,,,,,,,NOT_PUBLISHED_IN_GAZETTE,NOT_PUBLISHED_IN_STRUCTURED_DATA,NOT_APPLICABLE_IN_REAL_DATA,NOT_APPLICABLE_PRE_AWARD,UNPARSED_SCHEDULE_TABLE,UNPARSED_SCHEDULE_TABLE,NOT_PUBLISHED_IN_STRUCTURED_DATA,,NOT_APPLICABLE_PRE_SEC11
CAS_CLEAN_200,SNP_CAS_CLEAN_200_CASE_INITIATION_MILESTONE_20251018,2025-10-18,CASE_INITIATION_TO_MILESTONE,2025-04-21,GENERAL_NOTICE,346,False,,2026-09-29,180,180,180,1,,0,False,False,Pune,,,District Collectorate & Administration Pune,RFCTLARR_2013,Rural Infrastructure,False,,,,,,,NOT_PUBLISHED_IN_GAZETTE,NOT_PUBLISHED_IN_STRUCTURED_DATA,NOT_APPLICABLE_IN_REAL_DATA,NOT_APPLICABLE_PRE_AWARD,UNPARSED_SCHEDULE_TABLE,UNPARSED_SCHEDULE_TABLE,NOT_PUBLISHED_IN_STRUCTURED_DATA,,NOT_APPLICABLE_PRE_SEC11
CAS_CLEAN_264,SNP_CAS_CLEAN_264_CASE_INITIATION_MILESTONE_20251018,2025-10-18,CASE_INITIATION_TO_MILESTONE,2025-04-21,GENERAL_NOTICE,346,False,,2026-09-29,180,180,180,1,,0,False,False,Solapur,,,District Collectorate & Administration Solapur,RFCTLARR_2013,Rural Infrastructure,False,,,,,,,NOT_PUBLISHED_IN_GAZETTE,NOT_PUBLISHED_IN_STRUCTURED_DATA,NOT_APPLICABLE_IN_REAL_DATA,NOT_APPLICABLE_PRE_AWARD,UNPARSED_SCHEDULE_TABLE,UNPARSED_SCHEDULE_TABLE,NOT_PUBLISHED_IN_STRUCTURED_DATA,,NOT_APPLICABLE_PRE_SEC11
CAS_CLEAN_054,SNP_CAS_CLEAN_054_CASE_INITIATION_MILESTONE_20251019,2025-10-19,CASE_INITIATION_TO_MILESTONE,2025-01-22,SECTION_11,345,False,,2026-09-29,270,270,270,1,0.7397,0,False,False,Nagpur,,,District Collectorate & Administration Nagpur,RFCTLARR_2013,Rural Infrastructure,False,,,,,,,NOT_PUBLISHED_IN_GAZETTE,NOT_PUBLISHED_IN_STRUCTURED_DATA,NOT_APPLICABLE_IN_REAL_DATA,NOT_APPLICABLE_PRE_AWARD,UNPARSED_SCHEDULE_TABLE,UNPARSED_SCHEDULE_TABLE,NOT_PUBLISHED_IN_STRUCTURED_DATA,,
CAS_CLEAN_237,SNP_CAS_CLEAN_237_CASE_INITIATION_MILESTONE_20251019,2025-10-19,CASE_INITIATION_TO_MILESTONE,2025-07-21,GENERAL_NOTICE,345,False,,2026-09-29,90,90,90,1,,0,False,False,Pune,,Khed,District Collectorate & Administration Pune,RFCTLARR_2013,Rural Infrastructure,False,,,,,,,NOT_PUBLISHED_IN_GAZETTE,NOT_PUBLISHED_IN_STRUCTURED_DATA,NOT_APPLICABLE_IN_REAL_DATA,NOT_APPLICABLE_PRE_AWARD,UNPARSED_SCHEDULE_TABLE,UNPARSED_SCHEDULE_TABLE,NOT_PUBLISHED_IN_STRUCTURED_DATA,,NOT_APPLICABLE_PRE_SEC11
CAS_CLEAN_251,SNP_CAS_CLEAN_251_CASE_INITIATION_MILESTONE_20251019,2025-10-19,CASE_INITIATION_TO_MILESTONE,2025-07-21,GENERAL_NOTICE,345,False,,2026-09-29,90,90,90,1,,0,False,False,Pune,,Nighoje,District Collectorate & Administration Pune,RFCTLARR_2013,Rural Infrastructure,False,,,,,,,NOT_PUBLISHED_IN_GAZETTE,NOT_PUBLISHED_IN_STRUCTURED_DATA,NOT_APPLICABLE_IN_REAL_DATA,NOT_APPLICABLE_PRE_AWARD,UNPARSED_SCHEDULE_TABLE,UNPARSED_SCHEDULE_TABLE,NOT_PUBLISHED_IN_STRUCTURED_DATA,,NOT_APPLICABLE_PRE_SEC11
CAS_CLEAN_057,SNP_CAS_CLEAN_057_CASE_INITIATION_MILESTONE_20251020,2025-10-20,CASE_INITIATION_TO_MILESTONE,2025-01-23,DIRECT_PURCHASE,344,False,,2026-09-29,270,270,270,1,,0,False,False,Nagpur,Bhiwapur,Gondbori,District Collectorate & Administration Nagpur,RFCTLARR_2013,Rural Infrastructure,True,,,,,,,NOT_PUBLISHED_IN_GAZETTE,NOT_PUBLISHED_IN_STRUCTURED_DATA,NOT_APPLICABLE_IN_REAL_DATA,NOT_APPLICABLE_PRE_AWARD,UNPARSED_SCHEDULE_TABLE,UNPARSED_SCHEDULE_TABLE,NOT_PUBLISHED_IN_STRUCTURED_DATA,,NOT_APPLICABLE_PRE_SEC11
CAS_CLEAN_112,SNP_CAS_CLEAN_112_CASE_INITIATION_MILESTONE_20251020,2025-10-20,CASE_INITIATION_TO_MILESTONE,2025-01-23,DIRECT_PURCHASE,344,False,,2026-09-29,270,270,270,1,,0,False,False,Nagpur,Bhiwapur,Piparda (Rithi),District Collectorate & Administration Nagpur,RFCTLARR_2013,Rural Infrastructure,True,,,,,,,NOT_PUBLISHED_IN_GAZETTE,NOT_PUBLISHED_IN_STRUCTURED_DATA,NOT_APPLICABLE_IN_REAL_DATA,NOT_APPLICABLE_PRE_AWARD,UNPARSED_SCHEDULE_TABLE,UNPARSED_SCHEDULE_TABLE,NOT_PUBLISHED_IN_STRUCTURED_DATA,,NOT_APPLICABLE_PRE_SEC11
CAS_CLEAN_222,SNP_CAS_CLEAN_222_CASE_INITIATION_MILESTONE_20251025,2025-10-25,CASE_INITIATION_TO_MILESTONE,2025-01-28,GENERAL_NOTICE,339,False,,2026-09-29,270,270,270,1,,0,False,False,Pune,,,District Collectorate & Administration Pune,RFCTLARR_2013,Rural Infrastructure,False,,,,,,,NOT_PUBLISHED_IN_GAZETTE,NOT_PUBLISHED_IN_STRUCTURED_DATA,NOT_APPLICABLE_IN_REAL_DATA,NOT_APPLICABLE_PRE_AWARD,UNPARSED_SCHEDULE_TABLE,UNPARSED_SCHEDULE_TABLE,NOT_PUBLISHED_IN_STRUCTURED_DATA,,NOT_APPLICABLE_PRE_SEC11
CAS_CLEAN_025,SNP_CAS_CLEAN_025_CASE_INITIATION_MILESTONE_20251030,2025-10-30,CASE_INITIATION_TO_MILESTONE,2025-08-01,SECTION_11,334,False,,2026-09-29,90,90,90,1,0.2466,0,False,False,Nagpur,,,District Collectorate & Administration Nagpur,RFCTLARR_2013,Rural Infrastructure,False,,,,,,,NOT_PUBLISHED_IN_GAZETTE,NOT_PUBLISHED_IN_STRUCTURED_DATA,NOT_APPLICABLE_IN_REAL_DATA,NOT_APPLICABLE_PRE_AWARD,UNPARSED_SCHEDULE_TABLE,UNPARSED_SCHEDULE_TABLE,NOT_PUBLISHED_IN_STRUCTURED_DATA,,
CAS_CLEAN_026,SNP_CAS_CLEAN_026_CASE_INITIATION_MILESTONE_20251030,2025-10-30,CASE_INITIATION_TO_MILESTONE,2025-08-01,SECTION_11,334,False,,2026-09-29,90,90,90,1,0.2466,0,False,False,Nagpur,t TiqHT,,District Collectorate & Administration Nagpur,RFCTLARR_2013,Rural Infrastructure,False,,,,,,,NOT_PUBLISHED_IN_GAZETTE,NOT_PUBLISHED_IN_STRUCTURED_DATA,NOT_APPLICABLE_IN_REAL_DATA,NOT_APPLICABLE_PRE_AWARD,UNPARSED_SCHEDULE_TABLE,UNPARSED_SCHEDULE_TABLE,NOT_PUBLISHED_IN_STRUCTURED_DATA,,
CAS_CLEAN_065,SNP_CAS_CLEAN_065_CASE_INITIATION_MILESTONE_20251030,2025-10-30,CASE_INITIATION_TO_MILESTONE,2025-08-01,SECTION_11,334,False,,2026-09-29,90,90,90,1,0.2466,0,False,False,Nagpur,,Hardoli,District Collectorate & Administration Nagpur,RFCTLARR_2013,Rural Infrastructure,False,,,,,,,NOT_PUBLISHED_IN_GAZETTE,NOT_PUBLISHED_IN_STRUCTURED_DATA,NOT_APPLICABLE_IN_REAL_DATA,NOT_APPLICABLE_PRE_AWARD,UNPARSED_SCHEDULE_TABLE,UNPARSED_SCHEDULE_TABLE,NOT_PUBLISHED_IN_STRUCTURED_DATA,,
CAS_CLEAN_078,SNP_CAS_CLEAN_078_CASE_INITIATION_MILESTONE_20251030,2025-10-30,CASE_INITIATION_TO_MILESTONE,2025-08-01,SECTION_11,334,False,,2026-09-29,90,90,90,1,0.2466,0,False,False,Nagpur,,Kotgaon,District Collectorate & Administration Nagpur,RFCTLARR_2013,Rural Infrastructure,False,,,,,,,NOT_PUBLISHED_IN_GAZETTE,NOT_PUBLISHED_IN_STRUCTURED_DATA,NOT_APPLICABLE_IN_REAL_DATA,NOT_APPLICABLE_PRE_AWARD,UNPARSED_SCHEDULE_TABLE,UNPARSED_SCHEDULE_TABLE,NOT_PUBLISHED_IN_STRUCTURED_DATA,,
CAS_CLEAN_103,SNP_CAS_CLEAN_103_CASE_INITIATION_MILESTONE_20251030,2025-10-30,CASE_INITIATION_TO_MILESTONE,2025-08-01,SECTION_11,334,False,,2026-09-29,90,90,90,1,0.2466,0,False,False,Nagpur,,Navegao,District Collectorate & Administration Nagpur,RFCTLARR_2013,Rural Infrastructure,False,,,,,,,NOT_PUBLISHED_IN_GAZETTE,NOT_PUBLISHED_IN_STRUCTURED_DATA,NOT_APPLICABLE_IN_REAL_DATA,NOT_APPLICABLE_PRE_AWARD,UNPARSED_SCHEDULE_TABLE,UNPARSED_SCHEDULE_TABLE,NOT_PUBLISHED_IN_STRUCTURED_DATA,,
CAS_CLEAN_121,SNP_CAS_CLEAN_121_CASE_INITIATION_MILESTONE_20251030,2025-10-30,CASE_INITIATION_TO_MILESTONE,2025-08-01,SECTION_11,334,False,,2026-09-29,90,90,90,1,0.2466,0,False,False,Nagpur,Tlq,Rajola,District Collectorate & Administration Nagpur,RFCTLARR_2013,Rural Infrastructure,False,,,,,,,NOT_PUBLISHED_IN_GAZETTE,NOT_PUBLISHED_IN_STRUCTURED_DATA,NOT_APPLICABLE_IN_REAL_DATA,NOT_APPLICABLE_PRE_AWARD,UNPARSED_SCHEDULE_TABLE,UNPARSED_SCHEDULE_TABLE,NOT_PUBLISHED_IN_STRUCTURED_DATA,,
CAS_CLEAN_097,SNP_CAS_CLEAN_097_CASE_INITIATION_MILESTONE_20251101,2025-11-01,CASE_INITIATION_TO_MILESTONE,2025-05-05,SECTION_21,332,False,,2026-09-29,180,180,180,1,,0,False,False,Nagpur,Nagpur (Urban),Nagpur (Khas),District Collectorate & Administration Nagpur,RFCTLARR_2013,Highway / Road Widening,False,,,,,,,NOT_PUBLISHED_IN_GAZETTE,NOT_PUBLISHED_IN_STRUCTURED_DATA,NOT_APPLICABLE_IN_REAL_DATA,NOT_APPLICABLE_PRE_AWARD,UNPARSED_SCHEDULE_TABLE,UNPARSED_SCHEDULE_TABLE,NOT_PUBLISHED_IN_STRUCTURED_DATA,,NOT_APPLICABLE_PRE_SEC11
CAS_CLEAN_190,SNP_CAS_CLEAN_190_CASE_INITIATION_MILESTONE_20251102,2025-11-02,CASE_INITIATION_TO_MILESTONE,2025-08-04,GENERAL_NOTICE,331,False,,2026-09-29,90,90,90,1,,0,False,False,Pune,,,District Collectorate & Administration Pune,RFCTLARR_2013,Rural Infrastructure,False,,,,,,,NOT_PUBLISHED_IN_GAZETTE,NOT_PUBLISHED_IN_STRUCTURED_DATA,NOT_APPLICABLE_IN_REAL_DATA,NOT_APPLICABLE_PRE_AWARD,UNPARSED_SCHEDULE_TABLE,UNPARSED_SCHEDULE_TABLE,NOT_PUBLISHED_IN_STRUCTURED_DATA,,NOT_APPLICABLE_PRE_SEC11
CAS_CLEAN_216,SNP_CAS_CLEAN_216_CASE_INITIATION_MILESTONE_20251110,2025-11-10,CASE_INITIATION_TO_MILESTONE,2025-02-13,GENERAL_NOTICE,323,False,,2026-09-29,270,270,270,1,,0,False,False,Pune,,,District Collectorate & Administration Pune,RFCTLARR_2013,Rural Infrastructure,False,,,,,,,NOT_PUBLISHED_IN_GAZETTE,NOT_PUBLISHED_IN_STRUCTURED_DATA,NOT_APPLICABLE_IN_REAL_DATA,NOT_APPLICABLE_PRE_AWARD,UNPARSED_SCHEDULE_TABLE,UNPARSED_SCHEDULE_TABLE,NOT_PUBLISHED_IN_STRUCTURED_DATA,,NOT_APPLICABLE_PRE_SEC11
CAS_CLEAN_218,SNP_CAS_CLEAN_218_CASE_INITIATION_MILESTONE_20251110,2025-11-10,CASE_INITIATION_TO_MILESTONE,2025-02-13,GENERAL_NOTICE,323,False,,2026-09-29,270,270,270,1,,0,False,False,Pune,,,District Collectorate & Administration Pune,RFCTLARR_2013,Rural Infrastructure,False,,,,,,,NOT_PUBLISHED_IN_GAZETTE,NOT_PUBLISHED_IN_STRUCTURED_DATA,NOT_APPLICABLE_IN_REAL_DATA,NOT_APPLICABLE_PRE_AWARD,UNPARSED_SCHEDULE_TABLE,UNPARSED_SCHEDULE_TABLE,NOT_PUBLISHED_IN_STRUCTURED_DATA,,NOT_APPLICABLE_PRE_SEC11
CAS_CLEAN_219,SNP_CAS_CLEAN_219_CASE_INITIATION_MILESTONE_20251110,2025-11-10,CASE_INITIATION_TO_MILESTONE,2025-02-13,GENERAL_NOTICE,323,False,,2026-09-29,270,270,270,1,,0,False,False,Pune,,,District Collectorate & Administration Pune,RFCTLARR_2013,Rural Infrastructure,False,,,,,,,NOT_PUBLISHED_IN_GAZETTE,NOT_PUBLISHED_IN_STRUCTURED_DATA,NOT_APPLICABLE_IN_REAL_DATA,NOT_APPLICABLE_PRE_AWARD,UNPARSED_SCHEDULE_TABLE,UNPARSED_SCHEDULE_TABLE,NOT_PUBLISHED_IN_STRUCTURED_DATA,,NOT_APPLICABLE_PRE_SEC11
CAS_CLEAN_221,SNP_CAS_CLEAN_221_CASE_INITIATION_MILESTONE_20251110,2025-11-10,CASE_INITIATION_TO_MILESTONE,2025-02-13,GENERAL_NOTICE,323,False,,2026-09-29,270,270,270,1,,0,False,False,Pune,,,District Collectorate & Administration Pune,RFCTLARR_2013,Rural Infrastructure,False,,,,,,,NOT_PUBLISHED_IN_GAZETTE,NOT_PUBLISHED_IN_STRUCTURED_DATA,NOT_APPLICABLE_IN_REAL_DATA,NOT_APPLICABLE_PRE_AWARD,UNPARSED_SCHEDULE_TABLE,UNPARSED_SCHEDULE_TABLE,NOT_PUBLISHED_IN_STRUCTURED_DATA,,NOT_APPLICABLE_PRE_SEC11
CAS_CLEAN_016,SNP_CAS_CLEAN_016_CASE_INITIATION_MILESTONE_20251111,2025-11-11,CASE_INITIATION_TO_MILESTONE,2025-02-14,DIRECT_PURCHASE,322,False,,2026-09-29,270,270,270,1,,0,False,False,Nagpur,Bhiwapur,Bhiwapur,District Collectorate & Administration Nagpur,RFCTLARR_2013,Rural Infrastructure,True,,,,,,,NOT_PUBLISHED_IN_GAZETTE,NOT_PUBLISHED_IN_STRUCTURED_DATA,NOT_APPLICABLE_IN_REAL_DATA,NOT_APPLICABLE_PRE_AWARD,UNPARSED_SCHEDULE_TABLE,UNPARSED_SCHEDULE_TABLE,NOT_PUBLISHED_IN_STRUCTURED_DATA,,NOT_APPLICABLE_PRE_SEC11
CAS_CLEAN_234,SNP_CAS_CLEAN_234_CASE_INITIATION_MILESTONE_20251117,2025-11-17,CASE_INITIATION_TO_MILESTONE,2025-02-20,GENERAL_NOTICE,316,False,,2026-09-29,270,270,270,1,,0,False,False,Pune,Haveli,Katraj,District Collectorate & Administration Pune,RFCTLARR_2013,Highway / Road Widening,False,,,,,,,NOT_PUBLISHED_IN_GAZETTE,NOT_PUBLISHED_IN_STRUCTURED_DATA,NOT_APPLICABLE_IN_REAL_DATA,NOT_APPLICABLE_PRE_AWARD,UNPARSED_SCHEDULE_TABLE,UNPARSED_SCHEDULE_TABLE,NOT_PUBLISHED_IN_STRUCTURED_DATA,,NOT_APPLICABLE_PRE_SEC11
CAS_CLEAN_100,SNP_CAS_CLEAN_100_CASE_INITIATION_MILESTONE_20251122,2025-11-22,CASE_INITIATION_TO_MILESTONE,2025-02-25,SECTION_21,311,False,,2026-09-29,270,270,270,1,,0,False,False,Nagpur,,Nagpur (Khas),District Collectorate & Administration Nagpur,RFCTLARR_2013,Rural Infrastructure,False,,,,,,,NOT_PUBLISHED_IN_GAZETTE,NOT_PUBLISHED_IN_STRUCTURED_DATA,NOT_APPLICABLE_IN_REAL_DATA,NOT_APPLICABLE_PRE_AWARD,UNPARSED_SCHEDULE_TABLE,UNPARSED_SCHEDULE_TABLE,NOT_PUBLISHED_IN_STRUCTURED_DATA,,NOT_APPLICABLE_PRE_SEC11
CAS_CLEAN_024,SNP_CAS_CLEAN_024_CASE_INITIATION_MILESTONE_20251124,2025-11-24,CASE_INITIATION_TO_MILESTONE,2025-05-28,GENERAL_NOTICE,309,False,,2026-09-29,180,180,180,1,,0,False,False,Nagpur,Nagpur City,,District Collectorate & Administration Nagpur,RFCTLARR_2013,Rural Infrastructure,False,,,,,,,NOT_PUBLISHED_IN_GAZETTE,NOT_PUBLISHED_IN_STRUCTURED_DATA,NOT_APPLICABLE_IN_REAL_DATA,NOT_APPLICABLE_PRE_AWARD,UNPARSED_SCHEDULE_TABLE,UNPARSED_SCHEDULE_TABLE,NOT_PUBLISHED_IN_STRUCTURED_DATA,,NOT_APPLICABLE_PRE_SEC11
CAS_CLEAN_203,SNP_CAS_CLEAN_203_CASE_INITIATION_MILESTONE_20251124,2025-11-24,CASE_INITIATION_TO_MILESTONE,2025-02-27,GENERAL_NOTICE,309,False,,2026-09-29,270,270,270,1,,0,False,False,Pune,,,District Collectorate & Administration Pune,RFCTLARR_2013,Rural Infrastructure,False,,,,,,,NOT_PUBLISHED_IN_GAZETTE,NOT_PUBLISHED_IN_STRUCTURED_DATA,NOT_APPLICABLE_IN_REAL_DATA,NOT_APPLICABLE_PRE_AWARD,UNPARSED_SCHEDULE_TABLE,UNPARSED_SCHEDULE_TABLE,NOT_PUBLISHED_IN_STRUCTURED_DATA,,NOT_APPLICABLE_PRE_SEC11
CAS_CLEAN_204,SNP_CAS_CLEAN_204_CASE_INITIATION_MILESTONE_20251124,2025-11-24,CASE_INITIATION_TO_MILESTONE,2025-02-27,GENERAL_NOTICE,309,False,,2026-09-29,270,270,270,1,,0,False,False,Pune,HH fOnT,,District Collectorate & Administration Pune,RFCTLARR_2013,Rural Infrastructure,False,,,,,,,NOT_PUBLISHED_IN_GAZETTE,NOT_PUBLISHED_IN_STRUCTURED_DATA,NOT_APPLICABLE_IN_REAL_DATA,NOT_APPLICABLE_PRE_AWARD,UNPARSED_SCHEDULE_TABLE,UNPARSED_SCHEDULE_TABLE,NOT_PUBLISHED_IN_STRUCTURED_DATA,,NOT_APPLICABLE_PRE_SEC11
CAS_CLEAN_205,SNP_CAS_CLEAN_205_CASE_INITIATION_MILESTONE_20251124,2025-11-24,CASE_INITIATION_TO_MILESTONE,2025-02-27,GENERAL_NOTICE,309,False,,2026-09-29,270,270,270,1,,0,False,False,Pune,qgTITFt aNNvq,,District Collectorate & Administration Pune,RFCTLARR_2013,Rural Infrastructure,False,,,,,,,NOT_PUBLISHED_IN_GAZETTE,NOT_PUBLISHED_IN_STRUCTURED_DATA,NOT_APPLICABLE_IN_REAL_DATA,NOT_APPLICABLE_PRE_AWARD,UNPARSED_SCHEDULE_TABLE,UNPARSED_SCHEDULE_TABLE,NOT_PUBLISHED_IN_STRUCTURED_DATA,,NOT_APPLICABLE_PRE_SEC11
CAS_CLEAN_206,SNP_CAS_CLEAN_206_CASE_INITIATION_MILESTONE_20251124,2025-11-24,CASE_INITIATION_TO_MILESTONE,2025-02-27,GENERAL_NOTICE,309,False,,2026-09-29,270,270,270,1,,0,False,False,Pune,,,District Collectorate & Administration Pune,RFCTLARR_2013,Rural Infrastructure,False,,,,,,,NOT_PUBLISHED_IN_GAZETTE,NOT_PUBLISHED_IN_STRUCTURED_DATA,NOT_APPLICABLE_IN_REAL_DATA,NOT_APPLICABLE_PRE_AWARD,UNPARSED_SCHEDULE_TABLE,UNPARSED_SCHEDULE_TABLE,NOT_PUBLISHED_IN_STRUCTURED_DATA,,NOT_APPLICABLE_PRE_SEC11
CAS_CLEAN_033,SNP_CAS_CLEAN_033_CASE_INITIATION_MILESTONE_20251126,2025-11-26,CASE_INITIATION_TO_MILESTONE,2025-05-30,GENERAL_NOTICE,307,False,,2026-09-29,180,180,180,1,,0,False,False,Nagpur,,,District Collectorate & Administration Nagpur,RFCTLARR_2013,Highway / Road Widening,False,,,,,,,NOT_PUBLISHED_IN_GAZETTE,NOT_PUBLISHED_IN_STRUCTURED_DATA,NOT_APPLICABLE_IN_REAL_DATA,NOT_APPLICABLE_PRE_AWARD,UNPARSED_SCHEDULE_TABLE,UNPARSED_SCHEDULE_TABLE,NOT_PUBLISHED_IN_STRUCTURED_DATA,,NOT_APPLICABLE_PRE_SEC11
CAS_CLEAN_211,SNP_CAS_CLEAN_211_CASE_INITIATION_MILESTONE_20251126,2025-11-26,CASE_INITIATION_TO_MILESTONE,2025-03-01,GENERAL_NOTICE,307,False,,2026-09-29,270,270,270,1,,0,False,False,Pune,,,District Collectorate & Administration Pune,RFCTLARR_2013,Rural Infrastructure,False,,,,,,,NOT_PUBLISHED_IN_GAZETTE,NOT_PUBLISHED_IN_STRUCTURED_DATA,NOT_APPLICABLE_IN_REAL_DATA,NOT_APPLICABLE_PRE_AWARD,UNPARSED_SCHEDULE_TABLE,UNPARSED_SCHEDULE_TABLE,NOT_PUBLISHED_IN_STRUCTURED_DATA,,NOT_APPLICABLE_PRE_SEC11
CAS_CLEAN_023,SNP_CAS_CLEAN_023_CASE_INITIATION_MILESTONE_20251202,2025-12-02,CASE_INITIATION_TO_MILESTONE,2025-06-05,GENERAL_NOTICE,301,False,,2026-09-29,180,180,180,1,,0,False,False,Nagpur,,,District Collectorate & Administration Nagpur,RFCTLARR_2013,Rural Infrastructure,False,,,,,,,NOT_PUBLISHED_IN_GAZETTE,NOT_PUBLISHED_IN_STRUCTURED_DATA,NOT_APPLICABLE_IN_REAL_DATA,NOT_APPLICABLE_PRE_AWARD,UNPARSED_SCHEDULE_TABLE,UNPARSED_SCHEDULE_TABLE,NOT_PUBLISHED_IN_STRUCTURED_DATA,,NOT_APPLICABLE_PRE_SEC11
CAS_CLEAN_148,SNP_CAS_CLEAN_148_CASE_INITIATION_MILESTONE_20251202,2025-12-02,CASE_INITIATION_TO_MILESTONE,2024-12-02,GENERAL_NOTICE,301,False,,2026-09-29,365,365,365,1,,0,False,False,Nagpur,Bhivapur,Thutanbori,District Collectorate & Administration Nagpur,RFCTLARR_2013,Rural Infrastructure,False,,,,,,,NOT_PUBLISHED_IN_GAZETTE,NOT_PUBLISHED_IN_STRUCTURED_DATA,NOT_APPLICABLE_IN_REAL_DATA,NOT_APPLICABLE_PRE_AWARD,UNPARSED_SCHEDULE_TABLE,UNPARSED_SCHEDULE_TABLE,NOT_PUBLISHED_IN_STRUCTURED_DATA,,NOT_APPLICABLE_PRE_SEC11
CAS_CLEAN_189,SNP_CAS_CLEAN_189_CASE_INITIATION_MILESTONE_20251202,2025-12-02,CASE_INITIATION_TO_MILESTONE,2025-09-03,GENERAL_NOTICE,301,False,,2026-09-29,90,90,90,1,,0,False,False,Pune,,,District Collectorate & Administration Pune,RFCTLARR_2013,Rural Infrastructure,False,,,,,,,NOT_PUBLISHED_IN_GAZETTE,NOT_PUBLISHED_IN_STRUCTURED_DATA,NOT_APPLICABLE_IN_REAL_DATA,NOT_APPLICABLE_PRE_AWARD,UNPARSED_SCHEDULE_TABLE,UNPARSED_SCHEDULE_TABLE,NOT_PUBLISHED_IN_STRUCTURED_DATA,,NOT_APPLICABLE_PRE_SEC11
CAS_CLEAN_193,SNP_CAS_CLEAN_193_CASE_INITIATION_MILESTONE_20251203,2025-12-03,CASE_INITIATION_TO_MILESTONE,2025-06-06,GENERAL_NOTICE,300,False,,2026-09-29,180,180,180,1,,0,False,False,Pune,,,District Collectorate & Administration Pune,RFCTLARR_2013,Rural Infrastructure,False,,,,,,,NOT_PUBLISHED_IN_GAZETTE,NOT_PUBLISHED_IN_STRUCTURED_DATA,NOT_APPLICABLE_IN_REAL_DATA,NOT_APPLICABLE_PRE_AWARD,UNPARSED_SCHEDULE_TABLE,UNPARSED_SCHEDULE_TABLE,NOT_PUBLISHED_IN_STRUCTURED_DATA,,NOT_APPLICABLE_PRE_SEC11
CAS_CLEAN_196,SNP_CAS_CLEAN_196_CASE_INITIATION_MILESTONE_20251203,2025-12-03,CASE_INITIATION_TO_MILESTONE,2025-06-06,GENERAL_NOTICE,300,False,,2026-09-29,180,180,180,1,,0,False,False,Pune,,,District Collectorate & Administration Pune,RFCTLARR_2013,Rural Infrastructure,False,,,,,,,NOT_PUBLISHED_IN_GAZETTE,NOT_PUBLISHED_IN_STRUCTURED_DATA,NOT_APPLICABLE_IN_REAL_DATA,NOT_APPLICABLE_PRE_AWARD,UNPARSED_SCHEDULE_TABLE,UNPARSED_SCHEDULE_TABLE,NOT_PUBLISHED_IN_STRUCTURED_DATA,,NOT_APPLICABLE_PRE_SEC11
CAS_CLEAN_212,SNP_CAS_CLEAN_212_CASE_INITIATION_MILESTONE_20251205,2025-12-05,CASE_INITIATION_TO_MILESTONE,2025-03-10,GENERAL_NOTICE,298,False,,2026-09-29,270,270,270,1,,0,False,False,Pune,,,District Collectorate & Administration Pune,RFCTLARR_2013,Rural Infrastructure,False,,,,,,,NOT_PUBLISHED_IN_GAZETTE,NOT_PUBLISHED_IN_STRUCTURED_DATA,NOT_APPLICABLE_IN_REAL_DATA,NOT_APPLICABLE_PRE_AWARD,UNPARSED_SCHEDULE_TABLE,UNPARSED_SCHEDULE_TABLE,NOT_PUBLISHED_IN_STRUCTURED_DATA,,NOT_APPLICABLE_PRE_SEC11
CAS_CLEAN_213,SNP_CAS_CLEAN_213_CASE_INITIATION_MILESTONE_20251205,2025-12-05,CASE_INITIATION_TO_MILESTONE,2025-03-10,GENERAL_NOTICE,298,False,,2026-09-29,270,270,270,1,,0,False,False,Pune,,,District Collectorate & Administration Pune,RFCTLARR_2013,Rural Infrastructure,False,,,,,,,NOT_PUBLISHED_IN_GAZETTE,NOT_PUBLISHED_IN_STRUCTURED_DATA,NOT_APPLICABLE_IN_REAL_DATA,NOT_APPLICABLE_PRE_AWARD,UNPARSED_SCHEDULE_TABLE,UNPARSED_SCHEDULE_TABLE,NOT_PUBLISHED_IN_STRUCTURED_DATA,,NOT_APPLICABLE_PRE_SEC11
CAS_CLEAN_215,SNP_CAS_CLEAN_215_CASE_INITIATION_MILESTONE_20251206,2025-12-06,CASE_INITIATION_TO_MILESTONE,2025-03-11,GENERAL_NOTICE,297,False,,2026-09-29,270,270,270,1,,0,False,False,Pune,,,District Collectorate & Administration Pune,RFCTLARR_2013,Rural Infrastructure,False,,,,,,,NOT_PUBLISHED_IN_GAZETTE,NOT_PUBLISHED_IN_STRUCTURED_DATA,NOT_APPLICABLE_IN_REAL_DATA,NOT_APPLICABLE_PRE_AWARD,UNPARSED_SCHEDULE_TABLE,UNPARSED_SCHEDULE_TABLE,NOT_PUBLISHED_IN_STRUCTURED_DATA,,NOT_APPLICABLE_PRE_SEC11
CAS_CLEAN_207,SNP_CAS_CLEAN_207_CASE_INITIATION_MILESTONE_20251208,2025-12-08,CASE_INITIATION_TO_MILESTONE,2025-03-13,GENERAL_NOTICE,295,False,,2026-09-29,270,270,270,1,,0,False,False,Pune,,,District Collectorate & Administration Pune,RFCTLARR_2013,Rural Infrastructure,False,,,,,,,NOT_PUBLISHED_IN_GAZETTE,NOT_PUBLISHED_IN_STRUCTURED_DATA,NOT_APPLICABLE_IN_REAL_DATA,NOT_APPLICABLE_PRE_AWARD,UNPARSED_SCHEDULE_TABLE,UNPARSED_SCHEDULE_TABLE,NOT_PUBLISHED_IN_STRUCTURED_DATA,,NOT_APPLICABLE_PRE_SEC11
CAS_CLEAN_208,SNP_CAS_CLEAN_208_CASE_INITIATION_MILESTONE_20251208,2025-12-08,CASE_INITIATION_TO_MILESTONE,2025-03-13,GENERAL_NOTICE,295,False,,2026-09-29,270,270,270,1,,0,False,False,Pune,,,District Collectorate & Administration Pune,RFCTLARR_2013,Rural Infrastructure,False,,,,,,,NOT_PUBLISHED_IN_GAZETTE,NOT_PUBLISHED_IN_STRUCTURED_DATA,NOT_APPLICABLE_IN_REAL_DATA,NOT_APPLICABLE_PRE_AWARD,UNPARSED_SCHEDULE_TABLE,UNPARSED_SCHEDULE_TABLE,NOT_PUBLISHED_IN_STRUCTURED_DATA,,NOT_APPLICABLE_PRE_SEC11
CAS_CLEAN_209,SNP_CAS_CLEAN_209_CASE_INITIATION_MILESTONE_20251208,2025-12-08,CASE_INITIATION_TO_MILESTONE,2025-03-13,GENERAL_NOTICE,295,False,,2026-09-29,270,270,270,1,,0,False,False,Pune,,,District Collectorate & Administration Pune,RFCTLARR_2013,Rural Infrastructure,False,,,,,,,NOT_PUBLISHED_IN_GAZETTE,NOT_PUBLISHED_IN_STRUCTURED_DATA,NOT_APPLICABLE_IN_REAL_DATA,NOT_APPLICABLE_PRE_AWARD,UNPARSED_SCHEDULE_TABLE,UNPARSED_SCHEDULE_TABLE,NOT_PUBLISHED_IN_STRUCTURED_DATA,,NOT_APPLICABLE_PRE_SEC11
CAS_CLEAN_245,SNP_CAS_CLEAN_245_CASE_INITIATION_MILESTONE_20251209,2025-12-09,CASE_INITIATION_TO_MILESTONE,2025-09-10,GENERAL_NOTICE,294,False,,2026-09-29,90,90,90,1,,0,False,False,Pune,,Lonikand,District Collectorate & Administration Pune,RFCTLARR_2013,Rural Infrastructure,False,,,,,,,NOT_PUBLISHED_IN_GAZETTE,NOT_PUBLISHED_IN_STRUCTURED_DATA,NOT_APPLICABLE_IN_REAL_DATA,NOT_APPLICABLE_PRE_AWARD,UNPARSED_SCHEDULE_TABLE,UNPARSED_SCHEDULE_TABLE,NOT_PUBLISHED_IN_STRUCTURED_DATA,,NOT_APPLICABLE_PRE_SEC11
CAS_CLEAN_005,SNP_CAS_CLEAN_005_CASE_INITIATION_MILESTONE_20251210,2025-12-10,CASE_INITIATION_TO_MILESTONE,2024-12-10,DIRECT_PURCHASE,293,False,,2026-09-29,365,329,329,2,,0,False,False,Nagpur,Kuhi,Awarmara,District Collectorate & Administration Nagpur,RFCTLARR_2013,Rural Infrastructure,True,,,,,,,NOT_PUBLISHED_IN_GAZETTE,NOT_PUBLISHED_IN_STRUCTURED_DATA,NOT_APPLICABLE_IN_REAL_DATA,NOT_APPLICABLE_PRE_AWARD,UNPARSED_SCHEDULE_TABLE,UNPARSED_SCHEDULE_TABLE,NOT_PUBLISHED_IN_STRUCTURED_DATA,,NOT_APPLICABLE_PRE_SEC11
CAS_CLEAN_079,SNP_CAS_CLEAN_079_CASE_INITIATION_MILESTONE_20251210,2025-12-10,CASE_INITIATION_TO_MILESTONE,2024-12-10,DIRECT_PURCHASE,293,False,,2026-09-29,365,329,329,2,,0,False,False,Nagpur,Kuhi,Kujba,District Collectorate & Administration Nagpur,RFCTLARR_2013,Rural Infrastructure,True,,,,,,,NOT_PUBLISHED_IN_GAZETTE,NOT_PUBLISHED_IN_STRUCTURED_DATA,NOT_APPLICABLE_IN_REAL_DATA,NOT_APPLICABLE_PRE_AWARD,UNPARSED_SCHEDULE_TABLE,UNPARSED_SCHEDULE_TABLE,NOT_PUBLISHED_IN_STRUCTURED_DATA,,NOT_APPLICABLE_PRE_SEC11
CAS_CLEAN_145,SNP_CAS_CLEAN_145_CASE_INITIATION_MILESTONE_20251210,2025-12-10,CASE_INITIATION_TO_MILESTONE,2024-12-10,DIRECT_PURCHASE,293,False,,2026-09-29,365,329,329,2,,0,False,False,Nagpur,Kuhi,Takli,District Collectorate & Administration Nagpur,RFCTLARR_2013,Rural Infrastructure,True,,,,,,,NOT_PUBLISHED_IN_GAZETTE,NOT_PUBLISHED_IN_STRUCTURED_DATA,NOT_APPLICABLE_IN_REAL_DATA,NOT_APPLICABLE_PRE_AWARD,UNPARSED_SCHEDULE_TABLE,UNPARSED_SCHEDULE_TABLE,NOT_PUBLISHED_IN_STRUCTURED_DATA,,NOT_APPLICABLE_PRE_SEC11
CAS_CLEAN_091,SNP_CAS_CLEAN_091_CASE_INITIATION_MILESTONE_20251212,2025-12-12,CASE_INITIATION_TO_MILESTONE,2024-12-12,GENERAL_NOTICE,291,False,,2026-09-29,365,365,365,1,,0,False,False,Nagpur,,Nagpur City,District Collectorate & Administration Nagpur,RFCTLARR_2013,Rural Infrastructure,False,,,,,,,NOT_PUBLISHED_IN_GAZETTE,NOT_PUBLISHED_IN_STRUCTURED_DATA,NOT_APPLICABLE_IN_REAL_DATA,NOT_APPLICABLE_PRE_AWARD,UNPARSED_SCHEDULE_TABLE,UNPARSED_SCHEDULE_TABLE,NOT_PUBLISHED_IN_STRUCTURED_DATA,,NOT_APPLICABLE_PRE_SEC11
CAS_CLEAN_258,SNP_CAS_CLEAN_258_CASE_INITIATION_MILESTONE_20251212,2025-12-12,CASE_INITIATION_TO_MILESTONE,2025-03-17,GENERAL_NOTICE,291,False,,2026-09-29,270,270,270,1,,0,False,False,Pune,Haveli,Vadgaon Sheri,District Collectorate & Administration Pune,LAND_ACQUISITION_ACT_1894,Highway / Road Widening,False,,,,,,,NOT_PUBLISHED_IN_GAZETTE,NOT_PUBLISHED_IN_STRUCTURED_DATA,NOT_APPLICABLE_IN_REAL_DATA,NOT_APPLICABLE_PRE_AWARD,UNPARSED_SCHEDULE_TABLE,UNPARSED_SCHEDULE_TABLE,NOT_PUBLISHED_IN_STRUCTURED_DATA,,NOT_APPLICABLE_PRE_SEC11
CAS_CLEAN_259,SNP_CAS_CLEAN_259_CASE_INITIATION_MILESTONE_20251212,2025-12-12,CASE_INITIATION_TO_MILESTONE,2025-12-12,SECTION_11,291,False,,2026-09-29,0,0,0,1,0.0,0,False,False,Solapur,Malshiras,,District Collectorate & Administration Solapur,RFCTLARR_2013,Rural Infrastructure,False,,,,,,,NOT_PUBLISHED_IN_GAZETTE,NOT_PUBLISHED_IN_STRUCTURED_DATA,NOT_APPLICABLE_IN_REAL_DATA,NOT_APPLICABLE_PRE_AWARD,UNPARSED_SCHEDULE_TABLE,UNPARSED_SCHEDULE_TABLE,NOT_PUBLISHED_IN_STRUCTURED_DATA,,
CAS_CLEAN_210,SNP_CAS_CLEAN_210_CASE_INITIATION_MILESTONE_20251215,2025-12-15,CASE_INITIATION_TO_MILESTONE,2025-03-20,GENERAL_NOTICE,288,False,,2026-09-29,270,270,270,1,,0,False,False,Pune,,,District Collectorate & Administration Pune,RFCTLARR_2013,Rural Infrastructure,False,,,,,,,NOT_PUBLISHED_IN_GAZETTE,NOT_PUBLISHED_IN_STRUCTURED_DATA,NOT_APPLICABLE_IN_REAL_DATA,NOT_APPLICABLE_PRE_AWARD,UNPARSED_SCHEDULE_TABLE,UNPARSED_SCHEDULE_TABLE,NOT_PUBLISHED_IN_STRUCTURED_DATA,,NOT_APPLICABLE_PRE_SEC11
CAS_CLEAN_244,SNP_CAS_CLEAN_244_CASE_INITIATION_MILESTONE_20251216,2025-12-16,CASE_INITIATION_TO_MILESTONE,2025-09-17,GENERAL_NOTICE,287,False,,2026-09-29,90,90,90,1,,0,False,False,Pune,,Lonikand,District Collectorate & Administration Pune,RFCTLARR_2013,Rural Infrastructure,False,,,,,,,NOT_PUBLISHED_IN_GAZETTE,NOT_PUBLISHED_IN_STRUCTURED_DATA,NOT_APPLICABLE_IN_REAL_DATA,NOT_APPLICABLE_PRE_AWARD,UNPARSED_SCHEDULE_TABLE,UNPARSED_SCHEDULE_TABLE,NOT_PUBLISHED_IN_STRUCTURED_DATA,,NOT_APPLICABLE_PRE_SEC11
CAS_CLEAN_133,SNP_CAS_CLEAN_133_CASE_INITIATION_MILESTONE_20251218,2025-12-18,CASE_INITIATION_TO_MILESTONE,2025-09-19,SECTION_21,285,False,,2026-09-29,90,90,90,1,,0,False,False,Nagpur,Kuhi,Savargao,District Collectorate & Administration Nagpur,RFCTLARR_2013,Rural Infrastructure,False,,,,,,,NOT_PUBLISHED_IN_GAZETTE,NOT_PUBLISHED_IN_STRUCTURED_DATA,NOT_APPLICABLE_IN_REAL_DATA,NOT_APPLICABLE_PRE_AWARD,UNPARSED_SCHEDULE_TABLE,UNPARSED_SCHEDULE_TABLE,NOT_PUBLISHED_IN_STRUCTURED_DATA,,NOT_APPLICABLE_PRE_SEC11
CAS_CLEAN_101,SNP_CAS_CLEAN_101_CASE_INITIATION_MILESTONE_20251220,2025-12-20,CASE_INITIATION_TO_MILESTONE,2025-06-23,SECTION_21,283,False,,2026-09-29,180,180,180,1,,0,False,False,Nagpur,,Nagpur (Khas),District Collectorate & Administration Nagpur,RFCTLARR_2013,Rural Infrastructure,False,,,,,,,NOT_PUBLISHED_IN_GAZETTE,NOT_PUBLISHED_IN_STRUCTURED_DATA,NOT_APPLICABLE_IN_REAL_DATA,NOT_APPLICABLE_PRE_AWARD,UNPARSED_SCHEDULE_TABLE,UNPARSED_SCHEDULE_TABLE,NOT_PUBLISHED_IN_STRUCTURED_DATA,,NOT_APPLICABLE_PRE_SEC11
CAS_CLEAN_093,SNP_CAS_CLEAN_093_CASE_INITIATION_MILESTONE_20251223,2025-12-23,CASE_INITIATION_TO_MILESTONE,2025-06-26,GENERAL_NOTICE,280,False,,2026-09-29,180,180,180,1,,0,False,False,Nagpur,Nagpur City,Nagpur (Khas),District Collectorate & Administration Nagpur,RFCTLARR_2013,Rural Infrastructure,False,,,,,,,NOT_PUBLISHED_IN_GAZETTE,NOT_PUBLISHED_IN_STRUCTURED_DATA,NOT_APPLICABLE_IN_REAL_DATA,NOT_APPLICABLE_PRE_AWARD,UNPARSED_SCHEDULE_TABLE,UNPARSED_SCHEDULE_TABLE,NOT_PUBLISHED_IN_STRUCTURED_DATA,,NOT_APPLICABLE_PRE_SEC11
CAS_CLEAN_228,SNP_CAS_CLEAN_228_CASE_INITIATION_MILESTONE_20251223,2025-12-23,CASE_INITIATION_TO_MILESTONE,2024-12-23,GENERAL_NOTICE,280,False,,2026-09-29,365,365,365,1,,0,False,False,Pune,,,District Collectorate & Administration Pune,RFCTLARR_2013,Rural Infrastructure,False,,,,,,,NOT_PUBLISHED_IN_GAZETTE,NOT_PUBLISHED_IN_STRUCTURED_DATA,NOT_APPLICABLE_IN_REAL_DATA,NOT_APPLICABLE_PRE_AWARD,UNPARSED_SCHEDULE_TABLE,UNPARSED_SCHEDULE_TABLE,NOT_PUBLISHED_IN_STRUCTURED_DATA,,NOT_APPLICABLE_PRE_SEC11
CAS_CLEAN_229,SNP_CAS_CLEAN_229_CASE_INITIATION_MILESTONE_20251223,2025-12-23,CASE_INITIATION_TO_MILESTONE,2024-12-23,GENERAL_NOTICE,280,False,,2026-09-29,365,365,365,1,,0,False,False,Pune,,,District Collectorate & Administration Pune,RFCTLARR_2013,Rural Infrastructure,False,,,,,,,NOT_PUBLISHED_IN_GAZETTE,NOT_PUBLISHED_IN_STRUCTURED_DATA,NOT_APPLICABLE_IN_REAL_DATA,NOT_APPLICABLE_PRE_AWARD,UNPARSED_SCHEDULE_TABLE,UNPARSED_SCHEDULE_TABLE,NOT_PUBLISHED_IN_STRUCTURED_DATA,,NOT_APPLICABLE_PRE_SEC11
CAS_CLEAN_230,SNP_CAS_CLEAN_230_CASE_INITIATION_MILESTONE_20251223,2025-12-23,CASE_INITIATION_TO_MILESTONE,2024-12-23,GENERAL_NOTICE,280,False,,2026-09-29,365,365,365,1,,0,False,False,Pune,,,District Collectorate & Administration Pune,RFCTLARR_2013,Rural Infrastructure,False,,,,,,,NOT_PUBLISHED_IN_GAZETTE,NOT_PUBLISHED_IN_STRUCTURED_DATA,NOT_APPLICABLE_IN_REAL_DATA,NOT_APPLICABLE_PRE_AWARD,UNPARSED_SCHEDULE_TABLE,UNPARSED_SCHEDULE_TABLE,NOT_PUBLISHED_IN_STRUCTURED_DATA,,NOT_APPLICABLE_PRE_SEC11
CAS_CLEAN_231,SNP_CAS_CLEAN_231_CASE_INITIATION_MILESTONE_20251223,2025-12-23,CASE_INITIATION_TO_MILESTONE,2024-12-23,GENERAL_NOTICE,280,False,,2026-09-29,365,365,365,1,,0,False,False,Pune,,,District Collectorate & Administration Pune,RFCTLARR_2013,Rural Infrastructure,False,,,,,,,NOT_PUBLISHED_IN_GAZETTE,NOT_PUBLISHED_IN_STRUCTURED_DATA,NOT_APPLICABLE_IN_REAL_DATA,NOT_APPLICABLE_PRE_AWARD,UNPARSED_SCHEDULE_TABLE,UNPARSED_SCHEDULE_TABLE,NOT_PUBLISHED_IN_STRUCTURED_DATA,,NOT_APPLICABLE_PRE_SEC11
CAS_CLEAN_232,SNP_CAS_CLEAN_232_CASE_INITIATION_MILESTONE_20251223,2025-12-23,CASE_INITIATION_TO_MILESTONE,2024-12-23,GENERAL_NOTICE,280,False,,2026-09-29,365,365,365,1,,0,False,False,Pune,,Hadapsar,District Collectorate & Administration Pune,RFCTLARR_2013,Rural Infrastructure,False,,,,,,,NOT_PUBLISHED_IN_GAZETTE,NOT_PUBLISHED_IN_STRUCTURED_DATA,NOT_APPLICABLE_IN_REAL_DATA,NOT_APPLICABLE_PRE_AWARD,UNPARSED_SCHEDULE_TABLE,UNPARSED_SCHEDULE_TABLE,NOT_PUBLISHED_IN_STRUCTURED_DATA,,NOT_APPLICABLE_PRE_SEC11
CAS_CLEAN_242,SNP_CAS_CLEAN_242_CASE_INITIATION_MILESTONE_20251223,2025-12-23,CASE_INITIATION_TO_MILESTONE,2024-12-23,GENERAL_NOTICE,280,False,,2026-09-29,365,365,365,1,,0,False,False,Pune,,Kothrud,District Collectorate & Administration Pune,RFCTLARR_2013,Rural Infrastructure,False,,,,,,,NOT_PUBLISHED_IN_GAZETTE,NOT_PUBLISHED_IN_STRUCTURED_DATA,NOT_APPLICABLE_IN_REAL_DATA,NOT_APPLICABLE_PRE_AWARD,UNPARSED_SCHEDULE_TABLE,UNPARSED_SCHEDULE_TABLE,NOT_PUBLISHED_IN_STRUCTURED_DATA,,NOT_APPLICABLE_PRE_SEC11
CAS_CLEAN_194,SNP_CAS_CLEAN_194_CASE_INITIATION_MILESTONE_20251224,2025-12-24,CASE_INITIATION_TO_MILESTONE,2025-06-27,GENERAL_NOTICE,279,False,,2026-09-29,180,180,180,1,,0,False,False,Pune,,,District Collectorate & Administration Pune,RFCTLARR_2013,Rural Infrastructure,False,,,,,,,NOT_PUBLISHED_IN_GAZETTE,NOT_PUBLISHED_IN_STRUCTURED_DATA,NOT_APPLICABLE_IN_REAL_DATA,NOT_APPLICABLE_PRE_AWARD,UNPARSED_SCHEDULE_TABLE,UNPARSED_SCHEDULE_TABLE,NOT_PUBLISHED_IN_STRUCTURED_DATA,,NOT_APPLICABLE_PRE_SEC11
CAS_CLEAN_195,SNP_CAS_CLEAN_195_CASE_INITIATION_MILESTONE_20251224,2025-12-24,CASE_INITIATION_TO_MILESTONE,2025-06-27,GENERAL_NOTICE,279,False,,2026-09-29,180,180,180,1,,0,False,False,Pune,,,District Collectorate & Administration Pune,RFCTLARR_2013,Rural Infrastructure,False,,,,,,,NOT_PUBLISHED_IN_GAZETTE,NOT_PUBLISHED_IN_STRUCTURED_DATA,NOT_APPLICABLE_IN_REAL_DATA,NOT_APPLICABLE_PRE_AWARD,UNPARSED_SCHEDULE_TABLE,UNPARSED_SCHEDULE_TABLE,NOT_PUBLISHED_IN_STRUCTURED_DATA,,NOT_APPLICABLE_PRE_SEC11
CAS_CLEAN_243,SNP_CAS_CLEAN_243_CASE_INITIATION_MILESTONE_20251224,2025-12-24,CASE_INITIATION_TO_MILESTONE,2025-09-25,GENERAL_NOTICE,279,False,,2026-09-29,90,90,90,1,,0,False,False,Pune,,Lonikand,District Collectorate & Administration Pune,RFCTLARR_2013,Rural Infrastructure,False,,,,,,,NOT_PUBLISHED_IN_GAZETTE,NOT_PUBLISHED_IN_STRUCTURED_DATA,NOT_APPLICABLE_IN_REAL_DATA,NOT_APPLICABLE_PRE_AWARD,UNPARSED_SCHEDULE_TABLE,UNPARSED_SCHEDULE_TABLE,NOT_PUBLISHED_IN_STRUCTURED_DATA,,NOT_APPLICABLE_PRE_SEC11
CAS_CLEAN_001,SNP_CAS_CLEAN_001_CASE_INITIATION_MILESTONE_20251227,2025-12-27,CASE_INITIATION_TO_MILESTONE,2024-12-27,DIRECT_PURCHASE,276,False,,2026-09-29,365,365,365,1,,0,False,False,Nagpur,Kuhi,Aamti,District Collectorate & Administration Nagpur,RFCTLARR_2013,Rural Infrastructure,True,,,,,,,NOT_PUBLISHED_IN_GAZETTE,NOT_PUBLISHED_IN_STRUCTURED_DATA,NOT_APPLICABLE_IN_REAL_DATA,NOT_APPLICABLE_PRE_AWARD,UNPARSED_SCHEDULE_TABLE,UNPARSED_SCHEDULE_TABLE,NOT_PUBLISHED_IN_STRUCTURED_DATA,,NOT_APPLICABLE_PRE_SEC11
CAS_CLEAN_227,SNP_CAS_CLEAN_227_CASE_INITIATION_MILESTONE_20251227,2025-12-27,CASE_INITIATION_TO_MILESTONE,2024-12-27,GENERAL_NOTICE,276,False,,2026-09-29,365,365,365,1,,0,False,False,Pune,,,District Collectorate & Administration Pune,RFCTLARR_2013,Rural Infrastructure,False,,,,,,,NOT_PUBLISHED_IN_GAZETTE,NOT_PUBLISHED_IN_STRUCTURED_DATA,NOT_APPLICABLE_IN_REAL_DATA,NOT_APPLICABLE_PRE_AWARD,UNPARSED_SCHEDULE_TABLE,UNPARSED_SCHEDULE_TABLE,NOT_PUBLISHED_IN_STRUCTURED_DATA,,NOT_APPLICABLE_PRE_SEC11
CAS_CLEAN_240,SNP_CAS_CLEAN_240_CASE_INITIATION_MILESTONE_20251227,2025-12-27,CASE_INITIATION_TO_MILESTONE,2024-12-27,GENERAL_NOTICE,276,False,,2026-09-29,365,365,365,1,,0,False,False,Pune,,Khed,District Collectorate & Administration Pune,RFCTLARR_2013,Rural Infrastructure,False,,,,,,,NOT_PUBLISHED_IN_GAZETTE,NOT_PUBLISHED_IN_STRUCTURED_DATA,NOT_APPLICABLE_IN_REAL_DATA,NOT_APPLICABLE_PRE_AWARD,UNPARSED_SCHEDULE_TABLE,UNPARSED_SCHEDULE_TABLE,NOT_PUBLISHED_IN_STRUCTURED_DATA,,NOT_APPLICABLE_PRE_SEC11
CAS_CLEAN_124,SNP_CAS_CLEAN_124_CASE_INITIATION_MILESTONE_20251229,2025-12-29,CASE_INITIATION_TO_MILESTONE,2025-09-30,SECTION_11,91,True,2026-03-30,,90,90,90,1,0.2466,0,False,False,Nagpur,Saoner,Ranala,District Collectorate & Administration Nagpur,RFCTLARR_2013,Rural Infrastructure,False,,,,,,,NOT_PUBLISHED_IN_GAZETTE,NOT_PUBLISHED_IN_STRUCTURED_DATA,NOT_APPLICABLE_IN_REAL_DATA,NOT_APPLICABLE_PRE_AWARD,UNPARSED_SCHEDULE_TABLE,UNPARSED_SCHEDULE_TABLE,NOT_PUBLISHED_IN_STRUCTURED_DATA,,
CAS_CLEAN_201,SNP_CAS_CLEAN_201_CASE_INITIATION_MILESTONE_20251230,2025-12-30,CASE_INITIATION_TO_MILESTONE,2025-04-04,GENERAL_NOTICE,273,False,,2026-09-29,270,270,270,1,,0,False,False,Pune,,,District Collectorate & Administration Pune,RFCTLARR_2013,Rural Infrastructure,False,,,,,,,NOT_PUBLISHED_IN_GAZETTE,NOT_PUBLISHED_IN_STRUCTURED_DATA,NOT_APPLICABLE_IN_REAL_DATA,NOT_APPLICABLE_PRE_AWARD,UNPARSED_SCHEDULE_TABLE,UNPARSED_SCHEDULE_TABLE,NOT_PUBLISHED_IN_STRUCTURED_DATA,,NOT_APPLICABLE_PRE_SEC11
CAS_CLEAN_238,SNP_CAS_CLEAN_238_CASE_INITIATION_MILESTONE_20251230,2025-12-30,CASE_INITIATION_TO_MILESTONE,2025-04-04,GENERAL_NOTICE,273,False,,2026-09-29,270,270,270,1,,0,False,False,Pune,,Khed,District Collectorate & Administration Pune,RFCTLARR_2013,Rural Infrastructure,False,,,,,,,NOT_PUBLISHED_IN_GAZETTE,NOT_PUBLISHED_IN_STRUCTURED_DATA,NOT_APPLICABLE_IN_REAL_DATA,NOT_APPLICABLE_PRE_AWARD,UNPARSED_SCHEDULE_TABLE,UNPARSED_SCHEDULE_TABLE,NOT_PUBLISHED_IN_STRUCTURED_DATA,,NOT_APPLICABLE_PRE_SEC11
CAS_CLEAN_095,SNP_CAS_CLEAN_095_CASE_INITIATION_MILESTONE_20260101,2026-01-01,CASE_INITIATION_TO_MILESTONE,2025-01-01,SECTION_21,271,False,,2026-09-29,365,328,328,2,,0,False,False,Nagpur,kmEtf,Nagpur (City),District Collectorate & Administration Nagpur,RFCTLARR_2013,Rural Infrastructure,False,,,,,,,NOT_PUBLISHED_IN_GAZETTE,NOT_PUBLISHED_IN_STRUCTURED_DATA,NOT_APPLICABLE_IN_REAL_DATA,NOT_APPLICABLE_PRE_AWARD,UNPARSED_SCHEDULE_TABLE,UNPARSED_SCHEDULE_TABLE,NOT_PUBLISHED_IN_STRUCTURED_DATA,,NOT_APPLICABLE_PRE_SEC11
CAS_CLEAN_214,SNP_CAS_CLEAN_214_CASE_INITIATION_MILESTONE_20260101,2026-01-01,CASE_INITIATION_TO_MILESTONE,2025-01-01,GENERAL_NOTICE,271,False,,2026-09-29,365,365,365,1,,0,False,False,Pune,,,District Collectorate & Administration Pune,RFCTLARR_2013,Rural Infrastructure,False,,,,,,,NOT_PUBLISHED_IN_GAZETTE,NOT_PUBLISHED_IN_STRUCTURED_DATA,NOT_APPLICABLE_IN_REAL_DATA,NOT_APPLICABLE_PRE_AWARD,UNPARSED_SCHEDULE_TABLE,UNPARSED_SCHEDULE_TABLE,NOT_PUBLISHED_IN_STRUCTURED_DATA,,NOT_APPLICABLE_PRE_SEC11
CAS_CLEAN_223,SNP_CAS_CLEAN_223_CASE_INITIATION_MILESTONE_20260101,2026-01-01,CASE_INITIATION_TO_MILESTONE,2025-01-01,GENERAL_NOTICE,271,False,,2026-09-29,365,365,365,1,,0,False,False,Pune,,,District Collectorate & Administration Pune,RFCTLARR_2013,Rural Infrastructure,False,,,,,,,NOT_PUBLISHED_IN_GAZETTE,NOT_PUBLISHED_IN_STRUCTURED_DATA,NOT_APPLICABLE_IN_REAL_DATA,NOT_APPLICABLE_PRE_AWARD,UNPARSED_SCHEDULE_TABLE,UNPARSED_SCHEDULE_TABLE,NOT_PUBLISHED_IN_STRUCTURED_DATA,,NOT_APPLICABLE_PRE_SEC11
CAS_CLEAN_224,SNP_CAS_CLEAN_224_CASE_INITIATION_MILESTONE_20260101,2026-01-01,CASE_INITIATION_TO_MILESTONE,2025-01-01,GENERAL_NOTICE,271,False,,2026-09-29,365,365,365,1,,0,False,False,Pune,,,District Collectorate & Administration Pune,RFCTLARR_2013,Rural Infrastructure,False,,,,,,,NOT_PUBLISHED_IN_GAZETTE,NOT_PUBLISHED_IN_STRUCTURED_DATA,NOT_APPLICABLE_IN_REAL_DATA,NOT_APPLICABLE_PRE_AWARD,UNPARSED_SCHEDULE_TABLE,UNPARSED_SCHEDULE_TABLE,NOT_PUBLISHED_IN_STRUCTURED_DATA,,NOT_APPLICABLE_PRE_SEC11
CAS_CLEAN_225,SNP_CAS_CLEAN_225_CASE_INITIATION_MILESTONE_20260101,2026-01-01,CASE_INITIATION_TO_MILESTONE,2025-01-01,GENERAL_NOTICE,271,False,,2026-09-29,365,365,365,1,,0,False,False,Pune,,,District Collectorate & Administration Pune,RFCTLARR_2013,Rural Infrastructure,False,,,,,,,NOT_PUBLISHED_IN_GAZETTE,NOT_PUBLISHED_IN_STRUCTURED_DATA,NOT_APPLICABLE_IN_REAL_DATA,NOT_APPLICABLE_PRE_AWARD,UNPARSED_SCHEDULE_TABLE,UNPARSED_SCHEDULE_TABLE,NOT_PUBLISHED_IN_STRUCTURED_DATA,,NOT_APPLICABLE_PRE_SEC11
CAS_CLEAN_185,SNP_CAS_CLEAN_185_CASE_INITIATION_MILESTONE_20260103,2026-01-03,CASE_INITIATION_TO_MILESTONE,2025-01-03,GENERAL_NOTICE,269,False,,2026-09-29,365,365,365,1,,0,False,False,Pune,,,District Collectorate & Administration Pune,RFCTLARR_2013,Rural Infrastructure,False,,,,,,,NOT_PUBLISHED_IN_GAZETTE,NOT_PUBLISHED_IN_STRUCTURED_DATA,NOT_APPLICABLE_IN_REAL_DATA,NOT_APPLICABLE_PRE_AWARD,UNPARSED_SCHEDULE_TABLE,UNPARSED_SCHEDULE_TABLE,NOT_PUBLISHED_IN_STRUCTURED_DATA,,NOT_APPLICABLE_PRE_SEC11
CAS_CLEAN_052,SNP_CAS_CLEAN_052_CASE_INITIATION_MILESTONE_20260109,2026-01-09,CASE_INITIATION_TO_MILESTONE,2026-01-09,GENERAL_NOTICE,263,False,,2026-09-29,0,0,0,1,,0,False,False,Nagpur,,,District Collectorate & Administration Nagpur,RFCTLARR_2013,Rural Infrastructure,False,,,,,,,NOT_PUBLISHED_IN_GAZETTE,NOT_PUBLISHED_IN_STRUCTURED_DATA,NOT_APPLICABLE_IN_REAL_DATA,NOT_APPLICABLE_PRE_AWARD,UNPARSED_SCHEDULE_TABLE,UNPARSED_SCHEDULE_TABLE,NOT_PUBLISHED_IN_STRUCTURED_DATA,,NOT_APPLICABLE_PRE_SEC11
CAS_CLEAN_042,SNP_CAS_CLEAN_042_CASE_INITIATION_MILESTONE_20260112,2026-01-12,CASE_INITIATION_TO_MILESTONE,2025-04-17,GENERAL_NOTICE,260,False,,2026-09-29,270,200,200,2,,0,False,False,Nagpur,Nagpur City,Chikhali Khurd,District Collectorate & Administration Nagpur,RFCTLARR_2013,Rural Infrastructure,False,,,,,,,NOT_PUBLISHED_IN_GAZETTE,NOT_PUBLISHED_IN_STRUCTURED_DATA,NOT_APPLICABLE_IN_REAL_DATA,NOT_APPLICABLE_PRE_AWARD,UNPARSED_SCHEDULE_TABLE,UNPARSED_SCHEDULE_TABLE,NOT_PUBLISHED_IN_STRUCTURED_DATA,,NOT_APPLICABLE_PRE_SEC11
CAS_CLEAN_092,SNP_CAS_CLEAN_092_CASE_INITIATION_MILESTONE_20260112,2026-01-12,CASE_INITIATION_TO_MILESTONE,2025-04-17,GENERAL_NOTICE,260,False,,2026-09-29,270,270,270,1,,0,False,False,Nagpur,Nagpur City,Nagpur Khas,District Collectorate & Administration Nagpur,RFCTLARR_2013,Rural Infrastructure,False,,,,,,,NOT_PUBLISHED_IN_GAZETTE,NOT_PUBLISHED_IN_STRUCTURED_DATA,NOT_APPLICABLE_IN_REAL_DATA,NOT_APPLICABLE_PRE_AWARD,UNPARSED_SCHEDULE_TABLE,UNPARSED_SCHEDULE_TABLE,NOT_PUBLISHED_IN_STRUCTURED_DATA,,NOT_APPLICABLE_PRE_SEC11
CAS_CLEAN_197,SNP_CAS_CLEAN_197_CASE_INITIATION_MILESTONE_20260112,2026-01-12,CASE_INITIATION_TO_MILESTONE,2025-04-17,GENERAL_NOTICE,260,False,,2026-09-29,270,270,270,1,,0,False,False,Pune,,,District Collectorate & Administration Pune,RFCTLARR_2013,Rural Infrastructure,False,,,,,,,NOT_PUBLISHED_IN_GAZETTE,NOT_PUBLISHED_IN_STRUCTURED_DATA,NOT_APPLICABLE_IN_REAL_DATA,NOT_APPLICABLE_PRE_AWARD,UNPARSED_SCHEDULE_TABLE,UNPARSED_SCHEDULE_TABLE,NOT_PUBLISHED_IN_STRUCTURED_DATA,,NOT_APPLICABLE_PRE_SEC11
CAS_CLEAN_191,SNP_CAS_CLEAN_191_CASE_INITIATION_MILESTONE_20260113,2026-01-13,CASE_INITIATION_TO_MILESTONE,2025-07-17,GENERAL_NOTICE,259,False,,2026-09-29,180,180,180,1,,0,False,False,Pune,,,District Collectorate & Administration Pune,RFCTLARR_2013,Rural Infrastructure,False,,,,,,,NOT_PUBLISHED_IN_GAZETTE,NOT_PUBLISHED_IN_STRUCTURED_DATA,NOT_APPLICABLE_IN_REAL_DATA,NOT_APPLICABLE_PRE_AWARD,UNPARSED_SCHEDULE_TABLE,UNPARSED_SCHEDULE_TABLE,NOT_PUBLISHED_IN_STRUCTURED_DATA,,NOT_APPLICABLE_PRE_SEC11
CAS_CLEAN_009,SNP_CAS_CLEAN_009_CASE_INITIATION_MILESTONE_20260114,2026-01-14,CASE_INITIATION_TO_MILESTONE,2025-01-14,SECTION_11,258,False,,2026-09-29,365,365,365,1,1.0,0,False,False,Nagpur,Narkhed,Belona,District Collectorate & Administration Nagpur,RFCTLARR_2013,Rural Infrastructure,False,,,,,,,NOT_PUBLISHED_IN_GAZETTE,NOT_PUBLISHED_IN_STRUCTURED_DATA,NOT_APPLICABLE_IN_REAL_DATA,NOT_APPLICABLE_PRE_AWARD,UNPARSED_SCHEDULE_TABLE,UNPARSED_SCHEDULE_TABLE,NOT_PUBLISHED_IN_STRUCTURED_DATA,,
CAS_CLEAN_064,SNP_CAS_CLEAN_064_CASE_INITIATION_MILESTONE_20260114,2026-01-14,CASE_INITIATION_TO_MILESTONE,2025-01-14,SECTION_11,258,False,,2026-09-29,365,365,365,1,1.0,0,False,False,Nagpur,Kuhi,Hardoli,District Collectorate & Administration Nagpur,RFCTLARR_2013,Rural Infrastructure,False,,,,,,,NOT_PUBLISHED_IN_GAZETTE,NOT_PUBLISHED_IN_STRUCTURED_DATA,NOT_APPLICABLE_IN_REAL_DATA,NOT_APPLICABLE_PRE_AWARD,UNPARSED_SCHEDULE_TABLE,UNPARSED_SCHEDULE_TABLE,NOT_PUBLISHED_IN_STRUCTURED_DATA,,
CAS_CLEAN_120,SNP_CAS_CLEAN_120_CASE_INITIATION_MILESTONE_20260114,2026-01-14,CASE_INITIATION_TO_MILESTONE,2025-01-14,SECTION_11,258,False,,2026-09-29,365,365,365,1,1.0,0,False,False,Nagpur,Kuhi,Rajola,District Collectorate & Administration Nagpur,RFCTLARR_2013,Rural Infrastructure,False,,,,,,,NOT_PUBLISHED_IN_GAZETTE,NOT_PUBLISHED_IN_STRUCTURED_DATA,NOT_APPLICABLE_IN_REAL_DATA,NOT_APPLICABLE_PRE_AWARD,UNPARSED_SCHEDULE_TABLE,UNPARSED_SCHEDULE_TABLE,NOT_PUBLISHED_IN_STRUCTURED_DATA,,
CAS_CLEAN_149,SNP_CAS_CLEAN_149_CASE_INITIATION_MILESTONE_20260115,2026-01-15,CASE_INITIATION_TO_MILESTONE,2025-01-15,DIRECT_PURCHASE,257,False,,2026-09-29,365,365,365,1,,0,False,False,Nagpur,Bhiwapur,Thutanbori,District Collectorate & Administration Nagpur,RFCTLARR_2013,Rural Infrastructure,True,,,,,,,NOT_PUBLISHED_IN_GAZETTE,NOT_PUBLISHED_IN_STRUCTURED_DATA,NOT_APPLICABLE_IN_REAL_DATA,NOT_APPLICABLE_PRE_AWARD,UNPARSED_SCHEDULE_TABLE,UNPARSED_SCHEDULE_TABLE,NOT_PUBLISHED_IN_STRUCTURED_DATA,,NOT_APPLICABLE_PRE_SEC11
CAS_CLEAN_156,SNP_CAS_CLEAN_156_CASE_INITIATION_MILESTONE_20260115,2026-01-15,CASE_INITIATION_TO_MILESTONE,2025-01-15,DIRECT_PURCHASE,257,False,,2026-09-29,365,365,365,1,,0,False,False,Nagpur,Kuhi,Veltur,District Collectorate & Administration Nagpur,RFCTLARR_2013,Rural Infrastructure,True,,,,,,,NOT_PUBLISHED_IN_GAZETTE,NOT_PUBLISHED_IN_STRUCTURED_DATA,NOT_APPLICABLE_IN_REAL_DATA,NOT_APPLICABLE_PRE_AWARD,UNPARSED_SCHEDULE_TABLE,UNPARSED_SCHEDULE_TABLE,NOT_PUBLISHED_IN_STRUCTURED_DATA,,NOT_APPLICABLE_PRE_SEC11
CAS_CLEAN_198,SNP_CAS_CLEAN_198_CASE_INITIATION_MILESTONE_20260116,2026-01-16,CASE_INITIATION_TO_MILESTONE,2025-04-21,GENERAL_NOTICE,256,False,,2026-09-29,270,270,270,1,,0,False,False,Pune,,,District Collectorate & Administration Pune,RFCTLARR_2013,Rural Infrastructure,False,,,,,,,NOT_PUBLISHED_IN_GAZETTE,NOT_PUBLISHED_IN_STRUCTURED_DATA,NOT_APPLICABLE_IN_REAL_DATA,NOT_APPLICABLE_PRE_AWARD,UNPARSED_SCHEDULE_TABLE,UNPARSED_SCHEDULE_TABLE,NOT_PUBLISHED_IN_STRUCTURED_DATA,,NOT_APPLICABLE_PRE_SEC11
CAS_CLEAN_199,SNP_CAS_CLEAN_199_CASE_INITIATION_MILESTONE_20260116,2026-01-16,CASE_INITIATION_TO_MILESTONE,2025-04-21,GENERAL_NOTICE,256,False,,2026-09-29,270,270,270,1,,0,False,False,Pune,,,District Collectorate & Administration Pune,RFCTLARR_2013,Rural Infrastructure,False,,,,,,,NOT_PUBLISHED_IN_GAZETTE,NOT_PUBLISHED_IN_STRUCTURED_DATA,NOT_APPLICABLE_IN_REAL_DATA,NOT_APPLICABLE_PRE_AWARD,UNPARSED_SCHEDULE_TABLE,UNPARSED_SCHEDULE_TABLE,NOT_PUBLISHED_IN_STRUCTURED_DATA,,NOT_APPLICABLE_PRE_SEC11
CAS_CLEAN_200,SNP_CAS_CLEAN_200_CASE_INITIATION_MILESTONE_20260116,2026-01-16,CASE_INITIATION_TO_MILESTONE,2025-04-21,GENERAL_NOTICE,256,False,,2026-09-29,270,270,270,1,,0,False,False,Pune,,,District Collectorate & Administration Pune,RFCTLARR_2013,Rural Infrastructure,False,,,,,,,NOT_PUBLISHED_IN_GAZETTE,NOT_PUBLISHED_IN_STRUCTURED_DATA,NOT_APPLICABLE_IN_REAL_DATA,NOT_APPLICABLE_PRE_AWARD,UNPARSED_SCHEDULE_TABLE,UNPARSED_SCHEDULE_TABLE,NOT_PUBLISHED_IN_STRUCTURED_DATA,,NOT_APPLICABLE_PRE_SEC11
CAS_CLEAN_264,SNP_CAS_CLEAN_264_CASE_INITIATION_MILESTONE_20260116,2026-01-16,CASE_INITIATION_TO_MILESTONE,2025-04-21,GENERAL_NOTICE,256,False,,2026-09-29,270,270,270,1,,0,False,False,Solapur,,,District Collectorate & Administration Solapur,RFCTLARR_2013,Rural Infrastructure,False,,,,,,,NOT_PUBLISHED_IN_GAZETTE,NOT_PUBLISHED_IN_STRUCTURED_DATA,NOT_APPLICABLE_IN_REAL_DATA,NOT_APPLICABLE_PRE_AWARD,UNPARSED_SCHEDULE_TABLE,UNPARSED_SCHEDULE_TABLE,NOT_PUBLISHED_IN_STRUCTURED_DATA,,NOT_APPLICABLE_PRE_SEC11
CAS_CLEAN_237,SNP_CAS_CLEAN_237_CASE_INITIATION_MILESTONE_20260117,2026-01-17,CASE_INITIATION_TO_MILESTONE,2025-07-21,GENERAL_NOTICE,255,False,,2026-09-29,180,180,180,1,,0,False,False,Pune,,Khed,District Collectorate & Administration Pune,RFCTLARR_2013,Rural Infrastructure,False,,,,,,,NOT_PUBLISHED_IN_GAZETTE,NOT_PUBLISHED_IN_STRUCTURED_DATA,NOT_APPLICABLE_IN_REAL_DATA,NOT_APPLICABLE_PRE_AWARD,UNPARSED_SCHEDULE_TABLE,UNPARSED_SCHEDULE_TABLE,NOT_PUBLISHED_IN_STRUCTURED_DATA,,NOT_APPLICABLE_PRE_SEC11
CAS_CLEAN_251,SNP_CAS_CLEAN_251_CASE_INITIATION_MILESTONE_20260117,2026-01-17,CASE_INITIATION_TO_MILESTONE,2025-07-21,GENERAL_NOTICE,255,False,,2026-09-29,180,180,180,1,,0,False,False,Pune,,Nighoje,District Collectorate & Administration Pune,RFCTLARR_2013,Rural Infrastructure,False,,,,,,,NOT_PUBLISHED_IN_GAZETTE,NOT_PUBLISHED_IN_STRUCTURED_DATA,NOT_APPLICABLE_IN_REAL_DATA,NOT_APPLICABLE_PRE_AWARD,UNPARSED_SCHEDULE_TABLE,UNPARSED_SCHEDULE_TABLE,NOT_PUBLISHED_IN_STRUCTURED_DATA,,NOT_APPLICABLE_PRE_SEC11
CAS_CLEAN_113,SNP_CAS_CLEAN_113_CASE_INITIATION_MILESTONE_20260119,2026-01-19,CASE_INITIATION_TO_MILESTONE,2026-01-19,GENERAL_NOTICE,253,False,,2026-09-29,0,0,0,1,,0,False,False,Nagpur,Kuhi,Pratappur,District Collectorate & Administration Nagpur,RFCTLARR_2013,Rural Infrastructure,False,,,,,,,NOT_PUBLISHED_IN_GAZETTE,NOT_PUBLISHED_IN_STRUCTURED_DATA,NOT_APPLICABLE_IN_REAL_DATA,NOT_APPLICABLE_PRE_AWARD,UNPARSED_SCHEDULE_TABLE,UNPARSED_SCHEDULE_TABLE,NOT_PUBLISHED_IN_STRUCTURED_DATA,,NOT_APPLICABLE_PRE_SEC11
CAS_CLEAN_133,SNP_CAS_CLEAN_133_CASE_INITIATION_MILESTONE_20260119,2026-01-19,CASE_INITIATION_TO_MILESTONE,2025-09-19,SECTION_21,253,False,,2026-09-29,122,0,0,2,,0,False,False,Nagpur,Kuhi,Savargao,District Collectorate & Administration Nagpur,RFCTLARR_2013,Rural Infrastructure,False,,,,,,,NOT_PUBLISHED_IN_GAZETTE,NOT_PUBLISHED_IN_STRUCTURED_DATA,NOT_APPLICABLE_IN_REAL_DATA,NOT_APPLICABLE_PRE_AWARD,UNPARSED_SCHEDULE_TABLE,UNPARSED_SCHEDULE_TABLE,NOT_PUBLISHED_IN_STRUCTURED_DATA,,NOT_APPLICABLE_PRE_SEC11
CAS_CLEAN_054,SNP_CAS_CLEAN_054_CASE_INITIATION_MILESTONE_20260122,2026-01-22,CASE_INITIATION_TO_MILESTONE,2025-01-22,SECTION_11,250,False,,2026-09-29,365,365,365,1,1.0,0,False,False,Nagpur,,,District Collectorate & Administration Nagpur,RFCTLARR_2013,Rural Infrastructure,False,,,,,,,NOT_PUBLISHED_IN_GAZETTE,NOT_PUBLISHED_IN_STRUCTURED_DATA,NOT_APPLICABLE_IN_REAL_DATA,NOT_APPLICABLE_PRE_AWARD,UNPARSED_SCHEDULE_TABLE,UNPARSED_SCHEDULE_TABLE,NOT_PUBLISHED_IN_STRUCTURED_DATA,,
CAS_CLEAN_057,SNP_CAS_CLEAN_057_CASE_INITIATION_MILESTONE_20260123,2026-01-23,CASE_INITIATION_TO_MILESTONE,2025-01-23,DIRECT_PURCHASE,249,False,,2026-09-29,365,365,365,1,,0,False,False,Nagpur,Bhiwapur,Gondbori,District Collectorate & Administration Nagpur,RFCTLARR_2013,Rural Infrastructure,True,,,,,,,NOT_PUBLISHED_IN_GAZETTE,NOT_PUBLISHED_IN_STRUCTURED_DATA,NOT_APPLICABLE_IN_REAL_DATA,NOT_APPLICABLE_PRE_AWARD,UNPARSED_SCHEDULE_TABLE,UNPARSED_SCHEDULE_TABLE,NOT_PUBLISHED_IN_STRUCTURED_DATA,,NOT_APPLICABLE_PRE_SEC11
CAS_CLEAN_112,SNP_CAS_CLEAN_112_CASE_INITIATION_MILESTONE_20260123,2026-01-23,CASE_INITIATION_TO_MILESTONE,2025-01-23,DIRECT_PURCHASE,249,False,,2026-09-29,365,365,365,1,,0,False,False,Nagpur,Bhiwapur,Piparda (Rithi),District Collectorate & Administration Nagpur,RFCTLARR_2013,Rural Infrastructure,True,,,,,,,NOT_PUBLISHED_IN_GAZETTE,NOT_PUBLISHED_IN_STRUCTURED_DATA,NOT_APPLICABLE_IN_REAL_DATA,NOT_APPLICABLE_PRE_AWARD,UNPARSED_SCHEDULE_TABLE,UNPARSED_SCHEDULE_TABLE,NOT_PUBLISHED_IN_STRUCTURED_DATA,,NOT_APPLICABLE_PRE_SEC11
CAS_CLEAN_025,SNP_CAS_CLEAN_025_CASE_INITIATION_MILESTONE_20260128,2026-01-28,CASE_INITIATION_TO_MILESTONE,2025-08-01,SECTION_11,244,False,,2026-09-29,180,180,180,1,0.4932,0,False,False,Nagpur,,,District Collectorate & Administration Nagpur,RFCTLARR_2013,Rural Infrastructure,False,,,,,,,NOT_PUBLISHED_IN_GAZETTE,NOT_PUBLISHED_IN_STRUCTURED_DATA,NOT_APPLICABLE_IN_REAL_DATA,NOT_APPLICABLE_PRE_AWARD,UNPARSED_SCHEDULE_TABLE,UNPARSED_SCHEDULE_TABLE,NOT_PUBLISHED_IN_STRUCTURED_DATA,,
CAS_CLEAN_026,SNP_CAS_CLEAN_026_CASE_INITIATION_MILESTONE_20260128,2026-01-28,CASE_INITIATION_TO_MILESTONE,2025-08-01,SECTION_11,244,False,,2026-09-29,180,180,180,1,0.4932,0,False,False,Nagpur,t TiqHT,,District Collectorate & Administration Nagpur,RFCTLARR_2013,Rural Infrastructure,False,,,,,,,NOT_PUBLISHED_IN_GAZETTE,NOT_PUBLISHED_IN_STRUCTURED_DATA,NOT_APPLICABLE_IN_REAL_DATA,NOT_APPLICABLE_PRE_AWARD,UNPARSED_SCHEDULE_TABLE,UNPARSED_SCHEDULE_TABLE,NOT_PUBLISHED_IN_STRUCTURED_DATA,,
CAS_CLEAN_065,SNP_CAS_CLEAN_065_CASE_INITIATION_MILESTONE_20260128,2026-01-28,CASE_INITIATION_TO_MILESTONE,2025-08-01,SECTION_11,244,False,,2026-09-29,180,180,180,1,0.4932,0,False,False,Nagpur,,Hardoli,District Collectorate & Administration Nagpur,RFCTLARR_2013,Rural Infrastructure,False,,,,,,,NOT_PUBLISHED_IN_GAZETTE,NOT_PUBLISHED_IN_STRUCTURED_DATA,NOT_APPLICABLE_IN_REAL_DATA,NOT_APPLICABLE_PRE_AWARD,UNPARSED_SCHEDULE_TABLE,UNPARSED_SCHEDULE_TABLE,NOT_PUBLISHED_IN_STRUCTURED_DATA,,
CAS_CLEAN_078,SNP_CAS_CLEAN_078_CASE_INITIATION_MILESTONE_20260128,2026-01-28,CASE_INITIATION_TO_MILESTONE,2025-08-01,SECTION_11,244,False,,2026-09-29,180,180,180,1,0.4932,0,False,False,Nagpur,,Kotgaon,District Collectorate & Administration Nagpur,RFCTLARR_2013,Rural Infrastructure,False,,,,,,,NOT_PUBLISHED_IN_GAZETTE,NOT_PUBLISHED_IN_STRUCTURED_DATA,NOT_APPLICABLE_IN_REAL_DATA,NOT_APPLICABLE_PRE_AWARD,UNPARSED_SCHEDULE_TABLE,UNPARSED_SCHEDULE_TABLE,NOT_PUBLISHED_IN_STRUCTURED_DATA,,
CAS_CLEAN_103,SNP_CAS_CLEAN_103_CASE_INITIATION_MILESTONE_20260128,2026-01-28,CASE_INITIATION_TO_MILESTONE,2025-08-01,SECTION_11,244,False,,2026-09-29,180,180,180,1,0.4932,0,False,False,Nagpur,,Navegao,District Collectorate & Administration Nagpur,RFCTLARR_2013,Rural Infrastructure,False,,,,,,,NOT_PUBLISHED_IN_GAZETTE,NOT_PUBLISHED_IN_STRUCTURED_DATA,NOT_APPLICABLE_IN_REAL_DATA,NOT_APPLICABLE_PRE_AWARD,UNPARSED_SCHEDULE_TABLE,UNPARSED_SCHEDULE_TABLE,NOT_PUBLISHED_IN_STRUCTURED_DATA,,
CAS_CLEAN_121,SNP_CAS_CLEAN_121_CASE_INITIATION_MILESTONE_20260128,2026-01-28,CASE_INITIATION_TO_MILESTONE,2025-08-01,SECTION_11,244,False,,2026-09-29,180,180,180,1,0.4932,0,False,False,Nagpur,Tlq,Rajola,District Collectorate & Administration Nagpur,RFCTLARR_2013,Rural Infrastructure,False,,,,,,,NOT_PUBLISHED_IN_GAZETTE,NOT_PUBLISHED_IN_STRUCTURED_DATA,NOT_APPLICABLE_IN_REAL_DATA,NOT_APPLICABLE_PRE_AWARD,UNPARSED_SCHEDULE_TABLE,UNPARSED_SCHEDULE_TABLE,NOT_PUBLISHED_IN_STRUCTURED_DATA,,
CAS_CLEAN_222,SNP_CAS_CLEAN_222_CASE_INITIATION_MILESTONE_20260128,2026-01-28,CASE_INITIATION_TO_MILESTONE,2025-01-28,GENERAL_NOTICE,244,False,,2026-09-29,365,365,365,1,,0,False,False,Pune,,,District Collectorate & Administration Pune,RFCTLARR_2013,Rural Infrastructure,False,,,,,,,NOT_PUBLISHED_IN_GAZETTE,NOT_PUBLISHED_IN_STRUCTURED_DATA,NOT_APPLICABLE_IN_REAL_DATA,NOT_APPLICABLE_PRE_AWARD,UNPARSED_SCHEDULE_TABLE,UNPARSED_SCHEDULE_TABLE,NOT_PUBLISHED_IN_STRUCTURED_DATA,,NOT_APPLICABLE_PRE_SEC11
CAS_CLEAN_087,SNP_CAS_CLEAN_087_CASE_INITIATION_MILESTONE_20260130,2026-01-30,CASE_INITIATION_TO_MILESTONE,2024-01-31,GENERAL_NOTICE,242,False,,2026-09-29,730,730,730,1,,0,False,False,Nagpur,Bhivapur,Mokhala,District Collectorate & Administration Nagpur,RFCTLARR_2013,Rural Infrastructure,False,,,,,,,NOT_PUBLISHED_IN_GAZETTE,NOT_PUBLISHED_IN_STRUCTURED_DATA,NOT_APPLICABLE_IN_REAL_DATA,NOT_APPLICABLE_PRE_AWARD,UNPARSED_SCHEDULE_TABLE,UNPARSED_SCHEDULE_TABLE,NOT_PUBLISHED_IN_STRUCTURED_DATA,,NOT_APPLICABLE_PRE_SEC11
CAS_CLEAN_097,SNP_CAS_CLEAN_097_CASE_INITIATION_MILESTONE_20260130,2026-01-30,CASE_INITIATION_TO_MILESTONE,2025-05-05,SECTION_21,242,False,,2026-09-29,270,270,270,1,,0,False,False,Nagpur,Nagpur (Urban),Nagpur (Khas),District Collectorate & Administration Nagpur,RFCTLARR_2013,Highway / Road Widening,False,,,,,,,NOT_PUBLISHED_IN_GAZETTE,NOT_PUBLISHED_IN_STRUCTURED_DATA,NOT_APPLICABLE_IN_REAL_DATA,NOT_APPLICABLE_PRE_AWARD,UNPARSED_SCHEDULE_TABLE,UNPARSED_SCHEDULE_TABLE,NOT_PUBLISHED_IN_STRUCTURED_DATA,,NOT_APPLICABLE_PRE_SEC11
CAS_CLEAN_190,SNP_CAS_CLEAN_190_CASE_INITIATION_MILESTONE_20260131,2026-01-31,CASE_INITIATION_TO_MILESTONE,2025-08-04,GENERAL_NOTICE,241,False,,2026-09-29,180,180,180,1,,0,False,False,Pune,,,District Collectorate & Administration Pune,RFCTLARR_2013,Rural Infrastructure,False,,,,,,,NOT_PUBLISHED_IN_GAZETTE,NOT_PUBLISHED_IN_STRUCTURED_DATA,NOT_APPLICABLE_IN_REAL_DATA,NOT_APPLICABLE_PRE_AWARD,UNPARSED_SCHEDULE_TABLE,UNPARSED_SCHEDULE_TABLE,NOT_PUBLISHED_IN_STRUCTURED_DATA,,NOT_APPLICABLE_PRE_SEC11
CAS_CLEAN_182,SNP_CAS_CLEAN_182_CASE_INITIATION_MILESTONE_20260205,2026-02-05,CASE_INITIATION_TO_MILESTONE,2026-02-05,GENERAL_NOTICE,236,False,,2026-09-29,0,0,0,1,,0,False,False,Pune,Haveli,Balewadi,District Collectorate & Administration Pune,RFCTLARR_2013,Highway / Road Widening,False,,,,,,,NOT_PUBLISHED_IN_GAZETTE,NOT_PUBLISHED_IN_STRUCTURED_DATA,NOT_APPLICABLE_IN_REAL_DATA,NOT_APPLICABLE_PRE_AWARD,UNPARSED_SCHEDULE_TABLE,UNPARSED_SCHEDULE_TABLE,NOT_PUBLISHED_IN_STRUCTURED_DATA,,NOT_APPLICABLE_PRE_SEC11
CAS_CLEAN_216,SNP_CAS_CLEAN_216_CASE_INITIATION_MILESTONE_20260213,2026-02-13,CASE_INITIATION_TO_MILESTONE,2025-02-13,GENERAL_NOTICE,228,False,,2026-09-29,365,365,365,1,,0,False,False,Pune,,,District Collectorate & Administration Pune,RFCTLARR_2013,Rural Infrastructure,False,,,,,,,NOT_PUBLISHED_IN_GAZETTE,NOT_PUBLISHED_IN_STRUCTURED_DATA,NOT_APPLICABLE_IN_REAL_DATA,NOT_APPLICABLE_PRE_AWARD,UNPARSED_SCHEDULE_TABLE,UNPARSED_SCHEDULE_TABLE,NOT_PUBLISHED_IN_STRUCTURED_DATA,,NOT_APPLICABLE_PRE_SEC11
CAS_CLEAN_218,SNP_CAS_CLEAN_218_CASE_INITIATION_MILESTONE_20260213,2026-02-13,CASE_INITIATION_TO_MILESTONE,2025-02-13,GENERAL_NOTICE,228,False,,2026-09-29,365,365,365,1,,0,False,False,Pune,,,District Collectorate & Administration Pune,RFCTLARR_2013,Rural Infrastructure,False,,,,,,,NOT_PUBLISHED_IN_GAZETTE,NOT_PUBLISHED_IN_STRUCTURED_DATA,NOT_APPLICABLE_IN_REAL_DATA,NOT_APPLICABLE_PRE_AWARD,UNPARSED_SCHEDULE_TABLE,UNPARSED_SCHEDULE_TABLE,NOT_PUBLISHED_IN_STRUCTURED_DATA,,NOT_APPLICABLE_PRE_SEC11
CAS_CLEAN_219,SNP_CAS_CLEAN_219_CASE_INITIATION_MILESTONE_20260213,2026-02-13,CASE_INITIATION_TO_MILESTONE,2025-02-13,GENERAL_NOTICE,228,False,,2026-09-29,365,365,365,1,,0,False,False,Pune,,,District Collectorate & Administration Pune,RFCTLARR_2013,Rural Infrastructure,False,,,,,,,NOT_PUBLISHED_IN_GAZETTE,NOT_PUBLISHED_IN_STRUCTURED_DATA,NOT_APPLICABLE_IN_REAL_DATA,NOT_APPLICABLE_PRE_AWARD,UNPARSED_SCHEDULE_TABLE,UNPARSED_SCHEDULE_TABLE,NOT_PUBLISHED_IN_STRUCTURED_DATA,,NOT_APPLICABLE_PRE_SEC11
CAS_CLEAN_221,SNP_CAS_CLEAN_221_CASE_INITIATION_MILESTONE_20260213,2026-02-13,CASE_INITIATION_TO_MILESTONE,2025-02-13,GENERAL_NOTICE,228,False,,2026-09-29,365,365,365,1,,0,False,False,Pune,,,District Collectorate & Administration Pune,RFCTLARR_2013,Rural Infrastructure,False,,,,,,,NOT_PUBLISHED_IN_GAZETTE,NOT_PUBLISHED_IN_STRUCTURED_DATA,NOT_APPLICABLE_IN_REAL_DATA,NOT_APPLICABLE_PRE_AWARD,UNPARSED_SCHEDULE_TABLE,UNPARSED_SCHEDULE_TABLE,NOT_PUBLISHED_IN_STRUCTURED_DATA,,NOT_APPLICABLE_PRE_SEC11
CAS_CLEAN_016,SNP_CAS_CLEAN_016_CASE_INITIATION_MILESTONE_20260214,2026-02-14,CASE_INITIATION_TO_MILESTONE,2025-02-14,DIRECT_PURCHASE,227,False,,2026-09-29,365,365,365,1,,0,False,False,Nagpur,Bhiwapur,Bhiwapur,District Collectorate & Administration Nagpur,RFCTLARR_2013,Rural Infrastructure,True,,,,,,,NOT_PUBLISHED_IN_GAZETTE,NOT_PUBLISHED_IN_STRUCTURED_DATA,NOT_APPLICABLE_IN_REAL_DATA,NOT_APPLICABLE_PRE_AWARD,UNPARSED_SCHEDULE_TABLE,UNPARSED_SCHEDULE_TABLE,NOT_PUBLISHED_IN_STRUCTURED_DATA,,NOT_APPLICABLE_PRE_SEC11
CAS_CLEAN_234,SNP_CAS_CLEAN_234_CASE_INITIATION_MILESTONE_20260220,2026-02-20,CASE_INITIATION_TO_MILESTONE,2025-02-20,GENERAL_NOTICE,221,False,,2026-09-29,365,365,365,1,,0,False,False,Pune,Haveli,Katraj,District Collectorate & Administration Pune,RFCTLARR_2013,Highway / Road Widening,False,,,,,,,NOT_PUBLISHED_IN_GAZETTE,NOT_PUBLISHED_IN_STRUCTURED_DATA,NOT_APPLICABLE_IN_REAL_DATA,NOT_APPLICABLE_PRE_AWARD,UNPARSED_SCHEDULE_TABLE,UNPARSED_SCHEDULE_TABLE,NOT_PUBLISHED_IN_STRUCTURED_DATA,,NOT_APPLICABLE_PRE_SEC11
CAS_CLEAN_002,SNP_CAS_CLEAN_002_CASE_INITIATION_MILESTONE_20260221,2026-02-21,CASE_INITIATION_TO_MILESTONE,2024-02-22,DIRECT_PURCHASE,220,False,,2026-09-29,730,730,730,1,,0,False,False,Nagpur,Bhivapur,Adyal,District Collectorate & Administration Nagpur,RFCTLARR_2013,Rural Infrastructure,True,,,,,,,NOT_PUBLISHED_IN_GAZETTE,NOT_PUBLISHED_IN_STRUCTURED_DATA,NOT_APPLICABLE_IN_REAL_DATA,NOT_APPLICABLE_PRE_AWARD,UNPARSED_SCHEDULE_TABLE,UNPARSED_SCHEDULE_TABLE,NOT_PUBLISHED_IN_STRUCTURED_DATA,,NOT_APPLICABLE_PRE_SEC11
CAS_CLEAN_024,SNP_CAS_CLEAN_024_CASE_INITIATION_MILESTONE_20260222,2026-02-22,CASE_INITIATION_TO_MILESTONE,2025-05-28,GENERAL_NOTICE,219,False,,2026-09-29,270,270,270,1,,0,False,False,Nagpur,Nagpur City,,District Collectorate & Administration Nagpur,RFCTLARR_2013,Rural Infrastructure,False,,,,,,,NOT_PUBLISHED_IN_GAZETTE,NOT_PUBLISHED_IN_STRUCTURED_DATA,NOT_APPLICABLE_IN_REAL_DATA,NOT_APPLICABLE_PRE_AWARD,UNPARSED_SCHEDULE_TABLE,UNPARSED_SCHEDULE_TABLE,NOT_PUBLISHED_IN_STRUCTURED_DATA,,NOT_APPLICABLE_PRE_SEC11
CAS_CLEAN_033,SNP_CAS_CLEAN_033_CASE_INITIATION_MILESTONE_20260224,2026-02-24,CASE_INITIATION_TO_MILESTONE,2025-05-30,GENERAL_NOTICE,217,False,,2026-09-29,270,270,270,1,,0,False,False,Nagpur,,,District Collectorate & Administration Nagpur,RFCTLARR_2013,Highway / Road Widening,False,,,,,,,NOT_PUBLISHED_IN_GAZETTE,NOT_PUBLISHED_IN_STRUCTURED_DATA,NOT_APPLICABLE_IN_REAL_DATA,NOT_APPLICABLE_PRE_AWARD,UNPARSED_SCHEDULE_TABLE,UNPARSED_SCHEDULE_TABLE,NOT_PUBLISHED_IN_STRUCTURED_DATA,,NOT_APPLICABLE_PRE_SEC11
CAS_CLEAN_100,SNP_CAS_CLEAN_100_CASE_INITIATION_MILESTONE_20260225,2026-02-25,CASE_INITIATION_TO_MILESTONE,2025-02-25,SECTION_21,216,False,,2026-09-29,365,365,365,1,,0,False,False,Nagpur,,Nagpur (Khas),District Collectorate & Administration Nagpur,RFCTLARR_2013,Rural Infrastructure,False,,,,,,,NOT_PUBLISHED_IN_GAZETTE,NOT_PUBLISHED_IN_STRUCTURED_DATA,NOT_APPLICABLE_IN_REAL_DATA,NOT_APPLICABLE_PRE_AWARD,UNPARSED_SCHEDULE_TABLE,UNPARSED_SCHEDULE_TABLE,NOT_PUBLISHED_IN_STRUCTURED_DATA,,NOT_APPLICABLE_PRE_SEC11
CAS_CLEAN_029,SNP_CAS_CLEAN_029_CASE_INITIATION_MILESTONE_20260226,2026-02-26,CASE_INITIATION_TO_MILESTONE,2024-02-27,SECTION_11,215,False,,2026-09-29,730,730,730,1,1.0,0,False,False,Nagpur,Nagpur(City),,District Collectorate & Administration Nagpur,RFCTLARR_2013,Rural Infrastructure,False,,,,,,,NOT_PUBLISHED_IN_GAZETTE,NOT_PUBLISHED_IN_STRUCTURED_DATA,NOT_APPLICABLE_IN_REAL_DATA,NOT_APPLICABLE_PRE_AWARD,UNPARSED_SCHEDULE_TABLE,UNPARSED_SCHEDULE_TABLE,NOT_PUBLISHED_IN_STRUCTURED_DATA,,
CAS_CLEAN_203,SNP_CAS_CLEAN_203_CASE_INITIATION_MILESTONE_20260227,2026-02-27,CASE_INITIATION_TO_MILESTONE,2025-02-27,GENERAL_NOTICE,214,False,,2026-09-29,365,365,365,1,,0,False,False,Pune,,,District Collectorate & Administration Pune,RFCTLARR_2013,Rural Infrastructure,False,,,,,,,NOT_PUBLISHED_IN_GAZETTE,NOT_PUBLISHED_IN_STRUCTURED_DATA,NOT_APPLICABLE_IN_REAL_DATA,NOT_APPLICABLE_PRE_AWARD,UNPARSED_SCHEDULE_TABLE,UNPARSED_SCHEDULE_TABLE,NOT_PUBLISHED_IN_STRUCTURED_DATA,,NOT_APPLICABLE_PRE_SEC11
CAS_CLEAN_204,SNP_CAS_CLEAN_204_CASE_INITIATION_MILESTONE_20260227,2026-02-27,CASE_INITIATION_TO_MILESTONE,2025-02-27,GENERAL_NOTICE,214,False,,2026-09-29,365,365,365,1,,0,False,False,Pune,HH fOnT,,District Collectorate & Administration Pune,RFCTLARR_2013,Rural Infrastructure,False,,,,,,,NOT_PUBLISHED_IN_GAZETTE,NOT_PUBLISHED_IN_STRUCTURED_DATA,NOT_APPLICABLE_IN_REAL_DATA,NOT_APPLICABLE_PRE_AWARD,UNPARSED_SCHEDULE_TABLE,UNPARSED_SCHEDULE_TABLE,NOT_PUBLISHED_IN_STRUCTURED_DATA,,NOT_APPLICABLE_PRE_SEC11
CAS_CLEAN_205,SNP_CAS_CLEAN_205_CASE_INITIATION_MILESTONE_20260227,2026-02-27,CASE_INITIATION_TO_MILESTONE,2025-02-27,GENERAL_NOTICE,214,False,,2026-09-29,365,365,365,1,,0,False,False,Pune,qgTITFt aNNvq,,District Collectorate & Administration Pune,RFCTLARR_2013,Rural Infrastructure,False,,,,,,,NOT_PUBLISHED_IN_GAZETTE,NOT_PUBLISHED_IN_STRUCTURED_DATA,NOT_APPLICABLE_IN_REAL_DATA,NOT_APPLICABLE_PRE_AWARD,UNPARSED_SCHEDULE_TABLE,UNPARSED_SCHEDULE_TABLE,NOT_PUBLISHED_IN_STRUCTURED_DATA,,NOT_APPLICABLE_PRE_SEC11
CAS_CLEAN_206,SNP_CAS_CLEAN_206_CASE_INITIATION_MILESTONE_20260227,2026-02-27,CASE_INITIATION_TO_MILESTONE,2025-02-27,GENERAL_NOTICE,214,False,,2026-09-29,365,365,365,1,,0,False,False,Pune,,,District Collectorate & Administration Pune,RFCTLARR_2013,Rural Infrastructure,False,,,,,,,NOT_PUBLISHED_IN_GAZETTE,NOT_PUBLISHED_IN_STRUCTURED_DATA,NOT_APPLICABLE_IN_REAL_DATA,NOT_APPLICABLE_PRE_AWARD,UNPARSED_SCHEDULE_TABLE,UNPARSED_SCHEDULE_TABLE,NOT_PUBLISHED_IN_STRUCTURED_DATA,,NOT_APPLICABLE_PRE_SEC11
CAS_CLEAN_211,SNP_CAS_CLEAN_211_CASE_INITIATION_MILESTONE_20260301,2026-03-01,CASE_INITIATION_TO_MILESTONE,2025-03-01,GENERAL_NOTICE,212,False,,2026-09-29,365,365,365,1,,0,False,False,Pune,,,District Collectorate & Administration Pune,RFCTLARR_2013,Rural Infrastructure,False,,,,,,,NOT_PUBLISHED_IN_GAZETTE,NOT_PUBLISHED_IN_STRUCTURED_DATA,NOT_APPLICABLE_IN_REAL_DATA,NOT_APPLICABLE_PRE_AWARD,UNPARSED_SCHEDULE_TABLE,UNPARSED_SCHEDULE_TABLE,NOT_PUBLISHED_IN_STRUCTURED_DATA,,NOT_APPLICABLE_PRE_SEC11
CAS_CLEAN_023,SNP_CAS_CLEAN_023_CASE_INITIATION_MILESTONE_20260302,2026-03-02,CASE_INITIATION_TO_MILESTONE,2025-06-05,GENERAL_NOTICE,211,False,,2026-09-29,270,270,270,1,,0,False,False,Nagpur,,,District Collectorate & Administration Nagpur,RFCTLARR_2013,Rural Infrastructure,False,,,,,,,NOT_PUBLISHED_IN_GAZETTE,NOT_PUBLISHED_IN_STRUCTURED_DATA,NOT_APPLICABLE_IN_REAL_DATA,NOT_APPLICABLE_PRE_AWARD,UNPARSED_SCHEDULE_TABLE,UNPARSED_SCHEDULE_TABLE,NOT_PUBLISHED_IN_STRUCTURED_DATA,,NOT_APPLICABLE_PRE_SEC11
CAS_CLEAN_189,SNP_CAS_CLEAN_189_CASE_INITIATION_MILESTONE_20260302,2026-03-02,CASE_INITIATION_TO_MILESTONE,2025-09-03,GENERAL_NOTICE,211,False,,2026-09-29,180,180,180,1,,0,False,False,Pune,,,District Collectorate & Administration Pune,RFCTLARR_2013,Rural Infrastructure,False,,,,,,,NOT_PUBLISHED_IN_GAZETTE,NOT_PUBLISHED_IN_STRUCTURED_DATA,NOT_APPLICABLE_IN_REAL_DATA,NOT_APPLICABLE_PRE_AWARD,UNPARSED_SCHEDULE_TABLE,UNPARSED_SCHEDULE_TABLE,NOT_PUBLISHED_IN_STRUCTURED_DATA,,NOT_APPLICABLE_PRE_SEC11
CAS_CLEAN_193,SNP_CAS_CLEAN_193_CASE_INITIATION_MILESTONE_20260303,2026-03-03,CASE_INITIATION_TO_MILESTONE,2025-06-06,GENERAL_NOTICE,210,False,,2026-09-29,270,270,270,1,,0,False,False,Pune,,,District Collectorate & Administration Pune,RFCTLARR_2013,Rural Infrastructure,False,,,,,,,NOT_PUBLISHED_IN_GAZETTE,NOT_PUBLISHED_IN_STRUCTURED_DATA,NOT_APPLICABLE_IN_REAL_DATA,NOT_APPLICABLE_PRE_AWARD,UNPARSED_SCHEDULE_TABLE,UNPARSED_SCHEDULE_TABLE,NOT_PUBLISHED_IN_STRUCTURED_DATA,,NOT_APPLICABLE_PRE_SEC11
CAS_CLEAN_196,SNP_CAS_CLEAN_196_CASE_INITIATION_MILESTONE_20260303,2026-03-03,CASE_INITIATION_TO_MILESTONE,2025-06-06,GENERAL_NOTICE,210,False,,2026-09-29,270,270,270,1,,0,False,False,Pune,,,District Collectorate & Administration Pune,RFCTLARR_2013,Rural Infrastructure,False,,,,,,,NOT_PUBLISHED_IN_GAZETTE,NOT_PUBLISHED_IN_STRUCTURED_DATA,NOT_APPLICABLE_IN_REAL_DATA,NOT_APPLICABLE_PRE_AWARD,UNPARSED_SCHEDULE_TABLE,UNPARSED_SCHEDULE_TABLE,NOT_PUBLISHED_IN_STRUCTURED_DATA,,NOT_APPLICABLE_PRE_SEC11
CAS_CLEAN_021,SNP_CAS_CLEAN_021_CASE_INITIATION_MILESTONE_20260305,2026-03-05,CASE_INITIATION_TO_MILESTONE,2024-03-05,GENERAL_NOTICE,208,False,,2026-09-29,730,730,730,1,,0,False,False,Nagpur,,,District Collectorate & Administration Nagpur,RFCTLARR_2013,Rural Infrastructure,False,,,,,,,NOT_PUBLISHED_IN_GAZETTE,NOT_PUBLISHED_IN_STRUCTURED_DATA,NOT_APPLICABLE_IN_REAL_DATA,NOT_APPLICABLE_PRE_AWARD,UNPARSED_SCHEDULE_TABLE,UNPARSED_SCHEDULE_TABLE,NOT_PUBLISHED_IN_STRUCTURED_DATA,,NOT_APPLICABLE_PRE_SEC11
CAS_CLEAN_181,SNP_CAS_CLEAN_181_CASE_INITIATION_MILESTONE_20260309,2026-03-09,CASE_INITIATION_TO_MILESTONE,2026-03-09,GENERAL_NOTICE,204,False,,2026-09-29,0,0,0,1,,0,False,False,Pune,Haveli,Balewadi,District Collectorate & Administration Pune,RFCTLARR_2013,Highway / Road Widening,False,,,,,,,NOT_PUBLISHED_IN_GAZETTE,NOT_PUBLISHED_IN_STRUCTURED_DATA,NOT_APPLICABLE_IN_REAL_DATA,NOT_APPLICABLE_PRE_AWARD,UNPARSED_SCHEDULE_TABLE,UNPARSED_SCHEDULE_TABLE,NOT_PUBLISHED_IN_STRUCTURED_DATA,,NOT_APPLICABLE_PRE_SEC11
CAS_CLEAN_245,SNP_CAS_CLEAN_245_CASE_INITIATION_MILESTONE_20260309,2026-03-09,CASE_INITIATION_TO_MILESTONE,2025-09-10,GENERAL_NOTICE,204,False,,2026-09-29,180,180,180,1,,0,False,False,Pune,,Lonikand,District Collectorate & Administration Pune,RFCTLARR_2013,Rural Infrastructure,False,,,,,,,NOT_PUBLISHED_IN_GAZETTE,NOT_PUBLISHED_IN_STRUCTURED_DATA,NOT_APPLICABLE_IN_REAL_DATA,NOT_APPLICABLE_PRE_AWARD,UNPARSED_SCHEDULE_TABLE,UNPARSED_SCHEDULE_TABLE,NOT_PUBLISHED_IN_STRUCTURED_DATA,,NOT_APPLICABLE_PRE_SEC11
CAS_CLEAN_212,SNP_CAS_CLEAN_212_CASE_INITIATION_MILESTONE_20260310,2026-03-10,CASE_INITIATION_TO_MILESTONE,2025-03-10,GENERAL_NOTICE,203,False,,2026-09-29,365,365,365,1,,0,False,False,Pune,,,District Collectorate & Administration Pune,RFCTLARR_2013,Rural Infrastructure,False,,,,,,,NOT_PUBLISHED_IN_GAZETTE,NOT_PUBLISHED_IN_STRUCTURED_DATA,NOT_APPLICABLE_IN_REAL_DATA,NOT_APPLICABLE_PRE_AWARD,UNPARSED_SCHEDULE_TABLE,UNPARSED_SCHEDULE_TABLE,NOT_PUBLISHED_IN_STRUCTURED_DATA,,NOT_APPLICABLE_PRE_SEC11
CAS_CLEAN_213,SNP_CAS_CLEAN_213_CASE_INITIATION_MILESTONE_20260310,2026-03-10,CASE_INITIATION_TO_MILESTONE,2025-03-10,GENERAL_NOTICE,203,False,,2026-09-29,365,365,365,1,,0,False,False,Pune,,,District Collectorate & Administration Pune,RFCTLARR_2013,Rural Infrastructure,False,,,,,,,NOT_PUBLISHED_IN_GAZETTE,NOT_PUBLISHED_IN_STRUCTURED_DATA,NOT_APPLICABLE_IN_REAL_DATA,NOT_APPLICABLE_PRE_AWARD,UNPARSED_SCHEDULE_TABLE,UNPARSED_SCHEDULE_TABLE,NOT_PUBLISHED_IN_STRUCTURED_DATA,,NOT_APPLICABLE_PRE_SEC11
CAS_CLEAN_215,SNP_CAS_CLEAN_215_CASE_INITIATION_MILESTONE_20260311,2026-03-11,CASE_INITIATION_TO_MILESTONE,2025-03-11,GENERAL_NOTICE,202,False,,2026-09-29,365,365,365,1,,0,False,False,Pune,,,District Collectorate & Administration Pune,RFCTLARR_2013,Rural Infrastructure,False,,,,,,,NOT_PUBLISHED_IN_GAZETTE,NOT_PUBLISHED_IN_STRUCTURED_DATA,NOT_APPLICABLE_IN_REAL_DATA,NOT_APPLICABLE_PRE_AWARD,UNPARSED_SCHEDULE_TABLE,UNPARSED_SCHEDULE_TABLE,NOT_PUBLISHED_IN_STRUCTURED_DATA,,NOT_APPLICABLE_PRE_SEC11
CAS_CLEAN_259,SNP_CAS_CLEAN_259_CASE_INITIATION_MILESTONE_20260312,2026-03-12,CASE_INITIATION_TO_MILESTONE,2025-12-12,SECTION_11,201,False,,2026-09-29,90,90,90,1,0.2466,0,False,False,Solapur,Malshiras,,District Collectorate & Administration Solapur,RFCTLARR_2013,Rural Infrastructure,False,,,,,,,NOT_PUBLISHED_IN_GAZETTE,NOT_PUBLISHED_IN_STRUCTURED_DATA,NOT_APPLICABLE_IN_REAL_DATA,NOT_APPLICABLE_PRE_AWARD,UNPARSED_SCHEDULE_TABLE,UNPARSED_SCHEDULE_TABLE,NOT_PUBLISHED_IN_STRUCTURED_DATA,,
CAS_CLEAN_164,SNP_CAS_CLEAN_164_CASE_INITIATION_MILESTONE_20260313,2026-03-13,CASE_INITIATION_TO_MILESTONE,2024-03-13,GENERAL_NOTICE,200,False,,2026-09-29,730,730,730,1,,0,False,False,Nagpur,Hingna,Wanadongri,District Collectorate & Administration Nagpur,RFCTLARR_2013,Rural Infrastructure,False,,,,,,,NOT_PUBLISHED_IN_GAZETTE,NOT_PUBLISHED_IN_STRUCTURED_DATA,NOT_APPLICABLE_IN_REAL_DATA,NOT_APPLICABLE_PRE_AWARD,UNPARSED_SCHEDULE_TABLE,UNPARSED_SCHEDULE_TABLE,NOT_PUBLISHED_IN_STRUCTURED_DATA,,NOT_APPLICABLE_PRE_SEC11
CAS_CLEAN_165,SNP_CAS_CLEAN_165_CASE_INITIATION_MILESTONE_20260313,2026-03-13,CASE_INITIATION_TO_MILESTONE,2024-03-13,GENERAL_NOTICE,200,False,,2026-09-29,730,730,730,1,,0,False,False,Nagpur,Hingna,Wanadongri,District Collectorate & Administration Nagpur,RFCTLARR_2013,Rural Infrastructure,False,,,,,,,NOT_PUBLISHED_IN_GAZETTE,NOT_PUBLISHED_IN_STRUCTURED_DATA,NOT_APPLICABLE_IN_REAL_DATA,NOT_APPLICABLE_PRE_AWARD,UNPARSED_SCHEDULE_TABLE,UNPARSED_SCHEDULE_TABLE,NOT_PUBLISHED_IN_STRUCTURED_DATA,,NOT_APPLICABLE_PRE_SEC11
CAS_CLEAN_207,SNP_CAS_CLEAN_207_CASE_INITIATION_MILESTONE_20260313,2026-03-13,CASE_INITIATION_TO_MILESTONE,2025-03-13,GENERAL_NOTICE,200,False,,2026-09-29,365,365,365,1,,0,False,False,Pune,,,District Collectorate & Administration Pune,RFCTLARR_2013,Rural Infrastructure,False,,,,,,,NOT_PUBLISHED_IN_GAZETTE,NOT_PUBLISHED_IN_STRUCTURED_DATA,NOT_APPLICABLE_IN_REAL_DATA,NOT_APPLICABLE_PRE_AWARD,UNPARSED_SCHEDULE_TABLE,UNPARSED_SCHEDULE_TABLE,NOT_PUBLISHED_IN_STRUCTURED_DATA,,NOT_APPLICABLE_PRE_SEC11
CAS_CLEAN_208,SNP_CAS_CLEAN_208_CASE_INITIATION_MILESTONE_20260313,2026-03-13,CASE_INITIATION_TO_MILESTONE,2025-03-13,GENERAL_NOTICE,200,False,,2026-09-29,365,365,365,1,,0,False,False,Pune,,,District Collectorate & Administration Pune,RFCTLARR_2013,Rural Infrastructure,False,,,,,,,NOT_PUBLISHED_IN_GAZETTE,NOT_PUBLISHED_IN_STRUCTURED_DATA,NOT_APPLICABLE_IN_REAL_DATA,NOT_APPLICABLE_PRE_AWARD,UNPARSED_SCHEDULE_TABLE,UNPARSED_SCHEDULE_TABLE,NOT_PUBLISHED_IN_STRUCTURED_DATA,,NOT_APPLICABLE_PRE_SEC11
CAS_CLEAN_209,SNP_CAS_CLEAN_209_CASE_INITIATION_MILESTONE_20260313,2026-03-13,CASE_INITIATION_TO_MILESTONE,2025-03-13,GENERAL_NOTICE,200,False,,2026-09-29,365,365,365,1,,0,False,False,Pune,,,District Collectorate & Administration Pune,RFCTLARR_2013,Rural Infrastructure,False,,,,,,,NOT_PUBLISHED_IN_GAZETTE,NOT_PUBLISHED_IN_STRUCTURED_DATA,NOT_APPLICABLE_IN_REAL_DATA,NOT_APPLICABLE_PRE_AWARD,UNPARSED_SCHEDULE_TABLE,UNPARSED_SCHEDULE_TABLE,NOT_PUBLISHED_IN_STRUCTURED_DATA,,NOT_APPLICABLE_PRE_SEC11
CAS_CLEAN_039,SNP_CAS_CLEAN_039_CASE_INITIATION_MILESTONE_20260314,2026-03-14,CASE_INITIATION_TO_MILESTONE,2024-03-14,SECTION_11,199,False,,2026-09-29,730,730,730,1,1.0,0,False,False,Nagpur,Kuhi,chapegadi(Rithi),District Collectorate & Administration Nagpur,RFCTLARR_2013,Rural Infrastructure,False,,,,,,,NOT_PUBLISHED_IN_GAZETTE,NOT_PUBLISHED_IN_STRUCTURED_DATA,NOT_APPLICABLE_IN_REAL_DATA,NOT_APPLICABLE_PRE_AWARD,UNPARSED_SCHEDULE_TABLE,UNPARSED_SCHEDULE_TABLE,NOT_PUBLISHED_IN_STRUCTURED_DATA,,
CAS_CLEAN_041,SNP_CAS_CLEAN_041_CASE_INITIATION_MILESTONE_20260314,2026-03-14,CASE_INITIATION_TO_MILESTONE,2024-03-14,SECTION_11,199,False,,2026-09-29,730,730,730,1,1.0,0,False,False,Nagpur,Kuhi,Chapeghat (Rithi),District Collectorate & Administration Nagpur,RFCTLARR_2013,Rural Infrastructure,False,,,,,,,NOT_PUBLISHED_IN_GAZETTE,NOT_PUBLISHED_IN_STRUCTURED_DATA,NOT_APPLICABLE_IN_REAL_DATA,NOT_APPLICABLE_PRE_AWARD,UNPARSED_SCHEDULE_TABLE,UNPARSED_SCHEDULE_TABLE,NOT_PUBLISHED_IN_STRUCTURED_DATA,,
CAS_CLEAN_136,SNP_CAS_CLEAN_136_CASE_INITIATION_MILESTONE_20260314,2026-03-14,CASE_INITIATION_TO_MILESTONE,2024-03-14,SECTION_11,199,False,,2026-09-29,730,730,730,1,1.0,0,False,False,Nagpur,Kuhi,Sawangi,District Collectorate & Administration Nagpur,RFCTLARR_2013,Rural Infrastructure,False,,,,,,,NOT_PUBLISHED_IN_GAZETTE,NOT_PUBLISHED_IN_STRUCTURED_DATA,NOT_APPLICABLE_IN_REAL_DATA,NOT_APPLICABLE_PRE_AWARD,UNPARSED_SCHEDULE_TABLE,UNPARSED_SCHEDULE_TABLE,NOT_PUBLISHED_IN_STRUCTURED_DATA,,
CAS_CLEAN_244,SNP_CAS_CLEAN_244_CASE_INITIATION_MILESTONE_20260316,2026-03-16,CASE_INITIATION_TO_MILESTONE,2025-09-17,GENERAL_NOTICE,197,False,,2026-09-29,180,180,180,1,,0,False,False,Pune,,Lonikand,District Collectorate & Administration Pune,RFCTLARR_2013,Rural Infrastructure,False,,,,,,,NOT_PUBLISHED_IN_GAZETTE,NOT_PUBLISHED_IN_STRUCTURED_DATA,NOT_APPLICABLE_IN_REAL_DATA,NOT_APPLICABLE_PRE_AWARD,UNPARSED_SCHEDULE_TABLE,UNPARSED_SCHEDULE_TABLE,NOT_PUBLISHED_IN_STRUCTURED_DATA,,NOT_APPLICABLE_PRE_SEC11
CAS_CLEAN_258,SNP_CAS_CLEAN_258_CASE_INITIATION_MILESTONE_20260317,2026-03-17,CASE_INITIATION_TO_MILESTONE,2025-03-17,GENERAL_NOTICE,196,False,,2026-09-29,365,365,365,1,,0,False,False,Pune,Haveli,Vadgaon Sheri,District Collectorate & Administration Pune,LAND_ACQUISITION_ACT_1894,Highway / Road Widening,False,,,,,,,NOT_PUBLISHED_IN_GAZETTE,NOT_PUBLISHED_IN_STRUCTURED_DATA,NOT_APPLICABLE_IN_REAL_DATA,NOT_APPLICABLE_PRE_AWARD,UNPARSED_SCHEDULE_TABLE,UNPARSED_SCHEDULE_TABLE,NOT_PUBLISHED_IN_STRUCTURED_DATA,,NOT_APPLICABLE_PRE_SEC11
CAS_CLEAN_133,SNP_CAS_CLEAN_133_CASE_INITIATION_MILESTONE_20260318,2026-03-18,CASE_INITIATION_TO_MILESTONE,2025-09-19,SECTION_21,195,False,,2026-09-29,180,58,58,2,,0,False,False,Nagpur,Kuhi,Savargao,District Collectorate & Administration Nagpur,RFCTLARR_2013,Rural Infrastructure,False,,,,,,,NOT_PUBLISHED_IN_GAZETTE,NOT_PUBLISHED_IN_STRUCTURED_DATA,NOT_APPLICABLE_IN_REAL_DATA,NOT_APPLICABLE_PRE_AWARD,UNPARSED_SCHEDULE_TABLE,UNPARSED_SCHEDULE_TABLE,NOT_PUBLISHED_IN_STRUCTURED_DATA,,NOT_APPLICABLE_PRE_SEC11
CAS_CLEAN_101,SNP_CAS_CLEAN_101_CASE_INITIATION_MILESTONE_20260320,2026-03-20,CASE_INITIATION_TO_MILESTONE,2025-06-23,SECTION_21,193,False,,2026-09-29,270,270,270,1,,0,False,False,Nagpur,,Nagpur (Khas),District Collectorate & Administration Nagpur,RFCTLARR_2013,Rural Infrastructure,False,,,,,,,NOT_PUBLISHED_IN_GAZETTE,NOT_PUBLISHED_IN_STRUCTURED_DATA,NOT_APPLICABLE_IN_REAL_DATA,NOT_APPLICABLE_PRE_AWARD,UNPARSED_SCHEDULE_TABLE,UNPARSED_SCHEDULE_TABLE,NOT_PUBLISHED_IN_STRUCTURED_DATA,,NOT_APPLICABLE_PRE_SEC11
CAS_CLEAN_210,SNP_CAS_CLEAN_210_CASE_INITIATION_MILESTONE_20260320,2026-03-20,CASE_INITIATION_TO_MILESTONE,2025-03-20,GENERAL_NOTICE,193,False,,2026-09-29,365,365,365,1,,0,False,False,Pune,,,District Collectorate & Administration Pune,RFCTLARR_2013,Rural Infrastructure,False,,,,,,,NOT_PUBLISHED_IN_GAZETTE,NOT_PUBLISHED_IN_STRUCTURED_DATA,NOT_APPLICABLE_IN_REAL_DATA,NOT_APPLICABLE_PRE_AWARD,UNPARSED_SCHEDULE_TABLE,UNPARSED_SCHEDULE_TABLE,NOT_PUBLISHED_IN_STRUCTURED_DATA,,NOT_APPLICABLE_PRE_SEC11
CAS_CLEAN_093,SNP_CAS_CLEAN_093_CASE_INITIATION_MILESTONE_20260323,2026-03-23,CASE_INITIATION_TO_MILESTONE,2025-06-26,GENERAL_NOTICE,190,False,,2026-09-29,270,270,270,1,,0,False,False,Nagpur,Nagpur City,Nagpur (Khas),District Collectorate & Administration Nagpur,RFCTLARR_2013,Rural Infrastructure,False,,,,,,,NOT_PUBLISHED_IN_GAZETTE,NOT_PUBLISHED_IN_STRUCTURED_DATA,NOT_APPLICABLE_IN_REAL_DATA,NOT_APPLICABLE_PRE_AWARD,UNPARSED_SCHEDULE_TABLE,UNPARSED_SCHEDULE_TABLE,NOT_PUBLISHED_IN_STRUCTURED_DATA,,NOT_APPLICABLE_PRE_SEC11
CAS_CLEAN_194,SNP_CAS_CLEAN_194_CASE_INITIATION_MILESTONE_20260324,2026-03-24,CASE_INITIATION_TO_MILESTONE,2025-06-27,GENERAL_NOTICE,189,False,,2026-09-29,270,270,270,1,,0,False,False,Pune,,,District Collectorate & Administration Pune,RFCTLARR_2013,Rural Infrastructure,False,,,,,,,NOT_PUBLISHED_IN_GAZETTE,NOT_PUBLISHED_IN_STRUCTURED_DATA,NOT_APPLICABLE_IN_REAL_DATA,NOT_APPLICABLE_PRE_AWARD,UNPARSED_SCHEDULE_TABLE,UNPARSED_SCHEDULE_TABLE,NOT_PUBLISHED_IN_STRUCTURED_DATA,,NOT_APPLICABLE_PRE_SEC11
CAS_CLEAN_195,SNP_CAS_CLEAN_195_CASE_INITIATION_MILESTONE_20260324,2026-03-24,CASE_INITIATION_TO_MILESTONE,2025-06-27,GENERAL_NOTICE,189,False,,2026-09-29,270,270,270,1,,0,False,False,Pune,,,District Collectorate & Administration Pune,RFCTLARR_2013,Rural Infrastructure,False,,,,,,,NOT_PUBLISHED_IN_GAZETTE,NOT_PUBLISHED_IN_STRUCTURED_DATA,NOT_APPLICABLE_IN_REAL_DATA,NOT_APPLICABLE_PRE_AWARD,UNPARSED_SCHEDULE_TABLE,UNPARSED_SCHEDULE_TABLE,NOT_PUBLISHED_IN_STRUCTURED_DATA,,NOT_APPLICABLE_PRE_SEC11
CAS_CLEAN_243,SNP_CAS_CLEAN_243_CASE_INITIATION_MILESTONE_20260324,2026-03-24,CASE_INITIATION_TO_MILESTONE,2025-09-25,GENERAL_NOTICE,189,False,,2026-09-29,180,180,180,1,,0,False,False,Pune,,Lonikand,District Collectorate & Administration Pune,RFCTLARR_2013,Rural Infrastructure,False,,,,,,,NOT_PUBLISHED_IN_GAZETTE,NOT_PUBLISHED_IN_STRUCTURED_DATA,NOT_APPLICABLE_IN_REAL_DATA,NOT_APPLICABLE_PRE_AWARD,UNPARSED_SCHEDULE_TABLE,UNPARSED_SCHEDULE_TABLE,NOT_PUBLISHED_IN_STRUCTURED_DATA,,NOT_APPLICABLE_PRE_SEC11
CAS_CLEAN_124,SNP_CAS_CLEAN_124_CASE_INITIATION_MILESTONE_20260329,2026-03-29,CASE_INITIATION_TO_MILESTONE,2025-09-30,SECTION_11,1,True,2026-03-30,,180,180,180,1,0.4932,0,False,False,Nagpur,Saoner,Ranala,District Collectorate & Administration Nagpur,RFCTLARR_2013,Rural Infrastructure,False,,,,,,,NOT_PUBLISHED_IN_GAZETTE,NOT_PUBLISHED_IN_STRUCTURED_DATA,NOT_APPLICABLE_IN_REAL_DATA,NOT_APPLICABLE_PRE_AWARD,UNPARSED_SCHEDULE_TABLE,UNPARSED_SCHEDULE_TABLE,NOT_PUBLISHED_IN_STRUCTURED_DATA,,
CAS_CLEAN_201,SNP_CAS_CLEAN_201_CASE_INITIATION_MILESTONE_20260404,2026-04-04,CASE_INITIATION_TO_MILESTONE,2025-04-04,GENERAL_NOTICE,178,False,,2026-09-29,365,365,365,1,,0,False,False,Pune,,,District Collectorate & Administration Pune,RFCTLARR_2013,Rural Infrastructure,False,,,,,,,NOT_PUBLISHED_IN_GAZETTE,NOT_PUBLISHED_IN_STRUCTURED_DATA,NOT_APPLICABLE_IN_REAL_DATA,NOT_APPLICABLE_PRE_AWARD,UNPARSED_SCHEDULE_TABLE,UNPARSED_SCHEDULE_TABLE,NOT_PUBLISHED_IN_STRUCTURED_DATA,,NOT_APPLICABLE_PRE_SEC11
CAS_CLEAN_238,SNP_CAS_CLEAN_238_CASE_INITIATION_MILESTONE_20260404,2026-04-04,CASE_INITIATION_TO_MILESTONE,2025-04-04,GENERAL_NOTICE,178,False,,2026-09-29,365,365,365,1,,0,False,False,Pune,,Khed,District Collectorate & Administration Pune,RFCTLARR_2013,Rural Infrastructure,False,,,,,,,NOT_PUBLISHED_IN_GAZETTE,NOT_PUBLISHED_IN_STRUCTURED_DATA,NOT_APPLICABLE_IN_REAL_DATA,NOT_APPLICABLE_PRE_AWARD,UNPARSED_SCHEDULE_TABLE,UNPARSED_SCHEDULE_TABLE,NOT_PUBLISHED_IN_STRUCTURED_DATA,,NOT_APPLICABLE_PRE_SEC11
CAS_CLEAN_052,SNP_CAS_CLEAN_052_CASE_INITIATION_MILESTONE_20260409,2026-04-09,CASE_INITIATION_TO_MILESTONE,2026-01-09,GENERAL_NOTICE,173,False,,2026-09-29,90,90,90,1,,0,False,False,Nagpur,,,District Collectorate & Administration Nagpur,RFCTLARR_2013,Rural Infrastructure,False,,,,,,,NOT_PUBLISHED_IN_GAZETTE,NOT_PUBLISHED_IN_STRUCTURED_DATA,NOT_APPLICABLE_IN_REAL_DATA,NOT_APPLICABLE_PRE_AWARD,UNPARSED_SCHEDULE_TABLE,UNPARSED_SCHEDULE_TABLE,NOT_PUBLISHED_IN_STRUCTURED_DATA,,NOT_APPLICABLE_PRE_SEC11
CAS_CLEAN_191,SNP_CAS_CLEAN_191_CASE_INITIATION_MILESTONE_20260413,2026-04-13,CASE_INITIATION_TO_MILESTONE,2025-07-17,GENERAL_NOTICE,169,False,,2026-09-29,270,270,270,1,,0,False,False,Pune,,,District Collectorate & Administration Pune,RFCTLARR_2013,Rural Infrastructure,False,,,,,,,NOT_PUBLISHED_IN_GAZETTE,NOT_PUBLISHED_IN_STRUCTURED_DATA,NOT_APPLICABLE_IN_REAL_DATA,NOT_APPLICABLE_PRE_AWARD,UNPARSED_SCHEDULE_TABLE,UNPARSED_SCHEDULE_TABLE,NOT_PUBLISHED_IN_STRUCTURED_DATA,,NOT_APPLICABLE_PRE_SEC11
CAS_CLEAN_042,SNP_CAS_CLEAN_042_CASE_INITIATION_MILESTONE_20260417,2026-04-17,CASE_INITIATION_TO_MILESTONE,2025-04-17,GENERAL_NOTICE,165,False,,2026-09-29,365,295,295,2,,0,False,False,Nagpur,Nagpur City,Chikhali Khurd,District Collectorate & Administration Nagpur,RFCTLARR_2013,Rural Infrastructure,False,,,,,,,NOT_PUBLISHED_IN_GAZETTE,NOT_PUBLISHED_IN_STRUCTURED_DATA,NOT_APPLICABLE_IN_REAL_DATA,NOT_APPLICABLE_PRE_AWARD,UNPARSED_SCHEDULE_TABLE,UNPARSED_SCHEDULE_TABLE,NOT_PUBLISHED_IN_STRUCTURED_DATA,,NOT_APPLICABLE_PRE_SEC11
CAS_CLEAN_092,SNP_CAS_CLEAN_092_CASE_INITIATION_MILESTONE_20260417,2026-04-17,CASE_INITIATION_TO_MILESTONE,2025-04-17,GENERAL_NOTICE,165,False,,2026-09-29,365,365,365,1,,0,False,False,Nagpur,Nagpur City,Nagpur Khas,District Collectorate & Administration Nagpur,RFCTLARR_2013,Rural Infrastructure,False,,,,,,,NOT_PUBLISHED_IN_GAZETTE,NOT_PUBLISHED_IN_STRUCTURED_DATA,NOT_APPLICABLE_IN_REAL_DATA,NOT_APPLICABLE_PRE_AWARD,UNPARSED_SCHEDULE_TABLE,UNPARSED_SCHEDULE_TABLE,NOT_PUBLISHED_IN_STRUCTURED_DATA,,NOT_APPLICABLE_PRE_SEC11
CAS_CLEAN_197,SNP_CAS_CLEAN_197_CASE_INITIATION_MILESTONE_20260417,2026-04-17,CASE_INITIATION_TO_MILESTONE,2025-04-17,GENERAL_NOTICE,165,False,,2026-09-29,365,365,365,1,,0,False,False,Pune,,,District Collectorate & Administration Pune,RFCTLARR_2013,Rural Infrastructure,False,,,,,,,NOT_PUBLISHED_IN_GAZETTE,NOT_PUBLISHED_IN_STRUCTURED_DATA,NOT_APPLICABLE_IN_REAL_DATA,NOT_APPLICABLE_PRE_AWARD,UNPARSED_SCHEDULE_TABLE,UNPARSED_SCHEDULE_TABLE,NOT_PUBLISHED_IN_STRUCTURED_DATA,,NOT_APPLICABLE_PRE_SEC11
CAS_CLEAN_237,SNP_CAS_CLEAN_237_CASE_INITIATION_MILESTONE_20260417,2026-04-17,CASE_INITIATION_TO_MILESTONE,2025-07-21,GENERAL_NOTICE,165,False,,2026-09-29,270,270,270,1,,0,False,False,Pune,,Khed,District Collectorate & Administration Pune,RFCTLARR_2013,Rural Infrastructure,False,,,,,,,NOT_PUBLISHED_IN_GAZETTE,NOT_PUBLISHED_IN_STRUCTURED_DATA,NOT_APPLICABLE_IN_REAL_DATA,NOT_APPLICABLE_PRE_AWARD,UNPARSED_SCHEDULE_TABLE,UNPARSED_SCHEDULE_TABLE,NOT_PUBLISHED_IN_STRUCTURED_DATA,,NOT_APPLICABLE_PRE_SEC11
CAS_CLEAN_251,SNP_CAS_CLEAN_251_CASE_INITIATION_MILESTONE_20260417,2026-04-17,CASE_INITIATION_TO_MILESTONE,2025-07-21,GENERAL_NOTICE,165,False,,2026-09-29,270,270,270,1,,0,False,False,Pune,,Nighoje,District Collectorate & Administration Pune,RFCTLARR_2013,Rural Infrastructure,False,,,,,,,NOT_PUBLISHED_IN_GAZETTE,NOT_PUBLISHED_IN_STRUCTURED_DATA,NOT_APPLICABLE_IN_REAL_DATA,NOT_APPLICABLE_PRE_AWARD,UNPARSED_SCHEDULE_TABLE,UNPARSED_SCHEDULE_TABLE,NOT_PUBLISHED_IN_STRUCTURED_DATA,,NOT_APPLICABLE_PRE_SEC11
CAS_CLEAN_113,SNP_CAS_CLEAN_113_CASE_INITIATION_MILESTONE_20260419,2026-04-19,CASE_INITIATION_TO_MILESTONE,2026-01-19,GENERAL_NOTICE,163,False,,2026-09-29,90,90,90,1,,0,False,False,Nagpur,Kuhi,Pratappur,District Collectorate & Administration Nagpur,RFCTLARR_2013,Rural Infrastructure,False,,,,,,,NOT_PUBLISHED_IN_GAZETTE,NOT_PUBLISHED_IN_STRUCTURED_DATA,NOT_APPLICABLE_IN_REAL_DATA,NOT_APPLICABLE_PRE_AWARD,UNPARSED_SCHEDULE_TABLE,UNPARSED_SCHEDULE_TABLE,NOT_PUBLISHED_IN_STRUCTURED_DATA,,NOT_APPLICABLE_PRE_SEC11
CAS_CLEAN_260,SNP_CAS_CLEAN_260_CASE_INITIATION_MILESTONE_20260420,2026-04-20,CASE_INITIATION_TO_MILESTONE,2026-04-20,INITIATION,162,False,,2026-09-29,0,0,,0,,1,True,False,Solapur,,,District Collectorate & Administration Solapur,RFCTLARR_2013,Rural Infrastructure,False,,,,,,,NOT_PUBLISHED_IN_GAZETTE,NOT_PUBLISHED_IN_STRUCTURED_DATA,NOT_APPLICABLE_IN_REAL_DATA,NOT_APPLICABLE_PRE_AWARD,UNPARSED_SCHEDULE_TABLE,UNPARSED_SCHEDULE_TABLE,NOT_PUBLISHED_IN_STRUCTURED_DATA,NO_NOTICE_EVENT,NOT_APPLICABLE_PRE_SEC11
CAS_CLEAN_198,SNP_CAS_CLEAN_198_CASE_INITIATION_MILESTONE_20260421,2026-04-21,CASE_INITIATION_TO_MILESTONE,2025-04-21,GENERAL_NOTICE,161,False,,2026-09-29,365,365,365,1,,0,False,False,Pune,,,District Collectorate & Administration Pune,RFCTLARR_2013,Rural Infrastructure,False,,,,,,,NOT_PUBLISHED_IN_GAZETTE,NOT_PUBLISHED_IN_STRUCTURED_DATA,NOT_APPLICABLE_IN_REAL_DATA,NOT_APPLICABLE_PRE_AWARD,UNPARSED_SCHEDULE_TABLE,UNPARSED_SCHEDULE_TABLE,NOT_PUBLISHED_IN_STRUCTURED_DATA,,NOT_APPLICABLE_PRE_SEC11
CAS_CLEAN_199,SNP_CAS_CLEAN_199_CASE_INITIATION_MILESTONE_20260421,2026-04-21,CASE_INITIATION_TO_MILESTONE,2025-04-21,GENERAL_NOTICE,161,False,,2026-09-29,365,365,365,1,,0,False,False,Pune,,,District Collectorate & Administration Pune,RFCTLARR_2013,Rural Infrastructure,False,,,,,,,NOT_PUBLISHED_IN_GAZETTE,NOT_PUBLISHED_IN_STRUCTURED_DATA,NOT_APPLICABLE_IN_REAL_DATA,NOT_APPLICABLE_PRE_AWARD,UNPARSED_SCHEDULE_TABLE,UNPARSED_SCHEDULE_TABLE,NOT_PUBLISHED_IN_STRUCTURED_DATA,,NOT_APPLICABLE_PRE_SEC11
CAS_CLEAN_200,SNP_CAS_CLEAN_200_CASE_INITIATION_MILESTONE_20260421,2026-04-21,CASE_INITIATION_TO_MILESTONE,2025-04-21,GENERAL_NOTICE,161,False,,2026-09-29,365,365,365,1,,0,False,False,Pune,,,District Collectorate & Administration Pune,RFCTLARR_2013,Rural Infrastructure,False,,,,,,,NOT_PUBLISHED_IN_GAZETTE,NOT_PUBLISHED_IN_STRUCTURED_DATA,NOT_APPLICABLE_IN_REAL_DATA,NOT_APPLICABLE_PRE_AWARD,UNPARSED_SCHEDULE_TABLE,UNPARSED_SCHEDULE_TABLE,NOT_PUBLISHED_IN_STRUCTURED_DATA,,NOT_APPLICABLE_PRE_SEC11
CAS_CLEAN_264,SNP_CAS_CLEAN_264_CASE_INITIATION_MILESTONE_20260421,2026-04-21,CASE_INITIATION_TO_MILESTONE,2025-04-21,GENERAL_NOTICE,161,False,,2026-09-29,365,365,365,1,,0,False,False,Solapur,,,District Collectorate & Administration Solapur,RFCTLARR_2013,Rural Infrastructure,False,,,,,,,NOT_PUBLISHED_IN_GAZETTE,NOT_PUBLISHED_IN_STRUCTURED_DATA,NOT_APPLICABLE_IN_REAL_DATA,NOT_APPLICABLE_PRE_AWARD,UNPARSED_SCHEDULE_TABLE,UNPARSED_SCHEDULE_TABLE,NOT_PUBLISHED_IN_STRUCTURED_DATA,,NOT_APPLICABLE_PRE_SEC11
CAS_CLEAN_025,SNP_CAS_CLEAN_025_CASE_INITIATION_MILESTONE_20260428,2026-04-28,CASE_INITIATION_TO_MILESTONE,2025-08-01,SECTION_11,154,False,,2026-09-29,270,270,270,1,0.7397,0,False,False,Nagpur,,,District Collectorate & Administration Nagpur,RFCTLARR_2013,Rural Infrastructure,False,,,,,,,NOT_PUBLISHED_IN_GAZETTE,NOT_PUBLISHED_IN_STRUCTURED_DATA,NOT_APPLICABLE_IN_REAL_DATA,NOT_APPLICABLE_PRE_AWARD,UNPARSED_SCHEDULE_TABLE,UNPARSED_SCHEDULE_TABLE,NOT_PUBLISHED_IN_STRUCTURED_DATA,,
CAS_CLEAN_026,SNP_CAS_CLEAN_026_CASE_INITIATION_MILESTONE_20260428,2026-04-28,CASE_INITIATION_TO_MILESTONE,2025-08-01,SECTION_11,154,False,,2026-09-29,270,270,270,1,0.7397,0,False,False,Nagpur,t TiqHT,,District Collectorate & Administration Nagpur,RFCTLARR_2013,Rural Infrastructure,False,,,,,,,NOT_PUBLISHED_IN_GAZETTE,NOT_PUBLISHED_IN_STRUCTURED_DATA,NOT_APPLICABLE_IN_REAL_DATA,NOT_APPLICABLE_PRE_AWARD,UNPARSED_SCHEDULE_TABLE,UNPARSED_SCHEDULE_TABLE,NOT_PUBLISHED_IN_STRUCTURED_DATA,,
CAS_CLEAN_027,SNP_CAS_CLEAN_027_CASE_INITIATION_MILESTONE_20260428,2026-04-28,CASE_INITIATION_TO_MILESTONE,2026-04-28,SECTION_11,154,False,,2026-09-29,0,0,0,1,0.0,0,False,False,Nagpur,,,District Collectorate & Administration Nagpur,RFCTLARR_2013,Rural Infrastructure,False,,,,,,,NOT_PUBLISHED_IN_GAZETTE,NOT_PUBLISHED_IN_STRUCTURED_DATA,NOT_APPLICABLE_IN_REAL_DATA,NOT_APPLICABLE_PRE_AWARD,UNPARSED_SCHEDULE_TABLE,UNPARSED_SCHEDULE_TABLE,NOT_PUBLISHED_IN_STRUCTURED_DATA,,
CAS_CLEAN_028,SNP_CAS_CLEAN_028_CASE_INITIATION_MILESTONE_20260428,2026-04-28,CASE_INITIATION_TO_MILESTONE,2026-04-28,SECTION_11,154,False,,2026-09-29,0,0,0,1,0.0,0,False,False,Nagpur,,,District Collectorate & Administration Nagpur,RFCTLARR_2013,Rural Infrastructure,False,,,,,,,NOT_PUBLISHED_IN_GAZETTE,NOT_PUBLISHED_IN_STRUCTURED_DATA,NOT_APPLICABLE_IN_REAL_DATA,NOT_APPLICABLE_PRE_AWARD,UNPARSED_SCHEDULE_TABLE,UNPARSED_SCHEDULE_TABLE,NOT_PUBLISHED_IN_STRUCTURED_DATA,,
CAS_CLEAN_065,SNP_CAS_CLEAN_065_CASE_INITIATION_MILESTONE_20260428,2026-04-28,CASE_INITIATION_TO_MILESTONE,2025-08-01,SECTION_11,154,False,,2026-09-29,270,270,270,1,0.7397,0,False,False,Nagpur,,Hardoli,District Collectorate & Administration Nagpur,RFCTLARR_2013,Rural Infrastructure,False,,,,,,,NOT_PUBLISHED_IN_GAZETTE,NOT_PUBLISHED_IN_STRUCTURED_DATA,NOT_APPLICABLE_IN_REAL_DATA,NOT_APPLICABLE_PRE_AWARD,UNPARSED_SCHEDULE_TABLE,UNPARSED_SCHEDULE_TABLE,NOT_PUBLISHED_IN_STRUCTURED_DATA,,
CAS_CLEAN_078,SNP_CAS_CLEAN_078_CASE_INITIATION_MILESTONE_20260428,2026-04-28,CASE_INITIATION_TO_MILESTONE,2025-08-01,SECTION_11,154,False,,2026-09-29,270,270,270,1,0.7397,0,False,False,Nagpur,,Kotgaon,District Collectorate & Administration Nagpur,RFCTLARR_2013,Rural Infrastructure,False,,,,,,,NOT_PUBLISHED_IN_GAZETTE,NOT_PUBLISHED_IN_STRUCTURED_DATA,NOT_APPLICABLE_IN_REAL_DATA,NOT_APPLICABLE_PRE_AWARD,UNPARSED_SCHEDULE_TABLE,UNPARSED_SCHEDULE_TABLE,NOT_PUBLISHED_IN_STRUCTURED_DATA,,
CAS_CLEAN_103,SNP_CAS_CLEAN_103_CASE_INITIATION_MILESTONE_20260428,2026-04-28,CASE_INITIATION_TO_MILESTONE,2025-08-01,SECTION_11,154,False,,2026-09-29,270,270,270,1,0.7397,0,False,False,Nagpur,,Navegao,District Collectorate & Administration Nagpur,RFCTLARR_2013,Rural Infrastructure,False,,,,,,,NOT_PUBLISHED_IN_GAZETTE,NOT_PUBLISHED_IN_STRUCTURED_DATA,NOT_APPLICABLE_IN_REAL_DATA,NOT_APPLICABLE_PRE_AWARD,UNPARSED_SCHEDULE_TABLE,UNPARSED_SCHEDULE_TABLE,NOT_PUBLISHED_IN_STRUCTURED_DATA,,
CAS_CLEAN_121,SNP_CAS_CLEAN_121_CASE_INITIATION_MILESTONE_20260428,2026-04-28,CASE_INITIATION_TO_MILESTONE,2025-08-01,SECTION_11,154,False,,2026-09-29,270,270,270,1,0.7397,0,False,False,Nagpur,Tlq,Rajola,District Collectorate & Administration Nagpur,RFCTLARR_2013,Rural Infrastructure,False,,,,,,,NOT_PUBLISHED_IN_GAZETTE,NOT_PUBLISHED_IN_STRUCTURED_DATA,NOT_APPLICABLE_IN_REAL_DATA,NOT_APPLICABLE_PRE_AWARD,UNPARSED_SCHEDULE_TABLE,UNPARSED_SCHEDULE_TABLE,NOT_PUBLISHED_IN_STRUCTURED_DATA,,
CAS_CLEAN_190,SNP_CAS_CLEAN_190_CASE_INITIATION_MILESTONE_20260501,2026-05-01,CASE_INITIATION_TO_MILESTONE,2025-08-04,GENERAL_NOTICE,151,False,,2026-09-29,270,270,270,1,,0,False,False,Pune,,,District Collectorate & Administration Pune,RFCTLARR_2013,Rural Infrastructure,False,,,,,,,NOT_PUBLISHED_IN_GAZETTE,NOT_PUBLISHED_IN_STRUCTURED_DATA,NOT_APPLICABLE_IN_REAL_DATA,NOT_APPLICABLE_PRE_AWARD,UNPARSED_SCHEDULE_TABLE,UNPARSED_SCHEDULE_TABLE,NOT_PUBLISHED_IN_STRUCTURED_DATA,,NOT_APPLICABLE_PRE_SEC11
CAS_CLEAN_249,SNP_CAS_CLEAN_249_CASE_INITIATION_MILESTONE_20260504,2026-05-04,CASE_INITIATION_TO_MILESTONE,2026-05-04,SECTION_11,148,False,,2026-09-29,0,0,0,1,0.0,0,False,False,Pune,Pune City,Mundhawa,District Collectorate & Administration Pune,LAND_ACQUISITION_ACT_1894,Highway / Road Widening,False,,,,,,,NOT_PUBLISHED_IN_GAZETTE,NOT_PUBLISHED_IN_STRUCTURED_DATA,NOT_APPLICABLE_IN_REAL_DATA,NOT_APPLICABLE_PRE_AWARD,UNPARSED_SCHEDULE_TABLE,UNPARSED_SCHEDULE_TABLE,NOT_PUBLISHED_IN_STRUCTURED_DATA,,
CAS_CLEAN_097,SNP_CAS_CLEAN_097_CASE_INITIATION_MILESTONE_20260505,2026-05-05,CASE_INITIATION_TO_MILESTONE,2025-05-05,SECTION_21,147,False,,2026-09-29,365,365,365,1,,0,False,False,Nagpur,Nagpur (Urban),Nagpur (Khas),District Collectorate & Administration Nagpur,RFCTLARR_2013,Highway / Road Widening,False,,,,,,,NOT_PUBLISHED_IN_GAZETTE,NOT_PUBLISHED_IN_STRUCTURED_DATA,NOT_APPLICABLE_IN_REAL_DATA,NOT_APPLICABLE_PRE_AWARD,UNPARSED_SCHEDULE_TABLE,UNPARSED_SCHEDULE_TABLE,NOT_PUBLISHED_IN_STRUCTURED_DATA,,NOT_APPLICABLE_PRE_SEC11
CAS_CLEAN_182,SNP_CAS_CLEAN_182_CASE_INITIATION_MILESTONE_20260506,2026-05-06,CASE_INITIATION_TO_MILESTONE,2026-02-05,GENERAL_NOTICE,146,False,,2026-09-29,90,90,90,1,,0,False,False,Pune,Haveli,Balewadi,District Collectorate & Administration Pune,RFCTLARR_2013,Highway / Road Widening,False,,,,,,,NOT_PUBLISHED_IN_GAZETTE,NOT_PUBLISHED_IN_STRUCTURED_DATA,NOT_APPLICABLE_IN_REAL_DATA,NOT_APPLICABLE_PRE_AWARD,UNPARSED_SCHEDULE_TABLE,UNPARSED_SCHEDULE_TABLE,NOT_PUBLISHED_IN_STRUCTURED_DATA,,NOT_APPLICABLE_PRE_SEC11
CAS_CLEAN_050,SNP_CAS_CLEAN_050_CASE_INITIATION_MILESTONE_20260511,2026-05-11,CASE_INITIATION_TO_MILESTONE,2026-05-11,GENERAL_NOTICE,141,False,,2026-09-29,0,0,0,1,,0,False,False,Nagpur,,,District Collectorate & Administration Nagpur,RFCTLARR_2013,Rural Infrastructure,False,,,,,,,NOT_PUBLISHED_IN_GAZETTE,NOT_PUBLISHED_IN_STRUCTURED_DATA,NOT_APPLICABLE_IN_REAL_DATA,NOT_APPLICABLE_PRE_AWARD,UNPARSED_SCHEDULE_TABLE,UNPARSED_SCHEDULE_TABLE,NOT_PUBLISHED_IN_STRUCTURED_DATA,,NOT_APPLICABLE_PRE_SEC11
CAS_CLEAN_183,SNP_CAS_CLEAN_183_CASE_INITIATION_MILESTONE_20260515,2026-05-15,CASE_INITIATION_TO_MILESTONE,2026-05-15,GENERAL_NOTICE,137,False,,2026-09-29,0,0,0,1,,0,False,False,Pune,Indapur,Bandgarwadi,District Collectorate & Administration Pune,NATIONAL_HIGHWAYS_ACT_1956,Highway / Road Widening,False,,,,,,,NOT_PUBLISHED_IN_GAZETTE,NOT_PUBLISHED_IN_STRUCTURED_DATA,NOT_APPLICABLE_IN_REAL_DATA,NOT_APPLICABLE_PRE_AWARD,UNPARSED_SCHEDULE_TABLE,UNPARSED_SCHEDULE_TABLE,NOT_PUBLISHED_IN_STRUCTURED_DATA,,NOT_APPLICABLE_PRE_SEC11
CAS_CLEAN_233,SNP_CAS_CLEAN_233_CASE_INITIATION_MILESTONE_20260515,2026-05-15,CASE_INITIATION_TO_MILESTONE,2026-05-15,GENERAL_NOTICE,137,False,,2026-09-29,0,0,0,1,,0,False,False,Pune,Shirur,Kasari,District Collectorate & Administration Pune,NATIONAL_HIGHWAYS_ACT_1956,Highway / Road Widening,False,,,,,,,NOT_PUBLISHED_IN_GAZETTE,NOT_PUBLISHED_IN_STRUCTURED_DATA,NOT_APPLICABLE_IN_REAL_DATA,NOT_APPLICABLE_PRE_AWARD,UNPARSED_SCHEDULE_TABLE,UNPARSED_SCHEDULE_TABLE,NOT_PUBLISHED_IN_STRUCTURED_DATA,,NOT_APPLICABLE_PRE_SEC11
CAS_CLEAN_250,SNP_CAS_CLEAN_250_CASE_INITIATION_MILESTONE_20260515,2026-05-15,CASE_INITIATION_TO_MILESTONE,2026-05-15,GENERAL_NOTICE,137,False,,2026-09-29,0,0,0,1,,0,False,False,Pune,Shirur,Nhavara,District Collectorate & Administration Pune,NATIONAL_HIGHWAYS_ACT_1956,Highway / Road Widening,False,,,,,,,NOT_PUBLISHED_IN_GAZETTE,NOT_PUBLISHED_IN_STRUCTURED_DATA,NOT_APPLICABLE_IN_REAL_DATA,NOT_APPLICABLE_PRE_AWARD,UNPARSED_SCHEDULE_TABLE,UNPARSED_SCHEDULE_TABLE,NOT_PUBLISHED_IN_STRUCTURED_DATA,,NOT_APPLICABLE_PRE_SEC11
CAS_CLEAN_256,SNP_CAS_CLEAN_256_CASE_INITIATION_MILESTONE_20260515,2026-05-15,CASE_INITIATION_TO_MILESTONE,2026-05-15,GENERAL_NOTICE,137,False,,2026-09-29,0,0,0,1,,0,False,False,Pune,Shirur,Shikrapur,District Collectorate & Administration Pune,NATIONAL_HIGHWAYS_ACT_1956,Highway / Road Widening,False,,,,,,,NOT_PUBLISHED_IN_GAZETTE,NOT_PUBLISHED_IN_STRUCTURED_DATA,NOT_APPLICABLE_IN_REAL_DATA,NOT_APPLICABLE_PRE_AWARD,UNPARSED_SCHEDULE_TABLE,UNPARSED_SCHEDULE_TABLE,NOT_PUBLISHED_IN_STRUCTURED_DATA,,NOT_APPLICABLE_PRE_SEC11
CAS_CLEAN_036,SNP_CAS_CLEAN_036_CASE_INITIATION_MILESTONE_20260521,2026-05-21,CASE_INITIATION_TO_MILESTONE,2026-05-21,DIRECT_PURCHASE,131,False,,2026-09-29,0,0,0,1,,0,False,False,Nagpur,kuhi,,District Collectorate & Administration Nagpur,RFCTLARR_2013,Ring Road,True,,,,,,,NOT_PUBLISHED_IN_GAZETTE,NOT_PUBLISHED_IN_STRUCTURED_DATA,NOT_APPLICABLE_IN_REAL_DATA,NOT_APPLICABLE_PRE_AWARD,UNPARSED_SCHEDULE_TABLE,UNPARSED_SCHEDULE_TABLE,NOT_PUBLISHED_IN_STRUCTURED_DATA,,NOT_APPLICABLE_PRE_SEC11
CAS_CLEAN_037,SNP_CAS_CLEAN_037_CASE_INITIATION_MILESTONE_20260521,2026-05-21,CASE_INITIATION_TO_MILESTONE,2026-05-21,SECTION_11,92,True,2026-08-21,,0,0,0,1,0.0,0,False,False,Nagpur,Kuhi,Channa,District Collectorate & Administration Nagpur,RFCTLARR_2013,Rural Infrastructure,False,,,,,,,NOT_PUBLISHED_IN_GAZETTE,NOT_PUBLISHED_IN_STRUCTURED_DATA,NOT_APPLICABLE_IN_REAL_DATA,NOT_APPLICABLE_PRE_AWARD,UNPARSED_SCHEDULE_TABLE,UNPARSED_SCHEDULE_TABLE,NOT_PUBLISHED_IN_STRUCTURED_DATA,,
CAS_CLEAN_142,SNP_CAS_CLEAN_142_CASE_INITIATION_MILESTONE_20260521,2026-05-21,CASE_INITIATION_TO_MILESTONE,2026-05-21,INITIATION,131,False,,2026-09-29,0,0,,0,,1,True,False,Nagpur,Nagpur (City),Sitabuldi,District Collectorate & Administration Nagpur,RFCTLARR_2013,Railway Quadrupling,False,,,,,,,NOT_PUBLISHED_IN_GAZETTE,NOT_PUBLISHED_IN_STRUCTURED_DATA,NOT_APPLICABLE_IN_REAL_DATA,NOT_APPLICABLE_PRE_AWARD,UNPARSED_SCHEDULE_TABLE,UNPARSED_SCHEDULE_TABLE,NOT_PUBLISHED_IN_STRUCTURED_DATA,NO_NOTICE_EVENT,NOT_APPLICABLE_PRE_SEC11
CAS_CLEAN_154,SNP_CAS_CLEAN_154_CASE_INITIATION_MILESTONE_20260521,2026-05-21,CASE_INITIATION_TO_MILESTONE,2026-05-21,DIRECT_PURCHASE,131,False,,2026-09-29,0,0,0,1,,0,False,False,Nagpur,Hfrrswl cT,Valni,District Collectorate & Administration Nagpur,RFCTLARR_2013,Rural Infrastructure,True,,,,,,,NOT_PUBLISHED_IN_GAZETTE,NOT_PUBLISHED_IN_STRUCTURED_DATA,NOT_APPLICABLE_IN_REAL_DATA,NOT_APPLICABLE_PRE_AWARD,UNPARSED_SCHEDULE_TABLE,UNPARSED_SCHEDULE_TABLE,NOT_PUBLISHED_IN_STRUCTURED_DATA,,NOT_APPLICABLE_PRE_SEC11
CAS_CLEAN_263,SNP_CAS_CLEAN_263_CASE_INITIATION_MILESTONE_20260521,2026-05-21,CASE_INITIATION_TO_MILESTONE,2026-05-21,GENERAL_NOTICE,131,False,,2026-09-29,0,0,0,1,,0,False,False,Solapur,Mohol and Uttar Solapur,,District Collectorate & Administration Solapur,RFCTLARR_2013,Rural Infrastructure,False,,,,,,,NOT_PUBLISHED_IN_GAZETTE,NOT_PUBLISHED_IN_STRUCTURED_DATA,NOT_APPLICABLE_IN_REAL_DATA,NOT_APPLICABLE_PRE_AWARD,UNPARSED_SCHEDULE_TABLE,UNPARSED_SCHEDULE_TABLE,NOT_PUBLISHED_IN_STRUCTURED_DATA,,NOT_APPLICABLE_PRE_SEC11
CAS_CLEAN_046,SNP_CAS_CLEAN_046_CASE_INITIATION_MILESTONE_20260526,2026-05-26,CASE_INITIATION_TO_MILESTONE,2026-05-26,GENERAL_NOTICE,126,False,,2026-09-29,0,0,0,1,,0,False,False,Nagpur,Nagpur (City),Chinchbhuvan,District Collectorate & Administration Nagpur,RFCTLARR_2013,Rural Infrastructure,False,,,,,,,NOT_PUBLISHED_IN_GAZETTE,NOT_PUBLISHED_IN_STRUCTURED_DATA,NOT_APPLICABLE_IN_REAL_DATA,NOT_APPLICABLE_PRE_AWARD,UNPARSED_SCHEDULE_TABLE,UNPARSED_SCHEDULE_TABLE,NOT_PUBLISHED_IN_STRUCTURED_DATA,,NOT_APPLICABLE_PRE_SEC11
CAS_CLEAN_024,SNP_CAS_CLEAN_024_CASE_INITIATION_MILESTONE_20260528,2026-05-28,CASE_INITIATION_TO_MILESTONE,2025-05-28,GENERAL_NOTICE,124,False,,2026-09-29,365,365,365,1,,0,False,False,Nagpur,Nagpur City,,District Collectorate & Administration Nagpur,RFCTLARR_2013,Rural Infrastructure,False,,,,,,,NOT_PUBLISHED_IN_GAZETTE,NOT_PUBLISHED_IN_STRUCTURED_DATA,NOT_APPLICABLE_IN_REAL_DATA,NOT_APPLICABLE_PRE_AWARD,UNPARSED_SCHEDULE_TABLE,UNPARSED_SCHEDULE_TABLE,NOT_PUBLISHED_IN_STRUCTURED_DATA,,NOT_APPLICABLE_PRE_SEC11
CAS_CLEAN_033,SNP_CAS_CLEAN_033_CASE_INITIATION_MILESTONE_20260530,2026-05-30,CASE_INITIATION_TO_MILESTONE,2025-05-30,GENERAL_NOTICE,122,False,,2026-09-29,365,365,365,1,,0,False,False,Nagpur,,,District Collectorate & Administration Nagpur,RFCTLARR_2013,Highway / Road Widening,False,,,,,,,NOT_PUBLISHED_IN_GAZETTE,NOT_PUBLISHED_IN_STRUCTURED_DATA,NOT_APPLICABLE_IN_REAL_DATA,NOT_APPLICABLE_PRE_AWARD,UNPARSED_SCHEDULE_TABLE,UNPARSED_SCHEDULE_TABLE,NOT_PUBLISHED_IN_STRUCTURED_DATA,,NOT_APPLICABLE_PRE_SEC11
CAS_CLEAN_189,SNP_CAS_CLEAN_189_CASE_INITIATION_MILESTONE_20260531,2026-05-31,CASE_INITIATION_TO_MILESTONE,2025-09-03,GENERAL_NOTICE,121,False,,2026-09-29,270,270,270,1,,0,False,False,Pune,,,District Collectorate & Administration Pune,RFCTLARR_2013,Rural Infrastructure,False,,,,,,,NOT_PUBLISHED_IN_GAZETTE,NOT_PUBLISHED_IN_STRUCTURED_DATA,NOT_APPLICABLE_IN_REAL_DATA,NOT_APPLICABLE_PRE_AWARD,UNPARSED_SCHEDULE_TABLE,UNPARSED_SCHEDULE_TABLE,NOT_PUBLISHED_IN_STRUCTURED_DATA,,NOT_APPLICABLE_PRE_SEC11
CAS_CLEAN_023,SNP_CAS_CLEAN_023_CASE_INITIATION_MILESTONE_20260605,2026-06-05,CASE_INITIATION_TO_MILESTONE,2025-06-05,GENERAL_NOTICE,116,False,,2026-09-29,365,365,365,1,,0,False,False,Nagpur,,,District Collectorate & Administration Nagpur,RFCTLARR_2013,Rural Infrastructure,False,,,,,,,NOT_PUBLISHED_IN_GAZETTE,NOT_PUBLISHED_IN_STRUCTURED_DATA,NOT_APPLICABLE_IN_REAL_DATA,NOT_APPLICABLE_PRE_AWARD,UNPARSED_SCHEDULE_TABLE,UNPARSED_SCHEDULE_TABLE,NOT_PUBLISHED_IN_STRUCTURED_DATA,,NOT_APPLICABLE_PRE_SEC11
CAS_CLEAN_253,SNP_CAS_CLEAN_253_CASE_INITIATION_MILESTONE_20260605,2026-06-05,CASE_INITIATION_TO_MILESTONE,2026-06-05,GENERAL_NOTICE,116,False,,2026-09-29,0,0,0,1,,0,False,False,Pune,Bhor,Parhar Khurd,District Collectorate & Administration Pune,RFCTLARR_2013,Irrigation / Canal,False,,,,,,,NOT_PUBLISHED_IN_GAZETTE,NOT_PUBLISHED_IN_STRUCTURED_DATA,NOT_APPLICABLE_IN_REAL_DATA,NOT_APPLICABLE_PRE_AWARD,UNPARSED_SCHEDULE_TABLE,UNPARSED_SCHEDULE_TABLE,NOT_PUBLISHED_IN_STRUCTURED_DATA,,NOT_APPLICABLE_PRE_SEC11
CAS_CLEAN_255,SNP_CAS_CLEAN_255_CASE_INITIATION_MILESTONE_20260605,2026-06-05,CASE_INITIATION_TO_MILESTONE,2026-06-05,GENERAL_NOTICE,116,False,,2026-09-29,0,0,0,1,,0,False,False,Pune,Bhor,Salav,District Collectorate & Administration Pune,RAILWAYS_ACT_2008,Irrigation / Canal,False,,,,,,,NOT_PUBLISHED_IN_GAZETTE,NOT_PUBLISHED_IN_STRUCTURED_DATA,NOT_APPLICABLE_IN_REAL_DATA,NOT_APPLICABLE_PRE_AWARD,UNPARSED_SCHEDULE_TABLE,UNPARSED_SCHEDULE_TABLE,NOT_PUBLISHED_IN_STRUCTURED_DATA,,NOT_APPLICABLE_PRE_SEC11
CAS_CLEAN_193,SNP_CAS_CLEAN_193_CASE_INITIATION_MILESTONE_20260606,2026-06-06,CASE_INITIATION_TO_MILESTONE,2025-06-06,GENERAL_NOTICE,115,False,,2026-09-29,365,365,365,1,,0,False,False,Pune,,,District Collectorate & Administration Pune,RFCTLARR_2013,Rural Infrastructure,False,,,,,,,NOT_PUBLISHED_IN_GAZETTE,NOT_PUBLISHED_IN_STRUCTURED_DATA,NOT_APPLICABLE_IN_REAL_DATA,NOT_APPLICABLE_PRE_AWARD,UNPARSED_SCHEDULE_TABLE,UNPARSED_SCHEDULE_TABLE,NOT_PUBLISHED_IN_STRUCTURED_DATA,,NOT_APPLICABLE_PRE_SEC11
CAS_CLEAN_196,SNP_CAS_CLEAN_196_CASE_INITIATION_MILESTONE_20260606,2026-06-06,CASE_INITIATION_TO_MILESTONE,2025-06-06,GENERAL_NOTICE,115,False,,2026-09-29,365,365,365,1,,0,False,False,Pune,,,District Collectorate & Administration Pune,RFCTLARR_2013,Rural Infrastructure,False,,,,,,,NOT_PUBLISHED_IN_GAZETTE,NOT_PUBLISHED_IN_STRUCTURED_DATA,NOT_APPLICABLE_IN_REAL_DATA,NOT_APPLICABLE_PRE_AWARD,UNPARSED_SCHEDULE_TABLE,UNPARSED_SCHEDULE_TABLE,NOT_PUBLISHED_IN_STRUCTURED_DATA,,NOT_APPLICABLE_PRE_SEC11
CAS_CLEAN_181,SNP_CAS_CLEAN_181_CASE_INITIATION_MILESTONE_20260607,2026-06-07,CASE_INITIATION_TO_MILESTONE,2026-03-09,GENERAL_NOTICE,114,False,,2026-09-29,90,90,90,1,,0,False,False,Pune,Haveli,Balewadi,District Collectorate & Administration Pune,RFCTLARR_2013,Highway / Road Widening,False,,,,,,,NOT_PUBLISHED_IN_GAZETTE,NOT_PUBLISHED_IN_STRUCTURED_DATA,NOT_APPLICABLE_IN_REAL_DATA,NOT_APPLICABLE_PRE_AWARD,UNPARSED_SCHEDULE_TABLE,UNPARSED_SCHEDULE_TABLE,NOT_PUBLISHED_IN_STRUCTURED_DATA,,NOT_APPLICABLE_PRE_SEC11
CAS_CLEAN_245,SNP_CAS_CLEAN_245_CASE_INITIATION_MILESTONE_20260607,2026-06-07,CASE_INITIATION_TO_MILESTONE,2025-09-10,GENERAL_NOTICE,114,False,,2026-09-29,270,270,270,1,,0,False,False,Pune,,Lonikand,District Collectorate & Administration Pune,RFCTLARR_2013,Rural Infrastructure,False,,,,,,,NOT_PUBLISHED_IN_GAZETTE,NOT_PUBLISHED_IN_STRUCTURED_DATA,NOT_APPLICABLE_IN_REAL_DATA,NOT_APPLICABLE_PRE_AWARD,UNPARSED_SCHEDULE_TABLE,UNPARSED_SCHEDULE_TABLE,NOT_PUBLISHED_IN_STRUCTURED_DATA,,NOT_APPLICABLE_PRE_SEC11
CAS_CLEAN_259,SNP_CAS_CLEAN_259_CASE_INITIATION_MILESTONE_20260610,2026-06-10,CASE_INITIATION_TO_MILESTONE,2025-12-12,SECTION_11,111,False,,2026-09-29,180,180,180,1,0.4932,0,False,False,Solapur,Malshiras,,District Collectorate & Administration Solapur,RFCTLARR_2013,Rural Infrastructure,False,,,,,,,NOT_PUBLISHED_IN_GAZETTE,NOT_PUBLISHED_IN_STRUCTURED_DATA,NOT_APPLICABLE_IN_REAL_DATA,NOT_APPLICABLE_PRE_AWARD,UNPARSED_SCHEDULE_TABLE,UNPARSED_SCHEDULE_TABLE,NOT_PUBLISHED_IN_STRUCTURED_DATA,,
CAS_CLEAN_244,SNP_CAS_CLEAN_244_CASE_INITIATION_MILESTONE_20260614,2026-06-14,CASE_INITIATION_TO_MILESTONE,2025-09-17,GENERAL_NOTICE,107,False,,2026-09-29,270,270,270,1,,0,False,False,Pune,,Lonikand,District Collectorate & Administration Pune,RFCTLARR_2013,Rural Infrastructure,False,,,,,,,NOT_PUBLISHED_IN_GAZETTE,NOT_PUBLISHED_IN_STRUCTURED_DATA,NOT_APPLICABLE_IN_REAL_DATA,NOT_APPLICABLE_PRE_AWARD,UNPARSED_SCHEDULE_TABLE,UNPARSED_SCHEDULE_TABLE,NOT_PUBLISHED_IN_STRUCTURED_DATA,,NOT_APPLICABLE_PRE_SEC11
CAS_CLEAN_255,SNP_CAS_CLEAN_255_CASE_INITIATION_MILESTONE_20260615,2026-06-15,CASE_INITIATION_TO_MILESTONE,2026-06-05,GENERAL_NOTICE,106,False,,2026-09-29,10,0,0,2,,0,False,False,Pune,Bhor,Salav,District Collectorate & Administration Pune,RAILWAYS_ACT_2008,Irrigation / Canal,False,,,,,,,NOT_PUBLISHED_IN_GAZETTE,NOT_PUBLISHED_IN_STRUCTURED_DATA,NOT_APPLICABLE_IN_REAL_DATA,NOT_APPLICABLE_PRE_AWARD,UNPARSED_SCHEDULE_TABLE,UNPARSED_SCHEDULE_TABLE,NOT_PUBLISHED_IN_STRUCTURED_DATA,,NOT_APPLICABLE_PRE_SEC11
CAS_CLEAN_133,SNP_CAS_CLEAN_133_CASE_INITIATION_MILESTONE_20260616,2026-06-16,CASE_INITIATION_TO_MILESTONE,2025-09-19,SECTION_21,105,False,,2026-09-29,270,148,148,2,,0,False,False,Nagpur,Kuhi,Savargao,District Collectorate & Administration Nagpur,RFCTLARR_2013,Rural Infrastructure,False,,,,,,,NOT_PUBLISHED_IN_GAZETTE,NOT_PUBLISHED_IN_STRUCTURED_DATA,NOT_APPLICABLE_IN_REAL_DATA,NOT_APPLICABLE_PRE_AWARD,UNPARSED_SCHEDULE_TABLE,UNPARSED_SCHEDULE_TABLE,NOT_PUBLISHED_IN_STRUCTURED_DATA,,NOT_APPLICABLE_PRE_SEC11
CAS_CLEAN_243,SNP_CAS_CLEAN_243_CASE_INITIATION_MILESTONE_20260622,2026-06-22,CASE_INITIATION_TO_MILESTONE,2025-09-25,GENERAL_NOTICE,99,False,,2026-09-29,270,270,270,1,,0,False,False,Pune,,Lonikand,District Collectorate & Administration Pune,RFCTLARR_2013,Rural Infrastructure,False,,,,,,,NOT_PUBLISHED_IN_GAZETTE,NOT_PUBLISHED_IN_STRUCTURED_DATA,NOT_APPLICABLE_IN_REAL_DATA,NOT_APPLICABLE_PRE_AWARD,UNPARSED_SCHEDULE_TABLE,UNPARSED_SCHEDULE_TABLE,NOT_PUBLISHED_IN_STRUCTURED_DATA,,NOT_APPLICABLE_PRE_SEC11
CAS_CLEAN_101,SNP_CAS_CLEAN_101_CASE_INITIATION_MILESTONE_20260623,2026-06-23,CASE_INITIATION_TO_MILESTONE,2025-06-23,SECTION_21,98,False,,2026-09-29,365,365,365,1,,0,False,False,Nagpur,,Nagpur (Khas),District Collectorate & Administration Nagpur,RFCTLARR_2013,Rural Infrastructure,False,,,,,,,NOT_PUBLISHED_IN_GAZETTE,NOT_PUBLISHED_IN_STRUCTURED_DATA,NOT_APPLICABLE_IN_REAL_DATA,NOT_APPLICABLE_PRE_AWARD,UNPARSED_SCHEDULE_TABLE,UNPARSED_SCHEDULE_TABLE,NOT_PUBLISHED_IN_STRUCTURED_DATA,,NOT_APPLICABLE_PRE_SEC11
CAS_CLEAN_115,SNP_CAS_CLEAN_115_CASE_INITIATION_MILESTONE_20260623,2026-06-23,CASE_INITIATION_TO_MILESTONE,2026-06-23,GENERAL_NOTICE,98,False,,2026-09-29,0,0,0,1,,0,False,False,Nagpur,uka,,District Collectorate & Administration Nagpur,RFCTLARR_2013,Ring Road,False,,,,,,,NOT_PUBLISHED_IN_GAZETTE,NOT_PUBLISHED_IN_STRUCTURED_DATA,NOT_APPLICABLE_IN_REAL_DATA,NOT_APPLICABLE_PRE_AWARD,UNPARSED_SCHEDULE_TABLE,UNPARSED_SCHEDULE_TABLE,NOT_PUBLISHED_IN_STRUCTURED_DATA,,NOT_APPLICABLE_PRE_SEC11
CAS_CLEAN_116,SNP_CAS_CLEAN_116_CASE_INITIATION_MILESTONE_20260623,2026-06-23,CASE_INITIATION_TO_MILESTONE,2026-06-23,GENERAL_NOTICE,98,False,,2026-09-29,0,0,0,1,,0,False,False,Nagpur,uka,,District Collectorate & Administration Nagpur,RFCTLARR_2013,Ring Road,False,,,,,,,NOT_PUBLISHED_IN_GAZETTE,NOT_PUBLISHED_IN_STRUCTURED_DATA,NOT_APPLICABLE_IN_REAL_DATA,NOT_APPLICABLE_PRE_AWARD,UNPARSED_SCHEDULE_TABLE,UNPARSED_SCHEDULE_TABLE,NOT_PUBLISHED_IN_STRUCTURED_DATA,,NOT_APPLICABLE_PRE_SEC11
CAS_CLEAN_126,SNP_CAS_CLEAN_126_CASE_INITIATION_MILESTONE_20260625,2026-06-25,CASE_INITIATION_TO_MILESTONE,2024-06-25,DIRECT_PURCHASE,96,False,,2026-09-29,730,730,730,1,,0,False,False,Nagpur,Kuhi,Ruyad,District Collectorate & Administration Nagpur,RFCTLARR_2013,Rural Infrastructure,True,,,,,,,NOT_PUBLISHED_IN_GAZETTE,NOT_PUBLISHED_IN_STRUCTURED_DATA,NOT_APPLICABLE_IN_REAL_DATA,NOT_APPLICABLE_PRE_AWARD,UNPARSED_SCHEDULE_TABLE,UNPARSED_SCHEDULE_TABLE,NOT_PUBLISHED_IN_STRUCTURED_DATA,,NOT_APPLICABLE_PRE_SEC11
CAS_CLEAN_127,SNP_CAS_CLEAN_127_CASE_INITIATION_MILESTONE_20260625,2026-06-25,CASE_INITIATION_TO_MILESTONE,2024-06-25,DIRECT_PURCHASE,96,False,,2026-09-29,730,730,730,1,,0,False,False,Nagpur,Kuhi,Ruyad,District Collectorate & Administration Nagpur,RFCTLARR_2013,Rural Infrastructure,True,,,,,,,NOT_PUBLISHED_IN_GAZETTE,NOT_PUBLISHED_IN_STRUCTURED_DATA,NOT_APPLICABLE_IN_REAL_DATA,NOT_APPLICABLE_PRE_AWARD,UNPARSED_SCHEDULE_TABLE,UNPARSED_SCHEDULE_TABLE,NOT_PUBLISHED_IN_STRUCTURED_DATA,,NOT_APPLICABLE_PRE_SEC11
CAS_CLEAN_093,SNP_CAS_CLEAN_093_CASE_INITIATION_MILESTONE_20260626,2026-06-26,CASE_INITIATION_TO_MILESTONE,2025-06-26,GENERAL_NOTICE,95,False,,2026-09-29,365,365,365,1,,0,False,False,Nagpur,Nagpur City,Nagpur (Khas),District Collectorate & Administration Nagpur,RFCTLARR_2013,Rural Infrastructure,False,,,,,,,NOT_PUBLISHED_IN_GAZETTE,NOT_PUBLISHED_IN_STRUCTURED_DATA,NOT_APPLICABLE_IN_REAL_DATA,NOT_APPLICABLE_PRE_AWARD,UNPARSED_SCHEDULE_TABLE,UNPARSED_SCHEDULE_TABLE,NOT_PUBLISHED_IN_STRUCTURED_DATA,,NOT_APPLICABLE_PRE_SEC11
CAS_CLEAN_194,SNP_CAS_CLEAN_194_CASE_INITIATION_MILESTONE_20260627,2026-06-27,CASE_INITIATION_TO_MILESTONE,2025-06-27,GENERAL_NOTICE,94,False,,2026-09-29,365,365,365,1,,0,False,False,Pune,,,District Collectorate & Administration Pune,RFCTLARR_2013,Rural Infrastructure,False,,,,,,,NOT_PUBLISHED_IN_GAZETTE,NOT_PUBLISHED_IN_STRUCTURED_DATA,NOT_APPLICABLE_IN_REAL_DATA,NOT_APPLICABLE_PRE_AWARD,UNPARSED_SCHEDULE_TABLE,UNPARSED_SCHEDULE_TABLE,NOT_PUBLISHED_IN_STRUCTURED_DATA,,NOT_APPLICABLE_PRE_SEC11
CAS_CLEAN_195,SNP_CAS_CLEAN_195_CASE_INITIATION_MILESTONE_20260627,2026-06-27,CASE_INITIATION_TO_MILESTONE,2025-06-27,GENERAL_NOTICE,94,False,,2026-09-29,365,365,365,1,,0,False,False,Pune,,,District Collectorate & Administration Pune,RFCTLARR_2013,Rural Infrastructure,False,,,,,,,NOT_PUBLISHED_IN_GAZETTE,NOT_PUBLISHED_IN_STRUCTURED_DATA,NOT_APPLICABLE_IN_REAL_DATA,NOT_APPLICABLE_PRE_AWARD,UNPARSED_SCHEDULE_TABLE,UNPARSED_SCHEDULE_TABLE,NOT_PUBLISHED_IN_STRUCTURED_DATA,,NOT_APPLICABLE_PRE_SEC11
CAS_CLEAN_180,SNP_CAS_CLEAN_180_CASE_INITIATION_MILESTONE_20260629,2026-06-29,CASE_INITIATION_TO_MILESTONE,2026-06-29,GENERAL_NOTICE,92,False,,2026-09-29,0,0,0,1,,0,False,False,Pune,Mulshi,Ambadvet,District Collectorate & Administration Pune,RFCTLARR_2013,Rural Infrastructure,False,,,,,,,NOT_PUBLISHED_IN_GAZETTE,NOT_PUBLISHED_IN_STRUCTURED_DATA,NOT_APPLICABLE_IN_REAL_DATA,NOT_APPLICABLE_PRE_AWARD,UNPARSED_SCHEDULE_TABLE,UNPARSED_SCHEDULE_TABLE,NOT_PUBLISHED_IN_STRUCTURED_DATA,,NOT_APPLICABLE_PRE_SEC11
CAS_CLEAN_052,SNP_CAS_CLEAN_052_CASE_INITIATION_MILESTONE_20260708,2026-07-08,CASE_INITIATION_TO_MILESTONE,2026-01-09,GENERAL_NOTICE,83,False,,2026-09-29,180,180,180,1,,0,False,False,Nagpur,,,District Collectorate & Administration Nagpur,RFCTLARR_2013,Rural Infrastructure,False,,,,,,,NOT_PUBLISHED_IN_GAZETTE,NOT_PUBLISHED_IN_STRUCTURED_DATA,NOT_APPLICABLE_IN_REAL_DATA,NOT_APPLICABLE_PRE_AWARD,UNPARSED_SCHEDULE_TABLE,UNPARSED_SCHEDULE_TABLE,NOT_PUBLISHED_IN_STRUCTURED_DATA,,NOT_APPLICABLE_PRE_SEC11
CAS_CLEAN_020,SNP_CAS_CLEAN_020_CASE_INITIATION_MILESTONE_20260710,2026-07-10,CASE_INITIATION_TO_MILESTONE,2024-07-10,GENERAL_NOTICE,81,False,,2026-09-29,730,730,730,1,,0,False,False,Nagpur,,,District Collectorate & Administration Nagpur,RFCTLARR_2013,Rural Infrastructure,False,,,,,,,NOT_PUBLISHED_IN_GAZETTE,NOT_PUBLISHED_IN_STRUCTURED_DATA,NOT_APPLICABLE_IN_REAL_DATA,NOT_APPLICABLE_PRE_AWARD,UNPARSED_SCHEDULE_TABLE,UNPARSED_SCHEDULE_TABLE,NOT_PUBLISHED_IN_STRUCTURED_DATA,,NOT_APPLICABLE_PRE_SEC11
CAS_CLEAN_191,SNP_CAS_CLEAN_191_CASE_INITIATION_MILESTONE_20260717,2026-07-17,CASE_INITIATION_TO_MILESTONE,2025-07-17,GENERAL_NOTICE,74,False,,2026-09-29,365,365,365,1,,0,False,False,Pune,,,District Collectorate & Administration Pune,RFCTLARR_2013,Rural Infrastructure,False,,,,,,,NOT_PUBLISHED_IN_GAZETTE,NOT_PUBLISHED_IN_STRUCTURED_DATA,NOT_APPLICABLE_IN_REAL_DATA,NOT_APPLICABLE_PRE_AWARD,UNPARSED_SCHEDULE_TABLE,UNPARSED_SCHEDULE_TABLE,NOT_PUBLISHED_IN_STRUCTURED_DATA,,NOT_APPLICABLE_PRE_SEC11
CAS_CLEAN_113,SNP_CAS_CLEAN_113_CASE_INITIATION_MILESTONE_20260718,2026-07-18,CASE_INITIATION_TO_MILESTONE,2026-01-19,GENERAL_NOTICE,73,False,,2026-09-29,180,180,180,1,,0,False,False,Nagpur,Kuhi,Pratappur,District Collectorate & Administration Nagpur,RFCTLARR_2013,Rural Infrastructure,False,,,,,,,NOT_PUBLISHED_IN_GAZETTE,NOT_PUBLISHED_IN_STRUCTURED_DATA,NOT_APPLICABLE_IN_REAL_DATA,NOT_APPLICABLE_PRE_AWARD,UNPARSED_SCHEDULE_TABLE,UNPARSED_SCHEDULE_TABLE,NOT_PUBLISHED_IN_STRUCTURED_DATA,,NOT_APPLICABLE_PRE_SEC11
CAS_CLEAN_260,SNP_CAS_CLEAN_260_CASE_INITIATION_MILESTONE_20260719,2026-07-19,CASE_INITIATION_TO_MILESTONE,2026-04-20,INITIATION,72,False,,2026-09-29,90,0,,0,,1,True,False,Solapur,,,District Collectorate & Administration Solapur,RFCTLARR_2013,Rural Infrastructure,False,,,,,,,NOT_PUBLISHED_IN_GAZETTE,NOT_PUBLISHED_IN_STRUCTURED_DATA,NOT_APPLICABLE_IN_REAL_DATA,NOT_APPLICABLE_PRE_AWARD,UNPARSED_SCHEDULE_TABLE,UNPARSED_SCHEDULE_TABLE,NOT_PUBLISHED_IN_STRUCTURED_DATA,NO_NOTICE_EVENT,NOT_APPLICABLE_PRE_SEC11
CAS_CLEAN_237,SNP_CAS_CLEAN_237_CASE_INITIATION_MILESTONE_20260721,2026-07-21,CASE_INITIATION_TO_MILESTONE,2025-07-21,GENERAL_NOTICE,70,False,,2026-09-29,365,365,365,1,,0,False,False,Pune,,Khed,District Collectorate & Administration Pune,RFCTLARR_2013,Rural Infrastructure,False,,,,,,,NOT_PUBLISHED_IN_GAZETTE,NOT_PUBLISHED_IN_STRUCTURED_DATA,NOT_APPLICABLE_IN_REAL_DATA,NOT_APPLICABLE_PRE_AWARD,UNPARSED_SCHEDULE_TABLE,UNPARSED_SCHEDULE_TABLE,NOT_PUBLISHED_IN_STRUCTURED_DATA,,NOT_APPLICABLE_PRE_SEC11
CAS_CLEAN_251,SNP_CAS_CLEAN_251_CASE_INITIATION_MILESTONE_20260721,2026-07-21,CASE_INITIATION_TO_MILESTONE,2025-07-21,GENERAL_NOTICE,70,False,,2026-09-29,365,365,365,1,,0,False,False,Pune,,Nighoje,District Collectorate & Administration Pune,RFCTLARR_2013,Rural Infrastructure,False,,,,,,,NOT_PUBLISHED_IN_GAZETTE,NOT_PUBLISHED_IN_STRUCTURED_DATA,NOT_APPLICABLE_IN_REAL_DATA,NOT_APPLICABLE_PRE_AWARD,UNPARSED_SCHEDULE_TABLE,UNPARSED_SCHEDULE_TABLE,NOT_PUBLISHED_IN_STRUCTURED_DATA,,NOT_APPLICABLE_PRE_SEC11
CAS_CLEAN_072,SNP_CAS_CLEAN_072_CASE_INITIATION_MILESTONE_20260724,2026-07-24,CASE_INITIATION_TO_MILESTONE,2026-07-24,GENERAL_NOTICE,67,False,,2026-09-29,0,0,0,1,,0,False,False,Nagpur,,Khrusapar,District Collectorate & Administration Nagpur,MIDC_ACT_1961,Industrial Acquisition,False,,,,,,,NOT_PUBLISHED_IN_GAZETTE,NOT_PUBLISHED_IN_STRUCTURED_DATA,NOT_APPLICABLE_IN_REAL_DATA,NOT_APPLICABLE_PRE_AWARD,UNPARSED_SCHEDULE_TABLE,UNPARSED_SCHEDULE_TABLE,NOT_PUBLISHED_IN_STRUCTURED_DATA,,NOT_APPLICABLE_PRE_SEC11
CAS_CLEAN_027,SNP_CAS_CLEAN_027_CASE_INITIATION_MILESTONE_20260727,2026-07-27,CASE_INITIATION_TO_MILESTONE,2026-04-28,SECTION_11,64,False,,2026-09-29,90,90,90,1,0.2466,0,False,False,Nagpur,,,District Collectorate & Administration Nagpur,RFCTLARR_2013,Rural Infrastructure,False,,,,,,,NOT_PUBLISHED_IN_GAZETTE,NOT_PUBLISHED_IN_STRUCTURED_DATA,NOT_APPLICABLE_IN_REAL_DATA,NOT_APPLICABLE_PRE_AWARD,UNPARSED_SCHEDULE_TABLE,UNPARSED_SCHEDULE_TABLE,NOT_PUBLISHED_IN_STRUCTURED_DATA,,
CAS_CLEAN_028,SNP_CAS_CLEAN_028_CASE_INITIATION_MILESTONE_20260727,2026-07-27,CASE_INITIATION_TO_MILESTONE,2026-04-28,SECTION_11,64,False,,2026-09-29,90,90,90,1,0.2466,0,False,False,Nagpur,,,District Collectorate & Administration Nagpur,RFCTLARR_2013,Rural Infrastructure,False,,,,,,,NOT_PUBLISHED_IN_GAZETTE,NOT_PUBLISHED_IN_STRUCTURED_DATA,NOT_APPLICABLE_IN_REAL_DATA,NOT_APPLICABLE_PRE_AWARD,UNPARSED_SCHEDULE_TABLE,UNPARSED_SCHEDULE_TABLE,NOT_PUBLISHED_IN_STRUCTURED_DATA,,
CAS_CLEAN_073,SNP_CAS_CLEAN_073_CASE_INITIATION_MILESTONE_20260727,2026-07-27,CASE_INITIATION_TO_MILESTONE,2026-07-27,GENERAL_NOTICE,64,False,,2026-09-29,0,0,0,1,,0,False,False,Nagpur,Kuhi,Kinhi,District Collectorate & Administration Nagpur,RFCTLARR_2013,Highway / Road Widening,False,,,,,,,NOT_PUBLISHED_IN_GAZETTE,NOT_PUBLISHED_IN_STRUCTURED_DATA,NOT_APPLICABLE_IN_REAL_DATA,NOT_APPLICABLE_PRE_AWARD,UNPARSED_SCHEDULE_TABLE,UNPARSED_SCHEDULE_TABLE,NOT_PUBLISHED_IN_STRUCTURED_DATA,,NOT_APPLICABLE_PRE_SEC11
CAS_CLEAN_081,SNP_CAS_CLEAN_081_CASE_INITIATION_MILESTONE_20260727,2026-07-27,CASE_INITIATION_TO_MILESTONE,2026-07-27,GENERAL_NOTICE,64,False,,2026-09-29,0,0,0,1,,0,False,False,Nagpur,Kuhi,Madanpur,District Collectorate & Administration Nagpur,RFCTLARR_2013,Rural Infrastructure,False,,,,,,,NOT_PUBLISHED_IN_GAZETTE,NOT_PUBLISHED_IN_STRUCTURED_DATA,NOT_APPLICABLE_IN_REAL_DATA,NOT_APPLICABLE_PRE_AWARD,UNPARSED_SCHEDULE_TABLE,UNPARSED_SCHEDULE_TABLE,NOT_PUBLISHED_IN_STRUCTURED_DATA,,NOT_APPLICABLE_PRE_SEC11
CAS_CLEAN_032,SNP_CAS_CLEAN_032_CASE_INITIATION_MILESTONE_20260729,2026-07-29,CASE_INITIATION_TO_MILESTONE,2024-07-29,GENERAL_NOTICE,62,False,,2026-09-29,730,730,730,1,,0,False,False,Nagpur,,,District Collectorate & Administration Nagpur,RFCTLARR_2013,Rural Infrastructure,False,,,,,,,NOT_PUBLISHED_IN_GAZETTE,NOT_PUBLISHED_IN_STRUCTURED_DATA,NOT_APPLICABLE_IN_REAL_DATA,NOT_APPLICABLE_PRE_AWARD,UNPARSED_SCHEDULE_TABLE,UNPARSED_SCHEDULE_TABLE,NOT_PUBLISHED_IN_STRUCTURED_DATA,,NOT_APPLICABLE_PRE_SEC11
CAS_CLEAN_174,SNP_CAS_CLEAN_174_CASE_INITIATION_MILESTONE_20260729,2026-07-29,CASE_INITIATION_TO_MILESTONE,2026-07-29,SECTION_11,62,False,,2026-09-29,0,0,0,1,0.0,0,False,False,Nashik,,,District Collectorate & Administration Nashik,RFCTLARR_2013,Ring Road,False,,,,,,,NOT_PUBLISHED_IN_GAZETTE,NOT_PUBLISHED_IN_STRUCTURED_DATA,NOT_APPLICABLE_IN_REAL_DATA,NOT_APPLICABLE_PRE_AWARD,UNPARSED_SCHEDULE_TABLE,UNPARSED_SCHEDULE_TABLE,NOT_PUBLISHED_IN_STRUCTURED_DATA,,
CAS_CLEAN_175,SNP_CAS_CLEAN_175_CASE_INITIATION_MILESTONE_20260729,2026-07-29,CASE_INITIATION_TO_MILESTONE,2026-07-29,SECTION_11,62,False,,2026-09-29,0,0,0,1,0.0,0,False,False,Nashik,,,District Collectorate & Administration Nashik,RFCTLARR_2013,Ring Road,False,,,,,,,NOT_PUBLISHED_IN_GAZETTE,NOT_PUBLISHED_IN_STRUCTURED_DATA,NOT_APPLICABLE_IN_REAL_DATA,NOT_APPLICABLE_PRE_AWARD,UNPARSED_SCHEDULE_TABLE,UNPARSED_SCHEDULE_TABLE,NOT_PUBLISHED_IN_STRUCTURED_DATA,,
CAS_CLEAN_025,SNP_CAS_CLEAN_025_CASE_INITIATION_MILESTONE_20260801,2026-08-01,CASE_INITIATION_TO_MILESTONE,2025-08-01,SECTION_11,59,False,,2026-09-29,365,365,365,1,1.0,0,False,False,Nagpur,,,District Collectorate & Administration Nagpur,RFCTLARR_2013,Rural Infrastructure,False,,,,,,,NOT_PUBLISHED_IN_GAZETTE,NOT_PUBLISHED_IN_STRUCTURED_DATA,NOT_APPLICABLE_IN_REAL_DATA,NOT_APPLICABLE_PRE_AWARD,UNPARSED_SCHEDULE_TABLE,UNPARSED_SCHEDULE_TABLE,NOT_PUBLISHED_IN_STRUCTURED_DATA,,
CAS_CLEAN_026,SNP_CAS_CLEAN_026_CASE_INITIATION_MILESTONE_20260801,2026-08-01,CASE_INITIATION_TO_MILESTONE,2025-08-01,SECTION_11,59,False,,2026-09-29,365,365,365,1,1.0,0,False,False,Nagpur,t TiqHT,,District Collectorate & Administration Nagpur,RFCTLARR_2013,Rural Infrastructure,False,,,,,,,NOT_PUBLISHED_IN_GAZETTE,NOT_PUBLISHED_IN_STRUCTURED_DATA,NOT_APPLICABLE_IN_REAL_DATA,NOT_APPLICABLE_PRE_AWARD,UNPARSED_SCHEDULE_TABLE,UNPARSED_SCHEDULE_TABLE,NOT_PUBLISHED_IN_STRUCTURED_DATA,,
CAS_CLEAN_065,SNP_CAS_CLEAN_065_CASE_INITIATION_MILESTONE_20260801,2026-08-01,CASE_INITIATION_TO_MILESTONE,2025-08-01,SECTION_11,59,False,,2026-09-29,365,365,365,1,1.0,0,False,False,Nagpur,,Hardoli,District Collectorate & Administration Nagpur,RFCTLARR_2013,Rural Infrastructure,False,,,,,,,NOT_PUBLISHED_IN_GAZETTE,NOT_PUBLISHED_IN_STRUCTURED_DATA,NOT_APPLICABLE_IN_REAL_DATA,NOT_APPLICABLE_PRE_AWARD,UNPARSED_SCHEDULE_TABLE,UNPARSED_SCHEDULE_TABLE,NOT_PUBLISHED_IN_STRUCTURED_DATA,,
CAS_CLEAN_078,SNP_CAS_CLEAN_078_CASE_INITIATION_MILESTONE_20260801,2026-08-01,CASE_INITIATION_TO_MILESTONE,2025-08-01,SECTION_11,59,False,,2026-09-29,365,365,365,1,1.0,0,False,False,Nagpur,,Kotgaon,District Collectorate & Administration Nagpur,RFCTLARR_2013,Rural Infrastructure,False,,,,,,,NOT_PUBLISHED_IN_GAZETTE,NOT_PUBLISHED_IN_STRUCTURED_DATA,NOT_APPLICABLE_IN_REAL_DATA,NOT_APPLICABLE_PRE_AWARD,UNPARSED_SCHEDULE_TABLE,UNPARSED_SCHEDULE_TABLE,NOT_PUBLISHED_IN_STRUCTURED_DATA,,
CAS_CLEAN_103,SNP_CAS_CLEAN_103_CASE_INITIATION_MILESTONE_20260801,2026-08-01,CASE_INITIATION_TO_MILESTONE,2025-08-01,SECTION_11,59,False,,2026-09-29,365,365,365,1,1.0,0,False,False,Nagpur,,Navegao,District Collectorate & Administration Nagpur,RFCTLARR_2013,Rural Infrastructure,False,,,,,,,NOT_PUBLISHED_IN_GAZETTE,NOT_PUBLISHED_IN_STRUCTURED_DATA,NOT_APPLICABLE_IN_REAL_DATA,NOT_APPLICABLE_PRE_AWARD,UNPARSED_SCHEDULE_TABLE,UNPARSED_SCHEDULE_TABLE,NOT_PUBLISHED_IN_STRUCTURED_DATA,,
CAS_CLEAN_121,SNP_CAS_CLEAN_121_CASE_INITIATION_MILESTONE_20260801,2026-08-01,CASE_INITIATION_TO_MILESTONE,2025-08-01,SECTION_11,59,False,,2026-09-29,365,365,365,1,1.0,0,False,False,Nagpur,Tlq,Rajola,District Collectorate & Administration Nagpur,RFCTLARR_2013,Rural Infrastructure,False,,,,,,,NOT_PUBLISHED_IN_GAZETTE,NOT_PUBLISHED_IN_STRUCTURED_DATA,NOT_APPLICABLE_IN_REAL_DATA,NOT_APPLICABLE_PRE_AWARD,UNPARSED_SCHEDULE_TABLE,UNPARSED_SCHEDULE_TABLE,NOT_PUBLISHED_IN_STRUCTURED_DATA,,
CAS_CLEAN_249,SNP_CAS_CLEAN_249_CASE_INITIATION_MILESTONE_20260802,2026-08-02,CASE_INITIATION_TO_MILESTONE,2026-05-04,SECTION_11,58,False,,2026-09-29,90,90,90,1,0.2466,0,False,False,Pune,Pune City,Mundhawa,District Collectorate & Administration Pune,LAND_ACQUISITION_ACT_1894,Highway / Road Widening,False,,,,,,,NOT_PUBLISHED_IN_GAZETTE,NOT_PUBLISHED_IN_STRUCTURED_DATA,NOT_APPLICABLE_IN_REAL_DATA,NOT_APPLICABLE_PRE_AWARD,UNPARSED_SCHEDULE_TABLE,UNPARSED_SCHEDULE_TABLE,NOT_PUBLISHED_IN_STRUCTURED_DATA,,
CAS_CLEAN_182,SNP_CAS_CLEAN_182_CASE_INITIATION_MILESTONE_20260804,2026-08-04,CASE_INITIATION_TO_MILESTONE,2026-02-05,GENERAL_NOTICE,56,False,,2026-09-29,180,180,180,1,,0,False,False,Pune,Haveli,Balewadi,District Collectorate & Administration Pune,RFCTLARR_2013,Highway / Road Widening,False,,,,,,,NOT_PUBLISHED_IN_GAZETTE,NOT_PUBLISHED_IN_STRUCTURED_DATA,NOT_APPLICABLE_IN_REAL_DATA,NOT_APPLICABLE_PRE_AWARD,UNPARSED_SCHEDULE_TABLE,UNPARSED_SCHEDULE_TABLE,NOT_PUBLISHED_IN_STRUCTURED_DATA,,NOT_APPLICABLE_PRE_SEC11
CAS_CLEAN_190,SNP_CAS_CLEAN_190_CASE_INITIATION_MILESTONE_20260804,2026-08-04,CASE_INITIATION_TO_MILESTONE,2025-08-04,GENERAL_NOTICE,56,False,,2026-09-29,365,365,365,1,,0,False,False,Pune,,,District Collectorate & Administration Pune,RFCTLARR_2013,Rural Infrastructure,False,,,,,,,NOT_PUBLISHED_IN_GAZETTE,NOT_PUBLISHED_IN_STRUCTURED_DATA,NOT_APPLICABLE_IN_REAL_DATA,NOT_APPLICABLE_PRE_AWARD,UNPARSED_SCHEDULE_TABLE,UNPARSED_SCHEDULE_TABLE,NOT_PUBLISHED_IN_STRUCTURED_DATA,,NOT_APPLICABLE_PRE_SEC11
CAS_CLEAN_094,SNP_CAS_CLEAN_094_CASE_INITIATION_MILESTONE_20260806,2026-08-06,CASE_INITIATION_TO_MILESTONE,2024-08-06,GENERAL_NOTICE,54,False,,2026-09-29,730,730,730,1,,0,False,False,Nagpur,Nagpur City,Nagpur,District Collectorate & Administration Nagpur,RFCTLARR_2013,Rural Infrastructure,False,,,,,,,NOT_PUBLISHED_IN_GAZETTE,NOT_PUBLISHED_IN_STRUCTURED_DATA,NOT_APPLICABLE_IN_REAL_DATA,NOT_APPLICABLE_PRE_AWARD,UNPARSED_SCHEDULE_TABLE,UNPARSED_SCHEDULE_TABLE,NOT_PUBLISHED_IN_STRUCTURED_DATA,,NOT_APPLICABLE_PRE_SEC11
CAS_CLEAN_172,SNP_CAS_CLEAN_172_CASE_INITIATION_MILESTONE_20260806,2026-08-06,CASE_INITIATION_TO_MILESTONE,2026-08-06,GENERAL_NOTICE,54,False,,2026-09-29,0,0,0,1,,0,False,False,Nashik,Niphad,,District Collectorate & Administration Nashik,RFCTLARR_2013,Ring Road,False,,,,,,,NOT_PUBLISHED_IN_GAZETTE,NOT_PUBLISHED_IN_STRUCTURED_DATA,NOT_APPLICABLE_IN_REAL_DATA,NOT_APPLICABLE_PRE_AWARD,UNPARSED_SCHEDULE_TABLE,UNPARSED_SCHEDULE_TABLE,NOT_PUBLISHED_IN_STRUCTURED_DATA,,NOT_APPLICABLE_PRE_SEC11
CAS_CLEAN_173,SNP_CAS_CLEAN_173_CASE_INITIATION_MILESTONE_20260806,2026-08-06,CASE_INITIATION_TO_MILESTONE,2026-08-06,GENERAL_NOTICE,54,False,,2026-09-29,0,0,0,1,,0,False,False,Nashik,Niphad,,District Collectorate & Administration Nashik,RFCTLARR_2013,Ring Road,False,,,,,,,NOT_PUBLISHED_IN_GAZETTE,NOT_PUBLISHED_IN_STRUCTURED_DATA,NOT_APPLICABLE_IN_REAL_DATA,NOT_APPLICABLE_PRE_AWARD,UNPARSED_SCHEDULE_TABLE,UNPARSED_SCHEDULE_TABLE,NOT_PUBLISHED_IN_STRUCTURED_DATA,,NOT_APPLICABLE_PRE_SEC11
CAS_CLEAN_261,SNP_CAS_CLEAN_261_CASE_INITIATION_MILESTONE_20260807,2026-08-07,CASE_INITIATION_TO_MILESTONE,2026-08-07,SECTION_11,53,False,,2026-09-29,0,0,0,1,0.0,0,False,False,Solapur,,,District Collectorate & Administration Solapur,RFCTLARR_2013,Highway / Road Widening,False,,,,,,,NOT_PUBLISHED_IN_GAZETTE,NOT_PUBLISHED_IN_STRUCTURED_DATA,NOT_APPLICABLE_IN_REAL_DATA,NOT_APPLICABLE_PRE_AWARD,UNPARSED_SCHEDULE_TABLE,UNPARSED_SCHEDULE_TABLE,NOT_PUBLISHED_IN_STRUCTURED_DATA,,
CAS_CLEAN_140,SNP_CAS_CLEAN_140_CASE_INITIATION_MILESTONE_20260808,2026-08-08,CASE_INITIATION_TO_MILESTONE,2024-08-08,SECTION_11,52,False,,2026-09-29,730,730,730,1,1.0,0,False,False,Nagpur,Nagpur (City),Shivangaon,District Collectorate & Administration Nagpur,RFCTLARR_2013,Rural Infrastructure,False,,,,,,,NOT_PUBLISHED_IN_GAZETTE,NOT_PUBLISHED_IN_STRUCTURED_DATA,NOT_APPLICABLE_IN_REAL_DATA,NOT_APPLICABLE_PRE_AWARD,UNPARSED_SCHEDULE_TABLE,UNPARSED_SCHEDULE_TABLE,NOT_PUBLISHED_IN_STRUCTURED_DATA,,
CAS_CLEAN_050,SNP_CAS_CLEAN_050_CASE_INITIATION_MILESTONE_20260809,2026-08-09,CASE_INITIATION_TO_MILESTONE,2026-05-11,GENERAL_NOTICE,51,False,,2026-09-29,90,90,90,1,,0,False,False,Nagpur,,,District Collectorate & Administration Nagpur,RFCTLARR_2013,Rural Infrastructure,False,,,,,,,NOT_PUBLISHED_IN_GAZETTE,NOT_PUBLISHED_IN_STRUCTURED_DATA,NOT_APPLICABLE_IN_REAL_DATA,NOT_APPLICABLE_PRE_AWARD,UNPARSED_SCHEDULE_TABLE,UNPARSED_SCHEDULE_TABLE,NOT_PUBLISHED_IN_STRUCTURED_DATA,,NOT_APPLICABLE_PRE_SEC11
CAS_CLEAN_183,SNP_CAS_CLEAN_183_CASE_INITIATION_MILESTONE_20260813,2026-08-13,CASE_INITIATION_TO_MILESTONE,2026-05-15,GENERAL_NOTICE,47,False,,2026-09-29,90,90,90,1,,0,False,False,Pune,Indapur,Bandgarwadi,District Collectorate & Administration Pune,NATIONAL_HIGHWAYS_ACT_1956,Highway / Road Widening,False,,,,,,,NOT_PUBLISHED_IN_GAZETTE,NOT_PUBLISHED_IN_STRUCTURED_DATA,NOT_APPLICABLE_IN_REAL_DATA,NOT_APPLICABLE_PRE_AWARD,UNPARSED_SCHEDULE_TABLE,UNPARSED_SCHEDULE_TABLE,NOT_PUBLISHED_IN_STRUCTURED_DATA,,NOT_APPLICABLE_PRE_SEC11
CAS_CLEAN_233,SNP_CAS_CLEAN_233_CASE_INITIATION_MILESTONE_20260813,2026-08-13,CASE_INITIATION_TO_MILESTONE,2026-05-15,GENERAL_NOTICE,47,False,,2026-09-29,90,90,90,1,,0,False,False,Pune,Shirur,Kasari,District Collectorate & Administration Pune,NATIONAL_HIGHWAYS_ACT_1956,Highway / Road Widening,False,,,,,,,NOT_PUBLISHED_IN_GAZETTE,NOT_PUBLISHED_IN_STRUCTURED_DATA,NOT_APPLICABLE_IN_REAL_DATA,NOT_APPLICABLE_PRE_AWARD,UNPARSED_SCHEDULE_TABLE,UNPARSED_SCHEDULE_TABLE,NOT_PUBLISHED_IN_STRUCTURED_DATA,,NOT_APPLICABLE_PRE_SEC11
CAS_CLEAN_250,SNP_CAS_CLEAN_250_CASE_INITIATION_MILESTONE_20260813,2026-08-13,CASE_INITIATION_TO_MILESTONE,2026-05-15,GENERAL_NOTICE,47,False,,2026-09-29,90,90,90,1,,0,False,False,Pune,Shirur,Nhavara,District Collectorate & Administration Pune,NATIONAL_HIGHWAYS_ACT_1956,Highway / Road Widening,False,,,,,,,NOT_PUBLISHED_IN_GAZETTE,NOT_PUBLISHED_IN_STRUCTURED_DATA,NOT_APPLICABLE_IN_REAL_DATA,NOT_APPLICABLE_PRE_AWARD,UNPARSED_SCHEDULE_TABLE,UNPARSED_SCHEDULE_TABLE,NOT_PUBLISHED_IN_STRUCTURED_DATA,,NOT_APPLICABLE_PRE_SEC11
CAS_CLEAN_256,SNP_CAS_CLEAN_256_CASE_INITIATION_MILESTONE_20260813,2026-08-13,CASE_INITIATION_TO_MILESTONE,2026-05-15,GENERAL_NOTICE,47,False,,2026-09-29,90,90,90,1,,0,False,False,Pune,Shirur,Shikrapur,District Collectorate & Administration Pune,NATIONAL_HIGHWAYS_ACT_1956,Highway / Road Widening,False,,,,,,,NOT_PUBLISHED_IN_GAZETTE,NOT_PUBLISHED_IN_STRUCTURED_DATA,NOT_APPLICABLE_IN_REAL_DATA,NOT_APPLICABLE_PRE_AWARD,UNPARSED_SCHEDULE_TABLE,UNPARSED_SCHEDULE_TABLE,NOT_PUBLISHED_IN_STRUCTURED_DATA,,NOT_APPLICABLE_PRE_SEC11
CAS_CLEAN_007,SNP_CAS_CLEAN_007_CASE_INITIATION_MILESTONE_20260814,2026-08-14,CASE_INITIATION_TO_MILESTONE,2026-08-14,SECTION_11,46,False,,2026-09-29,0,0,0,1,0.0,0,False,False,Nagpur,कुही,Banor,District Collectorate & Administration Nagpur,RFCTLARR_2013,Rural Infrastructure,False,,,,,,,NOT_PUBLISHED_IN_GAZETTE,NOT_PUBLISHED_IN_STRUCTURED_DATA,NOT_APPLICABLE_IN_REAL_DATA,NOT_APPLICABLE_PRE_AWARD,UNPARSED_SCHEDULE_TABLE,UNPARSED_SCHEDULE_TABLE,NOT_PUBLISHED_IN_STRUCTURED_DATA,,
CAS_CLEAN_008,SNP_CAS_CLEAN_008_CASE_INITIATION_MILESTONE_20260814,2026-08-14,CASE_INITIATION_TO_MILESTONE,2026-08-14,SECTION_11,46,False,,2026-09-29,0,0,0,1,0.0,0,False,False,Nagpur,Umred,Barvha,District Collectorate & Administration Nagpur,RFCTLARR_2013,Rural Infrastructure,False,,,,,,,NOT_PUBLISHED_IN_GAZETTE,NOT_PUBLISHED_IN_STRUCTURED_DATA,NOT_APPLICABLE_IN_REAL_DATA,NOT_APPLICABLE_PRE_AWARD,UNPARSED_SCHEDULE_TABLE,UNPARSED_SCHEDULE_TABLE,NOT_PUBLISHED_IN_STRUCTURED_DATA,,
CAS_CLEAN_013,SNP_CAS_CLEAN_013_CASE_INITIATION_MILESTONE_20260814,2026-08-14,CASE_INITIATION_TO_MILESTONE,2026-08-14,SECTION_11,46,False,,2026-09-29,0,0,0,1,0.0,0,False,False,Nagpur,,Bhiwapur,District Collectorate & Administration Nagpur,RFCTLARR_2013,Rural Infrastructure,False,,,,,,,NOT_PUBLISHED_IN_GAZETTE,NOT_PUBLISHED_IN_STRUCTURED_DATA,NOT_APPLICABLE_IN_REAL_DATA,NOT_APPLICABLE_PRE_AWARD,UNPARSED_SCHEDULE_TABLE,UNPARSED_SCHEDULE_TABLE,NOT_PUBLISHED_IN_STRUCTURED_DATA,,
CAS_CLEAN_017,SNP_CAS_CLEAN_017_CASE_INITIATION_MILESTONE_20260814,2026-08-14,CASE_INITIATION_TO_MILESTONE,2026-08-14,SECTION_11,46,False,,2026-09-29,0,0,0,1,0.0,0,False,False,Nagpur,Kuhi,Bori Sadachar,District Collectorate & Administration Nagpur,RFCTLARR_2013,Rural Infrastructure,False,,,,,,,NOT_PUBLISHED_IN_GAZETTE,NOT_PUBLISHED_IN_STRUCTURED_DATA,NOT_APPLICABLE_IN_REAL_DATA,NOT_APPLICABLE_PRE_AWARD,UNPARSED_SCHEDULE_TABLE,UNPARSED_SCHEDULE_TABLE,NOT_PUBLISHED_IN_STRUCTURED_DATA,,
CAS_CLEAN_035,SNP_CAS_CLEAN_035_CASE_INITIATION_MILESTONE_20260814,2026-08-14,CASE_INITIATION_TO_MILESTONE,2026-08-14,SECTION_11,46,False,,2026-09-29,0,0,0,1,0.0,0,False,False,Nagpur,Kuhi,,District Collectorate & Administration Nagpur,RFCTLARR_2013,Rural Infrastructure,False,,,,,,,NOT_PUBLISHED_IN_GAZETTE,NOT_PUBLISHED_IN_STRUCTURED_DATA,NOT_APPLICABLE_IN_REAL_DATA,NOT_APPLICABLE_PRE_AWARD,UNPARSED_SCHEDULE_TABLE,UNPARSED_SCHEDULE_TABLE,NOT_PUBLISHED_IN_STRUCTURED_DATA,,
CAS_CLEAN_061,SNP_CAS_CLEAN_061_CASE_INITIATION_MILESTONE_20260814,2026-08-14,CASE_INITIATION_TO_MILESTONE,2024-08-14,DIRECT_PURCHASE,46,False,,2026-09-29,730,730,730,1,,0,False,False,Nagpur,Kuhi,Gorha,District Collectorate & Administration Nagpur,RFCTLARR_2013,Rural Infrastructure,True,,,,,,,NOT_PUBLISHED_IN_GAZETTE,NOT_PUBLISHED_IN_STRUCTURED_DATA,NOT_APPLICABLE_IN_REAL_DATA,NOT_APPLICABLE_PRE_AWARD,UNPARSED_SCHEDULE_TABLE,UNPARSED_SCHEDULE_TABLE,NOT_PUBLISHED_IN_STRUCTURED_DATA,,NOT_APPLICABLE_PRE_SEC11
CAS_CLEAN_062,SNP_CAS_CLEAN_062_CASE_INITIATION_MILESTONE_20260814,2026-08-14,CASE_INITIATION_TO_MILESTONE,2026-08-14,SECTION_11,46,False,,2026-09-29,0,0,0,1,0.0,0,False,False,Nagpur,Umred,Haladgaon,District Collectorate & Administration Nagpur,RFCTLARR_2013,Rural Infrastructure,False,,,,,,,NOT_PUBLISHED_IN_GAZETTE,NOT_PUBLISHED_IN_STRUCTURED_DATA,NOT_APPLICABLE_IN_REAL_DATA,NOT_APPLICABLE_PRE_AWARD,UNPARSED_SCHEDULE_TABLE,UNPARSED_SCHEDULE_TABLE,NOT_PUBLISHED_IN_STRUCTURED_DATA,,
CAS_CLEAN_069,SNP_CAS_CLEAN_069_CASE_INITIATION_MILESTONE_20260814,2026-08-14,CASE_INITIATION_TO_MILESTONE,2026-08-14,SECTION_11,46,False,,2026-09-29,0,0,0,1,0.0,0,False,False,Nagpur,Kuhi,Karhandla,District Collectorate & Administration Nagpur,RFCTLARR_2013,Rural Infrastructure,False,,,,,,,NOT_PUBLISHED_IN_GAZETTE,NOT_PUBLISHED_IN_STRUCTURED_DATA,NOT_APPLICABLE_IN_REAL_DATA,NOT_APPLICABLE_PRE_AWARD,UNPARSED_SCHEDULE_TABLE,UNPARSED_SCHEDULE_TABLE,NOT_PUBLISHED_IN_STRUCTURED_DATA,,
CAS_CLEAN_082,SNP_CAS_CLEAN_082_CASE_INITIATION_MILESTONE_20260814,2026-08-14,CASE_INITIATION_TO_MILESTONE,2026-08-14,SECTION_11,46,False,,2026-09-29,0,0,0,1,0.0,0,False,False,Nagpur,Kuhi,Mandhal,District Collectorate & Administration Nagpur,RFCTLARR_2013,Rural Infrastructure,False,,,,,,,NOT_PUBLISHED_IN_GAZETTE,NOT_PUBLISHED_IN_STRUCTURED_DATA,NOT_APPLICABLE_IN_REAL_DATA,NOT_APPLICABLE_PRE_AWARD,UNPARSED_SCHEDULE_TABLE,UNPARSED_SCHEDULE_TABLE,NOT_PUBLISHED_IN_STRUCTURED_DATA,,
CAS_CLEAN_086,SNP_CAS_CLEAN_086_CASE_INITIATION_MILESTONE_20260814,2026-08-14,CASE_INITIATION_TO_MILESTONE,2026-08-14,SECTION_11,46,False,,2026-09-29,0,0,0,1,0.0,0,False,False,Nagpur,Umred,Mhasepathar(Rithi),District Collectorate & Administration Nagpur,RFCTLARR_2013,Rural Infrastructure,False,,,,,,,NOT_PUBLISHED_IN_GAZETTE,NOT_PUBLISHED_IN_STRUCTURED_DATA,NOT_APPLICABLE_IN_REAL_DATA,NOT_APPLICABLE_PRE_AWARD,UNPARSED_SCHEDULE_TABLE,UNPARSED_SCHEDULE_TABLE,NOT_PUBLISHED_IN_STRUCTURED_DATA,,
CAS_CLEAN_104,SNP_CAS_CLEAN_104_CASE_INITIATION_MILESTONE_20260814,2026-08-14,CASE_INITIATION_TO_MILESTONE,2026-08-14,SECTION_11,46,False,,2026-09-29,0,0,0,1,0.0,0,False,False,Nagpur,Umred,Nirvaha,District Collectorate & Administration Nagpur,RFCTLARR_2013,Rural Infrastructure,False,,,,,,,NOT_PUBLISHED_IN_GAZETTE,NOT_PUBLISHED_IN_STRUCTURED_DATA,NOT_APPLICABLE_IN_REAL_DATA,NOT_APPLICABLE_PRE_AWARD,UNPARSED_SCHEDULE_TABLE,UNPARSED_SCHEDULE_TABLE,NOT_PUBLISHED_IN_STRUCTURED_DATA,,
CAS_CLEAN_105,SNP_CAS_CLEAN_105_CASE_INITIATION_MILESTONE_20260814,2026-08-14,CASE_INITIATION_TO_MILESTONE,2026-08-14,SECTION_11,46,False,,2026-09-29,0,0,0,1,0.0,0,False,False,Nagpur,Kuhi,Pachkhedi (Gandli),District Collectorate & Administration Nagpur,RFCTLARR_2013,Rural Infrastructure,False,,,,,,,NOT_PUBLISHED_IN_GAZETTE,NOT_PUBLISHED_IN_STRUCTURED_DATA,NOT_APPLICABLE_IN_REAL_DATA,NOT_APPLICABLE_PRE_AWARD,UNPARSED_SCHEDULE_TABLE,UNPARSED_SCHEDULE_TABLE,NOT_PUBLISHED_IN_STRUCTURED_DATA,,
CAS_CLEAN_106,SNP_CAS_CLEAN_106_CASE_INITIATION_MILESTONE_20260814,2026-08-14,CASE_INITIATION_TO_MILESTONE,2026-08-14,SECTION_11,46,False,,2026-09-29,0,0,0,1,0.0,0,False,False,Nagpur,Umred,Parsodi (Uti),District Collectorate & Administration Nagpur,RFCTLARR_2013,Rural Infrastructure,False,,,,,,,NOT_PUBLISHED_IN_GAZETTE,NOT_PUBLISHED_IN_STRUCTURED_DATA,NOT_APPLICABLE_IN_REAL_DATA,NOT_APPLICABLE_PRE_AWARD,UNPARSED_SCHEDULE_TABLE,UNPARSED_SCHEDULE_TABLE,NOT_PUBLISHED_IN_STRUCTURED_DATA,,
CAS_CLEAN_119,SNP_CAS_CLEAN_119_CASE_INITIATION_MILESTONE_20260814,2026-08-14,CASE_INITIATION_TO_MILESTONE,2026-08-14,SECTION_11,46,False,,2026-09-29,0,0,0,1,0.0,0,False,False,Nagpur,Umred,Pusagondi(Rithi),District Collectorate & Administration Nagpur,RFCTLARR_2013,Rural Infrastructure,False,,,,,,,NOT_PUBLISHED_IN_GAZETTE,NOT_PUBLISHED_IN_STRUCTURED_DATA,NOT_APPLICABLE_IN_REAL_DATA,NOT_APPLICABLE_PRE_AWARD,UNPARSED_SCHEDULE_TABLE,UNPARSED_SCHEDULE_TABLE,NOT_PUBLISHED_IN_STRUCTURED_DATA,,
CAS_CLEAN_122,SNP_CAS_CLEAN_122_CASE_INITIATION_MILESTONE_20260814,2026-08-14,CASE_INITIATION_TO_MILESTONE,2026-08-14,SECTION_11,46,False,,2026-09-29,0,0,0,1,0.0,0,False,False,Nagpur,Kuhi,Rajoli,District Collectorate & Administration Nagpur,RFCTLARR_2013,Rural Infrastructure,False,,,,,,,NOT_PUBLISHED_IN_GAZETTE,NOT_PUBLISHED_IN_STRUCTURED_DATA,NOT_APPLICABLE_IN_REAL_DATA,NOT_APPLICABLE_PRE_AWARD,UNPARSED_SCHEDULE_TABLE,UNPARSED_SCHEDULE_TABLE,NOT_PUBLISHED_IN_STRUCTURED_DATA,,
CAS_CLEAN_130,SNP_CAS_CLEAN_130_CASE_INITIATION_MILESTONE_20260814,2026-08-14,CASE_INITIATION_TO_MILESTONE,2026-08-14,SECTION_11,46,False,,2026-09-29,0,0,0,1,0.0,0,False,False,Nagpur,Umred,Salai,District Collectorate & Administration Nagpur,RFCTLARR_2013,Rural Infrastructure,False,,,,,,,NOT_PUBLISHED_IN_GAZETTE,NOT_PUBLISHED_IN_STRUCTURED_DATA,NOT_APPLICABLE_IN_REAL_DATA,NOT_APPLICABLE_PRE_AWARD,UNPARSED_SCHEDULE_TABLE,UNPARSED_SCHEDULE_TABLE,NOT_PUBLISHED_IN_STRUCTURED_DATA,,
CAS_CLEAN_141,SNP_CAS_CLEAN_141_CASE_INITIATION_MILESTONE_20260814,2026-08-14,CASE_INITIATION_TO_MILESTONE,2026-08-14,SECTION_11,46,False,,2026-09-29,0,0,0,1,0.0,0,False,False,Nagpur,Kuhi,Siroli(Rithi),District Collectorate & Administration Nagpur,RFCTLARR_2013,Rural Infrastructure,False,,,,,,,NOT_PUBLISHED_IN_GAZETTE,NOT_PUBLISHED_IN_STRUCTURED_DATA,NOT_APPLICABLE_IN_REAL_DATA,NOT_APPLICABLE_PRE_AWARD,UNPARSED_SCHEDULE_TABLE,UNPARSED_SCHEDULE_TABLE,NOT_PUBLISHED_IN_STRUCTURED_DATA,,
CAS_CLEAN_143,SNP_CAS_CLEAN_143_CASE_INITIATION_MILESTONE_20260814,2026-08-14,CASE_INITIATION_TO_MILESTONE,2026-08-14,SECTION_11,46,False,,2026-09-29,0,0,0,1,0.0,0,False,False,Nagpur,Umred,Sonpuri,District Collectorate & Administration Nagpur,RFCTLARR_2013,Rural Infrastructure,False,,,,,,,NOT_PUBLISHED_IN_GAZETTE,NOT_PUBLISHED_IN_STRUCTURED_DATA,NOT_APPLICABLE_IN_REAL_DATA,NOT_APPLICABLE_PRE_AWARD,UNPARSED_SCHEDULE_TABLE,UNPARSED_SCHEDULE_TABLE,NOT_PUBLISHED_IN_STRUCTURED_DATA,,
CAS_CLEAN_150,SNP_CAS_CLEAN_150_CASE_INITIATION_MILESTONE_20260814,2026-08-14,CASE_INITIATION_TO_MILESTONE,2026-08-14,SECTION_11,46,False,,2026-09-29,0,0,0,1,0.0,0,False,False,Nagpur,Umred,Tikhadi,District Collectorate & Administration Nagpur,RFCTLARR_2013,Rural Infrastructure,False,,,,,,,NOT_PUBLISHED_IN_GAZETTE,NOT_PUBLISHED_IN_STRUCTURED_DATA,NOT_APPLICABLE_IN_REAL_DATA,NOT_APPLICABLE_PRE_AWARD,UNPARSED_SCHEDULE_TABLE,UNPARSED_SCHEDULE_TABLE,NOT_PUBLISHED_IN_STRUCTURED_DATA,,
CAS_CLEAN_152,SNP_CAS_CLEAN_152_CASE_INITIATION_MILESTONE_20260814,2026-08-14,CASE_INITIATION_TO_MILESTONE,2026-08-14,SECTION_11,46,False,,2026-09-29,0,0,0,1,0.0,0,False,False,Nagpur,Umred,Umra,District Collectorate & Administration Nagpur,RFCTLARR_2013,Rural Infrastructure,False,,,,,,,NOT_PUBLISHED_IN_GAZETTE,NOT_PUBLISHED_IN_STRUCTURED_DATA,NOT_APPLICABLE_IN_REAL_DATA,NOT_APPLICABLE_PRE_AWARD,UNPARSED_SCHEDULE_TABLE,UNPARSED_SCHEDULE_TABLE,NOT_PUBLISHED_IN_STRUCTURED_DATA,,
CAS_CLEAN_157,SNP_CAS_CLEAN_157_CASE_INITIATION_MILESTONE_20260814,2026-08-14,CASE_INITIATION_TO_MILESTONE,2026-08-14,SECTION_11,46,False,,2026-09-29,0,0,0,1,0.0,0,False,False,Nagpur,Umred,Wadegaon,District Collectorate & Administration Nagpur,RFCTLARR_2013,Rural Infrastructure,False,,,,,,,NOT_PUBLISHED_IN_GAZETTE,NOT_PUBLISHED_IN_STRUCTURED_DATA,NOT_APPLICABLE_IN_REAL_DATA,NOT_APPLICABLE_PRE_AWARD,UNPARSED_SCHEDULE_TABLE,UNPARSED_SCHEDULE_TABLE,NOT_PUBLISHED_IN_STRUCTURED_DATA,,
CAS_CLEAN_159,SNP_CAS_CLEAN_159_CASE_INITIATION_MILESTONE_20260814,2026-08-14,CASE_INITIATION_TO_MILESTONE,2026-08-14,SECTION_11,46,False,,2026-09-29,0,0,0,1,0.0,0,False,False,Nagpur,Kuhi,Wag,District Collectorate & Administration Nagpur,RFCTLARR_2013,Rural Infrastructure,False,,,,,,,NOT_PUBLISHED_IN_GAZETTE,NOT_PUBLISHED_IN_STRUCTURED_DATA,NOT_APPLICABLE_IN_REAL_DATA,NOT_APPLICABLE_PRE_AWARD,UNPARSED_SCHEDULE_TABLE,UNPARSED_SCHEDULE_TABLE,NOT_PUBLISHED_IN_STRUCTURED_DATA,,
CAS_CLEAN_188,SNP_CAS_CLEAN_188_CASE_INITIATION_MILESTONE_20260814,2026-08-14,CASE_INITIATION_TO_MILESTONE,2026-08-14,SECTION_11,46,False,,2026-09-29,0,0,0,1,0.0,0,False,False,Pune,,,District Collectorate & Administration Pune,RFCTLARR_2013,Rural Infrastructure,False,,,,,,,NOT_PUBLISHED_IN_GAZETTE,NOT_PUBLISHED_IN_STRUCTURED_DATA,NOT_APPLICABLE_IN_REAL_DATA,NOT_APPLICABLE_PRE_AWARD,UNPARSED_SCHEDULE_TABLE,UNPARSED_SCHEDULE_TABLE,NOT_PUBLISHED_IN_STRUCTURED_DATA,,
CAS_CLEAN_004,SNP_CAS_CLEAN_004_CASE_INITIATION_MILESTONE_20260817,2026-08-17,CASE_INITIATION_TO_MILESTONE,2026-08-17,SECTION_11,43,False,,2026-09-29,0,0,0,1,0.0,0,False,False,Nagpur,Hingna,Asola (Sawangi)Taluka Hingna,District Collectorate & Administration Nagpur,RFCTLARR_2013,Rural Infrastructure,False,,,,,,,NOT_PUBLISHED_IN_GAZETTE,NOT_PUBLISHED_IN_STRUCTURED_DATA,NOT_APPLICABLE_IN_REAL_DATA,NOT_APPLICABLE_PRE_AWARD,UNPARSED_SCHEDULE_TABLE,UNPARSED_SCHEDULE_TABLE,NOT_PUBLISHED_IN_STRUCTURED_DATA,,
CAS_CLEAN_010,SNP_CAS_CLEAN_010_CASE_INITIATION_MILESTONE_20260817,2026-08-17,CASE_INITIATION_TO_MILESTONE,2026-08-17,GENERAL_NOTICE,43,False,,2026-09-29,0,0,0,1,,0,False,False,Nagpur,Kalmeshwar,Belori(bu),District Collectorate & Administration Nagpur,RFCTLARR_2013,Rural Infrastructure,False,,,,,,,NOT_PUBLISHED_IN_GAZETTE,NOT_PUBLISHED_IN_STRUCTURED_DATA,NOT_APPLICABLE_IN_REAL_DATA,NOT_APPLICABLE_PRE_AWARD,UNPARSED_SCHEDULE_TABLE,UNPARSED_SCHEDULE_TABLE,NOT_PUBLISHED_IN_STRUCTURED_DATA,,NOT_APPLICABLE_PRE_SEC11
CAS_CLEAN_012,SNP_CAS_CLEAN_012_CASE_INITIATION_MILESTONE_20260817,2026-08-17,CASE_INITIATION_TO_MILESTONE,2026-08-17,SECTION_11,43,False,,2026-09-29,0,0,0,1,0.0,0,False,False,Nagpur,Hingna,Bhansuli,District Collectorate & Administration Nagpur,RFCTLARR_2013,Rural Infrastructure,False,,,,,,,NOT_PUBLISHED_IN_GAZETTE,NOT_PUBLISHED_IN_STRUCTURED_DATA,NOT_APPLICABLE_IN_REAL_DATA,NOT_APPLICABLE_PRE_AWARD,UNPARSED_SCHEDULE_TABLE,UNPARSED_SCHEDULE_TABLE,NOT_PUBLISHED_IN_STRUCTURED_DATA,,
CAS_CLEAN_063,SNP_CAS_CLEAN_063_CASE_INITIATION_MILESTONE_20260817,2026-08-17,CASE_INITIATION_TO_MILESTONE,2026-08-17,SECTION_11,43,False,,2026-09-29,0,0,0,1,0.0,0,False,False,Nagpur,Hingna,Haladgao,District Collectorate & Administration Nagpur,RFCTLARR_2013,Rural Infrastructure,False,,,,,,,NOT_PUBLISHED_IN_GAZETTE,NOT_PUBLISHED_IN_STRUCTURED_DATA,NOT_APPLICABLE_IN_REAL_DATA,NOT_APPLICABLE_PRE_AWARD,UNPARSED_SCHEDULE_TABLE,UNPARSED_SCHEDULE_TABLE,NOT_PUBLISHED_IN_STRUCTURED_DATA,,
CAS_CLEAN_068,SNP_CAS_CLEAN_068_CASE_INITIATION_MILESTONE_20260817,2026-08-17,CASE_INITIATION_TO_MILESTONE,2026-08-17,SECTION_11,43,False,,2026-09-29,0,0,0,1,0.0,0,False,False,Nagpur,Hingna,Junapani (Rithi),District Collectorate & Administration Nagpur,RFCTLARR_2013,Rural Infrastructure,False,,,,,,,NOT_PUBLISHED_IN_GAZETTE,NOT_PUBLISHED_IN_STRUCTURED_DATA,NOT_APPLICABLE_IN_REAL_DATA,NOT_APPLICABLE_PRE_AWARD,UNPARSED_SCHEDULE_TABLE,UNPARSED_SCHEDULE_TABLE,NOT_PUBLISHED_IN_STRUCTURED_DATA,,
CAS_CLEAN_077,SNP_CAS_CLEAN_077_CASE_INITIATION_MILESTONE_20260817,2026-08-17,CASE_INITIATION_TO_MILESTONE,2026-08-17,SECTION_11,43,False,,2026-09-29,0,0,0,1,0.0,0,False,False,Nagpur,Hingna,Kohali (Rithi),District Collectorate & Administration Nagpur,RFCTLARR_2013,Rural Infrastructure,False,,,,,,,NOT_PUBLISHED_IN_GAZETTE,NOT_PUBLISHED_IN_STRUCTURED_DATA,NOT_APPLICABLE_IN_REAL_DATA,NOT_APPLICABLE_PRE_AWARD,UNPARSED_SCHEDULE_TABLE,UNPARSED_SCHEDULE_TABLE,NOT_PUBLISHED_IN_STRUCTURED_DATA,,
CAS_CLEAN_083,SNP_CAS_CLEAN_083_CASE_INITIATION_MILESTONE_20260817,2026-08-17,CASE_INITIATION_TO_MILESTONE,2026-08-17,GENERAL_NOTICE,43,False,,2026-09-29,0,0,0,1,,0,False,False,Nagpur,,Mangali,District Collectorate & Administration Nagpur,RFCTLARR_2013,Rural Infrastructure,False,,,,,,,NOT_PUBLISHED_IN_GAZETTE,NOT_PUBLISHED_IN_STRUCTURED_DATA,NOT_APPLICABLE_IN_REAL_DATA,NOT_APPLICABLE_PRE_AWARD,UNPARSED_SCHEDULE_TABLE,UNPARSED_SCHEDULE_TABLE,NOT_PUBLISHED_IN_STRUCTURED_DATA,,NOT_APPLICABLE_PRE_SEC11
CAS_CLEAN_090,SNP_CAS_CLEAN_090_CASE_INITIATION_MILESTONE_20260817,2026-08-17,CASE_INITIATION_TO_MILESTONE,2026-08-17,SECTION_11,43,False,,2026-09-29,0,0,0,1,0.0,0,False,False,Nagpur,Hingna,Murzadi,District Collectorate & Administration Nagpur,RFCTLARR_2013,Rural Infrastructure,False,,,,,,,NOT_PUBLISHED_IN_GAZETTE,NOT_PUBLISHED_IN_STRUCTURED_DATA,NOT_APPLICABLE_IN_REAL_DATA,NOT_APPLICABLE_PRE_AWARD,UNPARSED_SCHEDULE_TABLE,UNPARSED_SCHEDULE_TABLE,NOT_PUBLISHED_IN_STRUCTURED_DATA,,
CAS_CLEAN_135,SNP_CAS_CLEAN_135_CASE_INITIATION_MILESTONE_20260817,2026-08-17,CASE_INITIATION_TO_MILESTONE,2026-08-17,SECTION_11,43,False,,2026-09-29,0,0,0,1,0.0,0,False,False,Nagpur,Hingna,Sawangi (Aa)Taluka Hingna,District Collectorate & Administration Nagpur,RFCTLARR_2013,Rural Infrastructure,False,,,,,,,NOT_PUBLISHED_IN_GAZETTE,NOT_PUBLISHED_IN_STRUCTURED_DATA,NOT_APPLICABLE_IN_REAL_DATA,NOT_APPLICABLE_PRE_AWARD,UNPARSED_SCHEDULE_TABLE,UNPARSED_SCHEDULE_TABLE,NOT_PUBLISHED_IN_STRUCTURED_DATA,,
CAS_CLEAN_153,SNP_CAS_CLEAN_153_CASE_INITIATION_MILESTONE_20260817,2026-08-17,CASE_INITIATION_TO_MILESTONE,2026-08-17,SECTION_11,43,False,,2026-09-29,0,0,0,1,0.0,0,False,False,Nagpur,Hingna,Vadgaon (Bakshi),District Collectorate & Administration Nagpur,RFCTLARR_2013,Rural Infrastructure,False,,,,,,,NOT_PUBLISHED_IN_GAZETTE,NOT_PUBLISHED_IN_STRUCTURED_DATA,NOT_APPLICABLE_IN_REAL_DATA,NOT_APPLICABLE_PRE_AWARD,UNPARSED_SCHEDULE_TABLE,UNPARSED_SCHEDULE_TABLE,NOT_PUBLISHED_IN_STRUCTURED_DATA,,
CAS_CLEAN_018,SNP_CAS_CLEAN_018_CASE_INITIATION_MILESTONE_20260819,2026-08-19,CASE_INITIATION_TO_MILESTONE,2026-08-19,SECTION_11,41,False,,2026-09-29,0,0,0,1,0.0,0,False,False,Nagpur,Nagpur (Gramin),Bori,District Collectorate & Administration Nagpur,RFCTLARR_2013,Rural Infrastructure,False,,,,,,,NOT_PUBLISHED_IN_GAZETTE,NOT_PUBLISHED_IN_STRUCTURED_DATA,NOT_APPLICABLE_IN_REAL_DATA,NOT_APPLICABLE_PRE_AWARD,UNPARSED_SCHEDULE_TABLE,UNPARSED_SCHEDULE_TABLE,NOT_PUBLISHED_IN_STRUCTURED_DATA,,
CAS_CLEAN_036,SNP_CAS_CLEAN_036_CASE_INITIATION_MILESTONE_20260819,2026-08-19,CASE_INITIATION_TO_MILESTONE,2026-05-21,DIRECT_PURCHASE,41,False,,2026-09-29,90,90,90,1,,0,False,False,Nagpur,kuhi,,District Collectorate & Administration Nagpur,RFCTLARR_2013,Ring Road,True,,,,,,,NOT_PUBLISHED_IN_GAZETTE,NOT_PUBLISHED_IN_STRUCTURED_DATA,NOT_APPLICABLE_IN_REAL_DATA,NOT_APPLICABLE_PRE_AWARD,UNPARSED_SCHEDULE_TABLE,UNPARSED_SCHEDULE_TABLE,NOT_PUBLISHED_IN_STRUCTURED_DATA,,NOT_APPLICABLE_PRE_SEC11
CAS_CLEAN_037,SNP_CAS_CLEAN_037_CASE_INITIATION_MILESTONE_20260819,2026-08-19,CASE_INITIATION_TO_MILESTONE,2026-05-21,SECTION_11,2,True,2026-08-21,,90,90,90,1,0.2466,0,False,False,Nagpur,Kuhi,Channa,District Collectorate & Administration Nagpur,RFCTLARR_2013,Rural Infrastructure,False,,,,,,,NOT_PUBLISHED_IN_GAZETTE,NOT_PUBLISHED_IN_STRUCTURED_DATA,NOT_APPLICABLE_IN_REAL_DATA,NOT_APPLICABLE_PRE_AWARD,UNPARSED_SCHEDULE_TABLE,UNPARSED_SCHEDULE_TABLE,NOT_PUBLISHED_IN_STRUCTURED_DATA,,
CAS_CLEAN_067,SNP_CAS_CLEAN_067_CASE_INITIATION_MILESTONE_20260819,2026-08-19,CASE_INITIATION_TO_MILESTONE,2026-08-19,SECTION_11,41,False,,2026-09-29,0,0,0,1,0.0,0,False,False,Nagpur,Nagpur (Gramin),Junapani,District Collectorate & Administration Nagpur,RFCTLARR_2013,Rural Infrastructure,False,,,,,,,NOT_PUBLISHED_IN_GAZETTE,NOT_PUBLISHED_IN_STRUCTURED_DATA,NOT_APPLICABLE_IN_REAL_DATA,NOT_APPLICABLE_PRE_AWARD,UNPARSED_SCHEDULE_TABLE,UNPARSED_SCHEDULE_TABLE,NOT_PUBLISHED_IN_STRUCTURED_DATA,,
CAS_CLEAN_075,SNP_CAS_CLEAN_075_CASE_INITIATION_MILESTONE_20260819,2026-08-19,CASE_INITIATION_TO_MILESTONE,2026-08-19,SECTION_11,41,False,,2026-09-29,0,0,0,1,0.0,0,False,False,Nagpur,Nagpur (Gramin),Kirnapur,District Collectorate & Administration Nagpur,RFCTLARR_2013,Rural Infrastructure,False,,,,,,,NOT_PUBLISHED_IN_GAZETTE,NOT_PUBLISHED_IN_STRUCTURED_DATA,NOT_APPLICABLE_IN_REAL_DATA,NOT_APPLICABLE_PRE_AWARD,UNPARSED_SCHEDULE_TABLE,UNPARSED_SCHEDULE_TABLE,NOT_PUBLISHED_IN_STRUCTURED_DATA,,
CAS_CLEAN_084,SNP_CAS_CLEAN_084_CASE_INITIATION_MILESTONE_20260819,2026-08-19,CASE_INITIATION_TO_MILESTONE,2026-08-19,SECTION_11,41,False,,2026-09-29,0,0,0,1,0.0,0,False,False,Nagpur,Nagpur (Gramin),Mangarul,District Collectorate & Administration Nagpur,RFCTLARR_2013,Rural Infrastructure,False,,,,,,,NOT_PUBLISHED_IN_GAZETTE,NOT_PUBLISHED_IN_STRUCTURED_DATA,NOT_APPLICABLE_IN_REAL_DATA,NOT_APPLICABLE_PRE_AWARD,UNPARSED_SCHEDULE_TABLE,UNPARSED_SCHEDULE_TABLE,NOT_PUBLISHED_IN_STRUCTURED_DATA,,
CAS_CLEAN_089,SNP_CAS_CLEAN_089_CASE_INITIATION_MILESTONE_20260819,2026-08-19,CASE_INITIATION_TO_MILESTONE,2026-08-19,SECTION_11,41,False,,2026-09-29,0,0,0,1,0.0,0,False,False,Nagpur,Nagpur (Gramin),Murarpur,District Collectorate & Administration Nagpur,RFCTLARR_2013,Rural Infrastructure,False,,,,,,,NOT_PUBLISHED_IN_GAZETTE,NOT_PUBLISHED_IN_STRUCTURED_DATA,NOT_APPLICABLE_IN_REAL_DATA,NOT_APPLICABLE_PRE_AWARD,UNPARSED_SCHEDULE_TABLE,UNPARSED_SCHEDULE_TABLE,NOT_PUBLISHED_IN_STRUCTURED_DATA,,
CAS_CLEAN_107,SNP_CAS_CLEAN_107_CASE_INITIATION_MILESTONE_20260819,2026-08-19,CASE_INITIATION_TO_MILESTONE,2026-08-19,SECTION_11,41,False,,2026-09-29,0,0,0,1,0.0,0,False,False,Nagpur,Nagpur (Gramin),Parsodi,District Collectorate & Administration Nagpur,RFCTLARR_2013,Rural Infrastructure,False,,,,,,,NOT_PUBLISHED_IN_GAZETTE,NOT_PUBLISHED_IN_STRUCTURED_DATA,NOT_APPLICABLE_IN_REAL_DATA,NOT_APPLICABLE_PRE_AWARD,UNPARSED_SCHEDULE_TABLE,UNPARSED_SCHEDULE_TABLE,NOT_PUBLISHED_IN_STRUCTURED_DATA,,
CAS_CLEAN_123,SNP_CAS_CLEAN_123_CASE_INITIATION_MILESTONE_20260819,2026-08-19,CASE_INITIATION_TO_MILESTONE,2026-08-19,SECTION_11,41,False,,2026-09-29,0,0,0,1,0.0,0,False,False,Nagpur,Nagpur (Gramin),Rampur,District Collectorate & Administration Nagpur,RFCTLARR_2013,Rural Infrastructure,False,,,,,,,NOT_PUBLISHED_IN_GAZETTE,NOT_PUBLISHED_IN_STRUCTURED_DATA,NOT_APPLICABLE_IN_REAL_DATA,NOT_APPLICABLE_PRE_AWARD,UNPARSED_SCHEDULE_TABLE,UNPARSED_SCHEDULE_TABLE,NOT_PUBLISHED_IN_STRUCTURED_DATA,,
CAS_CLEAN_125,SNP_CAS_CLEAN_125_CASE_INITIATION_MILESTONE_20260819,2026-08-19,CASE_INITIATION_TO_MILESTONE,2026-08-19,SECTION_11,41,False,,2026-09-29,0,0,0,1,0.0,0,False,False,Nagpur,Nagpur (Gramin),Ruikheiri,District Collectorate & Administration Nagpur,RFCTLARR_2013,Rural Infrastructure,False,,,,,,,NOT_PUBLISHED_IN_GAZETTE,NOT_PUBLISHED_IN_STRUCTURED_DATA,NOT_APPLICABLE_IN_REAL_DATA,NOT_APPLICABLE_PRE_AWARD,UNPARSED_SCHEDULE_TABLE,UNPARSED_SCHEDULE_TABLE,NOT_PUBLISHED_IN_STRUCTURED_DATA,,
CAS_CLEAN_142,SNP_CAS_CLEAN_142_CASE_INITIATION_MILESTONE_20260819,2026-08-19,CASE_INITIATION_TO_MILESTONE,2026-05-21,INITIATION,41,False,,2026-09-29,90,0,,0,,1,True,False,Nagpur,Nagpur (City),Sitabuldi,District Collectorate & Administration Nagpur,RFCTLARR_2013,Railway Quadrupling,False,,,,,,,NOT_PUBLISHED_IN_GAZETTE,NOT_PUBLISHED_IN_STRUCTURED_DATA,NOT_APPLICABLE_IN_REAL_DATA,NOT_APPLICABLE_PRE_AWARD,UNPARSED_SCHEDULE_TABLE,UNPARSED_SCHEDULE_TABLE,NOT_PUBLISHED_IN_STRUCTURED_DATA,NO_NOTICE_EVENT,NOT_APPLICABLE_PRE_SEC11
CAS_CLEAN_144,SNP_CAS_CLEAN_144_CASE_INITIATION_MILESTONE_20260819,2026-08-19,CASE_INITIATION_TO_MILESTONE,2026-08-19,SECTION_11,41,False,,2026-09-29,0,0,0,1,0.0,0,False,False,Nagpur,Nagpur (Gramin),Sonurli,District Collectorate & Administration Nagpur,RFCTLARR_2013,Rural Infrastructure,False,,,,,,,NOT_PUBLISHED_IN_GAZETTE,NOT_PUBLISHED_IN_STRUCTURED_DATA,NOT_APPLICABLE_IN_REAL_DATA,NOT_APPLICABLE_PRE_AWARD,UNPARSED_SCHEDULE_TABLE,UNPARSED_SCHEDULE_TABLE,NOT_PUBLISHED_IN_STRUCTURED_DATA,,
CAS_CLEAN_151,SNP_CAS_CLEAN_151_CASE_INITIATION_MILESTONE_20260819,2026-08-19,CASE_INITIATION_TO_MILESTONE,2026-08-19,SECTION_11,41,False,,2026-09-29,0,0,0,1,0.0,0,False,False,Nagpur,Nagpur (Gramin),Tumdi,District Collectorate & Administration Nagpur,RFCTLARR_2013,Rural Infrastructure,False,,,,,,,NOT_PUBLISHED_IN_GAZETTE,NOT_PUBLISHED_IN_STRUCTURED_DATA,NOT_APPLICABLE_IN_REAL_DATA,NOT_APPLICABLE_PRE_AWARD,UNPARSED_SCHEDULE_TABLE,UNPARSED_SCHEDULE_TABLE,NOT_PUBLISHED_IN_STRUCTURED_DATA,,
CAS_CLEAN_154,SNP_CAS_CLEAN_154_CASE_INITIATION_MILESTONE_20260819,2026-08-19,CASE_INITIATION_TO_MILESTONE,2026-05-21,DIRECT_PURCHASE,41,False,,2026-09-29,90,90,90,1,,0,False,False,Nagpur,Hfrrswl cT,Valni,District Collectorate & Administration Nagpur,RFCTLARR_2013,Rural Infrastructure,True,,,,,,,NOT_PUBLISHED_IN_GAZETTE,NOT_PUBLISHED_IN_STRUCTURED_DATA,NOT_APPLICABLE_IN_REAL_DATA,NOT_APPLICABLE_PRE_AWARD,UNPARSED_SCHEDULE_TABLE,UNPARSED_SCHEDULE_TABLE,NOT_PUBLISHED_IN_STRUCTURED_DATA,,NOT_APPLICABLE_PRE_SEC11
CAS_CLEAN_155,SNP_CAS_CLEAN_155_CASE_INITIATION_MILESTONE_20260819,2026-08-19,CASE_INITIATION_TO_MILESTONE,2026-08-19,SECTION_11,41,False,,2026-09-29,0,0,0,1,0.0,0,False,False,Nagpur,Nagpur (Gramin),Varanga,District Collectorate & Administration Nagpur,RFCTLARR_2013,Rural Infrastructure,False,,,,,,,NOT_PUBLISHED_IN_GAZETTE,NOT_PUBLISHED_IN_STRUCTURED_DATA,NOT_APPLICABLE_IN_REAL_DATA,NOT_APPLICABLE_PRE_AWARD,UNPARSED_SCHEDULE_TABLE,UNPARSED_SCHEDULE_TABLE,NOT_PUBLISHED_IN_STRUCTURED_DATA,,
CAS_CLEAN_178,SNP_CAS_CLEAN_178_CASE_INITIATION_MILESTONE_20260819,2026-08-19,CASE_INITIATION_TO_MILESTONE,2026-08-19,GENERAL_NOTICE,41,False,,2026-09-29,0,0,0,1,,0,False,False,Nashik,Dindori,Varvandi,District Collectorate & Administration Nashik,RFCTLARR_2013,Rural Infrastructure,False,,,,,,,NOT_PUBLISHED_IN_GAZETTE,NOT_PUBLISHED_IN_STRUCTURED_DATA,NOT_APPLICABLE_IN_REAL_DATA,NOT_APPLICABLE_PRE_AWARD,UNPARSED_SCHEDULE_TABLE,UNPARSED_SCHEDULE_TABLE,NOT_PUBLISHED_IN_STRUCTURED_DATA,,NOT_APPLICABLE_PRE_SEC11
CAS_CLEAN_263,SNP_CAS_CLEAN_263_CASE_INITIATION_MILESTONE_20260819,2026-08-19,CASE_INITIATION_TO_MILESTONE,2026-05-21,GENERAL_NOTICE,41,False,,2026-09-29,90,90,90,1,,0,False,False,Solapur,Mohol and Uttar Solapur,,District Collectorate & Administration Solapur,RFCTLARR_2013,Rural Infrastructure,False,,,,,,,NOT_PUBLISHED_IN_GAZETTE,NOT_PUBLISHED_IN_STRUCTURED_DATA,NOT_APPLICABLE_IN_REAL_DATA,NOT_APPLICABLE_PRE_AWARD,UNPARSED_SCHEDULE_TABLE,UNPARSED_SCHEDULE_TABLE,NOT_PUBLISHED_IN_STRUCTURED_DATA,,NOT_APPLICABLE_PRE_SEC11
CAS_CLEAN_099,SNP_CAS_CLEAN_099_CASE_INITIATION_MILESTONE_20260822,2026-08-22,CASE_INITIATION_TO_MILESTONE,2024-08-22,GENERAL_NOTICE,38,False,,2026-09-29,730,730,730,1,,0,False,False,Nagpur,Nagpur,Nagpur,District Collectorate & Administration Nagpur,RFCTLARR_2013,Rural Infrastructure,False,,,,,,,NOT_PUBLISHED_IN_GAZETTE,NOT_PUBLISHED_IN_STRUCTURED_DATA,NOT_APPLICABLE_IN_REAL_DATA,NOT_APPLICABLE_PRE_AWARD,UNPARSED_SCHEDULE_TABLE,UNPARSED_SCHEDULE_TABLE,NOT_PUBLISHED_IN_STRUCTURED_DATA,,NOT_APPLICABLE_PRE_SEC11
CAS_CLEAN_128,SNP_CAS_CLEAN_128_CASE_INITIATION_MILESTONE_20260822,2026-08-22,CASE_INITIATION_TO_MILESTONE,2024-08-22,DIRECT_PURCHASE,38,False,,2026-09-29,730,730,730,1,,0,False,False,Nagpur,Kuhi,Ruyad,District Collectorate & Administration Nagpur,RFCTLARR_2013,Rural Infrastructure,True,,,,,,,NOT_PUBLISHED_IN_GAZETTE,NOT_PUBLISHED_IN_STRUCTURED_DATA,NOT_APPLICABLE_IN_REAL_DATA,NOT_APPLICABLE_PRE_AWARD,UNPARSED_SCHEDULE_TABLE,UNPARSED_SCHEDULE_TABLE,NOT_PUBLISHED_IN_STRUCTURED_DATA,,NOT_APPLICABLE_PRE_SEC11
CAS_CLEAN_046,SNP_CAS_CLEAN_046_CASE_INITIATION_MILESTONE_20260824,2026-08-24,CASE_INITIATION_TO_MILESTONE,2026-05-26,GENERAL_NOTICE,36,False,,2026-09-29,90,90,90,1,,0,False,False,Nagpur,Nagpur (City),Chinchbhuvan,District Collectorate & Administration Nagpur,RFCTLARR_2013,Rural Infrastructure,False,,,,,,,NOT_PUBLISHED_IN_GAZETTE,NOT_PUBLISHED_IN_STRUCTURED_DATA,NOT_APPLICABLE_IN_REAL_DATA,NOT_APPLICABLE_PRE_AWARD,UNPARSED_SCHEDULE_TABLE,UNPARSED_SCHEDULE_TABLE,NOT_PUBLISHED_IN_STRUCTURED_DATA,,NOT_APPLICABLE_PRE_SEC11
CAS_CLEAN_257,SNP_CAS_CLEAN_257_CASE_INITIATION_MILESTONE_20260825,2026-08-25,CASE_INITIATION_TO_MILESTONE,2026-08-25,SECTION_11,35,False,,2026-09-29,0,0,0,1,0.0,0,False,False,Pune,Haweli,Vadgaon Sheri,District Collectorate & Administration Pune,RAILWAYS_ACT_2008,Highway / Road Widening,False,,,,,,,NOT_PUBLISHED_IN_GAZETTE,NOT_PUBLISHED_IN_STRUCTURED_DATA,NOT_APPLICABLE_IN_REAL_DATA,NOT_APPLICABLE_PRE_AWARD,UNPARSED_SCHEDULE_TABLE,UNPARSED_SCHEDULE_TABLE,NOT_PUBLISHED_IN_STRUCTURED_DATA,,
CAS_CLEAN_265,SNP_CAS_CLEAN_265_CASE_INITIATION_MILESTONE_20260901,2026-09-01,CASE_INITIATION_TO_MILESTONE,2026-09-01,GENERAL_NOTICE,28,False,,2026-09-29,0,0,0,1,,0,False,False,Solapur,uka,,District Collectorate & Administration Solapur,RAILWAYS_ACT_2008,Railway Quadrupling,False,,,,,,,NOT_PUBLISHED_IN_GAZETTE,NOT_PUBLISHED_IN_STRUCTURED_DATA,NOT_APPLICABLE_IN_REAL_DATA,NOT_APPLICABLE_PRE_AWARD,UNPARSED_SCHEDULE_TABLE,UNPARSED_SCHEDULE_TABLE,NOT_PUBLISHED_IN_STRUCTURED_DATA,,NOT_APPLICABLE_PRE_SEC11
CAS_CLEAN_266,SNP_CAS_CLEAN_266_CASE_INITIATION_MILESTONE_20260901,2026-09-01,CASE_INITIATION_TO_MILESTONE,2026-09-01,GENERAL_NOTICE,28,False,,2026-09-29,0,0,0,1,,0,False,False,Solapur,uka,,District Collectorate & Administration Solapur,RAILWAYS_ACT_2008,Railway Quadrupling,False,,,,,,,NOT_PUBLISHED_IN_GAZETTE,NOT_PUBLISHED_IN_STRUCTURED_DATA,NOT_APPLICABLE_IN_REAL_DATA,NOT_APPLICABLE_PRE_AWARD,UNPARSED_SCHEDULE_TABLE,UNPARSED_SCHEDULE_TABLE,NOT_PUBLISHED_IN_STRUCTURED_DATA,,NOT_APPLICABLE_PRE_SEC11
CAS_CLEAN_137,SNP_CAS_CLEAN_137_CASE_INITIATION_MILESTONE_20260903,2026-09-03,CASE_INITIATION_TO_MILESTONE,2026-09-03,SECTION_11,26,False,,2026-09-29,0,0,0,1,0.0,0,False,False,Nagpur,Kuhi,Sawangi,District Collectorate & Administration Nagpur,RFCTLARR_2013,Rural Infrastructure,False,,,,,,,NOT_PUBLISHED_IN_GAZETTE,NOT_PUBLISHED_IN_STRUCTURED_DATA,NOT_APPLICABLE_IN_REAL_DATA,NOT_APPLICABLE_PRE_AWARD,UNPARSED_SCHEDULE_TABLE,UNPARSED_SCHEDULE_TABLE,NOT_PUBLISHED_IN_STRUCTURED_DATA,,
CAS_CLEAN_189,SNP_CAS_CLEAN_189_CASE_INITIATION_MILESTONE_20260903,2026-09-03,CASE_INITIATION_TO_MILESTONE,2025-09-03,GENERAL_NOTICE,26,False,,2026-09-29,365,365,365,1,,0,False,False,Pune,,,District Collectorate & Administration Pune,RFCTLARR_2013,Rural Infrastructure,False,,,,,,,NOT_PUBLISHED_IN_GAZETTE,NOT_PUBLISHED_IN_STRUCTURED_DATA,NOT_APPLICABLE_IN_REAL_DATA,NOT_APPLICABLE_PRE_AWARD,UNPARSED_SCHEDULE_TABLE,UNPARSED_SCHEDULE_TABLE,NOT_PUBLISHED_IN_STRUCTURED_DATA,,NOT_APPLICABLE_PRE_SEC11
CAS_CLEAN_253,SNP_CAS_CLEAN_253_CASE_INITIATION_MILESTONE_20260903,2026-09-03,CASE_INITIATION_TO_MILESTONE,2026-06-05,GENERAL_NOTICE,26,False,,2026-09-29,90,90,90,1,,0,False,False,Pune,Bhor,Parhar Khurd,District Collectorate & Administration Pune,RFCTLARR_2013,Irrigation / Canal,False,,,,,,,NOT_PUBLISHED_IN_GAZETTE,NOT_PUBLISHED_IN_STRUCTURED_DATA,NOT_APPLICABLE_IN_REAL_DATA,NOT_APPLICABLE_PRE_AWARD,UNPARSED_SCHEDULE_TABLE,UNPARSED_SCHEDULE_TABLE,NOT_PUBLISHED_IN_STRUCTURED_DATA,,NOT_APPLICABLE_PRE_SEC11
CAS_CLEAN_255,SNP_CAS_CLEAN_255_CASE_INITIATION_MILESTONE_20260903,2026-09-03,CASE_INITIATION_TO_MILESTONE,2026-06-05,GENERAL_NOTICE,26,False,,2026-09-29,90,80,80,2,,0,False,False,Pune,Bhor,Salav,District Collectorate & Administration Pune,RAILWAYS_ACT_2008,Irrigation / Canal,False,,,,,,,NOT_PUBLISHED_IN_GAZETTE,NOT_PUBLISHED_IN_STRUCTURED_DATA,NOT_APPLICABLE_IN_REAL_DATA,NOT_APPLICABLE_PRE_AWARD,UNPARSED_SCHEDULE_TABLE,UNPARSED_SCHEDULE_TABLE,NOT_PUBLISHED_IN_STRUCTURED_DATA,,NOT_APPLICABLE_PRE_SEC11
CAS_CLEAN_186,SNP_CAS_CLEAN_186_CASE_INITIATION_MILESTONE_20260904,2026-09-04,CASE_INITIATION_TO_MILESTONE,2026-09-04,GENERAL_NOTICE,25,False,,2026-09-29,0,0,0,1,,0,False,False,Pune,,,District Collectorate & Administration Pune,RFCTLARR_2013,Metro Rail,False,,,,,,,NOT_PUBLISHED_IN_GAZETTE,NOT_PUBLISHED_IN_STRUCTURED_DATA,NOT_APPLICABLE_IN_REAL_DATA,NOT_APPLICABLE_PRE_AWARD,UNPARSED_SCHEDULE_TABLE,UNPARSED_SCHEDULE_TABLE,NOT_PUBLISHED_IN_STRUCTURED_DATA,,NOT_APPLICABLE_PRE_SEC11
CAS_CLEAN_181,SNP_CAS_CLEAN_181_CASE_INITIATION_MILESTONE_20260905,2026-09-05,CASE_INITIATION_TO_MILESTONE,2026-03-09,GENERAL_NOTICE,24,False,,2026-09-29,180,180,180,1,,0,False,False,Pune,Haveli,Balewadi,District Collectorate & Administration Pune,RFCTLARR_2013,Highway / Road Widening,False,,,,,,,NOT_PUBLISHED_IN_GAZETTE,NOT_PUBLISHED_IN_STRUCTURED_DATA,NOT_APPLICABLE_IN_REAL_DATA,NOT_APPLICABLE_PRE_AWARD,UNPARSED_SCHEDULE_TABLE,UNPARSED_SCHEDULE_TABLE,NOT_PUBLISHED_IN_STRUCTURED_DATA,,NOT_APPLICABLE_PRE_SEC11
CAS_CLEAN_118,SNP_CAS_CLEAN_118_CASE_INITIATION_MILESTONE_20260907,2026-09-07,CASE_INITIATION_TO_MILESTONE,2026-09-07,SECTION_11,22,False,,2026-09-29,0,0,0,1,0.0,0,False,False,Nagpur,Bhivapur,Pullar,District Collectorate & Administration Nagpur,RFCTLARR_2013,Rural Infrastructure,False,,,,,,,NOT_PUBLISHED_IN_GAZETTE,NOT_PUBLISHED_IN_STRUCTURED_DATA,NOT_APPLICABLE_IN_REAL_DATA,NOT_APPLICABLE_PRE_AWARD,UNPARSED_SCHEDULE_TABLE,UNPARSED_SCHEDULE_TABLE,NOT_PUBLISHED_IN_STRUCTURED_DATA,,
CAS_CLEAN_259,SNP_CAS_CLEAN_259_CASE_INITIATION_MILESTONE_20260908,2026-09-08,CASE_INITIATION_TO_MILESTONE,2025-12-12,SECTION_11,21,False,,2026-09-29,270,270,270,1,0.7397,0,False,False,Solapur,Malshiras,,District Collectorate & Administration Solapur,RFCTLARR_2013,Rural Infrastructure,False,,,,,,,NOT_PUBLISHED_IN_GAZETTE,NOT_PUBLISHED_IN_STRUCTURED_DATA,NOT_APPLICABLE_IN_REAL_DATA,NOT_APPLICABLE_PRE_AWARD,UNPARSED_SCHEDULE_TABLE,UNPARSED_SCHEDULE_TABLE,NOT_PUBLISHED_IN_STRUCTURED_DATA,,
CAS_CLEAN_184,SNP_CAS_CLEAN_184_CASE_INITIATION_MILESTONE_20260910,2026-09-10,CASE_INITIATION_TO_MILESTONE,2026-09-10,GENERAL_NOTICE,19,False,,2026-09-29,0,0,0,1,,0,False,False,Pune,Haveli,Borhadewadi,District Collectorate & Administration Pune,RFCTLARR_2013,Highway / Road Widening,False,,,,,,,NOT_PUBLISHED_IN_GAZETTE,NOT_PUBLISHED_IN_STRUCTURED_DATA,NOT_APPLICABLE_IN_REAL_DATA,NOT_APPLICABLE_PRE_AWARD,UNPARSED_SCHEDULE_TABLE,UNPARSED_SCHEDULE_TABLE,NOT_PUBLISHED_IN_STRUCTURED_DATA,,NOT_APPLICABLE_PRE_SEC11
CAS_CLEAN_245,SNP_CAS_CLEAN_245_CASE_INITIATION_MILESTONE_20260910,2026-09-10,CASE_INITIATION_TO_MILESTONE,2025-09-10,GENERAL_NOTICE,19,False,,2026-09-29,365,365,365,1,,0,False,False,Pune,,Lonikand,District Collectorate & Administration Pune,RFCTLARR_2013,Rural Infrastructure,False,,,,,,,NOT_PUBLISHED_IN_GAZETTE,NOT_PUBLISHED_IN_STRUCTURED_DATA,NOT_APPLICABLE_IN_REAL_DATA,NOT_APPLICABLE_PRE_AWARD,UNPARSED_SCHEDULE_TABLE,UNPARSED_SCHEDULE_TABLE,NOT_PUBLISHED_IN_STRUCTURED_DATA,,NOT_APPLICABLE_PRE_SEC11
CAS_CLEAN_248,SNP_CAS_CLEAN_248_CASE_INITIATION_MILESTONE_20260910,2026-09-10,CASE_INITIATION_TO_MILESTONE,2026-09-10,GENERAL_NOTICE,19,False,,2026-09-29,0,0,0,1,,0,False,False,Pune,Haveli,Moshi,District Collectorate & Administration Pune,RFCTLARR_2013,Highway / Road Widening,False,,,,,,,NOT_PUBLISHED_IN_GAZETTE,NOT_PUBLISHED_IN_STRUCTURED_DATA,NOT_APPLICABLE_IN_REAL_DATA,NOT_APPLICABLE_PRE_AWARD,UNPARSED_SCHEDULE_TABLE,UNPARSED_SCHEDULE_TABLE,NOT_PUBLISHED_IN_STRUCTURED_DATA,,NOT_APPLICABLE_PRE_SEC11
CAS_CLEAN_254,SNP_CAS_CLEAN_254_CASE_INITIATION_MILESTONE_20260910,2026-09-10,CASE_INITIATION_TO_MILESTONE,2026-09-10,GENERAL_NOTICE,19,False,,2026-09-29,0,0,0,1,,0,False,False,Pune,,,District Collectorate & Administration Pune,RFCTLARR_2013,Highway / Road Widening,False,,,,,,,NOT_PUBLISHED_IN_GAZETTE,NOT_PUBLISHED_IN_STRUCTURED_DATA,NOT_APPLICABLE_IN_REAL_DATA,NOT_APPLICABLE_PRE_AWARD,UNPARSED_SCHEDULE_TABLE,UNPARSED_SCHEDULE_TABLE,NOT_PUBLISHED_IN_STRUCTURED_DATA,,NOT_APPLICABLE_PRE_SEC11
CAS_CLEAN_074,SNP_CAS_CLEAN_074_CASE_INITIATION_MILESTONE_20260911,2026-09-11,CASE_INITIATION_TO_MILESTONE,2026-09-11,SECTION_11,18,False,,2026-09-29,0,0,0,1,0.0,0,False,False,Nagpur,Nagpur (Gramin),Kiranpur,District Collectorate & Administration Nagpur,RFCTLARR_2013,Rural Infrastructure,False,,,,,,,NOT_PUBLISHED_IN_GAZETTE,NOT_PUBLISHED_IN_STRUCTURED_DATA,NOT_APPLICABLE_IN_REAL_DATA,NOT_APPLICABLE_PRE_AWARD,UNPARSED_SCHEDULE_TABLE,UNPARSED_SCHEDULE_TABLE,NOT_PUBLISHED_IN_STRUCTURED_DATA,,
CAS_CLEAN_244,SNP_CAS_CLEAN_244_CASE_INITIATION_MILESTONE_20260917,2026-09-17,CASE_INITIATION_TO_MILESTONE,2025-09-17,GENERAL_NOTICE,12,False,,2026-09-29,365,365,365,1,,0,False,False,Pune,,Lonikand,District Collectorate & Administration Pune,RFCTLARR_2013,Rural Infrastructure,False,,,,,,,NOT_PUBLISHED_IN_GAZETTE,NOT_PUBLISHED_IN_STRUCTURED_DATA,NOT_APPLICABLE_IN_REAL_DATA,NOT_APPLICABLE_PRE_AWARD,UNPARSED_SCHEDULE_TABLE,UNPARSED_SCHEDULE_TABLE,NOT_PUBLISHED_IN_STRUCTURED_DATA,,NOT_APPLICABLE_PRE_SEC11
CAS_CLEAN_133,SNP_CAS_CLEAN_133_CASE_INITIATION_MILESTONE_20260919,2026-09-19,CASE_INITIATION_TO_MILESTONE,2025-09-19,SECTION_21,10,False,,2026-09-29,365,243,243,2,,0,False,False,Nagpur,Kuhi,Savargao,District Collectorate & Administration Nagpur,RFCTLARR_2013,Rural Infrastructure,False,,,,,,,NOT_PUBLISHED_IN_GAZETTE,NOT_PUBLISHED_IN_STRUCTURED_DATA,NOT_APPLICABLE_IN_REAL_DATA,NOT_APPLICABLE_PRE_AWARD,UNPARSED_SCHEDULE_TABLE,UNPARSED_SCHEDULE_TABLE,NOT_PUBLISHED_IN_STRUCTURED_DATA,,NOT_APPLICABLE_PRE_SEC11
CAS_CLEAN_115,SNP_CAS_CLEAN_115_CASE_INITIATION_MILESTONE_20260921,2026-09-21,CASE_INITIATION_TO_MILESTONE,2026-06-23,GENERAL_NOTICE,8,False,,2026-09-29,90,90,90,1,,0,False,False,Nagpur,uka,,District Collectorate & Administration Nagpur,RFCTLARR_2013,Ring Road,False,,,,,,,NOT_PUBLISHED_IN_GAZETTE,NOT_PUBLISHED_IN_STRUCTURED_DATA,NOT_APPLICABLE_IN_REAL_DATA,NOT_APPLICABLE_PRE_AWARD,UNPARSED_SCHEDULE_TABLE,UNPARSED_SCHEDULE_TABLE,NOT_PUBLISHED_IN_STRUCTURED_DATA,,NOT_APPLICABLE_PRE_SEC11
CAS_CLEAN_116,SNP_CAS_CLEAN_116_CASE_INITIATION_MILESTONE_20260921,2026-09-21,CASE_INITIATION_TO_MILESTONE,2026-06-23,GENERAL_NOTICE,8,False,,2026-09-29,90,90,90,1,,0,False,False,Nagpur,uka,,District Collectorate & Administration Nagpur,RFCTLARR_2013,Ring Road,False,,,,,,,NOT_PUBLISHED_IN_GAZETTE,NOT_PUBLISHED_IN_STRUCTURED_DATA,NOT_APPLICABLE_IN_REAL_DATA,NOT_APPLICABLE_PRE_AWARD,UNPARSED_SCHEDULE_TABLE,UNPARSED_SCHEDULE_TABLE,NOT_PUBLISHED_IN_STRUCTURED_DATA,,NOT_APPLICABLE_PRE_SEC11
CAS_CLEAN_048,SNP_CAS_CLEAN_048_CASE_INITIATION_MILESTONE_20260922,2026-09-22,CASE_INITIATION_TO_MILESTONE,2026-09-22,SECTION_11,7,False,,2026-09-29,0,0,0,1,0.0,0,False,False,Nagpur,Umred,Dahegaon,District Collectorate & Administration Nagpur,RFCTLARR_2013,Rural Infrastructure,False,,,,,,,NOT_PUBLISHED_IN_GAZETTE,NOT_PUBLISHED_IN_STRUCTURED_DATA,NOT_APPLICABLE_IN_REAL_DATA,NOT_APPLICABLE_PRE_AWARD,UNPARSED_SCHEDULE_TABLE,UNPARSED_SCHEDULE_TABLE,NOT_PUBLISHED_IN_STRUCTURED_DATA,,
CAS_CLEAN_049,SNP_CAS_CLEAN_049_CASE_INITIATION_MILESTONE_20260922,2026-09-22,CASE_INITIATION_TO_MILESTONE,2026-09-22,SECTION_11,7,False,,2026-09-29,0,0,0,1,0.0,0,False,False,Nagpur,Umred,Davha,District Collectorate & Administration Nagpur,RFCTLARR_2013,Rural Infrastructure,False,,,,,,,NOT_PUBLISHED_IN_GAZETTE,NOT_PUBLISHED_IN_STRUCTURED_DATA,NOT_APPLICABLE_IN_REAL_DATA,NOT_APPLICABLE_PRE_AWARD,UNPARSED_SCHEDULE_TABLE,UNPARSED_SCHEDULE_TABLE,NOT_PUBLISHED_IN_STRUCTURED_DATA,,
CAS_CLEAN_055,SNP_CAS_CLEAN_055_CASE_INITIATION_MILESTONE_20260922,2026-09-22,CASE_INITIATION_TO_MILESTONE,2026-09-22,SECTION_11,7,False,,2026-09-29,0,0,0,1,0.0,0,False,False,Nagpur,Umred,Dudha,District Collectorate & Administration Nagpur,RFCTLARR_2013,Rural Infrastructure,False,,,,,,,NOT_PUBLISHED_IN_GAZETTE,NOT_PUBLISHED_IN_STRUCTURED_DATA,NOT_APPLICABLE_IN_REAL_DATA,NOT_APPLICABLE_PRE_AWARD,UNPARSED_SCHEDULE_TABLE,UNPARSED_SCHEDULE_TABLE,NOT_PUBLISHED_IN_STRUCTURED_DATA,,
CAS_CLEAN_056,SNP_CAS_CLEAN_056_CASE_INITIATION_MILESTONE_20260922,2026-09-22,CASE_INITIATION_TO_MILESTONE,2026-09-22,SECTION_11,7,False,,2026-09-29,0,0,0,1,0.0,0,False,False,Nagpur,Umred,Garamsur (Rithi),District Collectorate & Administration Nagpur,RFCTLARR_2013,Rural Infrastructure,False,,,,,,,NOT_PUBLISHED_IN_GAZETTE,NOT_PUBLISHED_IN_STRUCTURED_DATA,NOT_APPLICABLE_IN_REAL_DATA,NOT_APPLICABLE_PRE_AWARD,UNPARSED_SCHEDULE_TABLE,UNPARSED_SCHEDULE_TABLE,NOT_PUBLISHED_IN_STRUCTURED_DATA,,
CAS_CLEAN_066,SNP_CAS_CLEAN_066_CASE_INITIATION_MILESTONE_20260922,2026-09-22,CASE_INITIATION_TO_MILESTONE,2026-09-22,SECTION_11,7,False,,2026-09-29,0,0,0,1,0.0,0,False,False,Nagpur,Umred,Jambhalapani,District Collectorate & Administration Nagpur,RFCTLARR_2013,Rural Infrastructure,False,,,,,,,NOT_PUBLISHED_IN_GAZETTE,NOT_PUBLISHED_IN_STRUCTURED_DATA,NOT_APPLICABLE_IN_REAL_DATA,NOT_APPLICABLE_PRE_AWARD,UNPARSED_SCHEDULE_TABLE,UNPARSED_SCHEDULE_TABLE,NOT_PUBLISHED_IN_STRUCTURED_DATA,,
CAS_CLEAN_138,SNP_CAS_CLEAN_138_CASE_INITIATION_MILESTONE_20260922,2026-09-22,CASE_INITIATION_TO_MILESTONE,2026-09-22,SECTION_11,7,False,,2026-09-29,0,0,0,1,0.0,0,False,False,Nagpur,Umred,Sayki,District Collectorate & Administration Nagpur,RFCTLARR_2013,Rural Infrastructure,False,,,,,,,NOT_PUBLISHED_IN_GAZETTE,NOT_PUBLISHED_IN_STRUCTURED_DATA,NOT_APPLICABLE_IN_REAL_DATA,NOT_APPLICABLE_PRE_AWARD,UNPARSED_SCHEDULE_TABLE,UNPARSED_SCHEDULE_TABLE,NOT_PUBLISHED_IN_STRUCTURED_DATA,,
CAS_CLEAN_158,SNP_CAS_CLEAN_158_CASE_INITIATION_MILESTONE_20260922,2026-09-22,CASE_INITIATION_TO_MILESTONE,2026-09-22,SECTION_11,7,False,,2026-09-29,0,0,0,1,0.0,0,False,False,Nagpur,Umred,Wagholi (Rithi),District Collectorate & Administration Nagpur,RFCTLARR_2013,Rural Infrastructure,False,,,,,,,NOT_PUBLISHED_IN_GAZETTE,NOT_PUBLISHED_IN_STRUCTURED_DATA,NOT_APPLICABLE_IN_REAL_DATA,NOT_APPLICABLE_PRE_AWARD,UNPARSED_SCHEDULE_TABLE,UNPARSED_SCHEDULE_TABLE,NOT_PUBLISHED_IN_STRUCTURED_DATA,,
CAS_CLEAN_243,SNP_CAS_CLEAN_243_CASE_INITIATION_MILESTONE_20260925,2026-09-25,CASE_INITIATION_TO_MILESTONE,2025-09-25,GENERAL_NOTICE,4,False,,2026-09-29,365,365,365,1,,0,False,False,Pune,,Lonikand,District Collectorate & Administration Pune,RFCTLARR_2013,Rural Infrastructure,False,,,,,,,NOT_PUBLISHED_IN_GAZETTE,NOT_PUBLISHED_IN_STRUCTURED_DATA,NOT_APPLICABLE_IN_REAL_DATA,NOT_APPLICABLE_PRE_AWARD,UNPARSED_SCHEDULE_TABLE,UNPARSED_SCHEDULE_TABLE,NOT_PUBLISHED_IN_STRUCTURED_DATA,,NOT_APPLICABLE_PRE_SEC11
CAS_CLEAN_180,SNP_CAS_CLEAN_180_CASE_INITIATION_MILESTONE_20260927,2026-09-27,CASE_INITIATION_TO_MILESTONE,2026-06-29,GENERAL_NOTICE,2,False,,2026-09-29,90,90,90,1,,0,False,False,Pune,Mulshi,Ambadvet,District Collectorate & Administration Pune,RFCTLARR_2013,Rural Infrastructure,False,,,,,,,NOT_PUBLISHED_IN_GAZETTE,NOT_PUBLISHED_IN_STRUCTURED_DATA,NOT_APPLICABLE_IN_REAL_DATA,NOT_APPLICABLE_PRE_AWARD,UNPARSED_SCHEDULE_TABLE,UNPARSED_SCHEDULE_TABLE,NOT_PUBLISHED_IN_STRUCTURED_DATA,,NOT_APPLICABLE_PRE_SEC11
CAS_CLEAN_029,SNP_CAS_CLEAN_029_S11_S19_20240227,2024-02-27,SECTION_11_TO_SECTION_19,2024-02-27,SECTION_11,945,False,,2026-09-29,0,0,0,1,0.0,0,False,False,Nagpur,Nagpur(City),,District Collectorate & Administration Nagpur,RFCTLARR_2013,Rural Infrastructure,False,,,,,,,NOT_PUBLISHED_IN_GAZETTE,NOT_PUBLISHED_IN_STRUCTURED_DATA,NOT_APPLICABLE_IN_REAL_DATA,NOT_APPLICABLE_PRE_AWARD,UNPARSED_SCHEDULE_TABLE,UNPARSED_SCHEDULE_TABLE,NOT_PUBLISHED_IN_STRUCTURED_DATA,,
CAS_CLEAN_039,SNP_CAS_CLEAN_039_S11_S19_20240314,2024-03-14,SECTION_11_TO_SECTION_19,2024-03-14,SECTION_11,929,False,,2026-09-29,0,0,0,1,0.0,0,False,False,Nagpur,Kuhi,chapegadi(Rithi),District Collectorate & Administration Nagpur,RFCTLARR_2013,Rural Infrastructure,False,,,,,,,NOT_PUBLISHED_IN_GAZETTE,NOT_PUBLISHED_IN_STRUCTURED_DATA,NOT_APPLICABLE_IN_REAL_DATA,NOT_APPLICABLE_PRE_AWARD,UNPARSED_SCHEDULE_TABLE,UNPARSED_SCHEDULE_TABLE,NOT_PUBLISHED_IN_STRUCTURED_DATA,,
CAS_CLEAN_041,SNP_CAS_CLEAN_041_S11_S19_20240314,2024-03-14,SECTION_11_TO_SECTION_19,2024-03-14,SECTION_11,929,False,,2026-09-29,0,0,0,1,0.0,0,False,False,Nagpur,Kuhi,Chapeghat (Rithi),District Collectorate & Administration Nagpur,RFCTLARR_2013,Rural Infrastructure,False,,,,,,,NOT_PUBLISHED_IN_GAZETTE,NOT_PUBLISHED_IN_STRUCTURED_DATA,NOT_APPLICABLE_IN_REAL_DATA,NOT_APPLICABLE_PRE_AWARD,UNPARSED_SCHEDULE_TABLE,UNPARSED_SCHEDULE_TABLE,NOT_PUBLISHED_IN_STRUCTURED_DATA,,
CAS_CLEAN_136,SNP_CAS_CLEAN_136_S11_S19_20240314,2024-03-14,SECTION_11_TO_SECTION_19,2024-03-14,SECTION_11,929,False,,2026-09-29,0,0,0,1,0.0,0,False,False,Nagpur,Kuhi,Sawangi,District Collectorate & Administration Nagpur,RFCTLARR_2013,Rural Infrastructure,False,,,,,,,NOT_PUBLISHED_IN_GAZETTE,NOT_PUBLISHED_IN_STRUCTURED_DATA,NOT_APPLICABLE_IN_REAL_DATA,NOT_APPLICABLE_PRE_AWARD,UNPARSED_SCHEDULE_TABLE,UNPARSED_SCHEDULE_TABLE,NOT_PUBLISHED_IN_STRUCTURED_DATA,,
CAS_CLEAN_029,SNP_CAS_CLEAN_029_S11_S19_20240527,2024-05-27,SECTION_11_TO_SECTION_19,2024-02-27,SECTION_11,855,False,,2026-09-29,90,90,90,1,0.2466,0,False,False,Nagpur,Nagpur(City),,District Collectorate & Administration Nagpur,RFCTLARR_2013,Rural Infrastructure,False,,,,,,,NOT_PUBLISHED_IN_GAZETTE,NOT_PUBLISHED_IN_STRUCTURED_DATA,NOT_APPLICABLE_IN_REAL_DATA,NOT_APPLICABLE_PRE_AWARD,UNPARSED_SCHEDULE_TABLE,UNPARSED_SCHEDULE_TABLE,NOT_PUBLISHED_IN_STRUCTURED_DATA,,
CAS_CLEAN_039,SNP_CAS_CLEAN_039_S11_S19_20240612,2024-06-12,SECTION_11_TO_SECTION_19,2024-03-14,SECTION_11,839,False,,2026-09-29,90,90,90,1,0.2466,0,False,False,Nagpur,Kuhi,chapegadi(Rithi),District Collectorate & Administration Nagpur,RFCTLARR_2013,Rural Infrastructure,False,,,,,,,NOT_PUBLISHED_IN_GAZETTE,NOT_PUBLISHED_IN_STRUCTURED_DATA,NOT_APPLICABLE_IN_REAL_DATA,NOT_APPLICABLE_PRE_AWARD,UNPARSED_SCHEDULE_TABLE,UNPARSED_SCHEDULE_TABLE,NOT_PUBLISHED_IN_STRUCTURED_DATA,,
CAS_CLEAN_041,SNP_CAS_CLEAN_041_S11_S19_20240612,2024-06-12,SECTION_11_TO_SECTION_19,2024-03-14,SECTION_11,839,False,,2026-09-29,90,90,90,1,0.2466,0,False,False,Nagpur,Kuhi,Chapeghat (Rithi),District Collectorate & Administration Nagpur,RFCTLARR_2013,Rural Infrastructure,False,,,,,,,NOT_PUBLISHED_IN_GAZETTE,NOT_PUBLISHED_IN_STRUCTURED_DATA,NOT_APPLICABLE_IN_REAL_DATA,NOT_APPLICABLE_PRE_AWARD,UNPARSED_SCHEDULE_TABLE,UNPARSED_SCHEDULE_TABLE,NOT_PUBLISHED_IN_STRUCTURED_DATA,,
CAS_CLEAN_136,SNP_CAS_CLEAN_136_S11_S19_20240612,2024-06-12,SECTION_11_TO_SECTION_19,2024-03-14,SECTION_11,839,False,,2026-09-29,90,90,90,1,0.2466,0,False,False,Nagpur,Kuhi,Sawangi,District Collectorate & Administration Nagpur,RFCTLARR_2013,Rural Infrastructure,False,,,,,,,NOT_PUBLISHED_IN_GAZETTE,NOT_PUBLISHED_IN_STRUCTURED_DATA,NOT_APPLICABLE_IN_REAL_DATA,NOT_APPLICABLE_PRE_AWARD,UNPARSED_SCHEDULE_TABLE,UNPARSED_SCHEDULE_TABLE,NOT_PUBLISHED_IN_STRUCTURED_DATA,,
CAS_CLEAN_140,SNP_CAS_CLEAN_140_S11_S19_20240808,2024-08-08,SECTION_11_TO_SECTION_19,2024-08-08,SECTION_11,782,False,,2026-09-29,0,0,0,1,0.0,0,False,False,Nagpur,Nagpur (City),Shivangaon,District Collectorate & Administration Nagpur,RFCTLARR_2013,Rural Infrastructure,False,,,,,,,NOT_PUBLISHED_IN_GAZETTE,NOT_PUBLISHED_IN_STRUCTURED_DATA,NOT_APPLICABLE_IN_REAL_DATA,NOT_APPLICABLE_PRE_AWARD,UNPARSED_SCHEDULE_TABLE,UNPARSED_SCHEDULE_TABLE,NOT_PUBLISHED_IN_STRUCTURED_DATA,,
CAS_CLEAN_029,SNP_CAS_CLEAN_029_S11_S19_20240825,2024-08-25,SECTION_11_TO_SECTION_19,2024-02-27,SECTION_11,765,False,,2026-09-29,180,180,180,1,0.4932,0,False,False,Nagpur,Nagpur(City),,District Collectorate & Administration Nagpur,RFCTLARR_2013,Rural Infrastructure,False,,,,,,,NOT_PUBLISHED_IN_GAZETTE,NOT_PUBLISHED_IN_STRUCTURED_DATA,NOT_APPLICABLE_IN_REAL_DATA,NOT_APPLICABLE_PRE_AWARD,UNPARSED_SCHEDULE_TABLE,UNPARSED_SCHEDULE_TABLE,NOT_PUBLISHED_IN_STRUCTURED_DATA,,
CAS_CLEAN_039,SNP_CAS_CLEAN_039_S11_S19_20240910,2024-09-10,SECTION_11_TO_SECTION_19,2024-03-14,SECTION_11,749,False,,2026-09-29,180,180,180,1,0.4932,0,False,False,Nagpur,Kuhi,chapegadi(Rithi),District Collectorate & Administration Nagpur,RFCTLARR_2013,Rural Infrastructure,False,,,,,,,NOT_PUBLISHED_IN_GAZETTE,NOT_PUBLISHED_IN_STRUCTURED_DATA,NOT_APPLICABLE_IN_REAL_DATA,NOT_APPLICABLE_PRE_AWARD,UNPARSED_SCHEDULE_TABLE,UNPARSED_SCHEDULE_TABLE,NOT_PUBLISHED_IN_STRUCTURED_DATA,,
CAS_CLEAN_041,SNP_CAS_CLEAN_041_S11_S19_20240910,2024-09-10,SECTION_11_TO_SECTION_19,2024-03-14,SECTION_11,749,False,,2026-09-29,180,180,180,1,0.4932,0,False,False,Nagpur,Kuhi,Chapeghat (Rithi),District Collectorate & Administration Nagpur,RFCTLARR_2013,Rural Infrastructure,False,,,,,,,NOT_PUBLISHED_IN_GAZETTE,NOT_PUBLISHED_IN_STRUCTURED_DATA,NOT_APPLICABLE_IN_REAL_DATA,NOT_APPLICABLE_PRE_AWARD,UNPARSED_SCHEDULE_TABLE,UNPARSED_SCHEDULE_TABLE,NOT_PUBLISHED_IN_STRUCTURED_DATA,,
CAS_CLEAN_136,SNP_CAS_CLEAN_136_S11_S19_20240910,2024-09-10,SECTION_11_TO_SECTION_19,2024-03-14,SECTION_11,749,False,,2026-09-29,180,180,180,1,0.4932,0,False,False,Nagpur,Kuhi,Sawangi,District Collectorate & Administration Nagpur,RFCTLARR_2013,Rural Infrastructure,False,,,,,,,NOT_PUBLISHED_IN_GAZETTE,NOT_PUBLISHED_IN_STRUCTURED_DATA,NOT_APPLICABLE_IN_REAL_DATA,NOT_APPLICABLE_PRE_AWARD,UNPARSED_SCHEDULE_TABLE,UNPARSED_SCHEDULE_TABLE,NOT_PUBLISHED_IN_STRUCTURED_DATA,,
CAS_CLEAN_140,SNP_CAS_CLEAN_140_S11_S19_20241106,2024-11-06,SECTION_11_TO_SECTION_19,2024-08-08,SECTION_11,692,False,,2026-09-29,90,90,90,1,0.2466,0,False,False,Nagpur,Nagpur (City),Shivangaon,District Collectorate & Administration Nagpur,RFCTLARR_2013,Rural Infrastructure,False,,,,,,,NOT_PUBLISHED_IN_GAZETTE,NOT_PUBLISHED_IN_STRUCTURED_DATA,NOT_APPLICABLE_IN_REAL_DATA,NOT_APPLICABLE_PRE_AWARD,UNPARSED_SCHEDULE_TABLE,UNPARSED_SCHEDULE_TABLE,NOT_PUBLISHED_IN_STRUCTURED_DATA,,
CAS_CLEAN_029,SNP_CAS_CLEAN_029_S11_S19_20241123,2024-11-23,SECTION_11_TO_SECTION_19,2024-02-27,SECTION_11,675,False,,2026-09-29,270,270,270,1,0.7397,0,False,False,Nagpur,Nagpur(City),,District Collectorate & Administration Nagpur,RFCTLARR_2013,Rural Infrastructure,False,,,,,,,NOT_PUBLISHED_IN_GAZETTE,NOT_PUBLISHED_IN_STRUCTURED_DATA,NOT_APPLICABLE_IN_REAL_DATA,NOT_APPLICABLE_PRE_AWARD,UNPARSED_SCHEDULE_TABLE,UNPARSED_SCHEDULE_TABLE,NOT_PUBLISHED_IN_STRUCTURED_DATA,,
CAS_CLEAN_039,SNP_CAS_CLEAN_039_S11_S19_20241209,2024-12-09,SECTION_11_TO_SECTION_19,2024-03-14,SECTION_11,659,False,,2026-09-29,270,270,270,1,0.7397,0,False,False,Nagpur,Kuhi,chapegadi(Rithi),District Collectorate & Administration Nagpur,RFCTLARR_2013,Rural Infrastructure,False,,,,,,,NOT_PUBLISHED_IN_GAZETTE,NOT_PUBLISHED_IN_STRUCTURED_DATA,NOT_APPLICABLE_IN_REAL_DATA,NOT_APPLICABLE_PRE_AWARD,UNPARSED_SCHEDULE_TABLE,UNPARSED_SCHEDULE_TABLE,NOT_PUBLISHED_IN_STRUCTURED_DATA,,
CAS_CLEAN_041,SNP_CAS_CLEAN_041_S11_S19_20241209,2024-12-09,SECTION_11_TO_SECTION_19,2024-03-14,SECTION_11,659,False,,2026-09-29,270,270,270,1,0.7397,0,False,False,Nagpur,Kuhi,Chapeghat (Rithi),District Collectorate & Administration Nagpur,RFCTLARR_2013,Rural Infrastructure,False,,,,,,,NOT_PUBLISHED_IN_GAZETTE,NOT_PUBLISHED_IN_STRUCTURED_DATA,NOT_APPLICABLE_IN_REAL_DATA,NOT_APPLICABLE_PRE_AWARD,UNPARSED_SCHEDULE_TABLE,UNPARSED_SCHEDULE_TABLE,NOT_PUBLISHED_IN_STRUCTURED_DATA,,
CAS_CLEAN_136,SNP_CAS_CLEAN_136_S11_S19_20241209,2024-12-09,SECTION_11_TO_SECTION_19,2024-03-14,SECTION_11,659,False,,2026-09-29,270,270,270,1,0.7397,0,False,False,Nagpur,Kuhi,Sawangi,District Collectorate & Administration Nagpur,RFCTLARR_2013,Rural Infrastructure,False,,,,,,,NOT_PUBLISHED_IN_GAZETTE,NOT_PUBLISHED_IN_STRUCTURED_DATA,NOT_APPLICABLE_IN_REAL_DATA,NOT_APPLICABLE_PRE_AWARD,UNPARSED_SCHEDULE_TABLE,UNPARSED_SCHEDULE_TABLE,NOT_PUBLISHED_IN_STRUCTURED_DATA,,
CAS_CLEAN_009,SNP_CAS_CLEAN_009_S11_S19_20250114,2025-01-14,SECTION_11_TO_SECTION_19,2025-01-14,SECTION_11,623,False,,2026-09-29,0,0,0,1,0.0,0,False,False,Nagpur,Narkhed,Belona,District Collectorate & Administration Nagpur,RFCTLARR_2013,Rural Infrastructure,False,,,,,,,NOT_PUBLISHED_IN_GAZETTE,NOT_PUBLISHED_IN_STRUCTURED_DATA,NOT_APPLICABLE_IN_REAL_DATA,NOT_APPLICABLE_PRE_AWARD,UNPARSED_SCHEDULE_TABLE,UNPARSED_SCHEDULE_TABLE,NOT_PUBLISHED_IN_STRUCTURED_DATA,,
CAS_CLEAN_064,SNP_CAS_CLEAN_064_S11_S19_20250114,2025-01-14,SECTION_11_TO_SECTION_19,2025-01-14,SECTION_11,623,False,,2026-09-29,0,0,0,1,0.0,0,False,False,Nagpur,Kuhi,Hardoli,District Collectorate & Administration Nagpur,RFCTLARR_2013,Rural Infrastructure,False,,,,,,,NOT_PUBLISHED_IN_GAZETTE,NOT_PUBLISHED_IN_STRUCTURED_DATA,NOT_APPLICABLE_IN_REAL_DATA,NOT_APPLICABLE_PRE_AWARD,UNPARSED_SCHEDULE_TABLE,UNPARSED_SCHEDULE_TABLE,NOT_PUBLISHED_IN_STRUCTURED_DATA,,
CAS_CLEAN_120,SNP_CAS_CLEAN_120_S11_S19_20250114,2025-01-14,SECTION_11_TO_SECTION_19,2025-01-14,SECTION_11,623,False,,2026-09-29,0,0,0,1,0.0,0,False,False,Nagpur,Kuhi,Rajola,District Collectorate & Administration Nagpur,RFCTLARR_2013,Rural Infrastructure,False,,,,,,,NOT_PUBLISHED_IN_GAZETTE,NOT_PUBLISHED_IN_STRUCTURED_DATA,NOT_APPLICABLE_IN_REAL_DATA,NOT_APPLICABLE_PRE_AWARD,UNPARSED_SCHEDULE_TABLE,UNPARSED_SCHEDULE_TABLE,NOT_PUBLISHED_IN_STRUCTURED_DATA,,
CAS_CLEAN_054,SNP_CAS_CLEAN_054_S11_S19_20250122,2025-01-22,SECTION_11_TO_SECTION_19,2025-01-22,SECTION_11,615,False,,2026-09-29,0,0,0,1,0.0,0,False,False,Nagpur,,,District Collectorate & Administration Nagpur,RFCTLARR_2013,Rural Infrastructure,False,,,,,,,NOT_PUBLISHED_IN_GAZETTE,NOT_PUBLISHED_IN_STRUCTURED_DATA,NOT_APPLICABLE_IN_REAL_DATA,NOT_APPLICABLE_PRE_AWARD,UNPARSED_SCHEDULE_TABLE,UNPARSED_SCHEDULE_TABLE,NOT_PUBLISHED_IN_STRUCTURED_DATA,,
CAS_CLEAN_140,SNP_CAS_CLEAN_140_S11_S19_20250204,2025-02-04,SECTION_11_TO_SECTION_19,2024-08-08,SECTION_11,602,False,,2026-09-29,180,180,180,1,0.4932,0,False,False,Nagpur,Nagpur (City),Shivangaon,District Collectorate & Administration Nagpur,RFCTLARR_2013,Rural Infrastructure,False,,,,,,,NOT_PUBLISHED_IN_GAZETTE,NOT_PUBLISHED_IN_STRUCTURED_DATA,NOT_APPLICABLE_IN_REAL_DATA,NOT_APPLICABLE_PRE_AWARD,UNPARSED_SCHEDULE_TABLE,UNPARSED_SCHEDULE_TABLE,NOT_PUBLISHED_IN_STRUCTURED_DATA,,
CAS_CLEAN_009,SNP_CAS_CLEAN_009_S11_S19_20250414,2025-04-14,SECTION_11_TO_SECTION_19,2025-01-14,SECTION_11,533,False,,2026-09-29,90,90,90,1,0.2466,0,False,False,Nagpur,Narkhed,Belona,District Collectorate & Administration Nagpur,RFCTLARR_2013,Rural Infrastructure,False,,,,,,,NOT_PUBLISHED_IN_GAZETTE,NOT_PUBLISHED_IN_STRUCTURED_DATA,NOT_APPLICABLE_IN_REAL_DATA,NOT_APPLICABLE_PRE_AWARD,UNPARSED_SCHEDULE_TABLE,UNPARSED_SCHEDULE_TABLE,NOT_PUBLISHED_IN_STRUCTURED_DATA,,
CAS_CLEAN_064,SNP_CAS_CLEAN_064_S11_S19_20250414,2025-04-14,SECTION_11_TO_SECTION_19,2025-01-14,SECTION_11,533,False,,2026-09-29,90,90,90,1,0.2466,0,False,False,Nagpur,Kuhi,Hardoli,District Collectorate & Administration Nagpur,RFCTLARR_2013,Rural Infrastructure,False,,,,,,,NOT_PUBLISHED_IN_GAZETTE,NOT_PUBLISHED_IN_STRUCTURED_DATA,NOT_APPLICABLE_IN_REAL_DATA,NOT_APPLICABLE_PRE_AWARD,UNPARSED_SCHEDULE_TABLE,UNPARSED_SCHEDULE_TABLE,NOT_PUBLISHED_IN_STRUCTURED_DATA,,
CAS_CLEAN_120,SNP_CAS_CLEAN_120_S11_S19_20250414,2025-04-14,SECTION_11_TO_SECTION_19,2025-01-14,SECTION_11,533,False,,2026-09-29,90,90,90,1,0.2466,0,False,False,Nagpur,Kuhi,Rajola,District Collectorate & Administration Nagpur,RFCTLARR_2013,Rural Infrastructure,False,,,,,,,NOT_PUBLISHED_IN_GAZETTE,NOT_PUBLISHED_IN_STRUCTURED_DATA,NOT_APPLICABLE_IN_REAL_DATA,NOT_APPLICABLE_PRE_AWARD,UNPARSED_SCHEDULE_TABLE,UNPARSED_SCHEDULE_TABLE,NOT_PUBLISHED_IN_STRUCTURED_DATA,,
CAS_CLEAN_054,SNP_CAS_CLEAN_054_S11_S19_20250422,2025-04-22,SECTION_11_TO_SECTION_19,2025-01-22,SECTION_11,525,False,,2026-09-29,90,90,90,1,0.2466,0,False,False,Nagpur,,,District Collectorate & Administration Nagpur,RFCTLARR_2013,Rural Infrastructure,False,,,,,,,NOT_PUBLISHED_IN_GAZETTE,NOT_PUBLISHED_IN_STRUCTURED_DATA,NOT_APPLICABLE_IN_REAL_DATA,NOT_APPLICABLE_PRE_AWARD,UNPARSED_SCHEDULE_TABLE,UNPARSED_SCHEDULE_TABLE,NOT_PUBLISHED_IN_STRUCTURED_DATA,,
CAS_CLEAN_140,SNP_CAS_CLEAN_140_S11_S19_20250505,2025-05-05,SECTION_11_TO_SECTION_19,2024-08-08,SECTION_11,512,False,,2026-09-29,270,270,270,1,0.7397,0,False,False,Nagpur,Nagpur (City),Shivangaon,District Collectorate & Administration Nagpur,RFCTLARR_2013,Rural Infrastructure,False,,,,,,,NOT_PUBLISHED_IN_GAZETTE,NOT_PUBLISHED_IN_STRUCTURED_DATA,NOT_APPLICABLE_IN_REAL_DATA,NOT_APPLICABLE_PRE_AWARD,UNPARSED_SCHEDULE_TABLE,UNPARSED_SCHEDULE_TABLE,NOT_PUBLISHED_IN_STRUCTURED_DATA,,
CAS_CLEAN_009,SNP_CAS_CLEAN_009_S11_S19_20250713,2025-07-13,SECTION_11_TO_SECTION_19,2025-01-14,SECTION_11,443,False,,2026-09-29,180,180,180,1,0.4932,0,False,False,Nagpur,Narkhed,Belona,District Collectorate & Administration Nagpur,RFCTLARR_2013,Rural Infrastructure,False,,,,,,,NOT_PUBLISHED_IN_GAZETTE,NOT_PUBLISHED_IN_STRUCTURED_DATA,NOT_APPLICABLE_IN_REAL_DATA,NOT_APPLICABLE_PRE_AWARD,UNPARSED_SCHEDULE_TABLE,UNPARSED_SCHEDULE_TABLE,NOT_PUBLISHED_IN_STRUCTURED_DATA,,
CAS_CLEAN_064,SNP_CAS_CLEAN_064_S11_S19_20250713,2025-07-13,SECTION_11_TO_SECTION_19,2025-01-14,SECTION_11,443,False,,2026-09-29,180,180,180,1,0.4932,0,False,False,Nagpur,Kuhi,Hardoli,District Collectorate & Administration Nagpur,RFCTLARR_2013,Rural Infrastructure,False,,,,,,,NOT_PUBLISHED_IN_GAZETTE,NOT_PUBLISHED_IN_STRUCTURED_DATA,NOT_APPLICABLE_IN_REAL_DATA,NOT_APPLICABLE_PRE_AWARD,UNPARSED_SCHEDULE_TABLE,UNPARSED_SCHEDULE_TABLE,NOT_PUBLISHED_IN_STRUCTURED_DATA,,
CAS_CLEAN_120,SNP_CAS_CLEAN_120_S11_S19_20250713,2025-07-13,SECTION_11_TO_SECTION_19,2025-01-14,SECTION_11,443,False,,2026-09-29,180,180,180,1,0.4932,0,False,False,Nagpur,Kuhi,Rajola,District Collectorate & Administration Nagpur,RFCTLARR_2013,Rural Infrastructure,False,,,,,,,NOT_PUBLISHED_IN_GAZETTE,NOT_PUBLISHED_IN_STRUCTURED_DATA,NOT_APPLICABLE_IN_REAL_DATA,NOT_APPLICABLE_PRE_AWARD,UNPARSED_SCHEDULE_TABLE,UNPARSED_SCHEDULE_TABLE,NOT_PUBLISHED_IN_STRUCTURED_DATA,,
CAS_CLEAN_054,SNP_CAS_CLEAN_054_S11_S19_20250721,2025-07-21,SECTION_11_TO_SECTION_19,2025-01-22,SECTION_11,435,False,,2026-09-29,180,180,180,1,0.4932,0,False,False,Nagpur,,,District Collectorate & Administration Nagpur,RFCTLARR_2013,Rural Infrastructure,False,,,,,,,NOT_PUBLISHED_IN_GAZETTE,NOT_PUBLISHED_IN_STRUCTURED_DATA,NOT_APPLICABLE_IN_REAL_DATA,NOT_APPLICABLE_PRE_AWARD,UNPARSED_SCHEDULE_TABLE,UNPARSED_SCHEDULE_TABLE,NOT_PUBLISHED_IN_STRUCTURED_DATA,,
CAS_CLEAN_025,SNP_CAS_CLEAN_025_S11_S19_20250801,2025-08-01,SECTION_11_TO_SECTION_19,2025-08-01,SECTION_11,424,False,,2026-09-29,0,0,0,1,0.0,0,False,False,Nagpur,,,District Collectorate & Administration Nagpur,RFCTLARR_2013,Rural Infrastructure,False,,,,,,,NOT_PUBLISHED_IN_GAZETTE,NOT_PUBLISHED_IN_STRUCTURED_DATA,NOT_APPLICABLE_IN_REAL_DATA,NOT_APPLICABLE_PRE_AWARD,UNPARSED_SCHEDULE_TABLE,UNPARSED_SCHEDULE_TABLE,NOT_PUBLISHED_IN_STRUCTURED_DATA,,
CAS_CLEAN_026,SNP_CAS_CLEAN_026_S11_S19_20250801,2025-08-01,SECTION_11_TO_SECTION_19,2025-08-01,SECTION_11,424,False,,2026-09-29,0,0,0,1,0.0,0,False,False,Nagpur,t TiqHT,,District Collectorate & Administration Nagpur,RFCTLARR_2013,Rural Infrastructure,False,,,,,,,NOT_PUBLISHED_IN_GAZETTE,NOT_PUBLISHED_IN_STRUCTURED_DATA,NOT_APPLICABLE_IN_REAL_DATA,NOT_APPLICABLE_PRE_AWARD,UNPARSED_SCHEDULE_TABLE,UNPARSED_SCHEDULE_TABLE,NOT_PUBLISHED_IN_STRUCTURED_DATA,,
CAS_CLEAN_065,SNP_CAS_CLEAN_065_S11_S19_20250801,2025-08-01,SECTION_11_TO_SECTION_19,2025-08-01,SECTION_11,424,False,,2026-09-29,0,0,0,1,0.0,0,False,False,Nagpur,,Hardoli,District Collectorate & Administration Nagpur,RFCTLARR_2013,Rural Infrastructure,False,,,,,,,NOT_PUBLISHED_IN_GAZETTE,NOT_PUBLISHED_IN_STRUCTURED_DATA,NOT_APPLICABLE_IN_REAL_DATA,NOT_APPLICABLE_PRE_AWARD,UNPARSED_SCHEDULE_TABLE,UNPARSED_SCHEDULE_TABLE,NOT_PUBLISHED_IN_STRUCTURED_DATA,,
CAS_CLEAN_078,SNP_CAS_CLEAN_078_S11_S19_20250801,2025-08-01,SECTION_11_TO_SECTION_19,2025-08-01,SECTION_11,424,False,,2026-09-29,0,0,0,1,0.0,0,False,False,Nagpur,,Kotgaon,District Collectorate & Administration Nagpur,RFCTLARR_2013,Rural Infrastructure,False,,,,,,,NOT_PUBLISHED_IN_GAZETTE,NOT_PUBLISHED_IN_STRUCTURED_DATA,NOT_APPLICABLE_IN_REAL_DATA,NOT_APPLICABLE_PRE_AWARD,UNPARSED_SCHEDULE_TABLE,UNPARSED_SCHEDULE_TABLE,NOT_PUBLISHED_IN_STRUCTURED_DATA,,
CAS_CLEAN_103,SNP_CAS_CLEAN_103_S11_S19_20250801,2025-08-01,SECTION_11_TO_SECTION_19,2025-08-01,SECTION_11,424,False,,2026-09-29,0,0,0,1,0.0,0,False,False,Nagpur,,Navegao,District Collectorate & Administration Nagpur,RFCTLARR_2013,Rural Infrastructure,False,,,,,,,NOT_PUBLISHED_IN_GAZETTE,NOT_PUBLISHED_IN_STRUCTURED_DATA,NOT_APPLICABLE_IN_REAL_DATA,NOT_APPLICABLE_PRE_AWARD,UNPARSED_SCHEDULE_TABLE,UNPARSED_SCHEDULE_TABLE,NOT_PUBLISHED_IN_STRUCTURED_DATA,,
CAS_CLEAN_121,SNP_CAS_CLEAN_121_S11_S19_20250801,2025-08-01,SECTION_11_TO_SECTION_19,2025-08-01,SECTION_11,424,False,,2026-09-29,0,0,0,1,0.0,0,False,False,Nagpur,Tlq,Rajola,District Collectorate & Administration Nagpur,RFCTLARR_2013,Rural Infrastructure,False,,,,,,,NOT_PUBLISHED_IN_GAZETTE,NOT_PUBLISHED_IN_STRUCTURED_DATA,NOT_APPLICABLE_IN_REAL_DATA,NOT_APPLICABLE_PRE_AWARD,UNPARSED_SCHEDULE_TABLE,UNPARSED_SCHEDULE_TABLE,NOT_PUBLISHED_IN_STRUCTURED_DATA,,
CAS_CLEAN_045,SNP_CAS_CLEAN_045_S11_S19_20250919,2025-09-19,SECTION_11_TO_SECTION_19,2025-09-19,SECTION_11,87,True,2025-12-15,,0,0,0,1,0.0,0,False,False,Nagpur,Kuhi,Chikhali,District Collectorate & Administration Nagpur,RFCTLARR_2013,Rural Infrastructure,False,,,,,,,NOT_PUBLISHED_IN_GAZETTE,NOT_PUBLISHED_IN_STRUCTURED_DATA,NOT_APPLICABLE_IN_REAL_DATA,NOT_APPLICABLE_PRE_AWARD,UNPARSED_SCHEDULE_TABLE,UNPARSED_SCHEDULE_TABLE,NOT_PUBLISHED_IN_STRUCTURED_DATA,,
CAS_CLEAN_076,SNP_CAS_CLEAN_076_S11_S19_20250919,2025-09-19,SECTION_11_TO_SECTION_19,2025-09-19,SECTION_11,87,True,2025-12-15,,0,0,0,1,0.0,0,False,False,Nagpur,i Taluka Bhivapur,Kitali,District Collectorate & Administration Nagpur,RFCTLARR_2013,Rural Infrastructure,False,,,,,,,NOT_PUBLISHED_IN_GAZETTE,NOT_PUBLISHED_IN_STRUCTURED_DATA,NOT_APPLICABLE_IN_REAL_DATA,NOT_APPLICABLE_PRE_AWARD,UNPARSED_SCHEDULE_TABLE,UNPARSED_SCHEDULE_TABLE,NOT_PUBLISHED_IN_STRUCTURED_DATA,,
CAS_CLEAN_114,SNP_CAS_CLEAN_114_S11_S19_20250919,2025-09-19,SECTION_11_TO_SECTION_19,2025-09-19,SECTION_11,87,True,2025-12-15,,0,0,0,1,0.0,0,False,False,Nagpur,Kuhi,Pratapur,District Collectorate & Administration Nagpur,RFCTLARR_2013,Rural Infrastructure,False,,,,,,,NOT_PUBLISHED_IN_GAZETTE,NOT_PUBLISHED_IN_STRUCTURED_DATA,NOT_APPLICABLE_IN_REAL_DATA,NOT_APPLICABLE_PRE_AWARD,UNPARSED_SCHEDULE_TABLE,UNPARSED_SCHEDULE_TABLE,NOT_PUBLISHED_IN_STRUCTURED_DATA,,
CAS_CLEAN_015,SNP_CAS_CLEAN_015_S11_S19_20250926,2025-09-26,SECTION_11_TO_SECTION_19,2025-09-26,SECTION_11,80,True,2025-12-15,,0,0,0,1,0.0,0,False,False,Nagpur,Kuhi,Bhivapur,District Collectorate & Administration Nagpur,RFCTLARR_2013,Rural Infrastructure,False,,,,,,,NOT_PUBLISHED_IN_GAZETTE,NOT_PUBLISHED_IN_STRUCTURED_DATA,NOT_APPLICABLE_IN_REAL_DATA,NOT_APPLICABLE_PRE_AWARD,UNPARSED_SCHEDULE_TABLE,UNPARSED_SCHEDULE_TABLE,NOT_PUBLISHED_IN_STRUCTURED_DATA,,
CAS_CLEAN_006,SNP_CAS_CLEAN_006_S11_S19_20250929,2025-09-29,SECTION_11_TO_SECTION_19,2025-09-29,SECTION_11,60,True,2025-11-28,,0,0,0,1,0.0,0,False,False,Nagpur,Kuhi,Awarmara,District Collectorate & Administration Nagpur,RFCTLARR_2013,Rural Infrastructure,False,,,,,,,NOT_PUBLISHED_IN_GAZETTE,NOT_PUBLISHED_IN_STRUCTURED_DATA,NOT_APPLICABLE_IN_REAL_DATA,NOT_APPLICABLE_PRE_AWARD,UNPARSED_SCHEDULE_TABLE,UNPARSED_SCHEDULE_TABLE,NOT_PUBLISHED_IN_STRUCTURED_DATA,,
CAS_CLEAN_014,SNP_CAS_CLEAN_014_S11_S19_20250929,2025-09-29,SECTION_11_TO_SECTION_19,2025-09-29,SECTION_11,60,True,2025-11-28,,0,0,0,1,0.0,0,False,False,Nagpur,Bhiwapur,Bhiwapur,District Collectorate & Administration Nagpur,RFCTLARR_2013,Rural Infrastructure,False,,,,,,,NOT_PUBLISHED_IN_GAZETTE,NOT_PUBLISHED_IN_STRUCTURED_DATA,NOT_APPLICABLE_IN_REAL_DATA,NOT_APPLICABLE_PRE_AWARD,UNPARSED_SCHEDULE_TABLE,UNPARSED_SCHEDULE_TABLE,NOT_PUBLISHED_IN_STRUCTURED_DATA,,
CAS_CLEAN_019,SNP_CAS_CLEAN_019_S11_S19_20250929,2025-09-29,SECTION_11_TO_SECTION_19,2025-09-29,SECTION_11,60,True,2025-11-28,,0,0,0,1,0.0,0,False,False,Nagpur,Kuhi,Bramhani,District Collectorate & Administration Nagpur,RFCTLARR_2013,Rural Infrastructure,False,,,,,,,NOT_PUBLISHED_IN_GAZETTE,NOT_PUBLISHED_IN_STRUCTURED_DATA,NOT_APPLICABLE_IN_REAL_DATA,NOT_APPLICABLE_PRE_AWARD,UNPARSED_SCHEDULE_TABLE,UNPARSED_SCHEDULE_TABLE,NOT_PUBLISHED_IN_STRUCTURED_DATA,,
CAS_CLEAN_060,SNP_CAS_CLEAN_060_S11_S19_20250929,2025-09-29,SECTION_11_TO_SECTION_19,2025-09-29,SECTION_11,60,True,2025-11-28,,0,0,0,1,0.0,0,False,False,Nagpur,Kuhi,Gonha,District Collectorate & Administration Nagpur,RFCTLARR_2013,Highway / Road Widening,False,,,,,,,NOT_PUBLISHED_IN_GAZETTE,NOT_PUBLISHED_IN_STRUCTURED_DATA,NOT_APPLICABLE_IN_REAL_DATA,NOT_APPLICABLE_PRE_AWARD,UNPARSED_SCHEDULE_TABLE,UNPARSED_SCHEDULE_TABLE,NOT_PUBLISHED_IN_STRUCTURED_DATA,,
CAS_CLEAN_080,SNP_CAS_CLEAN_080_S11_S19_20250929,2025-09-29,SECTION_11_TO_SECTION_19,2025-09-29,SECTION_11,60,True,2025-11-28,,0,0,0,1,0.0,0,False,False,Nagpur,Kuhi,Kujba,District Collectorate & Administration Nagpur,RFCTLARR_2013,Rural Infrastructure,False,,,,,,,NOT_PUBLISHED_IN_GAZETTE,NOT_PUBLISHED_IN_STRUCTURED_DATA,NOT_APPLICABLE_IN_REAL_DATA,NOT_APPLICABLE_PRE_AWARD,UNPARSED_SCHEDULE_TABLE,UNPARSED_SCHEDULE_TABLE,NOT_PUBLISHED_IN_STRUCTURED_DATA,,
CAS_CLEAN_129,SNP_CAS_CLEAN_129_S11_S19_20250929,2025-09-29,SECTION_11_TO_SECTION_19,2025-09-29,SECTION_11,60,True,2025-11-28,,0,0,0,1,0.0,0,False,False,Nagpur,Kuhi,Ruyad,District Collectorate & Administration Nagpur,RFCTLARR_2013,Rural Infrastructure,False,,,,,,,NOT_PUBLISHED_IN_GAZETTE,NOT_PUBLISHED_IN_STRUCTURED_DATA,NOT_APPLICABLE_IN_REAL_DATA,NOT_APPLICABLE_PRE_AWARD,UNPARSED_SCHEDULE_TABLE,UNPARSED_SCHEDULE_TABLE,NOT_PUBLISHED_IN_STRUCTURED_DATA,,
CAS_CLEAN_146,SNP_CAS_CLEAN_146_S11_S19_20250929,2025-09-29,SECTION_11_TO_SECTION_19,2025-09-29,SECTION_11,60,True,2025-11-28,,0,0,0,1,0.0,0,False,False,Nagpur,Kuhi,Takli,District Collectorate & Administration Nagpur,RFCTLARR_2013,Rural Infrastructure,False,,,,,,,NOT_PUBLISHED_IN_GAZETTE,NOT_PUBLISHED_IN_STRUCTURED_DATA,NOT_APPLICABLE_IN_REAL_DATA,NOT_APPLICABLE_PRE_AWARD,UNPARSED_SCHEDULE_TABLE,UNPARSED_SCHEDULE_TABLE,NOT_PUBLISHED_IN_STRUCTURED_DATA,,
CAS_CLEAN_147,SNP_CAS_CLEAN_147_S11_S19_20250929,2025-09-29,SECTION_11_TO_SECTION_19,2025-09-29,SECTION_11,60,True,2025-11-28,,0,0,0,1,0.0,0,False,False,Nagpur,Kuhi,Taroli,District Collectorate & Administration Nagpur,RFCTLARR_2013,Rural Infrastructure,False,,,,,,,NOT_PUBLISHED_IN_GAZETTE,NOT_PUBLISHED_IN_STRUCTURED_DATA,NOT_APPLICABLE_IN_REAL_DATA,NOT_APPLICABLE_PRE_AWARD,UNPARSED_SCHEDULE_TABLE,UNPARSED_SCHEDULE_TABLE,NOT_PUBLISHED_IN_STRUCTURED_DATA,,
CAS_CLEAN_003,SNP_CAS_CLEAN_003_S11_S19_20250930,2025-09-30,SECTION_11_TO_SECTION_19,2025-09-30,SECTION_11,59,True,2025-11-28,,0,0,0,1,0.0,0,False,False,Nagpur,Kuhi,Amti,District Collectorate & Administration Nagpur,RFCTLARR_2013,Rural Infrastructure,False,,,,,,,NOT_PUBLISHED_IN_GAZETTE,NOT_PUBLISHED_IN_STRUCTURED_DATA,NOT_APPLICABLE_IN_REAL_DATA,NOT_APPLICABLE_PRE_AWARD,UNPARSED_SCHEDULE_TABLE,UNPARSED_SCHEDULE_TABLE,NOT_PUBLISHED_IN_STRUCTURED_DATA,,
CAS_CLEAN_124,SNP_CAS_CLEAN_124_S11_S19_20250930,2025-09-30,SECTION_11_TO_SECTION_19,2025-09-30,SECTION_11,181,True,2026-03-30,,0,0,0,1,0.0,0,False,False,Nagpur,Saoner,Ranala,District Collectorate & Administration Nagpur,RFCTLARR_2013,Rural Infrastructure,False,,,,,,,NOT_PUBLISHED_IN_GAZETTE,NOT_PUBLISHED_IN_STRUCTURED_DATA,NOT_APPLICABLE_IN_REAL_DATA,NOT_APPLICABLE_PRE_AWARD,UNPARSED_SCHEDULE_TABLE,UNPARSED_SCHEDULE_TABLE,NOT_PUBLISHED_IN_STRUCTURED_DATA,,
CAS_CLEAN_009,SNP_CAS_CLEAN_009_S11_S19_20251011,2025-10-11,SECTION_11_TO_SECTION_19,2025-01-14,SECTION_11,353,False,,2026-09-29,270,270,270,1,0.7397,0,False,False,Nagpur,Narkhed,Belona,District Collectorate & Administration Nagpur,RFCTLARR_2013,Rural Infrastructure,False,,,,,,,NOT_PUBLISHED_IN_GAZETTE,NOT_PUBLISHED_IN_STRUCTURED_DATA,NOT_APPLICABLE_IN_REAL_DATA,NOT_APPLICABLE_PRE_AWARD,UNPARSED_SCHEDULE_TABLE,UNPARSED_SCHEDULE_TABLE,NOT_PUBLISHED_IN_STRUCTURED_DATA,,
CAS_CLEAN_064,SNP_CAS_CLEAN_064_S11_S19_20251011,2025-10-11,SECTION_11_TO_SECTION_19,2025-01-14,SECTION_11,353,False,,2026-09-29,270,270,270,1,0.7397,0,False,False,Nagpur,Kuhi,Hardoli,District Collectorate & Administration Nagpur,RFCTLARR_2013,Rural Infrastructure,False,,,,,,,NOT_PUBLISHED_IN_GAZETTE,NOT_PUBLISHED_IN_STRUCTURED_DATA,NOT_APPLICABLE_IN_REAL_DATA,NOT_APPLICABLE_PRE_AWARD,UNPARSED_SCHEDULE_TABLE,UNPARSED_SCHEDULE_TABLE,NOT_PUBLISHED_IN_STRUCTURED_DATA,,
CAS_CLEAN_120,SNP_CAS_CLEAN_120_S11_S19_20251011,2025-10-11,SECTION_11_TO_SECTION_19,2025-01-14,SECTION_11,353,False,,2026-09-29,270,270,270,1,0.7397,0,False,False,Nagpur,Kuhi,Rajola,District Collectorate & Administration Nagpur,RFCTLARR_2013,Rural Infrastructure,False,,,,,,,NOT_PUBLISHED_IN_GAZETTE,NOT_PUBLISHED_IN_STRUCTURED_DATA,NOT_APPLICABLE_IN_REAL_DATA,NOT_APPLICABLE_PRE_AWARD,UNPARSED_SCHEDULE_TABLE,UNPARSED_SCHEDULE_TABLE,NOT_PUBLISHED_IN_STRUCTURED_DATA,,
CAS_CLEAN_054,SNP_CAS_CLEAN_054_S11_S19_20251019,2025-10-19,SECTION_11_TO_SECTION_19,2025-01-22,SECTION_11,345,False,,2026-09-29,270,270,270,1,0.7397,0,False,False,Nagpur,,,District Collectorate & Administration Nagpur,RFCTLARR_2013,Rural Infrastructure,False,,,,,,,NOT_PUBLISHED_IN_GAZETTE,NOT_PUBLISHED_IN_STRUCTURED_DATA,NOT_APPLICABLE_IN_REAL_DATA,NOT_APPLICABLE_PRE_AWARD,UNPARSED_SCHEDULE_TABLE,UNPARSED_SCHEDULE_TABLE,NOT_PUBLISHED_IN_STRUCTURED_DATA,,
CAS_CLEAN_025,SNP_CAS_CLEAN_025_S11_S19_20251030,2025-10-30,SECTION_11_TO_SECTION_19,2025-08-01,SECTION_11,334,False,,2026-09-29,90,90,90,1,0.2466,0,False,False,Nagpur,,,District Collectorate & Administration Nagpur,RFCTLARR_2013,Rural Infrastructure,False,,,,,,,NOT_PUBLISHED_IN_GAZETTE,NOT_PUBLISHED_IN_STRUCTURED_DATA,NOT_APPLICABLE_IN_REAL_DATA,NOT_APPLICABLE_PRE_AWARD,UNPARSED_SCHEDULE_TABLE,UNPARSED_SCHEDULE_TABLE,NOT_PUBLISHED_IN_STRUCTURED_DATA,,
CAS_CLEAN_026,SNP_CAS_CLEAN_026_S11_S19_20251030,2025-10-30,SECTION_11_TO_SECTION_19,2025-08-01,SECTION_11,334,False,,2026-09-29,90,90,90,1,0.2466,0,False,False,Nagpur,t TiqHT,,District Collectorate & Administration Nagpur,RFCTLARR_2013,Rural Infrastructure,False,,,,,,,NOT_PUBLISHED_IN_GAZETTE,NOT_PUBLISHED_IN_STRUCTURED_DATA,NOT_APPLICABLE_IN_REAL_DATA,NOT_APPLICABLE_PRE_AWARD,UNPARSED_SCHEDULE_TABLE,UNPARSED_SCHEDULE_TABLE,NOT_PUBLISHED_IN_STRUCTURED_DATA,,
CAS_CLEAN_065,SNP_CAS_CLEAN_065_S11_S19_20251030,2025-10-30,SECTION_11_TO_SECTION_19,2025-08-01,SECTION_11,334,False,,2026-09-29,90,90,90,1,0.2466,0,False,False,Nagpur,,Hardoli,District Collectorate & Administration Nagpur,RFCTLARR_2013,Rural Infrastructure,False,,,,,,,NOT_PUBLISHED_IN_GAZETTE,NOT_PUBLISHED_IN_STRUCTURED_DATA,NOT_APPLICABLE_IN_REAL_DATA,NOT_APPLICABLE_PRE_AWARD,UNPARSED_SCHEDULE_TABLE,UNPARSED_SCHEDULE_TABLE,NOT_PUBLISHED_IN_STRUCTURED_DATA,,
CAS_CLEAN_078,SNP_CAS_CLEAN_078_S11_S19_20251030,2025-10-30,SECTION_11_TO_SECTION_19,2025-08-01,SECTION_11,334,False,,2026-09-29,90,90,90,1,0.2466,0,False,False,Nagpur,,Kotgaon,District Collectorate & Administration Nagpur,RFCTLARR_2013,Rural Infrastructure,False,,,,,,,NOT_PUBLISHED_IN_GAZETTE,NOT_PUBLISHED_IN_STRUCTURED_DATA,NOT_APPLICABLE_IN_REAL_DATA,NOT_APPLICABLE_PRE_AWARD,UNPARSED_SCHEDULE_TABLE,UNPARSED_SCHEDULE_TABLE,NOT_PUBLISHED_IN_STRUCTURED_DATA,,
CAS_CLEAN_103,SNP_CAS_CLEAN_103_S11_S19_20251030,2025-10-30,SECTION_11_TO_SECTION_19,2025-08-01,SECTION_11,334,False,,2026-09-29,90,90,90,1,0.2466,0,False,False,Nagpur,,Navegao,District Collectorate & Administration Nagpur,RFCTLARR_2013,Rural Infrastructure,False,,,,,,,NOT_PUBLISHED_IN_GAZETTE,NOT_PUBLISHED_IN_STRUCTURED_DATA,NOT_APPLICABLE_IN_REAL_DATA,NOT_APPLICABLE_PRE_AWARD,UNPARSED_SCHEDULE_TABLE,UNPARSED_SCHEDULE_TABLE,NOT_PUBLISHED_IN_STRUCTURED_DATA,,
CAS_CLEAN_121,SNP_CAS_CLEAN_121_S11_S19_20251030,2025-10-30,SECTION_11_TO_SECTION_19,2025-08-01,SECTION_11,334,False,,2026-09-29,90,90,90,1,0.2466,0,False,False,Nagpur,Tlq,Rajola,District Collectorate & Administration Nagpur,RFCTLARR_2013,Rural Infrastructure,False,,,,,,,NOT_PUBLISHED_IN_GAZETTE,NOT_PUBLISHED_IN_STRUCTURED_DATA,NOT_APPLICABLE_IN_REAL_DATA,NOT_APPLICABLE_PRE_AWARD,UNPARSED_SCHEDULE_TABLE,UNPARSED_SCHEDULE_TABLE,NOT_PUBLISHED_IN_STRUCTURED_DATA,,
CAS_CLEAN_259,SNP_CAS_CLEAN_259_S11_S19_20251212,2025-12-12,SECTION_11_TO_SECTION_19,2025-12-12,SECTION_11,291,False,,2026-09-29,0,0,0,1,0.0,0,False,False,Solapur,Malshiras,,District Collectorate & Administration Solapur,RFCTLARR_2013,Rural Infrastructure,False,,,,,,,NOT_PUBLISHED_IN_GAZETTE,NOT_PUBLISHED_IN_STRUCTURED_DATA,NOT_APPLICABLE_IN_REAL_DATA,NOT_APPLICABLE_PRE_AWARD,UNPARSED_SCHEDULE_TABLE,UNPARSED_SCHEDULE_TABLE,NOT_PUBLISHED_IN_STRUCTURED_DATA,,
CAS_CLEAN_124,SNP_CAS_CLEAN_124_S11_S19_20251229,2025-12-29,SECTION_11_TO_SECTION_19,2025-09-30,SECTION_11,91,True,2026-03-30,,90,90,90,1,0.2466,0,False,False,Nagpur,Saoner,Ranala,District Collectorate & Administration Nagpur,RFCTLARR_2013,Rural Infrastructure,False,,,,,,,NOT_PUBLISHED_IN_GAZETTE,NOT_PUBLISHED_IN_STRUCTURED_DATA,NOT_APPLICABLE_IN_REAL_DATA,NOT_APPLICABLE_PRE_AWARD,UNPARSED_SCHEDULE_TABLE,UNPARSED_SCHEDULE_TABLE,NOT_PUBLISHED_IN_STRUCTURED_DATA,,
CAS_CLEAN_025,SNP_CAS_CLEAN_025_S11_S19_20260128,2026-01-28,SECTION_11_TO_SECTION_19,2025-08-01,SECTION_11,244,False,,2026-09-29,180,180,180,1,0.4932,0,False,False,Nagpur,,,District Collectorate & Administration Nagpur,RFCTLARR_2013,Rural Infrastructure,False,,,,,,,NOT_PUBLISHED_IN_GAZETTE,NOT_PUBLISHED_IN_STRUCTURED_DATA,NOT_APPLICABLE_IN_REAL_DATA,NOT_APPLICABLE_PRE_AWARD,UNPARSED_SCHEDULE_TABLE,UNPARSED_SCHEDULE_TABLE,NOT_PUBLISHED_IN_STRUCTURED_DATA,,
CAS_CLEAN_026,SNP_CAS_CLEAN_026_S11_S19_20260128,2026-01-28,SECTION_11_TO_SECTION_19,2025-08-01,SECTION_11,244,False,,2026-09-29,180,180,180,1,0.4932,0,False,False,Nagpur,t TiqHT,,District Collectorate & Administration Nagpur,RFCTLARR_2013,Rural Infrastructure,False,,,,,,,NOT_PUBLISHED_IN_GAZETTE,NOT_PUBLISHED_IN_STRUCTURED_DATA,NOT_APPLICABLE_IN_REAL_DATA,NOT_APPLICABLE_PRE_AWARD,UNPARSED_SCHEDULE_TABLE,UNPARSED_SCHEDULE_TABLE,NOT_PUBLISHED_IN_STRUCTURED_DATA,,
CAS_CLEAN_065,SNP_CAS_CLEAN_065_S11_S19_20260128,2026-01-28,SECTION_11_TO_SECTION_19,2025-08-01,SECTION_11,244,False,,2026-09-29,180,180,180,1,0.4932,0,False,False,Nagpur,,Hardoli,District Collectorate & Administration Nagpur,RFCTLARR_2013,Rural Infrastructure,False,,,,,,,NOT_PUBLISHED_IN_GAZETTE,NOT_PUBLISHED_IN_STRUCTURED_DATA,NOT_APPLICABLE_IN_REAL_DATA,NOT_APPLICABLE_PRE_AWARD,UNPARSED_SCHEDULE_TABLE,UNPARSED_SCHEDULE_TABLE,NOT_PUBLISHED_IN_STRUCTURED_DATA,,
CAS_CLEAN_078,SNP_CAS_CLEAN_078_S11_S19_20260128,2026-01-28,SECTION_11_TO_SECTION_19,2025-08-01,SECTION_11,244,False,,2026-09-29,180,180,180,1,0.4932,0,False,False,Nagpur,,Kotgaon,District Collectorate & Administration Nagpur,RFCTLARR_2013,Rural Infrastructure,False,,,,,,,NOT_PUBLISHED_IN_GAZETTE,NOT_PUBLISHED_IN_STRUCTURED_DATA,NOT_APPLICABLE_IN_REAL_DATA,NOT_APPLICABLE_PRE_AWARD,UNPARSED_SCHEDULE_TABLE,UNPARSED_SCHEDULE_TABLE,NOT_PUBLISHED_IN_STRUCTURED_DATA,,
CAS_CLEAN_103,SNP_CAS_CLEAN_103_S11_S19_20260128,2026-01-28,SECTION_11_TO_SECTION_19,2025-08-01,SECTION_11,244,False,,2026-09-29,180,180,180,1,0.4932,0,False,False,Nagpur,,Navegao,District Collectorate & Administration Nagpur,RFCTLARR_2013,Rural Infrastructure,False,,,,,,,NOT_PUBLISHED_IN_GAZETTE,NOT_PUBLISHED_IN_STRUCTURED_DATA,NOT_APPLICABLE_IN_REAL_DATA,NOT_APPLICABLE_PRE_AWARD,UNPARSED_SCHEDULE_TABLE,UNPARSED_SCHEDULE_TABLE,NOT_PUBLISHED_IN_STRUCTURED_DATA,,
CAS_CLEAN_121,SNP_CAS_CLEAN_121_S11_S19_20260128,2026-01-28,SECTION_11_TO_SECTION_19,2025-08-01,SECTION_11,244,False,,2026-09-29,180,180,180,1,0.4932,0,False,False,Nagpur,Tlq,Rajola,District Collectorate & Administration Nagpur,RFCTLARR_2013,Rural Infrastructure,False,,,,,,,NOT_PUBLISHED_IN_GAZETTE,NOT_PUBLISHED_IN_STRUCTURED_DATA,NOT_APPLICABLE_IN_REAL_DATA,NOT_APPLICABLE_PRE_AWARD,UNPARSED_SCHEDULE_TABLE,UNPARSED_SCHEDULE_TABLE,NOT_PUBLISHED_IN_STRUCTURED_DATA,,
CAS_CLEAN_259,SNP_CAS_CLEAN_259_S11_S19_20260312,2026-03-12,SECTION_11_TO_SECTION_19,2025-12-12,SECTION_11,201,False,,2026-09-29,90,90,90,1,0.2466,0,False,False,Solapur,Malshiras,,District Collectorate & Administration Solapur,RFCTLARR_2013,Rural Infrastructure,False,,,,,,,NOT_PUBLISHED_IN_GAZETTE,NOT_PUBLISHED_IN_STRUCTURED_DATA,NOT_APPLICABLE_IN_REAL_DATA,NOT_APPLICABLE_PRE_AWARD,UNPARSED_SCHEDULE_TABLE,UNPARSED_SCHEDULE_TABLE,NOT_PUBLISHED_IN_STRUCTURED_DATA,,
CAS_CLEAN_124,SNP_CAS_CLEAN_124_S11_S19_20260329,2026-03-29,SECTION_11_TO_SECTION_19,2025-09-30,SECTION_11,1,True,2026-03-30,,180,180,180,1,0.4932,0,False,False,Nagpur,Saoner,Ranala,District Collectorate & Administration Nagpur,RFCTLARR_2013,Rural Infrastructure,False,,,,,,,NOT_PUBLISHED_IN_GAZETTE,NOT_PUBLISHED_IN_STRUCTURED_DATA,NOT_APPLICABLE_IN_REAL_DATA,NOT_APPLICABLE_PRE_AWARD,UNPARSED_SCHEDULE_TABLE,UNPARSED_SCHEDULE_TABLE,NOT_PUBLISHED_IN_STRUCTURED_DATA,,
CAS_CLEAN_025,SNP_CAS_CLEAN_025_S11_S19_20260428,2026-04-28,SECTION_11_TO_SECTION_19,2025-08-01,SECTION_11,154,False,,2026-09-29,270,270,270,1,0.7397,0,False,False,Nagpur,,,District Collectorate & Administration Nagpur,RFCTLARR_2013,Rural Infrastructure,False,,,,,,,NOT_PUBLISHED_IN_GAZETTE,NOT_PUBLISHED_IN_STRUCTURED_DATA,NOT_APPLICABLE_IN_REAL_DATA,NOT_APPLICABLE_PRE_AWARD,UNPARSED_SCHEDULE_TABLE,UNPARSED_SCHEDULE_TABLE,NOT_PUBLISHED_IN_STRUCTURED_DATA,,
CAS_CLEAN_026,SNP_CAS_CLEAN_026_S11_S19_20260428,2026-04-28,SECTION_11_TO_SECTION_19,2025-08-01,SECTION_11,154,False,,2026-09-29,270,270,270,1,0.7397,0,False,False,Nagpur,t TiqHT,,District Collectorate & Administration Nagpur,RFCTLARR_2013,Rural Infrastructure,False,,,,,,,NOT_PUBLISHED_IN_GAZETTE,NOT_PUBLISHED_IN_STRUCTURED_DATA,NOT_APPLICABLE_IN_REAL_DATA,NOT_APPLICABLE_PRE_AWARD,UNPARSED_SCHEDULE_TABLE,UNPARSED_SCHEDULE_TABLE,NOT_PUBLISHED_IN_STRUCTURED_DATA,,
CAS_CLEAN_027,SNP_CAS_CLEAN_027_S11_S19_20260428,2026-04-28,SECTION_11_TO_SECTION_19,2026-04-28,SECTION_11,154,False,,2026-09-29,0,0,0,1,0.0,0,False,False,Nagpur,,,District Collectorate & Administration Nagpur,RFCTLARR_2013,Rural Infrastructure,False,,,,,,,NOT_PUBLISHED_IN_GAZETTE,NOT_PUBLISHED_IN_STRUCTURED_DATA,NOT_APPLICABLE_IN_REAL_DATA,NOT_APPLICABLE_PRE_AWARD,UNPARSED_SCHEDULE_TABLE,UNPARSED_SCHEDULE_TABLE,NOT_PUBLISHED_IN_STRUCTURED_DATA,,
CAS_CLEAN_028,SNP_CAS_CLEAN_028_S11_S19_20260428,2026-04-28,SECTION_11_TO_SECTION_19,2026-04-28,SECTION_11,154,False,,2026-09-29,0,0,0,1,0.0,0,False,False,Nagpur,,,District Collectorate & Administration Nagpur,RFCTLARR_2013,Rural Infrastructure,False,,,,,,,NOT_PUBLISHED_IN_GAZETTE,NOT_PUBLISHED_IN_STRUCTURED_DATA,NOT_APPLICABLE_IN_REAL_DATA,NOT_APPLICABLE_PRE_AWARD,UNPARSED_SCHEDULE_TABLE,UNPARSED_SCHEDULE_TABLE,NOT_PUBLISHED_IN_STRUCTURED_DATA,,
CAS_CLEAN_065,SNP_CAS_CLEAN_065_S11_S19_20260428,2026-04-28,SECTION_11_TO_SECTION_19,2025-08-01,SECTION_11,154,False,,2026-09-29,270,270,270,1,0.7397,0,False,False,Nagpur,,Hardoli,District Collectorate & Administration Nagpur,RFCTLARR_2013,Rural Infrastructure,False,,,,,,,NOT_PUBLISHED_IN_GAZETTE,NOT_PUBLISHED_IN_STRUCTURED_DATA,NOT_APPLICABLE_IN_REAL_DATA,NOT_APPLICABLE_PRE_AWARD,UNPARSED_SCHEDULE_TABLE,UNPARSED_SCHEDULE_TABLE,NOT_PUBLISHED_IN_STRUCTURED_DATA,,
CAS_CLEAN_078,SNP_CAS_CLEAN_078_S11_S19_20260428,2026-04-28,SECTION_11_TO_SECTION_19,2025-08-01,SECTION_11,154,False,,2026-09-29,270,270,270,1,0.7397,0,False,False,Nagpur,,Kotgaon,District Collectorate & Administration Nagpur,RFCTLARR_2013,Rural Infrastructure,False,,,,,,,NOT_PUBLISHED_IN_GAZETTE,NOT_PUBLISHED_IN_STRUCTURED_DATA,NOT_APPLICABLE_IN_REAL_DATA,NOT_APPLICABLE_PRE_AWARD,UNPARSED_SCHEDULE_TABLE,UNPARSED_SCHEDULE_TABLE,NOT_PUBLISHED_IN_STRUCTURED_DATA,,
CAS_CLEAN_103,SNP_CAS_CLEAN_103_S11_S19_20260428,2026-04-28,SECTION_11_TO_SECTION_19,2025-08-01,SECTION_11,154,False,,2026-09-29,270,270,270,1,0.7397,0,False,False,Nagpur,,Navegao,District Collectorate & Administration Nagpur,RFCTLARR_2013,Rural Infrastructure,False,,,,,,,NOT_PUBLISHED_IN_GAZETTE,NOT_PUBLISHED_IN_STRUCTURED_DATA,NOT_APPLICABLE_IN_REAL_DATA,NOT_APPLICABLE_PRE_AWARD,UNPARSED_SCHEDULE_TABLE,UNPARSED_SCHEDULE_TABLE,NOT_PUBLISHED_IN_STRUCTURED_DATA,,
CAS_CLEAN_121,SNP_CAS_CLEAN_121_S11_S19_20260428,2026-04-28,SECTION_11_TO_SECTION_19,2025-08-01,SECTION_11,154,False,,2026-09-29,270,270,270,1,0.7397,0,False,False,Nagpur,Tlq,Rajola,District Collectorate & Administration Nagpur,RFCTLARR_2013,Rural Infrastructure,False,,,,,,,NOT_PUBLISHED_IN_GAZETTE,NOT_PUBLISHED_IN_STRUCTURED_DATA,NOT_APPLICABLE_IN_REAL_DATA,NOT_APPLICABLE_PRE_AWARD,UNPARSED_SCHEDULE_TABLE,UNPARSED_SCHEDULE_TABLE,NOT_PUBLISHED_IN_STRUCTURED_DATA,,
CAS_CLEAN_249,SNP_CAS_CLEAN_249_S11_S19_20260504,2026-05-04,SECTION_11_TO_SECTION_19,2026-05-04,SECTION_11,148,False,,2026-09-29,0,0,0,1,0.0,0,False,False,Pune,Pune City,Mundhawa,District Collectorate & Administration Pune,LAND_ACQUISITION_ACT_1894,Highway / Road Widening,False,,,,,,,NOT_PUBLISHED_IN_GAZETTE,NOT_PUBLISHED_IN_STRUCTURED_DATA,NOT_APPLICABLE_IN_REAL_DATA,NOT_APPLICABLE_PRE_AWARD,UNPARSED_SCHEDULE_TABLE,UNPARSED_SCHEDULE_TABLE,NOT_PUBLISHED_IN_STRUCTURED_DATA,,
CAS_CLEAN_037,SNP_CAS_CLEAN_037_S11_S19_20260521,2026-05-21,SECTION_11_TO_SECTION_19,2026-05-21,SECTION_11,92,True,2026-08-21,,0,0,0,1,0.0,0,False,False,Nagpur,Kuhi,Channa,District Collectorate & Administration Nagpur,RFCTLARR_2013,Rural Infrastructure,False,,,,,,,NOT_PUBLISHED_IN_GAZETTE,NOT_PUBLISHED_IN_STRUCTURED_DATA,NOT_APPLICABLE_IN_REAL_DATA,NOT_APPLICABLE_PRE_AWARD,UNPARSED_SCHEDULE_TABLE,UNPARSED_SCHEDULE_TABLE,NOT_PUBLISHED_IN_STRUCTURED_DATA,,
CAS_CLEAN_259,SNP_CAS_CLEAN_259_S11_S19_20260610,2026-06-10,SECTION_11_TO_SECTION_19,2025-12-12,SECTION_11,111,False,,2026-09-29,180,180,180,1,0.4932,0,False,False,Solapur,Malshiras,,District Collectorate & Administration Solapur,RFCTLARR_2013,Rural Infrastructure,False,,,,,,,NOT_PUBLISHED_IN_GAZETTE,NOT_PUBLISHED_IN_STRUCTURED_DATA,NOT_APPLICABLE_IN_REAL_DATA,NOT_APPLICABLE_PRE_AWARD,UNPARSED_SCHEDULE_TABLE,UNPARSED_SCHEDULE_TABLE,NOT_PUBLISHED_IN_STRUCTURED_DATA,,
CAS_CLEAN_027,SNP_CAS_CLEAN_027_S11_S19_20260727,2026-07-27,SECTION_11_TO_SECTION_19,2026-04-28,SECTION_11,64,False,,2026-09-29,90,90,90,1,0.2466,0,False,False,Nagpur,,,District Collectorate & Administration Nagpur,RFCTLARR_2013,Rural Infrastructure,False,,,,,,,NOT_PUBLISHED_IN_GAZETTE,NOT_PUBLISHED_IN_STRUCTURED_DATA,NOT_APPLICABLE_IN_REAL_DATA,NOT_APPLICABLE_PRE_AWARD,UNPARSED_SCHEDULE_TABLE,UNPARSED_SCHEDULE_TABLE,NOT_PUBLISHED_IN_STRUCTURED_DATA,,
CAS_CLEAN_028,SNP_CAS_CLEAN_028_S11_S19_20260727,2026-07-27,SECTION_11_TO_SECTION_19,2026-04-28,SECTION_11,64,False,,2026-09-29,90,90,90,1,0.2466,0,False,False,Nagpur,,,District Collectorate & Administration Nagpur,RFCTLARR_2013,Rural Infrastructure,False,,,,,,,NOT_PUBLISHED_IN_GAZETTE,NOT_PUBLISHED_IN_STRUCTURED_DATA,NOT_APPLICABLE_IN_REAL_DATA,NOT_APPLICABLE_PRE_AWARD,UNPARSED_SCHEDULE_TABLE,UNPARSED_SCHEDULE_TABLE,NOT_PUBLISHED_IN_STRUCTURED_DATA,,
CAS_CLEAN_174,SNP_CAS_CLEAN_174_S11_S19_20260729,2026-07-29,SECTION_11_TO_SECTION_19,2026-07-29,SECTION_11,62,False,,2026-09-29,0,0,0,1,0.0,0,False,False,Nashik,,,District Collectorate & Administration Nashik,RFCTLARR_2013,Ring Road,False,,,,,,,NOT_PUBLISHED_IN_GAZETTE,NOT_PUBLISHED_IN_STRUCTURED_DATA,NOT_APPLICABLE_IN_REAL_DATA,NOT_APPLICABLE_PRE_AWARD,UNPARSED_SCHEDULE_TABLE,UNPARSED_SCHEDULE_TABLE,NOT_PUBLISHED_IN_STRUCTURED_DATA,,
CAS_CLEAN_175,SNP_CAS_CLEAN_175_S11_S19_20260729,2026-07-29,SECTION_11_TO_SECTION_19,2026-07-29,SECTION_11,62,False,,2026-09-29,0,0,0,1,0.0,0,False,False,Nashik,,,District Collectorate & Administration Nashik,RFCTLARR_2013,Ring Road,False,,,,,,,NOT_PUBLISHED_IN_GAZETTE,NOT_PUBLISHED_IN_STRUCTURED_DATA,NOT_APPLICABLE_IN_REAL_DATA,NOT_APPLICABLE_PRE_AWARD,UNPARSED_SCHEDULE_TABLE,UNPARSED_SCHEDULE_TABLE,NOT_PUBLISHED_IN_STRUCTURED_DATA,,
CAS_CLEAN_249,SNP_CAS_CLEAN_249_S11_S19_20260802,2026-08-02,SECTION_11_TO_SECTION_19,2026-05-04,SECTION_11,58,False,,2026-09-29,90,90,90,1,0.2466,0,False,False,Pune,Pune City,Mundhawa,District Collectorate & Administration Pune,LAND_ACQUISITION_ACT_1894,Highway / Road Widening,False,,,,,,,NOT_PUBLISHED_IN_GAZETTE,NOT_PUBLISHED_IN_STRUCTURED_DATA,NOT_APPLICABLE_IN_REAL_DATA,NOT_APPLICABLE_PRE_AWARD,UNPARSED_SCHEDULE_TABLE,UNPARSED_SCHEDULE_TABLE,NOT_PUBLISHED_IN_STRUCTURED_DATA,,
CAS_CLEAN_261,SNP_CAS_CLEAN_261_S11_S19_20260807,2026-08-07,SECTION_11_TO_SECTION_19,2026-08-07,SECTION_11,53,False,,2026-09-29,0,0,0,1,0.0,0,False,False,Solapur,,,District Collectorate & Administration Solapur,RFCTLARR_2013,Highway / Road Widening,False,,,,,,,NOT_PUBLISHED_IN_GAZETTE,NOT_PUBLISHED_IN_STRUCTURED_DATA,NOT_APPLICABLE_IN_REAL_DATA,NOT_APPLICABLE_PRE_AWARD,UNPARSED_SCHEDULE_TABLE,UNPARSED_SCHEDULE_TABLE,NOT_PUBLISHED_IN_STRUCTURED_DATA,,
CAS_CLEAN_007,SNP_CAS_CLEAN_007_S11_S19_20260814,2026-08-14,SECTION_11_TO_SECTION_19,2026-08-14,SECTION_11,46,False,,2026-09-29,0,0,0,1,0.0,0,False,False,Nagpur,कुही,Banor,District Collectorate & Administration Nagpur,RFCTLARR_2013,Rural Infrastructure,False,,,,,,,NOT_PUBLISHED_IN_GAZETTE,NOT_PUBLISHED_IN_STRUCTURED_DATA,NOT_APPLICABLE_IN_REAL_DATA,NOT_APPLICABLE_PRE_AWARD,UNPARSED_SCHEDULE_TABLE,UNPARSED_SCHEDULE_TABLE,NOT_PUBLISHED_IN_STRUCTURED_DATA,,
CAS_CLEAN_008,SNP_CAS_CLEAN_008_S11_S19_20260814,2026-08-14,SECTION_11_TO_SECTION_19,2026-08-14,SECTION_11,46,False,,2026-09-29,0,0,0,1,0.0,0,False,False,Nagpur,Umred,Barvha,District Collectorate & Administration Nagpur,RFCTLARR_2013,Rural Infrastructure,False,,,,,,,NOT_PUBLISHED_IN_GAZETTE,NOT_PUBLISHED_IN_STRUCTURED_DATA,NOT_APPLICABLE_IN_REAL_DATA,NOT_APPLICABLE_PRE_AWARD,UNPARSED_SCHEDULE_TABLE,UNPARSED_SCHEDULE_TABLE,NOT_PUBLISHED_IN_STRUCTURED_DATA,,
CAS_CLEAN_013,SNP_CAS_CLEAN_013_S11_S19_20260814,2026-08-14,SECTION_11_TO_SECTION_19,2026-08-14,SECTION_11,46,False,,2026-09-29,0,0,0,1,0.0,0,False,False,Nagpur,,Bhiwapur,District Collectorate & Administration Nagpur,RFCTLARR_2013,Rural Infrastructure,False,,,,,,,NOT_PUBLISHED_IN_GAZETTE,NOT_PUBLISHED_IN_STRUCTURED_DATA,NOT_APPLICABLE_IN_REAL_DATA,NOT_APPLICABLE_PRE_AWARD,UNPARSED_SCHEDULE_TABLE,UNPARSED_SCHEDULE_TABLE,NOT_PUBLISHED_IN_STRUCTURED_DATA,,
CAS_CLEAN_017,SNP_CAS_CLEAN_017_S11_S19_20260814,2026-08-14,SECTION_11_TO_SECTION_19,2026-08-14,SECTION_11,46,False,,2026-09-29,0,0,0,1,0.0,0,False,False,Nagpur,Kuhi,Bori Sadachar,District Collectorate & Administration Nagpur,RFCTLARR_2013,Rural Infrastructure,False,,,,,,,NOT_PUBLISHED_IN_GAZETTE,NOT_PUBLISHED_IN_STRUCTURED_DATA,NOT_APPLICABLE_IN_REAL_DATA,NOT_APPLICABLE_PRE_AWARD,UNPARSED_SCHEDULE_TABLE,UNPARSED_SCHEDULE_TABLE,NOT_PUBLISHED_IN_STRUCTURED_DATA,,
CAS_CLEAN_035,SNP_CAS_CLEAN_035_S11_S19_20260814,2026-08-14,SECTION_11_TO_SECTION_19,2026-08-14,SECTION_11,46,False,,2026-09-29,0,0,0,1,0.0,0,False,False,Nagpur,Kuhi,,District Collectorate & Administration Nagpur,RFCTLARR_2013,Rural Infrastructure,False,,,,,,,NOT_PUBLISHED_IN_GAZETTE,NOT_PUBLISHED_IN_STRUCTURED_DATA,NOT_APPLICABLE_IN_REAL_DATA,NOT_APPLICABLE_PRE_AWARD,UNPARSED_SCHEDULE_TABLE,UNPARSED_SCHEDULE_TABLE,NOT_PUBLISHED_IN_STRUCTURED_DATA,,
CAS_CLEAN_062,SNP_CAS_CLEAN_062_S11_S19_20260814,2026-08-14,SECTION_11_TO_SECTION_19,2026-08-14,SECTION_11,46,False,,2026-09-29,0,0,0,1,0.0,0,False,False,Nagpur,Umred,Haladgaon,District Collectorate & Administration Nagpur,RFCTLARR_2013,Rural Infrastructure,False,,,,,,,NOT_PUBLISHED_IN_GAZETTE,NOT_PUBLISHED_IN_STRUCTURED_DATA,NOT_APPLICABLE_IN_REAL_DATA,NOT_APPLICABLE_PRE_AWARD,UNPARSED_SCHEDULE_TABLE,UNPARSED_SCHEDULE_TABLE,NOT_PUBLISHED_IN_STRUCTURED_DATA,,
CAS_CLEAN_069,SNP_CAS_CLEAN_069_S11_S19_20260814,2026-08-14,SECTION_11_TO_SECTION_19,2026-08-14,SECTION_11,46,False,,2026-09-29,0,0,0,1,0.0,0,False,False,Nagpur,Kuhi,Karhandla,District Collectorate & Administration Nagpur,RFCTLARR_2013,Rural Infrastructure,False,,,,,,,NOT_PUBLISHED_IN_GAZETTE,NOT_PUBLISHED_IN_STRUCTURED_DATA,NOT_APPLICABLE_IN_REAL_DATA,NOT_APPLICABLE_PRE_AWARD,UNPARSED_SCHEDULE_TABLE,UNPARSED_SCHEDULE_TABLE,NOT_PUBLISHED_IN_STRUCTURED_DATA,,
CAS_CLEAN_082,SNP_CAS_CLEAN_082_S11_S19_20260814,2026-08-14,SECTION_11_TO_SECTION_19,2026-08-14,SECTION_11,46,False,,2026-09-29,0,0,0,1,0.0,0,False,False,Nagpur,Kuhi,Mandhal,District Collectorate & Administration Nagpur,RFCTLARR_2013,Rural Infrastructure,False,,,,,,,NOT_PUBLISHED_IN_GAZETTE,NOT_PUBLISHED_IN_STRUCTURED_DATA,NOT_APPLICABLE_IN_REAL_DATA,NOT_APPLICABLE_PRE_AWARD,UNPARSED_SCHEDULE_TABLE,UNPARSED_SCHEDULE_TABLE,NOT_PUBLISHED_IN_STRUCTURED_DATA,,
CAS_CLEAN_086,SNP_CAS_CLEAN_086_S11_S19_20260814,2026-08-14,SECTION_11_TO_SECTION_19,2026-08-14,SECTION_11,46,False,,2026-09-29,0,0,0,1,0.0,0,False,False,Nagpur,Umred,Mhasepathar(Rithi),District Collectorate & Administration Nagpur,RFCTLARR_2013,Rural Infrastructure,False,,,,,,,NOT_PUBLISHED_IN_GAZETTE,NOT_PUBLISHED_IN_STRUCTURED_DATA,NOT_APPLICABLE_IN_REAL_DATA,NOT_APPLICABLE_PRE_AWARD,UNPARSED_SCHEDULE_TABLE,UNPARSED_SCHEDULE_TABLE,NOT_PUBLISHED_IN_STRUCTURED_DATA,,
CAS_CLEAN_104,SNP_CAS_CLEAN_104_S11_S19_20260814,2026-08-14,SECTION_11_TO_SECTION_19,2026-08-14,SECTION_11,46,False,,2026-09-29,0,0,0,1,0.0,0,False,False,Nagpur,Umred,Nirvaha,District Collectorate & Administration Nagpur,RFCTLARR_2013,Rural Infrastructure,False,,,,,,,NOT_PUBLISHED_IN_GAZETTE,NOT_PUBLISHED_IN_STRUCTURED_DATA,NOT_APPLICABLE_IN_REAL_DATA,NOT_APPLICABLE_PRE_AWARD,UNPARSED_SCHEDULE_TABLE,UNPARSED_SCHEDULE_TABLE,NOT_PUBLISHED_IN_STRUCTURED_DATA,,
CAS_CLEAN_105,SNP_CAS_CLEAN_105_S11_S19_20260814,2026-08-14,SECTION_11_TO_SECTION_19,2026-08-14,SECTION_11,46,False,,2026-09-29,0,0,0,1,0.0,0,False,False,Nagpur,Kuhi,Pachkhedi (Gandli),District Collectorate & Administration Nagpur,RFCTLARR_2013,Rural Infrastructure,False,,,,,,,NOT_PUBLISHED_IN_GAZETTE,NOT_PUBLISHED_IN_STRUCTURED_DATA,NOT_APPLICABLE_IN_REAL_DATA,NOT_APPLICABLE_PRE_AWARD,UNPARSED_SCHEDULE_TABLE,UNPARSED_SCHEDULE_TABLE,NOT_PUBLISHED_IN_STRUCTURED_DATA,,
CAS_CLEAN_106,SNP_CAS_CLEAN_106_S11_S19_20260814,2026-08-14,SECTION_11_TO_SECTION_19,2026-08-14,SECTION_11,46,False,,2026-09-29,0,0,0,1,0.0,0,False,False,Nagpur,Umred,Parsodi (Uti),District Collectorate & Administration Nagpur,RFCTLARR_2013,Rural Infrastructure,False,,,,,,,NOT_PUBLISHED_IN_GAZETTE,NOT_PUBLISHED_IN_STRUCTURED_DATA,NOT_APPLICABLE_IN_REAL_DATA,NOT_APPLICABLE_PRE_AWARD,UNPARSED_SCHEDULE_TABLE,UNPARSED_SCHEDULE_TABLE,NOT_PUBLISHED_IN_STRUCTURED_DATA,,
CAS_CLEAN_119,SNP_CAS_CLEAN_119_S11_S19_20260814,2026-08-14,SECTION_11_TO_SECTION_19,2026-08-14,SECTION_11,46,False,,2026-09-29,0,0,0,1,0.0,0,False,False,Nagpur,Umred,Pusagondi(Rithi),District Collectorate & Administration Nagpur,RFCTLARR_2013,Rural Infrastructure,False,,,,,,,NOT_PUBLISHED_IN_GAZETTE,NOT_PUBLISHED_IN_STRUCTURED_DATA,NOT_APPLICABLE_IN_REAL_DATA,NOT_APPLICABLE_PRE_AWARD,UNPARSED_SCHEDULE_TABLE,UNPARSED_SCHEDULE_TABLE,NOT_PUBLISHED_IN_STRUCTURED_DATA,,
CAS_CLEAN_122,SNP_CAS_CLEAN_122_S11_S19_20260814,2026-08-14,SECTION_11_TO_SECTION_19,2026-08-14,SECTION_11,46,False,,2026-09-29,0,0,0,1,0.0,0,False,False,Nagpur,Kuhi,Rajoli,District Collectorate & Administration Nagpur,RFCTLARR_2013,Rural Infrastructure,False,,,,,,,NOT_PUBLISHED_IN_GAZETTE,NOT_PUBLISHED_IN_STRUCTURED_DATA,NOT_APPLICABLE_IN_REAL_DATA,NOT_APPLICABLE_PRE_AWARD,UNPARSED_SCHEDULE_TABLE,UNPARSED_SCHEDULE_TABLE,NOT_PUBLISHED_IN_STRUCTURED_DATA,,
CAS_CLEAN_130,SNP_CAS_CLEAN_130_S11_S19_20260814,2026-08-14,SECTION_11_TO_SECTION_19,2026-08-14,SECTION_11,46,False,,2026-09-29,0,0,0,1,0.0,0,False,False,Nagpur,Umred,Salai,District Collectorate & Administration Nagpur,RFCTLARR_2013,Rural Infrastructure,False,,,,,,,NOT_PUBLISHED_IN_GAZETTE,NOT_PUBLISHED_IN_STRUCTURED_DATA,NOT_APPLICABLE_IN_REAL_DATA,NOT_APPLICABLE_PRE_AWARD,UNPARSED_SCHEDULE_TABLE,UNPARSED_SCHEDULE_TABLE,NOT_PUBLISHED_IN_STRUCTURED_DATA,,
CAS_CLEAN_141,SNP_CAS_CLEAN_141_S11_S19_20260814,2026-08-14,SECTION_11_TO_SECTION_19,2026-08-14,SECTION_11,46,False,,2026-09-29,0,0,0,1,0.0,0,False,False,Nagpur,Kuhi,Siroli(Rithi),District Collectorate & Administration Nagpur,RFCTLARR_2013,Rural Infrastructure,False,,,,,,,NOT_PUBLISHED_IN_GAZETTE,NOT_PUBLISHED_IN_STRUCTURED_DATA,NOT_APPLICABLE_IN_REAL_DATA,NOT_APPLICABLE_PRE_AWARD,UNPARSED_SCHEDULE_TABLE,UNPARSED_SCHEDULE_TABLE,NOT_PUBLISHED_IN_STRUCTURED_DATA,,
CAS_CLEAN_143,SNP_CAS_CLEAN_143_S11_S19_20260814,2026-08-14,SECTION_11_TO_SECTION_19,2026-08-14,SECTION_11,46,False,,2026-09-29,0,0,0,1,0.0,0,False,False,Nagpur,Umred,Sonpuri,District Collectorate & Administration Nagpur,RFCTLARR_2013,Rural Infrastructure,False,,,,,,,NOT_PUBLISHED_IN_GAZETTE,NOT_PUBLISHED_IN_STRUCTURED_DATA,NOT_APPLICABLE_IN_REAL_DATA,NOT_APPLICABLE_PRE_AWARD,UNPARSED_SCHEDULE_TABLE,UNPARSED_SCHEDULE_TABLE,NOT_PUBLISHED_IN_STRUCTURED_DATA,,
CAS_CLEAN_150,SNP_CAS_CLEAN_150_S11_S19_20260814,2026-08-14,SECTION_11_TO_SECTION_19,2026-08-14,SECTION_11,46,False,,2026-09-29,0,0,0,1,0.0,0,False,False,Nagpur,Umred,Tikhadi,District Collectorate & Administration Nagpur,RFCTLARR_2013,Rural Infrastructure,False,,,,,,,NOT_PUBLISHED_IN_GAZETTE,NOT_PUBLISHED_IN_STRUCTURED_DATA,NOT_APPLICABLE_IN_REAL_DATA,NOT_APPLICABLE_PRE_AWARD,UNPARSED_SCHEDULE_TABLE,UNPARSED_SCHEDULE_TABLE,NOT_PUBLISHED_IN_STRUCTURED_DATA,,
CAS_CLEAN_152,SNP_CAS_CLEAN_152_S11_S19_20260814,2026-08-14,SECTION_11_TO_SECTION_19,2026-08-14,SECTION_11,46,False,,2026-09-29,0,0,0,1,0.0,0,False,False,Nagpur,Umred,Umra,District Collectorate & Administration Nagpur,RFCTLARR_2013,Rural Infrastructure,False,,,,,,,NOT_PUBLISHED_IN_GAZETTE,NOT_PUBLISHED_IN_STRUCTURED_DATA,NOT_APPLICABLE_IN_REAL_DATA,NOT_APPLICABLE_PRE_AWARD,UNPARSED_SCHEDULE_TABLE,UNPARSED_SCHEDULE_TABLE,NOT_PUBLISHED_IN_STRUCTURED_DATA,,
CAS_CLEAN_157,SNP_CAS_CLEAN_157_S11_S19_20260814,2026-08-14,SECTION_11_TO_SECTION_19,2026-08-14,SECTION_11,46,False,,2026-09-29,0,0,0,1,0.0,0,False,False,Nagpur,Umred,Wadegaon,District Collectorate & Administration Nagpur,RFCTLARR_2013,Rural Infrastructure,False,,,,,,,NOT_PUBLISHED_IN_GAZETTE,NOT_PUBLISHED_IN_STRUCTURED_DATA,NOT_APPLICABLE_IN_REAL_DATA,NOT_APPLICABLE_PRE_AWARD,UNPARSED_SCHEDULE_TABLE,UNPARSED_SCHEDULE_TABLE,NOT_PUBLISHED_IN_STRUCTURED_DATA,,
CAS_CLEAN_159,SNP_CAS_CLEAN_159_S11_S19_20260814,2026-08-14,SECTION_11_TO_SECTION_19,2026-08-14,SECTION_11,46,False,,2026-09-29,0,0,0,1,0.0,0,False,False,Nagpur,Kuhi,Wag,District Collectorate & Administration Nagpur,RFCTLARR_2013,Rural Infrastructure,False,,,,,,,NOT_PUBLISHED_IN_GAZETTE,NOT_PUBLISHED_IN_STRUCTURED_DATA,NOT_APPLICABLE_IN_REAL_DATA,NOT_APPLICABLE_PRE_AWARD,UNPARSED_SCHEDULE_TABLE,UNPARSED_SCHEDULE_TABLE,NOT_PUBLISHED_IN_STRUCTURED_DATA,,
CAS_CLEAN_188,SNP_CAS_CLEAN_188_S11_S19_20260814,2026-08-14,SECTION_11_TO_SECTION_19,2026-08-14,SECTION_11,46,False,,2026-09-29,0,0,0,1,0.0,0,False,False,Pune,,,District Collectorate & Administration Pune,RFCTLARR_2013,Rural Infrastructure,False,,,,,,,NOT_PUBLISHED_IN_GAZETTE,NOT_PUBLISHED_IN_STRUCTURED_DATA,NOT_APPLICABLE_IN_REAL_DATA,NOT_APPLICABLE_PRE_AWARD,UNPARSED_SCHEDULE_TABLE,UNPARSED_SCHEDULE_TABLE,NOT_PUBLISHED_IN_STRUCTURED_DATA,,
CAS_CLEAN_004,SNP_CAS_CLEAN_004_S11_S19_20260817,2026-08-17,SECTION_11_TO_SECTION_19,2026-08-17,SECTION_11,43,False,,2026-09-29,0,0,0,1,0.0,0,False,False,Nagpur,Hingna,Asola (Sawangi)Taluka Hingna,District Collectorate & Administration Nagpur,RFCTLARR_2013,Rural Infrastructure,False,,,,,,,NOT_PUBLISHED_IN_GAZETTE,NOT_PUBLISHED_IN_STRUCTURED_DATA,NOT_APPLICABLE_IN_REAL_DATA,NOT_APPLICABLE_PRE_AWARD,UNPARSED_SCHEDULE_TABLE,UNPARSED_SCHEDULE_TABLE,NOT_PUBLISHED_IN_STRUCTURED_DATA,,
CAS_CLEAN_012,SNP_CAS_CLEAN_012_S11_S19_20260817,2026-08-17,SECTION_11_TO_SECTION_19,2026-08-17,SECTION_11,43,False,,2026-09-29,0,0,0,1,0.0,0,False,False,Nagpur,Hingna,Bhansuli,District Collectorate & Administration Nagpur,RFCTLARR_2013,Rural Infrastructure,False,,,,,,,NOT_PUBLISHED_IN_GAZETTE,NOT_PUBLISHED_IN_STRUCTURED_DATA,NOT_APPLICABLE_IN_REAL_DATA,NOT_APPLICABLE_PRE_AWARD,UNPARSED_SCHEDULE_TABLE,UNPARSED_SCHEDULE_TABLE,NOT_PUBLISHED_IN_STRUCTURED_DATA,,
CAS_CLEAN_063,SNP_CAS_CLEAN_063_S11_S19_20260817,2026-08-17,SECTION_11_TO_SECTION_19,2026-08-17,SECTION_11,43,False,,2026-09-29,0,0,0,1,0.0,0,False,False,Nagpur,Hingna,Haladgao,District Collectorate & Administration Nagpur,RFCTLARR_2013,Rural Infrastructure,False,,,,,,,NOT_PUBLISHED_IN_GAZETTE,NOT_PUBLISHED_IN_STRUCTURED_DATA,NOT_APPLICABLE_IN_REAL_DATA,NOT_APPLICABLE_PRE_AWARD,UNPARSED_SCHEDULE_TABLE,UNPARSED_SCHEDULE_TABLE,NOT_PUBLISHED_IN_STRUCTURED_DATA,,
CAS_CLEAN_068,SNP_CAS_CLEAN_068_S11_S19_20260817,2026-08-17,SECTION_11_TO_SECTION_19,2026-08-17,SECTION_11,43,False,,2026-09-29,0,0,0,1,0.0,0,False,False,Nagpur,Hingna,Junapani (Rithi),District Collectorate & Administration Nagpur,RFCTLARR_2013,Rural Infrastructure,False,,,,,,,NOT_PUBLISHED_IN_GAZETTE,NOT_PUBLISHED_IN_STRUCTURED_DATA,NOT_APPLICABLE_IN_REAL_DATA,NOT_APPLICABLE_PRE_AWARD,UNPARSED_SCHEDULE_TABLE,UNPARSED_SCHEDULE_TABLE,NOT_PUBLISHED_IN_STRUCTURED_DATA,,
CAS_CLEAN_077,SNP_CAS_CLEAN_077_S11_S19_20260817,2026-08-17,SECTION_11_TO_SECTION_19,2026-08-17,SECTION_11,43,False,,2026-09-29,0,0,0,1,0.0,0,False,False,Nagpur,Hingna,Kohali (Rithi),District Collectorate & Administration Nagpur,RFCTLARR_2013,Rural Infrastructure,False,,,,,,,NOT_PUBLISHED_IN_GAZETTE,NOT_PUBLISHED_IN_STRUCTURED_DATA,NOT_APPLICABLE_IN_REAL_DATA,NOT_APPLICABLE_PRE_AWARD,UNPARSED_SCHEDULE_TABLE,UNPARSED_SCHEDULE_TABLE,NOT_PUBLISHED_IN_STRUCTURED_DATA,,
CAS_CLEAN_090,SNP_CAS_CLEAN_090_S11_S19_20260817,2026-08-17,SECTION_11_TO_SECTION_19,2026-08-17,SECTION_11,43,False,,2026-09-29,0,0,0,1,0.0,0,False,False,Nagpur,Hingna,Murzadi,District Collectorate & Administration Nagpur,RFCTLARR_2013,Rural Infrastructure,False,,,,,,,NOT_PUBLISHED_IN_GAZETTE,NOT_PUBLISHED_IN_STRUCTURED_DATA,NOT_APPLICABLE_IN_REAL_DATA,NOT_APPLICABLE_PRE_AWARD,UNPARSED_SCHEDULE_TABLE,UNPARSED_SCHEDULE_TABLE,NOT_PUBLISHED_IN_STRUCTURED_DATA,,
CAS_CLEAN_135,SNP_CAS_CLEAN_135_S11_S19_20260817,2026-08-17,SECTION_11_TO_SECTION_19,2026-08-17,SECTION_11,43,False,,2026-09-29,0,0,0,1,0.0,0,False,False,Nagpur,Hingna,Sawangi (Aa)Taluka Hingna,District Collectorate & Administration Nagpur,RFCTLARR_2013,Rural Infrastructure,False,,,,,,,NOT_PUBLISHED_IN_GAZETTE,NOT_PUBLISHED_IN_STRUCTURED_DATA,NOT_APPLICABLE_IN_REAL_DATA,NOT_APPLICABLE_PRE_AWARD,UNPARSED_SCHEDULE_TABLE,UNPARSED_SCHEDULE_TABLE,NOT_PUBLISHED_IN_STRUCTURED_DATA,,
CAS_CLEAN_153,SNP_CAS_CLEAN_153_S11_S19_20260817,2026-08-17,SECTION_11_TO_SECTION_19,2026-08-17,SECTION_11,43,False,,2026-09-29,0,0,0,1,0.0,0,False,False,Nagpur,Hingna,Vadgaon (Bakshi),District Collectorate & Administration Nagpur,RFCTLARR_2013,Rural Infrastructure,False,,,,,,,NOT_PUBLISHED_IN_GAZETTE,NOT_PUBLISHED_IN_STRUCTURED_DATA,NOT_APPLICABLE_IN_REAL_DATA,NOT_APPLICABLE_PRE_AWARD,UNPARSED_SCHEDULE_TABLE,UNPARSED_SCHEDULE_TABLE,NOT_PUBLISHED_IN_STRUCTURED_DATA,,
CAS_CLEAN_018,SNP_CAS_CLEAN_018_S11_S19_20260819,2026-08-19,SECTION_11_TO_SECTION_19,2026-08-19,SECTION_11,41,False,,2026-09-29,0,0,0,1,0.0,0,False,False,Nagpur,Nagpur (Gramin),Bori,District Collectorate & Administration Nagpur,RFCTLARR_2013,Rural Infrastructure,False,,,,,,,NOT_PUBLISHED_IN_GAZETTE,NOT_PUBLISHED_IN_STRUCTURED_DATA,NOT_APPLICABLE_IN_REAL_DATA,NOT_APPLICABLE_PRE_AWARD,UNPARSED_SCHEDULE_TABLE,UNPARSED_SCHEDULE_TABLE,NOT_PUBLISHED_IN_STRUCTURED_DATA,,
CAS_CLEAN_037,SNP_CAS_CLEAN_037_S11_S19_20260819,2026-08-19,SECTION_11_TO_SECTION_19,2026-05-21,SECTION_11,2,True,2026-08-21,,90,90,90,1,0.2466,0,False,False,Nagpur,Kuhi,Channa,District Collectorate & Administration Nagpur,RFCTLARR_2013,Rural Infrastructure,False,,,,,,,NOT_PUBLISHED_IN_GAZETTE,NOT_PUBLISHED_IN_STRUCTURED_DATA,NOT_APPLICABLE_IN_REAL_DATA,NOT_APPLICABLE_PRE_AWARD,UNPARSED_SCHEDULE_TABLE,UNPARSED_SCHEDULE_TABLE,NOT_PUBLISHED_IN_STRUCTURED_DATA,,
CAS_CLEAN_067,SNP_CAS_CLEAN_067_S11_S19_20260819,2026-08-19,SECTION_11_TO_SECTION_19,2026-08-19,SECTION_11,41,False,,2026-09-29,0,0,0,1,0.0,0,False,False,Nagpur,Nagpur (Gramin),Junapani,District Collectorate & Administration Nagpur,RFCTLARR_2013,Rural Infrastructure,False,,,,,,,NOT_PUBLISHED_IN_GAZETTE,NOT_PUBLISHED_IN_STRUCTURED_DATA,NOT_APPLICABLE_IN_REAL_DATA,NOT_APPLICABLE_PRE_AWARD,UNPARSED_SCHEDULE_TABLE,UNPARSED_SCHEDULE_TABLE,NOT_PUBLISHED_IN_STRUCTURED_DATA,,
CAS_CLEAN_075,SNP_CAS_CLEAN_075_S11_S19_20260819,2026-08-19,SECTION_11_TO_SECTION_19,2026-08-19,SECTION_11,41,False,,2026-09-29,0,0,0,1,0.0,0,False,False,Nagpur,Nagpur (Gramin),Kirnapur,District Collectorate & Administration Nagpur,RFCTLARR_2013,Rural Infrastructure,False,,,,,,,NOT_PUBLISHED_IN_GAZETTE,NOT_PUBLISHED_IN_STRUCTURED_DATA,NOT_APPLICABLE_IN_REAL_DATA,NOT_APPLICABLE_PRE_AWARD,UNPARSED_SCHEDULE_TABLE,UNPARSED_SCHEDULE_TABLE,NOT_PUBLISHED_IN_STRUCTURED_DATA,,
CAS_CLEAN_084,SNP_CAS_CLEAN_084_S11_S19_20260819,2026-08-19,SECTION_11_TO_SECTION_19,2026-08-19,SECTION_11,41,False,,2026-09-29,0,0,0,1,0.0,0,False,False,Nagpur,Nagpur (Gramin),Mangarul,District Collectorate & Administration Nagpur,RFCTLARR_2013,Rural Infrastructure,False,,,,,,,NOT_PUBLISHED_IN_GAZETTE,NOT_PUBLISHED_IN_STRUCTURED_DATA,NOT_APPLICABLE_IN_REAL_DATA,NOT_APPLICABLE_PRE_AWARD,UNPARSED_SCHEDULE_TABLE,UNPARSED_SCHEDULE_TABLE,NOT_PUBLISHED_IN_STRUCTURED_DATA,,
CAS_CLEAN_089,SNP_CAS_CLEAN_089_S11_S19_20260819,2026-08-19,SECTION_11_TO_SECTION_19,2026-08-19,SECTION_11,41,False,,2026-09-29,0,0,0,1,0.0,0,False,False,Nagpur,Nagpur (Gramin),Murarpur,District Collectorate & Administration Nagpur,RFCTLARR_2013,Rural Infrastructure,False,,,,,,,NOT_PUBLISHED_IN_GAZETTE,NOT_PUBLISHED_IN_STRUCTURED_DATA,NOT_APPLICABLE_IN_REAL_DATA,NOT_APPLICABLE_PRE_AWARD,UNPARSED_SCHEDULE_TABLE,UNPARSED_SCHEDULE_TABLE,NOT_PUBLISHED_IN_STRUCTURED_DATA,,
CAS_CLEAN_107,SNP_CAS_CLEAN_107_S11_S19_20260819,2026-08-19,SECTION_11_TO_SECTION_19,2026-08-19,SECTION_11,41,False,,2026-09-29,0,0,0,1,0.0,0,False,False,Nagpur,Nagpur (Gramin),Parsodi,District Collectorate & Administration Nagpur,RFCTLARR_2013,Rural Infrastructure,False,,,,,,,NOT_PUBLISHED_IN_GAZETTE,NOT_PUBLISHED_IN_STRUCTURED_DATA,NOT_APPLICABLE_IN_REAL_DATA,NOT_APPLICABLE_PRE_AWARD,UNPARSED_SCHEDULE_TABLE,UNPARSED_SCHEDULE_TABLE,NOT_PUBLISHED_IN_STRUCTURED_DATA,,
CAS_CLEAN_123,SNP_CAS_CLEAN_123_S11_S19_20260819,2026-08-19,SECTION_11_TO_SECTION_19,2026-08-19,SECTION_11,41,False,,2026-09-29,0,0,0,1,0.0,0,False,False,Nagpur,Nagpur (Gramin),Rampur,District Collectorate & Administration Nagpur,RFCTLARR_2013,Rural Infrastructure,False,,,,,,,NOT_PUBLISHED_IN_GAZETTE,NOT_PUBLISHED_IN_STRUCTURED_DATA,NOT_APPLICABLE_IN_REAL_DATA,NOT_APPLICABLE_PRE_AWARD,UNPARSED_SCHEDULE_TABLE,UNPARSED_SCHEDULE_TABLE,NOT_PUBLISHED_IN_STRUCTURED_DATA,,
CAS_CLEAN_125,SNP_CAS_CLEAN_125_S11_S19_20260819,2026-08-19,SECTION_11_TO_SECTION_19,2026-08-19,SECTION_11,41,False,,2026-09-29,0,0,0,1,0.0,0,False,False,Nagpur,Nagpur (Gramin),Ruikheiri,District Collectorate & Administration Nagpur,RFCTLARR_2013,Rural Infrastructure,False,,,,,,,NOT_PUBLISHED_IN_GAZETTE,NOT_PUBLISHED_IN_STRUCTURED_DATA,NOT_APPLICABLE_IN_REAL_DATA,NOT_APPLICABLE_PRE_AWARD,UNPARSED_SCHEDULE_TABLE,UNPARSED_SCHEDULE_TABLE,NOT_PUBLISHED_IN_STRUCTURED_DATA,,
CAS_CLEAN_144,SNP_CAS_CLEAN_144_S11_S19_20260819,2026-08-19,SECTION_11_TO_SECTION_19,2026-08-19,SECTION_11,41,False,,2026-09-29,0,0,0,1,0.0,0,False,False,Nagpur,Nagpur (Gramin),Sonurli,District Collectorate & Administration Nagpur,RFCTLARR_2013,Rural Infrastructure,False,,,,,,,NOT_PUBLISHED_IN_GAZETTE,NOT_PUBLISHED_IN_STRUCTURED_DATA,NOT_APPLICABLE_IN_REAL_DATA,NOT_APPLICABLE_PRE_AWARD,UNPARSED_SCHEDULE_TABLE,UNPARSED_SCHEDULE_TABLE,NOT_PUBLISHED_IN_STRUCTURED_DATA,,
CAS_CLEAN_151,SNP_CAS_CLEAN_151_S11_S19_20260819,2026-08-19,SECTION_11_TO_SECTION_19,2026-08-19,SECTION_11,41,False,,2026-09-29,0,0,0,1,0.0,0,False,False,Nagpur,Nagpur (Gramin),Tumdi,District Collectorate & Administration Nagpur,RFCTLARR_2013,Rural Infrastructure,False,,,,,,,NOT_PUBLISHED_IN_GAZETTE,NOT_PUBLISHED_IN_STRUCTURED_DATA,NOT_APPLICABLE_IN_REAL_DATA,NOT_APPLICABLE_PRE_AWARD,UNPARSED_SCHEDULE_TABLE,UNPARSED_SCHEDULE_TABLE,NOT_PUBLISHED_IN_STRUCTURED_DATA,,
CAS_CLEAN_155,SNP_CAS_CLEAN_155_S11_S19_20260819,2026-08-19,SECTION_11_TO_SECTION_19,2026-08-19,SECTION_11,41,False,,2026-09-29,0,0,0,1,0.0,0,False,False,Nagpur,Nagpur (Gramin),Varanga,District Collectorate & Administration Nagpur,RFCTLARR_2013,Rural Infrastructure,False,,,,,,,NOT_PUBLISHED_IN_GAZETTE,NOT_PUBLISHED_IN_STRUCTURED_DATA,NOT_APPLICABLE_IN_REAL_DATA,NOT_APPLICABLE_PRE_AWARD,UNPARSED_SCHEDULE_TABLE,UNPARSED_SCHEDULE_TABLE,NOT_PUBLISHED_IN_STRUCTURED_DATA,,
CAS_CLEAN_257,SNP_CAS_CLEAN_257_S11_S19_20260825,2026-08-25,SECTION_11_TO_SECTION_19,2026-08-25,SECTION_11,35,False,,2026-09-29,0,0,0,1,0.0,0,False,False,Pune,Haweli,Vadgaon Sheri,District Collectorate & Administration Pune,RAILWAYS_ACT_2008,Highway / Road Widening,False,,,,,,,NOT_PUBLISHED_IN_GAZETTE,NOT_PUBLISHED_IN_STRUCTURED_DATA,NOT_APPLICABLE_IN_REAL_DATA,NOT_APPLICABLE_PRE_AWARD,UNPARSED_SCHEDULE_TABLE,UNPARSED_SCHEDULE_TABLE,NOT_PUBLISHED_IN_STRUCTURED_DATA,,
CAS_CLEAN_137,SNP_CAS_CLEAN_137_S11_S19_20260903,2026-09-03,SECTION_11_TO_SECTION_19,2026-09-03,SECTION_11,26,False,,2026-09-29,0,0,0,1,0.0,0,False,False,Nagpur,Kuhi,Sawangi,District Collectorate & Administration Nagpur,RFCTLARR_2013,Rural Infrastructure,False,,,,,,,NOT_PUBLISHED_IN_GAZETTE,NOT_PUBLISHED_IN_STRUCTURED_DATA,NOT_APPLICABLE_IN_REAL_DATA,NOT_APPLICABLE_PRE_AWARD,UNPARSED_SCHEDULE_TABLE,UNPARSED_SCHEDULE_TABLE,NOT_PUBLISHED_IN_STRUCTURED_DATA,,
CAS_CLEAN_118,SNP_CAS_CLEAN_118_S11_S19_20260907,2026-09-07,SECTION_11_TO_SECTION_19,2026-09-07,SECTION_11,22,False,,2026-09-29,0,0,0,1,0.0,0,False,False,Nagpur,Bhivapur,Pullar,District Collectorate & Administration Nagpur,RFCTLARR_2013,Rural Infrastructure,False,,,,,,,NOT_PUBLISHED_IN_GAZETTE,NOT_PUBLISHED_IN_STRUCTURED_DATA,NOT_APPLICABLE_IN_REAL_DATA,NOT_APPLICABLE_PRE_AWARD,UNPARSED_SCHEDULE_TABLE,UNPARSED_SCHEDULE_TABLE,NOT_PUBLISHED_IN_STRUCTURED_DATA,,
CAS_CLEAN_259,SNP_CAS_CLEAN_259_S11_S19_20260908,2026-09-08,SECTION_11_TO_SECTION_19,2025-12-12,SECTION_11,21,False,,2026-09-29,270,270,270,1,0.7397,0,False,False,Solapur,Malshiras,,District Collectorate & Administration Solapur,RFCTLARR_2013,Rural Infrastructure,False,,,,,,,NOT_PUBLISHED_IN_GAZETTE,NOT_PUBLISHED_IN_STRUCTURED_DATA,NOT_APPLICABLE_IN_REAL_DATA,NOT_APPLICABLE_PRE_AWARD,UNPARSED_SCHEDULE_TABLE,UNPARSED_SCHEDULE_TABLE,NOT_PUBLISHED_IN_STRUCTURED_DATA,,
CAS_CLEAN_074,SNP_CAS_CLEAN_074_S11_S19_20260911,2026-09-11,SECTION_11_TO_SECTION_19,2026-09-11,SECTION_11,18,False,,2026-09-29,0,0,0,1,0.0,0,False,False,Nagpur,Nagpur (Gramin),Kiranpur,District Collectorate & Administration Nagpur,RFCTLARR_2013,Rural Infrastructure,False,,,,,,,NOT_PUBLISHED_IN_GAZETTE,NOT_PUBLISHED_IN_STRUCTURED_DATA,NOT_APPLICABLE_IN_REAL_DATA,NOT_APPLICABLE_PRE_AWARD,UNPARSED_SCHEDULE_TABLE,UNPARSED_SCHEDULE_TABLE,NOT_PUBLISHED_IN_STRUCTURED_DATA,,
CAS_CLEAN_048,SNP_CAS_CLEAN_048_S11_S19_20260922,2026-09-22,SECTION_11_TO_SECTION_19,2026-09-22,SECTION_11,7,False,,2026-09-29,0,0,0,1,0.0,0,False,False,Nagpur,Umred,Dahegaon,District Collectorate & Administration Nagpur,RFCTLARR_2013,Rural Infrastructure,False,,,,,,,NOT_PUBLISHED_IN_GAZETTE,NOT_PUBLISHED_IN_STRUCTURED_DATA,NOT_APPLICABLE_IN_REAL_DATA,NOT_APPLICABLE_PRE_AWARD,UNPARSED_SCHEDULE_TABLE,UNPARSED_SCHEDULE_TABLE,NOT_PUBLISHED_IN_STRUCTURED_DATA,,
CAS_CLEAN_049,SNP_CAS_CLEAN_049_S11_S19_20260922,2026-09-22,SECTION_11_TO_SECTION_19,2026-09-22,SECTION_11,7,False,,2026-09-29,0,0,0,1,0.0,0,False,False,Nagpur,Umred,Davha,District Collectorate & Administration Nagpur,RFCTLARR_2013,Rural Infrastructure,False,,,,,,,NOT_PUBLISHED_IN_GAZETTE,NOT_PUBLISHED_IN_STRUCTURED_DATA,NOT_APPLICABLE_IN_REAL_DATA,NOT_APPLICABLE_PRE_AWARD,UNPARSED_SCHEDULE_TABLE,UNPARSED_SCHEDULE_TABLE,NOT_PUBLISHED_IN_STRUCTURED_DATA,,
CAS_CLEAN_055,SNP_CAS_CLEAN_055_S11_S19_20260922,2026-09-22,SECTION_11_TO_SECTION_19,2026-09-22,SECTION_11,7,False,,2026-09-29,0,0,0,1,0.0,0,False,False,Nagpur,Umred,Dudha,District Collectorate & Administration Nagpur,RFCTLARR_2013,Rural Infrastructure,False,,,,,,,NOT_PUBLISHED_IN_GAZETTE,NOT_PUBLISHED_IN_STRUCTURED_DATA,NOT_APPLICABLE_IN_REAL_DATA,NOT_APPLICABLE_PRE_AWARD,UNPARSED_SCHEDULE_TABLE,UNPARSED_SCHEDULE_TABLE,NOT_PUBLISHED_IN_STRUCTURED_DATA,,
CAS_CLEAN_056,SNP_CAS_CLEAN_056_S11_S19_20260922,2026-09-22,SECTION_11_TO_SECTION_19,2026-09-22,SECTION_11,7,False,,2026-09-29,0,0,0,1,0.0,0,False,False,Nagpur,Umred,Garamsur (Rithi),District Collectorate & Administration Nagpur,RFCTLARR_2013,Rural Infrastructure,False,,,,,,,NOT_PUBLISHED_IN_GAZETTE,NOT_PUBLISHED_IN_STRUCTURED_DATA,NOT_APPLICABLE_IN_REAL_DATA,NOT_APPLICABLE_PRE_AWARD,UNPARSED_SCHEDULE_TABLE,UNPARSED_SCHEDULE_TABLE,NOT_PUBLISHED_IN_STRUCTURED_DATA,,
CAS_CLEAN_066,SNP_CAS_CLEAN_066_S11_S19_20260922,2026-09-22,SECTION_11_TO_SECTION_19,2026-09-22,SECTION_11,7,False,,2026-09-29,0,0,0,1,0.0,0,False,False,Nagpur,Umred,Jambhalapani,District Collectorate & Administration Nagpur,RFCTLARR_2013,Rural Infrastructure,False,,,,,,,NOT_PUBLISHED_IN_GAZETTE,NOT_PUBLISHED_IN_STRUCTURED_DATA,NOT_APPLICABLE_IN_REAL_DATA,NOT_APPLICABLE_PRE_AWARD,UNPARSED_SCHEDULE_TABLE,UNPARSED_SCHEDULE_TABLE,NOT_PUBLISHED_IN_STRUCTURED_DATA,,
CAS_CLEAN_138,SNP_CAS_CLEAN_138_S11_S19_20260922,2026-09-22,SECTION_11_TO_SECTION_19,2026-09-22,SECTION_11,7,False,,2026-09-29,0,0,0,1,0.0,0,False,False,Nagpur,Umred,Sayki,District Collectorate & Administration Nagpur,RFCTLARR_2013,Rural Infrastructure,False,,,,,,,NOT_PUBLISHED_IN_GAZETTE,NOT_PUBLISHED_IN_STRUCTURED_DATA,NOT_APPLICABLE_IN_REAL_DATA,NOT_APPLICABLE_PRE_AWARD,UNPARSED_SCHEDULE_TABLE,UNPARSED_SCHEDULE_TABLE,NOT_PUBLISHED_IN_STRUCTURED_DATA,,
CAS_CLEAN_158,SNP_CAS_CLEAN_158_S11_S19_20260922,2026-09-22,SECTION_11_TO_SECTION_19,2026-09-22,SECTION_11,7,False,,2026-09-29,0,0,0,1,0.0,0,False,False,Nagpur,Umred,Wagholi (Rithi),District Collectorate & Administration Nagpur,RFCTLARR_2013,Rural Infrastructure,False,,,,,,,NOT_PUBLISHED_IN_GAZETTE,NOT_PUBLISHED_IN_STRUCTURED_DATA,NOT_APPLICABLE_IN_REAL_DATA,NOT_APPLICABLE_PRE_AWARD,UNPARSED_SCHEDULE_TABLE,UNPARSED_SCHEDULE_TABLE,NOT_PUBLISHED_IN_STRUCTURED_DATA,,
CAS_CLEAN_030,SNP_CAS_CLEAN_030_S19_AWARD_20231222,2023-12-22,SECTION_19_TO_AWARD,2023-12-22,SECTION_19,1012,False,,2026-09-29,0,0,0,1,,0,False,False,Nagpur,,,District Collectorate & Administration Nagpur,RFCTLARR_2013,Rural Infrastructure,False,,,,,,,NOT_PUBLISHED_IN_GAZETTE,NOT_PUBLISHED_IN_STRUCTURED_DATA,NOT_APPLICABLE_IN_REAL_DATA,NOT_APPLICABLE_PRE_AWARD,UNPARSED_SCHEDULE_TABLE,UNPARSED_SCHEDULE_TABLE,NOT_PUBLISHED_IN_STRUCTURED_DATA,,NOT_APPLICABLE_PRE_SEC11
CAS_CLEAN_031,SNP_CAS_CLEAN_031_S19_AWARD_20231222,2023-12-22,SECTION_19_TO_AWARD,2023-12-22,SECTION_19,1012,False,,2026-09-29,0,0,0,1,,0,False,False,Nagpur,,,District Collectorate & Administration Nagpur,RFCTLARR_2013,Rural Infrastructure,False,,,,,,,NOT_PUBLISHED_IN_GAZETTE,NOT_PUBLISHED_IN_STRUCTURED_DATA,NOT_APPLICABLE_IN_REAL_DATA,NOT_APPLICABLE_PRE_AWARD,UNPARSED_SCHEDULE_TABLE,UNPARSED_SCHEDULE_TABLE,NOT_PUBLISHED_IN_STRUCTURED_DATA,,NOT_APPLICABLE_PRE_SEC11
CAS_CLEAN_111,SNP_CAS_CLEAN_111_S19_AWARD_20240307,2024-03-07,SECTION_19_TO_AWARD,2024-03-07,SECTION_19,936,False,,2026-09-29,0,0,0,1,,0,False,False,Nagpur,,Pimpladhara,District Collectorate & Administration Nagpur,RFCTLARR_2013,Rural Infrastructure,False,,,,,,,NOT_PUBLISHED_IN_GAZETTE,NOT_PUBLISHED_IN_STRUCTURED_DATA,NOT_APPLICABLE_IN_REAL_DATA,NOT_APPLICABLE_PRE_AWARD,UNPARSED_SCHEDULE_TABLE,UNPARSED_SCHEDULE_TABLE,NOT_PUBLISHED_IN_STRUCTURED_DATA,,NOT_APPLICABLE_PRE_SEC11
CAS_CLEAN_022,SNP_CAS_CLEAN_022_S19_AWARD_20240314,2024-03-14,SECTION_19_TO_AWARD,2024-03-14,SECTION_19,929,False,,2026-09-29,0,0,0,1,,0,False,False,Nagpur,,,District Collectorate & Administration Nagpur,RFCTLARR_2013,Rural Infrastructure,False,,,,,,,NOT_PUBLISHED_IN_GAZETTE,NOT_PUBLISHED_IN_STRUCTURED_DATA,NOT_APPLICABLE_IN_REAL_DATA,NOT_APPLICABLE_PRE_AWARD,UNPARSED_SCHEDULE_TABLE,UNPARSED_SCHEDULE_TABLE,NOT_PUBLISHED_IN_STRUCTURED_DATA,,NOT_APPLICABLE_PRE_SEC11
CAS_CLEAN_030,SNP_CAS_CLEAN_030_S19_AWARD_20240321,2024-03-21,SECTION_19_TO_AWARD,2023-12-22,SECTION_19,922,False,,2026-09-29,90,90,90,1,,0,False,False,Nagpur,,,District Collectorate & Administration Nagpur,RFCTLARR_2013,Rural Infrastructure,False,,,,,,,NOT_PUBLISHED_IN_GAZETTE,NOT_PUBLISHED_IN_STRUCTURED_DATA,NOT_APPLICABLE_IN_REAL_DATA,NOT_APPLICABLE_PRE_AWARD,UNPARSED_SCHEDULE_TABLE,UNPARSED_SCHEDULE_TABLE,NOT_PUBLISHED_IN_STRUCTURED_DATA,,NOT_APPLICABLE_PRE_SEC11
CAS_CLEAN_031,SNP_CAS_CLEAN_031_S19_AWARD_20240321,2024-03-21,SECTION_19_TO_AWARD,2023-12-22,SECTION_19,922,False,,2026-09-29,90,90,90,1,,0,False,False,Nagpur,,,District Collectorate & Administration Nagpur,RFCTLARR_2013,Rural Infrastructure,False,,,,,,,NOT_PUBLISHED_IN_GAZETTE,NOT_PUBLISHED_IN_STRUCTURED_DATA,NOT_APPLICABLE_IN_REAL_DATA,NOT_APPLICABLE_PRE_AWARD,UNPARSED_SCHEDULE_TABLE,UNPARSED_SCHEDULE_TABLE,NOT_PUBLISHED_IN_STRUCTURED_DATA,,NOT_APPLICABLE_PRE_SEC11
CAS_CLEAN_058,SNP_CAS_CLEAN_058_S19_AWARD_20240430,2024-04-30,SECTION_19_TO_AWARD,2024-04-30,SECTION_19,882,False,,2026-09-29,0,0,0,1,,0,False,False,Nagpur,Bhiwapur,Gondbori,District Collectorate & Administration Nagpur,RFCTLARR_2013,Rural Infrastructure,False,,,,,,,NOT_PUBLISHED_IN_GAZETTE,NOT_PUBLISHED_IN_STRUCTURED_DATA,NOT_APPLICABLE_IN_REAL_DATA,NOT_APPLICABLE_PRE_AWARD,UNPARSED_SCHEDULE_TABLE,UNPARSED_SCHEDULE_TABLE,NOT_PUBLISHED_IN_STRUCTURED_DATA,,NOT_APPLICABLE_PRE_SEC11
CAS_CLEAN_059,SNP_CAS_CLEAN_059_S19_AWARD_20240430,2024-04-30,SECTION_19_TO_AWARD,2024-04-30,SECTION_19,882,False,,2026-09-29,0,0,0,1,,0,False,False,Nagpur,Bhiwapur,Gondbori,District Collectorate & Administration Nagpur,RFCTLARR_2013,Rural Infrastructure,False,,,,,,,NOT_PUBLISHED_IN_GAZETTE,NOT_PUBLISHED_IN_STRUCTURED_DATA,NOT_APPLICABLE_IN_REAL_DATA,NOT_APPLICABLE_PRE_AWARD,UNPARSED_SCHEDULE_TABLE,UNPARSED_SCHEDULE_TABLE,NOT_PUBLISHED_IN_STRUCTURED_DATA,,NOT_APPLICABLE_PRE_SEC11
CAS_CLEAN_110,SNP_CAS_CLEAN_110_S19_AWARD_20240430,2024-04-30,SECTION_19_TO_AWARD,2024-04-30,SECTION_19,882,False,,2026-09-29,0,0,0,1,,0,False,False,Nagpur,Bhiwapur,Pimparada(Rithi),District Collectorate & Administration Nagpur,RFCTLARR_2013,Rural Infrastructure,False,,,,,,,NOT_PUBLISHED_IN_GAZETTE,NOT_PUBLISHED_IN_STRUCTURED_DATA,NOT_APPLICABLE_IN_REAL_DATA,NOT_APPLICABLE_PRE_AWARD,UNPARSED_SCHEDULE_TABLE,UNPARSED_SCHEDULE_TABLE,NOT_PUBLISHED_IN_STRUCTURED_DATA,,NOT_APPLICABLE_PRE_SEC11
CAS_CLEAN_111,SNP_CAS_CLEAN_111_S19_AWARD_20240605,2024-06-05,SECTION_19_TO_AWARD,2024-03-07,SECTION_19,846,False,,2026-09-29,90,90,90,1,,0,False,False,Nagpur,,Pimpladhara,District Collectorate & Administration Nagpur,RFCTLARR_2013,Rural Infrastructure,False,,,,,,,NOT_PUBLISHED_IN_GAZETTE,NOT_PUBLISHED_IN_STRUCTURED_DATA,NOT_APPLICABLE_IN_REAL_DATA,NOT_APPLICABLE_PRE_AWARD,UNPARSED_SCHEDULE_TABLE,UNPARSED_SCHEDULE_TABLE,NOT_PUBLISHED_IN_STRUCTURED_DATA,,NOT_APPLICABLE_PRE_SEC11
CAS_CLEAN_022,SNP_CAS_CLEAN_022_S19_AWARD_20240612,2024-06-12,SECTION_19_TO_AWARD,2024-03-14,SECTION_19,839,False,,2026-09-29,90,90,90,1,,0,False,False,Nagpur,,,District Collectorate & Administration Nagpur,RFCTLARR_2013,Rural Infrastructure,False,,,,,,,NOT_PUBLISHED_IN_GAZETTE,NOT_PUBLISHED_IN_STRUCTURED_DATA,NOT_APPLICABLE_IN_REAL_DATA,NOT_APPLICABLE_PRE_AWARD,UNPARSED_SCHEDULE_TABLE,UNPARSED_SCHEDULE_TABLE,NOT_PUBLISHED_IN_STRUCTURED_DATA,,NOT_APPLICABLE_PRE_SEC11
CAS_CLEAN_030,SNP_CAS_CLEAN_030_S19_AWARD_20240619,2024-06-19,SECTION_19_TO_AWARD,2023-12-22,SECTION_19,832,False,,2026-09-29,180,180,180,1,,0,False,False,Nagpur,,,District Collectorate & Administration Nagpur,RFCTLARR_2013,Rural Infrastructure,False,,,,,,,NOT_PUBLISHED_IN_GAZETTE,NOT_PUBLISHED_IN_STRUCTURED_DATA,NOT_APPLICABLE_IN_REAL_DATA,NOT_APPLICABLE_PRE_AWARD,UNPARSED_SCHEDULE_TABLE,UNPARSED_SCHEDULE_TABLE,NOT_PUBLISHED_IN_STRUCTURED_DATA,,NOT_APPLICABLE_PRE_SEC11
CAS_CLEAN_031,SNP_CAS_CLEAN_031_S19_AWARD_20240619,2024-06-19,SECTION_19_TO_AWARD,2023-12-22,SECTION_19,832,False,,2026-09-29,180,180,180,1,,0,False,False,Nagpur,,,District Collectorate & Administration Nagpur,RFCTLARR_2013,Rural Infrastructure,False,,,,,,,NOT_PUBLISHED_IN_GAZETTE,NOT_PUBLISHED_IN_STRUCTURED_DATA,NOT_APPLICABLE_IN_REAL_DATA,NOT_APPLICABLE_PRE_AWARD,UNPARSED_SCHEDULE_TABLE,UNPARSED_SCHEDULE_TABLE,NOT_PUBLISHED_IN_STRUCTURED_DATA,,NOT_APPLICABLE_PRE_SEC11
CAS_CLEAN_058,SNP_CAS_CLEAN_058_S19_AWARD_20240729,2024-07-29,SECTION_19_TO_AWARD,2024-04-30,SECTION_19,792,False,,2026-09-29,90,90,90,1,,0,False,False,Nagpur,Bhiwapur,Gondbori,District Collectorate & Administration Nagpur,RFCTLARR_2013,Rural Infrastructure,False,,,,,,,NOT_PUBLISHED_IN_GAZETTE,NOT_PUBLISHED_IN_STRUCTURED_DATA,NOT_APPLICABLE_IN_REAL_DATA,NOT_APPLICABLE_PRE_AWARD,UNPARSED_SCHEDULE_TABLE,UNPARSED_SCHEDULE_TABLE,NOT_PUBLISHED_IN_STRUCTURED_DATA,,NOT_APPLICABLE_PRE_SEC11
CAS_CLEAN_059,SNP_CAS_CLEAN_059_S19_AWARD_20240729,2024-07-29,SECTION_19_TO_AWARD,2024-04-30,SECTION_19,792,False,,2026-09-29,90,90,90,1,,0,False,False,Nagpur,Bhiwapur,Gondbori,District Collectorate & Administration Nagpur,RFCTLARR_2013,Rural Infrastructure,False,,,,,,,NOT_PUBLISHED_IN_GAZETTE,NOT_PUBLISHED_IN_STRUCTURED_DATA,NOT_APPLICABLE_IN_REAL_DATA,NOT_APPLICABLE_PRE_AWARD,UNPARSED_SCHEDULE_TABLE,UNPARSED_SCHEDULE_TABLE,NOT_PUBLISHED_IN_STRUCTURED_DATA,,NOT_APPLICABLE_PRE_SEC11
CAS_CLEAN_110,SNP_CAS_CLEAN_110_S19_AWARD_20240729,2024-07-29,SECTION_19_TO_AWARD,2024-04-30,SECTION_19,792,False,,2026-09-29,90,90,90,1,,0,False,False,Nagpur,Bhiwapur,Pimparada(Rithi),District Collectorate & Administration Nagpur,RFCTLARR_2013,Rural Infrastructure,False,,,,,,,NOT_PUBLISHED_IN_GAZETTE,NOT_PUBLISHED_IN_STRUCTURED_DATA,NOT_APPLICABLE_IN_REAL_DATA,NOT_APPLICABLE_PRE_AWARD,UNPARSED_SCHEDULE_TABLE,UNPARSED_SCHEDULE_TABLE,NOT_PUBLISHED_IN_STRUCTURED_DATA,,NOT_APPLICABLE_PRE_SEC11
CAS_CLEAN_044,SNP_CAS_CLEAN_044_S19_AWARD_20240808,2024-08-08,SECTION_19_TO_AWARD,2024-08-08,SECTION_19,782,False,,2026-09-29,0,0,0,1,,0,False,False,Nagpur,Nagpur (City),Chikhali(Devasthan),District Collectorate & Administration Nagpur,RFCTLARR_2013,Rural Infrastructure,False,,,,,,,NOT_PUBLISHED_IN_GAZETTE,NOT_PUBLISHED_IN_STRUCTURED_DATA,NOT_APPLICABLE_IN_REAL_DATA,NOT_APPLICABLE_PRE_AWARD,UNPARSED_SCHEDULE_TABLE,UNPARSED_SCHEDULE_TABLE,NOT_PUBLISHED_IN_STRUCTURED_DATA,,NOT_APPLICABLE_PRE_SEC11
CAS_CLEAN_111,SNP_CAS_CLEAN_111_S19_AWARD_20240903,2024-09-03,SECTION_19_TO_AWARD,2024-03-07,SECTION_19,756,False,,2026-09-29,180,180,180,1,,0,False,False,Nagpur,,Pimpladhara,District Collectorate & Administration Nagpur,RFCTLARR_2013,Rural Infrastructure,False,,,,,,,NOT_PUBLISHED_IN_GAZETTE,NOT_PUBLISHED_IN_STRUCTURED_DATA,NOT_APPLICABLE_IN_REAL_DATA,NOT_APPLICABLE_PRE_AWARD,UNPARSED_SCHEDULE_TABLE,UNPARSED_SCHEDULE_TABLE,NOT_PUBLISHED_IN_STRUCTURED_DATA,,NOT_APPLICABLE_PRE_SEC11
CAS_CLEAN_109,SNP_CAS_CLEAN_109_S19_AWARD_20240906,2024-09-06,SECTION_19_TO_AWARD,2024-09-06,SECTION_19,753,False,,2026-09-29,0,0,0,1,,0,False,False,Nagpur,,Pimpaldhara,District Collectorate & Administration Nagpur,RFCTLARR_2013,Rural Infrastructure,False,,,,,,,NOT_PUBLISHED_IN_GAZETTE,NOT_PUBLISHED_IN_STRUCTURED_DATA,NOT_APPLICABLE_IN_REAL_DATA,NOT_APPLICABLE_PRE_AWARD,UNPARSED_SCHEDULE_TABLE,UNPARSED_SCHEDULE_TABLE,NOT_PUBLISHED_IN_STRUCTURED_DATA,,NOT_APPLICABLE_PRE_SEC11
CAS_CLEAN_022,SNP_CAS_CLEAN_022_S19_AWARD_20240910,2024-09-10,SECTION_19_TO_AWARD,2024-03-14,SECTION_19,749,False,,2026-09-29,180,180,180,1,,0,False,False,Nagpur,,,District Collectorate & Administration Nagpur,RFCTLARR_2013,Rural Infrastructure,False,,,,,,,NOT_PUBLISHED_IN_GAZETTE,NOT_PUBLISHED_IN_STRUCTURED_DATA,NOT_APPLICABLE_IN_REAL_DATA,NOT_APPLICABLE_PRE_AWARD,UNPARSED_SCHEDULE_TABLE,UNPARSED_SCHEDULE_TABLE,NOT_PUBLISHED_IN_STRUCTURED_DATA,,NOT_APPLICABLE_PRE_SEC11
CAS_CLEAN_030,SNP_CAS_CLEAN_030_S19_AWARD_20240917,2024-09-17,SECTION_19_TO_AWARD,2023-12-22,SECTION_19,742,False,,2026-09-29,270,270,270,1,,0,False,False,Nagpur,,,District Collectorate & Administration Nagpur,RFCTLARR_2013,Rural Infrastructure,False,,,,,,,NOT_PUBLISHED_IN_GAZETTE,NOT_PUBLISHED_IN_STRUCTURED_DATA,NOT_APPLICABLE_IN_REAL_DATA,NOT_APPLICABLE_PRE_AWARD,UNPARSED_SCHEDULE_TABLE,UNPARSED_SCHEDULE_TABLE,NOT_PUBLISHED_IN_STRUCTURED_DATA,,NOT_APPLICABLE_PRE_SEC11
CAS_CLEAN_031,SNP_CAS_CLEAN_031_S19_AWARD_20240917,2024-09-17,SECTION_19_TO_AWARD,2023-12-22,SECTION_19,742,False,,2026-09-29,270,270,270,1,,0,False,False,Nagpur,,,District Collectorate & Administration Nagpur,RFCTLARR_2013,Rural Infrastructure,False,,,,,,,NOT_PUBLISHED_IN_GAZETTE,NOT_PUBLISHED_IN_STRUCTURED_DATA,NOT_APPLICABLE_IN_REAL_DATA,NOT_APPLICABLE_PRE_AWARD,UNPARSED_SCHEDULE_TABLE,UNPARSED_SCHEDULE_TABLE,NOT_PUBLISHED_IN_STRUCTURED_DATA,,NOT_APPLICABLE_PRE_SEC11
CAS_CLEAN_058,SNP_CAS_CLEAN_058_S19_AWARD_20241027,2024-10-27,SECTION_19_TO_AWARD,2024-04-30,SECTION_19,702,False,,2026-09-29,180,180,180,1,,0,False,False,Nagpur,Bhiwapur,Gondbori,District Collectorate & Administration Nagpur,RFCTLARR_2013,Rural Infrastructure,False,,,,,,,NOT_PUBLISHED_IN_GAZETTE,NOT_PUBLISHED_IN_STRUCTURED_DATA,NOT_APPLICABLE_IN_REAL_DATA,NOT_APPLICABLE_PRE_AWARD,UNPARSED_SCHEDULE_TABLE,UNPARSED_SCHEDULE_TABLE,NOT_PUBLISHED_IN_STRUCTURED_DATA,,NOT_APPLICABLE_PRE_SEC11
CAS_CLEAN_059,SNP_CAS_CLEAN_059_S19_AWARD_20241027,2024-10-27,SECTION_19_TO_AWARD,2024-04-30,SECTION_19,702,False,,2026-09-29,180,180,180,1,,0,False,False,Nagpur,Bhiwapur,Gondbori,District Collectorate & Administration Nagpur,RFCTLARR_2013,Rural Infrastructure,False,,,,,,,NOT_PUBLISHED_IN_GAZETTE,NOT_PUBLISHED_IN_STRUCTURED_DATA,NOT_APPLICABLE_IN_REAL_DATA,NOT_APPLICABLE_PRE_AWARD,UNPARSED_SCHEDULE_TABLE,UNPARSED_SCHEDULE_TABLE,NOT_PUBLISHED_IN_STRUCTURED_DATA,,NOT_APPLICABLE_PRE_SEC11
CAS_CLEAN_110,SNP_CAS_CLEAN_110_S19_AWARD_20241027,2024-10-27,SECTION_19_TO_AWARD,2024-04-30,SECTION_19,702,False,,2026-09-29,180,180,180,1,,0,False,False,Nagpur,Bhiwapur,Pimparada(Rithi),District Collectorate & Administration Nagpur,RFCTLARR_2013,Rural Infrastructure,False,,,,,,,NOT_PUBLISHED_IN_GAZETTE,NOT_PUBLISHED_IN_STRUCTURED_DATA,NOT_APPLICABLE_IN_REAL_DATA,NOT_APPLICABLE_PRE_AWARD,UNPARSED_SCHEDULE_TABLE,UNPARSED_SCHEDULE_TABLE,NOT_PUBLISHED_IN_STRUCTURED_DATA,,NOT_APPLICABLE_PRE_SEC11
CAS_CLEAN_044,SNP_CAS_CLEAN_044_S19_AWARD_20241106,2024-11-06,SECTION_19_TO_AWARD,2024-08-08,SECTION_19,692,False,,2026-09-29,90,90,90,1,,0,False,False,Nagpur,Nagpur (City),Chikhali(Devasthan),District Collectorate & Administration Nagpur,RFCTLARR_2013,Rural Infrastructure,False,,,,,,,NOT_PUBLISHED_IN_GAZETTE,NOT_PUBLISHED_IN_STRUCTURED_DATA,NOT_APPLICABLE_IN_REAL_DATA,NOT_APPLICABLE_PRE_AWARD,UNPARSED_SCHEDULE_TABLE,UNPARSED_SCHEDULE_TABLE,NOT_PUBLISHED_IN_STRUCTURED_DATA,,NOT_APPLICABLE_PRE_SEC11
CAS_CLEAN_111,SNP_CAS_CLEAN_111_S19_AWARD_20241202,2024-12-02,SECTION_19_TO_AWARD,2024-03-07,SECTION_19,666,False,,2026-09-29,270,270,270,1,,0,False,False,Nagpur,,Pimpladhara,District Collectorate & Administration Nagpur,RFCTLARR_2013,Rural Infrastructure,False,,,,,,,NOT_PUBLISHED_IN_GAZETTE,NOT_PUBLISHED_IN_STRUCTURED_DATA,NOT_APPLICABLE_IN_REAL_DATA,NOT_APPLICABLE_PRE_AWARD,UNPARSED_SCHEDULE_TABLE,UNPARSED_SCHEDULE_TABLE,NOT_PUBLISHED_IN_STRUCTURED_DATA,,NOT_APPLICABLE_PRE_SEC11
CAS_CLEAN_109,SNP_CAS_CLEAN_109_S19_AWARD_20241205,2024-12-05,SECTION_19_TO_AWARD,2024-09-06,SECTION_19,663,False,,2026-09-29,90,90,90,1,,0,False,False,Nagpur,,Pimpaldhara,District Collectorate & Administration Nagpur,RFCTLARR_2013,Rural Infrastructure,False,,,,,,,NOT_PUBLISHED_IN_GAZETTE,NOT_PUBLISHED_IN_STRUCTURED_DATA,NOT_APPLICABLE_IN_REAL_DATA,NOT_APPLICABLE_PRE_AWARD,UNPARSED_SCHEDULE_TABLE,UNPARSED_SCHEDULE_TABLE,NOT_PUBLISHED_IN_STRUCTURED_DATA,,NOT_APPLICABLE_PRE_SEC11
CAS_CLEAN_022,SNP_CAS_CLEAN_022_S19_AWARD_20241209,2024-12-09,SECTION_19_TO_AWARD,2024-03-14,SECTION_19,659,False,,2026-09-29,270,270,270,1,,0,False,False,Nagpur,,,District Collectorate & Administration Nagpur,RFCTLARR_2013,Rural Infrastructure,False,,,,,,,NOT_PUBLISHED_IN_GAZETTE,NOT_PUBLISHED_IN_STRUCTURED_DATA,NOT_APPLICABLE_IN_REAL_DATA,NOT_APPLICABLE_PRE_AWARD,UNPARSED_SCHEDULE_TABLE,UNPARSED_SCHEDULE_TABLE,NOT_PUBLISHED_IN_STRUCTURED_DATA,,NOT_APPLICABLE_PRE_SEC11
CAS_CLEAN_030,SNP_CAS_CLEAN_030_S19_AWARD_20241221,2024-12-21,SECTION_19_TO_AWARD,2023-12-22,SECTION_19,647,False,,2026-09-29,365,365,365,1,,0,False,False,Nagpur,,,District Collectorate & Administration Nagpur,RFCTLARR_2013,Rural Infrastructure,False,,,,,,,NOT_PUBLISHED_IN_GAZETTE,NOT_PUBLISHED_IN_STRUCTURED_DATA,NOT_APPLICABLE_IN_REAL_DATA,NOT_APPLICABLE_PRE_AWARD,UNPARSED_SCHEDULE_TABLE,UNPARSED_SCHEDULE_TABLE,NOT_PUBLISHED_IN_STRUCTURED_DATA,,NOT_APPLICABLE_PRE_SEC11
CAS_CLEAN_031,SNP_CAS_CLEAN_031_S19_AWARD_20241221,2024-12-21,SECTION_19_TO_AWARD,2023-12-22,SECTION_19,647,False,,2026-09-29,365,365,365,1,,0,False,False,Nagpur,,,District Collectorate & Administration Nagpur,RFCTLARR_2013,Rural Infrastructure,False,,,,,,,NOT_PUBLISHED_IN_GAZETTE,NOT_PUBLISHED_IN_STRUCTURED_DATA,NOT_APPLICABLE_IN_REAL_DATA,NOT_APPLICABLE_PRE_AWARD,UNPARSED_SCHEDULE_TABLE,UNPARSED_SCHEDULE_TABLE,NOT_PUBLISHED_IN_STRUCTURED_DATA,,NOT_APPLICABLE_PRE_SEC11
CAS_CLEAN_139,SNP_CAS_CLEAN_139_S19_AWARD_20250102,2025-01-02,SECTION_19_TO_AWARD,2025-01-02,SECTION_19,635,False,,2026-09-29,0,0,0,1,,0,False,False,Nagpur,Nagpur Urban,Shivangaon,District Collectorate & Administration Nagpur,RFCTLARR_2013,Rural Infrastructure,False,,,,,,,NOT_PUBLISHED_IN_GAZETTE,NOT_PUBLISHED_IN_STRUCTURED_DATA,NOT_APPLICABLE_IN_REAL_DATA,NOT_APPLICABLE_PRE_AWARD,UNPARSED_SCHEDULE_TABLE,UNPARSED_SCHEDULE_TABLE,NOT_PUBLISHED_IN_STRUCTURED_DATA,,NOT_APPLICABLE_PRE_SEC11
CAS_CLEAN_047,SNP_CAS_CLEAN_047_S19_AWARD_20250114,2025-01-14,SECTION_19_TO_AWARD,2025-01-14,SECTION_11,623,False,,2026-09-29,0,0,0,2,0.0,0,False,False,Nagpur,Mauda,Chirwa,District Collectorate & Administration Nagpur,RFCTLARR_2013,Rural Infrastructure,False,,,,,,,NOT_PUBLISHED_IN_GAZETTE,NOT_PUBLISHED_IN_STRUCTURED_DATA,NOT_APPLICABLE_IN_REAL_DATA,NOT_APPLICABLE_PRE_AWARD,UNPARSED_SCHEDULE_TABLE,UNPARSED_SCHEDULE_TABLE,NOT_PUBLISHED_IN_STRUCTURED_DATA,,
CAS_CLEAN_085,SNP_CAS_CLEAN_085_S19_AWARD_20250114,2025-01-14,SECTION_19_TO_AWARD,2025-01-14,SECTION_11,623,False,,2026-09-29,0,0,0,2,0.0,0,False,False,Nagpur,Kuhi,Masli,District Collectorate & Administration Nagpur,RFCTLARR_2013,Rural Infrastructure,False,,,,,,,NOT_PUBLISHED_IN_GAZETTE,NOT_PUBLISHED_IN_STRUCTURED_DATA,NOT_APPLICABLE_IN_REAL_DATA,NOT_APPLICABLE_PRE_AWARD,UNPARSED_SCHEDULE_TABLE,UNPARSED_SCHEDULE_TABLE,NOT_PUBLISHED_IN_STRUCTURED_DATA,,
CAS_CLEAN_038,SNP_CAS_CLEAN_038_S19_AWARD_20250121,2025-01-21,SECTION_19_TO_AWARD,2025-01-21,SECTION_19,616,False,,2026-09-29,0,0,0,1,,0,False,False,Nagpur,Kuhi,Chapegadi,District Collectorate & Administration Nagpur,RFCTLARR_2013,Rural Infrastructure,False,,,,,,,NOT_PUBLISHED_IN_GAZETTE,NOT_PUBLISHED_IN_STRUCTURED_DATA,NOT_APPLICABLE_IN_REAL_DATA,NOT_APPLICABLE_PRE_AWARD,UNPARSED_SCHEDULE_TABLE,UNPARSED_SCHEDULE_TABLE,NOT_PUBLISHED_IN_STRUCTURED_DATA,,NOT_APPLICABLE_PRE_SEC11
CAS_CLEAN_131,SNP_CAS_CLEAN_131_S19_AWARD_20250121,2025-01-21,SECTION_19_TO_AWARD,2025-01-21,SECTION_19,616,False,,2026-09-29,0,0,0,1,,0,False,False,Nagpur,Kuhi,Savangi,District Collectorate & Administration Nagpur,RFCTLARR_2013,Rural Infrastructure,False,,,,,,,NOT_PUBLISHED_IN_GAZETTE,NOT_PUBLISHED_IN_STRUCTURED_DATA,NOT_APPLICABLE_IN_REAL_DATA,NOT_APPLICABLE_PRE_AWARD,UNPARSED_SCHEDULE_TABLE,UNPARSED_SCHEDULE_TABLE,NOT_PUBLISHED_IN_STRUCTURED_DATA,,NOT_APPLICABLE_PRE_SEC11
CAS_CLEAN_058,SNP_CAS_CLEAN_058_S19_AWARD_20250125,2025-01-25,SECTION_19_TO_AWARD,2024-04-30,SECTION_19,612,False,,2026-09-29,270,270,270,1,,0,False,False,Nagpur,Bhiwapur,Gondbori,District Collectorate & Administration Nagpur,RFCTLARR_2013,Rural Infrastructure,False,,,,,,,NOT_PUBLISHED_IN_GAZETTE,NOT_PUBLISHED_IN_STRUCTURED_DATA,NOT_APPLICABLE_IN_REAL_DATA,NOT_APPLICABLE_PRE_AWARD,UNPARSED_SCHEDULE_TABLE,UNPARSED_SCHEDULE_TABLE,NOT_PUBLISHED_IN_STRUCTURED_DATA,,NOT_APPLICABLE_PRE_SEC11
CAS_CLEAN_059,SNP_CAS_CLEAN_059_S19_AWARD_20250125,2025-01-25,SECTION_19_TO_AWARD,2024-04-30,SECTION_19,612,False,,2026-09-29,270,270,270,1,,0,False,False,Nagpur,Bhiwapur,Gondbori,District Collectorate & Administration Nagpur,RFCTLARR_2013,Rural Infrastructure,False,,,,,,,NOT_PUBLISHED_IN_GAZETTE,NOT_PUBLISHED_IN_STRUCTURED_DATA,NOT_APPLICABLE_IN_REAL_DATA,NOT_APPLICABLE_PRE_AWARD,UNPARSED_SCHEDULE_TABLE,UNPARSED_SCHEDULE_TABLE,NOT_PUBLISHED_IN_STRUCTURED_DATA,,NOT_APPLICABLE_PRE_SEC11
CAS_CLEAN_110,SNP_CAS_CLEAN_110_S19_AWARD_20250125,2025-01-25,SECTION_19_TO_AWARD,2024-04-30,SECTION_19,612,False,,2026-09-29,270,270,270,1,,0,False,False,Nagpur,Bhiwapur,Pimparada(Rithi),District Collectorate & Administration Nagpur,RFCTLARR_2013,Rural Infrastructure,False,,,,,,,NOT_PUBLISHED_IN_GAZETTE,NOT_PUBLISHED_IN_STRUCTURED_DATA,NOT_APPLICABLE_IN_REAL_DATA,NOT_APPLICABLE_PRE_AWARD,UNPARSED_SCHEDULE_TABLE,UNPARSED_SCHEDULE_TABLE,NOT_PUBLISHED_IN_STRUCTURED_DATA,,NOT_APPLICABLE_PRE_SEC11
CAS_CLEAN_044,SNP_CAS_CLEAN_044_S19_AWARD_20250204,2025-02-04,SECTION_19_TO_AWARD,2024-08-08,SECTION_19,602,False,,2026-09-29,180,180,180,1,,0,False,False,Nagpur,Nagpur (City),Chikhali(Devasthan),District Collectorate & Administration Nagpur,RFCTLARR_2013,Rural Infrastructure,False,,,,,,,NOT_PUBLISHED_IN_GAZETTE,NOT_PUBLISHED_IN_STRUCTURED_DATA,NOT_APPLICABLE_IN_REAL_DATA,NOT_APPLICABLE_PRE_AWARD,UNPARSED_SCHEDULE_TABLE,UNPARSED_SCHEDULE_TABLE,NOT_PUBLISHED_IN_STRUCTURED_DATA,,NOT_APPLICABLE_PRE_SEC11
CAS_CLEAN_088,SNP_CAS_CLEAN_088_S19_AWARD_20250212,2025-02-12,SECTION_19_TO_AWARD,2025-02-12,SECTION_19,594,False,,2026-09-29,0,0,0,1,,0,False,False,Nagpur,,Mouza Pipaldhara,District Collectorate & Administration Nagpur,RFCTLARR_2013,Rural Infrastructure,False,,,,,,,NOT_PUBLISHED_IN_GAZETTE,NOT_PUBLISHED_IN_STRUCTURED_DATA,NOT_APPLICABLE_IN_REAL_DATA,NOT_APPLICABLE_PRE_AWARD,UNPARSED_SCHEDULE_TABLE,UNPARSED_SCHEDULE_TABLE,NOT_PUBLISHED_IN_STRUCTURED_DATA,,NOT_APPLICABLE_PRE_SEC11
CAS_CLEAN_040,SNP_CAS_CLEAN_040_S19_AWARD_20250225,2025-02-25,SECTION_19_TO_AWARD,2025-02-25,SECTION_19,581,False,,2026-09-29,0,0,0,1,,0,False,False,Nagpur,Kuhi,Chapeghat (Rithi),District Collectorate & Administration Nagpur,RFCTLARR_2013,Rural Infrastructure,False,,,,,,,NOT_PUBLISHED_IN_GAZETTE,NOT_PUBLISHED_IN_STRUCTURED_DATA,NOT_APPLICABLE_IN_REAL_DATA,NOT_APPLICABLE_PRE_AWARD,UNPARSED_SCHEDULE_TABLE,UNPARSED_SCHEDULE_TABLE,NOT_PUBLISHED_IN_STRUCTURED_DATA,,NOT_APPLICABLE_PRE_SEC11
CAS_CLEAN_117,SNP_CAS_CLEAN_117_S19_AWARD_20250303,2025-03-03,SECTION_19_TO_AWARD,2025-03-03,SECTION_19,575,False,,2026-09-29,0,0,0,1,,0,False,False,Nagpur,Nagpur(Urban),,District Collectorate & Administration Nagpur,RFCTLARR_2013,Highway / Road Widening,False,,,,,,,NOT_PUBLISHED_IN_GAZETTE,NOT_PUBLISHED_IN_STRUCTURED_DATA,NOT_APPLICABLE_IN_REAL_DATA,NOT_APPLICABLE_PRE_AWARD,UNPARSED_SCHEDULE_TABLE,UNPARSED_SCHEDULE_TABLE,NOT_PUBLISHED_IN_STRUCTURED_DATA,,NOT_APPLICABLE_PRE_SEC11
CAS_CLEAN_109,SNP_CAS_CLEAN_109_S19_AWARD_20250305,2025-03-05,SECTION_19_TO_AWARD,2024-09-06,SECTION_19,573,False,,2026-09-29,180,180,180,1,,0,False,False,Nagpur,,Pimpaldhara,District Collectorate & Administration Nagpur,RFCTLARR_2013,Rural Infrastructure,False,,,,,,,NOT_PUBLISHED_IN_GAZETTE,NOT_PUBLISHED_IN_STRUCTURED_DATA,NOT_APPLICABLE_IN_REAL_DATA,NOT_APPLICABLE_PRE_AWARD,UNPARSED_SCHEDULE_TABLE,UNPARSED_SCHEDULE_TABLE,NOT_PUBLISHED_IN_STRUCTURED_DATA,,NOT_APPLICABLE_PRE_SEC11
CAS_CLEAN_111,SNP_CAS_CLEAN_111_S19_AWARD_20250307,2025-03-07,SECTION_19_TO_AWARD,2024-03-07,SECTION_19,571,False,,2026-09-29,365,365,365,1,,0,False,False,Nagpur,,Pimpladhara,District Collectorate & Administration Nagpur,RFCTLARR_2013,Rural Infrastructure,False,,,,,,,NOT_PUBLISHED_IN_GAZETTE,NOT_PUBLISHED_IN_STRUCTURED_DATA,NOT_APPLICABLE_IN_REAL_DATA,NOT_APPLICABLE_PRE_AWARD,UNPARSED_SCHEDULE_TABLE,UNPARSED_SCHEDULE_TABLE,NOT_PUBLISHED_IN_STRUCTURED_DATA,,NOT_APPLICABLE_PRE_SEC11
CAS_CLEAN_022,SNP_CAS_CLEAN_022_S19_AWARD_20250314,2025-03-14,SECTION_19_TO_AWARD,2024-03-14,SECTION_19,564,False,,2026-09-29,365,365,365,1,,0,False,False,Nagpur,,,District Collectorate & Administration Nagpur,RFCTLARR_2013,Rural Infrastructure,False,,,,,,,NOT_PUBLISHED_IN_GAZETTE,NOT_PUBLISHED_IN_STRUCTURED_DATA,NOT_APPLICABLE_IN_REAL_DATA,NOT_APPLICABLE_PRE_AWARD,UNPARSED_SCHEDULE_TABLE,UNPARSED_SCHEDULE_TABLE,NOT_PUBLISHED_IN_STRUCTURED_DATA,,NOT_APPLICABLE_PRE_SEC11
CAS_CLEAN_139,SNP_CAS_CLEAN_139_S19_AWARD_20250402,2025-04-02,SECTION_19_TO_AWARD,2025-01-02,SECTION_19,545,False,,2026-09-29,90,90,90,1,,0,False,False,Nagpur,Nagpur Urban,Shivangaon,District Collectorate & Administration Nagpur,RFCTLARR_2013,Rural Infrastructure,False,,,,,,,NOT_PUBLISHED_IN_GAZETTE,NOT_PUBLISHED_IN_STRUCTURED_DATA,NOT_APPLICABLE_IN_REAL_DATA,NOT_APPLICABLE_PRE_AWARD,UNPARSED_SCHEDULE_TABLE,UNPARSED_SCHEDULE_TABLE,NOT_PUBLISHED_IN_STRUCTURED_DATA,,NOT_APPLICABLE_PRE_SEC11
CAS_CLEAN_047,SNP_CAS_CLEAN_047_S19_AWARD_20250414,2025-04-14,SECTION_19_TO_AWARD,2025-01-14,SECTION_11,533,False,,2026-09-29,90,90,90,2,0.2466,0,False,False,Nagpur,Mauda,Chirwa,District Collectorate & Administration Nagpur,RFCTLARR_2013,Rural Infrastructure,False,,,,,,,NOT_PUBLISHED_IN_GAZETTE,NOT_PUBLISHED_IN_STRUCTURED_DATA,NOT_APPLICABLE_IN_REAL_DATA,NOT_APPLICABLE_PRE_AWARD,UNPARSED_SCHEDULE_TABLE,UNPARSED_SCHEDULE_TABLE,NOT_PUBLISHED_IN_STRUCTURED_DATA,,
CAS_CLEAN_085,SNP_CAS_CLEAN_085_S19_AWARD_20250414,2025-04-14,SECTION_19_TO_AWARD,2025-01-14,SECTION_11,533,False,,2026-09-29,90,90,90,2,0.2466,0,False,False,Nagpur,Kuhi,Masli,District Collectorate & Administration Nagpur,RFCTLARR_2013,Rural Infrastructure,False,,,,,,,NOT_PUBLISHED_IN_GAZETTE,NOT_PUBLISHED_IN_STRUCTURED_DATA,NOT_APPLICABLE_IN_REAL_DATA,NOT_APPLICABLE_PRE_AWARD,UNPARSED_SCHEDULE_TABLE,UNPARSED_SCHEDULE_TABLE,NOT_PUBLISHED_IN_STRUCTURED_DATA,,
CAS_CLEAN_038,SNP_CAS_CLEAN_038_S19_AWARD_20250421,2025-04-21,SECTION_19_TO_AWARD,2025-01-21,SECTION_19,526,False,,2026-09-29,90,90,90,1,,0,False,False,Nagpur,Kuhi,Chapegadi,District Collectorate & Administration Nagpur,RFCTLARR_2013,Rural Infrastructure,False,,,,,,,NOT_PUBLISHED_IN_GAZETTE,NOT_PUBLISHED_IN_STRUCTURED_DATA,NOT_APPLICABLE_IN_REAL_DATA,NOT_APPLICABLE_PRE_AWARD,UNPARSED_SCHEDULE_TABLE,UNPARSED_SCHEDULE_TABLE,NOT_PUBLISHED_IN_STRUCTURED_DATA,,NOT_APPLICABLE_PRE_SEC11
CAS_CLEAN_131,SNP_CAS_CLEAN_131_S19_AWARD_20250421,2025-04-21,SECTION_19_TO_AWARD,2025-01-21,SECTION_19,526,False,,2026-09-29,90,90,90,1,,0,False,False,Nagpur,Kuhi,Savangi,District Collectorate & Administration Nagpur,RFCTLARR_2013,Rural Infrastructure,False,,,,,,,NOT_PUBLISHED_IN_GAZETTE,NOT_PUBLISHED_IN_STRUCTURED_DATA,NOT_APPLICABLE_IN_REAL_DATA,NOT_APPLICABLE_PRE_AWARD,UNPARSED_SCHEDULE_TABLE,UNPARSED_SCHEDULE_TABLE,NOT_PUBLISHED_IN_STRUCTURED_DATA,,NOT_APPLICABLE_PRE_SEC11
CAS_CLEAN_058,SNP_CAS_CLEAN_058_S19_AWARD_20250430,2025-04-30,SECTION_19_TO_AWARD,2024-04-30,SECTION_19,517,False,,2026-09-29,365,365,365,1,,0,False,False,Nagpur,Bhiwapur,Gondbori,District Collectorate & Administration Nagpur,RFCTLARR_2013,Rural Infrastructure,False,,,,,,,NOT_PUBLISHED_IN_GAZETTE,NOT_PUBLISHED_IN_STRUCTURED_DATA,NOT_APPLICABLE_IN_REAL_DATA,NOT_APPLICABLE_PRE_AWARD,UNPARSED_SCHEDULE_TABLE,UNPARSED_SCHEDULE_TABLE,NOT_PUBLISHED_IN_STRUCTURED_DATA,,NOT_APPLICABLE_PRE_SEC11
CAS_CLEAN_059,SNP_CAS_CLEAN_059_S19_AWARD_20250430,2025-04-30,SECTION_19_TO_AWARD,2024-04-30,SECTION_19,517,False,,2026-09-29,365,365,365,1,,0,False,False,Nagpur,Bhiwapur,Gondbori,District Collectorate & Administration Nagpur,RFCTLARR_2013,Rural Infrastructure,False,,,,,,,NOT_PUBLISHED_IN_GAZETTE,NOT_PUBLISHED_IN_STRUCTURED_DATA,NOT_APPLICABLE_IN_REAL_DATA,NOT_APPLICABLE_PRE_AWARD,UNPARSED_SCHEDULE_TABLE,UNPARSED_SCHEDULE_TABLE,NOT_PUBLISHED_IN_STRUCTURED_DATA,,NOT_APPLICABLE_PRE_SEC11
CAS_CLEAN_110,SNP_CAS_CLEAN_110_S19_AWARD_20250430,2025-04-30,SECTION_19_TO_AWARD,2024-04-30,SECTION_19,517,False,,2026-09-29,365,365,365,1,,0,False,False,Nagpur,Bhiwapur,Pimparada(Rithi),District Collectorate & Administration Nagpur,RFCTLARR_2013,Rural Infrastructure,False,,,,,,,NOT_PUBLISHED_IN_GAZETTE,NOT_PUBLISHED_IN_STRUCTURED_DATA,NOT_APPLICABLE_IN_REAL_DATA,NOT_APPLICABLE_PRE_AWARD,UNPARSED_SCHEDULE_TABLE,UNPARSED_SCHEDULE_TABLE,NOT_PUBLISHED_IN_STRUCTURED_DATA,,NOT_APPLICABLE_PRE_SEC11
CAS_CLEAN_044,SNP_CAS_CLEAN_044_S19_AWARD_20250505,2025-05-05,SECTION_19_TO_AWARD,2024-08-08,SECTION_19,512,False,,2026-09-29,270,270,270,1,,0,False,False,Nagpur,Nagpur (City),Chikhali(Devasthan),District Collectorate & Administration Nagpur,RFCTLARR_2013,Rural Infrastructure,False,,,,,,,NOT_PUBLISHED_IN_GAZETTE,NOT_PUBLISHED_IN_STRUCTURED_DATA,NOT_APPLICABLE_IN_REAL_DATA,NOT_APPLICABLE_PRE_AWARD,UNPARSED_SCHEDULE_TABLE,UNPARSED_SCHEDULE_TABLE,NOT_PUBLISHED_IN_STRUCTURED_DATA,,NOT_APPLICABLE_PRE_SEC11
CAS_CLEAN_088,SNP_CAS_CLEAN_088_S19_AWARD_20250513,2025-05-13,SECTION_19_TO_AWARD,2025-02-12,SECTION_19,504,False,,2026-09-29,90,90,90,1,,0,False,False,Nagpur,,Mouza Pipaldhara,District Collectorate & Administration Nagpur,RFCTLARR_2013,Rural Infrastructure,False,,,,,,,NOT_PUBLISHED_IN_GAZETTE,NOT_PUBLISHED_IN_STRUCTURED_DATA,NOT_APPLICABLE_IN_REAL_DATA,NOT_APPLICABLE_PRE_AWARD,UNPARSED_SCHEDULE_TABLE,UNPARSED_SCHEDULE_TABLE,NOT_PUBLISHED_IN_STRUCTURED_DATA,,NOT_APPLICABLE_PRE_SEC11
CAS_CLEAN_040,SNP_CAS_CLEAN_040_S19_AWARD_20250526,2025-05-26,SECTION_19_TO_AWARD,2025-02-25,SECTION_19,491,False,,2026-09-29,90,90,90,1,,0,False,False,Nagpur,Kuhi,Chapeghat (Rithi),District Collectorate & Administration Nagpur,RFCTLARR_2013,Rural Infrastructure,False,,,,,,,NOT_PUBLISHED_IN_GAZETTE,NOT_PUBLISHED_IN_STRUCTURED_DATA,NOT_APPLICABLE_IN_REAL_DATA,NOT_APPLICABLE_PRE_AWARD,UNPARSED_SCHEDULE_TABLE,UNPARSED_SCHEDULE_TABLE,NOT_PUBLISHED_IN_STRUCTURED_DATA,,NOT_APPLICABLE_PRE_SEC11
CAS_CLEAN_117,SNP_CAS_CLEAN_117_S19_AWARD_20250601,2025-06-01,SECTION_19_TO_AWARD,2025-03-03,SECTION_19,485,False,,2026-09-29,90,90,90,1,,0,False,False,Nagpur,Nagpur(Urban),,District Collectorate & Administration Nagpur,RFCTLARR_2013,Highway / Road Widening,False,,,,,,,NOT_PUBLISHED_IN_GAZETTE,NOT_PUBLISHED_IN_STRUCTURED_DATA,NOT_APPLICABLE_IN_REAL_DATA,NOT_APPLICABLE_PRE_AWARD,UNPARSED_SCHEDULE_TABLE,UNPARSED_SCHEDULE_TABLE,NOT_PUBLISHED_IN_STRUCTURED_DATA,,NOT_APPLICABLE_PRE_SEC11
CAS_CLEAN_109,SNP_CAS_CLEAN_109_S19_AWARD_20250603,2025-06-03,SECTION_19_TO_AWARD,2024-09-06,SECTION_19,483,False,,2026-09-29,270,270,270,1,,0,False,False,Nagpur,,Pimpaldhara,District Collectorate & Administration Nagpur,RFCTLARR_2013,Rural Infrastructure,False,,,,,,,NOT_PUBLISHED_IN_GAZETTE,NOT_PUBLISHED_IN_STRUCTURED_DATA,NOT_APPLICABLE_IN_REAL_DATA,NOT_APPLICABLE_PRE_AWARD,UNPARSED_SCHEDULE_TABLE,UNPARSED_SCHEDULE_TABLE,NOT_PUBLISHED_IN_STRUCTURED_DATA,,NOT_APPLICABLE_PRE_SEC11
CAS_CLEAN_070,SNP_CAS_CLEAN_070_S19_AWARD_20250619,2025-06-19,SECTION_19_TO_AWARD,2025-06-19,SECTION_19,390,True,2026-07-14,,125,0,0,1,,1,True,False,Nagpur,Saoner,Khariy Dhalgaon,District Collectorate & Administration Nagpur,RFCTLARR_2013,Highway / Road Widening,False,,,,,,,NOT_PUBLISHED_IN_GAZETTE,NOT_PUBLISHED_IN_STRUCTURED_DATA,NOT_APPLICABLE_IN_REAL_DATA,NOT_APPLICABLE_PRE_AWARD,UNPARSED_SCHEDULE_TABLE,UNPARSED_SCHEDULE_TABLE,NOT_PUBLISHED_IN_STRUCTURED_DATA,,NOT_APPLICABLE_PRE_SEC11
CAS_CLEAN_139,SNP_CAS_CLEAN_139_S19_AWARD_20250701,2025-07-01,SECTION_19_TO_AWARD,2025-01-02,SECTION_19,455,False,,2026-09-29,180,180,180,1,,0,False,False,Nagpur,Nagpur Urban,Shivangaon,District Collectorate & Administration Nagpur,RFCTLARR_2013,Rural Infrastructure,False,,,,,,,NOT_PUBLISHED_IN_GAZETTE,NOT_PUBLISHED_IN_STRUCTURED_DATA,NOT_APPLICABLE_IN_REAL_DATA,NOT_APPLICABLE_PRE_AWARD,UNPARSED_SCHEDULE_TABLE,UNPARSED_SCHEDULE_TABLE,NOT_PUBLISHED_IN_STRUCTURED_DATA,,NOT_APPLICABLE_PRE_SEC11
CAS_CLEAN_034,SNP_CAS_CLEAN_034_S19_AWARD_20250703,2025-07-03,SECTION_19_TO_AWARD,2025-07-03,SECTION_19,453,False,,2026-09-29,0,0,0,1,,0,False,False,Nagpur,Nagpur,,District Collectorate & Administration Nagpur,RFCTLARR_2013,Rural Infrastructure,False,,,,,,,NOT_PUBLISHED_IN_GAZETTE,NOT_PUBLISHED_IN_STRUCTURED_DATA,NOT_APPLICABLE_IN_REAL_DATA,NOT_APPLICABLE_PRE_AWARD,UNPARSED_SCHEDULE_TABLE,UNPARSED_SCHEDULE_TABLE,NOT_PUBLISHED_IN_STRUCTURED_DATA,,NOT_APPLICABLE_PRE_SEC11
CAS_CLEAN_047,SNP_CAS_CLEAN_047_S19_AWARD_20250713,2025-07-13,SECTION_19_TO_AWARD,2025-01-14,SECTION_11,443,False,,2026-09-29,180,180,180,2,0.4932,0,False,False,Nagpur,Mauda,Chirwa,District Collectorate & Administration Nagpur,RFCTLARR_2013,Rural Infrastructure,False,,,,,,,NOT_PUBLISHED_IN_GAZETTE,NOT_PUBLISHED_IN_STRUCTURED_DATA,NOT_APPLICABLE_IN_REAL_DATA,NOT_APPLICABLE_PRE_AWARD,UNPARSED_SCHEDULE_TABLE,UNPARSED_SCHEDULE_TABLE,NOT_PUBLISHED_IN_STRUCTURED_DATA,,
CAS_CLEAN_085,SNP_CAS_CLEAN_085_S19_AWARD_20250713,2025-07-13,SECTION_19_TO_AWARD,2025-01-14,SECTION_11,443,False,,2026-09-29,180,180,180,2,0.4932,0,False,False,Nagpur,Kuhi,Masli,District Collectorate & Administration Nagpur,RFCTLARR_2013,Rural Infrastructure,False,,,,,,,NOT_PUBLISHED_IN_GAZETTE,NOT_PUBLISHED_IN_STRUCTURED_DATA,NOT_APPLICABLE_IN_REAL_DATA,NOT_APPLICABLE_PRE_AWARD,UNPARSED_SCHEDULE_TABLE,UNPARSED_SCHEDULE_TABLE,NOT_PUBLISHED_IN_STRUCTURED_DATA,,
CAS_CLEAN_038,SNP_CAS_CLEAN_038_S19_AWARD_20250720,2025-07-20,SECTION_19_TO_AWARD,2025-01-21,SECTION_19,436,False,,2026-09-29,180,180,180,1,,0,False,False,Nagpur,Kuhi,Chapegadi,District Collectorate & Administration Nagpur,RFCTLARR_2013,Rural Infrastructure,False,,,,,,,NOT_PUBLISHED_IN_GAZETTE,NOT_PUBLISHED_IN_STRUCTURED_DATA,NOT_APPLICABLE_IN_REAL_DATA,NOT_APPLICABLE_PRE_AWARD,UNPARSED_SCHEDULE_TABLE,UNPARSED_SCHEDULE_TABLE,NOT_PUBLISHED_IN_STRUCTURED_DATA,,NOT_APPLICABLE_PRE_SEC11
CAS_CLEAN_131,SNP_CAS_CLEAN_131_S19_AWARD_20250720,2025-07-20,SECTION_19_TO_AWARD,2025-01-21,SECTION_19,436,False,,2026-09-29,180,180,180,1,,0,False,False,Nagpur,Kuhi,Savangi,District Collectorate & Administration Nagpur,RFCTLARR_2013,Rural Infrastructure,False,,,,,,,NOT_PUBLISHED_IN_GAZETTE,NOT_PUBLISHED_IN_STRUCTURED_DATA,NOT_APPLICABLE_IN_REAL_DATA,NOT_APPLICABLE_PRE_AWARD,UNPARSED_SCHEDULE_TABLE,UNPARSED_SCHEDULE_TABLE,NOT_PUBLISHED_IN_STRUCTURED_DATA,,NOT_APPLICABLE_PRE_SEC11
CAS_CLEAN_108,SNP_CAS_CLEAN_108_S19_AWARD_20250729,2025-07-29,SECTION_19_TO_AWARD,2025-07-29,SECTION_19,427,False,,2026-09-29,0,0,0,1,,0,False,False,Nagpur,Nagpur (City),Parsodi,District Collectorate & Administration Nagpur,RFCTLARR_2013,Rural Infrastructure,False,,,,,,,NOT_PUBLISHED_IN_GAZETTE,NOT_PUBLISHED_IN_STRUCTURED_DATA,NOT_APPLICABLE_IN_REAL_DATA,NOT_APPLICABLE_PRE_AWARD,UNPARSED_SCHEDULE_TABLE,UNPARSED_SCHEDULE_TABLE,NOT_PUBLISHED_IN_STRUCTURED_DATA,,NOT_APPLICABLE_PRE_SEC11
CAS_CLEAN_044,SNP_CAS_CLEAN_044_S19_AWARD_20250808,2025-08-08,SECTION_19_TO_AWARD,2024-08-08,SECTION_19,417,False,,2026-09-29,365,365,365,1,,0,False,False,Nagpur,Nagpur (City),Chikhali(Devasthan),District Collectorate & Administration Nagpur,RFCTLARR_2013,Rural Infrastructure,False,,,,,,,NOT_PUBLISHED_IN_GAZETTE,NOT_PUBLISHED_IN_STRUCTURED_DATA,NOT_APPLICABLE_IN_REAL_DATA,NOT_APPLICABLE_PRE_AWARD,UNPARSED_SCHEDULE_TABLE,UNPARSED_SCHEDULE_TABLE,NOT_PUBLISHED_IN_STRUCTURED_DATA,,NOT_APPLICABLE_PRE_SEC11
CAS_CLEAN_088,SNP_CAS_CLEAN_088_S19_AWARD_20250811,2025-08-11,SECTION_19_TO_AWARD,2025-02-12,SECTION_19,414,False,,2026-09-29,180,180,180,1,,0,False,False,Nagpur,,Mouza Pipaldhara,District Collectorate & Administration Nagpur,RFCTLARR_2013,Rural Infrastructure,False,,,,,,,NOT_PUBLISHED_IN_GAZETTE,NOT_PUBLISHED_IN_STRUCTURED_DATA,NOT_APPLICABLE_IN_REAL_DATA,NOT_APPLICABLE_PRE_AWARD,UNPARSED_SCHEDULE_TABLE,UNPARSED_SCHEDULE_TABLE,NOT_PUBLISHED_IN_STRUCTURED_DATA,,NOT_APPLICABLE_PRE_SEC11
CAS_CLEAN_040,SNP_CAS_CLEAN_040_S19_AWARD_20250824,2025-08-24,SECTION_19_TO_AWARD,2025-02-25,SECTION_19,401,False,,2026-09-29,180,180,180,1,,0,False,False,Nagpur,Kuhi,Chapeghat (Rithi),District Collectorate & Administration Nagpur,RFCTLARR_2013,Rural Infrastructure,False,,,,,,,NOT_PUBLISHED_IN_GAZETTE,NOT_PUBLISHED_IN_STRUCTURED_DATA,NOT_APPLICABLE_IN_REAL_DATA,NOT_APPLICABLE_PRE_AWARD,UNPARSED_SCHEDULE_TABLE,UNPARSED_SCHEDULE_TABLE,NOT_PUBLISHED_IN_STRUCTURED_DATA,,NOT_APPLICABLE_PRE_SEC11
CAS_CLEAN_117,SNP_CAS_CLEAN_117_S19_AWARD_20250830,2025-08-30,SECTION_19_TO_AWARD,2025-03-03,SECTION_19,395,False,,2026-09-29,180,180,180,1,,0,False,False,Nagpur,Nagpur(Urban),,District Collectorate & Administration Nagpur,RFCTLARR_2013,Highway / Road Widening,False,,,,,,,NOT_PUBLISHED_IN_GAZETTE,NOT_PUBLISHED_IN_STRUCTURED_DATA,NOT_APPLICABLE_IN_REAL_DATA,NOT_APPLICABLE_PRE_AWARD,UNPARSED_SCHEDULE_TABLE,UNPARSED_SCHEDULE_TABLE,NOT_PUBLISHED_IN_STRUCTURED_DATA,,NOT_APPLICABLE_PRE_SEC11
CAS_CLEAN_109,SNP_CAS_CLEAN_109_S19_AWARD_20250906,2025-09-06,SECTION_19_TO_AWARD,2024-09-06,SECTION_19,388,False,,2026-09-29,365,365,365,1,,0,False,False,Nagpur,,Pimpaldhara,District Collectorate & Administration Nagpur,RFCTLARR_2013,Rural Infrastructure,False,,,,,,,NOT_PUBLISHED_IN_GAZETTE,NOT_PUBLISHED_IN_STRUCTURED_DATA,NOT_APPLICABLE_IN_REAL_DATA,NOT_APPLICABLE_PRE_AWARD,UNPARSED_SCHEDULE_TABLE,UNPARSED_SCHEDULE_TABLE,NOT_PUBLISHED_IN_STRUCTURED_DATA,,NOT_APPLICABLE_PRE_SEC11
CAS_CLEAN_070,SNP_CAS_CLEAN_070_S19_AWARD_20250917,2025-09-17,SECTION_19_TO_AWARD,2025-06-19,SECTION_19,300,True,2026-07-14,,215,90,90,1,,1,True,False,Nagpur,Saoner,Khariy Dhalgaon,District Collectorate & Administration Nagpur,RFCTLARR_2013,Highway / Road Widening,False,,,,,,,NOT_PUBLISHED_IN_GAZETTE,NOT_PUBLISHED_IN_STRUCTURED_DATA,NOT_APPLICABLE_IN_REAL_DATA,NOT_APPLICABLE_PRE_AWARD,UNPARSED_SCHEDULE_TABLE,UNPARSED_SCHEDULE_TABLE,NOT_PUBLISHED_IN_STRUCTURED_DATA,,NOT_APPLICABLE_PRE_SEC11
CAS_CLEAN_139,SNP_CAS_CLEAN_139_S19_AWARD_20250929,2025-09-29,SECTION_19_TO_AWARD,2025-01-02,SECTION_19,365,False,,2026-09-29,270,270,270,1,,0,False,False,Nagpur,Nagpur Urban,Shivangaon,District Collectorate & Administration Nagpur,RFCTLARR_2013,Rural Infrastructure,False,,,,,,,NOT_PUBLISHED_IN_GAZETTE,NOT_PUBLISHED_IN_STRUCTURED_DATA,NOT_APPLICABLE_IN_REAL_DATA,NOT_APPLICABLE_PRE_AWARD,UNPARSED_SCHEDULE_TABLE,UNPARSED_SCHEDULE_TABLE,NOT_PUBLISHED_IN_STRUCTURED_DATA,,NOT_APPLICABLE_PRE_SEC11
CAS_CLEAN_034,SNP_CAS_CLEAN_034_S19_AWARD_20251001,2025-10-01,SECTION_19_TO_AWARD,2025-07-03,SECTION_19,363,False,,2026-09-29,90,90,90,1,,0,False,False,Nagpur,Nagpur,,District Collectorate & Administration Nagpur,RFCTLARR_2013,Rural Infrastructure,False,,,,,,,NOT_PUBLISHED_IN_GAZETTE,NOT_PUBLISHED_IN_STRUCTURED_DATA,NOT_APPLICABLE_IN_REAL_DATA,NOT_APPLICABLE_PRE_AWARD,UNPARSED_SCHEDULE_TABLE,UNPARSED_SCHEDULE_TABLE,NOT_PUBLISHED_IN_STRUCTURED_DATA,,NOT_APPLICABLE_PRE_SEC11
CAS_CLEAN_047,SNP_CAS_CLEAN_047_S19_AWARD_20251011,2025-10-11,SECTION_19_TO_AWARD,2025-01-14,SECTION_11,353,False,,2026-09-29,270,270,270,2,0.7397,0,False,False,Nagpur,Mauda,Chirwa,District Collectorate & Administration Nagpur,RFCTLARR_2013,Rural Infrastructure,False,,,,,,,NOT_PUBLISHED_IN_GAZETTE,NOT_PUBLISHED_IN_STRUCTURED_DATA,NOT_APPLICABLE_IN_REAL_DATA,NOT_APPLICABLE_PRE_AWARD,UNPARSED_SCHEDULE_TABLE,UNPARSED_SCHEDULE_TABLE,NOT_PUBLISHED_IN_STRUCTURED_DATA,,
CAS_CLEAN_085,SNP_CAS_CLEAN_085_S19_AWARD_20251011,2025-10-11,SECTION_19_TO_AWARD,2025-01-14,SECTION_11,353,False,,2026-09-29,270,270,270,2,0.7397,0,False,False,Nagpur,Kuhi,Masli,District Collectorate & Administration Nagpur,RFCTLARR_2013,Rural Infrastructure,False,,,,,,,NOT_PUBLISHED_IN_GAZETTE,NOT_PUBLISHED_IN_STRUCTURED_DATA,NOT_APPLICABLE_IN_REAL_DATA,NOT_APPLICABLE_PRE_AWARD,UNPARSED_SCHEDULE_TABLE,UNPARSED_SCHEDULE_TABLE,NOT_PUBLISHED_IN_STRUCTURED_DATA,,
CAS_CLEAN_038,SNP_CAS_CLEAN_038_S19_AWARD_20251018,2025-10-18,SECTION_19_TO_AWARD,2025-01-21,SECTION_19,346,False,,2026-09-29,270,270,270,1,,0,False,False,Nagpur,Kuhi,Chapegadi,District Collectorate & Administration Nagpur,RFCTLARR_2013,Rural Infrastructure,False,,,,,,,NOT_PUBLISHED_IN_GAZETTE,NOT_PUBLISHED_IN_STRUCTURED_DATA,NOT_APPLICABLE_IN_REAL_DATA,NOT_APPLICABLE_PRE_AWARD,UNPARSED_SCHEDULE_TABLE,UNPARSED_SCHEDULE_TABLE,NOT_PUBLISHED_IN_STRUCTURED_DATA,,NOT_APPLICABLE_PRE_SEC11
CAS_CLEAN_131,SNP_CAS_CLEAN_131_S19_AWARD_20251018,2025-10-18,SECTION_19_TO_AWARD,2025-01-21,SECTION_19,346,False,,2026-09-29,270,270,270,1,,0,False,False,Nagpur,Kuhi,Savangi,District Collectorate & Administration Nagpur,RFCTLARR_2013,Rural Infrastructure,False,,,,,,,NOT_PUBLISHED_IN_GAZETTE,NOT_PUBLISHED_IN_STRUCTURED_DATA,NOT_APPLICABLE_IN_REAL_DATA,NOT_APPLICABLE_PRE_AWARD,UNPARSED_SCHEDULE_TABLE,UNPARSED_SCHEDULE_TABLE,NOT_PUBLISHED_IN_STRUCTURED_DATA,,NOT_APPLICABLE_PRE_SEC11
CAS_CLEAN_108,SNP_CAS_CLEAN_108_S19_AWARD_20251027,2025-10-27,SECTION_19_TO_AWARD,2025-07-29,SECTION_19,337,False,,2026-09-29,90,90,90,1,,0,False,False,Nagpur,Nagpur (City),Parsodi,District Collectorate & Administration Nagpur,RFCTLARR_2013,Rural Infrastructure,False,,,,,,,NOT_PUBLISHED_IN_GAZETTE,NOT_PUBLISHED_IN_STRUCTURED_DATA,NOT_APPLICABLE_IN_REAL_DATA,NOT_APPLICABLE_PRE_AWARD,UNPARSED_SCHEDULE_TABLE,UNPARSED_SCHEDULE_TABLE,NOT_PUBLISHED_IN_STRUCTURED_DATA,,NOT_APPLICABLE_PRE_SEC11
CAS_CLEAN_088,SNP_CAS_CLEAN_088_S19_AWARD_20251109,2025-11-09,SECTION_19_TO_AWARD,2025-02-12,SECTION_19,324,False,,2026-09-29,270,270,270,1,,0,False,False,Nagpur,,Mouza Pipaldhara,District Collectorate & Administration Nagpur,RFCTLARR_2013,Rural Infrastructure,False,,,,,,,NOT_PUBLISHED_IN_GAZETTE,NOT_PUBLISHED_IN_STRUCTURED_DATA,NOT_APPLICABLE_IN_REAL_DATA,NOT_APPLICABLE_PRE_AWARD,UNPARSED_SCHEDULE_TABLE,UNPARSED_SCHEDULE_TABLE,NOT_PUBLISHED_IN_STRUCTURED_DATA,,NOT_APPLICABLE_PRE_SEC11
CAS_CLEAN_053,SNP_CAS_CLEAN_053_S19_AWARD_20251118,2025-11-18,SECTION_19_TO_AWARD,2025-11-18,SECTION_19,315,False,,2026-09-29,0,0,0,1,,0,False,False,Nagpur,,,District Collectorate & Administration Nagpur,RFCTLARR_2013,Rural Infrastructure,False,,,,,,,NOT_PUBLISHED_IN_GAZETTE,NOT_PUBLISHED_IN_STRUCTURED_DATA,NOT_APPLICABLE_IN_REAL_DATA,NOT_APPLICABLE_PRE_AWARD,UNPARSED_SCHEDULE_TABLE,UNPARSED_SCHEDULE_TABLE,NOT_PUBLISHED_IN_STRUCTURED_DATA,,NOT_APPLICABLE_PRE_SEC11
CAS_CLEAN_070,SNP_CAS_CLEAN_070_S19_AWARD_20251118,2025-11-18,SECTION_19_TO_AWARD,2025-06-19,SECTION_19,238,True,2026-07-14,,277,152,152,1,,2,True,False,Nagpur,Saoner,Khariy Dhalgaon,District Collectorate & Administration Nagpur,RFCTLARR_2013,Highway / Road Widening,False,,,,,,,NOT_PUBLISHED_IN_GAZETTE,NOT_PUBLISHED_IN_STRUCTURED_DATA,NOT_APPLICABLE_IN_REAL_DATA,NOT_APPLICABLE_PRE_AWARD,UNPARSED_SCHEDULE_TABLE,UNPARSED_SCHEDULE_TABLE,NOT_PUBLISHED_IN_STRUCTURED_DATA,,NOT_APPLICABLE_PRE_SEC11
CAS_CLEAN_040,SNP_CAS_CLEAN_040_S19_AWARD_20251122,2025-11-22,SECTION_19_TO_AWARD,2025-02-25,SECTION_19,311,False,,2026-09-29,270,270,270,1,,0,False,False,Nagpur,Kuhi,Chapeghat (Rithi),District Collectorate & Administration Nagpur,RFCTLARR_2013,Rural Infrastructure,False,,,,,,,NOT_PUBLISHED_IN_GAZETTE,NOT_PUBLISHED_IN_STRUCTURED_DATA,NOT_APPLICABLE_IN_REAL_DATA,NOT_APPLICABLE_PRE_AWARD,UNPARSED_SCHEDULE_TABLE,UNPARSED_SCHEDULE_TABLE,NOT_PUBLISHED_IN_STRUCTURED_DATA,,NOT_APPLICABLE_PRE_SEC11
CAS_CLEAN_003,SNP_CAS_CLEAN_003_S19_AWARD_20251128,2025-11-28,SECTION_19_TO_AWARD,2025-11-28,SECTION_19,305,False,,2026-09-29,59,0,0,2,0.1616,0,False,False,Nagpur,Kuhi,Amti,District Collectorate & Administration Nagpur,RFCTLARR_2013,Rural Infrastructure,False,,,,,,,NOT_PUBLISHED_IN_GAZETTE,NOT_PUBLISHED_IN_STRUCTURED_DATA,NOT_APPLICABLE_IN_REAL_DATA,NOT_APPLICABLE_PRE_AWARD,UNPARSED_SCHEDULE_TABLE,UNPARSED_SCHEDULE_TABLE,NOT_PUBLISHED_IN_STRUCTURED_DATA,,
CAS_CLEAN_006,SNP_CAS_CLEAN_006_S19_AWARD_20251128,2025-11-28,SECTION_19_TO_AWARD,2025-11-28,SECTION_19,305,False,,2026-09-29,60,0,0,2,0.1644,0,False,False,Nagpur,Kuhi,Awarmara,District Collectorate & Administration Nagpur,RFCTLARR_2013,Rural Infrastructure,False,,,,,,,NOT_PUBLISHED_IN_GAZETTE,NOT_PUBLISHED_IN_STRUCTURED_DATA,NOT_APPLICABLE_IN_REAL_DATA,NOT_APPLICABLE_PRE_AWARD,UNPARSED_SCHEDULE_TABLE,UNPARSED_SCHEDULE_TABLE,NOT_PUBLISHED_IN_STRUCTURED_DATA,,
CAS_CLEAN_014,SNP_CAS_CLEAN_014_S19_AWARD_20251128,2025-11-28,SECTION_19_TO_AWARD,2025-11-28,SECTION_19,305,False,,2026-09-29,60,0,0,2,0.1644,0,False,False,Nagpur,Bhiwapur,Bhiwapur,District Collectorate & Administration Nagpur,RFCTLARR_2013,Rural Infrastructure,False,,,,,,,NOT_PUBLISHED_IN_GAZETTE,NOT_PUBLISHED_IN_STRUCTURED_DATA,NOT_APPLICABLE_IN_REAL_DATA,NOT_APPLICABLE_PRE_AWARD,UNPARSED_SCHEDULE_TABLE,UNPARSED_SCHEDULE_TABLE,NOT_PUBLISHED_IN_STRUCTURED_DATA,,
CAS_CLEAN_019,SNP_CAS_CLEAN_019_S19_AWARD_20251128,2025-11-28,SECTION_19_TO_AWARD,2025-11-28,SECTION_19,305,False,,2026-09-29,60,0,0,2,0.1644,0,False,False,Nagpur,Kuhi,Bramhani,District Collectorate & Administration Nagpur,RFCTLARR_2013,Rural Infrastructure,False,,,,,,,NOT_PUBLISHED_IN_GAZETTE,NOT_PUBLISHED_IN_STRUCTURED_DATA,NOT_APPLICABLE_IN_REAL_DATA,NOT_APPLICABLE_PRE_AWARD,UNPARSED_SCHEDULE_TABLE,UNPARSED_SCHEDULE_TABLE,NOT_PUBLISHED_IN_STRUCTURED_DATA,,
CAS_CLEAN_060,SNP_CAS_CLEAN_060_S19_AWARD_20251128,2025-11-28,SECTION_19_TO_AWARD,2025-11-28,SECTION_19,305,False,,2026-09-29,60,0,0,2,0.1644,0,False,False,Nagpur,Kuhi,Gonha,District Collectorate & Administration Nagpur,RFCTLARR_2013,Highway / Road Widening,False,,,,,,,NOT_PUBLISHED_IN_GAZETTE,NOT_PUBLISHED_IN_STRUCTURED_DATA,NOT_APPLICABLE_IN_REAL_DATA,NOT_APPLICABLE_PRE_AWARD,UNPARSED_SCHEDULE_TABLE,UNPARSED_SCHEDULE_TABLE,NOT_PUBLISHED_IN_STRUCTURED_DATA,,
CAS_CLEAN_080,SNP_CAS_CLEAN_080_S19_AWARD_20251128,2025-11-28,SECTION_19_TO_AWARD,2025-11-28,SECTION_19,305,False,,2026-09-29,60,0,0,2,0.1644,0,False,False,Nagpur,Kuhi,Kujba,District Collectorate & Administration Nagpur,RFCTLARR_2013,Rural Infrastructure,False,,,,,,,NOT_PUBLISHED_IN_GAZETTE,NOT_PUBLISHED_IN_STRUCTURED_DATA,NOT_APPLICABLE_IN_REAL_DATA,NOT_APPLICABLE_PRE_AWARD,UNPARSED_SCHEDULE_TABLE,UNPARSED_SCHEDULE_TABLE,NOT_PUBLISHED_IN_STRUCTURED_DATA,,
CAS_CLEAN_117,SNP_CAS_CLEAN_117_S19_AWARD_20251128,2025-11-28,SECTION_19_TO_AWARD,2025-03-03,SECTION_19,305,False,,2026-09-29,270,270,270,1,,0,False,False,Nagpur,Nagpur(Urban),,District Collectorate & Administration Nagpur,RFCTLARR_2013,Highway / Road Widening,False,,,,,,,NOT_PUBLISHED_IN_GAZETTE,NOT_PUBLISHED_IN_STRUCTURED_DATA,NOT_APPLICABLE_IN_REAL_DATA,NOT_APPLICABLE_PRE_AWARD,UNPARSED_SCHEDULE_TABLE,UNPARSED_SCHEDULE_TABLE,NOT_PUBLISHED_IN_STRUCTURED_DATA,,NOT_APPLICABLE_PRE_SEC11
CAS_CLEAN_129,SNP_CAS_CLEAN_129_S19_AWARD_20251128,2025-11-28,SECTION_19_TO_AWARD,2025-11-28,SECTION_19,305,False,,2026-09-29,60,0,0,2,0.1644,0,False,False,Nagpur,Kuhi,Ruyad,District Collectorate & Administration Nagpur,RFCTLARR_2013,Rural Infrastructure,False,,,,,,,NOT_PUBLISHED_IN_GAZETTE,NOT_PUBLISHED_IN_STRUCTURED_DATA,NOT_APPLICABLE_IN_REAL_DATA,NOT_APPLICABLE_PRE_AWARD,UNPARSED_SCHEDULE_TABLE,UNPARSED_SCHEDULE_TABLE,NOT_PUBLISHED_IN_STRUCTURED_DATA,,
CAS_CLEAN_146,SNP_CAS_CLEAN_146_S19_AWARD_20251128,2025-11-28,SECTION_19_TO_AWARD,2025-11-28,SECTION_19,305,False,,2026-09-29,60,0,0,2,0.1644,0,False,False,Nagpur,Kuhi,Takli,District Collectorate & Administration Nagpur,RFCTLARR_2013,Rural Infrastructure,False,,,,,,,NOT_PUBLISHED_IN_GAZETTE,NOT_PUBLISHED_IN_STRUCTURED_DATA,NOT_APPLICABLE_IN_REAL_DATA,NOT_APPLICABLE_PRE_AWARD,UNPARSED_SCHEDULE_TABLE,UNPARSED_SCHEDULE_TABLE,NOT_PUBLISHED_IN_STRUCTURED_DATA,,
CAS_CLEAN_147,SNP_CAS_CLEAN_147_S19_AWARD_20251128,2025-11-28,SECTION_19_TO_AWARD,2025-11-28,SECTION_19,305,False,,2026-09-29,60,0,0,2,0.1644,0,False,False,Nagpur,Kuhi,Taroli,District Collectorate & Administration Nagpur,RFCTLARR_2013,Rural Infrastructure,False,,,,,,,NOT_PUBLISHED_IN_GAZETTE,NOT_PUBLISHED_IN_STRUCTURED_DATA,NOT_APPLICABLE_IN_REAL_DATA,NOT_APPLICABLE_PRE_AWARD,UNPARSED_SCHEDULE_TABLE,UNPARSED_SCHEDULE_TABLE,NOT_PUBLISHED_IN_STRUCTURED_DATA,,
CAS_CLEAN_015,SNP_CAS_CLEAN_015_S19_AWARD_20251215,2025-12-15,SECTION_19_TO_AWARD,2025-12-15,SECTION_19,288,False,,2026-09-29,80,0,0,2,0.2192,0,False,False,Nagpur,Kuhi,Bhivapur,District Collectorate & Administration Nagpur,RFCTLARR_2013,Rural Infrastructure,False,,,,,,,NOT_PUBLISHED_IN_GAZETTE,NOT_PUBLISHED_IN_STRUCTURED_DATA,NOT_APPLICABLE_IN_REAL_DATA,NOT_APPLICABLE_PRE_AWARD,UNPARSED_SCHEDULE_TABLE,UNPARSED_SCHEDULE_TABLE,NOT_PUBLISHED_IN_STRUCTURED_DATA,,
CAS_CLEAN_045,SNP_CAS_CLEAN_045_S19_AWARD_20251215,2025-12-15,SECTION_19_TO_AWARD,2025-12-15,SECTION_19,288,False,,2026-09-29,87,0,0,2,0.2384,0,False,False,Nagpur,Kuhi,Chikhali,District Collectorate & Administration Nagpur,RFCTLARR_2013,Rural Infrastructure,False,,,,,,,NOT_PUBLISHED_IN_GAZETTE,NOT_PUBLISHED_IN_STRUCTURED_DATA,NOT_APPLICABLE_IN_REAL_DATA,NOT_APPLICABLE_PRE_AWARD,UNPARSED_SCHEDULE_TABLE,UNPARSED_SCHEDULE_TABLE,NOT_PUBLISHED_IN_STRUCTURED_DATA,,
CAS_CLEAN_076,SNP_CAS_CLEAN_076_S19_AWARD_20251215,2025-12-15,SECTION_19_TO_AWARD,2025-12-15,SECTION_19,288,False,,2026-09-29,87,0,0,2,0.2384,0,False,False,Nagpur,i Taluka Bhivapur,Kitali,District Collectorate & Administration Nagpur,RFCTLARR_2013,Rural Infrastructure,False,,,,,,,NOT_PUBLISHED_IN_GAZETTE,NOT_PUBLISHED_IN_STRUCTURED_DATA,NOT_APPLICABLE_IN_REAL_DATA,NOT_APPLICABLE_PRE_AWARD,UNPARSED_SCHEDULE_TABLE,UNPARSED_SCHEDULE_TABLE,NOT_PUBLISHED_IN_STRUCTURED_DATA,,
CAS_CLEAN_114,SNP_CAS_CLEAN_114_S19_AWARD_20251215,2025-12-15,SECTION_19_TO_AWARD,2025-12-15,SECTION_19,288,False,,2026-09-29,87,0,0,2,0.2384,0,False,False,Nagpur,Kuhi,Pratapur,District Collectorate & Administration Nagpur,RFCTLARR_2013,Rural Infrastructure,False,,,,,,,NOT_PUBLISHED_IN_GAZETTE,NOT_PUBLISHED_IN_STRUCTURED_DATA,NOT_APPLICABLE_IN_REAL_DATA,NOT_APPLICABLE_PRE_AWARD,UNPARSED_SCHEDULE_TABLE,UNPARSED_SCHEDULE_TABLE,NOT_PUBLISHED_IN_STRUCTURED_DATA,,
CAS_CLEAN_132,SNP_CAS_CLEAN_132_S19_AWARD_20251215,2025-12-15,SECTION_19_TO_AWARD,2025-12-15,SECTION_19,288,False,,2026-09-29,0,0,0,1,,0,False,False,Nagpur,Kuhi,Savangi,District Collectorate & Administration Nagpur,RFCTLARR_2013,Rural Infrastructure,False,,,,,,,NOT_PUBLISHED_IN_GAZETTE,NOT_PUBLISHED_IN_STRUCTURED_DATA,NOT_APPLICABLE_IN_REAL_DATA,NOT_APPLICABLE_PRE_AWARD,UNPARSED_SCHEDULE_TABLE,UNPARSED_SCHEDULE_TABLE,NOT_PUBLISHED_IN_STRUCTURED_DATA,,NOT_APPLICABLE_PRE_SEC11
CAS_CLEAN_134,SNP_CAS_CLEAN_134_S19_AWARD_20251215,2025-12-15,SECTION_19_TO_AWARD,2025-12-15,SECTION_19,288,False,,2026-09-29,0,0,0,1,,0,False,False,Nagpur,Bhivapur,Savargao,District Collectorate & Administration Nagpur,RFCTLARR_2013,Rural Infrastructure,False,,,,,,,NOT_PUBLISHED_IN_GAZETTE,NOT_PUBLISHED_IN_STRUCTURED_DATA,NOT_APPLICABLE_IN_REAL_DATA,NOT_APPLICABLE_PRE_AWARD,UNPARSED_SCHEDULE_TABLE,UNPARSED_SCHEDULE_TABLE,NOT_PUBLISHED_IN_STRUCTURED_DATA,,NOT_APPLICABLE_PRE_SEC11
CAS_CLEAN_070,SNP_CAS_CLEAN_070_S19_AWARD_20251216,2025-12-16,SECTION_19_TO_AWARD,2025-06-19,SECTION_19,210,True,2026-07-14,,305,180,180,1,,2,True,False,Nagpur,Saoner,Khariy Dhalgaon,District Collectorate & Administration Nagpur,RFCTLARR_2013,Highway / Road Widening,False,,,,,,,NOT_PUBLISHED_IN_GAZETTE,NOT_PUBLISHED_IN_STRUCTURED_DATA,NOT_APPLICABLE_IN_REAL_DATA,NOT_APPLICABLE_PRE_AWARD,UNPARSED_SCHEDULE_TABLE,UNPARSED_SCHEDULE_TABLE,NOT_PUBLISHED_IN_STRUCTURED_DATA,,NOT_APPLICABLE_PRE_SEC11
CAS_CLEAN_160,SNP_CAS_CLEAN_160_S19_AWARD_20251219,2025-12-19,SECTION_19_TO_AWARD,2025-12-19,SECTION_19,284,False,,2026-09-29,0,0,0,1,,0,False,False,Nagpur,Hingna,Wanadongari,District Collectorate & Administration Nagpur,RFCTLARR_2013,Rural Infrastructure,False,,,,,,,NOT_PUBLISHED_IN_GAZETTE,NOT_PUBLISHED_IN_STRUCTURED_DATA,NOT_APPLICABLE_IN_REAL_DATA,NOT_APPLICABLE_PRE_AWARD,UNPARSED_SCHEDULE_TABLE,UNPARSED_SCHEDULE_TABLE,NOT_PUBLISHED_IN_STRUCTURED_DATA,,NOT_APPLICABLE_PRE_SEC11
CAS_CLEAN_161,SNP_CAS_CLEAN_161_S19_AWARD_20251219,2025-12-19,SECTION_19_TO_AWARD,2025-12-19,SECTION_19,284,False,,2026-09-29,0,0,0,1,,0,False,False,Nagpur,Hingna,Wanadongari,District Collectorate & Administration Nagpur,RFCTLARR_2013,Rural Infrastructure,False,,,,,,,NOT_PUBLISHED_IN_GAZETTE,NOT_PUBLISHED_IN_STRUCTURED_DATA,NOT_APPLICABLE_IN_REAL_DATA,NOT_APPLICABLE_PRE_AWARD,UNPARSED_SCHEDULE_TABLE,UNPARSED_SCHEDULE_TABLE,NOT_PUBLISHED_IN_STRUCTURED_DATA,,NOT_APPLICABLE_PRE_SEC11
CAS_CLEAN_162,SNP_CAS_CLEAN_162_S19_AWARD_20251219,2025-12-19,SECTION_19_TO_AWARD,2025-12-19,SECTION_19,284,False,,2026-09-29,0,0,0,1,,0,False,False,Nagpur,Hingna,Wanadongari,District Collectorate & Administration Nagpur,RFCTLARR_2013,Rural Infrastructure,False,,,,,,,NOT_PUBLISHED_IN_GAZETTE,NOT_PUBLISHED_IN_STRUCTURED_DATA,NOT_APPLICABLE_IN_REAL_DATA,NOT_APPLICABLE_PRE_AWARD,UNPARSED_SCHEDULE_TABLE,UNPARSED_SCHEDULE_TABLE,NOT_PUBLISHED_IN_STRUCTURED_DATA,,NOT_APPLICABLE_PRE_SEC11
CAS_CLEAN_163,SNP_CAS_CLEAN_163_S19_AWARD_20251219,2025-12-19,SECTION_19_TO_AWARD,2025-12-19,SECTION_19,284,False,,2026-09-29,0,0,0,1,,0,False,False,Nagpur,Hingna,Wanadongari,District Collectorate & Administration Nagpur,RFCTLARR_2013,Rural Infrastructure,False,,,,,,,NOT_PUBLISHED_IN_GAZETTE,NOT_PUBLISHED_IN_STRUCTURED_DATA,NOT_APPLICABLE_IN_REAL_DATA,NOT_APPLICABLE_PRE_AWARD,UNPARSED_SCHEDULE_TABLE,UNPARSED_SCHEDULE_TABLE,NOT_PUBLISHED_IN_STRUCTURED_DATA,,NOT_APPLICABLE_PRE_SEC11
CAS_CLEAN_034,SNP_CAS_CLEAN_034_S19_AWARD_20251230,2025-12-30,SECTION_19_TO_AWARD,2025-07-03,SECTION_19,273,False,,2026-09-29,180,180,180,1,,0,False,False,Nagpur,Nagpur,,District Collectorate & Administration Nagpur,RFCTLARR_2013,Rural Infrastructure,False,,,,,,,NOT_PUBLISHED_IN_GAZETTE,NOT_PUBLISHED_IN_STRUCTURED_DATA,NOT_APPLICABLE_IN_REAL_DATA,NOT_APPLICABLE_PRE_AWARD,UNPARSED_SCHEDULE_TABLE,UNPARSED_SCHEDULE_TABLE,NOT_PUBLISHED_IN_STRUCTURED_DATA,,NOT_APPLICABLE_PRE_SEC11
CAS_CLEAN_139,SNP_CAS_CLEAN_139_S19_AWARD_20260102,2026-01-02,SECTION_19_TO_AWARD,2025-01-02,SECTION_19,270,False,,2026-09-29,365,365,365,1,,0,False,False,Nagpur,Nagpur Urban,Shivangaon,District Collectorate & Administration Nagpur,RFCTLARR_2013,Rural Infrastructure,False,,,,,,,NOT_PUBLISHED_IN_GAZETTE,NOT_PUBLISHED_IN_STRUCTURED_DATA,NOT_APPLICABLE_IN_REAL_DATA,NOT_APPLICABLE_PRE_AWARD,UNPARSED_SCHEDULE_TABLE,UNPARSED_SCHEDULE_TABLE,NOT_PUBLISHED_IN_STRUCTURED_DATA,,NOT_APPLICABLE_PRE_SEC11
CAS_CLEAN_003,SNP_CAS_CLEAN_003_S19_AWARD_20260112,2026-01-12,SECTION_19_TO_AWARD,2025-11-28,SECTION_21,260,False,,2026-09-29,104,0,0,3,0.2849,0,False,False,Nagpur,Kuhi,Amti,District Collectorate & Administration Nagpur,RFCTLARR_2013,Rural Infrastructure,False,,,,,,,NOT_PUBLISHED_IN_GAZETTE,NOT_PUBLISHED_IN_STRUCTURED_DATA,NOT_APPLICABLE_IN_REAL_DATA,NOT_APPLICABLE_PRE_AWARD,UNPARSED_SCHEDULE_TABLE,UNPARSED_SCHEDULE_TABLE,NOT_PUBLISHED_IN_STRUCTURED_DATA,,
CAS_CLEAN_006,SNP_CAS_CLEAN_006_S19_AWARD_20260112,2026-01-12,SECTION_19_TO_AWARD,2025-11-28,SECTION_21,260,False,,2026-09-29,105,0,0,3,0.2877,0,False,False,Nagpur,Kuhi,Awarmara,District Collectorate & Administration Nagpur,RFCTLARR_2013,Rural Infrastructure,False,,,,,,,NOT_PUBLISHED_IN_GAZETTE,NOT_PUBLISHED_IN_STRUCTURED_DATA,NOT_APPLICABLE_IN_REAL_DATA,NOT_APPLICABLE_PRE_AWARD,UNPARSED_SCHEDULE_TABLE,UNPARSED_SCHEDULE_TABLE,NOT_PUBLISHED_IN_STRUCTURED_DATA,,
CAS_CLEAN_014,SNP_CAS_CLEAN_014_S19_AWARD_20260112,2026-01-12,SECTION_19_TO_AWARD,2025-11-28,SECTION_21,260,False,,2026-09-29,105,0,0,3,0.2877,0,False,False,Nagpur,Bhiwapur,Bhiwapur,District Collectorate & Administration Nagpur,RFCTLARR_2013,Rural Infrastructure,False,,,,,,,NOT_PUBLISHED_IN_GAZETTE,NOT_PUBLISHED_IN_STRUCTURED_DATA,NOT_APPLICABLE_IN_REAL_DATA,NOT_APPLICABLE_PRE_AWARD,UNPARSED_SCHEDULE_TABLE,UNPARSED_SCHEDULE_TABLE,NOT_PUBLISHED_IN_STRUCTURED_DATA,,
CAS_CLEAN_019,SNP_CAS_CLEAN_019_S19_AWARD_20260112,2026-01-12,SECTION_19_TO_AWARD,2025-11-28,SECTION_21,260,False,,2026-09-29,105,0,0,3,0.2877,0,False,False,Nagpur,Kuhi,Bramhani,District Collectorate & Administration Nagpur,RFCTLARR_2013,Rural Infrastructure,False,,,,,,,NOT_PUBLISHED_IN_GAZETTE,NOT_PUBLISHED_IN_STRUCTURED_DATA,NOT_APPLICABLE_IN_REAL_DATA,NOT_APPLICABLE_PRE_AWARD,UNPARSED_SCHEDULE_TABLE,UNPARSED_SCHEDULE_TABLE,NOT_PUBLISHED_IN_STRUCTURED_DATA,,
CAS_CLEAN_060,SNP_CAS_CLEAN_060_S19_AWARD_20260112,2026-01-12,SECTION_19_TO_AWARD,2025-11-28,SECTION_21,260,False,,2026-09-29,105,0,0,3,0.2877,0,False,False,Nagpur,Kuhi,Gonha,District Collectorate & Administration Nagpur,RFCTLARR_2013,Highway / Road Widening,False,,,,,,,NOT_PUBLISHED_IN_GAZETTE,NOT_PUBLISHED_IN_STRUCTURED_DATA,NOT_APPLICABLE_IN_REAL_DATA,NOT_APPLICABLE_PRE_AWARD,UNPARSED_SCHEDULE_TABLE,UNPARSED_SCHEDULE_TABLE,NOT_PUBLISHED_IN_STRUCTURED_DATA,,
CAS_CLEAN_080,SNP_CAS_CLEAN_080_S19_AWARD_20260112,2026-01-12,SECTION_19_TO_AWARD,2025-11-28,SECTION_21,260,False,,2026-09-29,105,0,0,3,0.2877,0,False,False,Nagpur,Kuhi,Kujba,District Collectorate & Administration Nagpur,RFCTLARR_2013,Rural Infrastructure,False,,,,,,,NOT_PUBLISHED_IN_GAZETTE,NOT_PUBLISHED_IN_STRUCTURED_DATA,NOT_APPLICABLE_IN_REAL_DATA,NOT_APPLICABLE_PRE_AWARD,UNPARSED_SCHEDULE_TABLE,UNPARSED_SCHEDULE_TABLE,NOT_PUBLISHED_IN_STRUCTURED_DATA,,
CAS_CLEAN_129,SNP_CAS_CLEAN_129_S19_AWARD_20260112,2026-01-12,SECTION_19_TO_AWARD,2025-11-28,SECTION_21,260,False,,2026-09-29,105,0,0,3,0.2877,0,False,False,Nagpur,Kuhi,Ruyad,District Collectorate & Administration Nagpur,RFCTLARR_2013,Rural Infrastructure,False,,,,,,,NOT_PUBLISHED_IN_GAZETTE,NOT_PUBLISHED_IN_STRUCTURED_DATA,NOT_APPLICABLE_IN_REAL_DATA,NOT_APPLICABLE_PRE_AWARD,UNPARSED_SCHEDULE_TABLE,UNPARSED_SCHEDULE_TABLE,NOT_PUBLISHED_IN_STRUCTURED_DATA,,
CAS_CLEAN_146,SNP_CAS_CLEAN_146_S19_AWARD_20260112,2026-01-12,SECTION_19_TO_AWARD,2025-11-28,SECTION_21,260,False,,2026-09-29,105,0,0,3,0.2877,0,False,False,Nagpur,Kuhi,Takli,District Collectorate & Administration Nagpur,RFCTLARR_2013,Rural Infrastructure,False,,,,,,,NOT_PUBLISHED_IN_GAZETTE,NOT_PUBLISHED_IN_STRUCTURED_DATA,NOT_APPLICABLE_IN_REAL_DATA,NOT_APPLICABLE_PRE_AWARD,UNPARSED_SCHEDULE_TABLE,UNPARSED_SCHEDULE_TABLE,NOT_PUBLISHED_IN_STRUCTURED_DATA,,
CAS_CLEAN_147,SNP_CAS_CLEAN_147_S19_AWARD_20260112,2026-01-12,SECTION_19_TO_AWARD,2025-11-28,SECTION_21,260,False,,2026-09-29,105,0,0,3,0.2877,0,False,False,Nagpur,Kuhi,Taroli,District Collectorate & Administration Nagpur,RFCTLARR_2013,Rural Infrastructure,False,,,,,,,NOT_PUBLISHED_IN_GAZETTE,NOT_PUBLISHED_IN_STRUCTURED_DATA,NOT_APPLICABLE_IN_REAL_DATA,NOT_APPLICABLE_PRE_AWARD,UNPARSED_SCHEDULE_TABLE,UNPARSED_SCHEDULE_TABLE,NOT_PUBLISHED_IN_STRUCTURED_DATA,,
CAS_CLEAN_047,SNP_CAS_CLEAN_047_S19_AWARD_20260114,2026-01-14,SECTION_19_TO_AWARD,2025-01-14,SECTION_11,258,False,,2026-09-29,365,365,365,2,1.0,0,False,False,Nagpur,Mauda,Chirwa,District Collectorate & Administration Nagpur,RFCTLARR_2013,Rural Infrastructure,False,,,,,,,NOT_PUBLISHED_IN_GAZETTE,NOT_PUBLISHED_IN_STRUCTURED_DATA,NOT_APPLICABLE_IN_REAL_DATA,NOT_APPLICABLE_PRE_AWARD,UNPARSED_SCHEDULE_TABLE,UNPARSED_SCHEDULE_TABLE,NOT_PUBLISHED_IN_STRUCTURED_DATA,,
CAS_CLEAN_085,SNP_CAS_CLEAN_085_S19_AWARD_20260114,2026-01-14,SECTION_19_TO_AWARD,2025-01-14,SECTION_11,258,False,,2026-09-29,365,365,365,2,1.0,0,False,False,Nagpur,Kuhi,Masli,District Collectorate & Administration Nagpur,RFCTLARR_2013,Rural Infrastructure,False,,,,,,,NOT_PUBLISHED_IN_GAZETTE,NOT_PUBLISHED_IN_STRUCTURED_DATA,NOT_APPLICABLE_IN_REAL_DATA,NOT_APPLICABLE_PRE_AWARD,UNPARSED_SCHEDULE_TABLE,UNPARSED_SCHEDULE_TABLE,NOT_PUBLISHED_IN_STRUCTURED_DATA,,
CAS_CLEAN_015,SNP_CAS_CLEAN_015_S19_AWARD_20260119,2026-01-19,SECTION_19_TO_AWARD,2025-12-15,SECTION_21,253,False,,2026-09-29,115,0,0,3,0.3151,0,False,False,Nagpur,Kuhi,Bhivapur,District Collectorate & Administration Nagpur,RFCTLARR_2013,Rural Infrastructure,False,,,,,,,NOT_PUBLISHED_IN_GAZETTE,NOT_PUBLISHED_IN_STRUCTURED_DATA,NOT_APPLICABLE_IN_REAL_DATA,NOT_APPLICABLE_PRE_AWARD,UNPARSED_SCHEDULE_TABLE,UNPARSED_SCHEDULE_TABLE,NOT_PUBLISHED_IN_STRUCTURED_DATA,,
CAS_CLEAN_045,SNP_CAS_CLEAN_045_S19_AWARD_20260119,2026-01-19,SECTION_19_TO_AWARD,2025-12-15,SECTION_21,253,False,,2026-09-29,122,0,0,3,0.3342,0,False,False,Nagpur,Kuhi,Chikhali,District Collectorate & Administration Nagpur,RFCTLARR_2013,Rural Infrastructure,False,,,,,,,NOT_PUBLISHED_IN_GAZETTE,NOT_PUBLISHED_IN_STRUCTURED_DATA,NOT_APPLICABLE_IN_REAL_DATA,NOT_APPLICABLE_PRE_AWARD,UNPARSED_SCHEDULE_TABLE,UNPARSED_SCHEDULE_TABLE,NOT_PUBLISHED_IN_STRUCTURED_DATA,,
CAS_CLEAN_076,SNP_CAS_CLEAN_076_S19_AWARD_20260119,2026-01-19,SECTION_19_TO_AWARD,2025-12-15,SECTION_21,253,False,,2026-09-29,122,0,0,3,0.3342,0,False,False,Nagpur,i Taluka Bhivapur,Kitali,District Collectorate & Administration Nagpur,RFCTLARR_2013,Rural Infrastructure,False,,,,,,,NOT_PUBLISHED_IN_GAZETTE,NOT_PUBLISHED_IN_STRUCTURED_DATA,NOT_APPLICABLE_IN_REAL_DATA,NOT_APPLICABLE_PRE_AWARD,UNPARSED_SCHEDULE_TABLE,UNPARSED_SCHEDULE_TABLE,NOT_PUBLISHED_IN_STRUCTURED_DATA,,
CAS_CLEAN_134,SNP_CAS_CLEAN_134_S19_AWARD_20260119,2026-01-19,SECTION_19_TO_AWARD,2025-12-15,SECTION_21,253,False,,2026-09-29,35,0,0,2,,0,False,False,Nagpur,Bhivapur,Savargao,District Collectorate & Administration Nagpur,RFCTLARR_2013,Rural Infrastructure,False,,,,,,,NOT_PUBLISHED_IN_GAZETTE,NOT_PUBLISHED_IN_STRUCTURED_DATA,NOT_APPLICABLE_IN_REAL_DATA,NOT_APPLICABLE_PRE_AWARD,UNPARSED_SCHEDULE_TABLE,UNPARSED_SCHEDULE_TABLE,NOT_PUBLISHED_IN_STRUCTURED_DATA,,NOT_APPLICABLE_PRE_SEC11
CAS_CLEAN_051,SNP_CAS_CLEAN_051_S19_AWARD_20260120,2026-01-20,SECTION_19_TO_AWARD,2026-01-20,SECTION_19,252,False,,2026-09-29,0,0,0,1,,0,False,False,Nagpur,,,District Collectorate & Administration Nagpur,RFCTLARR_2013,Rural Infrastructure,False,,,,,,,NOT_PUBLISHED_IN_GAZETTE,NOT_PUBLISHED_IN_STRUCTURED_DATA,NOT_APPLICABLE_IN_REAL_DATA,NOT_APPLICABLE_PRE_AWARD,UNPARSED_SCHEDULE_TABLE,UNPARSED_SCHEDULE_TABLE,NOT_PUBLISHED_IN_STRUCTURED_DATA,,NOT_APPLICABLE_PRE_SEC11
CAS_CLEAN_038,SNP_CAS_CLEAN_038_S19_AWARD_20260121,2026-01-21,SECTION_19_TO_AWARD,2025-01-21,SECTION_19,251,False,,2026-09-29,365,365,365,1,,0,False,False,Nagpur,Kuhi,Chapegadi,District Collectorate & Administration Nagpur,RFCTLARR_2013,Rural Infrastructure,False,,,,,,,NOT_PUBLISHED_IN_GAZETTE,NOT_PUBLISHED_IN_STRUCTURED_DATA,NOT_APPLICABLE_IN_REAL_DATA,NOT_APPLICABLE_PRE_AWARD,UNPARSED_SCHEDULE_TABLE,UNPARSED_SCHEDULE_TABLE,NOT_PUBLISHED_IN_STRUCTURED_DATA,,NOT_APPLICABLE_PRE_SEC11
CAS_CLEAN_131,SNP_CAS_CLEAN_131_S19_AWARD_20260121,2026-01-21,SECTION_19_TO_AWARD,2025-01-21,SECTION_19,251,False,,2026-09-29,365,365,365,1,,0,False,False,Nagpur,Kuhi,Savangi,District Collectorate & Administration Nagpur,RFCTLARR_2013,Rural Infrastructure,False,,,,,,,NOT_PUBLISHED_IN_GAZETTE,NOT_PUBLISHED_IN_STRUCTURED_DATA,NOT_APPLICABLE_IN_REAL_DATA,NOT_APPLICABLE_PRE_AWARD,UNPARSED_SCHEDULE_TABLE,UNPARSED_SCHEDULE_TABLE,NOT_PUBLISHED_IN_STRUCTURED_DATA,,NOT_APPLICABLE_PRE_SEC11
CAS_CLEAN_108,SNP_CAS_CLEAN_108_S19_AWARD_20260125,2026-01-25,SECTION_19_TO_AWARD,2025-07-29,SECTION_19,247,False,,2026-09-29,180,180,180,1,,0,False,False,Nagpur,Nagpur (City),Parsodi,District Collectorate & Administration Nagpur,RFCTLARR_2013,Rural Infrastructure,False,,,,,,,NOT_PUBLISHED_IN_GAZETTE,NOT_PUBLISHED_IN_STRUCTURED_DATA,NOT_APPLICABLE_IN_REAL_DATA,NOT_APPLICABLE_PRE_AWARD,UNPARSED_SCHEDULE_TABLE,UNPARSED_SCHEDULE_TABLE,NOT_PUBLISHED_IN_STRUCTURED_DATA,,NOT_APPLICABLE_PRE_SEC11
CAS_CLEAN_011,SNP_CAS_CLEAN_011_S19_AWARD_20260202,2026-02-02,SECTION_19_TO_AWARD,2026-02-02,SECTION_19,239,False,,2026-09-29,0,0,0,1,,0,False,False,Nagpur,Saoner,Bhanegaon,District Collectorate & Administration Nagpur,RFCTLARR_2013,Rural Infrastructure,False,,,,,,,NOT_PUBLISHED_IN_GAZETTE,NOT_PUBLISHED_IN_STRUCTURED_DATA,NOT_APPLICABLE_IN_REAL_DATA,NOT_APPLICABLE_PRE_AWARD,UNPARSED_SCHEDULE_TABLE,UNPARSED_SCHEDULE_TABLE,NOT_PUBLISHED_IN_STRUCTURED_DATA,,NOT_APPLICABLE_PRE_SEC11
CAS_CLEAN_088,SNP_CAS_CLEAN_088_S19_AWARD_20260212,2026-02-12,SECTION_19_TO_AWARD,2025-02-12,SECTION_19,229,False,,2026-09-29,365,365,365,1,,0,False,False,Nagpur,,Mouza Pipaldhara,District Collectorate & Administration Nagpur,RFCTLARR_2013,Rural Infrastructure,False,,,,,,,NOT_PUBLISHED_IN_GAZETTE,NOT_PUBLISHED_IN_STRUCTURED_DATA,NOT_APPLICABLE_IN_REAL_DATA,NOT_APPLICABLE_PRE_AWARD,UNPARSED_SCHEDULE_TABLE,UNPARSED_SCHEDULE_TABLE,NOT_PUBLISHED_IN_STRUCTURED_DATA,,NOT_APPLICABLE_PRE_SEC11
CAS_CLEAN_053,SNP_CAS_CLEAN_053_S19_AWARD_20260216,2026-02-16,SECTION_19_TO_AWARD,2025-11-18,SECTION_19,225,False,,2026-09-29,90,90,90,1,,0,False,False,Nagpur,,,District Collectorate & Administration Nagpur,RFCTLARR_2013,Rural Infrastructure,False,,,,,,,NOT_PUBLISHED_IN_GAZETTE,NOT_PUBLISHED_IN_STRUCTURED_DATA,NOT_APPLICABLE_IN_REAL_DATA,NOT_APPLICABLE_PRE_AWARD,UNPARSED_SCHEDULE_TABLE,UNPARSED_SCHEDULE_TABLE,NOT_PUBLISHED_IN_STRUCTURED_DATA,,NOT_APPLICABLE_PRE_SEC11
CAS_CLEAN_040,SNP_CAS_CLEAN_040_S19_AWARD_20260225,2026-02-25,SECTION_19_TO_AWARD,2025-02-25,SECTION_19,216,False,,2026-09-29,365,365,365,1,,0,False,False,Nagpur,Kuhi,Chapeghat (Rithi),District Collectorate & Administration Nagpur,RFCTLARR_2013,Rural Infrastructure,False,,,,,,,NOT_PUBLISHED_IN_GAZETTE,NOT_PUBLISHED_IN_STRUCTURED_DATA,NOT_APPLICABLE_IN_REAL_DATA,NOT_APPLICABLE_PRE_AWARD,UNPARSED_SCHEDULE_TABLE,UNPARSED_SCHEDULE_TABLE,NOT_PUBLISHED_IN_STRUCTURED_DATA,,NOT_APPLICABLE_PRE_SEC11
CAS_CLEAN_003,SNP_CAS_CLEAN_003_S19_AWARD_20260226,2026-02-26,SECTION_19_TO_AWARD,2025-11-28,SECTION_21,215,False,,2026-09-29,149,45,45,3,0.4082,0,False,False,Nagpur,Kuhi,Amti,District Collectorate & Administration Nagpur,RFCTLARR_2013,Rural Infrastructure,False,,,,,,,NOT_PUBLISHED_IN_GAZETTE,NOT_PUBLISHED_IN_STRUCTURED_DATA,NOT_APPLICABLE_IN_REAL_DATA,NOT_APPLICABLE_PRE_AWARD,UNPARSED_SCHEDULE_TABLE,UNPARSED_SCHEDULE_TABLE,NOT_PUBLISHED_IN_STRUCTURED_DATA,,
CAS_CLEAN_006,SNP_CAS_CLEAN_006_S19_AWARD_20260226,2026-02-26,SECTION_19_TO_AWARD,2025-11-28,SECTION_21,215,False,,2026-09-29,150,45,45,3,0.411,0,False,False,Nagpur,Kuhi,Awarmara,District Collectorate & Administration Nagpur,RFCTLARR_2013,Rural Infrastructure,False,,,,,,,NOT_PUBLISHED_IN_GAZETTE,NOT_PUBLISHED_IN_STRUCTURED_DATA,NOT_APPLICABLE_IN_REAL_DATA,NOT_APPLICABLE_PRE_AWARD,UNPARSED_SCHEDULE_TABLE,UNPARSED_SCHEDULE_TABLE,NOT_PUBLISHED_IN_STRUCTURED_DATA,,
CAS_CLEAN_014,SNP_CAS_CLEAN_014_S19_AWARD_20260226,2026-02-26,SECTION_19_TO_AWARD,2025-11-28,SECTION_21,215,False,,2026-09-29,150,45,45,3,0.411,0,False,False,Nagpur,Bhiwapur,Bhiwapur,District Collectorate & Administration Nagpur,RFCTLARR_2013,Rural Infrastructure,False,,,,,,,NOT_PUBLISHED_IN_GAZETTE,NOT_PUBLISHED_IN_STRUCTURED_DATA,NOT_APPLICABLE_IN_REAL_DATA,NOT_APPLICABLE_PRE_AWARD,UNPARSED_SCHEDULE_TABLE,UNPARSED_SCHEDULE_TABLE,NOT_PUBLISHED_IN_STRUCTURED_DATA,,
CAS_CLEAN_019,SNP_CAS_CLEAN_019_S19_AWARD_20260226,2026-02-26,SECTION_19_TO_AWARD,2025-11-28,SECTION_21,215,False,,2026-09-29,150,45,45,3,0.411,0,False,False,Nagpur,Kuhi,Bramhani,District Collectorate & Administration Nagpur,RFCTLARR_2013,Rural Infrastructure,False,,,,,,,NOT_PUBLISHED_IN_GAZETTE,NOT_PUBLISHED_IN_STRUCTURED_DATA,NOT_APPLICABLE_IN_REAL_DATA,NOT_APPLICABLE_PRE_AWARD,UNPARSED_SCHEDULE_TABLE,UNPARSED_SCHEDULE_TABLE,NOT_PUBLISHED_IN_STRUCTURED_DATA,,
CAS_CLEAN_060,SNP_CAS_CLEAN_060_S19_AWARD_20260226,2026-02-26,SECTION_19_TO_AWARD,2025-11-28,SECTION_21,215,False,,2026-09-29,150,45,45,3,0.411,0,False,False,Nagpur,Kuhi,Gonha,District Collectorate & Administration Nagpur,RFCTLARR_2013,Highway / Road Widening,False,,,,,,,NOT_PUBLISHED_IN_GAZETTE,NOT_PUBLISHED_IN_STRUCTURED_DATA,NOT_APPLICABLE_IN_REAL_DATA,NOT_APPLICABLE_PRE_AWARD,UNPARSED_SCHEDULE_TABLE,UNPARSED_SCHEDULE_TABLE,NOT_PUBLISHED_IN_STRUCTURED_DATA,,
CAS_CLEAN_080,SNP_CAS_CLEAN_080_S19_AWARD_20260226,2026-02-26,SECTION_19_TO_AWARD,2025-11-28,SECTION_21,215,False,,2026-09-29,150,45,45,3,0.411,0,False,False,Nagpur,Kuhi,Kujba,District Collectorate & Administration Nagpur,RFCTLARR_2013,Rural Infrastructure,False,,,,,,,NOT_PUBLISHED_IN_GAZETTE,NOT_PUBLISHED_IN_STRUCTURED_DATA,NOT_APPLICABLE_IN_REAL_DATA,NOT_APPLICABLE_PRE_AWARD,UNPARSED_SCHEDULE_TABLE,UNPARSED_SCHEDULE_TABLE,NOT_PUBLISHED_IN_STRUCTURED_DATA,,
CAS_CLEAN_129,SNP_CAS_CLEAN_129_S19_AWARD_20260226,2026-02-26,SECTION_19_TO_AWARD,2025-11-28,SECTION_21,215,False,,2026-09-29,150,45,45,3,0.411,0,False,False,Nagpur,Kuhi,Ruyad,District Collectorate & Administration Nagpur,RFCTLARR_2013,Rural Infrastructure,False,,,,,,,NOT_PUBLISHED_IN_GAZETTE,NOT_PUBLISHED_IN_STRUCTURED_DATA,NOT_APPLICABLE_IN_REAL_DATA,NOT_APPLICABLE_PRE_AWARD,UNPARSED_SCHEDULE_TABLE,UNPARSED_SCHEDULE_TABLE,NOT_PUBLISHED_IN_STRUCTURED_DATA,,
CAS_CLEAN_146,SNP_CAS_CLEAN_146_S19_AWARD_20260226,2026-02-26,SECTION_19_TO_AWARD,2025-11-28,SECTION_21,215,False,,2026-09-29,150,45,45,3,0.411,0,False,False,Nagpur,Kuhi,Takli,District Collectorate & Administration Nagpur,RFCTLARR_2013,Rural Infrastructure,False,,,,,,,NOT_PUBLISHED_IN_GAZETTE,NOT_PUBLISHED_IN_STRUCTURED_DATA,NOT_APPLICABLE_IN_REAL_DATA,NOT_APPLICABLE_PRE_AWARD,UNPARSED_SCHEDULE_TABLE,UNPARSED_SCHEDULE_TABLE,NOT_PUBLISHED_IN_STRUCTURED_DATA,,
CAS_CLEAN_147,SNP_CAS_CLEAN_147_S19_AWARD_20260226,2026-02-26,SECTION_19_TO_AWARD,2025-11-28,SECTION_21,215,False,,2026-09-29,150,45,45,3,0.411,0,False,False,Nagpur,Kuhi,Taroli,District Collectorate & Administration Nagpur,RFCTLARR_2013,Rural Infrastructure,False,,,,,,,NOT_PUBLISHED_IN_GAZETTE,NOT_PUBLISHED_IN_STRUCTURED_DATA,NOT_APPLICABLE_IN_REAL_DATA,NOT_APPLICABLE_PRE_AWARD,UNPARSED_SCHEDULE_TABLE,UNPARSED_SCHEDULE_TABLE,NOT_PUBLISHED_IN_STRUCTURED_DATA,,
CAS_CLEAN_117,SNP_CAS_CLEAN_117_S19_AWARD_20260303,2026-03-03,SECTION_19_TO_AWARD,2025-03-03,SECTION_19,210,False,,2026-09-29,365,365,365,1,,0,False,False,Nagpur,Nagpur(Urban),,District Collectorate & Administration Nagpur,RFCTLARR_2013,Highway / Road Widening,False,,,,,,,NOT_PUBLISHED_IN_GAZETTE,NOT_PUBLISHED_IN_STRUCTURED_DATA,NOT_APPLICABLE_IN_REAL_DATA,NOT_APPLICABLE_PRE_AWARD,UNPARSED_SCHEDULE_TABLE,UNPARSED_SCHEDULE_TABLE,NOT_PUBLISHED_IN_STRUCTURED_DATA,,NOT_APPLICABLE_PRE_SEC11
CAS_CLEAN_015,SNP_CAS_CLEAN_015_S19_AWARD_20260315,2026-03-15,SECTION_19_TO_AWARD,2025-12-15,SECTION_21,198,False,,2026-09-29,170,55,55,3,0.4658,0,False,False,Nagpur,Kuhi,Bhivapur,District Collectorate & Administration Nagpur,RFCTLARR_2013,Rural Infrastructure,False,,,,,,,NOT_PUBLISHED_IN_GAZETTE,NOT_PUBLISHED_IN_STRUCTURED_DATA,NOT_APPLICABLE_IN_REAL_DATA,NOT_APPLICABLE_PRE_AWARD,UNPARSED_SCHEDULE_TABLE,UNPARSED_SCHEDULE_TABLE,NOT_PUBLISHED_IN_STRUCTURED_DATA,,
CAS_CLEAN_045,SNP_CAS_CLEAN_045_S19_AWARD_20260315,2026-03-15,SECTION_19_TO_AWARD,2025-12-15,SECTION_21,198,False,,2026-09-29,177,55,55,3,0.4849,0,False,False,Nagpur,Kuhi,Chikhali,District Collectorate & Administration Nagpur,RFCTLARR_2013,Rural Infrastructure,False,,,,,,,NOT_PUBLISHED_IN_GAZETTE,NOT_PUBLISHED_IN_STRUCTURED_DATA,NOT_APPLICABLE_IN_REAL_DATA,NOT_APPLICABLE_PRE_AWARD,UNPARSED_SCHEDULE_TABLE,UNPARSED_SCHEDULE_TABLE,NOT_PUBLISHED_IN_STRUCTURED_DATA,,
CAS_CLEAN_076,SNP_CAS_CLEAN_076_S19_AWARD_20260315,2026-03-15,SECTION_19_TO_AWARD,2025-12-15,SECTION_21,198,False,,2026-09-29,177,55,55,3,0.4849,0,False,False,Nagpur,i Taluka Bhivapur,Kitali,District Collectorate & Administration Nagpur,RFCTLARR_2013,Rural Infrastructure,False,,,,,,,NOT_PUBLISHED_IN_GAZETTE,NOT_PUBLISHED_IN_STRUCTURED_DATA,NOT_APPLICABLE_IN_REAL_DATA,NOT_APPLICABLE_PRE_AWARD,UNPARSED_SCHEDULE_TABLE,UNPARSED_SCHEDULE_TABLE,NOT_PUBLISHED_IN_STRUCTURED_DATA,,
CAS_CLEAN_114,SNP_CAS_CLEAN_114_S19_AWARD_20260315,2026-03-15,SECTION_19_TO_AWARD,2025-12-15,SECTION_19,198,False,,2026-09-29,177,90,90,2,0.4849,0,False,False,Nagpur,Kuhi,Pratapur,District Collectorate & Administration Nagpur,RFCTLARR_2013,Rural Infrastructure,False,,,,,,,NOT_PUBLISHED_IN_GAZETTE,NOT_PUBLISHED_IN_STRUCTURED_DATA,NOT_APPLICABLE_IN_REAL_DATA,NOT_APPLICABLE_PRE_AWARD,UNPARSED_SCHEDULE_TABLE,UNPARSED_SCHEDULE_TABLE,NOT_PUBLISHED_IN_STRUCTURED_DATA,,
CAS_CLEAN_132,SNP_CAS_CLEAN_132_S19_AWARD_20260315,2026-03-15,SECTION_19_TO_AWARD,2025-12-15,SECTION_19,198,False,,2026-09-29,90,90,90,1,,0,False,False,Nagpur,Kuhi,Savangi,District Collectorate & Administration Nagpur,RFCTLARR_2013,Rural Infrastructure,False,,,,,,,NOT_PUBLISHED_IN_GAZETTE,NOT_PUBLISHED_IN_STRUCTURED_DATA,NOT_APPLICABLE_IN_REAL_DATA,NOT_APPLICABLE_PRE_AWARD,UNPARSED_SCHEDULE_TABLE,UNPARSED_SCHEDULE_TABLE,NOT_PUBLISHED_IN_STRUCTURED_DATA,,NOT_APPLICABLE_PRE_SEC11
CAS_CLEAN_134,SNP_CAS_CLEAN_134_S19_AWARD_20260315,2026-03-15,SECTION_19_TO_AWARD,2025-12-15,SECTION_21,198,False,,2026-09-29,90,55,55,2,,0,False,False,Nagpur,Bhivapur,Savargao,District Collectorate & Administration Nagpur,RFCTLARR_2013,Rural Infrastructure,False,,,,,,,NOT_PUBLISHED_IN_GAZETTE,NOT_PUBLISHED_IN_STRUCTURED_DATA,NOT_APPLICABLE_IN_REAL_DATA,NOT_APPLICABLE_PRE_AWARD,UNPARSED_SCHEDULE_TABLE,UNPARSED_SCHEDULE_TABLE,NOT_PUBLISHED_IN_STRUCTURED_DATA,,NOT_APPLICABLE_PRE_SEC11
CAS_CLEAN_070,SNP_CAS_CLEAN_070_S19_AWARD_20260316,2026-03-16,SECTION_19_TO_AWARD,2025-06-19,SECTION_19,120,True,2026-07-14,,395,270,270,1,,2,True,False,Nagpur,Saoner,Khariy Dhalgaon,District Collectorate & Administration Nagpur,RFCTLARR_2013,Highway / Road Widening,False,,,,,,,NOT_PUBLISHED_IN_GAZETTE,NOT_PUBLISHED_IN_STRUCTURED_DATA,NOT_APPLICABLE_IN_REAL_DATA,NOT_APPLICABLE_PRE_AWARD,UNPARSED_SCHEDULE_TABLE,UNPARSED_SCHEDULE_TABLE,NOT_PUBLISHED_IN_STRUCTURED_DATA,,NOT_APPLICABLE_PRE_SEC11
CAS_CLEAN_160,SNP_CAS_CLEAN_160_S19_AWARD_20260319,2026-03-19,SECTION_19_TO_AWARD,2025-12-19,SECTION_19,194,False,,2026-09-29,90,90,90,1,,0,False,False,Nagpur,Hingna,Wanadongari,District Collectorate & Administration Nagpur,RFCTLARR_2013,Rural Infrastructure,False,,,,,,,NOT_PUBLISHED_IN_GAZETTE,NOT_PUBLISHED_IN_STRUCTURED_DATA,NOT_APPLICABLE_IN_REAL_DATA,NOT_APPLICABLE_PRE_AWARD,UNPARSED_SCHEDULE_TABLE,UNPARSED_SCHEDULE_TABLE,NOT_PUBLISHED_IN_STRUCTURED_DATA,,NOT_APPLICABLE_PRE_SEC11
CAS_CLEAN_161,SNP_CAS_CLEAN_161_S19_AWARD_20260319,2026-03-19,SECTION_19_TO_AWARD,2025-12-19,SECTION_19,194,False,,2026-09-29,90,90,90,1,,0,False,False,Nagpur,Hingna,Wanadongari,District Collectorate & Administration Nagpur,RFCTLARR_2013,Rural Infrastructure,False,,,,,,,NOT_PUBLISHED_IN_GAZETTE,NOT_PUBLISHED_IN_STRUCTURED_DATA,NOT_APPLICABLE_IN_REAL_DATA,NOT_APPLICABLE_PRE_AWARD,UNPARSED_SCHEDULE_TABLE,UNPARSED_SCHEDULE_TABLE,NOT_PUBLISHED_IN_STRUCTURED_DATA,,NOT_APPLICABLE_PRE_SEC11
CAS_CLEAN_162,SNP_CAS_CLEAN_162_S19_AWARD_20260319,2026-03-19,SECTION_19_TO_AWARD,2025-12-19,SECTION_19,194,False,,2026-09-29,90,90,90,1,,0,False,False,Nagpur,Hingna,Wanadongari,District Collectorate & Administration Nagpur,RFCTLARR_2013,Rural Infrastructure,False,,,,,,,NOT_PUBLISHED_IN_GAZETTE,NOT_PUBLISHED_IN_STRUCTURED_DATA,NOT_APPLICABLE_IN_REAL_DATA,NOT_APPLICABLE_PRE_AWARD,UNPARSED_SCHEDULE_TABLE,UNPARSED_SCHEDULE_TABLE,NOT_PUBLISHED_IN_STRUCTURED_DATA,,NOT_APPLICABLE_PRE_SEC11
CAS_CLEAN_163,SNP_CAS_CLEAN_163_S19_AWARD_20260319,2026-03-19,SECTION_19_TO_AWARD,2025-12-19,SECTION_19,194,False,,2026-09-29,90,90,90,1,,0,False,False,Nagpur,Hingna,Wanadongari,District Collectorate & Administration Nagpur,RFCTLARR_2013,Rural Infrastructure,False,,,,,,,NOT_PUBLISHED_IN_GAZETTE,NOT_PUBLISHED_IN_STRUCTURED_DATA,NOT_APPLICABLE_IN_REAL_DATA,NOT_APPLICABLE_PRE_AWARD,UNPARSED_SCHEDULE_TABLE,UNPARSED_SCHEDULE_TABLE,NOT_PUBLISHED_IN_STRUCTURED_DATA,,NOT_APPLICABLE_PRE_SEC11
CAS_CLEAN_034,SNP_CAS_CLEAN_034_S19_AWARD_20260330,2026-03-30,SECTION_19_TO_AWARD,2025-07-03,SECTION_19,183,False,,2026-09-29,270,270,270,1,,0,False,False,Nagpur,Nagpur,,District Collectorate & Administration Nagpur,RFCTLARR_2013,Rural Infrastructure,False,,,,,,,NOT_PUBLISHED_IN_GAZETTE,NOT_PUBLISHED_IN_STRUCTURED_DATA,NOT_APPLICABLE_IN_REAL_DATA,NOT_APPLICABLE_PRE_AWARD,UNPARSED_SCHEDULE_TABLE,UNPARSED_SCHEDULE_TABLE,NOT_PUBLISHED_IN_STRUCTURED_DATA,,NOT_APPLICABLE_PRE_SEC11
CAS_CLEAN_124,SNP_CAS_CLEAN_124_S19_AWARD_20260330,2026-03-30,SECTION_19_TO_AWARD,2026-03-30,SECTION_19,183,False,,2026-09-29,181,0,0,2,0.4959,0,False,False,Nagpur,Saoner,Ranala,District Collectorate & Administration Nagpur,RFCTLARR_2013,Rural Infrastructure,False,,,,,,,NOT_PUBLISHED_IN_GAZETTE,NOT_PUBLISHED_IN_STRUCTURED_DATA,NOT_APPLICABLE_IN_REAL_DATA,NOT_APPLICABLE_PRE_AWARD,UNPARSED_SCHEDULE_TABLE,UNPARSED_SCHEDULE_TABLE,NOT_PUBLISHED_IN_STRUCTURED_DATA,,
CAS_CLEAN_051,SNP_CAS_CLEAN_051_S19_AWARD_20260420,2026-04-20,SECTION_19_TO_AWARD,2026-01-20,SECTION_19,162,False,,2026-09-29,90,90,90,1,,0,False,False,Nagpur,,,District Collectorate & Administration Nagpur,RFCTLARR_2013,Rural Infrastructure,False,,,,,,,NOT_PUBLISHED_IN_GAZETTE,NOT_PUBLISHED_IN_STRUCTURED_DATA,NOT_APPLICABLE_IN_REAL_DATA,NOT_APPLICABLE_PRE_AWARD,UNPARSED_SCHEDULE_TABLE,UNPARSED_SCHEDULE_TABLE,NOT_PUBLISHED_IN_STRUCTURED_DATA,,NOT_APPLICABLE_PRE_SEC11
CAS_CLEAN_108,SNP_CAS_CLEAN_108_S19_AWARD_20260425,2026-04-25,SECTION_19_TO_AWARD,2025-07-29,SECTION_19,157,False,,2026-09-29,270,270,270,1,,0,False,False,Nagpur,Nagpur (City),Parsodi,District Collectorate & Administration Nagpur,RFCTLARR_2013,Rural Infrastructure,False,,,,,,,NOT_PUBLISHED_IN_GAZETTE,NOT_PUBLISHED_IN_STRUCTURED_DATA,NOT_APPLICABLE_IN_REAL_DATA,NOT_APPLICABLE_PRE_AWARD,UNPARSED_SCHEDULE_TABLE,UNPARSED_SCHEDULE_TABLE,NOT_PUBLISHED_IN_STRUCTURED_DATA,,NOT_APPLICABLE_PRE_SEC11
CAS_CLEAN_011,SNP_CAS_CLEAN_011_S19_AWARD_20260503,2026-05-03,SECTION_19_TO_AWARD,2026-02-02,SECTION_19,149,False,,2026-09-29,90,90,90,1,,0,False,False,Nagpur,Saoner,Bhanegaon,District Collectorate & Administration Nagpur,RFCTLARR_2013,Rural Infrastructure,False,,,,,,,NOT_PUBLISHED_IN_GAZETTE,NOT_PUBLISHED_IN_STRUCTURED_DATA,NOT_APPLICABLE_IN_REAL_DATA,NOT_APPLICABLE_PRE_AWARD,UNPARSED_SCHEDULE_TABLE,UNPARSED_SCHEDULE_TABLE,NOT_PUBLISHED_IN_STRUCTURED_DATA,,NOT_APPLICABLE_PRE_SEC11
CAS_CLEAN_053,SNP_CAS_CLEAN_053_S19_AWARD_20260517,2026-05-17,SECTION_19_TO_AWARD,2025-11-18,SECTION_19,135,False,,2026-09-29,180,180,180,1,,0,False,False,Nagpur,,,District Collectorate & Administration Nagpur,RFCTLARR_2013,Rural Infrastructure,False,,,,,,,NOT_PUBLISHED_IN_GAZETTE,NOT_PUBLISHED_IN_STRUCTURED_DATA,NOT_APPLICABLE_IN_REAL_DATA,NOT_APPLICABLE_PRE_AWARD,UNPARSED_SCHEDULE_TABLE,UNPARSED_SCHEDULE_TABLE,NOT_PUBLISHED_IN_STRUCTURED_DATA,,NOT_APPLICABLE_PRE_SEC11
CAS_CLEAN_003,SNP_CAS_CLEAN_003_S19_AWARD_20260527,2026-05-27,SECTION_19_TO_AWARD,2025-11-28,SECTION_21,125,False,,2026-09-29,239,135,135,3,0.6548,0,False,False,Nagpur,Kuhi,Amti,District Collectorate & Administration Nagpur,RFCTLARR_2013,Rural Infrastructure,False,,,,,,,NOT_PUBLISHED_IN_GAZETTE,NOT_PUBLISHED_IN_STRUCTURED_DATA,NOT_APPLICABLE_IN_REAL_DATA,NOT_APPLICABLE_PRE_AWARD,UNPARSED_SCHEDULE_TABLE,UNPARSED_SCHEDULE_TABLE,NOT_PUBLISHED_IN_STRUCTURED_DATA,,
CAS_CLEAN_006,SNP_CAS_CLEAN_006_S19_AWARD_20260527,2026-05-27,SECTION_19_TO_AWARD,2025-11-28,SECTION_21,125,False,,2026-09-29,240,135,135,3,0.6575,0,False,False,Nagpur,Kuhi,Awarmara,District Collectorate & Administration Nagpur,RFCTLARR_2013,Rural Infrastructure,False,,,,,,,NOT_PUBLISHED_IN_GAZETTE,NOT_PUBLISHED_IN_STRUCTURED_DATA,NOT_APPLICABLE_IN_REAL_DATA,NOT_APPLICABLE_PRE_AWARD,UNPARSED_SCHEDULE_TABLE,UNPARSED_SCHEDULE_TABLE,NOT_PUBLISHED_IN_STRUCTURED_DATA,,
CAS_CLEAN_014,SNP_CAS_CLEAN_014_S19_AWARD_20260527,2026-05-27,SECTION_19_TO_AWARD,2025-11-28,SECTION_21,125,False,,2026-09-29,240,135,135,3,0.6575,0,False,False,Nagpur,Bhiwapur,Bhiwapur,District Collectorate & Administration Nagpur,RFCTLARR_2013,Rural Infrastructure,False,,,,,,,NOT_PUBLISHED_IN_GAZETTE,NOT_PUBLISHED_IN_STRUCTURED_DATA,NOT_APPLICABLE_IN_REAL_DATA,NOT_APPLICABLE_PRE_AWARD,UNPARSED_SCHEDULE_TABLE,UNPARSED_SCHEDULE_TABLE,NOT_PUBLISHED_IN_STRUCTURED_DATA,,
CAS_CLEAN_019,SNP_CAS_CLEAN_019_S19_AWARD_20260527,2026-05-27,SECTION_19_TO_AWARD,2025-11-28,SECTION_21,125,False,,2026-09-29,240,135,135,3,0.6575,0,False,False,Nagpur,Kuhi,Bramhani,District Collectorate & Administration Nagpur,RFCTLARR_2013,Rural Infrastructure,False,,,,,,,NOT_PUBLISHED_IN_GAZETTE,NOT_PUBLISHED_IN_STRUCTURED_DATA,NOT_APPLICABLE_IN_REAL_DATA,NOT_APPLICABLE_PRE_AWARD,UNPARSED_SCHEDULE_TABLE,UNPARSED_SCHEDULE_TABLE,NOT_PUBLISHED_IN_STRUCTURED_DATA,,
CAS_CLEAN_060,SNP_CAS_CLEAN_060_S19_AWARD_20260527,2026-05-27,SECTION_19_TO_AWARD,2025-11-28,SECTION_21,125,False,,2026-09-29,240,135,135,3,0.6575,0,False,False,Nagpur,Kuhi,Gonha,District Collectorate & Administration Nagpur,RFCTLARR_2013,Highway / Road Widening,False,,,,,,,NOT_PUBLISHED_IN_GAZETTE,NOT_PUBLISHED_IN_STRUCTURED_DATA,NOT_APPLICABLE_IN_REAL_DATA,NOT_APPLICABLE_PRE_AWARD,UNPARSED_SCHEDULE_TABLE,UNPARSED_SCHEDULE_TABLE,NOT_PUBLISHED_IN_STRUCTURED_DATA,,
CAS_CLEAN_080,SNP_CAS_CLEAN_080_S19_AWARD_20260527,2026-05-27,SECTION_19_TO_AWARD,2025-11-28,SECTION_21,125,False,,2026-09-29,240,135,135,3,0.6575,0,False,False,Nagpur,Kuhi,Kujba,District Collectorate & Administration Nagpur,RFCTLARR_2013,Rural Infrastructure,False,,,,,,,NOT_PUBLISHED_IN_GAZETTE,NOT_PUBLISHED_IN_STRUCTURED_DATA,NOT_APPLICABLE_IN_REAL_DATA,NOT_APPLICABLE_PRE_AWARD,UNPARSED_SCHEDULE_TABLE,UNPARSED_SCHEDULE_TABLE,NOT_PUBLISHED_IN_STRUCTURED_DATA,,
CAS_CLEAN_129,SNP_CAS_CLEAN_129_S19_AWARD_20260527,2026-05-27,SECTION_19_TO_AWARD,2025-11-28,SECTION_21,125,False,,2026-09-29,240,135,135,3,0.6575,0,False,False,Nagpur,Kuhi,Ruyad,District Collectorate & Administration Nagpur,RFCTLARR_2013,Rural Infrastructure,False,,,,,,,NOT_PUBLISHED_IN_GAZETTE,NOT_PUBLISHED_IN_STRUCTURED_DATA,NOT_APPLICABLE_IN_REAL_DATA,NOT_APPLICABLE_PRE_AWARD,UNPARSED_SCHEDULE_TABLE,UNPARSED_SCHEDULE_TABLE,NOT_PUBLISHED_IN_STRUCTURED_DATA,,
CAS_CLEAN_146,SNP_CAS_CLEAN_146_S19_AWARD_20260527,2026-05-27,SECTION_19_TO_AWARD,2025-11-28,SECTION_21,125,False,,2026-09-29,240,135,135,3,0.6575,0,False,False,Nagpur,Kuhi,Takli,District Collectorate & Administration Nagpur,RFCTLARR_2013,Rural Infrastructure,False,,,,,,,NOT_PUBLISHED_IN_GAZETTE,NOT_PUBLISHED_IN_STRUCTURED_DATA,NOT_APPLICABLE_IN_REAL_DATA,NOT_APPLICABLE_PRE_AWARD,UNPARSED_SCHEDULE_TABLE,UNPARSED_SCHEDULE_TABLE,NOT_PUBLISHED_IN_STRUCTURED_DATA,,
CAS_CLEAN_147,SNP_CAS_CLEAN_147_S19_AWARD_20260527,2026-05-27,SECTION_19_TO_AWARD,2025-11-28,SECTION_21,125,False,,2026-09-29,240,135,135,3,0.6575,0,False,False,Nagpur,Kuhi,Taroli,District Collectorate & Administration Nagpur,RFCTLARR_2013,Rural Infrastructure,False,,,,,,,NOT_PUBLISHED_IN_GAZETTE,NOT_PUBLISHED_IN_STRUCTURED_DATA,NOT_APPLICABLE_IN_REAL_DATA,NOT_APPLICABLE_PRE_AWARD,UNPARSED_SCHEDULE_TABLE,UNPARSED_SCHEDULE_TABLE,NOT_PUBLISHED_IN_STRUCTURED_DATA,,
CAS_CLEAN_015,SNP_CAS_CLEAN_015_S19_AWARD_20260613,2026-06-13,SECTION_19_TO_AWARD,2025-12-15,SECTION_21,108,False,,2026-09-29,260,145,145,3,0.7123,0,False,False,Nagpur,Kuhi,Bhivapur,District Collectorate & Administration Nagpur,RFCTLARR_2013,Rural Infrastructure,False,,,,,,,NOT_PUBLISHED_IN_GAZETTE,NOT_PUBLISHED_IN_STRUCTURED_DATA,NOT_APPLICABLE_IN_REAL_DATA,NOT_APPLICABLE_PRE_AWARD,UNPARSED_SCHEDULE_TABLE,UNPARSED_SCHEDULE_TABLE,NOT_PUBLISHED_IN_STRUCTURED_DATA,,
CAS_CLEAN_045,SNP_CAS_CLEAN_045_S19_AWARD_20260613,2026-06-13,SECTION_19_TO_AWARD,2025-12-15,SECTION_21,108,False,,2026-09-29,267,145,145,3,0.7315,0,False,False,Nagpur,Kuhi,Chikhali,District Collectorate & Administration Nagpur,RFCTLARR_2013,Rural Infrastructure,False,,,,,,,NOT_PUBLISHED_IN_GAZETTE,NOT_PUBLISHED_IN_STRUCTURED_DATA,NOT_APPLICABLE_IN_REAL_DATA,NOT_APPLICABLE_PRE_AWARD,UNPARSED_SCHEDULE_TABLE,UNPARSED_SCHEDULE_TABLE,NOT_PUBLISHED_IN_STRUCTURED_DATA,,
CAS_CLEAN_076,SNP_CAS_CLEAN_076_S19_AWARD_20260613,2026-06-13,SECTION_19_TO_AWARD,2025-12-15,SECTION_21,108,False,,2026-09-29,267,145,145,3,0.7315,0,False,False,Nagpur,i Taluka Bhivapur,Kitali,District Collectorate & Administration Nagpur,RFCTLARR_2013,Rural Infrastructure,False,,,,,,,NOT_PUBLISHED_IN_GAZETTE,NOT_PUBLISHED_IN_STRUCTURED_DATA,NOT_APPLICABLE_IN_REAL_DATA,NOT_APPLICABLE_PRE_AWARD,UNPARSED_SCHEDULE_TABLE,UNPARSED_SCHEDULE_TABLE,NOT_PUBLISHED_IN_STRUCTURED_DATA,,
CAS_CLEAN_114,SNP_CAS_CLEAN_114_S19_AWARD_20260613,2026-06-13,SECTION_19_TO_AWARD,2025-12-15,SECTION_19,108,False,,2026-09-29,267,180,180,2,0.7315,0,False,False,Nagpur,Kuhi,Pratapur,District Collectorate & Administration Nagpur,RFCTLARR_2013,Rural Infrastructure,False,,,,,,,NOT_PUBLISHED_IN_GAZETTE,NOT_PUBLISHED_IN_STRUCTURED_DATA,NOT_APPLICABLE_IN_REAL_DATA,NOT_APPLICABLE_PRE_AWARD,UNPARSED_SCHEDULE_TABLE,UNPARSED_SCHEDULE_TABLE,NOT_PUBLISHED_IN_STRUCTURED_DATA,,
CAS_CLEAN_132,SNP_CAS_CLEAN_132_S19_AWARD_20260613,2026-06-13,SECTION_19_TO_AWARD,2025-12-15,SECTION_19,108,False,,2026-09-29,180,180,180,1,,0,False,False,Nagpur,Kuhi,Savangi,District Collectorate & Administration Nagpur,RFCTLARR_2013,Rural Infrastructure,False,,,,,,,NOT_PUBLISHED_IN_GAZETTE,NOT_PUBLISHED_IN_STRUCTURED_DATA,NOT_APPLICABLE_IN_REAL_DATA,NOT_APPLICABLE_PRE_AWARD,UNPARSED_SCHEDULE_TABLE,UNPARSED_SCHEDULE_TABLE,NOT_PUBLISHED_IN_STRUCTURED_DATA,,NOT_APPLICABLE_PRE_SEC11
CAS_CLEAN_134,SNP_CAS_CLEAN_134_S19_AWARD_20260613,2026-06-13,SECTION_19_TO_AWARD,2025-12-15,SECTION_21,108,False,,2026-09-29,180,145,145,2,,0,False,False,Nagpur,Bhivapur,Savargao,District Collectorate & Administration Nagpur,RFCTLARR_2013,Rural Infrastructure,False,,,,,,,NOT_PUBLISHED_IN_GAZETTE,NOT_PUBLISHED_IN_STRUCTURED_DATA,NOT_APPLICABLE_IN_REAL_DATA,NOT_APPLICABLE_PRE_AWARD,UNPARSED_SCHEDULE_TABLE,UNPARSED_SCHEDULE_TABLE,NOT_PUBLISHED_IN_STRUCTURED_DATA,,NOT_APPLICABLE_PRE_SEC11
CAS_CLEAN_160,SNP_CAS_CLEAN_160_S19_AWARD_20260617,2026-06-17,SECTION_19_TO_AWARD,2025-12-19,SECTION_19,104,False,,2026-09-29,180,180,180,1,,0,False,False,Nagpur,Hingna,Wanadongari,District Collectorate & Administration Nagpur,RFCTLARR_2013,Rural Infrastructure,False,,,,,,,NOT_PUBLISHED_IN_GAZETTE,NOT_PUBLISHED_IN_STRUCTURED_DATA,NOT_APPLICABLE_IN_REAL_DATA,NOT_APPLICABLE_PRE_AWARD,UNPARSED_SCHEDULE_TABLE,UNPARSED_SCHEDULE_TABLE,NOT_PUBLISHED_IN_STRUCTURED_DATA,,NOT_APPLICABLE_PRE_SEC11
CAS_CLEAN_161,SNP_CAS_CLEAN_161_S19_AWARD_20260617,2026-06-17,SECTION_19_TO_AWARD,2025-12-19,SECTION_19,104,False,,2026-09-29,180,180,180,1,,0,False,False,Nagpur,Hingna,Wanadongari,District Collectorate & Administration Nagpur,RFCTLARR_2013,Rural Infrastructure,False,,,,,,,NOT_PUBLISHED_IN_GAZETTE,NOT_PUBLISHED_IN_STRUCTURED_DATA,NOT_APPLICABLE_IN_REAL_DATA,NOT_APPLICABLE_PRE_AWARD,UNPARSED_SCHEDULE_TABLE,UNPARSED_SCHEDULE_TABLE,NOT_PUBLISHED_IN_STRUCTURED_DATA,,NOT_APPLICABLE_PRE_SEC11
CAS_CLEAN_162,SNP_CAS_CLEAN_162_S19_AWARD_20260617,2026-06-17,SECTION_19_TO_AWARD,2025-12-19,SECTION_19,104,False,,2026-09-29,180,180,180,1,,0,False,False,Nagpur,Hingna,Wanadongari,District Collectorate & Administration Nagpur,RFCTLARR_2013,Rural Infrastructure,False,,,,,,,NOT_PUBLISHED_IN_GAZETTE,NOT_PUBLISHED_IN_STRUCTURED_DATA,NOT_APPLICABLE_IN_REAL_DATA,NOT_APPLICABLE_PRE_AWARD,UNPARSED_SCHEDULE_TABLE,UNPARSED_SCHEDULE_TABLE,NOT_PUBLISHED_IN_STRUCTURED_DATA,,NOT_APPLICABLE_PRE_SEC11
CAS_CLEAN_163,SNP_CAS_CLEAN_163_S19_AWARD_20260617,2026-06-17,SECTION_19_TO_AWARD,2025-12-19,SECTION_19,104,False,,2026-09-29,180,180,180,1,,0,False,False,Nagpur,Hingna,Wanadongari,District Collectorate & Administration Nagpur,RFCTLARR_2013,Rural Infrastructure,False,,,,,,,NOT_PUBLISHED_IN_GAZETTE,NOT_PUBLISHED_IN_STRUCTURED_DATA,NOT_APPLICABLE_IN_REAL_DATA,NOT_APPLICABLE_PRE_AWARD,UNPARSED_SCHEDULE_TABLE,UNPARSED_SCHEDULE_TABLE,NOT_PUBLISHED_IN_STRUCTURED_DATA,,NOT_APPLICABLE_PRE_SEC11
CAS_CLEAN_070,SNP_CAS_CLEAN_070_S19_AWARD_20260619,2026-06-19,SECTION_19_TO_AWARD,2025-06-19,SECTION_19,25,True,2026-07-14,,490,365,365,1,,2,True,False,Nagpur,Saoner,Khariy Dhalgaon,District Collectorate & Administration Nagpur,RFCTLARR_2013,Highway / Road Widening,False,,,,,,,NOT_PUBLISHED_IN_GAZETTE,NOT_PUBLISHED_IN_STRUCTURED_DATA,NOT_APPLICABLE_IN_REAL_DATA,NOT_APPLICABLE_PRE_AWARD,UNPARSED_SCHEDULE_TABLE,UNPARSED_SCHEDULE_TABLE,NOT_PUBLISHED_IN_STRUCTURED_DATA,,NOT_APPLICABLE_PRE_SEC11
CAS_CLEAN_124,SNP_CAS_CLEAN_124_S19_AWARD_20260628,2026-06-28,SECTION_19_TO_AWARD,2026-03-30,SECTION_19,93,False,,2026-09-29,271,90,90,2,0.7425,0,False,False,Nagpur,Saoner,Ranala,District Collectorate & Administration Nagpur,RFCTLARR_2013,Rural Infrastructure,False,,,,,,,NOT_PUBLISHED_IN_GAZETTE,NOT_PUBLISHED_IN_STRUCTURED_DATA,NOT_APPLICABLE_IN_REAL_DATA,NOT_APPLICABLE_PRE_AWARD,UNPARSED_SCHEDULE_TABLE,UNPARSED_SCHEDULE_TABLE,NOT_PUBLISHED_IN_STRUCTURED_DATA,,
CAS_CLEAN_034,SNP_CAS_CLEAN_034_S19_AWARD_20260703,2026-07-03,SECTION_19_TO_AWARD,2025-07-03,SECTION_19,88,False,,2026-09-29,365,365,365,1,,0,False,False,Nagpur,Nagpur,,District Collectorate & Administration Nagpur,RFCTLARR_2013,Rural Infrastructure,False,,,,,,,NOT_PUBLISHED_IN_GAZETTE,NOT_PUBLISHED_IN_STRUCTURED_DATA,NOT_APPLICABLE_IN_REAL_DATA,NOT_APPLICABLE_PRE_AWARD,UNPARSED_SCHEDULE_TABLE,UNPARSED_SCHEDULE_TABLE,NOT_PUBLISHED_IN_STRUCTURED_DATA,,NOT_APPLICABLE_PRE_SEC11
CAS_CLEAN_051,SNP_CAS_CLEAN_051_S19_AWARD_20260719,2026-07-19,SECTION_19_TO_AWARD,2026-01-20,SECTION_19,72,False,,2026-09-29,180,180,180,1,,0,False,False,Nagpur,,,District Collectorate & Administration Nagpur,RFCTLARR_2013,Rural Infrastructure,False,,,,,,,NOT_PUBLISHED_IN_GAZETTE,NOT_PUBLISHED_IN_STRUCTURED_DATA,NOT_APPLICABLE_IN_REAL_DATA,NOT_APPLICABLE_PRE_AWARD,UNPARSED_SCHEDULE_TABLE,UNPARSED_SCHEDULE_TABLE,NOT_PUBLISHED_IN_STRUCTURED_DATA,,NOT_APPLICABLE_PRE_SEC11
CAS_CLEAN_108,SNP_CAS_CLEAN_108_S19_AWARD_20260729,2026-07-29,SECTION_19_TO_AWARD,2025-07-29,SECTION_19,62,False,,2026-09-29,365,365,365,1,,0,False,False,Nagpur,Nagpur (City),Parsodi,District Collectorate & Administration Nagpur,RFCTLARR_2013,Rural Infrastructure,False,,,,,,,NOT_PUBLISHED_IN_GAZETTE,NOT_PUBLISHED_IN_STRUCTURED_DATA,NOT_APPLICABLE_IN_REAL_DATA,NOT_APPLICABLE_PRE_AWARD,UNPARSED_SCHEDULE_TABLE,UNPARSED_SCHEDULE_TABLE,NOT_PUBLISHED_IN_STRUCTURED_DATA,,NOT_APPLICABLE_PRE_SEC11
CAS_CLEAN_011,SNP_CAS_CLEAN_011_S19_AWARD_20260801,2026-08-01,SECTION_19_TO_AWARD,2026-02-02,SECTION_19,59,False,,2026-09-29,180,180,180,1,,0,False,False,Nagpur,Saoner,Bhanegaon,District Collectorate & Administration Nagpur,RFCTLARR_2013,Rural Infrastructure,False,,,,,,,NOT_PUBLISHED_IN_GAZETTE,NOT_PUBLISHED_IN_STRUCTURED_DATA,NOT_APPLICABLE_IN_REAL_DATA,NOT_APPLICABLE_PRE_AWARD,UNPARSED_SCHEDULE_TABLE,UNPARSED_SCHEDULE_TABLE,NOT_PUBLISHED_IN_STRUCTURED_DATA,,NOT_APPLICABLE_PRE_SEC11
CAS_CLEAN_170,SNP_CAS_CLEAN_170_S19_AWARD_20260807,2026-08-07,SECTION_19_TO_AWARD,2026-08-07,SECTION_19,53,False,,2026-09-29,0,0,0,1,,0,False,False,Nashik,rffi,,District Collectorate & Administration Nashik,RFCTLARR_2013,Rural Infrastructure,False,,,,,,,NOT_PUBLISHED_IN_GAZETTE,NOT_PUBLISHED_IN_STRUCTURED_DATA,NOT_APPLICABLE_IN_REAL_DATA,NOT_APPLICABLE_PRE_AWARD,UNPARSED_SCHEDULE_TABLE,UNPARSED_SCHEDULE_TABLE,NOT_PUBLISHED_IN_STRUCTURED_DATA,,NOT_APPLICABLE_PRE_SEC11
CAS_CLEAN_171,SNP_CAS_CLEAN_171_S19_AWARD_20260814,2026-08-14,SECTION_19_TO_AWARD,2026-08-14,SECTION_19,46,False,,2026-09-29,0,0,0,1,,0,False,False,Nashik,,,District Collectorate & Administration Nashik,RFCTLARR_2013,Rural Infrastructure,False,,,,,,,NOT_PUBLISHED_IN_GAZETTE,NOT_PUBLISHED_IN_STRUCTURED_DATA,NOT_APPLICABLE_IN_REAL_DATA,NOT_APPLICABLE_PRE_AWARD,UNPARSED_SCHEDULE_TABLE,UNPARSED_SCHEDULE_TABLE,NOT_PUBLISHED_IN_STRUCTURED_DATA,,NOT_APPLICABLE_PRE_SEC11
CAS_CLEAN_053,SNP_CAS_CLEAN_053_S19_AWARD_20260815,2026-08-15,SECTION_19_TO_AWARD,2025-11-18,SECTION_19,45,False,,2026-09-29,270,270,270,1,,0,False,False,Nagpur,,,District Collectorate & Administration Nagpur,RFCTLARR_2013,Rural Infrastructure,False,,,,,,,NOT_PUBLISHED_IN_GAZETTE,NOT_PUBLISHED_IN_STRUCTURED_DATA,NOT_APPLICABLE_IN_REAL_DATA,NOT_APPLICABLE_PRE_AWARD,UNPARSED_SCHEDULE_TABLE,UNPARSED_SCHEDULE_TABLE,NOT_PUBLISHED_IN_STRUCTURED_DATA,,NOT_APPLICABLE_PRE_SEC11
CAS_CLEAN_098,SNP_CAS_CLEAN_098_S19_AWARD_20260817,2026-08-17,SECTION_19_TO_AWARD,2026-08-17,SECTION_19,43,False,,2026-09-29,0,0,0,1,,0,False,False,Nagpur,Nagpur(City),Nagpur,District Collectorate & Administration Nagpur,RFCTLARR_2013,Rural Infrastructure,False,,,,,,,NOT_PUBLISHED_IN_GAZETTE,NOT_PUBLISHED_IN_STRUCTURED_DATA,NOT_APPLICABLE_IN_REAL_DATA,NOT_APPLICABLE_PRE_AWARD,UNPARSED_SCHEDULE_TABLE,UNPARSED_SCHEDULE_TABLE,NOT_PUBLISHED_IN_STRUCTURED_DATA,,NOT_APPLICABLE_PRE_SEC11
CAS_CLEAN_037,SNP_CAS_CLEAN_037_S19_AWARD_20260821,2026-08-21,SECTION_19_TO_AWARD,2026-08-21,SECTION_19,39,False,,2026-09-29,92,0,0,2,0.2521,0,False,False,Nagpur,Kuhi,Channa,District Collectorate & Administration Nagpur,RFCTLARR_2013,Rural Infrastructure,False,,,,,,,NOT_PUBLISHED_IN_GAZETTE,NOT_PUBLISHED_IN_STRUCTURED_DATA,NOT_APPLICABLE_IN_REAL_DATA,NOT_APPLICABLE_PRE_AWARD,UNPARSED_SCHEDULE_TABLE,UNPARSED_SCHEDULE_TABLE,NOT_PUBLISHED_IN_STRUCTURED_DATA,,
CAS_CLEAN_003,SNP_CAS_CLEAN_003_S19_AWARD_20260825,2026-08-25,SECTION_19_TO_AWARD,2025-11-28,SECTION_21,35,False,,2026-09-29,329,225,225,3,0.9014,0,False,False,Nagpur,Kuhi,Amti,District Collectorate & Administration Nagpur,RFCTLARR_2013,Rural Infrastructure,False,,,,,,,NOT_PUBLISHED_IN_GAZETTE,NOT_PUBLISHED_IN_STRUCTURED_DATA,NOT_APPLICABLE_IN_REAL_DATA,NOT_APPLICABLE_PRE_AWARD,UNPARSED_SCHEDULE_TABLE,UNPARSED_SCHEDULE_TABLE,NOT_PUBLISHED_IN_STRUCTURED_DATA,,
CAS_CLEAN_006,SNP_CAS_CLEAN_006_S19_AWARD_20260825,2026-08-25,SECTION_19_TO_AWARD,2025-11-28,SECTION_21,35,False,,2026-09-29,330,225,225,3,0.9041,0,False,False,Nagpur,Kuhi,Awarmara,District Collectorate & Administration Nagpur,RFCTLARR_2013,Rural Infrastructure,False,,,,,,,NOT_PUBLISHED_IN_GAZETTE,NOT_PUBLISHED_IN_STRUCTURED_DATA,NOT_APPLICABLE_IN_REAL_DATA,NOT_APPLICABLE_PRE_AWARD,UNPARSED_SCHEDULE_TABLE,UNPARSED_SCHEDULE_TABLE,NOT_PUBLISHED_IN_STRUCTURED_DATA,,
CAS_CLEAN_014,SNP_CAS_CLEAN_014_S19_AWARD_20260825,2026-08-25,SECTION_19_TO_AWARD,2025-11-28,SECTION_21,35,False,,2026-09-29,330,225,225,3,0.9041,0,False,False,Nagpur,Bhiwapur,Bhiwapur,District Collectorate & Administration Nagpur,RFCTLARR_2013,Rural Infrastructure,False,,,,,,,NOT_PUBLISHED_IN_GAZETTE,NOT_PUBLISHED_IN_STRUCTURED_DATA,NOT_APPLICABLE_IN_REAL_DATA,NOT_APPLICABLE_PRE_AWARD,UNPARSED_SCHEDULE_TABLE,UNPARSED_SCHEDULE_TABLE,NOT_PUBLISHED_IN_STRUCTURED_DATA,,
CAS_CLEAN_019,SNP_CAS_CLEAN_019_S19_AWARD_20260825,2026-08-25,SECTION_19_TO_AWARD,2025-11-28,SECTION_21,35,False,,2026-09-29,330,225,225,3,0.9041,0,False,False,Nagpur,Kuhi,Bramhani,District Collectorate & Administration Nagpur,RFCTLARR_2013,Rural Infrastructure,False,,,,,,,NOT_PUBLISHED_IN_GAZETTE,NOT_PUBLISHED_IN_STRUCTURED_DATA,NOT_APPLICABLE_IN_REAL_DATA,NOT_APPLICABLE_PRE_AWARD,UNPARSED_SCHEDULE_TABLE,UNPARSED_SCHEDULE_TABLE,NOT_PUBLISHED_IN_STRUCTURED_DATA,,
CAS_CLEAN_060,SNP_CAS_CLEAN_060_S19_AWARD_20260825,2026-08-25,SECTION_19_TO_AWARD,2025-11-28,SECTION_21,35,False,,2026-09-29,330,225,225,3,0.9041,0,False,False,Nagpur,Kuhi,Gonha,District Collectorate & Administration Nagpur,RFCTLARR_2013,Highway / Road Widening,False,,,,,,,NOT_PUBLISHED_IN_GAZETTE,NOT_PUBLISHED_IN_STRUCTURED_DATA,NOT_APPLICABLE_IN_REAL_DATA,NOT_APPLICABLE_PRE_AWARD,UNPARSED_SCHEDULE_TABLE,UNPARSED_SCHEDULE_TABLE,NOT_PUBLISHED_IN_STRUCTURED_DATA,,
CAS_CLEAN_080,SNP_CAS_CLEAN_080_S19_AWARD_20260825,2026-08-25,SECTION_19_TO_AWARD,2025-11-28,SECTION_21,35,False,,2026-09-29,330,225,225,3,0.9041,0,False,False,Nagpur,Kuhi,Kujba,District Collectorate & Administration Nagpur,RFCTLARR_2013,Rural Infrastructure,False,,,,,,,NOT_PUBLISHED_IN_GAZETTE,NOT_PUBLISHED_IN_STRUCTURED_DATA,NOT_APPLICABLE_IN_REAL_DATA,NOT_APPLICABLE_PRE_AWARD,UNPARSED_SCHEDULE_TABLE,UNPARSED_SCHEDULE_TABLE,NOT_PUBLISHED_IN_STRUCTURED_DATA,,
CAS_CLEAN_129,SNP_CAS_CLEAN_129_S19_AWARD_20260825,2026-08-25,SECTION_19_TO_AWARD,2025-11-28,SECTION_21,35,False,,2026-09-29,330,225,225,3,0.9041,0,False,False,Nagpur,Kuhi,Ruyad,District Collectorate & Administration Nagpur,RFCTLARR_2013,Rural Infrastructure,False,,,,,,,NOT_PUBLISHED_IN_GAZETTE,NOT_PUBLISHED_IN_STRUCTURED_DATA,NOT_APPLICABLE_IN_REAL_DATA,NOT_APPLICABLE_PRE_AWARD,UNPARSED_SCHEDULE_TABLE,UNPARSED_SCHEDULE_TABLE,NOT_PUBLISHED_IN_STRUCTURED_DATA,,
CAS_CLEAN_146,SNP_CAS_CLEAN_146_S19_AWARD_20260825,2026-08-25,SECTION_19_TO_AWARD,2025-11-28,SECTION_21,35,False,,2026-09-29,330,225,225,3,0.9041,0,False,False,Nagpur,Kuhi,Takli,District Collectorate & Administration Nagpur,RFCTLARR_2013,Rural Infrastructure,False,,,,,,,NOT_PUBLISHED_IN_GAZETTE,NOT_PUBLISHED_IN_STRUCTURED_DATA,NOT_APPLICABLE_IN_REAL_DATA,NOT_APPLICABLE_PRE_AWARD,UNPARSED_SCHEDULE_TABLE,UNPARSED_SCHEDULE_TABLE,NOT_PUBLISHED_IN_STRUCTURED_DATA,,
CAS_CLEAN_147,SNP_CAS_CLEAN_147_S19_AWARD_20260825,2026-08-25,SECTION_19_TO_AWARD,2025-11-28,SECTION_21,35,False,,2026-09-29,330,225,225,3,0.9041,0,False,False,Nagpur,Kuhi,Taroli,District Collectorate & Administration Nagpur,RFCTLARR_2013,Rural Infrastructure,False,,,,,,,NOT_PUBLISHED_IN_GAZETTE,NOT_PUBLISHED_IN_STRUCTURED_DATA,NOT_APPLICABLE_IN_REAL_DATA,NOT_APPLICABLE_PRE_AWARD,UNPARSED_SCHEDULE_TABLE,UNPARSED_SCHEDULE_TABLE,NOT_PUBLISHED_IN_STRUCTURED_DATA,,
CAS_CLEAN_015,SNP_CAS_CLEAN_015_S19_AWARD_20260911,2026-09-11,SECTION_19_TO_AWARD,2025-12-15,SECTION_21,18,False,,2026-09-29,350,235,235,3,0.9589,0,False,False,Nagpur,Kuhi,Bhivapur,District Collectorate & Administration Nagpur,RFCTLARR_2013,Rural Infrastructure,False,,,,,,,NOT_PUBLISHED_IN_GAZETTE,NOT_PUBLISHED_IN_STRUCTURED_DATA,NOT_APPLICABLE_IN_REAL_DATA,NOT_APPLICABLE_PRE_AWARD,UNPARSED_SCHEDULE_TABLE,UNPARSED_SCHEDULE_TABLE,NOT_PUBLISHED_IN_STRUCTURED_DATA,,
CAS_CLEAN_045,SNP_CAS_CLEAN_045_S19_AWARD_20260911,2026-09-11,SECTION_19_TO_AWARD,2025-12-15,SECTION_21,18,False,,2026-09-29,357,235,235,3,0.9781,0,False,False,Nagpur,Kuhi,Chikhali,District Collectorate & Administration Nagpur,RFCTLARR_2013,Rural Infrastructure,False,,,,,,,NOT_PUBLISHED_IN_GAZETTE,NOT_PUBLISHED_IN_STRUCTURED_DATA,NOT_APPLICABLE_IN_REAL_DATA,NOT_APPLICABLE_PRE_AWARD,UNPARSED_SCHEDULE_TABLE,UNPARSED_SCHEDULE_TABLE,NOT_PUBLISHED_IN_STRUCTURED_DATA,,
CAS_CLEAN_076,SNP_CAS_CLEAN_076_S19_AWARD_20260911,2026-09-11,SECTION_19_TO_AWARD,2025-12-15,SECTION_21,18,False,,2026-09-29,357,235,235,3,0.9781,0,False,False,Nagpur,i Taluka Bhivapur,Kitali,District Collectorate & Administration Nagpur,RFCTLARR_2013,Rural Infrastructure,False,,,,,,,NOT_PUBLISHED_IN_GAZETTE,NOT_PUBLISHED_IN_STRUCTURED_DATA,NOT_APPLICABLE_IN_REAL_DATA,NOT_APPLICABLE_PRE_AWARD,UNPARSED_SCHEDULE_TABLE,UNPARSED_SCHEDULE_TABLE,NOT_PUBLISHED_IN_STRUCTURED_DATA,,
CAS_CLEAN_114,SNP_CAS_CLEAN_114_S19_AWARD_20260911,2026-09-11,SECTION_19_TO_AWARD,2025-12-15,SECTION_19,18,False,,2026-09-29,357,270,270,2,0.9781,0,False,False,Nagpur,Kuhi,Pratapur,District Collectorate & Administration Nagpur,RFCTLARR_2013,Rural Infrastructure,False,,,,,,,NOT_PUBLISHED_IN_GAZETTE,NOT_PUBLISHED_IN_STRUCTURED_DATA,NOT_APPLICABLE_IN_REAL_DATA,NOT_APPLICABLE_PRE_AWARD,UNPARSED_SCHEDULE_TABLE,UNPARSED_SCHEDULE_TABLE,NOT_PUBLISHED_IN_STRUCTURED_DATA,,
CAS_CLEAN_132,SNP_CAS_CLEAN_132_S19_AWARD_20260911,2026-09-11,SECTION_19_TO_AWARD,2025-12-15,SECTION_19,18,False,,2026-09-29,270,270,270,1,,0,False,False,Nagpur,Kuhi,Savangi,District Collectorate & Administration Nagpur,RFCTLARR_2013,Rural Infrastructure,False,,,,,,,NOT_PUBLISHED_IN_GAZETTE,NOT_PUBLISHED_IN_STRUCTURED_DATA,NOT_APPLICABLE_IN_REAL_DATA,NOT_APPLICABLE_PRE_AWARD,UNPARSED_SCHEDULE_TABLE,UNPARSED_SCHEDULE_TABLE,NOT_PUBLISHED_IN_STRUCTURED_DATA,,NOT_APPLICABLE_PRE_SEC11
CAS_CLEAN_134,SNP_CAS_CLEAN_134_S19_AWARD_20260911,2026-09-11,SECTION_19_TO_AWARD,2025-12-15,SECTION_21,18,False,,2026-09-29,270,235,235,2,,0,False,False,Nagpur,Bhivapur,Savargao,District Collectorate & Administration Nagpur,RFCTLARR_2013,Rural Infrastructure,False,,,,,,,NOT_PUBLISHED_IN_GAZETTE,NOT_PUBLISHED_IN_STRUCTURED_DATA,NOT_APPLICABLE_IN_REAL_DATA,NOT_APPLICABLE_PRE_AWARD,UNPARSED_SCHEDULE_TABLE,UNPARSED_SCHEDULE_TABLE,NOT_PUBLISHED_IN_STRUCTURED_DATA,,NOT_APPLICABLE_PRE_SEC11
CAS_CLEAN_160,SNP_CAS_CLEAN_160_S19_AWARD_20260915,2026-09-15,SECTION_19_TO_AWARD,2025-12-19,SECTION_19,14,False,,2026-09-29,270,270,270,1,,0,False,False,Nagpur,Hingna,Wanadongari,District Collectorate & Administration Nagpur,RFCTLARR_2013,Rural Infrastructure,False,,,,,,,NOT_PUBLISHED_IN_GAZETTE,NOT_PUBLISHED_IN_STRUCTURED_DATA,NOT_APPLICABLE_IN_REAL_DATA,NOT_APPLICABLE_PRE_AWARD,UNPARSED_SCHEDULE_TABLE,UNPARSED_SCHEDULE_TABLE,NOT_PUBLISHED_IN_STRUCTURED_DATA,,NOT_APPLICABLE_PRE_SEC11
CAS_CLEAN_161,SNP_CAS_CLEAN_161_S19_AWARD_20260915,2026-09-15,SECTION_19_TO_AWARD,2025-12-19,SECTION_19,14,False,,2026-09-29,270,270,270,1,,0,False,False,Nagpur,Hingna,Wanadongari,District Collectorate & Administration Nagpur,RFCTLARR_2013,Rural Infrastructure,False,,,,,,,NOT_PUBLISHED_IN_GAZETTE,NOT_PUBLISHED_IN_STRUCTURED_DATA,NOT_APPLICABLE_IN_REAL_DATA,NOT_APPLICABLE_PRE_AWARD,UNPARSED_SCHEDULE_TABLE,UNPARSED_SCHEDULE_TABLE,NOT_PUBLISHED_IN_STRUCTURED_DATA,,NOT_APPLICABLE_PRE_SEC11
CAS_CLEAN_162,SNP_CAS_CLEAN_162_S19_AWARD_20260915,2026-09-15,SECTION_19_TO_AWARD,2025-12-19,SECTION_19,14,False,,2026-09-29,270,270,270,1,,0,False,False,Nagpur,Hingna,Wanadongari,District Collectorate & Administration Nagpur,RFCTLARR_2013,Rural Infrastructure,False,,,,,,,NOT_PUBLISHED_IN_GAZETTE,NOT_PUBLISHED_IN_STRUCTURED_DATA,NOT_APPLICABLE_IN_REAL_DATA,NOT_APPLICABLE_PRE_AWARD,UNPARSED_SCHEDULE_TABLE,UNPARSED_SCHEDULE_TABLE,NOT_PUBLISHED_IN_STRUCTURED_DATA,,NOT_APPLICABLE_PRE_SEC11
CAS_CLEAN_163,SNP_CAS_CLEAN_163_S19_AWARD_20260915,2026-09-15,SECTION_19_TO_AWARD,2025-12-19,SECTION_19,14,False,,2026-09-29,270,270,270,1,,0,False,False,Nagpur,Hingna,Wanadongari,District Collectorate & Administration Nagpur,RFCTLARR_2013,Rural Infrastructure,False,,,,,,,NOT_PUBLISHED_IN_GAZETTE,NOT_PUBLISHED_IN_STRUCTURED_DATA,NOT_APPLICABLE_IN_REAL_DATA,NOT_APPLICABLE_PRE_AWARD,UNPARSED_SCHEDULE_TABLE,UNPARSED_SCHEDULE_TABLE,NOT_PUBLISHED_IN_STRUCTURED_DATA,,NOT_APPLICABLE_PRE_SEC11
CAS_CLEAN_124,SNP_CAS_CLEAN_124_S19_AWARD_20260926,2026-09-26,SECTION_19_TO_AWARD,2026-03-30,SECTION_19,3,False,,2026-09-29,361,180,180,2,0.989,0,False,False,Nagpur,Saoner,Ranala,District Collectorate & Administration Nagpur,RFCTLARR_2013,Rural Infrastructure,False,,,,,,,NOT_PUBLISHED_IN_GAZETTE,NOT_PUBLISHED_IN_STRUCTURED_DATA,NOT_APPLICABLE_IN_REAL_DATA,NOT_APPLICABLE_PRE_AWARD,UNPARSED_SCHEDULE_TABLE,UNPARSED_SCHEDULE_TABLE,NOT_PUBLISHED_IN_STRUCTURED_DATA,,
