case_id,snapshot_id,transition,duration_at_risk_days,event_observed
CAS_CLEAN_271,SNP_CAS_CLEAN_271_CASE_INITIATION_MILESTONE_20190921,CASE_INITIATION_TO_MILESTONE,2565,False
CAS_CLEAN_271,SNP_CAS_CLEAN_271_CASE_INITIATION_MILESTONE_20191220,CASE_INITIATION_TO_MILESTONE,2475,False
CAS_CLEAN_271,SNP_CAS_CLEAN_271_CASE_INITIATION_MILESTONE_20200319,CASE_INITIATION_TO_MILESTONE,2385,False
CAS_CLEAN_271,SNP_CAS_CLEAN_271_CASE_INITIATION_MILESTONE_20200617,CASE_INITIATION_TO_MILESTONE,2295,False
CAS_CLEAN_271,SNP_CAS_CLEAN_271_CASE_INITIATION_MILESTONE_20200920,CASE_INITIATION_TO_MILESTONE,2200,False
CAS_CLEAN_271,SNP_CAS_CLEAN_271_CASE_INITIATION_MILESTONE_20210920,CASE_INITIATION_TO_MILESTONE,1835,False
CAS_CLEAN_268,SNP_CAS_CLEAN_268_CASE_INITIATION_MILESTONE_20221111,CASE_INITIATION_TO_MILESTONE,1418,False
CAS_CLEAN_269,SNP_CAS_CLEAN_269_CASE_INITIATION_MILESTONE_20221111,CASE_INITIATION_TO_MILESTONE,1418,False
CAS_CLEAN_270,SNP_CAS_CLEAN_270_CASE_INITIATION_MILESTONE_20221111,CASE_INITIATION_TO_MILESTONE,1418,False
CAS_CLEAN_267,SNP_CAS_CLEAN_267_CASE_INITIATION_MILESTONE_20221117,CASE_INITIATION_TO_MILESTONE,1412,False
CAS_CLEAN_268,SNP_CAS_CLEAN_268_CASE_INITIATION_MILESTONE_20230209,CASE_INITIATION_TO_MILESTONE,1328,False
CAS_CLEAN_269,SNP_CAS_CLEAN_269_CASE_INITIATION_MILESTONE_20230209,CASE_INITIATION_TO_MILESTONE,1328,False
CAS_CLEAN_270,SNP_CAS_CLEAN_270_CASE_INITIATION_MILESTONE_20230209,CASE_INITIATION_TO_MILESTONE,1328,False
CAS_CLEAN_267,SNP_CAS_CLEAN_267_CASE_INITIATION_MILESTONE_20230215,CASE_INITIATION_TO_MILESTONE,1322,False
CAS_CLEAN_268,SNP_CAS_CLEAN_268_CASE_INITIATION_MILESTONE_20230510,CASE_INITIATION_TO_MILESTONE,1238,False
CAS_CLEAN_269,SNP_CAS_CLEAN_269_CASE_INITIATION_MILESTONE_20230510,CASE_INITIATION_TO_MILESTONE,1238,False
CAS_CLEAN_270,SNP_CAS_CLEAN_270_CASE_INITIATION_MILESTONE_20230510,CASE_INITIATION_TO_MILESTONE,1238,False
CAS_CLEAN_267,SNP_CAS_CLEAN_267_CASE_INITIATION_MILESTONE_20230516,CASE_INITIATION_TO_MILESTONE,1232,False
CAS_CLEAN_268,SNP_CAS_CLEAN_268_CASE_INITIATION_MILESTONE_20230808,CASE_INITIATION_TO_MILESTONE,1148,False
CAS_CLEAN_269,SNP_CAS_CLEAN_269_CASE_INITIATION_MILESTONE_20230808,CASE_INITIATION_TO_MILESTONE,1148,False
CAS_CLEAN_270,SNP_CAS_CLEAN_270_CASE_INITIATION_MILESTONE_20230808,CASE_INITIATION_TO_MILESTONE,1148,False
CAS_CLEAN_267,SNP_CAS_CLEAN_267_CASE_INITIATION_MILESTONE_20230814,CASE_INITIATION_TO_MILESTONE,1142,False
CAS_CLEAN_268,SNP_CAS_CLEAN_268_CASE_INITIATION_MILESTONE_20231111,CASE_INITIATION_TO_MILESTONE,1053,False
CAS_CLEAN_269,SNP_CAS_CLEAN_269_CASE_INITIATION_MILESTONE_20231111,CASE_INITIATION_TO_MILESTONE,1053,False
CAS_CLEAN_270,SNP_CAS_CLEAN_270_CASE_INITIATION_MILESTONE_20231111,CASE_INITIATION_TO_MILESTONE,1053,False
CAS_CLEAN_267,SNP_CAS_CLEAN_267_CASE_INITIATION_MILESTONE_20231117,CASE_INITIATION_TO_MILESTONE,1047,False
CAS_CLEAN_087,SNP_CAS_CLEAN_087_CASE_INITIATION_MILESTONE_20240131,CASE_INITIATION_TO_MILESTONE,972,False
CAS_CLEAN_002,SNP_CAS_CLEAN_002_CASE_INITIATION_MILESTONE_20240222,CASE_INITIATION_TO_MILESTONE,950,False
CAS_CLEAN_029,SNP_CAS_CLEAN_029_CASE_INITIATION_MILESTONE_20240227,CASE_INITIATION_TO_MILESTONE,945,False
CAS_CLEAN_021,SNP_CAS_CLEAN_021_CASE_INITIATION_MILESTONE_20240305,CASE_INITIATION_TO_MILESTONE,938,False
CAS_CLEAN_164,SNP_CAS_CLEAN_164_CASE_INITIATION_MILESTONE_20240313,CASE_INITIATION_TO_MILESTONE,930,False
CAS_CLEAN_165,SNP_CAS_CLEAN_165_CASE_INITIATION_MILESTONE_20240313,CASE_INITIATION_TO_MILESTONE,930,False
CAS_CLEAN_039,SNP_CAS_CLEAN_039_CASE_INITIATION_MILESTONE_20240314,CASE_INITIATION_TO_MILESTONE,929,False
CAS_CLEAN_041,SNP_CAS_CLEAN_041_CASE_INITIATION_MILESTONE_20240314,CASE_INITIATION_TO_MILESTONE,929,False
CAS_CLEAN_136,SNP_CAS_CLEAN_136_CASE_INITIATION_MILESTONE_20240314,CASE_INITIATION_TO_MILESTONE,929,False
CAS_CLEAN_087,SNP_CAS_CLEAN_087_CASE_INITIATION_MILESTONE_20240430,CASE_INITIATION_TO_MILESTONE,882,False
CAS_CLEAN_002,SNP_CAS_CLEAN_002_CASE_INITIATION_MILESTONE_20240522,CASE_INITIATION_TO_MILESTONE,860,False
CAS_CLEAN_029,SNP_CAS_CLEAN_029_CASE_INITIATION_MILESTONE_20240527,CASE_INITIATION_TO_MILESTONE,855,False
CAS_CLEAN_021,SNP_CAS_CLEAN_021_CASE_INITIATION_MILESTONE_20240603,CASE_INITIATION_TO_MILESTONE,848,False
CAS_CLEAN_164,SNP_CAS_CLEAN_164_CASE_INITIATION_MILESTONE_20240611,CASE_INITIATION_TO_MILESTONE,840,False
CAS_CLEAN_165,SNP_CAS_CLEAN_165_CASE_INITIATION_MILESTONE_20240611,CASE_INITIATION_TO_MILESTONE,840,False
CAS_CLEAN_039,SNP_CAS_CLEAN_039_CASE_INITIATION_MILESTONE_20240612,CASE_INITIATION_TO_MILESTONE,839,False
CAS_CLEAN_041,SNP_CAS_CLEAN_041_CASE_INITIATION_MILESTONE_20240612,CASE_INITIATION_TO_MILESTONE,839,False
CAS_CLEAN_136,SNP_CAS_CLEAN_136_CASE_INITIATION_MILESTONE_20240612,CASE_INITIATION_TO_MILESTONE,839,False
CAS_CLEAN_126,SNP_CAS_CLEAN_126_CASE_INITIATION_MILESTONE_20240625,CASE_INITIATION_TO_MILESTONE,826,False
CAS_CLEAN_127,SNP_CAS_CLEAN_127_CASE_INITIATION_MILESTONE_20240625,CASE_INITIATION_TO_MILESTONE,826,False
CAS_CLEAN_020,SNP_CAS_CLEAN_020_CASE_INITIATION_MILESTONE_20240710,CASE_INITIATION_TO_MILESTONE,811,False
CAS_CLEAN_032,SNP_CAS_CLEAN_032_CASE_INITIATION_MILESTONE_20240729,CASE_INITIATION_TO_MILESTONE,792,False
CAS_CLEAN_087,SNP_CAS_CLEAN_087_CASE_INITIATION_MILESTONE_20240729,CASE_INITIATION_TO_MILESTONE,792,False
CAS_CLEAN_094,SNP_CAS_CLEAN_094_CASE_INITIATION_MILESTONE_20240806,CASE_INITIATION_TO_MILESTONE,784,False
CAS_CLEAN_140,SNP_CAS_CLEAN_140_CASE_INITIATION_MILESTONE_20240808,CASE_INITIATION_TO_MILESTONE,782,False
CAS_CLEAN_061,SNP_CAS_CLEAN_061_CASE_INITIATION_MILESTONE_20240814,CASE_INITIATION_TO_MILESTONE,776,False
CAS_CLEAN_002,SNP_CAS_CLEAN_002_CASE_INITIATION_MILESTONE_20240820,CASE_INITIATION_TO_MILESTONE,770,False
CAS_CLEAN_099,SNP_CAS_CLEAN_099_CASE_INITIATION_MILESTONE_20240822,CASE_INITIATION_TO_MILESTONE,768,False
CAS_CLEAN_128,SNP_CAS_CLEAN_128_CASE_INITIATION_MILESTONE_20240822,CASE_INITIATION_TO_MILESTONE,768,False
CAS_CLEAN_029,SNP_CAS_CLEAN_029_CASE_INITIATION_MILESTONE_20240825,CASE_INITIATION_TO_MILESTONE,765,False
CAS_CLEAN_021,SNP_CAS_CLEAN_021_CASE_INITIATION_MILESTONE_20240901,CASE_INITIATION_TO_MILESTONE,758,False
CAS_CLEAN_164,SNP_CAS_CLEAN_164_CASE_INITIATION_MILESTONE_20240909,CASE_INITIATION_TO_MILESTONE,750,False
CAS_CLEAN_165,SNP_CAS_CLEAN_165_CASE_INITIATION_MILESTONE_20240909,CASE_INITIATION_TO_MILESTONE,750,False
CAS_CLEAN_039,SNP_CAS_CLEAN_039_CASE_INITIATION_MILESTONE_20240910,CASE_INITIATION_TO_MILESTONE,749,False
CAS_CLEAN_041,SNP_CAS_CLEAN_041_CASE_INITIATION_MILESTONE_20240910,CASE_INITIATION_TO_MILESTONE,749,False
CAS_CLEAN_136,SNP_CAS_CLEAN_136_CASE_INITIATION_MILESTONE_20240910,CASE_INITIATION_TO_MILESTONE,749,False
CAS_CLEAN_126,SNP_CAS_CLEAN_126_CASE_INITIATION_MILESTONE_20240923,CASE_INITIATION_TO_MILESTONE,736,False
CAS_CLEAN_127,SNP_CAS_CLEAN_127_CASE_INITIATION_MILESTONE_20240923,CASE_INITIATION_TO_MILESTONE,736,False
CAS_CLEAN_096,SNP_CAS_CLEAN_096_CASE_INITIATION_MILESTONE_20241001,CASE_INITIATION_TO_MILESTONE,728,False
CAS_CLEAN_020,SNP_CAS_CLEAN_020_CASE_INITIATION_MILESTONE_20241008,CASE_INITIATION_TO_MILESTONE,721,False
CAS_CLEAN_071,SNP_CAS_CLEAN_071_CASE_INITIATION_MILESTONE_20241011,CASE_INITIATION_TO_MILESTONE,718,False
CAS_CLEAN_032,SNP_CAS_CLEAN_032_CASE_INITIATION_MILESTONE_20241027,CASE_INITIATION_TO_MILESTONE,702,False
CAS_CLEAN_087,SNP_CAS_CLEAN_087_CASE_INITIATION_MILESTONE_20241027,CASE_INITIATION_TO_MILESTONE,702,False
CAS_CLEAN_094,SNP_CAS_CLEAN_094_CASE_INITIATION_MILESTONE_20241104,CASE_INITIATION_TO_MILESTONE,694,False
CAS_CLEAN_140,SNP_CAS_CLEAN_140_CASE_INITIATION_MILESTONE_20241106,CASE_INITIATION_TO_MILESTONE,692,False
CAS_CLEAN_268,SNP_CAS_CLEAN_268_CASE_INITIATION_MILESTONE_20241110,CASE_INITIATION_TO_MILESTONE,688,False
CAS_CLEAN_269,SNP_CAS_CLEAN_269_CASE_INITIATION_MILESTONE_20241110,CASE_INITIATION_TO_MILESTONE,688,False
CAS_CLEAN_270,SNP_CAS_CLEAN_270_CASE_INITIATION_MILESTONE_20241110,CASE_INITIATION_TO_MILESTONE,688,False
CAS_CLEAN_061,SNP_CAS_CLEAN_061_CASE_INITIATION_MILESTONE_20241112,CASE_INITIATION_TO_MILESTONE,686,False
CAS_CLEAN_267,SNP_CAS_CLEAN_267_CASE_INITIATION_MILESTONE_20241116,CASE_INITIATION_TO_MILESTONE,682,False
CAS_CLEAN_002,SNP_CAS_CLEAN_002_CASE_INITIATION_MILESTONE_20241118,CASE_INITIATION_TO_MILESTONE,680,False
CAS_CLEAN_099,SNP_CAS_CLEAN_099_CASE_INITIATION_MILESTONE_20241120,CASE_INITIATION_TO_MILESTONE,678,False
CAS_CLEAN_128,SNP_CAS_CLEAN_128_CASE_INITIATION_MILESTONE_20241120,CASE_INITIATION_TO_MILESTONE,678,False
CAS_CLEAN_029,SNP_CAS_CLEAN_029_CASE_INITIATION_MILESTONE_20241123,CASE_INITIATION_TO_MILESTONE,675,False
CAS_CLEAN_021,SNP_CAS_CLEAN_021_CASE_INITIATION_MILESTONE_20241130,CASE_INITIATION_TO_MILESTONE,668,False
CAS_CLEAN_148,SNP_CAS_CLEAN_148_CASE_INITIATION_MILESTONE_20241202,CASE_INITIATION_TO_MILESTONE,666,False
CAS_CLEAN_164,SNP_CAS_CLEAN_164_CASE_INITIATION_MILESTONE_20241208,CASE_INITIATION_TO_MILESTONE,660,False
CAS_CLEAN_165,SNP_CAS_CLEAN_165_CASE_INITIATION_MILESTONE_20241208,CASE_INITIATION_TO_MILESTONE,660,False
CAS_CLEAN_039,SNP_CAS_CLEAN_039_CASE_INITIATION_MILESTONE_20241209,CASE_INITIATION_TO_MILESTONE,659,False
CAS_CLEAN_041,SNP_CAS_CLEAN_041_CASE_INITIATION_MILESTONE_20241209,CASE_INITIATION_TO_MILESTONE,659,False
CAS_CLEAN_136,SNP_CAS_CLEAN_136_CASE_INITIATION_MILESTONE_20241209,CASE_INITIATION_TO_MILESTONE,659,False
CAS_CLEAN_005,SNP_CAS_CLEAN_005_CASE_INITIATION_MILESTONE_20241210,CASE_INITIATION_TO_MILESTONE,658,False
CAS_CLEAN_079,SNP_CAS_CLEAN_079_CASE_INITIATION_MILESTONE_20241210,CASE_INITIATION_TO_MILESTONE,658,False
CAS_CLEAN_145,SNP_CAS_CLEAN_145_CASE_INITIATION_MILESTONE_20241210,CASE_INITIATION_TO_MILESTONE,658,False
CAS_CLEAN_091,SNP_CAS_CLEAN_091_CASE_INITIATION_MILESTONE_20241212,CASE_INITIATION_TO_MILESTONE,656,False
CAS_CLEAN_126,SNP_CAS_CLEAN_126_CASE_INITIATION_MILESTONE_20241222,CASE_INITIATION_TO_MILESTONE,646,False
CAS_CLEAN_127,SNP_CAS_CLEAN_127_CASE_INITIATION_MILESTONE_20241222,CASE_INITIATION_TO_MILESTONE,646,False
CAS_CLEAN_228,SNP_CAS_CLEAN_228_CASE_INITIATION_MILESTONE_20241223,CASE_INITIATION_TO_MILESTONE,645,False
CAS_CLEAN_229,SNP_CAS_CLEAN_229_CASE_INITIATION_MILESTONE_20241223,CASE_INITIATION_TO_MILESTONE,645,False
CAS_CLEAN_230,SNP_CAS_CLEAN_230_CASE_INITIATION_MILESTONE_20241223,CASE_INITIATION_TO_MILESTONE,645,False
CAS_CLEAN_231,SNP_CAS_CLEAN_231_CASE_INITIATION_MILESTONE_20241223,CASE_INITIATION_TO_MILESTONE,645,False
CAS_CLEAN_232,SNP_CAS_CLEAN_232_CASE_INITIATION_MILESTONE_20241223,CASE_INITIATION_TO_MILESTONE,645,False
CAS_CLEAN_242,SNP_CAS_CLEAN_242_CASE_INITIATION_MILESTONE_20241223,CASE_INITIATION_TO_MILESTONE,645,False
CAS_CLEAN_001,SNP_CAS_CLEAN_001_CASE_INITIATION_MILESTONE_20241227,CASE_INITIATION_TO_MILESTONE,641,False
CAS_CLEAN_227,SNP_CAS_CLEAN_227_CASE_INITIATION_MILESTONE_20241227,CASE_INITIATION_TO_MILESTONE,641,False
CAS_CLEAN_240,SNP_CAS_CLEAN_240_CASE_INITIATION_MILESTONE_20241227,CASE_INITIATION_TO_MILESTONE,641,False
CAS_CLEAN_096,SNP_CAS_CLEAN_096_CASE_INITIATION_MILESTONE_20241230,CASE_INITIATION_TO_MILESTONE,638,False
CAS_CLEAN_095,SNP_CAS_CLEAN_095_CASE_INITIATION_MILESTONE_20250101,CASE_INITIATION_TO_MILESTONE,636,False
CAS_CLEAN_214,SNP_CAS_CLEAN_214_CASE_INITIATION_MILESTONE_20250101,CASE_INITIATION_TO_MILESTONE,636,False
CAS_CLEAN_223,SNP_CAS_CLEAN_223_CASE_INITIATION_MILESTONE_20250101,CASE_INITIATION_TO_MILESTONE,636,False
CAS_CLEAN_224,SNP_CAS_CLEAN_224_CASE_INITIATION_MILESTONE_20250101,CASE_INITIATION_TO_MILESTONE,636,False
CAS_CLEAN_225,SNP_CAS_CLEAN_225_CASE_INITIATION_MILESTONE_20250101,CASE_INITIATION_TO_MILESTONE,636,False
CAS_CLEAN_185,SNP_CAS_CLEAN_185_CASE_INITIATION_MILESTONE_20250103,CASE_INITIATION_TO_MILESTONE,634,False
CAS_CLEAN_020,SNP_CAS_CLEAN_020_CASE_INITIATION_MILESTONE_20250106,CASE_INITIATION_TO_MILESTONE,631,False
CAS_CLEAN_071,SNP_CAS_CLEAN_071_CASE_INITIATION_MILESTONE_20250109,CASE_INITIATION_TO_MILESTONE,628,False
CAS_CLEAN_009,SNP_CAS_CLEAN_009_CASE_INITIATION_MILESTONE_20250114,CASE_INITIATION_TO_MILESTONE,623,False
CAS_CLEAN_064,SNP_CAS_CLEAN_064_CASE_INITIATION_MILESTONE_20250114,CASE_INITIATION_TO_MILESTONE,623,False
CAS_CLEAN_120,SNP_CAS_CLEAN_120_CASE_INITIATION_MILESTONE_20250114,CASE_INITIATION_TO_MILESTONE,623,False
CAS_CLEAN_005,SNP_CAS_CLEAN_005_CASE_INITIATION_MILESTONE_20250115,CASE_INITIATION_TO_MILESTONE,622,False
CAS_CLEAN_079,SNP_CAS_CLEAN_079_CASE_INITIATION_MILESTONE_20250115,CASE_INITIATION_TO_MILESTONE,622,False
CAS_CLEAN_145,SNP_CAS_CLEAN_145_CASE_INITIATION_MILESTONE_20250115,CASE_INITIATION_TO_MILESTONE,622,False
CAS_CLEAN_149,SNP_CAS_CLEAN_149_CASE_INITIATION_MILESTONE_20250115,CASE_INITIATION_TO_MILESTONE,622,False
CAS_CLEAN_156,SNP_CAS_CLEAN_156_CASE_INITIATION_MILESTONE_20250115,CASE_INITIATION_TO_MILESTONE,622,False
CAS_CLEAN_054,SNP_CAS_CLEAN_054_CASE_INITIATION_MILESTONE_20250122,CASE_INITIATION_TO_MILESTONE,615,False
CAS_CLEAN_057,SNP_CAS_CLEAN_057_CASE_INITIATION_MILESTONE_20250123,CASE_INITIATION_TO_MILESTONE,614,False
CAS_CLEAN_112,SNP_CAS_CLEAN_112_CASE_INITIATION_MILESTONE_20250123,CASE_INITIATION_TO_MILESTONE,614,False
CAS_CLEAN_032,SNP_CAS_CLEAN_032_CASE_INITIATION_MILESTONE_20250125,CASE_INITIATION_TO_MILESTONE,612,False
CAS_CLEAN_222,SNP_CAS_CLEAN_222_CASE_INITIATION_MILESTONE_20250128,CASE_INITIATION_TO_MILESTONE,609,False
CAS_CLEAN_087,SNP_CAS_CLEAN_087_CASE_INITIATION_MILESTONE_20250130,CASE_INITIATION_TO_MILESTONE,607,False
CAS_CLEAN_094,SNP_CAS_CLEAN_094_CASE_INITIATION_MILESTONE_20250202,CASE_INITIATION_TO_MILESTONE,604,False
CAS_CLEAN_140,SNP_CAS_CLEAN_140_CASE_INITIATION_MILESTONE_20250204,CASE_INITIATION_TO_MILESTONE,602,False
CAS_CLEAN_095,SNP_CAS_CLEAN_095_CASE_INITIATION_MILESTONE_20250207,CASE_INITIATION_TO_MILESTONE,599,False
CAS_CLEAN_061,SNP_CAS_CLEAN_061_CASE_INITIATION_MILESTONE_20250210,CASE_INITIATION_TO_MILESTONE,596,False
CAS_CLEAN_216,SNP_CAS_CLEAN_216_CASE_INITIATION_MILESTONE_20250213,CASE_INITIATION_TO_MILESTONE,593,False
CAS_CLEAN_218,SNP_CAS_CLEAN_218_CASE_INITIATION_MILESTONE_20250213,CASE_INITIATION_TO_MILESTONE,593,False
CAS_CLEAN_219,SNP_CAS_CLEAN_219_CASE_INITIATION_MILESTONE_20250213,CASE_INITIATION_TO_MILESTONE,593,False
CAS_CLEAN_221,SNP_CAS_CLEAN_221_CASE_INITIATION_MILESTONE_20250213,CASE_INITIATION_TO_MILESTONE,593,False
CAS_CLEAN_016,SNP_CAS_CLEAN_016_CASE_INITIATION_MILESTONE_20250214,CASE_INITIATION_TO_MILESTONE,592,False
CAS_CLEAN_070,SNP_CAS_CLEAN_070_CASE_INITIATION_MILESTONE_20250214,CASE_INITIATION_TO_MILESTONE,125,True
CAS_CLEAN_099,SNP_CAS_CLEAN_099_CASE_INITIATION_MILESTONE_20250218,CASE_INITIATION_TO_MILESTONE,588,False
CAS_CLEAN_128,SNP_CAS_CLEAN_128_CASE_INITIATION_MILESTONE_20250218,CASE_INITIATION_TO_MILESTONE,588,False
CAS_CLEAN_234,SNP_CAS_CLEAN_234_CASE_INITIATION_MILESTONE_20250220,CASE_INITIATION_TO_MILESTONE,586,False
CAS_CLEAN_002,SNP_CAS_CLEAN_002_CASE_INITIATION_MILESTONE_20250221,CASE_INITIATION_TO_MILESTONE,585,False
CAS_CLEAN_100,SNP_CAS_CLEAN_100_CASE_INITIATION_MILESTONE_20250225,CASE_INITIATION_TO_MILESTONE,581,False
CAS_CLEAN_029,SNP_CAS_CLEAN_029_CASE_INITIATION_MILESTONE_20250226,CASE_INITIATION_TO_MILESTONE,580,False
CAS_CLEAN_203,SNP_CAS_CLEAN_203_CASE_INITIATION_MILESTONE_20250227,CASE_INITIATION_TO_MILESTONE,579,False
CAS_CLEAN_204,SNP_CAS_CLEAN_204_CASE_INITIATION_MILESTONE_20250227,CASE_INITIATION_TO_MILESTONE,579,False
CAS_CLEAN_205,SNP_CAS_CLEAN_205_CASE_INITIATION_MILESTONE_20250227,CASE_INITIATION_TO_MILESTONE,579,False
CAS_CLEAN_206,SNP_CAS_CLEAN_206_CASE_INITIATION_MILESTONE_20250227,CASE_INITIATION_TO_MILESTONE,579,False
CAS_CLEAN_211,SNP_CAS_CLEAN_211_CASE_INITIATION_MILESTONE_20250301,CASE_INITIATION_TO_MILESTONE,577,False
CAS_CLEAN_148,SNP_CAS_CLEAN_148_CASE_INITIATION_MILESTONE_20250302,CASE_INITIATION_TO_MILESTONE,576,False
CAS_CLEAN_021,SNP_CAS_CLEAN_021_CASE_INITIATION_MILESTONE_20250305,CASE_INITIATION_TO_MILESTONE,573,False
CAS_CLEAN_005,SNP_CAS_CLEAN_005_CASE_INITIATION_MILESTONE_20250310,CASE_INITIATION_TO_MILESTONE,568,False
CAS_CLEAN_079,SNP_CAS_CLEAN_079_CASE_INITIATION_MILESTONE_20250310,CASE_INITIATION_TO_MILESTONE,568,False
CAS_CLEAN_145,SNP_CAS_CLEAN_145_CASE_INITIATION_MILESTONE_20250310,CASE_INITIATION_TO_MILESTONE,568,False
CAS_CLEAN_212,SNP_CAS_CLEAN_212_CASE_INITIATION_MILESTONE_20250310,CASE_INITIATION_TO_MILESTONE,568,False
CAS_CLEAN_213,SNP_CAS_CLEAN_213_CASE_INITIATION_MILESTONE_20250310,CASE_INITIATION_TO_MILESTONE,568,False
CAS_CLEAN_215,SNP_CAS_CLEAN_215_CASE_INITIATION_MILESTONE_20250311,CASE_INITIATION_TO_MILESTONE,567,False
CAS_CLEAN_091,SNP_CAS_CLEAN_091_CASE_INITIATION_MILESTONE_20250312,CASE_INITIATION_TO_MILESTONE,566,False
CAS_CLEAN_164,SNP_CAS_CLEAN_164_CASE_INITIATION_MILESTONE_20250313,CASE_INITIATION_TO_MILESTONE,565,False
CAS_CLEAN_165,SNP_CAS_CLEAN_165_CASE_INITIATION_MILESTONE_20250313,CASE_INITIATION_TO_MILESTONE,565,False
CAS_CLEAN_207,SNP_CAS_CLEAN_207_CASE_INITIATION_MILESTONE_20250313,CASE_INITIATION_TO_MILESTONE,565,False
CAS_CLEAN_208,SNP_CAS_CLEAN_208_CASE_INITIATION_MILESTONE_20250313,CASE_INITIATION_TO_MILESTONE,565,False
CAS_CLEAN_209,SNP_CAS_CLEAN_209_CASE_INITIATION_MILESTONE_20250313,CASE_INITIATION_TO_MILESTONE,565,False
CAS_CLEAN_039,SNP_CAS_CLEAN_039_CASE_INITIATION_MILESTONE_20250314,CASE_INITIATION_TO_MILESTONE,564,False
CAS_CLEAN_041,SNP_CAS_CLEAN_041_CASE_INITIATION_MILESTONE_20250314,CASE_INITIATION_TO_MILESTONE,564,False
CAS_CLEAN_136,SNP_CAS_CLEAN_136_CASE_INITIATION_MILESTONE_20250314,CASE_INITIATION_TO_MILESTONE,564,False
CAS_CLEAN_258,SNP_CAS_CLEAN_258_CASE_INITIATION_MILESTONE_20250317,CASE_INITIATION_TO_MILESTONE,561,False
CAS_CLEAN_210,SNP_CAS_CLEAN_210_CASE_INITIATION_MILESTONE_20250320,CASE_INITIATION_TO_MILESTONE,558,False
CAS_CLEAN_126,SNP_CAS_CLEAN_126_CASE_INITIATION_MILESTONE_20250322,CASE_INITIATION_TO_MILESTONE,556,False
CAS_CLEAN_127,SNP_CAS_CLEAN_127_CASE_INITIATION_MILESTONE_20250322,CASE_INITIATION_TO_MILESTONE,556,False
CAS_CLEAN_228,SNP_CAS_CLEAN_228_CASE_INITIATION_MILESTONE_20250323,CASE_INITIATION_TO_MILESTONE,555,False
CAS_CLEAN_229,SNP_CAS_CLEAN_229_CASE_INITIATION_MILESTONE_20250323,CASE_INITIATION_TO_MILESTONE,555,False
CAS_CLEAN_230,SNP_CAS_CLEAN_230_CASE_INITIATION_MILESTONE_20250323,CASE_INITIATION_TO_MILESTONE,555,False
CAS_CLEAN_231,SNP_CAS_CLEAN_231_CASE_INITIATION_MILESTONE_20250323,CASE_INITIATION_TO_MILESTONE,555,False
CAS_CLEAN_232,SNP_CAS_CLEAN_232_CASE_INITIATION_MILESTONE_20250323,CASE_INITIATION_TO_MILESTONE,555,False
CAS_CLEAN_242,SNP_CAS_CLEAN_242_CASE_INITIATION_MILESTONE_20250323,CASE_INITIATION_TO_MILESTONE,555,False
CAS_CLEAN_001,SNP_CAS_CLEAN_001_CASE_INITIATION_MILESTONE_20250327,CASE_INITIATION_TO_MILESTONE,551,False
CAS_CLEAN_227,SNP_CAS_CLEAN_227_CASE_INITIATION_MILESTONE_20250327,CASE_INITIATION_TO_MILESTONE,551,False
CAS_CLEAN_240,SNP_CAS_CLEAN_240_CASE_INITIATION_MILESTONE_20250327,CASE_INITIATION_TO_MILESTONE,551,False
CAS_CLEAN_096,SNP_CAS_CLEAN_096_CASE_INITIATION_MILESTONE_20250330,CASE_INITIATION_TO_MILESTONE,548,False
CAS_CLEAN_095,SNP_CAS_CLEAN_095_CASE_INITIATION_MILESTONE_20250401,CASE_INITIATION_TO_MILESTONE,546,False
CAS_CLEAN_214,SNP_CAS_CLEAN_214_CASE_INITIATION_MILESTONE_20250401,CASE_INITIATION_TO_MILESTONE,546,False
CAS_CLEAN_223,SNP_CAS_CLEAN_223_CASE_INITIATION_MILESTONE_20250401,CASE_INITIATION_TO_MILESTONE,546,False
CAS_CLEAN_224,SNP_CAS_CLEAN_224_CASE_INITIATION_MILESTONE_20250401,CASE_INITIATION_TO_MILESTONE,546,False
CAS_CLEAN_225,SNP_CAS_CLEAN_225_CASE_INITIATION_MILESTONE_20250401,CASE_INITIATION_TO_MILESTONE,546,False
CAS_CLEAN_185,SNP_CAS_CLEAN_185_CASE_INITIATION_MILESTONE_20250403,CASE_INITIATION_TO_MILESTONE,544,False
CAS_CLEAN_201,SNP_CAS_CLEAN_201_CASE_INITIATION_MILESTONE_20250404,CASE_INITIATION_TO_MILESTONE,543,False
CAS_CLEAN_238,SNP_CAS_CLEAN_238_CASE_INITIATION_MILESTONE_20250404,CASE_INITIATION_TO_MILESTONE,543,False
CAS_CLEAN_020,SNP_CAS_CLEAN_020_CASE_INITIATION_MILESTONE_20250406,CASE_INITIATION_TO_MILESTONE,541,False
CAS_CLEAN_071,SNP_CAS_CLEAN_071_CASE_INITIATION_MILESTONE_20250409,CASE_INITIATION_TO_MILESTONE,538,False
CAS_CLEAN_009,SNP_CAS_CLEAN_009_CASE_INITIATION_MILESTONE_20250414,CASE_INITIATION_TO_MILESTONE,533,False
CAS_CLEAN_064,SNP_CAS_CLEAN_064_CASE_INITIATION_MILESTONE_20250414,CASE_INITIATION_TO_MILESTONE,533,False
CAS_CLEAN_120,SNP_CAS_CLEAN_120_CASE_INITIATION_MILESTONE_20250414,CASE_INITIATION_TO_MILESTONE,533,False
CAS_CLEAN_149,SNP_CAS_CLEAN_149_CASE_INITIATION_MILESTONE_20250415,CASE_INITIATION_TO_MILESTONE,532,False
CAS_CLEAN_156,SNP_CAS_CLEAN_156_CASE_INITIATION_MILESTONE_20250415,CASE_INITIATION_TO_MILESTONE,532,False
CAS_CLEAN_042,SNP_CAS_CLEAN_042_CASE_INITIATION_MILESTONE_20250417,CASE_INITIATION_TO_MILESTONE,530,False
CAS_CLEAN_092,SNP_CAS_CLEAN_092_CASE_INITIATION_MILESTONE_20250417,CASE_INITIATION_TO_MILESTONE,530,False
CAS_CLEAN_197,SNP_CAS_CLEAN_197_CASE_INITIATION_MILESTONE_20250417,CASE_INITIATION_TO_MILESTONE,530,False
CAS_CLEAN_198,SNP_CAS_CLEAN_198_CASE_INITIATION_MILESTONE_20250421,CASE_INITIATION_TO_MILESTONE,526,False
CAS_CLEAN_199,SNP_CAS_CLEAN_199_CASE_INITIATION_MILESTONE_20250421,CASE_INITIATION_TO_MILESTONE,526,False
CAS_CLEAN_200,SNP_CAS_CLEAN_200_CASE_INITIATION_MILESTONE_20250421,CASE_INITIATION_TO_MILESTONE,526,False
CAS_CLEAN_264,SNP_CAS_CLEAN_264_CASE_INITIATION_MILESTONE_20250421,CASE_INITIATION_TO_MILESTONE,526,False
CAS_CLEAN_054,SNP_CAS_CLEAN_054_CASE_INITIATION_MILESTONE_20250422,CASE_INITIATION_TO_MILESTONE,525,False
CAS_CLEAN_057,SNP_CAS_CLEAN_057_CASE_INITIATION_MILESTONE_20250423,CASE_INITIATION_TO_MILESTONE,524,False
CAS_CLEAN_112,SNP_CAS_CLEAN_112_CASE_INITIATION_MILESTONE_20250423,CASE_INITIATION_TO_MILESTONE,524,False
CAS_CLEAN_032,SNP_CAS_CLEAN_032_CASE_INITIATION_MILESTONE_20250425,CASE_INITIATION_TO_MILESTONE,522,False
CAS_CLEAN_222,SNP_CAS_CLEAN_222_CASE_INITIATION_MILESTONE_20250428,CASE_INITIATION_TO_MILESTONE,519,False
CAS_CLEAN_094,SNP_CAS_CLEAN_094_CASE_INITIATION_MILESTONE_20250503,CASE_INITIATION_TO_MILESTONE,514,False
CAS_CLEAN_097,SNP_CAS_CLEAN_097_CASE_INITIATION_MILESTONE_20250505,CASE_INITIATION_TO_MILESTONE,512,False
CAS_CLEAN_140,SNP_CAS_CLEAN_140_CASE_INITIATION_MILESTONE_20250505,CASE_INITIATION_TO_MILESTONE,512,False
CAS_CLEAN_061,SNP_CAS_CLEAN_061_CASE_INITIATION_MILESTONE_20250511,CASE_INITIATION_TO_MILESTONE,506,False
CAS_CLEAN_216,SNP_CAS_CLEAN_216_CASE_INITIATION_MILESTONE_20250514,CASE_INITIATION_TO_MILESTONE,503,False
CAS_CLEAN_218,SNP_CAS_CLEAN_218_CASE_INITIATION_MILESTONE_20250514,CASE_INITIATION_TO_MILESTONE,503,False
CAS_CLEAN_219,SNP_CAS_CLEAN_219_CASE_INITIATION_MILESTONE_20250514,CASE_INITIATION_TO_MILESTONE,503,False
CAS_CLEAN_221,SNP_CAS_CLEAN_221_CASE_INITIATION_MILESTONE_20250514,CASE_INITIATION_TO_MILESTONE,503,False
CAS_CLEAN_016,SNP_CAS_CLEAN_016_CASE_INITIATION_MILESTONE_20250515,CASE_INITIATION_TO_MILESTONE,502,False
CAS_CLEAN_070,SNP_CAS_CLEAN_070_CASE_INITIATION_MILESTONE_20250515,CASE_INITIATION_TO_MILESTONE,35,True
CAS_CLEAN_099,SNP_CAS_CLEAN_099_CASE_INITIATION_MILESTONE_20250519,CASE_INITIATION_TO_MILESTONE,498,False
CAS_CLEAN_128,SNP_CAS_CLEAN_128_CASE_INITIATION_MILESTONE_20250519,CASE_INITIATION_TO_MILESTONE,498,False
CAS_CLEAN_234,SNP_CAS_CLEAN_234_CASE_INITIATION_MILESTONE_20250521,CASE_INITIATION_TO_MILESTONE,496,False
CAS_CLEAN_100,SNP_CAS_CLEAN_100_CASE_INITIATION_MILESTONE_20250526,CASE_INITIATION_TO_MILESTONE,491,False
CAS_CLEAN_024,SNP_CAS_CLEAN_024_CASE_INITIATION_MILESTONE_20250528,CASE_INITIATION_TO_MILESTONE,489,False
CAS_CLEAN_203,SNP_CAS_CLEAN_203_CASE_INITIATION_MILESTONE_20250528,CASE_INITIATION_TO_MILESTONE,489,False
CAS_CLEAN_204,SNP_CAS_CLEAN_204_CASE_INITIATION_MILESTONE_20250528,CASE_INITIATION_TO_MILESTONE,489,False
CAS_CLEAN_205,SNP_CAS_CLEAN_205_CASE_INITIATION_MILESTONE_20250528,CASE_INITIATION_TO_MILESTONE,489,False
CAS_CLEAN_206,SNP_CAS_CLEAN_206_CASE_INITIATION_MILESTONE_20250528,CASE_INITIATION_TO_MILESTONE,489,False
CAS_CLEAN_033,SNP_CAS_CLEAN_033_CASE_INITIATION_MILESTONE_20250530,CASE_INITIATION_TO_MILESTONE,487,False
CAS_CLEAN_211,SNP_CAS_CLEAN_211_CASE_INITIATION_MILESTONE_20250530,CASE_INITIATION_TO_MILESTONE,487,False
CAS_CLEAN_148,SNP_CAS_CLEAN_148_CASE_INITIATION_MILESTONE_20250531,CASE_INITIATION_TO_MILESTONE,486,False
CAS_CLEAN_023,SNP_CAS_CLEAN_023_CASE_INITIATION_MILESTONE_20250605,CASE_INITIATION_TO_MILESTONE,481,False
CAS_CLEAN_193,SNP_CAS_CLEAN_193_CASE_INITIATION_MILESTONE_20250606,CASE_INITIATION_TO_MILESTONE,480,False
CAS_CLEAN_196,SNP_CAS_CLEAN_196_CASE_INITIATION_MILESTONE_20250606,CASE_INITIATION_TO_MILESTONE,480,False
CAS_CLEAN_005,SNP_CAS_CLEAN_005_CASE_INITIATION_MILESTONE_20250608,CASE_INITIATION_TO_MILESTONE,478,False
CAS_CLEAN_079,SNP_CAS_CLEAN_079_CASE_INITIATION_MILESTONE_20250608,CASE_INITIATION_TO_MILESTONE,478,False
CAS_CLEAN_145,SNP_CAS_CLEAN_145_CASE_INITIATION_MILESTONE_20250608,CASE_INITIATION_TO_MILESTONE,478,False
CAS_CLEAN_212,SNP_CAS_CLEAN_212_CASE_INITIATION_MILESTONE_20250608,CASE_INITIATION_TO_MILESTONE,478,False
CAS_CLEAN_213,SNP_CAS_CLEAN_213_CASE_INITIATION_MILESTONE_20250608,CASE_INITIATION_TO_MILESTONE,478,False
CAS_CLEAN_215,SNP_CAS_CLEAN_215_CASE_INITIATION_MILESTONE_20250609,CASE_INITIATION_TO_MILESTONE,477,False
CAS_CLEAN_091,SNP_CAS_CLEAN_091_CASE_INITIATION_MILESTONE_20250610,CASE_INITIATION_TO_MILESTONE,476,False
CAS_CLEAN_207,SNP_CAS_CLEAN_207_CASE_INITIATION_MILESTONE_20250611,CASE_INITIATION_TO_MILESTONE,475,False
CAS_CLEAN_208,SNP_CAS_CLEAN_208_CASE_INITIATION_MILESTONE_20250611,CASE_INITIATION_TO_MILESTONE,475,False
CAS_CLEAN_209,SNP_CAS_CLEAN_209_CASE_INITIATION_MILESTONE_20250611,CASE_INITIATION_TO_MILESTONE,475,False
CAS_CLEAN_258,SNP_CAS_CLEAN_258_CASE_INITIATION_MILESTONE_20250615,CASE_INITIATION_TO_MILESTONE,471,False
CAS_CLEAN_210,SNP_CAS_CLEAN_210_CASE_INITIATION_MILESTONE_20250618,CASE_INITIATION_TO_MILESTONE,468,False
CAS_CLEAN_228,SNP_CAS_CLEAN_228_CASE_INITIATION_MILESTONE_20250621,CASE_INITIATION_TO_MILESTONE,465,False
CAS_CLEAN_229,SNP_CAS_CLEAN_229_CASE_INITIATION_MILESTONE_20250621,CASE_INITIATION_TO_MILESTONE,465,False
CAS_CLEAN_230,SNP_CAS_CLEAN_230_CASE_INITIATION_MILESTONE_20250621,CASE_INITIATION_TO_MILESTONE,465,False
CAS_CLEAN_231,SNP_CAS_CLEAN_231_CASE_INITIATION_MILESTONE_20250621,CASE_INITIATION_TO_MILESTONE,465,False
CAS_CLEAN_232,SNP_CAS_CLEAN_232_CASE_INITIATION_MILESTONE_20250621,CASE_INITIATION_TO_MILESTONE,465,False
CAS_CLEAN_242,SNP_CAS_CLEAN_242_CASE_INITIATION_MILESTONE_20250621,CASE_INITIATION_TO_MILESTONE,465,False
CAS_CLEAN_101,SNP_CAS_CLEAN_101_CASE_INITIATION_MILESTONE_20250623,CASE_INITIATION_TO_MILESTONE,463,False
CAS_CLEAN_001,SNP_CAS_CLEAN_001_CASE_INITIATION_MILESTONE_20250625,CASE_INITIATION_TO_MILESTONE,461,False
CAS_CLEAN_126,SNP_CAS_CLEAN_126_CASE_INITIATION_MILESTONE_20250625,CASE_INITIATION_TO_MILESTONE,461,False
CAS_CLEAN_127,SNP_CAS_CLEAN_127_CASE_INITIATION_MILESTONE_20250625,CASE_INITIATION_TO_MILESTONE,461,False
CAS_CLEAN_227,SNP_CAS_CLEAN_227_CASE_INITIATION_MILESTONE_20250625,CASE_INITIATION_TO_MILESTONE,461,False
CAS_CLEAN_240,SNP_CAS_CLEAN_240_CASE_INITIATION_MILESTONE_20250625,CASE_INITIATION_TO_MILESTONE,461,False
CAS_CLEAN_042,SNP_CAS_CLEAN_042_CASE_INITIATION_MILESTONE_20250626,CASE_INITIATION_TO_MILESTONE,460,False
CAS_CLEAN_093,SNP_CAS_CLEAN_093_CASE_INITIATION_MILESTONE_20250626,CASE_INITIATION_TO_MILESTONE,460,False
CAS_CLEAN_194,SNP_CAS_CLEAN_194_CASE_INITIATION_MILESTONE_20250627,CASE_INITIATION_TO_MILESTONE,459,False
CAS_CLEAN_195,SNP_CAS_CLEAN_195_CASE_INITIATION_MILESTONE_20250627,CASE_INITIATION_TO_MILESTONE,459,False
CAS_CLEAN_096,SNP_CAS_CLEAN_096_CASE_INITIATION_MILESTONE_20250628,CASE_INITIATION_TO_MILESTONE,458,False
CAS_CLEAN_095,SNP_CAS_CLEAN_095_CASE_INITIATION_MILESTONE_20250630,CASE_INITIATION_TO_MILESTONE,456,False
CAS_CLEAN_214,SNP_CAS_CLEAN_214_CASE_INITIATION_MILESTONE_20250630,CASE_INITIATION_TO_MILESTONE,456,False
CAS_CLEAN_223,SNP_CAS_CLEAN_223_CASE_INITIATION_MILESTONE_20250630,CASE_INITIATION_TO_MILESTONE,456,False
CAS_CLEAN_224,SNP_CAS_CLEAN_224_CASE_INITIATION_MILESTONE_20250630,CASE_INITIATION_TO_MILESTONE,456,False
CAS_CLEAN_225,SNP_CAS_CLEAN_225_CASE_INITIATION_MILESTONE_20250630,CASE_INITIATION_TO_MILESTONE,456,False
CAS_CLEAN_185,SNP_CAS_CLEAN_185_CASE_INITIATION_MILESTONE_20250702,CASE_INITIATION_TO_MILESTONE,454,False
CAS_CLEAN_201,SNP_CAS_CLEAN_201_CASE_INITIATION_MILESTONE_20250703,CASE_INITIATION_TO_MILESTONE,453,False
CAS_CLEAN_238,SNP_CAS_CLEAN_238_CASE_INITIATION_MILESTONE_20250703,CASE_INITIATION_TO_MILESTONE,453,False
CAS_CLEAN_071,SNP_CAS_CLEAN_071_CASE_INITIATION_MILESTONE_20250708,CASE_INITIATION_TO_MILESTONE,448,False
CAS_CLEAN_020,SNP_CAS_CLEAN_020_CASE_INITIATION_MILESTONE_20250710,CASE_INITIATION_TO_MILESTONE,446,False
CAS_CLEAN_009,SNP_CAS_CLEAN_009_CASE_INITIATION_MILESTONE_20250713,CASE_INITIATION_TO_MILESTONE,443,False
CAS_CLEAN_064,SNP_CAS_CLEAN_064_CASE_INITIATION_MILESTONE_20250713,CASE_INITIATION_TO_MILESTONE,443,False
CAS_CLEAN_120,SNP_CAS_CLEAN_120_CASE_INITIATION_MILESTONE_20250713,CASE_INITIATION_TO_MILESTONE,443,False
CAS_CLEAN_149,SNP_CAS_CLEAN_149_CASE_INITIATION_MILESTONE_20250714,CASE_INITIATION_TO_MILESTONE,442,False
CAS_CLEAN_156,SNP_CAS_CLEAN_156_CASE_INITIATION_MILESTONE_20250714,CASE_INITIATION_TO_MILESTONE,442,False
CAS_CLEAN_042,SNP_CAS_CLEAN_042_CASE_INITIATION_MILESTONE_20250716,CASE_INITIATION_TO_MILESTONE,440,False
CAS_CLEAN_092,SNP_CAS_CLEAN_092_CASE_INITIATION_MILESTONE_20250716,CASE_INITIATION_TO_MILESTONE,440,False
CAS_CLEAN_197,SNP_CAS_CLEAN_197_CASE_INITIATION_MILESTONE_20250716,CASE_INITIATION_TO_MILESTONE,440,False
CAS_CLEAN_191,SNP_CAS_CLEAN_191_CASE_INITIATION_MILESTONE_20250717,CASE_INITIATION_TO_MILESTONE,439,False
CAS_CLEAN_198,SNP_CAS_CLEAN_198_CASE_INITIATION_MILESTONE_20250720,CASE_INITIATION_TO_MILESTONE,436,False
CAS_CLEAN_199,SNP_CAS_CLEAN_199_CASE_INITIATION_MILESTONE_20250720,CASE_INITIATION_TO_MILESTONE,436,False
CAS_CLEAN_200,SNP_CAS_CLEAN_200_CASE_INITIATION_MILESTONE_20250720,CASE_INITIATION_TO_MILESTONE,436,False
CAS_CLEAN_264,SNP_CAS_CLEAN_264_CASE_INITIATION_MILESTONE_20250720,CASE_INITIATION_TO_MILESTONE,436,False
CAS_CLEAN_054,SNP_CAS_CLEAN_054_CASE_INITIATION_MILESTONE_20250721,CASE_INITIATION_TO_MILESTONE,435,False
CAS_CLEAN_237,SNP_CAS_CLEAN_237_CASE_INITIATION_MILESTONE_20250721,CASE_INITIATION_TO_MILESTONE,435,False
CAS_CLEAN_251,SNP_CAS_CLEAN_251_CASE_INITIATION_MILESTONE_20250721,CASE_INITIATION_TO_MILESTONE,435,False
CAS_CLEAN_057,SNP_CAS_CLEAN_057_CASE_INITIATION_MILESTONE_20250722,CASE_INITIATION_TO_MILESTONE,434,False
CAS_CLEAN_112,SNP_CAS_CLEAN_112_CASE_INITIATION_MILESTONE_20250722,CASE_INITIATION_TO_MILESTONE,434,False
CAS_CLEAN_222,SNP_CAS_CLEAN_222_CASE_INITIATION_MILESTONE_20250727,CASE_INITIATION_TO_MILESTONE,429,False
CAS_CLEAN_032,SNP_CAS_CLEAN_032_CASE_INITIATION_MILESTONE_20250729,CASE_INITIATION_TO_MILESTONE,427,False
CAS_CLEAN_025,SNP_CAS_CLEAN_025_CASE_INITIATION_MILESTONE_20250801,CASE_INITIATION_TO_MILESTONE,424,False
CAS_CLEAN_026,SNP_CAS_CLEAN_026_CASE_INITIATION_MILESTONE_20250801,CASE_INITIATION_TO_MILESTONE,424,False
CAS_CLEAN_065,SNP_CAS_CLEAN_065_CASE_INITIATION_MILESTONE_20250801,CASE_INITIATION_TO_MILESTONE,424,False
CAS_CLEAN_078,SNP_CAS_CLEAN_078_CASE_INITIATION_MILESTONE_20250801,CASE_INITIATION_TO_MILESTONE,424,False
CAS_CLEAN_103,SNP_CAS_CLEAN_103_CASE_INITIATION_MILESTONE_20250801,CASE_INITIATION_TO_MILESTONE,424,False
CAS_CLEAN_121,SNP_CAS_CLEAN_121_CASE_INITIATION_MILESTONE_20250801,CASE_INITIATION_TO_MILESTONE,424,False
CAS_CLEAN_097,SNP_CAS_CLEAN_097_CASE_INITIATION_MILESTONE_20250803,CASE_INITIATION_TO_MILESTONE,422,False
CAS_CLEAN_190,SNP_CAS_CLEAN_190_CASE_INITIATION_MILESTONE_20250804,CASE_INITIATION_TO_MILESTONE,421,False
CAS_CLEAN_094,SNP_CAS_CLEAN_094_CASE_INITIATION_MILESTONE_20250806,CASE_INITIATION_TO_MILESTONE,419,False
CAS_CLEAN_140,SNP_CAS_CLEAN_140_CASE_INITIATION_MILESTONE_20250808,CASE_INITIATION_TO_MILESTONE,417,False
CAS_CLEAN_216,SNP_CAS_CLEAN_216_CASE_INITIATION_MILESTONE_20250812,CASE_INITIATION_TO_MILESTONE,413,False
CAS_CLEAN_218,SNP_CAS_CLEAN_218_CASE_INITIATION_MILESTONE_20250812,CASE_INITIATION_TO_MILESTONE,413,False
CAS_CLEAN_219,SNP_CAS_CLEAN_219_CASE_INITIATION_MILESTONE_20250812,CASE_INITIATION_TO_MILESTONE,413,False
CAS_CLEAN_221,SNP_CAS_CLEAN_221_CASE_INITIATION_MILESTONE_20250812,CASE_INITIATION_TO_MILESTONE,413,False
CAS_CLEAN_016,SNP_CAS_CLEAN_016_CASE_INITIATION_MILESTONE_20250813,CASE_INITIATION_TO_MILESTONE,412,False
CAS_CLEAN_061,SNP_CAS_CLEAN_061_CASE_INITIATION_MILESTONE_20250814,CASE_INITIATION_TO_MILESTONE,411,False
CAS_CLEAN_234,SNP_CAS_CLEAN_234_CASE_INITIATION_MILESTONE_20250819,CASE_INITIATION_TO_MILESTONE,406,False
CAS_CLEAN_099,SNP_CAS_CLEAN_099_CASE_INITIATION_MILESTONE_20250822,CASE_INITIATION_TO_MILESTONE,403,False
CAS_CLEAN_128,SNP_CAS_CLEAN_128_CASE_INITIATION_MILESTONE_20250822,CASE_INITIATION_TO_MILESTONE,403,False
CAS_CLEAN_100,SNP_CAS_CLEAN_100_CASE_INITIATION_MILESTONE_20250824,CASE_INITIATION_TO_MILESTONE,401,False
CAS_CLEAN_024,SNP_CAS_CLEAN_024_CASE_INITIATION_MILESTONE_20250826,CASE_INITIATION_TO_MILESTONE,399,False
CAS_CLEAN_203,SNP_CAS_CLEAN_203_CASE_INITIATION_MILESTONE_20250826,CASE_INITIATION_TO_MILESTONE,399,False
CAS_CLEAN_204,SNP_CAS_CLEAN_204_CASE_INITIATION_MILESTONE_20250826,CASE_INITIATION_TO_MILESTONE,399,False
CAS_CLEAN_205,SNP_CAS_CLEAN_205_CASE_INITIATION_MILESTONE_20250826,CASE_INITIATION_TO_MILESTONE,399,False
CAS_CLEAN_206,SNP_CAS_CLEAN_206_CASE_INITIATION_MILESTONE_20250826,CASE_INITIATION_TO_MILESTONE,399,False
CAS_CLEAN_033,SNP_CAS_CLEAN_033_CASE_INITIATION_MILESTONE_20250828,CASE_INITIATION_TO_MILESTONE,397,False
CAS_CLEAN_211,SNP_CAS_CLEAN_211_CASE_INITIATION_MILESTONE_20250828,CASE_INITIATION_TO_MILESTONE,397,False
CAS_CLEAN_148,SNP_CAS_CLEAN_148_CASE_INITIATION_MILESTONE_20250829,CASE_INITIATION_TO_MILESTONE,396,False
CAS_CLEAN_023,SNP_CAS_CLEAN_023_CASE_INITIATION_MILESTONE_20250903,CASE_INITIATION_TO_MILESTONE,391,False
CAS_CLEAN_189,SNP_CAS_CLEAN_189_CASE_INITIATION_MILESTONE_20250903,CASE_INITIATION_TO_MILESTONE,391,False
CAS_CLEAN_193,SNP_CAS_CLEAN_193_CASE_INITIATION_MILESTONE_20250904,CASE_INITIATION_TO_MILESTONE,390,False
CAS_CLEAN_196,SNP_CAS_CLEAN_196_CASE_INITIATION_MILESTONE_20250904,CASE_INITIATION_TO_MILESTONE,390,False
CAS_CLEAN_005,SNP_CAS_CLEAN_005_CASE_INITIATION_MILESTONE_20250906,CASE_INITIATION_TO_MILESTONE,388,False
CAS_CLEAN_079,SNP_CAS_CLEAN_079_CASE_INITIATION_MILESTONE_20250906,CASE_INITIATION_TO_MILESTONE,388,False
CAS_CLEAN_145,SNP_CAS_CLEAN_145_CASE_INITIATION_MILESTONE_20250906,CASE_INITIATION_TO_MILESTONE,388,False
CAS_CLEAN_212,SNP_CAS_CLEAN_212_CASE_INITIATION_MILESTONE_20250906,CASE_INITIATION_TO_MILESTONE,388,False
CAS_CLEAN_213,SNP_CAS_CLEAN_213_CASE_INITIATION_MILESTONE_20250906,CASE_INITIATION_TO_MILESTONE,388,False
CAS_CLEAN_215,SNP_CAS_CLEAN_215_CASE_INITIATION_MILESTONE_20250907,CASE_INITIATION_TO_MILESTONE,387,False
CAS_CLEAN_091,SNP_CAS_CLEAN_091_CASE_INITIATION_MILESTONE_20250908,CASE_INITIATION_TO_MILESTONE,386,False
CAS_CLEAN_207,SNP_CAS_CLEAN_207_CASE_INITIATION_MILESTONE_20250909,CASE_INITIATION_TO_MILESTONE,385,False
CAS_CLEAN_208,SNP_CAS_CLEAN_208_CASE_INITIATION_MILESTONE_20250909,CASE_INITIATION_TO_MILESTONE,385,False
CAS_CLEAN_209,SNP_CAS_CLEAN_209_CASE_INITIATION_MILESTONE_20250909,CASE_INITIATION_TO_MILESTONE,385,False
CAS_CLEAN_245,SNP_CAS_CLEAN_245_CASE_INITIATION_MILESTONE_20250910,CASE_INITIATION_TO_MILESTONE,384,False
CAS_CLEAN_258,SNP_CAS_CLEAN_258_CASE_INITIATION_MILESTONE_20250913,CASE_INITIATION_TO_MILESTONE,381,False
CAS_CLEAN_210,SNP_CAS_CLEAN_210_CASE_INITIATION_MILESTONE_20250916,CASE_INITIATION_TO_MILESTONE,378,False
CAS_CLEAN_244,SNP_CAS_CLEAN_244_CASE_INITIATION_MILESTONE_20250917,CASE_INITIATION_TO_MILESTONE,377,False
CAS_CLEAN_045,SNP_CAS_CLEAN_045_CASE_INITIATION_MILESTONE_20250919,CASE_INITIATION_TO_MILESTONE,87,True
CAS_CLEAN_076,SNP_CAS_CLEAN_076_CASE_INITIATION_MILESTONE_20250919,CASE_INITIATION_TO_MILESTONE,87,True
CAS_CLEAN_114,SNP_CAS_CLEAN_114_CASE_INITIATION_MILESTONE_20250919,CASE_INITIATION_TO_MILESTONE,87,True
CAS_CLEAN_133,SNP_CAS_CLEAN_133_CASE_INITIATION_MILESTONE_20250919,CASE_INITIATION_TO_MILESTONE,375,False
CAS_CLEAN_228,SNP_CAS_CLEAN_228_CASE_INITIATION_MILESTONE_20250919,CASE_INITIATION_TO_MILESTONE,375,False
CAS_CLEAN_229,SNP_CAS_CLEAN_229_CASE_INITIATION_MILESTONE_20250919,CASE_INITIATION_TO_MILESTONE,375,False
CAS_CLEAN_230,SNP_CAS_CLEAN_230_CASE_INITIATION_MILESTONE_20250919,CASE_INITIATION_TO_MILESTONE,375,False
CAS_CLEAN_231,SNP_CAS_CLEAN_231_CASE_INITIATION_MILESTONE_20250919,CASE_INITIATION_TO_MILESTONE,375,False
CAS_CLEAN_232,SNP_CAS_CLEAN_232_CASE_INITIATION_MILESTONE_20250919,CASE_INITIATION_TO_MILESTONE,375,False
CAS_CLEAN_242,SNP_CAS_CLEAN_242_CASE_INITIATION_MILESTONE_20250919,CASE_INITIATION_TO_MILESTONE,375,False
CAS_CLEAN_101,SNP_CAS_CLEAN_101_CASE_INITIATION_MILESTONE_20250921,CASE_INITIATION_TO_MILESTONE,373,False
CAS_CLEAN_001,SNP_CAS_CLEAN_001_CASE_INITIATION_MILESTONE_20250923,CASE_INITIATION_TO_MILESTONE,371,False
CAS_CLEAN_227,SNP_CAS_CLEAN_227_CASE_INITIATION_MILESTONE_20250923,CASE_INITIATION_TO_MILESTONE,371,False
CAS_CLEAN_240,SNP_CAS_CLEAN_240_CASE_INITIATION_MILESTONE_20250923,CASE_INITIATION_TO_MILESTONE,371,False
CAS_CLEAN_093,SNP_CAS_CLEAN_093_CASE_INITIATION_MILESTONE_20250924,CASE_INITIATION_TO_MILESTONE,370,False
CAS_CLEAN_194,SNP_CAS_CLEAN_194_CASE_INITIATION_MILESTONE_20250925,CASE_INITIATION_TO_MILESTONE,369,False
CAS_CLEAN_195,SNP_CAS_CLEAN_195_CASE_INITIATION_MILESTONE_20250925,CASE_INITIATION_TO_MILESTONE,369,False
CAS_CLEAN_243,SNP_CAS_CLEAN_243_CASE_INITIATION_MILESTONE_20250925,CASE_INITIATION_TO_MILESTONE,369,False
CAS_CLEAN_015,SNP_CAS_CLEAN_015_CASE_INITIATION_MILESTONE_20250926,CASE_INITIATION_TO_MILESTONE,80,True
CAS_CLEAN_095,SNP_CAS_CLEAN_095_CASE_INITIATION_MILESTONE_20250928,CASE_INITIATION_TO_MILESTONE,366,False
CAS_CLEAN_214,SNP_CAS_CLEAN_214_CASE_INITIATION_MILESTONE_20250928,CASE_INITIATION_TO_MILESTONE,366,False
CAS_CLEAN_223,SNP_CAS_CLEAN_223_CASE_INITIATION_MILESTONE_20250928,CASE_INITIATION_TO_MILESTONE,366,False
CAS_CLEAN_224,SNP_CAS_CLEAN_224_CASE_INITIATION_MILESTONE_20250928,CASE_INITIATION_TO_MILESTONE,366,False
CAS_CLEAN_225,SNP_CAS_CLEAN_225_CASE_INITIATION_MILESTONE_20250928,CASE_INITIATION_TO_MILESTONE,366,False
CAS_CLEAN_006,SNP_CAS_CLEAN_006_CASE_INITIATION_MILESTONE_20250929,CASE_INITIATION_TO_MILESTONE,60,True
CAS_CLEAN_014,SNP_CAS_CLEAN_014_CASE_INITIATION_MILESTONE_20250929,CASE_INITIATION_TO_MILESTONE,60,True
CAS_CLEAN_019,SNP_CAS_CLEAN_019_CASE_INITIATION_MILESTONE_20250929,CASE_INITIATION_TO_MILESTONE,60,True
CAS_CLEAN_060,SNP_CAS_CLEAN_060_CASE_INITIATION_MILESTONE_20250929,CASE_INITIATION_TO_MILESTONE,60,True
CAS_CLEAN_080,SNP_CAS_CLEAN_080_CASE_INITIATION_MILESTONE_20250929,CASE_INITIATION_TO_MILESTONE,60,True
CAS_CLEAN_129,SNP_CAS_CLEAN_129_CASE_INITIATION_MILESTONE_20250929,CASE_INITIATION_TO_MILESTONE,60,True
CAS_CLEAN_146,SNP_CAS_CLEAN_146_CASE_INITIATION_MILESTONE_20250929,CASE_INITIATION_TO_MILESTONE,60,True
CAS_CLEAN_147,SNP_CAS_CLEAN_147_CASE_INITIATION_MILESTONE_20250929,CASE_INITIATION_TO_MILESTONE,60,True
CAS_CLEAN_003,SNP_CAS_CLEAN_003_CASE_INITIATION_MILESTONE_20250930,CASE_INITIATION_TO_MILESTONE,59,True
CAS_CLEAN_124,SNP_CAS_CLEAN_124_CASE_INITIATION_MILESTONE_20250930,CASE_INITIATION_TO_MILESTONE,181,True
CAS_CLEAN_185,SNP_CAS_CLEAN_185_CASE_INITIATION_MILESTONE_20250930,CASE_INITIATION_TO_MILESTONE,364,False
CAS_CLEAN_096,SNP_CAS_CLEAN_096_CASE_INITIATION_MILESTONE_20251001,CASE_INITIATION_TO_MILESTONE,363,False
CAS_CLEAN_201,SNP_CAS_CLEAN_201_CASE_INITIATION_MILESTONE_20251001,CASE_INITIATION_TO_MILESTONE,363,False
CAS_CLEAN_238,SNP_CAS_CLEAN_238_CASE_INITIATION_MILESTONE_20251001,CASE_INITIATION_TO_MILESTONE,363,False
CAS_CLEAN_009,SNP_CAS_CLEAN_009_CASE_INITIATION_MILESTONE_20251011,CASE_INITIATION_TO_MILESTONE,353,False
CAS_CLEAN_064,SNP_CAS_CLEAN_064_CASE_INITIATION_MILESTONE_20251011,CASE_INITIATION_TO_MILESTONE,353,False
CAS_CLEAN_071,SNP_CAS_CLEAN_071_CASE_INITIATION_MILESTONE_20251011,CASE_INITIATION_TO_MILESTONE,353,False
CAS_CLEAN_120,SNP_CAS_CLEAN_120_CASE_INITIATION_MILESTONE_20251011,CASE_INITIATION_TO_MILESTONE,353,False
CAS_CLEAN_149,SNP_CAS_CLEAN_149_CASE_INITIATION_MILESTONE_20251012,CASE_INITIATION_TO_MILESTONE,352,False
CAS_CLEAN_156,SNP_CAS_CLEAN_156_CASE_INITIATION_MILESTONE_20251012,CASE_INITIATION_TO_MILESTONE,352,False
CAS_CLEAN_042,SNP_CAS_CLEAN_042_CASE_INITIATION_MILESTONE_20251014,CASE_INITIATION_TO_MILESTONE,350,False
CAS_CLEAN_092,SNP_CAS_CLEAN_092_CASE_INITIATION_MILESTONE_20251014,CASE_INITIATION_TO_MILESTONE,350,False
CAS_CLEAN_197,SNP_CAS_CLEAN_197_CASE_INITIATION_MILESTONE_20251014,CASE_INITIATION_TO_MILESTONE,350,False
CAS_CLEAN_191,SNP_CAS_CLEAN_191_CASE_INITIATION_MILESTONE_20251015,CASE_INITIATION_TO_MILESTONE,349,False
CAS_CLEAN_198,SNP_CAS_CLEAN_198_CASE_INITIATION_MILESTONE_20251018,CASE_INITIATION_TO_MILESTONE,346,False
CAS_CLEAN_199,SNP_CAS_CLEAN_199_CASE_INITIATION_MILESTONE_20251018,CASE_INITIATION_TO_MILESTONE,346,False
CAS_CLEAN_200,SNP_CAS_CLEAN_200_CASE_INITIATION_MILESTONE_20251018,CASE_INITIATION_TO_MILESTONE,346,False
CAS_CLEAN_264,SNP_CAS_CLEAN_264_CASE_INITIATION_MILESTONE_20251018,CASE_INITIATION_TO_MILESTONE,346,False
CAS_CLEAN_054,SNP_CAS_CLEAN_054_CASE_INITIATION_MILESTONE_20251019,CASE_INITIATION_TO_MILESTONE,345,False
CAS_CLEAN_237,SNP_CAS_CLEAN_237_CASE_INITIATION_MILESTONE_20251019,CASE_INITIATION_TO_MILESTONE,345,False
CAS_CLEAN_251,SNP_CAS_CLEAN_251_CASE_INITIATION_MILESTONE_20251019,CASE_INITIATION_TO_MILESTONE,345,False
CAS_CLEAN_057,SNP_CAS_CLEAN_057_CASE_INITIATION_MILESTONE_20251020,CASE_INITIATION_TO_MILESTONE,344,False
CAS_CLEAN_112,SNP_CAS_CLEAN_112_CASE_INITIATION_MILESTONE_20251020,CASE_INITIATION_TO_MILESTONE,344,False
CAS_CLEAN_222,SNP_CAS_CLEAN_222_CASE_INITIATION_MILESTONE_20251025,CASE_INITIATION_TO_MILESTONE,339,False
CAS_CLEAN_025,SNP_CAS_CLEAN_025_CASE_INITIATION_MILESTONE_20251030,CASE_INITIATION_TO_MILESTONE,334,False
CAS_CLEAN_026,SNP_CAS_CLEAN_026_CASE_INITIATION_MILESTONE_20251030,CASE_INITIATION_TO_MILESTONE,334,False
CAS_CLEAN_065,SNP_CAS_CLEAN_065_CASE_INITIATION_MILESTONE_20251030,CASE_INITIATION_TO_MILESTONE,334,False
CAS_CLEAN_078,SNP_CAS_CLEAN_078_CASE_INITIATION_MILESTONE_20251030,CASE_INITIATION_TO_MILESTONE,334,False
CAS_CLEAN_103,SNP_CAS_CLEAN_103_CASE_INITIATION_MILESTONE_20251030,CASE_INITIATION_TO_MILESTONE,334,False
CAS_CLEAN_121,SNP_CAS_CLEAN_121_CASE_INITIATION_MILESTONE_20251030,CASE_INITIATION_TO_MILESTONE,334,False
CAS_CLEAN_097,SNP_CAS_CLEAN_097_CASE_INITIATION_MILESTONE_20251101,CASE_INITIATION_TO_MILESTONE,332,False
CAS_CLEAN_190,SNP_CAS_CLEAN_190_CASE_INITIATION_MILESTONE_20251102,CASE_INITIATION_TO_MILESTONE,331,False
CAS_CLEAN_216,SNP_CAS_CLEAN_216_CASE_INITIATION_MILESTONE_20251110,CASE_INITIATION_TO_MILESTONE,323,False
CAS_CLEAN_218,SNP_CAS_CLEAN_218_CASE_INITIATION_MILESTONE_20251110,CASE_INITIATION_TO_MILESTONE,323,False
CAS_CLEAN_219,SNP_CAS_CLEAN_219_CASE_INITIATION_MILESTONE_20251110,CASE_INITIATION_TO_MILESTONE,323,False
CAS_CLEAN_221,SNP_CAS_CLEAN_221_CASE_INITIATION_MILESTONE_20251110,CASE_INITIATION_TO_MILESTONE,323,False
CAS_CLEAN_016,SNP_CAS_CLEAN_016_CASE_INITIATION_MILESTONE_20251111,CASE_INITIATION_TO_MILESTONE,322,False
CAS_CLEAN_234,SNP_CAS_CLEAN_234_CASE_INITIATION_MILESTONE_20251117,CASE_INITIATION_TO_MILESTONE,316,False
CAS_CLEAN_100,SNP_CAS_CLEAN_100_CASE_INITIATION_MILESTONE_20251122,CASE_INITIATION_TO_MILESTONE,311,False
CAS_CLEAN_024,SNP_CAS_CLEAN_024_CASE_INITIATION_MILESTONE_20251124,CASE_INITIATION_TO_MILESTONE,309,False
CAS_CLEAN_203,SNP_CAS_CLEAN_203_CASE_INITIATION_MILESTONE_20251124,CASE_INITIATION_TO_MILESTONE,309,False
CAS_CLEAN_204,SNP_CAS_CLEAN_204_CASE_INITIATION_MILESTONE_20251124,CASE_INITIATION_TO_MILESTONE,309,False
CAS_CLEAN_205,SNP_CAS_CLEAN_205_CASE_INITIATION_MILESTONE_20251124,CASE_INITIATION_TO_MILESTONE,309,False
CAS_CLEAN_206,SNP_CAS_CLEAN_206_CASE_INITIATION_MILESTONE_20251124,CASE_INITIATION_TO_MILESTONE,309,False
CAS_CLEAN_033,SNP_CAS_CLEAN_033_CASE_INITIATION_MILESTONE_20251126,CASE_INITIATION_TO_MILESTONE,307,False
CAS_CLEAN_211,SNP_CAS_CLEAN_211_CASE_INITIATION_MILESTONE_20251126,CASE_INITIATION_TO_MILESTONE,307,False
CAS_CLEAN_023,SNP_CAS_CLEAN_023_CASE_INITIATION_MILESTONE_20251202,CASE_INITIATION_TO_MILESTONE,301,False
CAS_CLEAN_148,SNP_CAS_CLEAN_148_CASE_INITIATION_MILESTONE_20251202,CASE_INITIATION_TO_MILESTONE,301,False
CAS_CLEAN_189,SNP_CAS_CLEAN_189_CASE_INITIATION_MILESTONE_20251202,CASE_INITIATION_TO_MILESTONE,301,False
CAS_CLEAN_193,SNP_CAS_CLEAN_193_CASE_INITIATION_MILESTONE_20251203,CASE_INITIATION_TO_MILESTONE,300,False
CAS_CLEAN_196,SNP_CAS_CLEAN_196_CASE_INITIATION_MILESTONE_20251203,CASE_INITIATION_TO_MILESTONE,300,False
CAS_CLEAN_212,SNP_CAS_CLEAN_212_CASE_INITIATION_MILESTONE_20251205,CASE_INITIATION_TO_MILESTONE,298,False
CAS_CLEAN_213,SNP_CAS_CLEAN_213_CASE_INITIATION_MILESTONE_20251205,CASE_INITIATION_TO_MILESTONE,298,False
CAS_CLEAN_215,SNP_CAS_CLEAN_215_CASE_INITIATION_MILESTONE_20251206,CASE_INITIATION_TO_MILESTONE,297,False
CAS_CLEAN_207,SNP_CAS_CLEAN_207_CASE_INITIATION_MILESTONE_20251208,CASE_INITIATION_TO_MILESTONE,295,False
CAS_CLEAN_208,SNP_CAS_CLEAN_208_CASE_INITIATION_MILESTONE_20251208,CASE_INITIATION_TO_MILESTONE,295,False
CAS_CLEAN_209,SNP_CAS_CLEAN_209_CASE_INITIATION_MILESTONE_20251208,CASE_INITIATION_TO_MILESTONE,295,False
CAS_CLEAN_245,SNP_CAS_CLEAN_245_CASE_INITIATION_MILESTONE_20251209,CASE_INITIATION_TO_MILESTONE,294,False
CAS_CLEAN_005,SNP_CAS_CLEAN_005_CASE_INITIATION_MILESTONE_20251210,CASE_INITIATION_TO_MILESTONE,293,False
CAS_CLEAN_079,SNP_CAS_CLEAN_079_CASE_INITIATION_MILESTONE_20251210,CASE_INITIATION_TO_MILESTONE,293,False
CAS_CLEAN_145,SNP_CAS_CLEAN_145_CASE_INITIATION_MILESTONE_20251210,CASE_INITIATION_TO_MILESTONE,293,False
CAS_CLEAN_091,SNP_CAS_CLEAN_091_CASE_INITIATION_MILESTONE_20251212,CASE_INITIATION_TO_MILESTONE,291,False
CAS_CLEAN_258,SNP_CAS_CLEAN_258_CASE_INITIATION_MILESTONE_20251212,CASE_INITIATION_TO_MILESTONE,291,False
CAS_CLEAN_259,SNP_CAS_CLEAN_259_CASE_INITIATION_MILESTONE_20251212,CASE_INITIATION_TO_MILESTONE,291,False
CAS_CLEAN_210,SNP_CAS_CLEAN_210_CASE_INITIATION_MILESTONE_20251215,CASE_INITIATION_TO_MILESTONE,288,False
CAS_CLEAN_244,SNP_CAS_CLEAN_244_CASE_INITIATION_MILESTONE_20251216,CASE_INITIATION_TO_MILESTONE,287,False
CAS_CLEAN_133,SNP_CAS_CLEAN_133_CASE_INITIATION_MILESTONE_20251218,CASE_INITIATION_TO_MILESTONE,285,False
CAS_CLEAN_101,SNP_CAS_CLEAN_101_CASE_INITIATION_MILESTONE_20251220,CASE_INITIATION_TO_MILESTONE,283,False
CAS_CLEAN_093,SNP_CAS_CLEAN_093_CASE_INITIATION_MILESTONE_20251223,CASE_INITIATION_TO_MILESTONE,280,False
CAS_CLEAN_228,SNP_CAS_CLEAN_228_CASE_INITIATION_MILESTONE_20251223,CASE_INITIATION_TO_MILESTONE,280,False
CAS_CLEAN_229,SNP_CAS_CLEAN_229_CASE_INITIATION_MILESTONE_20251223,CASE_INITIATION_TO_MILESTONE,280,False
CAS_CLEAN_230,SNP_CAS_CLEAN_230_CASE_INITIATION_MILESTONE_20251223,CASE_INITIATION_TO_MILESTONE,280,False
CAS_CLEAN_231,SNP_CAS_CLEAN_231_CASE_INITIATION_MILESTONE_20251223,CASE_INITIATION_TO_MILESTONE,280,False
CAS_CLEAN_232,SNP_CAS_CLEAN_232_CASE_INITIATION_MILESTONE_20251223,CASE_INITIATION_TO_MILESTONE,280,False
CAS_CLEAN_242,SNP_CAS_CLEAN_242_CASE_INITIATION_MILESTONE_20251223,CASE_INITIATION_TO_MILESTONE,280,False
CAS_CLEAN_194,SNP_CAS_CLEAN_194_CASE_INITIATION_MILESTONE_20251224,CASE_INITIATION_TO_MILESTONE,279,False
CAS_CLEAN_195,SNP_CAS_CLEAN_195_CASE_INITIATION_MILESTONE_20251224,CASE_INITIATION_TO_MILESTONE,279,False
CAS_CLEAN_243,SNP_CAS_CLEAN_243_CASE_INITIATION_MILESTONE_20251224,CASE_INITIATION_TO_MILESTONE,279,False
CAS_CLEAN_001,SNP_CAS_CLEAN_001_CASE_INITIATION_MILESTONE_20251227,CASE_INITIATION_TO_MILESTONE,276,False
CAS_CLEAN_227,SNP_CAS_CLEAN_227_CASE_INITIATION_MILESTONE_20251227,CASE_INITIATION_TO_MILESTONE,276,False
CAS_CLEAN_240,SNP_CAS_CLEAN_240_CASE_INITIATION_MILESTONE_20251227,CASE_INITIATION_TO_MILESTONE,276,False
CAS_CLEAN_124,SNP_CAS_CLEAN_124_CASE_INITIATION_MILESTONE_20251229,CASE_INITIATION_TO_MILESTONE,91,True
CAS_CLEAN_201,SNP_CAS_CLEAN_201_CASE_INITIATION_MILESTONE_20251230,CASE_INITIATION_TO_MILESTONE,273,False
CAS_CLEAN_238,SNP_CAS_CLEAN_238_CASE_INITIATION_MILESTONE_20251230,CASE_INITIATION_TO_MILESTONE,273,False
CAS_CLEAN_095,SNP_CAS_CLEAN_095_CASE_INITIATION_MILESTONE_20260101,CASE_INITIATION_TO_MILESTONE,271,False
CAS_CLEAN_214,SNP_CAS_CLEAN_214_CASE_INITIATION_MILESTONE_20260101,CASE_INITIATION_TO_MILESTONE,271,False
CAS_CLEAN_223,SNP_CAS_CLEAN_223_CASE_INITIATION_MILESTONE_20260101,CASE_INITIATION_TO_MILESTONE,271,False
CAS_CLEAN_224,SNP_CAS_CLEAN_224_CASE_INITIATION_MILESTONE_20260101,CASE_INITIATION_TO_MILESTONE,271,False
CAS_CLEAN_225,SNP_CAS_CLEAN_225_CASE_INITIATION_MILESTONE_20260101,CASE_INITIATION_TO_MILESTONE,271,False
CAS_CLEAN_185,SNP_CAS_CLEAN_185_CASE_INITIATION_MILESTONE_20260103,CASE_INITIATION_TO_MILESTONE,269,False
CAS_CLEAN_052,SNP_CAS_CLEAN_052_CASE_INITIATION_MILESTONE_20260109,CASE_INITIATION_TO_MILESTONE,263,False
CAS_CLEAN_042,SNP_CAS_CLEAN_042_CASE_INITIATION_MILESTONE_20260112,CASE_INITIATION_TO_MILESTONE,260,False
CAS_CLEAN_092,SNP_CAS_CLEAN_092_CASE_INITIATION_MILESTONE_20260112,CASE_INITIATION_TO_MILESTONE,260,False
CAS_CLEAN_197,SNP_CAS_CLEAN_197_CASE_INITIATION_MILESTONE_20260112,CASE_INITIATION_TO_MILESTONE,260,False
CAS_CLEAN_191,SNP_CAS_CLEAN_191_CASE_INITIATION_MILESTONE_20260113,CASE_INITIATION_TO_MILESTONE,259,False
CAS_CLEAN_009,SNP_CAS_CLEAN_009_CASE_INITIATION_MILESTONE_20260114,CASE_INITIATION_TO_MILESTONE,258,False
CAS_CLEAN_064,SNP_CAS_CLEAN_064_CASE_INITIATION_MILESTONE_20260114,CASE_INITIATION_TO_MILESTONE,258,False
CAS_CLEAN_120,SNP_CAS_CLEAN_120_CASE_INITIATION_MILESTONE_20260114,CASE_INITIATION_TO_MILESTONE,258,False
CAS_CLEAN_149,SNP_CAS_CLEAN_149_CASE_INITIATION_MILESTONE_20260115,CASE_INITIATION_TO_MILESTONE,257,False
CAS_CLEAN_156,SNP_CAS_CLEAN_156_CASE_INITIATION_MILESTONE_20260115,CASE_INITIATION_TO_MILESTONE,257,False
CAS_CLEAN_198,SNP_CAS_CLEAN_198_CASE_INITIATION_MILESTONE_20260116,CASE_INITIATION_TO_MILESTONE,256,False
CAS_CLEAN_199,SNP_CAS_CLEAN_199_CASE_INITIATION_MILESTONE_20260116,CASE_INITIATION_TO_MILESTONE,256,False
CAS_CLEAN_200,SNP_CAS_CLEAN_200_CASE_INITIATION_MILESTONE_20260116,CASE_INITIATION_TO_MILESTONE,256,False
CAS_CLEAN_264,SNP_CAS_CLEAN_264_CASE_INITIATION_MILESTONE_20260116,CASE_INITIATION_TO_MILESTONE,256,False
CAS_CLEAN_237,SNP_CAS_CLEAN_237_CASE_INITIATION_MILESTONE_20260117,CASE_INITIATION_TO_MILESTONE,255,False
CAS_CLEAN_251,SNP_CAS_CLEAN_251_CASE_INITIATION_MILESTONE_20260117,CASE_INITIATION_TO_MILESTONE,255,False
CAS_CLEAN_113,SNP_CAS_CLEAN_113_CASE_INITIATION_MILESTONE_20260119,CASE_INITIATION_TO_MILESTONE,253,False
CAS_CLEAN_133,SNP_CAS_CLEAN_133_CASE_INITIATION_MILESTONE_20260119,CASE_INITIATION_TO_MILESTONE,253,False
CAS_CLEAN_054,SNP_CAS_CLEAN_054_CASE_INITIATION_MILESTONE_20260122,CASE_INITIATION_TO_MILESTONE,250,False
CAS_CLEAN_057,SNP_CAS_CLEAN_057_CASE_INITIATION_MILESTONE_20260123,CASE_INITIATION_TO_MILESTONE,249,False
CAS_CLEAN_112,SNP_CAS_CLEAN_112_CASE_INITIATION_MILESTONE_20260123,CASE_INITIATION_TO_MILESTONE,249,False
CAS_CLEAN_025,SNP_CAS_CLEAN_025_CASE_INITIATION_MILESTONE_20260128,CASE_INITIATION_TO_MILESTONE,244,False
CAS_CLEAN_026,SNP_CAS_CLEAN_026_CASE_INITIATION_MILESTONE_20260128,CASE_INITIATION_TO_MILESTONE,244,False
CAS_CLEAN_065,SNP_CAS_CLEAN_065_CASE_INITIATION_MILESTONE_20260128,CASE_INITIATION_TO_MILESTONE,244,False
CAS_CLEAN_078,SNP_CAS_CLEAN_078_CASE_INITIATION_MILESTONE_20260128,CASE_INITIATION_TO_MILESTONE,244,False
CAS_CLEAN_103,SNP_CAS_CLEAN_103_CASE_INITIATION_MILESTONE_20260128,CASE_INITIATION_TO_MILESTONE,244,False
CAS_CLEAN_121,SNP_CAS_CLEAN_121_CASE_INITIATION_MILESTONE_20260128,CASE_INITIATION_TO_MILESTONE,244,False
CAS_CLEAN_222,SNP_CAS_CLEAN_222_CASE_INITIATION_MILESTONE_20260128,CASE_INITIATION_TO_MILESTONE,244,False
CAS_CLEAN_087,SNP_CAS_CLEAN_087_CASE_INITIATION_MILESTONE_20260130,CASE_INITIATION_TO_MILESTONE,242,False
CAS_CLEAN_097,SNP_CAS_CLEAN_097_CASE_INITIATION_MILESTONE_20260130,CASE_INITIATION_TO_MILESTONE,242,False
CAS_CLEAN_190,SNP_CAS_CLEAN_190_CASE_INITIATION_MILESTONE_20260131,CASE_INITIATION_TO_MILESTONE,241,False
CAS_CLEAN_182,SNP_CAS_CLEAN_182_CASE_INITIATION_MILESTONE_20260205,CASE_INITIATION_TO_MILESTONE,236,False
CAS_CLEAN_216,SNP_CAS_CLEAN_216_CASE_INITIATION_MILESTONE_20260213,CASE_INITIATION_TO_MILESTONE,228,False
CAS_CLEAN_218,SNP_CAS_CLEAN_218_CASE_INITIATION_MILESTONE_20260213,CASE_INITIATION_TO_MILESTONE,228,False
CAS_CLEAN_219,SNP_CAS_CLEAN_219_CASE_INITIATION_MILESTONE_20260213,CASE_INITIATION_TO_MILESTONE,228,False
CAS_CLEAN_221,SNP_CAS_CLEAN_221_CASE_INITIATION_MILESTONE_20260213,CASE_INITIATION_TO_MILESTONE,228,False
CAS_CLEAN_016,SNP_CAS_CLEAN_016_CASE_INITIATION_MILESTONE_20260214,CASE_INITIATION_TO_MILESTONE,227,False
CAS_CLEAN_234,SNP_CAS_CLEAN_234_CASE_INITIATION_MILESTONE_20260220,CASE_INITIATION_TO_MILESTONE,221,False
CAS_CLEAN_002,SNP_CAS_CLEAN_002_CASE_INITIATION_MILESTONE_20260221,CASE_INITIATION_TO_MILESTONE,220,False
CAS_CLEAN_024,SNP_CAS_CLEAN_024_CASE_INITIATION_MILESTONE_20260222,CASE_INITIATION_TO_MILESTONE,219,False
CAS_CLEAN_033,SNP_CAS_CLEAN_033_CASE_INITIATION_MILESTONE_20260224,CASE_INITIATION_TO_MILESTONE,217,False
CAS_CLEAN_100,SNP_CAS_CLEAN_100_CASE_INITIATION_MILESTONE_20260225,CASE_INITIATION_TO_MILESTONE,216,False
CAS_CLEAN_029,SNP_CAS_CLEAN_029_CASE_INITIATION_MILESTONE_20260226,CASE_INITIATION_TO_MILESTONE,215,False
CAS_CLEAN_203,SNP_CAS_CLEAN_203_CASE_INITIATION_MILESTONE_20260227,CASE_INITIATION_TO_MILESTONE,214,False
CAS_CLEAN_204,SNP_CAS_CLEAN_204_CASE_INITIATION_MILESTONE_20260227,CASE_INITIATION_TO_MILESTONE,214,False
CAS_CLEAN_205,SNP_CAS_CLEAN_205_CASE_INITIATION_MILESTONE_20260227,CASE_INITIATION_TO_MILESTONE,214,False
CAS_CLEAN_206,SNP_CAS_CLEAN_206_CASE_INITIATION_MILESTONE_20260227,CASE_INITIATION_TO_MILESTONE,214,False
CAS_CLEAN_211,SNP_CAS_CLEAN_211_CASE_INITIATION_MILESTONE_20260301,CASE_INITIATION_TO_MILESTONE,212,False
CAS_CLEAN_023,SNP_CAS_CLEAN_023_CASE_INITIATION_MILESTONE_20260302,CASE_INITIATION_TO_MILESTONE,211,False
CAS_CLEAN_189,SNP_CAS_CLEAN_189_CASE_INITIATION_MILESTONE_20260302,CASE_INITIATION_TO_MILESTONE,211,False
CAS_CLEAN_193,SNP_CAS_CLEAN_193_CASE_INITIATION_MILESTONE_20260303,CASE_INITIATION_TO_MILESTONE,210,False
CAS_CLEAN_196,SNP_CAS_CLEAN_196_CASE_INITIATION_MILESTONE_20260303,CASE_INITIATION_TO_MILESTONE,210,False
CAS_CLEAN_021,SNP_CAS_CLEAN_021_CASE_INITIATION_MILESTONE_20260305,CASE_INITIATION_TO_MILESTONE,208,False
CAS_CLEAN_181,SNP_CAS_CLEAN_181_CASE_INITIATION_MILESTONE_20260309,CASE_INITIATION_TO_MILESTONE,204,False
CAS_CLEAN_245,SNP_CAS_CLEAN_245_CASE_INITIATION_MILESTONE_20260309,CASE_INITIATION_TO_MILESTONE,204,False
CAS_CLEAN_212,SNP_CAS_CLEAN_212_CASE_INITIATION_MILESTONE_20260310,CASE_INITIATION_TO_MILESTONE,203,False
CAS_CLEAN_213,SNP_CAS_CLEAN_213_CASE_INITIATION_MILESTONE_20260310,CASE_INITIATION_TO_MILESTONE,203,False
CAS_CLEAN_215,SNP_CAS_CLEAN_215_CASE_INITIATION_MILESTONE_20260311,CASE_INITIATION_TO_MILESTONE,202,False
CAS_CLEAN_259,SNP_CAS_CLEAN_259_CASE_INITIATION_MILESTONE_20260312,CASE_INITIATION_TO_MILESTONE,201,False
CAS_CLEAN_164,SNP_CAS_CLEAN_164_CASE_INITIATION_MILESTONE_20260313,CASE_INITIATION_TO_MILESTONE,200,False
CAS_CLEAN_165,SNP_CAS_CLEAN_165_CASE_INITIATION_MILESTONE_20260313,CASE_INITIATION_TO_MILESTONE,200,False
CAS_CLEAN_207,SNP_CAS_CLEAN_207_CASE_INITIATION_MILESTONE_20260313,CASE_INITIATION_TO_MILESTONE,200,False
CAS_CLEAN_208,SNP_CAS_CLEAN_208_CASE_INITIATION_MILESTONE_20260313,CASE_INITIATION_TO_MILESTONE,200,False
CAS_CLEAN_209,SNP_CAS_CLEAN_209_CASE_INITIATION_MILESTONE_20260313,CASE_INITIATION_TO_MILESTONE,200,False
CAS_CLEAN_039,SNP_CAS_CLEAN_039_CASE_INITIATION_MILESTONE_20260314,CASE_INITIATION_TO_MILESTONE,199,False
CAS_CLEAN_041,SNP_CAS_CLEAN_041_CASE_INITIATION_MILESTONE_20260314,CASE_INITIATION_TO_MILESTONE,199,False
CAS_CLEAN_136,SNP_CAS_CLEAN_136_CASE_INITIATION_MILESTONE_20260314,CASE_INITIATION_TO_MILESTONE,199,False
CAS_CLEAN_244,SNP_CAS_CLEAN_244_CASE_INITIATION_MILESTONE_20260316,CASE_INITIATION_TO_MILESTONE,197,False
CAS_CLEAN_258,SNP_CAS_CLEAN_258_CASE_INITIATION_MILESTONE_20260317,CASE_INITIATION_TO_MILESTONE,196,False
CAS_CLEAN_133,SNP_CAS_CLEAN_133_CASE_INITIATION_MILESTONE_20260318,CASE_INITIATION_TO_MILESTONE,195,False
CAS_CLEAN_101,SNP_CAS_CLEAN_101_CASE_INITIATION_MILESTONE_20260320,CASE_INITIATION_TO_MILESTONE,193,False
CAS_CLEAN_210,SNP_CAS_CLEAN_210_CASE_INITIATION_MILESTONE_20260320,CASE_INITIATION_TO_MILESTONE,193,False
CAS_CLEAN_093,SNP_CAS_CLEAN_093_CASE_INITIATION_MILESTONE_20260323,CASE_INITIATION_TO_MILESTONE,190,False
CAS_CLEAN_194,SNP_CAS_CLEAN_194_CASE_INITIATION_MILESTONE_20260324,CASE_INITIATION_TO_MILESTONE,189,False
CAS_CLEAN_195,SNP_CAS_CLEAN_195_CASE_INITIATION_MILESTONE_20260324,CASE_INITIATION_TO_MILESTONE,189,False
CAS_CLEAN_243,SNP_CAS_CLEAN_243_CASE_INITIATION_MILESTONE_20260324,CASE_INITIATION_TO_MILESTONE,189,False
CAS_CLEAN_124,SNP_CAS_CLEAN_124_CASE_INITIATION_MILESTONE_20260329,CASE_INITIATION_TO_MILESTONE,1,True
CAS_CLEAN_201,SNP_CAS_CLEAN_201_CASE_INITIATION_MILESTONE_20260404,CASE_INITIATION_TO_MILESTONE,178,False
CAS_CLEAN_238,SNP_CAS_CLEAN_238_CASE_INITIATION_MILESTONE_20260404,CASE_INITIATION_TO_MILESTONE,178,False
CAS_CLEAN_052,SNP_CAS_CLEAN_052_CASE_INITIATION_MILESTONE_20260409,CASE_INITIATION_TO_MILESTONE,173,False
CAS_CLEAN_191,SNP_CAS_CLEAN_191_CASE_INITIATION_MILESTONE_20260413,CASE_INITIATION_TO_MILESTONE,169,False
CAS_CLEAN_042,SNP_CAS_CLEAN_042_CASE_INITIATION_MILESTONE_20260417,CASE_INITIATION_TO_MILESTONE,165,False
CAS_CLEAN_092,SNP_CAS_CLEAN_092_CASE_INITIATION_MILESTONE_20260417,CASE_INITIATION_TO_MILESTONE,165,False
CAS_CLEAN_197,SNP_CAS_CLEAN_197_CASE_INITIATION_MILESTONE_20260417,CASE_INITIATION_TO_MILESTONE,165,False
CAS_CLEAN_237,SNP_CAS_CLEAN_237_CASE_INITIATION_MILESTONE_20260417,CASE_INITIATION_TO_MILESTONE,165,False
CAS_CLEAN_251,SNP_CAS_CLEAN_251_CASE_INITIATION_MILESTONE_20260417,CASE_INITIATION_TO_MILESTONE,165,False
CAS_CLEAN_113,SNP_CAS_CLEAN_113_CASE_INITIATION_MILESTONE_20260419,CASE_INITIATION_TO_MILESTONE,163,False
CAS_CLEAN_260,SNP_CAS_CLEAN_260_CASE_INITIATION_MILESTONE_20260420,CASE_INITIATION_TO_MILESTONE,162,False
CAS_CLEAN_198,SNP_CAS_CLEAN_198_CASE_INITIATION_MILESTONE_20260421,CASE_INITIATION_TO_MILESTONE,161,False
CAS_CLEAN_199,SNP_CAS_CLEAN_199_CASE_INITIATION_MILESTONE_20260421,CASE_INITIATION_TO_MILESTONE,161,False
CAS_CLEAN_200,SNP_CAS_CLEAN_200_CASE_INITIATION_MILESTONE_20260421,CASE_INITIATION_TO_MILESTONE,161,False
CAS_CLEAN_264,SNP_CAS_CLEAN_264_CASE_INITIATION_MILESTONE_20260421,CASE_INITIATION_TO_MILESTONE,161,False
CAS_CLEAN_025,SNP_CAS_CLEAN_025_CASE_INITIATION_MILESTONE_20260428,CASE_INITIATION_TO_MILESTONE,154,False
CAS_CLEAN_026,SNP_CAS_CLEAN_026_CASE_INITIATION_MILESTONE_20260428,CASE_INITIATION_TO_MILESTONE,154,False
CAS_CLEAN_027,SNP_CAS_CLEAN_027_CASE_INITIATION_MILESTONE_20260428,CASE_INITIATION_TO_MILESTONE,154,False
CAS_CLEAN_028,SNP_CAS_CLEAN_028_CASE_INITIATION_MILESTONE_20260428,CASE_INITIATION_TO_MILESTONE,154,False
CAS_CLEAN_065,SNP_CAS_CLEAN_065_CASE_INITIATION_MILESTONE_20260428,CASE_INITIATION_TO_MILESTONE,154,False
CAS_CLEAN_078,SNP_CAS_CLEAN_078_CASE_INITIATION_MILESTONE_20260428,CASE_INITIATION_TO_MILESTONE,154,False
CAS_CLEAN_103,SNP_CAS_CLEAN_103_CASE_INITIATION_MILESTONE_20260428,CASE_INITIATION_TO_MILESTONE,154,False
CAS_CLEAN_121,SNP_CAS_CLEAN_121_CASE_INITIATION_MILESTONE_20260428,CASE_INITIATION_TO_MILESTONE,154,False
CAS_CLEAN_190,SNP_CAS_CLEAN_190_CASE_INITIATION_MILESTONE_20260501,CASE_INITIATION_TO_MILESTONE,151,False
CAS_CLEAN_249,SNP_CAS_CLEAN_249_CASE_INITIATION_MILESTONE_20260504,CASE_INITIATION_TO_MILESTONE,148,False
CAS_CLEAN_097,SNP_CAS_CLEAN_097_CASE_INITIATION_MILESTONE_20260505,CASE_INITIATION_TO_MILESTONE,147,False
CAS_CLEAN_182,SNP_CAS_CLEAN_182_CASE_INITIATION_MILESTONE_20260506,CASE_INITIATION_TO_MILESTONE,146,False
CAS_CLEAN_050,SNP_CAS_CLEAN_050_CASE_INITIATION_MILESTONE_20260511,CASE_INITIATION_TO_MILESTONE,141,False
CAS_CLEAN_183,SNP_CAS_CLEAN_183_CASE_INITIATION_MILESTONE_20260515,CASE_INITIATION_TO_MILESTONE,137,False
CAS_CLEAN_233,SNP_CAS_CLEAN_233_CASE_INITIATION_MILESTONE_20260515,CASE_INITIATION_TO_MILESTONE,137,False
CAS_CLEAN_250,SNP_CAS_CLEAN_250_CASE_INITIATION_MILESTONE_20260515,CASE_INITIATION_TO_MILESTONE,137,False
CAS_CLEAN_256,SNP_CAS_CLEAN_256_CASE_INITIATION_MILESTONE_20260515,CASE_INITIATION_TO_MILESTONE,137,False
CAS_CLEAN_036,SNP_CAS_CLEAN_036_CASE_INITIATION_MILESTONE_20260521,CASE_INITIATION_TO_MILESTONE,131,False
CAS_CLEAN_037,SNP_CAS_CLEAN_037_CASE_INITIATION_MILESTONE_20260521,CASE_INITIATION_TO_MILESTONE,92,True
CAS_CLEAN_142,SNP_CAS_CLEAN_142_CASE_INITIATION_MILESTONE_20260521,CASE_INITIATION_TO_MILESTONE,131,False
CAS_CLEAN_154,SNP_CAS_CLEAN_154_CASE_INITIATION_MILESTONE_20260521,CASE_INITIATION_TO_MILESTONE,131,False
CAS_CLEAN_263,SNP_CAS_CLEAN_263_CASE_INITIATION_MILESTONE_20260521,CASE_INITIATION_TO_MILESTONE,131,False
CAS_CLEAN_046,SNP_CAS_CLEAN_046_CASE_INITIATION_MILESTONE_20260526,CASE_INITIATION_TO_MILESTONE,126,False
CAS_CLEAN_024,SNP_CAS_CLEAN_024_CASE_INITIATION_MILESTONE_20260528,CASE_INITIATION_TO_MILESTONE,124,False
CAS_CLEAN_033,SNP_CAS_CLEAN_033_CASE_INITIATION_MILESTONE_20260530,CASE_INITIATION_TO_MILESTONE,122,False
CAS_CLEAN_189,SNP_CAS_CLEAN_189_CASE_INITIATION_MILESTONE_20260531,CASE_INITIATION_TO_MILESTONE,121,False
CAS_CLEAN_023,SNP_CAS_CLEAN_023_CASE_INITIATION_MILESTONE_20260605,CASE_INITIATION_TO_MILESTONE,116,False
CAS_CLEAN_253,SNP_CAS_CLEAN_253_CASE_INITIATION_MILESTONE_20260605,CASE_INITIATION_TO_MILESTONE,116,False
CAS_CLEAN_255,SNP_CAS_CLEAN_255_CASE_INITIATION_MILESTONE_20260605,CASE_INITIATION_TO_MILESTONE,116,False
CAS_CLEAN_193,SNP_CAS_CLEAN_193_CASE_INITIATION_MILESTONE_20260606,CASE_INITIATION_TO_MILESTONE,115,False
CAS_CLEAN_196,SNP_CAS_CLEAN_196_CASE_INITIATION_MILESTONE_20260606,CASE_INITIATION_TO_MILESTONE,115,False
CAS_CLEAN_181,SNP_CAS_CLEAN_181_CASE_INITIATION_MILESTONE_20260607,CASE_INITIATION_TO_MILESTONE,114,False
CAS_CLEAN_245,SNP_CAS_CLEAN_245_CASE_INITIATION_MILESTONE_20260607,CASE_INITIATION_TO_MILESTONE,114,False
CAS_CLEAN_259,SNP_CAS_CLEAN_259_CASE_INITIATION_MILESTONE_20260610,CASE_INITIATION_TO_MILESTONE,111,False
CAS_CLEAN_244,SNP_CAS_CLEAN_244_CASE_INITIATION_MILESTONE_20260614,CASE_INITIATION_TO_MILESTONE,107,False
CAS_CLEAN_255,SNP_CAS_CLEAN_255_CASE_INITIATION_MILESTONE_20260615,CASE_INITIATION_TO_MILESTONE,106,False
CAS_CLEAN_133,SNP_CAS_CLEAN_133_CASE_INITIATION_MILESTONE_20260616,CASE_INITIATION_TO_MILESTONE,105,False
CAS_CLEAN_243,SNP_CAS_CLEAN_243_CASE_INITIATION_MILESTONE_20260622,CASE_INITIATION_TO_MILESTONE,99,False
CAS_CLEAN_101,SNP_CAS_CLEAN_101_CASE_INITIATION_MILESTONE_20260623,CASE_INITIATION_TO_MILESTONE,98,False
CAS_CLEAN_115,SNP_CAS_CLEAN_115_CASE_INITIATION_MILESTONE_20260623,CASE_INITIATION_TO_MILESTONE,98,False
CAS_CLEAN_116,SNP_CAS_CLEAN_116_CASE_INITIATION_MILESTONE_20260623,CASE_INITIATION_TO_MILESTONE,98,False
CAS_CLEAN_126,SNP_CAS_CLEAN_126_CASE_INITIATION_MILESTONE_20260625,CASE_INITIATION_TO_MILESTONE,96,False
CAS_CLEAN_127,SNP_CAS_CLEAN_127_CASE_INITIATION_MILESTONE_20260625,CASE_INITIATION_TO_MILESTONE,96,False
CAS_CLEAN_093,SNP_CAS_CLEAN_093_CASE_INITIATION_MILESTONE_20260626,CASE_INITIATION_TO_MILESTONE,95,False
CAS_CLEAN_194,SNP_CAS_CLEAN_194_CASE_INITIATION_MILESTONE_20260627,CASE_INITIATION_TO_MILESTONE,94,False
CAS_CLEAN_195,SNP_CAS_CLEAN_195_CASE_INITIATION_MILESTONE_20260627,CASE_INITIATION_TO_MILESTONE,94,False
CAS_CLEAN_180,SNP_CAS_CLEAN_180_CASE_INITIATION_MILESTONE_20260629,CASE_INITIATION_TO_MILESTONE,92,False
CAS_CLEAN_052,SNP_CAS_CLEAN_052_CASE_INITIATION_MILESTONE_20260708,CASE_INITIATION_TO_MILESTONE,83,False
CAS_CLEAN_020,SNP_CAS_CLEAN_020_CASE_INITIATION_MILESTONE_20260710,CASE_INITIATION_TO_MILESTONE,81,False
CAS_CLEAN_191,SNP_CAS_CLEAN_191_CASE_INITIATION_MILESTONE_20260717,CASE_INITIATION_TO_MILESTONE,74,False
CAS_CLEAN_113,SNP_CAS_CLEAN_113_CASE_INITIATION_MILESTONE_20260718,CASE_INITIATION_TO_MILESTONE,73,False
CAS_CLEAN_260,SNP_CAS_CLEAN_260_CASE_INITIATION_MILESTONE_20260719,CASE_INITIATION_TO_MILESTONE,72,False
CAS_CLEAN_237,SNP_CAS_CLEAN_237_CASE_INITIATION_MILESTONE_20260721,CASE_INITIATION_TO_MILESTONE,70,False
CAS_CLEAN_251,SNP_CAS_CLEAN_251_CASE_INITIATION_MILESTONE_20260721,CASE_INITIATION_TO_MILESTONE,70,False
CAS_CLEAN_072,SNP_CAS_CLEAN_072_CASE_INITIATION_MILESTONE_20260724,CASE_INITIATION_TO_MILESTONE,67,False
CAS_CLEAN_027,SNP_CAS_CLEAN_027_CASE_INITIATION_MILESTONE_20260727,CASE_INITIATION_TO_MILESTONE,64,False
CAS_CLEAN_028,SNP_CAS_CLEAN_028_CASE_INITIATION_MILESTONE_20260727,CASE_INITIATION_TO_MILESTONE,64,False
CAS_CLEAN_073,SNP_CAS_CLEAN_073_CASE_INITIATION_MILESTONE_20260727,CASE_INITIATION_TO_MILESTONE,64,False
CAS_CLEAN_081,SNP_CAS_CLEAN_081_CASE_INITIATION_MILESTONE_20260727,CASE_INITIATION_TO_MILESTONE,64,False
CAS_CLEAN_032,SNP_CAS_CLEAN_032_CASE_INITIATION_MILESTONE_20260729,CASE_INITIATION_TO_MILESTONE,62,False
CAS_CLEAN_174,SNP_CAS_CLEAN_174_CASE_INITIATION_MILESTONE_20260729,CASE_INITIATION_TO_MILESTONE,62,False
CAS_CLEAN_175,SNP_CAS_CLEAN_175_CASE_INITIATION_MILESTONE_20260729,CASE_INITIATION_TO_MILESTONE,62,False
CAS_CLEAN_025,SNP_CAS_CLEAN_025_CASE_INITIATION_MILESTONE_20260801,CASE_INITIATION_TO_MILESTONE,59,False
CAS_CLEAN_026,SNP_CAS_CLEAN_026_CASE_INITIATION_MILESTONE_20260801,CASE_INITIATION_TO_MILESTONE,59,False
CAS_CLEAN_065,SNP_CAS_CLEAN_065_CASE_INITIATION_MILESTONE_20260801,CASE_INITIATION_TO_MILESTONE,59,False
CAS_CLEAN_078,SNP_CAS_CLEAN_078_CASE_INITIATION_MILESTONE_20260801,CASE_INITIATION_TO_MILESTONE,59,False
CAS_CLEAN_103,SNP_CAS_CLEAN_103_CASE_INITIATION_MILESTONE_20260801,CASE_INITIATION_TO_MILESTONE,59,False
CAS_CLEAN_121,SNP_CAS_CLEAN_121_CASE_INITIATION_MILESTONE_20260801,CASE_INITIATION_TO_MILESTONE,59,False
CAS_CLEAN_249,SNP_CAS_CLEAN_249_CASE_INITIATION_MILESTONE_20260802,CASE_INITIATION_TO_MILESTONE,58,False
CAS_CLEAN_182,SNP_CAS_CLEAN_182_CASE_INITIATION_MILESTONE_20260804,CASE_INITIATION_TO_MILESTONE,56,False
CAS_CLEAN_190,SNP_CAS_CLEAN_190_CASE_INITIATION_MILESTONE_20260804,CASE_INITIATION_TO_MILESTONE,56,False
CAS_CLEAN_094,SNP_CAS_CLEAN_094_CASE_INITIATION_MILESTONE_20260806,CASE_INITIATION_TO_MILESTONE,54,False
CAS_CLEAN_172,SNP_CAS_CLEAN_172_CASE_INITIATION_MILESTONE_20260806,CASE_INITIATION_TO_MILESTONE,54,False
CAS_CLEAN_173,SNP_CAS_CLEAN_173_CASE_INITIATION_MILESTONE_20260806,CASE_INITIATION_TO_MILESTONE,54,False
CAS_CLEAN_261,SNP_CAS_CLEAN_261_CASE_INITIATION_MILESTONE_20260807,CASE_INITIATION_TO_MILESTONE,53,False
CAS_CLEAN_140,SNP_CAS_CLEAN_140_CASE_INITIATION_MILESTONE_20260808,CASE_INITIATION_TO_MILESTONE,52,False
CAS_CLEAN_050,SNP_CAS_CLEAN_050_CASE_INITIATION_MILESTONE_20260809,CASE_INITIATION_TO_MILESTONE,51,False
CAS_CLEAN_183,SNP_CAS_CLEAN_183_CASE_INITIATION_MILESTONE_20260813,CASE_INITIATION_TO_MILESTONE,47,False
CAS_CLEAN_233,SNP_CAS_CLEAN_233_CASE_INITIATION_MILESTONE_20260813,CASE_INITIATION_TO_MILESTONE,47,False
CAS_CLEAN_250,SNP_CAS_CLEAN_250_CASE_INITIATION_MILESTONE_20260813,CASE_INITIATION_TO_MILESTONE,47,False
CAS_CLEAN_256,SNP_CAS_CLEAN_256_CASE_INITIATION_MILESTONE_20260813,CASE_INITIATION_TO_MILESTONE,47,False
CAS_CLEAN_007,SNP_CAS_CLEAN_007_CASE_INITIATION_MILESTONE_20260814,CASE_INITIATION_TO_MILESTONE,46,False
CAS_CLEAN_008,SNP_CAS_CLEAN_008_CASE_INITIATION_MILESTONE_20260814,CASE_INITIATION_TO_MILESTONE,46,False
CAS_CLEAN_013,SNP_CAS_CLEAN_013_CASE_INITIATION_MILESTONE_20260814,CASE_INITIATION_TO_MILESTONE,46,False
CAS_CLEAN_017,SNP_CAS_CLEAN_017_CASE_INITIATION_MILESTONE_20260814,CASE_INITIATION_TO_MILESTONE,46,False
CAS_CLEAN_035,SNP_CAS_CLEAN_035_CASE_INITIATION_MILESTONE_20260814,CASE_INITIATION_TO_MILESTONE,46,False
CAS_CLEAN_061,SNP_CAS_CLEAN_061_CASE_INITIATION_MILESTONE_20260814,CASE_INITIATION_TO_MILESTONE,46,False
CAS_CLEAN_062,SNP_CAS_CLEAN_062_CASE_INITIATION_MILESTONE_20260814,CASE_INITIATION_TO_MILESTONE,46,False
CAS_CLEAN_069,SNP_CAS_CLEAN_069_CASE_INITIATION_MILESTONE_20260814,CASE_INITIATION_TO_MILESTONE,46,False
CAS_CLEAN_082,SNP_CAS_CLEAN_082_CASE_INITIATION_MILESTONE_20260814,CASE_INITIATION_TO_MILESTONE,46,False
CAS_CLEAN_086,SNP_CAS_CLEAN_086_CASE_INITIATION_MILESTONE_20260814,CASE_INITIATION_TO_MILESTONE,46,False
CAS_CLEAN_104,SNP_CAS_CLEAN_104_CASE_INITIATION_MILESTONE_20260814,CASE_INITIATION_TO_MILESTONE,46,False
CAS_CLEAN_105,SNP_CAS_CLEAN_105_CASE_INITIATION_MILESTONE_20260814,CASE_INITIATION_TO_MILESTONE,46,False
CAS_CLEAN_106,SNP_CAS_CLEAN_106_CASE_INITIATION_MILESTONE_20260814,CASE_INITIATION_TO_MILESTONE,46,False
CAS_CLEAN_119,SNP_CAS_CLEAN_119_CASE_INITIATION_MILESTONE_20260814,CASE_INITIATION_TO_MILESTONE,46,False
CAS_CLEAN_122,SNP_CAS_CLEAN_122_CASE_INITIATION_MILESTONE_20260814,CASE_INITIATION_TO_MILESTONE,46,False
CAS_CLEAN_130,SNP_CAS_CLEAN_130_CASE_INITIATION_MILESTONE_20260814,CASE_INITIATION_TO_MILESTONE,46,False
CAS_CLEAN_141,SNP_CAS_CLEAN_141_CASE_INITIATION_MILESTONE_20260814,CASE_INITIATION_TO_MILESTONE,46,False
CAS_CLEAN_143,SNP_CAS_CLEAN_143_CASE_INITIATION_MILESTONE_20260814,CASE_INITIATION_TO_MILESTONE,46,False
CAS_CLEAN_150,SNP_CAS_CLEAN_150_CASE_INITIATION_MILESTONE_20260814,CASE_INITIATION_TO_MILESTONE,46,False
CAS_CLEAN_152,SNP_CAS_CLEAN_152_CASE_INITIATION_MILESTONE_20260814,CASE_INITIATION_TO_MILESTONE,46,False
CAS_CLEAN_157,SNP_CAS_CLEAN_157_CASE_INITIATION_MILESTONE_20260814,CASE_INITIATION_TO_MILESTONE,46,False
CAS_CLEAN_159,SNP_CAS_CLEAN_159_CASE_INITIATION_MILESTONE_20260814,CASE_INITIATION_TO_MILESTONE,46,False
CAS_CLEAN_188,SNP_CAS_CLEAN_188_CASE_INITIATION_MILESTONE_20260814,CASE_INITIATION_TO_MILESTONE,46,False
CAS_CLEAN_004,SNP_CAS_CLEAN_004_CASE_INITIATION_MILESTONE_20260817,CASE_INITIATION_TO_MILESTONE,43,False
CAS_CLEAN_010,SNP_CAS_CLEAN_010_CASE_INITIATION_MILESTONE_20260817,CASE_INITIATION_TO_MILESTONE,43,False
CAS_CLEAN_012,SNP_CAS_CLEAN_012_CASE_INITIATION_MILESTONE_20260817,CASE_INITIATION_TO_MILESTONE,43,False
CAS_CLEAN_063,SNP_CAS_CLEAN_063_CASE_INITIATION_MILESTONE_20260817,CASE_INITIATION_TO_MILESTONE,43,False
CAS_CLEAN_068,SNP_CAS_CLEAN_068_CASE_INITIATION_MILESTONE_20260817,CASE_INITIATION_TO_MILESTONE,43,False
CAS_CLEAN_077,SNP_CAS_CLEAN_077_CASE_INITIATION_MILESTONE_20260817,CASE_INITIATION_TO_MILESTONE,43,False
CAS_CLEAN_083,SNP_CAS_CLEAN_083_CASE_INITIATION_MILESTONE_20260817,CASE_INITIATION_TO_MILESTONE,43,False
CAS_CLEAN_090,SNP_CAS_CLEAN_090_CASE_INITIATION_MILESTONE_20260817,CASE_INITIATION_TO_MILESTONE,43,False
CAS_CLEAN_135,SNP_CAS_CLEAN_135_CASE_INITIATION_MILESTONE_20260817,CASE_INITIATION_TO_MILESTONE,43,False
CAS_CLEAN_153,SNP_CAS_CLEAN_153_CASE_INITIATION_MILESTONE_20260817,CASE_INITIATION_TO_MILESTONE,43,False
CAS_CLEAN_018,SNP_CAS_CLEAN_018_CASE_INITIATION_MILESTONE_20260819,CASE_INITIATION_TO_MILESTONE,41,False
CAS_CLEAN_036,SNP_CAS_CLEAN_036_CASE_INITIATION_MILESTONE_20260819,CASE_INITIATION_TO_MILESTONE,41,False
CAS_CLEAN_037,SNP_CAS_CLEAN_037_CASE_INITIATION_MILESTONE_20260819,CASE_INITIATION_TO_MILESTONE,2,True
CAS_CLEAN_067,SNP_CAS_CLEAN_067_CASE_INITIATION_MILESTONE_20260819,CASE_INITIATION_TO_MILESTONE,41,False
CAS_CLEAN_075,SNP_CAS_CLEAN_075_CASE_INITIATION_MILESTONE_20260819,CASE_INITIATION_TO_MILESTONE,41,False
CAS_CLEAN_084,SNP_CAS_CLEAN_084_CASE_INITIATION_MILESTONE_20260819,CASE_INITIATION_TO_MILESTONE,41,False
CAS_CLEAN_089,SNP_CAS_CLEAN_089_CASE_INITIATION_MILESTONE_20260819,CASE_INITIATION_TO_MILESTONE,41,False
CAS_CLEAN_107,SNP_CAS_CLEAN_107_CASE_INITIATION_MILESTONE_20260819,CASE_INITIATION_TO_MILESTONE,41,False
CAS_CLEAN_123,SNP_CAS_CLEAN_123_CASE_INITIATION_MILESTONE_20260819,CASE_INITIATION_TO_MILESTONE,41,False
CAS_CLEAN_125,SNP_CAS_CLEAN_125_CASE_INITIATION_MILESTONE_20260819,CASE_INITIATION_TO_MILESTONE,41,False
CAS_CLEAN_142,SNP_CAS_CLEAN_142_CASE_INITIATION_MILESTONE_20260819,CASE_INITIATION_TO_MILESTONE,41,False
CAS_CLEAN_144,SNP_CAS_CLEAN_144_CASE_INITIATION_MILESTONE_20260819,CASE_INITIATION_TO_MILESTONE,41,False
CAS_CLEAN_151,SNP_CAS_CLEAN_151_CASE_INITIATION_MILESTONE_20260819,CASE_INITIATION_TO_MILESTONE,41,False
CAS_CLEAN_154,SNP_CAS_CLEAN_154_CASE_INITIATION_MILESTONE_20260819,CASE_INITIATION_TO_MILESTONE,41,False
CAS_CLEAN_155,SNP_CAS_CLEAN_155_CASE_INITIATION_MILESTONE_20260819,CASE_INITIATION_TO_MILESTONE,41,False
CAS_CLEAN_178,SNP_CAS_CLEAN_178_CASE_INITIATION_MILESTONE_20260819,CASE_INITIATION_TO_MILESTONE,41,False
CAS_CLEAN_263,SNP_CAS_CLEAN_263_CASE_INITIATION_MILESTONE_20260819,CASE_INITIATION_TO_MILESTONE,41,False
CAS_CLEAN_099,SNP_CAS_CLEAN_099_CASE_INITIATION_MILESTONE_20260822,CASE_INITIATION_TO_MILESTONE,38,False
CAS_CLEAN_128,SNP_CAS_CLEAN_128_CASE_INITIATION_MILESTONE_20260822,CASE_INITIATION_TO_MILESTONE,38,False
CAS_CLEAN_046,SNP_CAS_CLEAN_046_CASE_INITIATION_MILESTONE_20260824,CASE_INITIATION_TO_MILESTONE,36,False
CAS_CLEAN_257,SNP_CAS_CLEAN_257_CASE_INITIATION_MILESTONE_20260825,CASE_INITIATION_TO_MILESTONE,35,False
CAS_CLEAN_265,SNP_CAS_CLEAN_265_CASE_INITIATION_MILESTONE_20260901,CASE_INITIATION_TO_MILESTONE,28,False
CAS_CLEAN_266,SNP_CAS_CLEAN_266_CASE_INITIATION_MILESTONE_20260901,CASE_INITIATION_TO_MILESTONE,28,False
CAS_CLEAN_137,SNP_CAS_CLEAN_137_CASE_INITIATION_MILESTONE_20260903,CASE_INITIATION_TO_MILESTONE,26,False
CAS_CLEAN_189,SNP_CAS_CLEAN_189_CASE_INITIATION_MILESTONE_20260903,CASE_INITIATION_TO_MILESTONE,26,False
CAS_CLEAN_253,SNP_CAS_CLEAN_253_CASE_INITIATION_MILESTONE_20260903,CASE_INITIATION_TO_MILESTONE,26,False
CAS_CLEAN_255,SNP_CAS_CLEAN_255_CASE_INITIATION_MILESTONE_20260903,CASE_INITIATION_TO_MILESTONE,26,False
CAS_CLEAN_186,SNP_CAS_CLEAN_186_CASE_INITIATION_MILESTONE_20260904,CASE_INITIATION_TO_MILESTONE,25,False
CAS_CLEAN_181,SNP_CAS_CLEAN_181_CASE_INITIATION_MILESTONE_20260905,CASE_INITIATION_TO_MILESTONE,24,False
CAS_CLEAN_118,SNP_CAS_CLEAN_118_CASE_INITIATION_MILESTONE_20260907,CASE_INITIATION_TO_MILESTONE,22,False
CAS_CLEAN_259,SNP_CAS_CLEAN_259_CASE_INITIATION_MILESTONE_20260908,CASE_INITIATION_TO_MILESTONE,21,False
CAS_CLEAN_184,SNP_CAS_CLEAN_184_CASE_INITIATION_MILESTONE_20260910,CASE_INITIATION_TO_MILESTONE,19,False
CAS_CLEAN_245,SNP_CAS_CLEAN_245_CASE_INITIATION_MILESTONE_20260910,CASE_INITIATION_TO_MILESTONE,19,False
CAS_CLEAN_248,SNP_CAS_CLEAN_248_CASE_INITIATION_MILESTONE_20260910,CASE_INITIATION_TO_MILESTONE,19,False
CAS_CLEAN_254,SNP_CAS_CLEAN_254_CASE_INITIATION_MILESTONE_20260910,CASE_INITIATION_TO_MILESTONE,19,False
CAS_CLEAN_074,SNP_CAS_CLEAN_074_CASE_INITIATION_MILESTONE_20260911,CASE_INITIATION_TO_MILESTONE,18,False
CAS_CLEAN_244,SNP_CAS_CLEAN_244_CASE_INITIATION_MILESTONE_20260917,CASE_INITIATION_TO_MILESTONE,12,False
CAS_CLEAN_133,SNP_CAS_CLEAN_133_CASE_INITIATION_MILESTONE_20260919,CASE_INITIATION_TO_MILESTONE,10,False
CAS_CLEAN_115,SNP_CAS_CLEAN_115_CASE_INITIATION_MILESTONE_20260921,CASE_INITIATION_TO_MILESTONE,8,False
CAS_CLEAN_116,SNP_CAS_CLEAN_116_CASE_INITIATION_MILESTONE_20260921,CASE_INITIATION_TO_MILESTONE,8,False
CAS_CLEAN_048,SNP_CAS_CLEAN_048_CASE_INITIATION_MILESTONE_20260922,CASE_INITIATION_TO_MILESTONE,7,False
CAS_CLEAN_049,SNP_CAS_CLEAN_049_CASE_INITIATION_MILESTONE_20260922,CASE_INITIATION_TO_MILESTONE,7,False
CAS_CLEAN_055,SNP_CAS_CLEAN_055_CASE_INITIATION_MILESTONE_20260922,CASE_INITIATION_TO_MILESTONE,7,False
CAS_CLEAN_056,SNP_CAS_CLEAN_056_CASE_INITIATION_MILESTONE_20260922,CASE_INITIATION_TO_MILESTONE,7,False
CAS_CLEAN_066,SNP_CAS_CLEAN_066_CASE_INITIATION_MILESTONE_20260922,CASE_INITIATION_TO_MILESTONE,7,False
CAS_CLEAN_138,SNP_CAS_CLEAN_138_CASE_INITIATION_MILESTONE_20260922,CASE_INITIATION_TO_MILESTONE,7,False
CAS_CLEAN_158,SNP_CAS_CLEAN_158_CASE_INITIATION_MILESTONE_20260922,CASE_INITIATION_TO_MILESTONE,7,False
CAS_CLEAN_243,SNP_CAS_CLEAN_243_CASE_INITIATION_MILESTONE_20260925,CASE_INITIATION_TO_MILESTONE,4,False
CAS_CLEAN_180,SNP_CAS_CLEAN_180_CASE_INITIATION_MILESTONE_20260927,CASE_INITIATION_TO_MILESTONE,2,False
CAS_CLEAN_029,SNP_CAS_CLEAN_029_S11_S19_20240227,SECTION_11_TO_SECTION_19,945,False
CAS_CLEAN_039,SNP_CAS_CLEAN_039_S11_S19_20240314,SECTION_11_TO_SECTION_19,929,False
CAS_CLEAN_041,SNP_CAS_CLEAN_041_S11_S19_20240314,SECTION_11_TO_SECTION_19,929,False
CAS_CLEAN_136,SNP_CAS_CLEAN_136_S11_S19_20240314,SECTION_11_TO_SECTION_19,929,False
CAS_CLEAN_029,SNP_CAS_CLEAN_029_S11_S19_20240527,SECTION_11_TO_SECTION_19,855,False
CAS_CLEAN_039,SNP_CAS_CLEAN_039_S11_S19_20240612,SECTION_11_TO_SECTION_19,839,False
CAS_CLEAN_041,SNP_CAS_CLEAN_041_S11_S19_20240612,SECTION_11_TO_SECTION_19,839,False
CAS_CLEAN_136,SNP_CAS_CLEAN_136_S11_S19_20240612,SECTION_11_TO_SECTION_19,839,False
CAS_CLEAN_140,SNP_CAS_CLEAN_140_S11_S19_20240808,SECTION_11_TO_SECTION_19,782,False
CAS_CLEAN_029,SNP_CAS_CLEAN_029_S11_S19_20240825,SECTION_11_TO_SECTION_19,765,False
CAS_CLEAN_039,SNP_CAS_CLEAN_039_S11_S19_20240910,SECTION_11_TO_SECTION_19,749,False
CAS_CLEAN_041,SNP_CAS_CLEAN_041_S11_S19_20240910,SECTION_11_TO_SECTION_19,749,False
CAS_CLEAN_136,SNP_CAS_CLEAN_136_S11_S19_20240910,SECTION_11_TO_SECTION_19,749,False
CAS_CLEAN_140,SNP_CAS_CLEAN_140_S11_S19_20241106,SECTION_11_TO_SECTION_19,692,False
CAS_CLEAN_029,SNP_CAS_CLEAN_029_S11_S19_20241123,SECTION_11_TO_SECTION_19,675,False
CAS_CLEAN_039,SNP_CAS_CLEAN_039_S11_S19_20241209,SECTION_11_TO_SECTION_19,659,False
CAS_CLEAN_041,SNP_CAS_CLEAN_041_S11_S19_20241209,SECTION_11_TO_SECTION_19,659,False
CAS_CLEAN_136,SNP_CAS_CLEAN_136_S11_S19_20241209,SECTION_11_TO_SECTION_19,659,False
CAS_CLEAN_009,SNP_CAS_CLEAN_009_S11_S19_20250114,SECTION_11_TO_SECTION_19,623,False
CAS_CLEAN_064,SNP_CAS_CLEAN_064_S11_S19_20250114,SECTION_11_TO_SECTION_19,623,False
CAS_CLEAN_120,SNP_CAS_CLEAN_120_S11_S19_20250114,SECTION_11_TO_SECTION_19,623,False
CAS_CLEAN_054,SNP_CAS_CLEAN_054_S11_S19_20250122,SECTION_11_TO_SECTION_19,615,False
CAS_CLEAN_140,SNP_CAS_CLEAN_140_S11_S19_20250204,SECTION_11_TO_SECTION_19,602,False
CAS_CLEAN_009,SNP_CAS_CLEAN_009_S11_S19_20250414,SECTION_11_TO_SECTION_19,533,False
CAS_CLEAN_064,SNP_CAS_CLEAN_064_S11_S19_20250414,SECTION_11_TO_SECTION_19,533,False
CAS_CLEAN_120,SNP_CAS_CLEAN_120_S11_S19_20250414,SECTION_11_TO_SECTION_19,533,False
CAS_CLEAN_054,SNP_CAS_CLEAN_054_S11_S19_20250422,SECTION_11_TO_SECTION_19,525,False
CAS_CLEAN_140,SNP_CAS_CLEAN_140_S11_S19_20250505,SECTION_11_TO_SECTION_19,512,False
CAS_CLEAN_009,SNP_CAS_CLEAN_009_S11_S19_20250713,SECTION_11_TO_SECTION_19,443,False
CAS_CLEAN_064,SNP_CAS_CLEAN_064_S11_S19_20250713,SECTION_11_TO_SECTION_19,443,False
CAS_CLEAN_120,SNP_CAS_CLEAN_120_S11_S19_20250713,SECTION_11_TO_SECTION_19,443,False
CAS_CLEAN_054,SNP_CAS_CLEAN_054_S11_S19_20250721,SECTION_11_TO_SECTION_19,435,False
CAS_CLEAN_025,SNP_CAS_CLEAN_025_S11_S19_20250801,SECTION_11_TO_SECTION_19,424,False
CAS_CLEAN_026,SNP_CAS_CLEAN_026_S11_S19_20250801,SECTION_11_TO_SECTION_19,424,False
CAS_CLEAN_065,SNP_CAS_CLEAN_065_S11_S19_20250801,SECTION_11_TO_SECTION_19,424,False
CAS_CLEAN_078,SNP_CAS_CLEAN_078_S11_S19_20250801,SECTION_11_TO_SECTION_19,424,False
CAS_CLEAN_103,SNP_CAS_CLEAN_103_S11_S19_20250801,SECTION_11_TO_SECTION_19,424,False
CAS_CLEAN_121,SNP_CAS_CLEAN_121_S11_S19_20250801,SECTION_11_TO_SECTION_19,424,False
CAS_CLEAN_045,SNP_CAS_CLEAN_045_S11_S19_20250919,SECTION_11_TO_SECTION_19,87,True
CAS_CLEAN_076,SNP_CAS_CLEAN_076_S11_S19_20250919,SECTION_11_TO_SECTION_19,87,True
CAS_CLEAN_114,SNP_CAS_CLEAN_114_S11_S19_20250919,SECTION_11_TO_SECTION_19,87,True
CAS_CLEAN_015,SNP_CAS_CLEAN_015_S11_S19_20250926,SECTION_11_TO_SECTION_19,80,True
CAS_CLEAN_006,SNP_CAS_CLEAN_006_S11_S19_20250929,SECTION_11_TO_SECTION_19,60,True
CAS_CLEAN_014,SNP_CAS_CLEAN_014_S11_S19_20250929,SECTION_11_TO_SECTION_19,60,True
CAS_CLEAN_019,SNP_CAS_CLEAN_019_S11_S19_20250929,SECTION_11_TO_SECTION_19,60,True
CAS_CLEAN_060,SNP_CAS_CLEAN_060_S11_S19_20250929,SECTION_11_TO_SECTION_19,60,True
CAS_CLEAN_080,SNP_CAS_CLEAN_080_S11_S19_20250929,SECTION_11_TO_SECTION_19,60,True
CAS_CLEAN_129,SNP_CAS_CLEAN_129_S11_S19_20250929,SECTION_11_TO_SECTION_19,60,True
CAS_CLEAN_146,SNP_CAS_CLEAN_146_S11_S19_20250929,SECTION_11_TO_SECTION_19,60,True
CAS_CLEAN_147,SNP_CAS_CLEAN_147_S11_S19_20250929,SECTION_11_TO_SECTION_19,60,True
CAS_CLEAN_003,SNP_CAS_CLEAN_003_S11_S19_20250930,SECTION_11_TO_SECTION_19,59,True
CAS_CLEAN_124,SNP_CAS_CLEAN_124_S11_S19_20250930,SECTION_11_TO_SECTION_19,181,True
CAS_CLEAN_009,SNP_CAS_CLEAN_009_S11_S19_20251011,SECTION_11_TO_SECTION_19,353,False
CAS_CLEAN_064,SNP_CAS_CLEAN_064_S11_S19_20251011,SECTION_11_TO_SECTION_19,353,False
CAS_CLEAN_120,SNP_CAS_CLEAN_120_S11_S19_20251011,SECTION_11_TO_SECTION_19,353,False
CAS_CLEAN_054,SNP_CAS_CLEAN_054_S11_S19_20251019,SECTION_11_TO_SECTION_19,345,False
CAS_CLEAN_025,SNP_CAS_CLEAN_025_S11_S19_20251030,SECTION_11_TO_SECTION_19,334,False
CAS_CLEAN_026,SNP_CAS_CLEAN_026_S11_S19_20251030,SECTION_11_TO_SECTION_19,334,False
CAS_CLEAN_065,SNP_CAS_CLEAN_065_S11_S19_20251030,SECTION_11_TO_SECTION_19,334,False
CAS_CLEAN_078,SNP_CAS_CLEAN_078_S11_S19_20251030,SECTION_11_TO_SECTION_19,334,False
CAS_CLEAN_103,SNP_CAS_CLEAN_103_S11_S19_20251030,SECTION_11_TO_SECTION_19,334,False
CAS_CLEAN_121,SNP_CAS_CLEAN_121_S11_S19_20251030,SECTION_11_TO_SECTION_19,334,False
CAS_CLEAN_259,SNP_CAS_CLEAN_259_S11_S19_20251212,SECTION_11_TO_SECTION_19,291,False
CAS_CLEAN_124,SNP_CAS_CLEAN_124_S11_S19_20251229,SECTION_11_TO_SECTION_19,91,True
CAS_CLEAN_025,SNP_CAS_CLEAN_025_S11_S19_20260128,SECTION_11_TO_SECTION_19,244,False
CAS_CLEAN_026,SNP_CAS_CLEAN_026_S11_S19_20260128,SECTION_11_TO_SECTION_19,244,False
CAS_CLEAN_065,SNP_CAS_CLEAN_065_S11_S19_20260128,SECTION_11_TO_SECTION_19,244,False
CAS_CLEAN_078,SNP_CAS_CLEAN_078_S11_S19_20260128,SECTION_11_TO_SECTION_19,244,False
CAS_CLEAN_103,SNP_CAS_CLEAN_103_S11_S19_20260128,SECTION_11_TO_SECTION_19,244,False
CAS_CLEAN_121,SNP_CAS_CLEAN_121_S11_S19_20260128,SECTION_11_TO_SECTION_19,244,False
CAS_CLEAN_259,SNP_CAS_CLEAN_259_S11_S19_20260312,SECTION_11_TO_SECTION_19,201,False
CAS_CLEAN_124,SNP_CAS_CLEAN_124_S11_S19_20260329,SECTION_11_TO_SECTION_19,1,True
CAS_CLEAN_025,SNP_CAS_CLEAN_025_S11_S19_20260428,SECTION_11_TO_SECTION_19,154,False
CAS_CLEAN_026,SNP_CAS_CLEAN_026_S11_S19_20260428,SECTION_11_TO_SECTION_19,154,False
CAS_CLEAN_027,SNP_CAS_CLEAN_027_S11_S19_20260428,SECTION_11_TO_SECTION_19,154,False
CAS_CLEAN_028,SNP_CAS_CLEAN_028_S11_S19_20260428,SECTION_11_TO_SECTION_19,154,False
CAS_CLEAN_065,SNP_CAS_CLEAN_065_S11_S19_20260428,SECTION_11_TO_SECTION_19,154,False
CAS_CLEAN_078,SNP_CAS_CLEAN_078_S11_S19_20260428,SECTION_11_TO_SECTION_19,154,False
CAS_CLEAN_103,SNP_CAS_CLEAN_103_S11_S19_20260428,SECTION_11_TO_SECTION_19,154,False
CAS_CLEAN_121,SNP_CAS_CLEAN_121_S11_S19_20260428,SECTION_11_TO_SECTION_19,154,False
CAS_CLEAN_249,SNP_CAS_CLEAN_249_S11_S19_20260504,SECTION_11_TO_SECTION_19,148,False
CAS_CLEAN_037,SNP_CAS_CLEAN_037_S11_S19_20260521,SECTION_11_TO_SECTION_19,92,True
CAS_CLEAN_259,SNP_CAS_CLEAN_259_S11_S19_20260610,SECTION_11_TO_SECTION_19,111,False
CAS_CLEAN_027,SNP_CAS_CLEAN_027_S11_S19_20260727,SECTION_11_TO_SECTION_19,64,False
CAS_CLEAN_028,SNP_CAS_CLEAN_028_S11_S19_20260727,SECTION_11_TO_SECTION_19,64,False
CAS_CLEAN_174,SNP_CAS_CLEAN_174_S11_S19_20260729,SECTION_11_TO_SECTION_19,62,False
CAS_CLEAN_175,SNP_CAS_CLEAN_175_S11_S19_20260729,SECTION_11_TO_SECTION_19,62,False
CAS_CLEAN_249,SNP_CAS_CLEAN_249_S11_S19_20260802,SECTION_11_TO_SECTION_19,58,False
CAS_CLEAN_261,SNP_CAS_CLEAN_261_S11_S19_20260807,SECTION_11_TO_SECTION_19,53,False
CAS_CLEAN_007,SNP_CAS_CLEAN_007_S11_S19_20260814,SECTION_11_TO_SECTION_19,46,False
CAS_CLEAN_008,SNP_CAS_CLEAN_008_S11_S19_20260814,SECTION_11_TO_SECTION_19,46,False
CAS_CLEAN_013,SNP_CAS_CLEAN_013_S11_S19_20260814,SECTION_11_TO_SECTION_19,46,False
CAS_CLEAN_017,SNP_CAS_CLEAN_017_S11_S19_20260814,SECTION_11_TO_SECTION_19,46,False
CAS_CLEAN_035,SNP_CAS_CLEAN_035_S11_S19_20260814,SECTION_11_TO_SECTION_19,46,False
CAS_CLEAN_062,SNP_CAS_CLEAN_062_S11_S19_20260814,SECTION_11_TO_SECTION_19,46,False
CAS_CLEAN_069,SNP_CAS_CLEAN_069_S11_S19_20260814,SECTION_11_TO_SECTION_19,46,False
CAS_CLEAN_082,SNP_CAS_CLEAN_082_S11_S19_20260814,SECTION_11_TO_SECTION_19,46,False
CAS_CLEAN_086,SNP_CAS_CLEAN_086_S11_S19_20260814,SECTION_11_TO_SECTION_19,46,False
CAS_CLEAN_104,SNP_CAS_CLEAN_104_S11_S19_20260814,SECTION_11_TO_SECTION_19,46,False
CAS_CLEAN_105,SNP_CAS_CLEAN_105_S11_S19_20260814,SECTION_11_TO_SECTION_19,46,False
CAS_CLEAN_106,SNP_CAS_CLEAN_106_S11_S19_20260814,SECTION_11_TO_SECTION_19,46,False
CAS_CLEAN_119,SNP_CAS_CLEAN_119_S11_S19_20260814,SECTION_11_TO_SECTION_19,46,False
CAS_CLEAN_122,SNP_CAS_CLEAN_122_S11_S19_20260814,SECTION_11_TO_SECTION_19,46,False
CAS_CLEAN_130,SNP_CAS_CLEAN_130_S11_S19_20260814,SECTION_11_TO_SECTION_19,46,False
CAS_CLEAN_141,SNP_CAS_CLEAN_141_S11_S19_20260814,SECTION_11_TO_SECTION_19,46,False
CAS_CLEAN_143,SNP_CAS_CLEAN_143_S11_S19_20260814,SECTION_11_TO_SECTION_19,46,False
CAS_CLEAN_150,SNP_CAS_CLEAN_150_S11_S19_20260814,SECTION_11_TO_SECTION_19,46,False
CAS_CLEAN_152,SNP_CAS_CLEAN_152_S11_S19_20260814,SECTION_11_TO_SECTION_19,46,False
CAS_CLEAN_157,SNP_CAS_CLEAN_157_S11_S19_20260814,SECTION_11_TO_SECTION_19,46,False
CAS_CLEAN_159,SNP_CAS_CLEAN_159_S11_S19_20260814,SECTION_11_TO_SECTION_19,46,False
CAS_CLEAN_188,SNP_CAS_CLEAN_188_S11_S19_20260814,SECTION_11_TO_SECTION_19,46,False
CAS_CLEAN_004,SNP_CAS_CLEAN_004_S11_S19_20260817,SECTION_11_TO_SECTION_19,43,False
CAS_CLEAN_012,SNP_CAS_CLEAN_012_S11_S19_20260817,SECTION_11_TO_SECTION_19,43,False
CAS_CLEAN_063,SNP_CAS_CLEAN_063_S11_S19_20260817,SECTION_11_TO_SECTION_19,43,False
CAS_CLEAN_068,SNP_CAS_CLEAN_068_S11_S19_20260817,SECTION_11_TO_SECTION_19,43,False
CAS_CLEAN_077,SNP_CAS_CLEAN_077_S11_S19_20260817,SECTION_11_TO_SECTION_19,43,False
CAS_CLEAN_090,SNP_CAS_CLEAN_090_S11_S19_20260817,SECTION_11_TO_SECTION_19,43,False
CAS_CLEAN_135,SNP_CAS_CLEAN_135_S11_S19_20260817,SECTION_11_TO_SECTION_19,43,False
CAS_CLEAN_153,SNP_CAS_CLEAN_153_S11_S19_20260817,SECTION_11_TO_SECTION_19,43,False
CAS_CLEAN_018,SNP_CAS_CLEAN_018_S11_S19_20260819,SECTION_11_TO_SECTION_19,41,False
CAS_CLEAN_037,SNP_CAS_CLEAN_037_S11_S19_20260819,SECTION_11_TO_SECTION_19,2,True
CAS_CLEAN_067,SNP_CAS_CLEAN_067_S11_S19_20260819,SECTION_11_TO_SECTION_19,41,False
CAS_CLEAN_075,SNP_CAS_CLEAN_075_S11_S19_20260819,SECTION_11_TO_SECTION_19,41,False
CAS_CLEAN_084,SNP_CAS_CLEAN_084_S11_S19_20260819,SECTION_11_TO_SECTION_19,41,False
CAS_CLEAN_089,SNP_CAS_CLEAN_089_S11_S19_20260819,SECTION_11_TO_SECTION_19,41,False
CAS_CLEAN_107,SNP_CAS_CLEAN_107_S11_S19_20260819,SECTION_11_TO_SECTION_19,41,False
CAS_CLEAN_123,SNP_CAS_CLEAN_123_S11_S19_20260819,SECTION_11_TO_SECTION_19,41,False
CAS_CLEAN_125,SNP_CAS_CLEAN_125_S11_S19_20260819,SECTION_11_TO_SECTION_19,41,False
CAS_CLEAN_144,SNP_CAS_CLEAN_144_S11_S19_20260819,SECTION_11_TO_SECTION_19,41,False
CAS_CLEAN_151,SNP_CAS_CLEAN_151_S11_S19_20260819,SECTION_11_TO_SECTION_19,41,False
CAS_CLEAN_155,SNP_CAS_CLEAN_155_S11_S19_20260819,SECTION_11_TO_SECTION_19,41,False
CAS_CLEAN_257,SNP_CAS_CLEAN_257_S11_S19_20260825,SECTION_11_TO_SECTION_19,35,False
CAS_CLEAN_137,SNP_CAS_CLEAN_137_S11_S19_20260903,SECTION_11_TO_SECTION_19,26,False
CAS_CLEAN_118,SNP_CAS_CLEAN_118_S11_S19_20260907,SECTION_11_TO_SECTION_19,22,False
CAS_CLEAN_259,SNP_CAS_CLEAN_259_S11_S19_20260908,SECTION_11_TO_SECTION_19,21,False
CAS_CLEAN_074,SNP_CAS_CLEAN_074_S11_S19_20260911,SECTION_11_TO_SECTION_19,18,False
CAS_CLEAN_048,SNP_CAS_CLEAN_048_S11_S19_20260922,SECTION_11_TO_SECTION_19,7,False
CAS_CLEAN_049,SNP_CAS_CLEAN_049_S11_S19_20260922,SECTION_11_TO_SECTION_19,7,False
CAS_CLEAN_055,SNP_CAS_CLEAN_055_S11_S19_20260922,SECTION_11_TO_SECTION_19,7,False
CAS_CLEAN_056,SNP_CAS_CLEAN_056_S11_S19_20260922,SECTION_11_TO_SECTION_19,7,False
CAS_CLEAN_066,SNP_CAS_CLEAN_066_S11_S19_20260922,SECTION_11_TO_SECTION_19,7,False
CAS_CLEAN_138,SNP_CAS_CLEAN_138_S11_S19_20260922,SECTION_11_TO_SECTION_19,7,False
CAS_CLEAN_158,SNP_CAS_CLEAN_158_S11_S19_20260922,SECTION_11_TO_SECTION_19,7,False
CAS_CLEAN_030,SNP_CAS_CLEAN_030_S19_AWARD_20231222,SECTION_19_TO_AWARD,1012,False
CAS_CLEAN_031,SNP_CAS_CLEAN_031_S19_AWARD_20231222,SECTION_19_TO_AWARD,1012,False
CAS_CLEAN_111,SNP_CAS_CLEAN_111_S19_AWARD_20240307,SECTION_19_TO_AWARD,936,False
CAS_CLEAN_022,SNP_CAS_CLEAN_022_S19_AWARD_20240314,SECTION_19_TO_AWARD,929,False
CAS_CLEAN_030,SNP_CAS_CLEAN_030_S19_AWARD_20240321,SECTION_19_TO_AWARD,922,False
CAS_CLEAN_031,SNP_CAS_CLEAN_031_S19_AWARD_20240321,SECTION_19_TO_AWARD,922,False
CAS_CLEAN_058,SNP_CAS_CLEAN_058_S19_AWARD_20240430,SECTION_19_TO_AWARD,882,False
CAS_CLEAN_059,SNP_CAS_CLEAN_059_S19_AWARD_20240430,SECTION_19_TO_AWARD,882,False
CAS_CLEAN_110,SNP_CAS_CLEAN_110_S19_AWARD_20240430,SECTION_19_TO_AWARD,882,False
CAS_CLEAN_111,SNP_CAS_CLEAN_111_S19_AWARD_20240605,SECTION_19_TO_AWARD,846,False
CAS_CLEAN_022,SNP_CAS_CLEAN_022_S19_AWARD_20240612,SECTION_19_TO_AWARD,839,False
CAS_CLEAN_030,SNP_CAS_CLEAN_030_S19_AWARD_20240619,SECTION_19_TO_AWARD,832,False
CAS_CLEAN_031,SNP_CAS_CLEAN_031_S19_AWARD_20240619,SECTION_19_TO_AWARD,832,False
CAS_CLEAN_058,SNP_CAS_CLEAN_058_S19_AWARD_20240729,SECTION_19_TO_AWARD,792,False
CAS_CLEAN_059,SNP_CAS_CLEAN_059_S19_AWARD_20240729,SECTION_19_TO_AWARD,792,False
CAS_CLEAN_110,SNP_CAS_CLEAN_110_S19_AWARD_20240729,SECTION_19_TO_AWARD,792,False
CAS_CLEAN_044,SNP_CAS_CLEAN_044_S19_AWARD_20240808,SECTION_19_TO_AWARD,782,False
CAS_CLEAN_111,SNP_CAS_CLEAN_111_S19_AWARD_20240903,SECTION_19_TO_AWARD,756,False
CAS_CLEAN_109,SNP_CAS_CLEAN_109_S19_AWARD_20240906,SECTION_19_TO_AWARD,753,False
CAS_CLEAN_022,SNP_CAS_CLEAN_022_S19_AWARD_20240910,SECTION_19_TO_AWARD,749,False
CAS_CLEAN_030,SNP_CAS_CLEAN_030_S19_AWARD_20240917,SECTION_19_TO_AWARD,742,False
CAS_CLEAN_031,SNP_CAS_CLEAN_031_S19_AWARD_20240917,SECTION_19_TO_AWARD,742,False
CAS_CLEAN_058,SNP_CAS_CLEAN_058_S19_AWARD_20241027,SECTION_19_TO_AWARD,702,False
CAS_CLEAN_059,SNP_CAS_CLEAN_059_S19_AWARD_20241027,SECTION_19_TO_AWARD,702,False
CAS_CLEAN_110,SNP_CAS_CLEAN_110_S19_AWARD_20241027,SECTION_19_TO_AWARD,702,False
CAS_CLEAN_044,SNP_CAS_CLEAN_044_S19_AWARD_20241106,SECTION_19_TO_AWARD,692,False
CAS_CLEAN_111,SNP_CAS_CLEAN_111_S19_AWARD_20241202,SECTION_19_TO_AWARD,666,False
CAS_CLEAN_109,SNP_CAS_CLEAN_109_S19_AWARD_20241205,SECTION_19_TO_AWARD,663,False
CAS_CLEAN_022,SNP_CAS_CLEAN_022_S19_AWARD_20241209,SECTION_19_TO_AWARD,659,False
CAS_CLEAN_030,SNP_CAS_CLEAN_030_S19_AWARD_20241221,SECTION_19_TO_AWARD,647,False
CAS_CLEAN_031,SNP_CAS_CLEAN_031_S19_AWARD_20241221,SECTION_19_TO_AWARD,647,False
CAS_CLEAN_139,SNP_CAS_CLEAN_139_S19_AWARD_20250102,SECTION_19_TO_AWARD,635,False
CAS_CLEAN_047,SNP_CAS_CLEAN_047_S19_AWARD_20250114,SECTION_19_TO_AWARD,623,False
CAS_CLEAN_085,SNP_CAS_CLEAN_085_S19_AWARD_20250114,SECTION_19_TO_AWARD,623,False
CAS_CLEAN_038,SNP_CAS_CLEAN_038_S19_AWARD_20250121,SECTION_19_TO_AWARD,616,False
CAS_CLEAN_131,SNP_CAS_CLEAN_131_S19_AWARD_20250121,SECTION_19_TO_AWARD,616,False
CAS_CLEAN_058,SNP_CAS_CLEAN_058_S19_AWARD_20250125,SECTION_19_TO_AWARD,612,False
CAS_CLEAN_059,SNP_CAS_CLEAN_059_S19_AWARD_20250125,SECTION_19_TO_AWARD,612,False
CAS_CLEAN_110,SNP_CAS_CLEAN_110_S19_AWARD_20250125,SECTION_19_TO_AWARD,612,False
CAS_CLEAN_044,SNP_CAS_CLEAN_044_S19_AWARD_20250204,SECTION_19_TO_AWARD,602,False
CAS_CLEAN_088,SNP_CAS_CLEAN_088_S19_AWARD_20250212,SECTION_19_TO_AWARD,594,False
CAS_CLEAN_040,SNP_CAS_CLEAN_040_S19_AWARD_20250225,SECTION_19_TO_AWARD,581,False
CAS_CLEAN_117,SNP_CAS_CLEAN_117_S19_AWARD_20250303,SECTION_19_TO_AWARD,575,False
CAS_CLEAN_109,SNP_CAS_CLEAN_109_S19_AWARD_20250305,SECTION_19_TO_AWARD,573,False
CAS_CLEAN_111,SNP_CAS_CLEAN_111_S19_AWARD_20250307,SECTION_19_TO_AWARD,571,False
CAS_CLEAN_022,SNP_CAS_CLEAN_022_S19_AWARD_20250314,SECTION_19_TO_AWARD,564,False
CAS_CLEAN_139,SNP_CAS_CLEAN_139_S19_AWARD_20250402,SECTION_19_TO_AWARD,545,False
CAS_CLEAN_047,SNP_CAS_CLEAN_047_S19_AWARD_20250414,SECTION_19_TO_AWARD,533,False
CAS_CLEAN_085,SNP_CAS_CLEAN_085_S19_AWARD_20250414,SECTION_19_TO_AWARD,533,False
CAS_CLEAN_038,SNP_CAS_CLEAN_038_S19_AWARD_20250421,SECTION_19_TO_AWARD,526,False
CAS_CLEAN_131,SNP_CAS_CLEAN_131_S19_AWARD_20250421,SECTION_19_TO_AWARD,526,False
CAS_CLEAN_058,SNP_CAS_CLEAN_058_S19_AWARD_20250430,SECTION_19_TO_AWARD,517,False
CAS_CLEAN_059,SNP_CAS_CLEAN_059_S19_AWARD_20250430,SECTION_19_TO_AWARD,517,False
CAS_CLEAN_110,SNP_CAS_CLEAN_110_S19_AWARD_20250430,SECTION_19_TO_AWARD,517,False
CAS_CLEAN_044,SNP_CAS_CLEAN_044_S19_AWARD_20250505,SECTION_19_TO_AWARD,512,False
CAS_CLEAN_088,SNP_CAS_CLEAN_088_S19_AWARD_20250513,SECTION_19_TO_AWARD,504,False
CAS_CLEAN_040,SNP_CAS_CLEAN_040_S19_AWARD_20250526,SECTION_19_TO_AWARD,491,False
CAS_CLEAN_117,SNP_CAS_CLEAN_117_S19_AWARD_20250601,SECTION_19_TO_AWARD,485,False
CAS_CLEAN_109,SNP_CAS_CLEAN_109_S19_AWARD_20250603,SECTION_19_TO_AWARD,483,False
CAS_CLEAN_070,SNP_CAS_CLEAN_070_S19_AWARD_20250619,SECTION_19_TO_AWARD,390,True
CAS_CLEAN_139,SNP_CAS_CLEAN_139_S19_AWARD_20250701,SECTION_19_TO_AWARD,455,False
CAS_CLEAN_034,SNP_CAS_CLEAN_034_S19_AWARD_20250703,SECTION_19_TO_AWARD,453,False
CAS_CLEAN_047,SNP_CAS_CLEAN_047_S19_AWARD_20250713,SECTION_19_TO_AWARD,443,False
CAS_CLEAN_085,SNP_CAS_CLEAN_085_S19_AWARD_20250713,SECTION_19_TO_AWARD,443,False
CAS_CLEAN_038,SNP_CAS_CLEAN_038_S19_AWARD_20250720,SECTION_19_TO_AWARD,436,False
CAS_CLEAN_131,SNP_CAS_CLEAN_131_S19_AWARD_20250720,SECTION_19_TO_AWARD,436,False
CAS_CLEAN_108,SNP_CAS_CLEAN_108_S19_AWARD_20250729,SECTION_19_TO_AWARD,427,False
CAS_CLEAN_044,SNP_CAS_CLEAN_044_S19_AWARD_20250808,SECTION_19_TO_AWARD,417,False
CAS_CLEAN_088,SNP_CAS_CLEAN_088_S19_AWARD_20250811,SECTION_19_TO_AWARD,414,False
CAS_CLEAN_040,SNP_CAS_CLEAN_040_S19_AWARD_20250824,SECTION_19_TO_AWARD,401,False
CAS_CLEAN_117,SNP_CAS_CLEAN_117_S19_AWARD_20250830,SECTION_19_TO_AWARD,395,False
CAS_CLEAN_109,SNP_CAS_CLEAN_109_S19_AWARD_20250906,SECTION_19_TO_AWARD,388,False
CAS_CLEAN_070,SNP_CAS_CLEAN_070_S19_AWARD_20250917,SECTION_19_TO_AWARD,300,True
CAS_CLEAN_139,SNP_CAS_CLEAN_139_S19_AWARD_20250929,SECTION_19_TO_AWARD,365,False
CAS_CLEAN_034,SNP_CAS_CLEAN_034_S19_AWARD_20251001,SECTION_19_TO_AWARD,363,False
CAS_CLEAN_047,SNP_CAS_CLEAN_047_S19_AWARD_20251011,SECTION_19_TO_AWARD,353,False
CAS_CLEAN_085,SNP_CAS_CLEAN_085_S19_AWARD_20251011,SECTION_19_TO_AWARD,353,False
CAS_CLEAN_038,SNP_CAS_CLEAN_038_S19_AWARD_20251018,SECTION_19_TO_AWARD,346,False
CAS_CLEAN_131,SNP_CAS_CLEAN_131_S19_AWARD_20251018,SECTION_19_TO_AWARD,346,False
CAS_CLEAN_108,SNP_CAS_CLEAN_108_S19_AWARD_20251027,SECTION_19_TO_AWARD,337,False
CAS_CLEAN_088,SNP_CAS_CLEAN_088_S19_AWARD_20251109,SECTION_19_TO_AWARD,324,False
CAS_CLEAN_053,SNP_CAS_CLEAN_053_S19_AWARD_20251118,SECTION_19_TO_AWARD,315,False
CAS_CLEAN_070,SNP_CAS_CLEAN_070_S19_AWARD_20251118,SECTION_19_TO_AWARD,238,True
CAS_CLEAN_040,SNP_CAS_CLEAN_040_S19_AWARD_20251122,SECTION_19_TO_AWARD,311,False
CAS_CLEAN_003,SNP_CAS_CLEAN_003_S19_AWARD_20251128,SECTION_19_TO_AWARD,305,False
CAS_CLEAN_006,SNP_CAS_CLEAN_006_S19_AWARD_20251128,SECTION_19_TO_AWARD,305,False
CAS_CLEAN_014,SNP_CAS_CLEAN_014_S19_AWARD_20251128,SECTION_19_TO_AWARD,305,False
CAS_CLEAN_019,SNP_CAS_CLEAN_019_S19_AWARD_20251128,SECTION_19_TO_AWARD,305,False
CAS_CLEAN_060,SNP_CAS_CLEAN_060_S19_AWARD_20251128,SECTION_19_TO_AWARD,305,False
CAS_CLEAN_080,SNP_CAS_CLEAN_080_S19_AWARD_20251128,SECTION_19_TO_AWARD,305,False
CAS_CLEAN_117,SNP_CAS_CLEAN_117_S19_AWARD_20251128,SECTION_19_TO_AWARD,305,False
CAS_CLEAN_129,SNP_CAS_CLEAN_129_S19_AWARD_20251128,SECTION_19_TO_AWARD,305,False
CAS_CLEAN_146,SNP_CAS_CLEAN_146_S19_AWARD_20251128,SECTION_19_TO_AWARD,305,False
CAS_CLEAN_147,SNP_CAS_CLEAN_147_S19_AWARD_20251128,SECTION_19_TO_AWARD,305,False
CAS_CLEAN_015,SNP_CAS_CLEAN_015_S19_AWARD_20251215,SECTION_19_TO_AWARD,288,False
CAS_CLEAN_045,SNP_CAS_CLEAN_045_S19_AWARD_20251215,SECTION_19_TO_AWARD,288,False
CAS_CLEAN_076,SNP_CAS_CLEAN_076_S19_AWARD_20251215,SECTION_19_TO_AWARD,288,False
CAS_CLEAN_114,SNP_CAS_CLEAN_114_S19_AWARD_20251215,SECTION_19_TO_AWARD,288,False
CAS_CLEAN_132,SNP_CAS_CLEAN_132_S19_AWARD_20251215,SECTION_19_TO_AWARD,288,False
CAS_CLEAN_134,SNP_CAS_CLEAN_134_S19_AWARD_20251215,SECTION_19_TO_AWARD,288,False
CAS_CLEAN_070,SNP_CAS_CLEAN_070_S19_AWARD_20251216,SECTION_19_TO_AWARD,210,True
CAS_CLEAN_160,SNP_CAS_CLEAN_160_S19_AWARD_20251219,SECTION_19_TO_AWARD,284,False
CAS_CLEAN_161,SNP_CAS_CLEAN_161_S19_AWARD_20251219,SECTION_19_TO_AWARD,284,False
CAS_CLEAN_162,SNP_CAS_CLEAN_162_S19_AWARD_20251219,SECTION_19_TO_AWARD,284,False
CAS_CLEAN_163,SNP_CAS_CLEAN_163_S19_AWARD_20251219,SECTION_19_TO_AWARD,284,False
CAS_CLEAN_034,SNP_CAS_CLEAN_034_S19_AWARD_20251230,SECTION_19_TO_AWARD,273,False
CAS_CLEAN_139,SNP_CAS_CLEAN_139_S19_AWARD_20260102,SECTION_19_TO_AWARD,270,False
CAS_CLEAN_003,SNP_CAS_CLEAN_003_S19_AWARD_20260112,SECTION_19_TO_AWARD,260,False
CAS_CLEAN_006,SNP_CAS_CLEAN_006_S19_AWARD_20260112,SECTION_19_TO_AWARD,260,False
CAS_CLEAN_014,SNP_CAS_CLEAN_014_S19_AWARD_20260112,SECTION_19_TO_AWARD,260,False
CAS_CLEAN_019,SNP_CAS_CLEAN_019_S19_AWARD_20260112,SECTION_19_TO_AWARD,260,False
CAS_CLEAN_060,SNP_CAS_CLEAN_060_S19_AWARD_20260112,SECTION_19_TO_AWARD,260,False
CAS_CLEAN_080,SNP_CAS_CLEAN_080_S19_AWARD_20260112,SECTION_19_TO_AWARD,260,False
CAS_CLEAN_129,SNP_CAS_CLEAN_129_S19_AWARD_20260112,SECTION_19_TO_AWARD,260,False
CAS_CLEAN_146,SNP_CAS_CLEAN_146_S19_AWARD_20260112,SECTION_19_TO_AWARD,260,False
CAS_CLEAN_147,SNP_CAS_CLEAN_147_S19_AWARD_20260112,SECTION_19_TO_AWARD,260,False
CAS_CLEAN_047,SNP_CAS_CLEAN_047_S19_AWARD_20260114,SECTION_19_TO_AWARD,258,False
CAS_CLEAN_085,SNP_CAS_CLEAN_085_S19_AWARD_20260114,SECTION_19_TO_AWARD,258,False
CAS_CLEAN_015,SNP_CAS_CLEAN_015_S19_AWARD_20260119,SECTION_19_TO_AWARD,253,False
CAS_CLEAN_045,SNP_CAS_CLEAN_045_S19_AWARD_20260119,SECTION_19_TO_AWARD,253,False
CAS_CLEAN_076,SNP_CAS_CLEAN_076_S19_AWARD_20260119,SECTION_19_TO_AWARD,253,False
CAS_CLEAN_134,SNP_CAS_CLEAN_134_S19_AWARD_20260119,SECTION_19_TO_AWARD,253,False
CAS_CLEAN_051,SNP_CAS_CLEAN_051_S19_AWARD_20260120,SECTION_19_TO_AWARD,252,False
CAS_CLEAN_038,SNP_CAS_CLEAN_038_S19_AWARD_20260121,SECTION_19_TO_AWARD,251,False
CAS_CLEAN_131,SNP_CAS_CLEAN_131_S19_AWARD_20260121,SECTION_19_TO_AWARD,251,False
CAS_CLEAN_108,SNP_CAS_CLEAN_108_S19_AWARD_20260125,SECTION_19_TO_AWARD,247,False
CAS_CLEAN_011,SNP_CAS_CLEAN_011_S19_AWARD_20260202,SECTION_19_TO_AWARD,239,False
CAS_CLEAN_088,SNP_CAS_CLEAN_088_S19_AWARD_20260212,SECTION_19_TO_AWARD,229,False
CAS_CLEAN_053,SNP_CAS_CLEAN_053_S19_AWARD_20260216,SECTION_19_TO_AWARD,225,False
CAS_CLEAN_040,SNP_CAS_CLEAN_040_S19_AWARD_20260225,SECTION_19_TO_AWARD,216,False
CAS_CLEAN_003,SNP_CAS_CLEAN_003_S19_AWARD_20260226,SECTION_19_TO_AWARD,215,False
CAS_CLEAN_006,SNP_CAS_CLEAN_006_S19_AWARD_20260226,SECTION_19_TO_AWARD,215,False
CAS_CLEAN_014,SNP_CAS_CLEAN_014_S19_AWARD_20260226,SECTION_19_TO_AWARD,215,False
CAS_CLEAN_019,SNP_CAS_CLEAN_019_S19_AWARD_20260226,SECTION_19_TO_AWARD,215,False
CAS_CLEAN_060,SNP_CAS_CLEAN_060_S19_AWARD_20260226,SECTION_19_TO_AWARD,215,False
CAS_CLEAN_080,SNP_CAS_CLEAN_080_S19_AWARD_20260226,SECTION_19_TO_AWARD,215,False
CAS_CLEAN_129,SNP_CAS_CLEAN_129_S19_AWARD_20260226,SECTION_19_TO_AWARD,215,False
CAS_CLEAN_146,SNP_CAS_CLEAN_146_S19_AWARD_20260226,SECTION_19_TO_AWARD,215,False
CAS_CLEAN_147,SNP_CAS_CLEAN_147_S19_AWARD_20260226,SECTION_19_TO_AWARD,215,False
CAS_CLEAN_117,SNP_CAS_CLEAN_117_S19_AWARD_20260303,SECTION_19_TO_AWARD,210,False
CAS_CLEAN_015,SNP_CAS_CLEAN_015_S19_AWARD_20260315,SECTION_19_TO_AWARD,198,False
CAS_CLEAN_045,SNP_CAS_CLEAN_045_S19_AWARD_20260315,SECTION_19_TO_AWARD,198,False
CAS_CLEAN_076,SNP_CAS_CLEAN_076_S19_AWARD_20260315,SECTION_19_TO_AWARD,198,False
CAS_CLEAN_114,SNP_CAS_CLEAN_114_S19_AWARD_20260315,SECTION_19_TO_AWARD,198,False
CAS_CLEAN_132,SNP_CAS_CLEAN_132_S19_AWARD_20260315,SECTION_19_TO_AWARD,198,False
CAS_CLEAN_134,SNP_CAS_CLEAN_134_S19_AWARD_20260315,SECTION_19_TO_AWARD,198,False
CAS_CLEAN_070,SNP_CAS_CLEAN_070_S19_AWARD_20260316,SECTION_19_TO_AWARD,120,True
CAS_CLEAN_160,SNP_CAS_CLEAN_160_S19_AWARD_20260319,SECTION_19_TO_AWARD,194,False
CAS_CLEAN_161,SNP_CAS_CLEAN_161_S19_AWARD_20260319,SECTION_19_TO_AWARD,194,False
CAS_CLEAN_162,SNP_CAS_CLEAN_162_S19_AWARD_20260319,SECTION_19_TO_AWARD,194,False
CAS_CLEAN_163,SNP_CAS_CLEAN_163_S19_AWARD_20260319,SECTION_19_TO_AWARD,194,False
CAS_CLEAN_034,SNP_CAS_CLEAN_034_S19_AWARD_20260330,SECTION_19_TO_AWARD,183,False
CAS_CLEAN_124,SNP_CAS_CLEAN_124_S19_AWARD_20260330,SECTION_19_TO_AWARD,183,False
CAS_CLEAN_051,SNP_CAS_CLEAN_051_S19_AWARD_20260420,SECTION_19_TO_AWARD,162,False
CAS_CLEAN_108,SNP_CAS_CLEAN_108_S19_AWARD_20260425,SECTION_19_TO_AWARD,157,False
CAS_CLEAN_011,SNP_CAS_CLEAN_011_S19_AWARD_20260503,SECTION_19_TO_AWARD,149,False
CAS_CLEAN_053,SNP_CAS_CLEAN_053_S19_AWARD_20260517,SECTION_19_TO_AWARD,135,False
CAS_CLEAN_003,SNP_CAS_CLEAN_003_S19_AWARD_20260527,SECTION_19_TO_AWARD,125,False
CAS_CLEAN_006,SNP_CAS_CLEAN_006_S19_AWARD_20260527,SECTION_19_TO_AWARD,125,False
CAS_CLEAN_014,SNP_CAS_CLEAN_014_S19_AWARD_20260527,SECTION_19_TO_AWARD,125,False
CAS_CLEAN_019,SNP_CAS_CLEAN_019_S19_AWARD_20260527,SECTION_19_TO_AWARD,125,False
CAS_CLEAN_060,SNP_CAS_CLEAN_060_S19_AWARD_20260527,SECTION_19_TO_AWARD,125,False
CAS_CLEAN_080,SNP_CAS_CLEAN_080_S19_AWARD_20260527,SECTION_19_TO_AWARD,125,False
CAS_CLEAN_129,SNP_CAS_CLEAN_129_S19_AWARD_20260527,SECTION_19_TO_AWARD,125,False
CAS_CLEAN_146,SNP_CAS_CLEAN_146_S19_AWARD_20260527,SECTION_19_TO_AWARD,125,False
CAS_CLEAN_147,SNP_CAS_CLEAN_147_S19_AWARD_20260527,SECTION_19_TO_AWARD,125,False
CAS_CLEAN_015,SNP_CAS_CLEAN_015_S19_AWARD_20260613,SECTION_19_TO_AWARD,108,False
CAS_CLEAN_045,SNP_CAS_CLEAN_045_S19_AWARD_20260613,SECTION_19_TO_AWARD,108,False
CAS_CLEAN_076,SNP_CAS_CLEAN_076_S19_AWARD_20260613,SECTION_19_TO_AWARD,108,False
CAS_CLEAN_114,SNP_CAS_CLEAN_114_S19_AWARD_20260613,SECTION_19_TO_AWARD,108,False
CAS_CLEAN_132,SNP_CAS_CLEAN_132_S19_AWARD_20260613,SECTION_19_TO_AWARD,108,False
CAS_CLEAN_134,SNP_CAS_CLEAN_134_S19_AWARD_20260613,SECTION_19_TO_AWARD,108,False
CAS_CLEAN_160,SNP_CAS_CLEAN_160_S19_AWARD_20260617,SECTION_19_TO_AWARD,104,False
CAS_CLEAN_161,SNP_CAS_CLEAN_161_S19_AWARD_20260617,SECTION_19_TO_AWARD,104,False
CAS_CLEAN_162,SNP_CAS_CLEAN_162_S19_AWARD_20260617,SECTION_19_TO_AWARD,104,False
CAS_CLEAN_163,SNP_CAS_CLEAN_163_S19_AWARD_20260617,SECTION_19_TO_AWARD,104,False
CAS_CLEAN_070,SNP_CAS_CLEAN_070_S19_AWARD_20260619,SECTION_19_TO_AWARD,25,True
CAS_CLEAN_124,SNP_CAS_CLEAN_124_S19_AWARD_20260628,SECTION_19_TO_AWARD,93,False
CAS_CLEAN_034,SNP_CAS_CLEAN_034_S19_AWARD_20260703,SECTION_19_TO_AWARD,88,False
CAS_CLEAN_051,SNP_CAS_CLEAN_051_S19_AWARD_20260719,SECTION_19_TO_AWARD,72,False
CAS_CLEAN_108,SNP_CAS_CLEAN_108_S19_AWARD_20260729,SECTION_19_TO_AWARD,62,False
CAS_CLEAN_011,SNP_CAS_CLEAN_011_S19_AWARD_20260801,SECTION_19_TO_AWARD,59,False
CAS_CLEAN_170,SNP_CAS_CLEAN_170_S19_AWARD_20260807,SECTION_19_TO_AWARD,53,False
CAS_CLEAN_171,SNP_CAS_CLEAN_171_S19_AWARD_20260814,SECTION_19_TO_AWARD,46,False
CAS_CLEAN_053,SNP_CAS_CLEAN_053_S19_AWARD_20260815,SECTION_19_TO_AWARD,45,False
CAS_CLEAN_098,SNP_CAS_CLEAN_098_S19_AWARD_20260817,SECTION_19_TO_AWARD,43,False
CAS_CLEAN_037,SNP_CAS_CLEAN_037_S19_AWARD_20260821,SECTION_19_TO_AWARD,39,False
CAS_CLEAN_003,SNP_CAS_CLEAN_003_S19_AWARD_20260825,SECTION_19_TO_AWARD,35,False
CAS_CLEAN_006,SNP_CAS_CLEAN_006_S19_AWARD_20260825,SECTION_19_TO_AWARD,35,False
CAS_CLEAN_014,SNP_CAS_CLEAN_014_S19_AWARD_20260825,SECTION_19_TO_AWARD,35,False
CAS_CLEAN_019,SNP_CAS_CLEAN_019_S19_AWARD_20260825,SECTION_19_TO_AWARD,35,False
CAS_CLEAN_060,SNP_CAS_CLEAN_060_S19_AWARD_20260825,SECTION_19_TO_AWARD,35,False
CAS_CLEAN_080,SNP_CAS_CLEAN_080_S19_AWARD_20260825,SECTION_19_TO_AWARD,35,False
CAS_CLEAN_129,SNP_CAS_CLEAN_129_S19_AWARD_20260825,SECTION_19_TO_AWARD,35,False
CAS_CLEAN_146,SNP_CAS_CLEAN_146_S19_AWARD_20260825,SECTION_19_TO_AWARD,35,False
CAS_CLEAN_147,SNP_CAS_CLEAN_147_S19_AWARD_20260825,SECTION_19_TO_AWARD,35,False
CAS_CLEAN_015,SNP_CAS_CLEAN_015_S19_AWARD_20260911,SECTION_19_TO_AWARD,18,False
CAS_CLEAN_045,SNP_CAS_CLEAN_045_S19_AWARD_20260911,SECTION_19_TO_AWARD,18,False
CAS_CLEAN_076,SNP_CAS_CLEAN_076_S19_AWARD_20260911,SECTION_19_TO_AWARD,18,False
CAS_CLEAN_114,SNP_CAS_CLEAN_114_S19_AWARD_20260911,SECTION_19_TO_AWARD,18,False
CAS_CLEAN_132,SNP_CAS_CLEAN_132_S19_AWARD_20260911,SECTION_19_TO_AWARD,18,False
CAS_CLEAN_134,SNP_CAS_CLEAN_134_S19_AWARD_20260911,SECTION_19_TO_AWARD,18,False
CAS_CLEAN_160,SNP_CAS_CLEAN_160_S19_AWARD_20260915,SECTION_19_TO_AWARD,14,False
CAS_CLEAN_161,SNP_CAS_CLEAN_161_S19_AWARD_20260915,SECTION_19_TO_AWARD,14,False
CAS_CLEAN_162,SNP_CAS_CLEAN_162_S19_AWARD_20260915,SECTION_19_TO_AWARD,14,False
CAS_CLEAN_163,SNP_CAS_CLEAN_163_S19_AWARD_20260915,SECTION_19_TO_AWARD,14,False
CAS_CLEAN_124,SNP_CAS_CLEAN_124_S19_AWARD_20260926,SECTION_19_TO_AWARD,3,False
