case_id,snapshot_id,transition,duration_at_risk_days,event_observed,entry_date,snapshot_date,event_date,censoring_date
CAS_CLEAN_271,SNP_CAS_CLEAN_271_CASE_INITIATION_MILESTONE_20190921,CASE_INITIATION_TO_MILESTONE,2565,False,2019-09-21,2019-09-21,,2026-09-29
CAS_CLEAN_271,SNP_CAS_CLEAN_271_CASE_INITIATION_MILESTONE_20191220,CASE_INITIATION_TO_MILESTONE,2475,False,2019-09-21,2019-12-20,,2026-09-29
CAS_CLEAN_271,SNP_CAS_CLEAN_271_CASE_INITIATION_MILESTONE_20200319,CASE_INITIATION_TO_MILESTONE,2385,False,2019-09-21,2020-03-19,,2026-09-29
CAS_CLEAN_271,SNP_CAS_CLEAN_271_CASE_INITIATION_MILESTONE_20200617,CASE_INITIATION_TO_MILESTONE,2295,False,2019-09-21,2020-06-17,,2026-09-29
CAS_CLEAN_271,SNP_CAS_CLEAN_271_CASE_INITIATION_MILESTONE_20200920,CASE_INITIATION_TO_MILESTONE,2200,False,2019-09-21,2020-09-20,,2026-09-29
CAS_CLEAN_271,SNP_CAS_CLEAN_271_CASE_INITIATION_MILESTONE_20210920,CASE_INITIATION_TO_MILESTONE,1835,False,2019-09-21,2021-09-20,,2026-09-29
CAS_CLEAN_268,SNP_CAS_CLEAN_268_CASE_INITIATION_MILESTONE_20221111,CASE_INITIATION_TO_MILESTONE,1418,False,2022-11-11,2022-11-11,,2026-09-29
CAS_CLEAN_269,SNP_CAS_CLEAN_269_CASE_INITIATION_MILESTONE_20221111,CASE_INITIATION_TO_MILESTONE,1418,False,2022-11-11,2022-11-11,,2026-09-29
CAS_CLEAN_270,SNP_CAS_CLEAN_270_CASE_INITIATION_MILESTONE_20221111,CASE_INITIATION_TO_MILESTONE,1418,False,2022-11-11,2022-11-11,,2026-09-29
CAS_CLEAN_267,SNP_CAS_CLEAN_267_CASE_INITIATION_MILESTONE_20221117,CASE_INITIATION_TO_MILESTONE,1412,False,2022-11-17,2022-11-17,,2026-09-29
CAS_CLEAN_268,SNP_CAS_CLEAN_268_CASE_INITIATION_MILESTONE_20230209,CASE_INITIATION_TO_MILESTONE,1328,False,2022-11-11,2023-02-09,,2026-09-29
CAS_CLEAN_269,SNP_CAS_CLEAN_269_CASE_INITIATION_MILESTONE_20230209,CASE_INITIATION_TO_MILESTONE,1328,False,2022-11-11,2023-02-09,,2026-09-29
CAS_CLEAN_270,SNP_CAS_CLEAN_270_CASE_INITIATION_MILESTONE_20230209,CASE_INITIATION_TO_MILESTONE,1328,False,2022-11-11,2023-02-09,,2026-09-29
CAS_CLEAN_267,SNP_CAS_CLEAN_267_CASE_INITIATION_MILESTONE_20230215,CASE_INITIATION_TO_MILESTONE,1322,False,2022-11-17,2023-02-15,,2026-09-29
CAS_CLEAN_268,SNP_CAS_CLEAN_268_CASE_INITIATION_MILESTONE_20230510,CASE_INITIATION_TO_MILESTONE,1238,False,2022-11-11,2023-05-10,,2026-09-29
CAS_CLEAN_269,SNP_CAS_CLEAN_269_CASE_INITIATION_MILESTONE_20230510,CASE_INITIATION_TO_MILESTONE,1238,False,2022-11-11,2023-05-10,,2026-09-29
CAS_CLEAN_270,SNP_CAS_CLEAN_270_CASE_INITIATION_MILESTONE_20230510,CASE_INITIATION_TO_MILESTONE,1238,False,2022-11-11,2023-05-10,,2026-09-29
CAS_CLEAN_267,SNP_CAS_CLEAN_267_CASE_INITIATION_MILESTONE_20230516,CASE_INITIATION_TO_MILESTONE,1232,False,2022-11-17,2023-05-16,,2026-09-29
CAS_CLEAN_268,SNP_CAS_CLEAN_268_CASE_INITIATION_MILESTONE_20230808,CASE_INITIATION_TO_MILESTONE,1148,False,2022-11-11,2023-08-08,,2026-09-29
CAS_CLEAN_269,SNP_CAS_CLEAN_269_CASE_INITIATION_MILESTONE_20230808,CASE_INITIATION_TO_MILESTONE,1148,False,2022-11-11,2023-08-08,,2026-09-29
CAS_CLEAN_270,SNP_CAS_CLEAN_270_CASE_INITIATION_MILESTONE_20230808,CASE_INITIATION_TO_MILESTONE,1148,False,2022-11-11,2023-08-08,,2026-09-29
CAS_CLEAN_267,SNP_CAS_CLEAN_267_CASE_INITIATION_MILESTONE_20230814,CASE_INITIATION_TO_MILESTONE,1142,False,2022-11-17,2023-08-14,,2026-09-29
CAS_CLEAN_268,SNP_CAS_CLEAN_268_CASE_INITIATION_MILESTONE_20231111,CASE_INITIATION_TO_MILESTONE,1053,False,2022-11-11,2023-11-11,,2026-09-29
CAS_CLEAN_269,SNP_CAS_CLEAN_269_CASE_INITIATION_MILESTONE_20231111,CASE_INITIATION_TO_MILESTONE,1053,False,2022-11-11,2023-11-11,,2026-09-29
CAS_CLEAN_270,SNP_CAS_CLEAN_270_CASE_INITIATION_MILESTONE_20231111,CASE_INITIATION_TO_MILESTONE,1053,False,2022-11-11,2023-11-11,,2026-09-29
CAS_CLEAN_267,SNP_CAS_CLEAN_267_CASE_INITIATION_MILESTONE_20231117,CASE_INITIATION_TO_MILESTONE,1047,False,2022-11-17,2023-11-17,,2026-09-29
CAS_CLEAN_087,SNP_CAS_CLEAN_087_CASE_INITIATION_MILESTONE_20240131,CASE_INITIATION_TO_MILESTONE,972,False,2024-01-31,2024-01-31,,2026-09-29
CAS_CLEAN_002,SNP_CAS_CLEAN_002_CASE_INITIATION_MILESTONE_20240222,CASE_INITIATION_TO_MILESTONE,950,False,2024-02-22,2024-02-22,,2026-09-29
CAS_CLEAN_029,SNP_CAS_CLEAN_029_CASE_INITIATION_MILESTONE_20240227,CASE_INITIATION_TO_MILESTONE,945,False,2024-02-27,2024-02-27,,2026-09-29
CAS_CLEAN_021,SNP_CAS_CLEAN_021_CASE_INITIATION_MILESTONE_20240305,CASE_INITIATION_TO_MILESTONE,938,False,2024-03-05,2024-03-05,,2026-09-29
CAS_CLEAN_164,SNP_CAS_CLEAN_164_CASE_INITIATION_MILESTONE_20240313,CASE_INITIATION_TO_MILESTONE,930,False,2024-03-13,2024-03-13,,2026-09-29
CAS_CLEAN_165,SNP_CAS_CLEAN_165_CASE_INITIATION_MILESTONE_20240313,CASE_INITIATION_TO_MILESTONE,930,False,2024-03-13,2024-03-13,,2026-09-29
CAS_CLEAN_039,SNP_CAS_CLEAN_039_CASE_INITIATION_MILESTONE_20240314,CASE_INITIATION_TO_MILESTONE,929,False,2024-03-14,2024-03-14,,2026-09-29
CAS_CLEAN_041,SNP_CAS_CLEAN_041_CASE_INITIATION_MILESTONE_20240314,CASE_INITIATION_TO_MILESTONE,929,False,2024-03-14,2024-03-14,,2026-09-29
CAS_CLEAN_136,SNP_CAS_CLEAN_136_CASE_INITIATION_MILESTONE_20240314,CASE_INITIATION_TO_MILESTONE,929,False,2024-03-14,2024-03-14,,2026-09-29
CAS_CLEAN_087,SNP_CAS_CLEAN_087_CASE_INITIATION_MILESTONE_20240430,CASE_INITIATION_TO_MILESTONE,882,False,2024-01-31,2024-04-30,,2026-09-29
CAS_CLEAN_002,SNP_CAS_CLEAN_002_CASE_INITIATION_MILESTONE_20240522,CASE_INITIATION_TO_MILESTONE,860,False,2024-02-22,2024-05-22,,2026-09-29
CAS_CLEAN_029,SNP_CAS_CLEAN_029_CASE_INITIATION_MILESTONE_20240527,CASE_INITIATION_TO_MILESTONE,855,False,2024-02-27,2024-05-27,,2026-09-29
CAS_CLEAN_021,SNP_CAS_CLEAN_021_CASE_INITIATION_MILESTONE_20240603,CASE_INITIATION_TO_MILESTONE,848,False,2024-03-05,2024-06-03,,2026-09-29
CAS_CLEAN_164,SNP_CAS_CLEAN_164_CASE_INITIATION_MILESTONE_20240611,CASE_INITIATION_TO_MILESTONE,840,False,2024-03-13,2024-06-11,,2026-09-29
CAS_CLEAN_165,SNP_CAS_CLEAN_165_CASE_INITIATION_MILESTONE_20240611,CASE_INITIATION_TO_MILESTONE,840,False,2024-03-13,2024-06-11,,2026-09-29
CAS_CLEAN_039,SNP_CAS_CLEAN_039_CASE_INITIATION_MILESTONE_20240612,CASE_INITIATION_TO_MILESTONE,839,False,2024-03-14,2024-06-12,,2026-09-29
CAS_CLEAN_041,SNP_CAS_CLEAN_041_CASE_INITIATION_MILESTONE_20240612,CASE_INITIATION_TO_MILESTONE,839,False,2024-03-14,2024-06-12,,2026-09-29
CAS_CLEAN_136,SNP_CAS_CLEAN_136_CASE_INITIATION_MILESTONE_20240612,CASE_INITIATION_TO_MILESTONE,839,False,2024-03-14,2024-06-12,,2026-09-29
CAS_CLEAN_126,SNP_CAS_CLEAN_126_CASE_INITIATION_MILESTONE_20240625,CASE_INITIATION_TO_MILESTONE,826,False,2024-06-25,2024-06-25,,2026-09-29
CAS_CLEAN_127,SNP_CAS_CLEAN_127_CASE_INITIATION_MILESTONE_20240625,CASE_INITIATION_TO_MILESTONE,826,False,2024-06-25,2024-06-25,,2026-09-29
CAS_CLEAN_020,SNP_CAS_CLEAN_020_CASE_INITIATION_MILESTONE_20240710,CASE_INITIATION_TO_MILESTONE,811,False,2024-07-10,2024-07-10,,2026-09-29
CAS_CLEAN_032,SNP_CAS_CLEAN_032_CASE_INITIATION_MILESTONE_20240729,CASE_INITIATION_TO_MILESTONE,792,False,2024-07-29,2024-07-29,,2026-09-29
CAS_CLEAN_087,SNP_CAS_CLEAN_087_CASE_INITIATION_MILESTONE_20240729,CASE_INITIATION_TO_MILESTONE,792,False,2024-01-31,2024-07-29,,2026-09-29
CAS_CLEAN_094,SNP_CAS_CLEAN_094_CASE_INITIATION_MILESTONE_20240806,CASE_INITIATION_TO_MILESTONE,784,False,2024-08-06,2024-08-06,,2026-09-29
CAS_CLEAN_140,SNP_CAS_CLEAN_140_CASE_INITIATION_MILESTONE_20240808,CASE_INITIATION_TO_MILESTONE,782,False,2024-08-08,2024-08-08,,2026-09-29
CAS_CLEAN_061,SNP_CAS_CLEAN_061_CASE_INITIATION_MILESTONE_20240814,CASE_INITIATION_TO_MILESTONE,776,False,2024-08-14,2024-08-14,,2026-09-29
CAS_CLEAN_002,SNP_CAS_CLEAN_002_CASE_INITIATION_MILESTONE_20240820,CASE_INITIATION_TO_MILESTONE,770,False,2024-02-22,2024-08-20,,2026-09-29
CAS_CLEAN_099,SNP_CAS_CLEAN_099_CASE_INITIATION_MILESTONE_20240822,CASE_INITIATION_TO_MILESTONE,768,False,2024-08-22,2024-08-22,,2026-09-29
CAS_CLEAN_128,SNP_CAS_CLEAN_128_CASE_INITIATION_MILESTONE_20240822,CASE_INITIATION_TO_MILESTONE,768,False,2024-08-22,2024-08-22,,2026-09-29
CAS_CLEAN_029,SNP_CAS_CLEAN_029_CASE_INITIATION_MILESTONE_20240825,CASE_INITIATION_TO_MILESTONE,765,False,2024-02-27,2024-08-25,,2026-09-29
CAS_CLEAN_021,SNP_CAS_CLEAN_021_CASE_INITIATION_MILESTONE_20240901,CASE_INITIATION_TO_MILESTONE,758,False,2024-03-05,2024-09-01,,2026-09-29
CAS_CLEAN_164,SNP_CAS_CLEAN_164_CASE_INITIATION_MILESTONE_20240909,CASE_INITIATION_TO_MILESTONE,750,False,2024-03-13,2024-09-09,,2026-09-29
CAS_CLEAN_165,SNP_CAS_CLEAN_165_CASE_INITIATION_MILESTONE_20240909,CASE_INITIATION_TO_MILESTONE,750,False,2024-03-13,2024-09-09,,2026-09-29
CAS_CLEAN_039,SNP_CAS_CLEAN_039_CASE_INITIATION_MILESTONE_20240910,CASE_INITIATION_TO_MILESTONE,749,False,2024-03-14,2024-09-10,,2026-09-29
CAS_CLEAN_041,SNP_CAS_CLEAN_041_CASE_INITIATION_MILESTONE_20240910,CASE_INITIATION_TO_MILESTONE,749,False,2024-03-14,2024-09-10,,2026-09-29
CAS_CLEAN_136,SNP_CAS_CLEAN_136_CASE_INITIATION_MILESTONE_20240910,CASE_INITIATION_TO_MILESTONE,749,False,2024-03-14,2024-09-10,,2026-09-29
CAS_CLEAN_126,SNP_CAS_CLEAN_126_CASE_INITIATION_MILESTONE_20240923,CASE_INITIATION_TO_MILESTONE,736,False,2024-06-25,2024-09-23,,2026-09-29
CAS_CLEAN_127,SNP_CAS_CLEAN_127_CASE_INITIATION_MILESTONE_20240923,CASE_INITIATION_TO_MILESTONE,736,False,2024-06-25,2024-09-23,,2026-09-29
CAS_CLEAN_096,SNP_CAS_CLEAN_096_CASE_INITIATION_MILESTONE_20241001,CASE_INITIATION_TO_MILESTONE,728,False,2024-10-01,2024-10-01,,2026-09-29
CAS_CLEAN_020,SNP_CAS_CLEAN_020_CASE_INITIATION_MILESTONE_20241008,CASE_INITIATION_TO_MILESTONE,721,False,2024-07-10,2024-10-08,,2026-09-29
CAS_CLEAN_071,SNP_CAS_CLEAN_071_CASE_INITIATION_MILESTONE_20241011,CASE_INITIATION_TO_MILESTONE,718,False,2024-10-11,2024-10-11,,2026-09-29
CAS_CLEAN_032,SNP_CAS_CLEAN_032_CASE_INITIATION_MILESTONE_20241027,CASE_INITIATION_TO_MILESTONE,702,False,2024-07-29,2024-10-27,,2026-09-29
CAS_CLEAN_087,SNP_CAS_CLEAN_087_CASE_INITIATION_MILESTONE_20241027,CASE_INITIATION_TO_MILESTONE,702,False,2024-01-31,2024-10-27,,2026-09-29
CAS_CLEAN_094,SNP_CAS_CLEAN_094_CASE_INITIATION_MILESTONE_20241104,CASE_INITIATION_TO_MILESTONE,694,False,2024-08-06,2024-11-04,,2026-09-29
CAS_CLEAN_140,SNP_CAS_CLEAN_140_CASE_INITIATION_MILESTONE_20241106,CASE_INITIATION_TO_MILESTONE,692,False,2024-08-08,2024-11-06,,2026-09-29
CAS_CLEAN_268,SNP_CAS_CLEAN_268_CASE_INITIATION_MILESTONE_20241110,CASE_INITIATION_TO_MILESTONE,688,False,2022-11-11,2024-11-10,,2026-09-29
CAS_CLEAN_269,SNP_CAS_CLEAN_269_CASE_INITIATION_MILESTONE_20241110,CASE_INITIATION_TO_MILESTONE,688,False,2022-11-11,2024-11-10,,2026-09-29
CAS_CLEAN_270,SNP_CAS_CLEAN_270_CASE_INITIATION_MILESTONE_20241110,CASE_INITIATION_TO_MILESTONE,688,False,2022-11-11,2024-11-10,,2026-09-29
CAS_CLEAN_061,SNP_CAS_CLEAN_061_CASE_INITIATION_MILESTONE_20241112,CASE_INITIATION_TO_MILESTONE,686,False,2024-08-14,2024-11-12,,2026-09-29
CAS_CLEAN_267,SNP_CAS_CLEAN_267_CASE_INITIATION_MILESTONE_20241116,CASE_INITIATION_TO_MILESTONE,682,False,2022-11-17,2024-11-16,,2026-09-29
CAS_CLEAN_002,SNP_CAS_CLEAN_002_CASE_INITIATION_MILESTONE_20241118,CASE_INITIATION_TO_MILESTONE,680,False,2024-02-22,2024-11-18,,2026-09-29
CAS_CLEAN_099,SNP_CAS_CLEAN_099_CASE_INITIATION_MILESTONE_20241120,CASE_INITIATION_TO_MILESTONE,678,False,2024-08-22,2024-11-20,,2026-09-29
CAS_CLEAN_128,SNP_CAS_CLEAN_128_CASE_INITIATION_MILESTONE_20241120,CASE_INITIATION_TO_MILESTONE,678,False,2024-08-22,2024-11-20,,2026-09-29
CAS_CLEAN_029,SNP_CAS_CLEAN_029_CASE_INITIATION_MILESTONE_20241123,CASE_INITIATION_TO_MILESTONE,675,False,2024-02-27,2024-11-23,,2026-09-29
CAS_CLEAN_021,SNP_CAS_CLEAN_021_CASE_INITIATION_MILESTONE_20241130,CASE_INITIATION_TO_MILESTONE,668,False,2024-03-05,2024-11-30,,2026-09-29
CAS_CLEAN_148,SNP_CAS_CLEAN_148_CASE_INITIATION_MILESTONE_20241202,CASE_INITIATION_TO_MILESTONE,666,False,2024-12-02,2024-12-02,,2026-09-29
CAS_CLEAN_164,SNP_CAS_CLEAN_164_CASE_INITIATION_MILESTONE_20241208,CASE_INITIATION_TO_MILESTONE,660,False,2024-03-13,2024-12-08,,2026-09-29
CAS_CLEAN_165,SNP_CAS_CLEAN_165_CASE_INITIATION_MILESTONE_20241208,CASE_INITIATION_TO_MILESTONE,660,False,2024-03-13,2024-12-08,,2026-09-29
CAS_CLEAN_039,SNP_CAS_CLEAN_039_CASE_INITIATION_MILESTONE_20241209,CASE_INITIATION_TO_MILESTONE,659,False,2024-03-14,2024-12-09,,2026-09-29
CAS_CLEAN_041,SNP_CAS_CLEAN_041_CASE_INITIATION_MILESTONE_20241209,CASE_INITIATION_TO_MILESTONE,659,False,2024-03-14,2024-12-09,,2026-09-29
CAS_CLEAN_136,SNP_CAS_CLEAN_136_CASE_INITIATION_MILESTONE_20241209,CASE_INITIATION_TO_MILESTONE,659,False,2024-03-14,2024-12-09,,2026-09-29
CAS_CLEAN_005,SNP_CAS_CLEAN_005_CASE_INITIATION_MILESTONE_20241210,CASE_INITIATION_TO_MILESTONE,658,False,2024-12-10,2024-12-10,,2026-09-29
CAS_CLEAN_079,SNP_CAS_CLEAN_079_CASE_INITIATION_MILESTONE_20241210,CASE_INITIATION_TO_MILESTONE,658,False,2024-12-10,2024-12-10,,2026-09-29
CAS_CLEAN_145,SNP_CAS_CLEAN_145_CASE_INITIATION_MILESTONE_20241210,CASE_INITIATION_TO_MILESTONE,658,False,2024-12-10,2024-12-10,,2026-09-29
CAS_CLEAN_091,SNP_CAS_CLEAN_091_CASE_INITIATION_MILESTONE_20241212,CASE_INITIATION_TO_MILESTONE,656,False,2024-12-12,2024-12-12,,2026-09-29
CAS_CLEAN_126,SNP_CAS_CLEAN_126_CASE_INITIATION_MILESTONE_20241222,CASE_INITIATION_TO_MILESTONE,646,False,2024-06-25,2024-12-22,,2026-09-29
CAS_CLEAN_127,SNP_CAS_CLEAN_127_CASE_INITIATION_MILESTONE_20241222,CASE_INITIATION_TO_MILESTONE,646,False,2024-06-25,2024-12-22,,2026-09-29
CAS_CLEAN_228,SNP_CAS_CLEAN_228_CASE_INITIATION_MILESTONE_20241223,CASE_INITIATION_TO_MILESTONE,645,False,2024-12-23,2024-12-23,,2026-09-29
CAS_CLEAN_229,SNP_CAS_CLEAN_229_CASE_INITIATION_MILESTONE_20241223,CASE_INITIATION_TO_MILESTONE,645,False,2024-12-23,2024-12-23,,2026-09-29
CAS_CLEAN_230,SNP_CAS_CLEAN_230_CASE_INITIATION_MILESTONE_20241223,CASE_INITIATION_TO_MILESTONE,645,False,2024-12-23,2024-12-23,,2026-09-29
CAS_CLEAN_231,SNP_CAS_CLEAN_231_CASE_INITIATION_MILESTONE_20241223,CASE_INITIATION_TO_MILESTONE,645,False,2024-12-23,2024-12-23,,2026-09-29
CAS_CLEAN_232,SNP_CAS_CLEAN_232_CASE_INITIATION_MILESTONE_20241223,CASE_INITIATION_TO_MILESTONE,645,False,2024-12-23,2024-12-23,,2026-09-29
CAS_CLEAN_242,SNP_CAS_CLEAN_242_CASE_INITIATION_MILESTONE_20241223,CASE_INITIATION_TO_MILESTONE,645,False,2024-12-23,2024-12-23,,2026-09-29
CAS_CLEAN_001,SNP_CAS_CLEAN_001_CASE_INITIATION_MILESTONE_20241227,CASE_INITIATION_TO_MILESTONE,641,False,2024-12-27,2024-12-27,,2026-09-29
CAS_CLEAN_227,SNP_CAS_CLEAN_227_CASE_INITIATION_MILESTONE_20241227,CASE_INITIATION_TO_MILESTONE,641,False,2024-12-27,2024-12-27,,2026-09-29
CAS_CLEAN_240,SNP_CAS_CLEAN_240_CASE_INITIATION_MILESTONE_20241227,CASE_INITIATION_TO_MILESTONE,641,False,2024-12-27,2024-12-27,,2026-09-29
CAS_CLEAN_096,SNP_CAS_CLEAN_096_CASE_INITIATION_MILESTONE_20241230,CASE_INITIATION_TO_MILESTONE,638,False,2024-10-01,2024-12-30,,2026-09-29
CAS_CLEAN_095,SNP_CAS_CLEAN_095_CASE_INITIATION_MILESTONE_20250101,CASE_INITIATION_TO_MILESTONE,636,False,2025-01-01,2025-01-01,,2026-09-29
CAS_CLEAN_214,SNP_CAS_CLEAN_214_CASE_INITIATION_MILESTONE_20250101,CASE_INITIATION_TO_MILESTONE,636,False,2025-01-01,2025-01-01,,2026-09-29
CAS_CLEAN_223,SNP_CAS_CLEAN_223_CASE_INITIATION_MILESTONE_20250101,CASE_INITIATION_TO_MILESTONE,636,False,2025-01-01,2025-01-01,,2026-09-29
CAS_CLEAN_224,SNP_CAS_CLEAN_224_CASE_INITIATION_MILESTONE_20250101,CASE_INITIATION_TO_MILESTONE,636,False,2025-01-01,2025-01-01,,2026-09-29
CAS_CLEAN_225,SNP_CAS_CLEAN_225_CASE_INITIATION_MILESTONE_20250101,CASE_INITIATION_TO_MILESTONE,636,False,2025-01-01,2025-01-01,,2026-09-29
CAS_CLEAN_185,SNP_CAS_CLEAN_185_CASE_INITIATION_MILESTONE_20250103,CASE_INITIATION_TO_MILESTONE,634,False,2025-01-03,2025-01-03,,2026-09-29
CAS_CLEAN_020,SNP_CAS_CLEAN_020_CASE_INITIATION_MILESTONE_20250106,CASE_INITIATION_TO_MILESTONE,631,False,2024-07-10,2025-01-06,,2026-09-29
CAS_CLEAN_071,SNP_CAS_CLEAN_071_CASE_INITIATION_MILESTONE_20250109,CASE_INITIATION_TO_MILESTONE,628,False,2024-10-11,2025-01-09,,2026-09-29
CAS_CLEAN_009,SNP_CAS_CLEAN_009_CASE_INITIATION_MILESTONE_20250114,CASE_INITIATION_TO_MILESTONE,623,False,2025-01-14,2025-01-14,,2026-09-29
CAS_CLEAN_064,SNP_CAS_CLEAN_064_CASE_INITIATION_MILESTONE_20250114,CASE_INITIATION_TO_MILESTONE,623,False,2025-01-14,2025-01-14,,2026-09-29
CAS_CLEAN_120,SNP_CAS_CLEAN_120_CASE_INITIATION_MILESTONE_20250114,CASE_INITIATION_TO_MILESTONE,623,False,2025-01-14,2025-01-14,,2026-09-29
CAS_CLEAN_005,SNP_CAS_CLEAN_005_CASE_INITIATION_MILESTONE_20250115,CASE_INITIATION_TO_MILESTONE,622,False,2024-12-10,2025-01-15,,2026-09-29
CAS_CLEAN_079,SNP_CAS_CLEAN_079_CASE_INITIATION_MILESTONE_20250115,CASE_INITIATION_TO_MILESTONE,622,False,2024-12-10,2025-01-15,,2026-09-29
CAS_CLEAN_145,SNP_CAS_CLEAN_145_CASE_INITIATION_MILESTONE_20250115,CASE_INITIATION_TO_MILESTONE,622,False,2024-12-10,2025-01-15,,2026-09-29
CAS_CLEAN_149,SNP_CAS_CLEAN_149_CASE_INITIATION_MILESTONE_20250115,CASE_INITIATION_TO_MILESTONE,622,False,2025-01-15,2025-01-15,,2026-09-29
CAS_CLEAN_156,SNP_CAS_CLEAN_156_CASE_INITIATION_MILESTONE_20250115,CASE_INITIATION_TO_MILESTONE,622,False,2025-01-15,2025-01-15,,2026-09-29
CAS_CLEAN_054,SNP_CAS_CLEAN_054_CASE_INITIATION_MILESTONE_20250122,CASE_INITIATION_TO_MILESTONE,615,False,2025-01-22,2025-01-22,,2026-09-29
CAS_CLEAN_057,SNP_CAS_CLEAN_057_CASE_INITIATION_MILESTONE_20250123,CASE_INITIATION_TO_MILESTONE,614,False,2025-01-23,2025-01-23,,2026-09-29
CAS_CLEAN_112,SNP_CAS_CLEAN_112_CASE_INITIATION_MILESTONE_20250123,CASE_INITIATION_TO_MILESTONE,614,False,2025-01-23,2025-01-23,,2026-09-29
CAS_CLEAN_032,SNP_CAS_CLEAN_032_CASE_INITIATION_MILESTONE_20250125,CASE_INITIATION_TO_MILESTONE,612,False,2024-07-29,2025-01-25,,2026-09-29
CAS_CLEAN_222,SNP_CAS_CLEAN_222_CASE_INITIATION_MILESTONE_20250128,CASE_INITIATION_TO_MILESTONE,609,False,2025-01-28,2025-01-28,,2026-09-29
CAS_CLEAN_087,SNP_CAS_CLEAN_087_CASE_INITIATION_MILESTONE_20250130,CASE_INITIATION_TO_MILESTONE,607,False,2024-01-31,2025-01-30,,2026-09-29
CAS_CLEAN_094,SNP_CAS_CLEAN_094_CASE_INITIATION_MILESTONE_20250202,CASE_INITIATION_TO_MILESTONE,604,False,2024-08-06,2025-02-02,,2026-09-29
CAS_CLEAN_140,SNP_CAS_CLEAN_140_CASE_INITIATION_MILESTONE_20250204,CASE_INITIATION_TO_MILESTONE,602,False,2024-08-08,2025-02-04,,2026-09-29
CAS_CLEAN_095,SNP_CAS_CLEAN_095_CASE_INITIATION_MILESTONE_20250207,CASE_INITIATION_TO_MILESTONE,599,False,2025-01-01,2025-02-07,,2026-09-29
CAS_CLEAN_061,SNP_CAS_CLEAN_061_CASE_INITIATION_MILESTONE_20250210,CASE_INITIATION_TO_MILESTONE,596,False,2024-08-14,2025-02-10,,2026-09-29
CAS_CLEAN_216,SNP_CAS_CLEAN_216_CASE_INITIATION_MILESTONE_20250213,CASE_INITIATION_TO_MILESTONE,593,False,2025-02-13,2025-02-13,,2026-09-29
CAS_CLEAN_218,SNP_CAS_CLEAN_218_CASE_INITIATION_MILESTONE_20250213,CASE_INITIATION_TO_MILESTONE,593,False,2025-02-13,2025-02-13,,2026-09-29
CAS_CLEAN_219,SNP_CAS_CLEAN_219_CASE_INITIATION_MILESTONE_20250213,CASE_INITIATION_TO_MILESTONE,593,False,2025-02-13,2025-02-13,,2026-09-29
CAS_CLEAN_221,SNP_CAS_CLEAN_221_CASE_INITIATION_MILESTONE_20250213,CASE_INITIATION_TO_MILESTONE,593,False,2025-02-13,2025-02-13,,2026-09-29
CAS_CLEAN_016,SNP_CAS_CLEAN_016_CASE_INITIATION_MILESTONE_20250214,CASE_INITIATION_TO_MILESTONE,592,False,2025-02-14,2025-02-14,,2026-09-29
CAS_CLEAN_070,SNP_CAS_CLEAN_070_CASE_INITIATION_MILESTONE_20250214,CASE_INITIATION_TO_MILESTONE,125,True,2025-02-14,2025-02-14,2025-06-19,
CAS_CLEAN_099,SNP_CAS_CLEAN_099_CASE_INITIATION_MILESTONE_20250218,CASE_INITIATION_TO_MILESTONE,588,False,2024-08-22,2025-02-18,,2026-09-29
CAS_CLEAN_128,SNP_CAS_CLEAN_128_CASE_INITIATION_MILESTONE_20250218,CASE_INITIATION_TO_MILESTONE,588,False,2024-08-22,2025-02-18,,2026-09-29
CAS_CLEAN_234,SNP_CAS_CLEAN_234_CASE_INITIATION_MILESTONE_20250220,CASE_INITIATION_TO_MILESTONE,586,False,2025-02-20,2025-02-20,,2026-09-29
CAS_CLEAN_002,SNP_CAS_CLEAN_002_CASE_INITIATION_MILESTONE_20250221,CASE_INITIATION_TO_MILESTONE,585,False,2024-02-22,2025-02-21,,2026-09-29
CAS_CLEAN_100,SNP_CAS_CLEAN_100_CASE_INITIATION_MILESTONE_20250225,CASE_INITIATION_TO_MILESTONE,581,False,2025-02-25,2025-02-25,,2026-09-29
CAS_CLEAN_029,SNP_CAS_CLEAN_029_CASE_INITIATION_MILESTONE_20250226,CASE_INITIATION_TO_MILESTONE,580,False,2024-02-27,2025-02-26,,2026-09-29
CAS_CLEAN_203,SNP_CAS_CLEAN_203_CASE_INITIATION_MILESTONE_20250227,CASE_INITIATION_TO_MILESTONE,579,False,2025-02-27,2025-02-27,,2026-09-29
CAS_CLEAN_204,SNP_CAS_CLEAN_204_CASE_INITIATION_MILESTONE_20250227,CASE_INITIATION_TO_MILESTONE,579,False,2025-02-27,2025-02-27,,2026-09-29
CAS_CLEAN_205,SNP_CAS_CLEAN_205_CASE_INITIATION_MILESTONE_20250227,CASE_INITIATION_TO_MILESTONE,579,False,2025-02-27,2025-02-27,,2026-09-29
CAS_CLEAN_206,SNP_CAS_CLEAN_206_CASE_INITIATION_MILESTONE_20250227,CASE_INITIATION_TO_MILESTONE,579,False,2025-02-27,2025-02-27,,2026-09-29
CAS_CLEAN_211,SNP_CAS_CLEAN_211_CASE_INITIATION_MILESTONE_20250301,CASE_INITIATION_TO_MILESTONE,577,False,2025-03-01,2025-03-01,,2026-09-29
CAS_CLEAN_148,SNP_CAS_CLEAN_148_CASE_INITIATION_MILESTONE_20250302,CASE_INITIATION_TO_MILESTONE,576,False,2024-12-02,2025-03-02,,2026-09-29
CAS_CLEAN_021,SNP_CAS_CLEAN_021_CASE_INITIATION_MILESTONE_20250305,CASE_INITIATION_TO_MILESTONE,573,False,2024-03-05,2025-03-05,,2026-09-29
CAS_CLEAN_005,SNP_CAS_CLEAN_005_CASE_INITIATION_MILESTONE_20250310,CASE_INITIATION_TO_MILESTONE,568,False,2024-12-10,2025-03-10,,2026-09-29
CAS_CLEAN_079,SNP_CAS_CLEAN_079_CASE_INITIATION_MILESTONE_20250310,CASE_INITIATION_TO_MILESTONE,568,False,2024-12-10,2025-03-10,,2026-09-29
CAS_CLEAN_145,SNP_CAS_CLEAN_145_CASE_INITIATION_MILESTONE_20250310,CASE_INITIATION_TO_MILESTONE,568,False,2024-12-10,2025-03-10,,2026-09-29
CAS_CLEAN_212,SNP_CAS_CLEAN_212_CASE_INITIATION_MILESTONE_20250310,CASE_INITIATION_TO_MILESTONE,568,False,2025-03-10,2025-03-10,,2026-09-29
CAS_CLEAN_213,SNP_CAS_CLEAN_213_CASE_INITIATION_MILESTONE_20250310,CASE_INITIATION_TO_MILESTONE,568,False,2025-03-10,2025-03-10,,2026-09-29
CAS_CLEAN_215,SNP_CAS_CLEAN_215_CASE_INITIATION_MILESTONE_20250311,CASE_INITIATION_TO_MILESTONE,567,False,2025-03-11,2025-03-11,,2026-09-29
CAS_CLEAN_091,SNP_CAS_CLEAN_091_CASE_INITIATION_MILESTONE_20250312,CASE_INITIATION_TO_MILESTONE,566,False,2024-12-12,2025-03-12,,2026-09-29
CAS_CLEAN_164,SNP_CAS_CLEAN_164_CASE_INITIATION_MILESTONE_20250313,CASE_INITIATION_TO_MILESTONE,565,False,2024-03-13,2025-03-13,,2026-09-29
CAS_CLEAN_165,SNP_CAS_CLEAN_165_CASE_INITIATION_MILESTONE_20250313,CASE_INITIATION_TO_MILESTONE,565,False,2024-03-13,2025-03-13,,2026-09-29
CAS_CLEAN_207,SNP_CAS_CLEAN_207_CASE_INITIATION_MILESTONE_20250313,CASE_INITIATION_TO_MILESTONE,565,False,2025-03-13,2025-03-13,,2026-09-29
CAS_CLEAN_208,SNP_CAS_CLEAN_208_CASE_INITIATION_MILESTONE_20250313,CASE_INITIATION_TO_MILESTONE,565,False,2025-03-13,2025-03-13,,2026-09-29
CAS_CLEAN_209,SNP_CAS_CLEAN_209_CASE_INITIATION_MILESTONE_20250313,CASE_INITIATION_TO_MILESTONE,565,False,2025-03-13,2025-03-13,,2026-09-29
CAS_CLEAN_039,SNP_CAS_CLEAN_039_CASE_INITIATION_MILESTONE_20250314,CASE_INITIATION_TO_MILESTONE,564,False,2024-03-14,2025-03-14,,2026-09-29
CAS_CLEAN_041,SNP_CAS_CLEAN_041_CASE_INITIATION_MILESTONE_20250314,CASE_INITIATION_TO_MILESTONE,564,False,2024-03-14,2025-03-14,,2026-09-29
CAS_CLEAN_136,SNP_CAS_CLEAN_136_CASE_INITIATION_MILESTONE_20250314,CASE_INITIATION_TO_MILESTONE,564,False,2024-03-14,2025-03-14,,2026-09-29
CAS_CLEAN_258,SNP_CAS_CLEAN_258_CASE_INITIATION_MILESTONE_20250317,CASE_INITIATION_TO_MILESTONE,561,False,2025-03-17,2025-03-17,,2026-09-29
CAS_CLEAN_210,SNP_CAS_CLEAN_210_CASE_INITIATION_MILESTONE_20250320,CASE_INITIATION_TO_MILESTONE,558,False,2025-03-20,2025-03-20,,2026-09-29
CAS_CLEAN_126,SNP_CAS_CLEAN_126_CASE_INITIATION_MILESTONE_20250322,CASE_INITIATION_TO_MILESTONE,556,False,2024-06-25,2025-03-22,,2026-09-29
CAS_CLEAN_127,SNP_CAS_CLEAN_127_CASE_INITIATION_MILESTONE_20250322,CASE_INITIATION_TO_MILESTONE,556,False,2024-06-25,2025-03-22,,2026-09-29
CAS_CLEAN_228,SNP_CAS_CLEAN_228_CASE_INITIATION_MILESTONE_20250323,CASE_INITIATION_TO_MILESTONE,555,False,2024-12-23,2025-03-23,,2026-09-29
CAS_CLEAN_229,SNP_CAS_CLEAN_229_CASE_INITIATION_MILESTONE_20250323,CASE_INITIATION_TO_MILESTONE,555,False,2024-12-23,2025-03-23,,2026-09-29
CAS_CLEAN_230,SNP_CAS_CLEAN_230_CASE_INITIATION_MILESTONE_20250323,CASE_INITIATION_TO_MILESTONE,555,False,2024-12-23,2025-03-23,,2026-09-29
CAS_CLEAN_231,SNP_CAS_CLEAN_231_CASE_INITIATION_MILESTONE_20250323,CASE_INITIATION_TO_MILESTONE,555,False,2024-12-23,2025-03-23,,2026-09-29
CAS_CLEAN_232,SNP_CAS_CLEAN_232_CASE_INITIATION_MILESTONE_20250323,CASE_INITIATION_TO_MILESTONE,555,False,2024-12-23,2025-03-23,,2026-09-29
CAS_CLEAN_242,SNP_CAS_CLEAN_242_CASE_INITIATION_MILESTONE_20250323,CASE_INITIATION_TO_MILESTONE,555,False,2024-12-23,2025-03-23,,2026-09-29
CAS_CLEAN_001,SNP_CAS_CLEAN_001_CASE_INITIATION_MILESTONE_20250327,CASE_INITIATION_TO_MILESTONE,551,False,2024-12-27,2025-03-27,,2026-09-29
CAS_CLEAN_227,SNP_CAS_CLEAN_227_CASE_INITIATION_MILESTONE_20250327,CASE_INITIATION_TO_MILESTONE,551,False,2024-12-27,2025-03-27,,2026-09-29
CAS_CLEAN_240,SNP_CAS_CLEAN_240_CASE_INITIATION_MILESTONE_20250327,CASE_INITIATION_TO_MILESTONE,551,False,2024-12-27,2025-03-27,,2026-09-29
CAS_CLEAN_096,SNP_CAS_CLEAN_096_CASE_INITIATION_MILESTONE_20250330,CASE_INITIATION_TO_MILESTONE,548,False,2024-10-01,2025-03-30,,2026-09-29
CAS_CLEAN_095,SNP_CAS_CLEAN_095_CASE_INITIATION_MILESTONE_20250401,CASE_INITIATION_TO_MILESTONE,546,False,2025-01-01,2025-04-01,,2026-09-29
CAS_CLEAN_214,SNP_CAS_CLEAN_214_CASE_INITIATION_MILESTONE_20250401,CASE_INITIATION_TO_MILESTONE,546,False,2025-01-01,2025-04-01,,2026-09-29
CAS_CLEAN_223,SNP_CAS_CLEAN_223_CASE_INITIATION_MILESTONE_20250401,CASE_INITIATION_TO_MILESTONE,546,False,2025-01-01,2025-04-01,,2026-09-29
CAS_CLEAN_224,SNP_CAS_CLEAN_224_CASE_INITIATION_MILESTONE_20250401,CASE_INITIATION_TO_MILESTONE,546,False,2025-01-01,2025-04-01,,2026-09-29
CAS_CLEAN_225,SNP_CAS_CLEAN_225_CASE_INITIATION_MILESTONE_20250401,CASE_INITIATION_TO_MILESTONE,546,False,2025-01-01,2025-04-01,,2026-09-29
CAS_CLEAN_185,SNP_CAS_CLEAN_185_CASE_INITIATION_MILESTONE_20250403,CASE_INITIATION_TO_MILESTONE,544,False,2025-01-03,2025-04-03,,2026-09-29
CAS_CLEAN_201,SNP_CAS_CLEAN_201_CASE_INITIATION_MILESTONE_20250404,CASE_INITIATION_TO_MILESTONE,543,False,2025-04-04,2025-04-04,,2026-09-29
CAS_CLEAN_238,SNP_CAS_CLEAN_238_CASE_INITIATION_MILESTONE_20250404,CASE_INITIATION_TO_MILESTONE,543,False,2025-04-04,2025-04-04,,2026-09-29
CAS_CLEAN_020,SNP_CAS_CLEAN_020_CASE_INITIATION_MILESTONE_20250406,CASE_INITIATION_TO_MILESTONE,541,False,2024-07-10,2025-04-06,,2026-09-29
CAS_CLEAN_071,SNP_CAS_CLEAN_071_CASE_INITIATION_MILESTONE_20250409,CASE_INITIATION_TO_MILESTONE,538,False,2024-10-11,2025-04-09,,2026-09-29
CAS_CLEAN_009,SNP_CAS_CLEAN_009_CASE_INITIATION_MILESTONE_20250414,CASE_INITIATION_TO_MILESTONE,533,False,2025-01-14,2025-04-14,,2026-09-29
CAS_CLEAN_064,SNP_CAS_CLEAN_064_CASE_INITIATION_MILESTONE_20250414,CASE_INITIATION_TO_MILESTONE,533,False,2025-01-14,2025-04-14,,2026-09-29
CAS_CLEAN_120,SNP_CAS_CLEAN_120_CASE_INITIATION_MILESTONE_20250414,CASE_INITIATION_TO_MILESTONE,533,False,2025-01-14,2025-04-14,,2026-09-29
CAS_CLEAN_149,SNP_CAS_CLEAN_149_CASE_INITIATION_MILESTONE_20250415,CASE_INITIATION_TO_MILESTONE,532,False,2025-01-15,2025-04-15,,2026-09-29
CAS_CLEAN_156,SNP_CAS_CLEAN_156_CASE_INITIATION_MILESTONE_20250415,CASE_INITIATION_TO_MILESTONE,532,False,2025-01-15,2025-04-15,,2026-09-29
CAS_CLEAN_042,SNP_CAS_CLEAN_042_CASE_INITIATION_MILESTONE_20250417,CASE_INITIATION_TO_MILESTONE,530,False,2025-04-17,2025-04-17,,2026-09-29
CAS_CLEAN_092,SNP_CAS_CLEAN_092_CASE_INITIATION_MILESTONE_20250417,CASE_INITIATION_TO_MILESTONE,530,False,2025-04-17,2025-04-17,,2026-09-29
CAS_CLEAN_197,SNP_CAS_CLEAN_197_CASE_INITIATION_MILESTONE_20250417,CASE_INITIATION_TO_MILESTONE,530,False,2025-04-17,2025-04-17,,2026-09-29
CAS_CLEAN_198,SNP_CAS_CLEAN_198_CASE_INITIATION_MILESTONE_20250421,CASE_INITIATION_TO_MILESTONE,526,False,2025-04-21,2025-04-21,,2026-09-29
CAS_CLEAN_199,SNP_CAS_CLEAN_199_CASE_INITIATION_MILESTONE_20250421,CASE_INITIATION_TO_MILESTONE,526,False,2025-04-21,2025-04-21,,2026-09-29
CAS_CLEAN_200,SNP_CAS_CLEAN_200_CASE_INITIATION_MILESTONE_20250421,CASE_INITIATION_TO_MILESTONE,526,False,2025-04-21,2025-04-21,,2026-09-29
CAS_CLEAN_264,SNP_CAS_CLEAN_264_CASE_INITIATION_MILESTONE_20250421,CASE_INITIATION_TO_MILESTONE,526,False,2025-04-21,2025-04-21,,2026-09-29
CAS_CLEAN_054,SNP_CAS_CLEAN_054_CASE_INITIATION_MILESTONE_20250422,CASE_INITIATION_TO_MILESTONE,525,False,2025-01-22,2025-04-22,,2026-09-29
CAS_CLEAN_057,SNP_CAS_CLEAN_057_CASE_INITIATION_MILESTONE_20250423,CASE_INITIATION_TO_MILESTONE,524,False,2025-01-23,2025-04-23,,2026-09-29
CAS_CLEAN_112,SNP_CAS_CLEAN_112_CASE_INITIATION_MILESTONE_20250423,CASE_INITIATION_TO_MILESTONE,524,False,2025-01-23,2025-04-23,,2026-09-29
CAS_CLEAN_032,SNP_CAS_CLEAN_032_CASE_INITIATION_MILESTONE_20250425,CASE_INITIATION_TO_MILESTONE,522,False,2024-07-29,2025-04-25,,2026-09-29
CAS_CLEAN_222,SNP_CAS_CLEAN_222_CASE_INITIATION_MILESTONE_20250428,CASE_INITIATION_TO_MILESTONE,519,False,2025-01-28,2025-04-28,,2026-09-29
CAS_CLEAN_094,SNP_CAS_CLEAN_094_CASE_INITIATION_MILESTONE_20250503,CASE_INITIATION_TO_MILESTONE,514,False,2024-08-06,2025-05-03,,2026-09-29
CAS_CLEAN_097,SNP_CAS_CLEAN_097_CASE_INITIATION_MILESTONE_20250505,CASE_INITIATION_TO_MILESTONE,512,False,2025-05-05,2025-05-05,,2026-09-29
CAS_CLEAN_140,SNP_CAS_CLEAN_140_CASE_INITIATION_MILESTONE_20250505,CASE_INITIATION_TO_MILESTONE,512,False,2024-08-08,2025-05-05,,2026-09-29
CAS_CLEAN_061,SNP_CAS_CLEAN_061_CASE_INITIATION_MILESTONE_20250511,CASE_INITIATION_TO_MILESTONE,506,False,2024-08-14,2025-05-11,,2026-09-29
CAS_CLEAN_216,SNP_CAS_CLEAN_216_CASE_INITIATION_MILESTONE_20250514,CASE_INITIATION_TO_MILESTONE,503,False,2025-02-13,2025-05-14,,2026-09-29
CAS_CLEAN_218,SNP_CAS_CLEAN_218_CASE_INITIATION_MILESTONE_20250514,CASE_INITIATION_TO_MILESTONE,503,False,2025-02-13,2025-05-14,,2026-09-29
CAS_CLEAN_219,SNP_CAS_CLEAN_219_CASE_INITIATION_MILESTONE_20250514,CASE_INITIATION_TO_MILESTONE,503,False,2025-02-13,2025-05-14,,2026-09-29
CAS_CLEAN_221,SNP_CAS_CLEAN_221_CASE_INITIATION_MILESTONE_20250514,CASE_INITIATION_TO_MILESTONE,503,False,2025-02-13,2025-05-14,,2026-09-29
CAS_CLEAN_016,SNP_CAS_CLEAN_016_CASE_INITIATION_MILESTONE_20250515,CASE_INITIATION_TO_MILESTONE,502,False,2025-02-14,2025-05-15,,2026-09-29
CAS_CLEAN_070,SNP_CAS_CLEAN_070_CASE_INITIATION_MILESTONE_20250515,CASE_INITIATION_TO_MILESTONE,35,True,2025-02-14,2025-05-15,2025-06-19,
CAS_CLEAN_099,SNP_CAS_CLEAN_099_CASE_INITIATION_MILESTONE_20250519,CASE_INITIATION_TO_MILESTONE,498,False,2024-08-22,2025-05-19,,2026-09-29
CAS_CLEAN_128,SNP_CAS_CLEAN_128_CASE_INITIATION_MILESTONE_20250519,CASE_INITIATION_TO_MILESTONE,498,False,2024-08-22,2025-05-19,,2026-09-29
CAS_CLEAN_234,SNP_CAS_CLEAN_234_CASE_INITIATION_MILESTONE_20250521,CASE_INITIATION_TO_MILESTONE,496,False,2025-02-20,2025-05-21,,2026-09-29
CAS_CLEAN_100,SNP_CAS_CLEAN_100_CASE_INITIATION_MILESTONE_20250526,CASE_INITIATION_TO_MILESTONE,491,False,2025-02-25,2025-05-26,,2026-09-29
CAS_CLEAN_024,SNP_CAS_CLEAN_024_CASE_INITIATION_MILESTONE_20250528,CASE_INITIATION_TO_MILESTONE,489,False,2025-05-28,2025-05-28,,2026-09-29
CAS_CLEAN_203,SNP_CAS_CLEAN_203_CASE_INITIATION_MILESTONE_20250528,CASE_INITIATION_TO_MILESTONE,489,False,2025-02-27,2025-05-28,,2026-09-29
CAS_CLEAN_204,SNP_CAS_CLEAN_204_CASE_INITIATION_MILESTONE_20250528,CASE_INITIATION_TO_MILESTONE,489,False,2025-02-27,2025-05-28,,2026-09-29
CAS_CLEAN_205,SNP_CAS_CLEAN_205_CASE_INITIATION_MILESTONE_20250528,CASE_INITIATION_TO_MILESTONE,489,False,2025-02-27,2025-05-28,,2026-09-29
CAS_CLEAN_206,SNP_CAS_CLEAN_206_CASE_INITIATION_MILESTONE_20250528,CASE_INITIATION_TO_MILESTONE,489,False,2025-02-27,2025-05-28,,2026-09-29
CAS_CLEAN_033,SNP_CAS_CLEAN_033_CASE_INITIATION_MILESTONE_20250530,CASE_INITIATION_TO_MILESTONE,487,False,2025-05-30,2025-05-30,,2026-09-29
CAS_CLEAN_211,SNP_CAS_CLEAN_211_CASE_INITIATION_MILESTONE_20250530,CASE_INITIATION_TO_MILESTONE,487,False,2025-03-01,2025-05-30,,2026-09-29
CAS_CLEAN_148,SNP_CAS_CLEAN_148_CASE_INITIATION_MILESTONE_20250531,CASE_INITIATION_TO_MILESTONE,486,False,2024-12-02,2025-05-31,,2026-09-29
CAS_CLEAN_023,SNP_CAS_CLEAN_023_CASE_INITIATION_MILESTONE_20250605,CASE_INITIATION_TO_MILESTONE,481,False,2025-06-05,2025-06-05,,2026-09-29
CAS_CLEAN_193,SNP_CAS_CLEAN_193_CASE_INITIATION_MILESTONE_20250606,CASE_INITIATION_TO_MILESTONE,480,False,2025-06-06,2025-06-06,,2026-09-29
CAS_CLEAN_196,SNP_CAS_CLEAN_196_CASE_INITIATION_MILESTONE_20250606,CASE_INITIATION_TO_MILESTONE,480,False,2025-06-06,2025-06-06,,2026-09-29
CAS_CLEAN_005,SNP_CAS_CLEAN_005_CASE_INITIATION_MILESTONE_20250608,CASE_INITIATION_TO_MILESTONE,478,False,2024-12-10,2025-06-08,,2026-09-29
CAS_CLEAN_079,SNP_CAS_CLEAN_079_CASE_INITIATION_MILESTONE_20250608,CASE_INITIATION_TO_MILESTONE,478,False,2024-12-10,2025-06-08,,2026-09-29
CAS_CLEAN_145,SNP_CAS_CLEAN_145_CASE_INITIATION_MILESTONE_20250608,CASE_INITIATION_TO_MILESTONE,478,False,2024-12-10,2025-06-08,,2026-09-29
CAS_CLEAN_212,SNP_CAS_CLEAN_212_CASE_INITIATION_MILESTONE_20250608,CASE_INITIATION_TO_MILESTONE,478,False,2025-03-10,2025-06-08,,2026-09-29
CAS_CLEAN_213,SNP_CAS_CLEAN_213_CASE_INITIATION_MILESTONE_20250608,CASE_INITIATION_TO_MILESTONE,478,False,2025-03-10,2025-06-08,,2026-09-29
CAS_CLEAN_215,SNP_CAS_CLEAN_215_CASE_INITIATION_MILESTONE_20250609,CASE_INITIATION_TO_MILESTONE,477,False,2025-03-11,2025-06-09,,2026-09-29
CAS_CLEAN_091,SNP_CAS_CLEAN_091_CASE_INITIATION_MILESTONE_20250610,CASE_INITIATION_TO_MILESTONE,476,False,2024-12-12,2025-06-10,,2026-09-29
CAS_CLEAN_207,SNP_CAS_CLEAN_207_CASE_INITIATION_MILESTONE_20250611,CASE_INITIATION_TO_MILESTONE,475,False,2025-03-13,2025-06-11,,2026-09-29
CAS_CLEAN_208,SNP_CAS_CLEAN_208_CASE_INITIATION_MILESTONE_20250611,CASE_INITIATION_TO_MILESTONE,475,False,2025-03-13,2025-06-11,,2026-09-29
CAS_CLEAN_209,SNP_CAS_CLEAN_209_CASE_INITIATION_MILESTONE_20250611,CASE_INITIATION_TO_MILESTONE,475,False,2025-03-13,2025-06-11,,2026-09-29
CAS_CLEAN_258,SNP_CAS_CLEAN_258_CASE_INITIATION_MILESTONE_20250615,CASE_INITIATION_TO_MILESTONE,471,False,2025-03-17,2025-06-15,,2026-09-29
CAS_CLEAN_210,SNP_CAS_CLEAN_210_CASE_INITIATION_MILESTONE_20250618,CASE_INITIATION_TO_MILESTONE,468,False,2025-03-20,2025-06-18,,2026-09-29
CAS_CLEAN_228,SNP_CAS_CLEAN_228_CASE_INITIATION_MILESTONE_20250621,CASE_INITIATION_TO_MILESTONE,465,False,2024-12-23,2025-06-21,,2026-09-29
CAS_CLEAN_229,SNP_CAS_CLEAN_229_CASE_INITIATION_MILESTONE_20250621,CASE_INITIATION_TO_MILESTONE,465,False,2024-12-23,2025-06-21,,2026-09-29
CAS_CLEAN_230,SNP_CAS_CLEAN_230_CASE_INITIATION_MILESTONE_20250621,CASE_INITIATION_TO_MILESTONE,465,False,2024-12-23,2025-06-21,,2026-09-29
CAS_CLEAN_231,SNP_CAS_CLEAN_231_CASE_INITIATION_MILESTONE_20250621,CASE_INITIATION_TO_MILESTONE,465,False,2024-12-23,2025-06-21,,2026-09-29
CAS_CLEAN_232,SNP_CAS_CLEAN_232_CASE_INITIATION_MILESTONE_20250621,CASE_INITIATION_TO_MILESTONE,465,False,2024-12-23,2025-06-21,,2026-09-29
CAS_CLEAN_242,SNP_CAS_CLEAN_242_CASE_INITIATION_MILESTONE_20250621,CASE_INITIATION_TO_MILESTONE,465,False,2024-12-23,2025-06-21,,2026-09-29
CAS_CLEAN_101,SNP_CAS_CLEAN_101_CASE_INITIATION_MILESTONE_20250623,CASE_INITIATION_TO_MILESTONE,463,False,2025-06-23,2025-06-23,,2026-09-29
CAS_CLEAN_001,SNP_CAS_CLEAN_001_CASE_INITIATION_MILESTONE_20250625,CASE_INITIATION_TO_MILESTONE,461,False,2024-12-27,2025-06-25,,2026-09-29
CAS_CLEAN_126,SNP_CAS_CLEAN_126_CASE_INITIATION_MILESTONE_20250625,CASE_INITIATION_TO_MILESTONE,461,False,2024-06-25,2025-06-25,,2026-09-29
CAS_CLEAN_127,SNP_CAS_CLEAN_127_CASE_INITIATION_MILESTONE_20250625,CASE_INITIATION_TO_MILESTONE,461,False,2024-06-25,2025-06-25,,2026-09-29
CAS_CLEAN_227,SNP_CAS_CLEAN_227_CASE_INITIATION_MILESTONE_20250625,CASE_INITIATION_TO_MILESTONE,461,False,2024-12-27,2025-06-25,,2026-09-29
CAS_CLEAN_240,SNP_CAS_CLEAN_240_CASE_INITIATION_MILESTONE_20250625,CASE_INITIATION_TO_MILESTONE,461,False,2024-12-27,2025-06-25,,2026-09-29
CAS_CLEAN_042,SNP_CAS_CLEAN_042_CASE_INITIATION_MILESTONE_20250626,CASE_INITIATION_TO_MILESTONE,460,False,2025-04-17,2025-06-26,,2026-09-29
CAS_CLEAN_093,SNP_CAS_CLEAN_093_CASE_INITIATION_MILESTONE_20250626,CASE_INITIATION_TO_MILESTONE,460,False,2025-06-26,2025-06-26,,2026-09-29
CAS_CLEAN_194,SNP_CAS_CLEAN_194_CASE_INITIATION_MILESTONE_20250627,CASE_INITIATION_TO_MILESTONE,459,False,2025-06-27,2025-06-27,,2026-09-29
CAS_CLEAN_195,SNP_CAS_CLEAN_195_CASE_INITIATION_MILESTONE_20250627,CASE_INITIATION_TO_MILESTONE,459,False,2025-06-27,2025-06-27,,2026-09-29
CAS_CLEAN_096,SNP_CAS_CLEAN_096_CASE_INITIATION_MILESTONE_20250628,CASE_INITIATION_TO_MILESTONE,458,False,2024-10-01,2025-06-28,,2026-09-29
CAS_CLEAN_095,SNP_CAS_CLEAN_095_CASE_INITIATION_MILESTONE_20250630,CASE_INITIATION_TO_MILESTONE,456,False,2025-01-01,2025-06-30,,2026-09-29
CAS_CLEAN_214,SNP_CAS_CLEAN_214_CASE_INITIATION_MILESTONE_20250630,CASE_INITIATION_TO_MILESTONE,456,False,2025-01-01,2025-06-30,,2026-09-29
CAS_CLEAN_223,SNP_CAS_CLEAN_223_CASE_INITIATION_MILESTONE_20250630,CASE_INITIATION_TO_MILESTONE,456,False,2025-01-01,2025-06-30,,2026-09-29
CAS_CLEAN_224,SNP_CAS_CLEAN_224_CASE_INITIATION_MILESTONE_20250630,CASE_INITIATION_TO_MILESTONE,456,False,2025-01-01,2025-06-30,,2026-09-29
CAS_CLEAN_225,SNP_CAS_CLEAN_225_CASE_INITIATION_MILESTONE_20250630,CASE_INITIATION_TO_MILESTONE,456,False,2025-01-01,2025-06-30,,2026-09-29
CAS_CLEAN_185,SNP_CAS_CLEAN_185_CASE_INITIATION_MILESTONE_20250702,CASE_INITIATION_TO_MILESTONE,454,False,2025-01-03,2025-07-02,,2026-09-29
CAS_CLEAN_201,SNP_CAS_CLEAN_201_CASE_INITIATION_MILESTONE_20250703,CASE_INITIATION_TO_MILESTONE,453,False,2025-04-04,2025-07-03,,2026-09-29
CAS_CLEAN_238,SNP_CAS_CLEAN_238_CASE_INITIATION_MILESTONE_20250703,CASE_INITIATION_TO_MILESTONE,453,False,2025-04-04,2025-07-03,,2026-09-29
CAS_CLEAN_071,SNP_CAS_CLEAN_071_CASE_INITIATION_MILESTONE_20250708,CASE_INITIATION_TO_MILESTONE,448,False,2024-10-11,2025-07-08,,2026-09-29
CAS_CLEAN_020,SNP_CAS_CLEAN_020_CASE_INITIATION_MILESTONE_20250710,CASE_INITIATION_TO_MILESTONE,446,False,2024-07-10,2025-07-10,,2026-09-29
CAS_CLEAN_009,SNP_CAS_CLEAN_009_CASE_INITIATION_MILESTONE_20250713,CASE_INITIATION_TO_MILESTONE,443,False,2025-01-14,2025-07-13,,2026-09-29
CAS_CLEAN_064,SNP_CAS_CLEAN_064_CASE_INITIATION_MILESTONE_20250713,CASE_INITIATION_TO_MILESTONE,443,False,2025-01-14,2025-07-13,,2026-09-29
CAS_CLEAN_120,SNP_CAS_CLEAN_120_CASE_INITIATION_MILESTONE_20250713,CASE_INITIATION_TO_MILESTONE,443,False,2025-01-14,2025-07-13,,2026-09-29
CAS_CLEAN_149,SNP_CAS_CLEAN_149_CASE_INITIATION_MILESTONE_20250714,CASE_INITIATION_TO_MILESTONE,442,False,2025-01-15,2025-07-14,,2026-09-29
CAS_CLEAN_156,SNP_CAS_CLEAN_156_CASE_INITIATION_MILESTONE_20250714,CASE_INITIATION_TO_MILESTONE,442,False,2025-01-15,2025-07-14,,2026-09-29
CAS_CLEAN_042,SNP_CAS_CLEAN_042_CASE_INITIATION_MILESTONE_20250716,CASE_INITIATION_TO_MILESTONE,440,False,2025-04-17,2025-07-16,,2026-09-29
CAS_CLEAN_092,SNP_CAS_CLEAN_092_CASE_INITIATION_MILESTONE_20250716,CASE_INITIATION_TO_MILESTONE,440,False,2025-04-17,2025-07-16,,2026-09-29
CAS_CLEAN_197,SNP_CAS_CLEAN_197_CASE_INITIATION_MILESTONE_20250716,CASE_INITIATION_TO_MILESTONE,440,False,2025-04-17,2025-07-16,,2026-09-29
CAS_CLEAN_191,SNP_CAS_CLEAN_191_CASE_INITIATION_MILESTONE_20250717,CASE_INITIATION_TO_MILESTONE,439,False,2025-07-17,2025-07-17,,2026-09-29
CAS_CLEAN_198,SNP_CAS_CLEAN_198_CASE_INITIATION_MILESTONE_20250720,CASE_INITIATION_TO_MILESTONE,436,False,2025-04-21,2025-07-20,,2026-09-29
CAS_CLEAN_199,SNP_CAS_CLEAN_199_CASE_INITIATION_MILESTONE_20250720,CASE_INITIATION_TO_MILESTONE,436,False,2025-04-21,2025-07-20,,2026-09-29
CAS_CLEAN_200,SNP_CAS_CLEAN_200_CASE_INITIATION_MILESTONE_20250720,CASE_INITIATION_TO_MILESTONE,436,False,2025-04-21,2025-07-20,,2026-09-29
CAS_CLEAN_264,SNP_CAS_CLEAN_264_CASE_INITIATION_MILESTONE_20250720,CASE_INITIATION_TO_MILESTONE,436,False,2025-04-21,2025-07-20,,2026-09-29
CAS_CLEAN_054,SNP_CAS_CLEAN_054_CASE_INITIATION_MILESTONE_20250721,CASE_INITIATION_TO_MILESTONE,435,False,2025-01-22,2025-07-21,,2026-09-29
CAS_CLEAN_237,SNP_CAS_CLEAN_237_CASE_INITIATION_MILESTONE_20250721,CASE_INITIATION_TO_MILESTONE,435,False,2025-07-21,2025-07-21,,2026-09-29
CAS_CLEAN_251,SNP_CAS_CLEAN_251_CASE_INITIATION_MILESTONE_20250721,CASE_INITIATION_TO_MILESTONE,435,False,2025-07-21,2025-07-21,,2026-09-29
CAS_CLEAN_057,SNP_CAS_CLEAN_057_CASE_INITIATION_MILESTONE_20250722,CASE_INITIATION_TO_MILESTONE,434,False,2025-01-23,2025-07-22,,2026-09-29
CAS_CLEAN_112,SNP_CAS_CLEAN_112_CASE_INITIATION_MILESTONE_20250722,CASE_INITIATION_TO_MILESTONE,434,False,2025-01-23,2025-07-22,,2026-09-29
CAS_CLEAN_222,SNP_CAS_CLEAN_222_CASE_INITIATION_MILESTONE_20250727,CASE_INITIATION_TO_MILESTONE,429,False,2025-01-28,2025-07-27,,2026-09-29
CAS_CLEAN_032,SNP_CAS_CLEAN_032_CASE_INITIATION_MILESTONE_20250729,CASE_INITIATION_TO_MILESTONE,427,False,2024-07-29,2025-07-29,,2026-09-29
CAS_CLEAN_025,SNP_CAS_CLEAN_025_CASE_INITIATION_MILESTONE_20250801,CASE_INITIATION_TO_MILESTONE,424,False,2025-08-01,2025-08-01,,2026-09-29
CAS_CLEAN_026,SNP_CAS_CLEAN_026_CASE_INITIATION_MILESTONE_20250801,CASE_INITIATION_TO_MILESTONE,424,False,2025-08-01,2025-08-01,,2026-09-29
CAS_CLEAN_065,SNP_CAS_CLEAN_065_CASE_INITIATION_MILESTONE_20250801,CASE_INITIATION_TO_MILESTONE,424,False,2025-08-01,2025-08-01,,2026-09-29
CAS_CLEAN_078,SNP_CAS_CLEAN_078_CASE_INITIATION_MILESTONE_20250801,CASE_INITIATION_TO_MILESTONE,424,False,2025-08-01,2025-08-01,,2026-09-29
CAS_CLEAN_103,SNP_CAS_CLEAN_103_CASE_INITIATION_MILESTONE_20250801,CASE_INITIATION_TO_MILESTONE,424,False,2025-08-01,2025-08-01,,2026-09-29
CAS_CLEAN_121,SNP_CAS_CLEAN_121_CASE_INITIATION_MILESTONE_20250801,CASE_INITIATION_TO_MILESTONE,424,False,2025-08-01,2025-08-01,,2026-09-29
CAS_CLEAN_097,SNP_CAS_CLEAN_097_CASE_INITIATION_MILESTONE_20250803,CASE_INITIATION_TO_MILESTONE,422,False,2025-05-05,2025-08-03,,2026-09-29
CAS_CLEAN_190,SNP_CAS_CLEAN_190_CASE_INITIATION_MILESTONE_20250804,CASE_INITIATION_TO_MILESTONE,421,False,2025-08-04,2025-08-04,,2026-09-29
CAS_CLEAN_094,SNP_CAS_CLEAN_094_CASE_INITIATION_MILESTONE_20250806,CASE_INITIATION_TO_MILESTONE,419,False,2024-08-06,2025-08-06,,2026-09-29
CAS_CLEAN_140,SNP_CAS_CLEAN_140_CASE_INITIATION_MILESTONE_20250808,CASE_INITIATION_TO_MILESTONE,417,False,2024-08-08,2025-08-08,,2026-09-29
CAS_CLEAN_216,SNP_CAS_CLEAN_216_CASE_INITIATION_MILESTONE_20250812,CASE_INITIATION_TO_MILESTONE,413,False,2025-02-13,2025-08-12,,2026-09-29
CAS_CLEAN_218,SNP_CAS_CLEAN_218_CASE_INITIATION_MILESTONE_20250812,CASE_INITIATION_TO_MILESTONE,413,False,2025-02-13,2025-08-12,,2026-09-29
CAS_CLEAN_219,SNP_CAS_CLEAN_219_CASE_INITIATION_MILESTONE_20250812,CASE_INITIATION_TO_MILESTONE,413,False,2025-02-13,2025-08-12,,2026-09-29
CAS_CLEAN_221,SNP_CAS_CLEAN_221_CASE_INITIATION_MILESTONE_20250812,CASE_INITIATION_TO_MILESTONE,413,False,2025-02-13,2025-08-12,,2026-09-29
CAS_CLEAN_016,SNP_CAS_CLEAN_016_CASE_INITIATION_MILESTONE_20250813,CASE_INITIATION_TO_MILESTONE,412,False,2025-02-14,2025-08-13,,2026-09-29
CAS_CLEAN_061,SNP_CAS_CLEAN_061_CASE_INITIATION_MILESTONE_20250814,CASE_INITIATION_TO_MILESTONE,411,False,2024-08-14,2025-08-14,,2026-09-29
CAS_CLEAN_234,SNP_CAS_CLEAN_234_CASE_INITIATION_MILESTONE_20250819,CASE_INITIATION_TO_MILESTONE,406,False,2025-02-20,2025-08-19,,2026-09-29
CAS_CLEAN_099,SNP_CAS_CLEAN_099_CASE_INITIATION_MILESTONE_20250822,CASE_INITIATION_TO_MILESTONE,403,False,2024-08-22,2025-08-22,,2026-09-29
CAS_CLEAN_128,SNP_CAS_CLEAN_128_CASE_INITIATION_MILESTONE_20250822,CASE_INITIATION_TO_MILESTONE,403,False,2024-08-22,2025-08-22,,2026-09-29
CAS_CLEAN_100,SNP_CAS_CLEAN_100_CASE_INITIATION_MILESTONE_20250824,CASE_INITIATION_TO_MILESTONE,401,False,2025-02-25,2025-08-24,,2026-09-29
CAS_CLEAN_024,SNP_CAS_CLEAN_024_CASE_INITIATION_MILESTONE_20250826,CASE_INITIATION_TO_MILESTONE,399,False,2025-05-28,2025-08-26,,2026-09-29
CAS_CLEAN_203,SNP_CAS_CLEAN_203_CASE_INITIATION_MILESTONE_20250826,CASE_INITIATION_TO_MILESTONE,399,False,2025-02-27,2025-08-26,,2026-09-29
CAS_CLEAN_204,SNP_CAS_CLEAN_204_CASE_INITIATION_MILESTONE_20250826,CASE_INITIATION_TO_MILESTONE,399,False,2025-02-27,2025-08-26,,2026-09-29
CAS_CLEAN_205,SNP_CAS_CLEAN_205_CASE_INITIATION_MILESTONE_20250826,CASE_INITIATION_TO_MILESTONE,399,False,2025-02-27,2025-08-26,,2026-09-29
CAS_CLEAN_206,SNP_CAS_CLEAN_206_CASE_INITIATION_MILESTONE_20250826,CASE_INITIATION_TO_MILESTONE,399,False,2025-02-27,2025-08-26,,2026-09-29
CAS_CLEAN_033,SNP_CAS_CLEAN_033_CASE_INITIATION_MILESTONE_20250828,CASE_INITIATION_TO_MILESTONE,397,False,2025-05-30,2025-08-28,,2026-09-29
CAS_CLEAN_211,SNP_CAS_CLEAN_211_CASE_INITIATION_MILESTONE_20250828,CASE_INITIATION_TO_MILESTONE,397,False,2025-03-01,2025-08-28,,2026-09-29
CAS_CLEAN_148,SNP_CAS_CLEAN_148_CASE_INITIATION_MILESTONE_20250829,CASE_INITIATION_TO_MILESTONE,396,False,2024-12-02,2025-08-29,,2026-09-29
CAS_CLEAN_023,SNP_CAS_CLEAN_023_CASE_INITIATION_MILESTONE_20250903,CASE_INITIATION_TO_MILESTONE,391,False,2025-06-05,2025-09-03,,2026-09-29
CAS_CLEAN_189,SNP_CAS_CLEAN_189_CASE_INITIATION_MILESTONE_20250903,CASE_INITIATION_TO_MILESTONE,391,False,2025-09-03,2025-09-03,,2026-09-29
CAS_CLEAN_193,SNP_CAS_CLEAN_193_CASE_INITIATION_MILESTONE_20250904,CASE_INITIATION_TO_MILESTONE,390,False,2025-06-06,2025-09-04,,2026-09-29
CAS_CLEAN_196,SNP_CAS_CLEAN_196_CASE_INITIATION_MILESTONE_20250904,CASE_INITIATION_TO_MILESTONE,390,False,2025-06-06,2025-09-04,,2026-09-29
CAS_CLEAN_005,SNP_CAS_CLEAN_005_CASE_INITIATION_MILESTONE_20250906,CASE_INITIATION_TO_MILESTONE,388,False,2024-12-10,2025-09-06,,2026-09-29
CAS_CLEAN_079,SNP_CAS_CLEAN_079_CASE_INITIATION_MILESTONE_20250906,CASE_INITIATION_TO_MILESTONE,388,False,2024-12-10,2025-09-06,,2026-09-29
CAS_CLEAN_145,SNP_CAS_CLEAN_145_CASE_INITIATION_MILESTONE_20250906,CASE_INITIATION_TO_MILESTONE,388,False,2024-12-10,2025-09-06,,2026-09-29
CAS_CLEAN_212,SNP_CAS_CLEAN_212_CASE_INITIATION_MILESTONE_20250906,CASE_INITIATION_TO_MILESTONE,388,False,2025-03-10,2025-09-06,,2026-09-29
CAS_CLEAN_213,SNP_CAS_CLEAN_213_CASE_INITIATION_MILESTONE_20250906,CASE_INITIATION_TO_MILESTONE,388,False,2025-03-10,2025-09-06,,2026-09-29
CAS_CLEAN_215,SNP_CAS_CLEAN_215_CASE_INITIATION_MILESTONE_20250907,CASE_INITIATION_TO_MILESTONE,387,False,2025-03-11,2025-09-07,,2026-09-29
CAS_CLEAN_091,SNP_CAS_CLEAN_091_CASE_INITIATION_MILESTONE_20250908,CASE_INITIATION_TO_MILESTONE,386,False,2024-12-12,2025-09-08,,2026-09-29
CAS_CLEAN_207,SNP_CAS_CLEAN_207_CASE_INITIATION_MILESTONE_20250909,CASE_INITIATION_TO_MILESTONE,385,False,2025-03-13,2025-09-09,,2026-09-29
CAS_CLEAN_208,SNP_CAS_CLEAN_208_CASE_INITIATION_MILESTONE_20250909,CASE_INITIATION_TO_MILESTONE,385,False,2025-03-13,2025-09-09,,2026-09-29
CAS_CLEAN_209,SNP_CAS_CLEAN_209_CASE_INITIATION_MILESTONE_20250909,CASE_INITIATION_TO_MILESTONE,385,False,2025-03-13,2025-09-09,,2026-09-29
CAS_CLEAN_245,SNP_CAS_CLEAN_245_CASE_INITIATION_MILESTONE_20250910,CASE_INITIATION_TO_MILESTONE,384,False,2025-09-10,2025-09-10,,2026-09-29
CAS_CLEAN_258,SNP_CAS_CLEAN_258_CASE_INITIATION_MILESTONE_20250913,CASE_INITIATION_TO_MILESTONE,381,False,2025-03-17,2025-09-13,,2026-09-29
CAS_CLEAN_210,SNP_CAS_CLEAN_210_CASE_INITIATION_MILESTONE_20250916,CASE_INITIATION_TO_MILESTONE,378,False,2025-03-20,2025-09-16,,2026-09-29
CAS_CLEAN_244,SNP_CAS_CLEAN_244_CASE_INITIATION_MILESTONE_20250917,CASE_INITIATION_TO_MILESTONE,377,False,2025-09-17,2025-09-17,,2026-09-29
CAS_CLEAN_045,SNP_CAS_CLEAN_045_CASE_INITIATION_MILESTONE_20250919,CASE_INITIATION_TO_MILESTONE,87,True,2025-09-19,2025-09-19,2025-12-15,
CAS_CLEAN_076,SNP_CAS_CLEAN_076_CASE_INITIATION_MILESTONE_20250919,CASE_INITIATION_TO_MILESTONE,87,True,2025-09-19,2025-09-19,2025-12-15,
CAS_CLEAN_114,SNP_CAS_CLEAN_114_CASE_INITIATION_MILESTONE_20250919,CASE_INITIATION_TO_MILESTONE,87,True,2025-09-19,2025-09-19,2025-12-15,
CAS_CLEAN_133,SNP_CAS_CLEAN_133_CASE_INITIATION_MILESTONE_20250919,CASE_INITIATION_TO_MILESTONE,375,False,2025-09-19,2025-09-19,,2026-09-29
CAS_CLEAN_228,SNP_CAS_CLEAN_228_CASE_INITIATION_MILESTONE_20250919,CASE_INITIATION_TO_MILESTONE,375,False,2024-12-23,2025-09-19,,2026-09-29
CAS_CLEAN_229,SNP_CAS_CLEAN_229_CASE_INITIATION_MILESTONE_20250919,CASE_INITIATION_TO_MILESTONE,375,False,2024-12-23,2025-09-19,,2026-09-29
CAS_CLEAN_230,SNP_CAS_CLEAN_230_CASE_INITIATION_MILESTONE_20250919,CASE_INITIATION_TO_MILESTONE,375,False,2024-12-23,2025-09-19,,2026-09-29
CAS_CLEAN_231,SNP_CAS_CLEAN_231_CASE_INITIATION_MILESTONE_20250919,CASE_INITIATION_TO_MILESTONE,375,False,2024-12-23,2025-09-19,,2026-09-29
CAS_CLEAN_232,SNP_CAS_CLEAN_232_CASE_INITIATION_MILESTONE_20250919,CASE_INITIATION_TO_MILESTONE,375,False,2024-12-23,2025-09-19,,2026-09-29
CAS_CLEAN_242,SNP_CAS_CLEAN_242_CASE_INITIATION_MILESTONE_20250919,CASE_INITIATION_TO_MILESTONE,375,False,2024-12-23,2025-09-19,,2026-09-29
CAS_CLEAN_101,SNP_CAS_CLEAN_101_CASE_INITIATION_MILESTONE_20250921,CASE_INITIATION_TO_MILESTONE,373,False,2025-06-23,2025-09-21,,2026-09-29
CAS_CLEAN_001,SNP_CAS_CLEAN_001_CASE_INITIATION_MILESTONE_20250923,CASE_INITIATION_TO_MILESTONE,371,False,2024-12-27,2025-09-23,,2026-09-29
CAS_CLEAN_227,SNP_CAS_CLEAN_227_CASE_INITIATION_MILESTONE_20250923,CASE_INITIATION_TO_MILESTONE,371,False,2024-12-27,2025-09-23,,2026-09-29
CAS_CLEAN_240,SNP_CAS_CLEAN_240_CASE_INITIATION_MILESTONE_20250923,CASE_INITIATION_TO_MILESTONE,371,False,2024-12-27,2025-09-23,,2026-09-29
CAS_CLEAN_093,SNP_CAS_CLEAN_093_CASE_INITIATION_MILESTONE_20250924,CASE_INITIATION_TO_MILESTONE,370,False,2025-06-26,2025-09-24,,2026-09-29
CAS_CLEAN_194,SNP_CAS_CLEAN_194_CASE_INITIATION_MILESTONE_20250925,CASE_INITIATION_TO_MILESTONE,369,False,2025-06-27,2025-09-25,,2026-09-29
CAS_CLEAN_195,SNP_CAS_CLEAN_195_CASE_INITIATION_MILESTONE_20250925,CASE_INITIATION_TO_MILESTONE,369,False,2025-06-27,2025-09-25,,2026-09-29
CAS_CLEAN_243,SNP_CAS_CLEAN_243_CASE_INITIATION_MILESTONE_20250925,CASE_INITIATION_TO_MILESTONE,369,False,2025-09-25,2025-09-25,,2026-09-29
CAS_CLEAN_015,SNP_CAS_CLEAN_015_CASE_INITIATION_MILESTONE_20250926,CASE_INITIATION_TO_MILESTONE,80,True,2025-09-26,2025-09-26,2025-12-15,
CAS_CLEAN_095,SNP_CAS_CLEAN_095_CASE_INITIATION_MILESTONE_20250928,CASE_INITIATION_TO_MILESTONE,366,False,2025-01-01,2025-09-28,,2026-09-29
CAS_CLEAN_214,SNP_CAS_CLEAN_214_CASE_INITIATION_MILESTONE_20250928,CASE_INITIATION_TO_MILESTONE,366,False,2025-01-01,2025-09-28,,2026-09-29
CAS_CLEAN_223,SNP_CAS_CLEAN_223_CASE_INITIATION_MILESTONE_20250928,CASE_INITIATION_TO_MILESTONE,366,False,2025-01-01,2025-09-28,,2026-09-29
CAS_CLEAN_224,SNP_CAS_CLEAN_224_CASE_INITIATION_MILESTONE_20250928,CASE_INITIATION_TO_MILESTONE,366,False,2025-01-01,2025-09-28,,2026-09-29
CAS_CLEAN_225,SNP_CAS_CLEAN_225_CASE_INITIATION_MILESTONE_20250928,CASE_INITIATION_TO_MILESTONE,366,False,2025-01-01,2025-09-28,,2026-09-29
CAS_CLEAN_006,SNP_CAS_CLEAN_006_CASE_INITIATION_MILESTONE_20250929,CASE_INITIATION_TO_MILESTONE,60,True,2025-09-29,2025-09-29,2025-11-28,
CAS_CLEAN_014,SNP_CAS_CLEAN_014_CASE_INITIATION_MILESTONE_20250929,CASE_INITIATION_TO_MILESTONE,60,True,2025-09-29,2025-09-29,2025-11-28,
CAS_CLEAN_019,SNP_CAS_CLEAN_019_CASE_INITIATION_MILESTONE_20250929,CASE_INITIATION_TO_MILESTONE,60,True,2025-09-29,2025-09-29,2025-11-28,
CAS_CLEAN_060,SNP_CAS_CLEAN_060_CASE_INITIATION_MILESTONE_20250929,CASE_INITIATION_TO_MILESTONE,60,True,2025-09-29,2025-09-29,2025-11-28,
CAS_CLEAN_080,SNP_CAS_CLEAN_080_CASE_INITIATION_MILESTONE_20250929,CASE_INITIATION_TO_MILESTONE,60,True,2025-09-29,2025-09-29,2025-11-28,
CAS_CLEAN_129,SNP_CAS_CLEAN_129_CASE_INITIATION_MILESTONE_20250929,CASE_INITIATION_TO_MILESTONE,60,True,2025-09-29,2025-09-29,2025-11-28,
CAS_CLEAN_146,SNP_CAS_CLEAN_146_CASE_INITIATION_MILESTONE_20250929,CASE_INITIATION_TO_MILESTONE,60,True,2025-09-29,2025-09-29,2025-11-28,
CAS_CLEAN_147,SNP_CAS_CLEAN_147_CASE_INITIATION_MILESTONE_20250929,CASE_INITIATION_TO_MILESTONE,60,True,2025-09-29,2025-09-29,2025-11-28,
CAS_CLEAN_003,SNP_CAS_CLEAN_003_CASE_INITIATION_MILESTONE_20250930,CASE_INITIATION_TO_MILESTONE,59,True,2025-09-30,2025-09-30,2025-11-28,
CAS_CLEAN_124,SNP_CAS_CLEAN_124_CASE_INITIATION_MILESTONE_20250930,CASE_INITIATION_TO_MILESTONE,181,True,2025-09-30,2025-09-30,2026-03-30,
CAS_CLEAN_185,SNP_CAS_CLEAN_185_CASE_INITIATION_MILESTONE_20250930,CASE_INITIATION_TO_MILESTONE,364,False,2025-01-03,2025-09-30,,2026-09-29
CAS_CLEAN_096,SNP_CAS_CLEAN_096_CASE_INITIATION_MILESTONE_20251001,CASE_INITIATION_TO_MILESTONE,363,False,2024-10-01,2025-10-01,,2026-09-29
CAS_CLEAN_201,SNP_CAS_CLEAN_201_CASE_INITIATION_MILESTONE_20251001,CASE_INITIATION_TO_MILESTONE,363,False,2025-04-04,2025-10-01,,2026-09-29
CAS_CLEAN_238,SNP_CAS_CLEAN_238_CASE_INITIATION_MILESTONE_20251001,CASE_INITIATION_TO_MILESTONE,363,False,2025-04-04,2025-10-01,,2026-09-29
CAS_CLEAN_009,SNP_CAS_CLEAN_009_CASE_INITIATION_MILESTONE_20251011,CASE_INITIATION_TO_MILESTONE,353,False,2025-01-14,2025-10-11,,2026-09-29
CAS_CLEAN_064,SNP_CAS_CLEAN_064_CASE_INITIATION_MILESTONE_20251011,CASE_INITIATION_TO_MILESTONE,353,False,2025-01-14,2025-10-11,,2026-09-29
CAS_CLEAN_071,SNP_CAS_CLEAN_071_CASE_INITIATION_MILESTONE_20251011,CASE_INITIATION_TO_MILESTONE,353,False,2024-10-11,2025-10-11,,2026-09-29
CAS_CLEAN_120,SNP_CAS_CLEAN_120_CASE_INITIATION_MILESTONE_20251011,CASE_INITIATION_TO_MILESTONE,353,False,2025-01-14,2025-10-11,,2026-09-29
CAS_CLEAN_149,SNP_CAS_CLEAN_149_CASE_INITIATION_MILESTONE_20251012,CASE_INITIATION_TO_MILESTONE,352,False,2025-01-15,2025-10-12,,2026-09-29
CAS_CLEAN_156,SNP_CAS_CLEAN_156_CASE_INITIATION_MILESTONE_20251012,CASE_INITIATION_TO_MILESTONE,352,False,2025-01-15,2025-10-12,,2026-09-29
CAS_CLEAN_042,SNP_CAS_CLEAN_042_CASE_INITIATION_MILESTONE_20251014,CASE_INITIATION_TO_MILESTONE,350,False,2025-04-17,2025-10-14,,2026-09-29
CAS_CLEAN_092,SNP_CAS_CLEAN_092_CASE_INITIATION_MILESTONE_20251014,CASE_INITIATION_TO_MILESTONE,350,False,2025-04-17,2025-10-14,,2026-09-29
CAS_CLEAN_197,SNP_CAS_CLEAN_197_CASE_INITIATION_MILESTONE_20251014,CASE_INITIATION_TO_MILESTONE,350,False,2025-04-17,2025-10-14,,2026-09-29
CAS_CLEAN_191,SNP_CAS_CLEAN_191_CASE_INITIATION_MILESTONE_20251015,CASE_INITIATION_TO_MILESTONE,349,False,2025-07-17,2025-10-15,,2026-09-29
CAS_CLEAN_198,SNP_CAS_CLEAN_198_CASE_INITIATION_MILESTONE_20251018,CASE_INITIATION_TO_MILESTONE,346,False,2025-04-21,2025-10-18,,2026-09-29
CAS_CLEAN_199,SNP_CAS_CLEAN_199_CASE_INITIATION_MILESTONE_20251018,CASE_INITIATION_TO_MILESTONE,346,False,2025-04-21,2025-10-18,,2026-09-29
CAS_CLEAN_200,SNP_CAS_CLEAN_200_CASE_INITIATION_MILESTONE_20251018,CASE_INITIATION_TO_MILESTONE,346,False,2025-04-21,2025-10-18,,2026-09-29
CAS_CLEAN_264,SNP_CAS_CLEAN_264_CASE_INITIATION_MILESTONE_20251018,CASE_INITIATION_TO_MILESTONE,346,False,2025-04-21,2025-10-18,,2026-09-29
CAS_CLEAN_054,SNP_CAS_CLEAN_054_CASE_INITIATION_MILESTONE_20251019,CASE_INITIATION_TO_MILESTONE,345,False,2025-01-22,2025-10-19,,2026-09-29
CAS_CLEAN_237,SNP_CAS_CLEAN_237_CASE_INITIATION_MILESTONE_20251019,CASE_INITIATION_TO_MILESTONE,345,False,2025-07-21,2025-10-19,,2026-09-29
CAS_CLEAN_251,SNP_CAS_CLEAN_251_CASE_INITIATION_MILESTONE_20251019,CASE_INITIATION_TO_MILESTONE,345,False,2025-07-21,2025-10-19,,2026-09-29
CAS_CLEAN_057,SNP_CAS_CLEAN_057_CASE_INITIATION_MILESTONE_20251020,CASE_INITIATION_TO_MILESTONE,344,False,2025-01-23,2025-10-20,,2026-09-29
CAS_CLEAN_112,SNP_CAS_CLEAN_112_CASE_INITIATION_MILESTONE_20251020,CASE_INITIATION_TO_MILESTONE,344,False,2025-01-23,2025-10-20,,2026-09-29
CAS_CLEAN_222,SNP_CAS_CLEAN_222_CASE_INITIATION_MILESTONE_20251025,CASE_INITIATION_TO_MILESTONE,339,False,2025-01-28,2025-10-25,,2026-09-29
CAS_CLEAN_025,SNP_CAS_CLEAN_025_CASE_INITIATION_MILESTONE_20251030,CASE_INITIATION_TO_MILESTONE,334,False,2025-08-01,2025-10-30,,2026-09-29
CAS_CLEAN_026,SNP_CAS_CLEAN_026_CASE_INITIATION_MILESTONE_20251030,CASE_INITIATION_TO_MILESTONE,334,False,2025-08-01,2025-10-30,,2026-09-29
CAS_CLEAN_065,SNP_CAS_CLEAN_065_CASE_INITIATION_MILESTONE_20251030,CASE_INITIATION_TO_MILESTONE,334,False,2025-08-01,2025-10-30,,2026-09-29
CAS_CLEAN_078,SNP_CAS_CLEAN_078_CASE_INITIATION_MILESTONE_20251030,CASE_INITIATION_TO_MILESTONE,334,False,2025-08-01,2025-10-30,,2026-09-29
CAS_CLEAN_103,SNP_CAS_CLEAN_103_CASE_INITIATION_MILESTONE_20251030,CASE_INITIATION_TO_MILESTONE,334,False,2025-08-01,2025-10-30,,2026-09-29
CAS_CLEAN_121,SNP_CAS_CLEAN_121_CASE_INITIATION_MILESTONE_20251030,CASE_INITIATION_TO_MILESTONE,334,False,2025-08-01,2025-10-30,,2026-09-29
CAS_CLEAN_097,SNP_CAS_CLEAN_097_CASE_INITIATION_MILESTONE_20251101,CASE_INITIATION_TO_MILESTONE,332,False,2025-05-05,2025-11-01,,2026-09-29
CAS_CLEAN_190,SNP_CAS_CLEAN_190_CASE_INITIATION_MILESTONE_20251102,CASE_INITIATION_TO_MILESTONE,331,False,2025-08-04,2025-11-02,,2026-09-29
CAS_CLEAN_216,SNP_CAS_CLEAN_216_CASE_INITIATION_MILESTONE_20251110,CASE_INITIATION_TO_MILESTONE,323,False,2025-02-13,2025-11-10,,2026-09-29
CAS_CLEAN_218,SNP_CAS_CLEAN_218_CASE_INITIATION_MILESTONE_20251110,CASE_INITIATION_TO_MILESTONE,323,False,2025-02-13,2025-11-10,,2026-09-29
CAS_CLEAN_219,SNP_CAS_CLEAN_219_CASE_INITIATION_MILESTONE_20251110,CASE_INITIATION_TO_MILESTONE,323,False,2025-02-13,2025-11-10,,2026-09-29
CAS_CLEAN_221,SNP_CAS_CLEAN_221_CASE_INITIATION_MILESTONE_20251110,CASE_INITIATION_TO_MILESTONE,323,False,2025-02-13,2025-11-10,,2026-09-29
CAS_CLEAN_016,SNP_CAS_CLEAN_016_CASE_INITIATION_MILESTONE_20251111,CASE_INITIATION_TO_MILESTONE,322,False,2025-02-14,2025-11-11,,2026-09-29
CAS_CLEAN_234,SNP_CAS_CLEAN_234_CASE_INITIATION_MILESTONE_20251117,CASE_INITIATION_TO_MILESTONE,316,False,2025-02-20,2025-11-17,,2026-09-29
CAS_CLEAN_100,SNP_CAS_CLEAN_100_CASE_INITIATION_MILESTONE_20251122,CASE_INITIATION_TO_MILESTONE,311,False,2025-02-25,2025-11-22,,2026-09-29
CAS_CLEAN_024,SNP_CAS_CLEAN_024_CASE_INITIATION_MILESTONE_20251124,CASE_INITIATION_TO_MILESTONE,309,False,2025-05-28,2025-11-24,,2026-09-29
CAS_CLEAN_203,SNP_CAS_CLEAN_203_CASE_INITIATION_MILESTONE_20251124,CASE_INITIATION_TO_MILESTONE,309,False,2025-02-27,2025-11-24,,2026-09-29
CAS_CLEAN_204,SNP_CAS_CLEAN_204_CASE_INITIATION_MILESTONE_20251124,CASE_INITIATION_TO_MILESTONE,309,False,2025-02-27,2025-11-24,,2026-09-29
CAS_CLEAN_205,SNP_CAS_CLEAN_205_CASE_INITIATION_MILESTONE_20251124,CASE_INITIATION_TO_MILESTONE,309,False,2025-02-27,2025-11-24,,2026-09-29
CAS_CLEAN_206,SNP_CAS_CLEAN_206_CASE_INITIATION_MILESTONE_20251124,CASE_INITIATION_TO_MILESTONE,309,False,2025-02-27,2025-11-24,,2026-09-29
CAS_CLEAN_033,SNP_CAS_CLEAN_033_CASE_INITIATION_MILESTONE_20251126,CASE_INITIATION_TO_MILESTONE,307,False,2025-05-30,2025-11-26,,2026-09-29
CAS_CLEAN_211,SNP_CAS_CLEAN_211_CASE_INITIATION_MILESTONE_20251126,CASE_INITIATION_TO_MILESTONE,307,False,2025-03-01,2025-11-26,,2026-09-29
CAS_CLEAN_023,SNP_CAS_CLEAN_023_CASE_INITIATION_MILESTONE_20251202,CASE_INITIATION_TO_MILESTONE,301,False,2025-06-05,2025-12-02,,2026-09-29
CAS_CLEAN_148,SNP_CAS_CLEAN_148_CASE_INITIATION_MILESTONE_20251202,CASE_INITIATION_TO_MILESTONE,301,False,2024-12-02,2025-12-02,,2026-09-29
CAS_CLEAN_189,SNP_CAS_CLEAN_189_CASE_INITIATION_MILESTONE_20251202,CASE_INITIATION_TO_MILESTONE,301,False,2025-09-03,2025-12-02,,2026-09-29
CAS_CLEAN_193,SNP_CAS_CLEAN_193_CASE_INITIATION_MILESTONE_20251203,CASE_INITIATION_TO_MILESTONE,300,False,2025-06-06,2025-12-03,,2026-09-29
CAS_CLEAN_196,SNP_CAS_CLEAN_196_CASE_INITIATION_MILESTONE_20251203,CASE_INITIATION_TO_MILESTONE,300,False,2025-06-06,2025-12-03,,2026-09-29
CAS_CLEAN_212,SNP_CAS_CLEAN_212_CASE_INITIATION_MILESTONE_20251205,CASE_INITIATION_TO_MILESTONE,298,False,2025-03-10,2025-12-05,,2026-09-29
CAS_CLEAN_213,SNP_CAS_CLEAN_213_CASE_INITIATION_MILESTONE_20251205,CASE_INITIATION_TO_MILESTONE,298,False,2025-03-10,2025-12-05,,2026-09-29
CAS_CLEAN_215,SNP_CAS_CLEAN_215_CASE_INITIATION_MILESTONE_20251206,CASE_INITIATION_TO_MILESTONE,297,False,2025-03-11,2025-12-06,,2026-09-29
CAS_CLEAN_207,SNP_CAS_CLEAN_207_CASE_INITIATION_MILESTONE_20251208,CASE_INITIATION_TO_MILESTONE,295,False,2025-03-13,2025-12-08,,2026-09-29
CAS_CLEAN_208,SNP_CAS_CLEAN_208_CASE_INITIATION_MILESTONE_20251208,CASE_INITIATION_TO_MILESTONE,295,False,2025-03-13,2025-12-08,,2026-09-29
CAS_CLEAN_209,SNP_CAS_CLEAN_209_CASE_INITIATION_MILESTONE_20251208,CASE_INITIATION_TO_MILESTONE,295,False,2025-03-13,2025-12-08,,2026-09-29
CAS_CLEAN_245,SNP_CAS_CLEAN_245_CASE_INITIATION_MILESTONE_20251209,CASE_INITIATION_TO_MILESTONE,294,False,2025-09-10,2025-12-09,,2026-09-29
CAS_CLEAN_005,SNP_CAS_CLEAN_005_CASE_INITIATION_MILESTONE_20251210,CASE_INITIATION_TO_MILESTONE,293,False,2024-12-10,2025-12-10,,2026-09-29
CAS_CLEAN_079,SNP_CAS_CLEAN_079_CASE_INITIATION_MILESTONE_20251210,CASE_INITIATION_TO_MILESTONE,293,False,2024-12-10,2025-12-10,,2026-09-29
CAS_CLEAN_145,SNP_CAS_CLEAN_145_CASE_INITIATION_MILESTONE_20251210,CASE_INITIATION_TO_MILESTONE,293,False,2024-12-10,2025-12-10,,2026-09-29
CAS_CLEAN_091,SNP_CAS_CLEAN_091_CASE_INITIATION_MILESTONE_20251212,CASE_INITIATION_TO_MILESTONE,291,False,2024-12-12,2025-12-12,,2026-09-29
CAS_CLEAN_258,SNP_CAS_CLEAN_258_CASE_INITIATION_MILESTONE_20251212,CASE_INITIATION_TO_MILESTONE,291,False,2025-03-17,2025-12-12,,2026-09-29
CAS_CLEAN_259,SNP_CAS_CLEAN_259_CASE_INITIATION_MILESTONE_20251212,CASE_INITIATION_TO_MILESTONE,291,False,2025-12-12,2025-12-12,,2026-09-29
CAS_CLEAN_210,SNP_CAS_CLEAN_210_CASE_INITIATION_MILESTONE_20251215,CASE_INITIATION_TO_MILESTONE,288,False,2025-03-20,2025-12-15,,2026-09-29
CAS_CLEAN_244,SNP_CAS_CLEAN_244_CASE_INITIATION_MILESTONE_20251216,CASE_INITIATION_TO_MILESTONE,287,False,2025-09-17,2025-12-16,,2026-09-29
CAS_CLEAN_133,SNP_CAS_CLEAN_133_CASE_INITIATION_MILESTONE_20251218,CASE_INITIATION_TO_MILESTONE,285,False,2025-09-19,2025-12-18,,2026-09-29
CAS_CLEAN_101,SNP_CAS_CLEAN_101_CASE_INITIATION_MILESTONE_20251220,CASE_INITIATION_TO_MILESTONE,283,False,2025-06-23,2025-12-20,,2026-09-29
CAS_CLEAN_093,SNP_CAS_CLEAN_093_CASE_INITIATION_MILESTONE_20251223,CASE_INITIATION_TO_MILESTONE,280,False,2025-06-26,2025-12-23,,2026-09-29
CAS_CLEAN_228,SNP_CAS_CLEAN_228_CASE_INITIATION_MILESTONE_20251223,CASE_INITIATION_TO_MILESTONE,280,False,2024-12-23,2025-12-23,,2026-09-29
CAS_CLEAN_229,SNP_CAS_CLEAN_229_CASE_INITIATION_MILESTONE_20251223,CASE_INITIATION_TO_MILESTONE,280,False,2024-12-23,2025-12-23,,2026-09-29
CAS_CLEAN_230,SNP_CAS_CLEAN_230_CASE_INITIATION_MILESTONE_20251223,CASE_INITIATION_TO_MILESTONE,280,False,2024-12-23,2025-12-23,,2026-09-29
CAS_CLEAN_231,SNP_CAS_CLEAN_231_CASE_INITIATION_MILESTONE_20251223,CASE_INITIATION_TO_MILESTONE,280,False,2024-12-23,2025-12-23,,2026-09-29
CAS_CLEAN_232,SNP_CAS_CLEAN_232_CASE_INITIATION_MILESTONE_20251223,CASE_INITIATION_TO_MILESTONE,280,False,2024-12-23,2025-12-23,,2026-09-29
CAS_CLEAN_242,SNP_CAS_CLEAN_242_CASE_INITIATION_MILESTONE_20251223,CASE_INITIATION_TO_MILESTONE,280,False,2024-12-23,2025-12-23,,2026-09-29
CAS_CLEAN_194,SNP_CAS_CLEAN_194_CASE_INITIATION_MILESTONE_20251224,CASE_INITIATION_TO_MILESTONE,279,False,2025-06-27,2025-12-24,,2026-09-29
CAS_CLEAN_195,SNP_CAS_CLEAN_195_CASE_INITIATION_MILESTONE_20251224,CASE_INITIATION_TO_MILESTONE,279,False,2025-06-27,2025-12-24,,2026-09-29
CAS_CLEAN_243,SNP_CAS_CLEAN_243_CASE_INITIATION_MILESTONE_20251224,CASE_INITIATION_TO_MILESTONE,279,False,2025-09-25,2025-12-24,,2026-09-29
CAS_CLEAN_001,SNP_CAS_CLEAN_001_CASE_INITIATION_MILESTONE_20251227,CASE_INITIATION_TO_MILESTONE,276,False,2024-12-27,2025-12-27,,2026-09-29
CAS_CLEAN_227,SNP_CAS_CLEAN_227_CASE_INITIATION_MILESTONE_20251227,CASE_INITIATION_TO_MILESTONE,276,False,2024-12-27,2025-12-27,,2026-09-29
CAS_CLEAN_240,SNP_CAS_CLEAN_240_CASE_INITIATION_MILESTONE_20251227,CASE_INITIATION_TO_MILESTONE,276,False,2024-12-27,2025-12-27,,2026-09-29
CAS_CLEAN_124,SNP_CAS_CLEAN_124_CASE_INITIATION_MILESTONE_20251229,CASE_INITIATION_TO_MILESTONE,91,True,2025-09-30,2025-12-29,2026-03-30,
CAS_CLEAN_201,SNP_CAS_CLEAN_201_CASE_INITIATION_MILESTONE_20251230,CASE_INITIATION_TO_MILESTONE,273,False,2025-04-04,2025-12-30,,2026-09-29
CAS_CLEAN_238,SNP_CAS_CLEAN_238_CASE_INITIATION_MILESTONE_20251230,CASE_INITIATION_TO_MILESTONE,273,False,2025-04-04,2025-12-30,,2026-09-29
CAS_CLEAN_095,SNP_CAS_CLEAN_095_CASE_INITIATION_MILESTONE_20260101,CASE_INITIATION_TO_MILESTONE,271,False,2025-01-01,2026-01-01,,2026-09-29
CAS_CLEAN_214,SNP_CAS_CLEAN_214_CASE_INITIATION_MILESTONE_20260101,CASE_INITIATION_TO_MILESTONE,271,False,2025-01-01,2026-01-01,,2026-09-29
CAS_CLEAN_223,SNP_CAS_CLEAN_223_CASE_INITIATION_MILESTONE_20260101,CASE_INITIATION_TO_MILESTONE,271,False,2025-01-01,2026-01-01,,2026-09-29
CAS_CLEAN_224,SNP_CAS_CLEAN_224_CASE_INITIATION_MILESTONE_20260101,CASE_INITIATION_TO_MILESTONE,271,False,2025-01-01,2026-01-01,,2026-09-29
CAS_CLEAN_225,SNP_CAS_CLEAN_225_CASE_INITIATION_MILESTONE_20260101,CASE_INITIATION_TO_MILESTONE,271,False,2025-01-01,2026-01-01,,2026-09-29
CAS_CLEAN_185,SNP_CAS_CLEAN_185_CASE_INITIATION_MILESTONE_20260103,CASE_INITIATION_TO_MILESTONE,269,False,2025-01-03,2026-01-03,,2026-09-29
CAS_CLEAN_052,SNP_CAS_CLEAN_052_CASE_INITIATION_MILESTONE_20260109,CASE_INITIATION_TO_MILESTONE,263,False,2026-01-09,2026-01-09,,2026-09-29
CAS_CLEAN_042,SNP_CAS_CLEAN_042_CASE_INITIATION_MILESTONE_20260112,CASE_INITIATION_TO_MILESTONE,260,False,2025-04-17,2026-01-12,,2026-09-29
CAS_CLEAN_092,SNP_CAS_CLEAN_092_CASE_INITIATION_MILESTONE_20260112,CASE_INITIATION_TO_MILESTONE,260,False,2025-04-17,2026-01-12,,2026-09-29
CAS_CLEAN_197,SNP_CAS_CLEAN_197_CASE_INITIATION_MILESTONE_20260112,CASE_INITIATION_TO_MILESTONE,260,False,2025-04-17,2026-01-12,,2026-09-29
CAS_CLEAN_191,SNP_CAS_CLEAN_191_CASE_INITIATION_MILESTONE_20260113,CASE_INITIATION_TO_MILESTONE,259,False,2025-07-17,2026-01-13,,2026-09-29
CAS_CLEAN_009,SNP_CAS_CLEAN_009_CASE_INITIATION_MILESTONE_20260114,CASE_INITIATION_TO_MILESTONE,258,False,2025-01-14,2026-01-14,,2026-09-29
CAS_CLEAN_064,SNP_CAS_CLEAN_064_CASE_INITIATION_MILESTONE_20260114,CASE_INITIATION_TO_MILESTONE,258,False,2025-01-14,2026-01-14,,2026-09-29
CAS_CLEAN_120,SNP_CAS_CLEAN_120_CASE_INITIATION_MILESTONE_20260114,CASE_INITIATION_TO_MILESTONE,258,False,2025-01-14,2026-01-14,,2026-09-29
CAS_CLEAN_149,SNP_CAS_CLEAN_149_CASE_INITIATION_MILESTONE_20260115,CASE_INITIATION_TO_MILESTONE,257,False,2025-01-15,2026-01-15,,2026-09-29
CAS_CLEAN_156,SNP_CAS_CLEAN_156_CASE_INITIATION_MILESTONE_20260115,CASE_INITIATION_TO_MILESTONE,257,False,2025-01-15,2026-01-15,,2026-09-29
CAS_CLEAN_198,SNP_CAS_CLEAN_198_CASE_INITIATION_MILESTONE_20260116,CASE_INITIATION_TO_MILESTONE,256,False,2025-04-21,2026-01-16,,2026-09-29
CAS_CLEAN_199,SNP_CAS_CLEAN_199_CASE_INITIATION_MILESTONE_20260116,CASE_INITIATION_TO_MILESTONE,256,False,2025-04-21,2026-01-16,,2026-09-29
CAS_CLEAN_200,SNP_CAS_CLEAN_200_CASE_INITIATION_MILESTONE_20260116,CASE_INITIATION_TO_MILESTONE,256,False,2025-04-21,2026-01-16,,2026-09-29
CAS_CLEAN_264,SNP_CAS_CLEAN_264_CASE_INITIATION_MILESTONE_20260116,CASE_INITIATION_TO_MILESTONE,256,False,2025-04-21,2026-01-16,,2026-09-29
CAS_CLEAN_237,SNP_CAS_CLEAN_237_CASE_INITIATION_MILESTONE_20260117,CASE_INITIATION_TO_MILESTONE,255,False,2025-07-21,2026-01-17,,2026-09-29
CAS_CLEAN_251,SNP_CAS_CLEAN_251_CASE_INITIATION_MILESTONE_20260117,CASE_INITIATION_TO_MILESTONE,255,False,2025-07-21,2026-01-17,,2026-09-29
CAS_CLEAN_113,SNP_CAS_CLEAN_113_CASE_INITIATION_MILESTONE_20260119,CASE_INITIATION_TO_MILESTONE,253,False,2026-01-19,2026-01-19,,2026-09-29
CAS_CLEAN_133,SNP_CAS_CLEAN_133_CASE_INITIATION_MILESTONE_20260119,CASE_INITIATION_TO_MILESTONE,253,False,2025-09-19,2026-01-19,,2026-09-29
CAS_CLEAN_054,SNP_CAS_CLEAN_054_CASE_INITIATION_MILESTONE_20260122,CASE_INITIATION_TO_MILESTONE,250,False,2025-01-22,2026-01-22,,2026-09-29
CAS_CLEAN_057,SNP_CAS_CLEAN_057_CASE_INITIATION_MILESTONE_20260123,CASE_INITIATION_TO_MILESTONE,249,False,2025-01-23,2026-01-23,,2026-09-29
CAS_CLEAN_112,SNP_CAS_CLEAN_112_CASE_INITIATION_MILESTONE_20260123,CASE_INITIATION_TO_MILESTONE,249,False,2025-01-23,2026-01-23,,2026-09-29
CAS_CLEAN_025,SNP_CAS_CLEAN_025_CASE_INITIATION_MILESTONE_20260128,CASE_INITIATION_TO_MILESTONE,244,False,2025-08-01,2026-01-28,,2026-09-29
CAS_CLEAN_026,SNP_CAS_CLEAN_026_CASE_INITIATION_MILESTONE_20260128,CASE_INITIATION_TO_MILESTONE,244,False,2025-08-01,2026-01-28,,2026-09-29
CAS_CLEAN_065,SNP_CAS_CLEAN_065_CASE_INITIATION_MILESTONE_20260128,CASE_INITIATION_TO_MILESTONE,244,False,2025-08-01,2026-01-28,,2026-09-29
CAS_CLEAN_078,SNP_CAS_CLEAN_078_CASE_INITIATION_MILESTONE_20260128,CASE_INITIATION_TO_MILESTONE,244,False,2025-08-01,2026-01-28,,2026-09-29
CAS_CLEAN_103,SNP_CAS_CLEAN_103_CASE_INITIATION_MILESTONE_20260128,CASE_INITIATION_TO_MILESTONE,244,False,2025-08-01,2026-01-28,,2026-09-29
CAS_CLEAN_121,SNP_CAS_CLEAN_121_CASE_INITIATION_MILESTONE_20260128,CASE_INITIATION_TO_MILESTONE,244,False,2025-08-01,2026-01-28,,2026-09-29
CAS_CLEAN_222,SNP_CAS_CLEAN_222_CASE_INITIATION_MILESTONE_20260128,CASE_INITIATION_TO_MILESTONE,244,False,2025-01-28,2026-01-28,,2026-09-29
CAS_CLEAN_087,SNP_CAS_CLEAN_087_CASE_INITIATION_MILESTONE_20260130,CASE_INITIATION_TO_MILESTONE,242,False,2024-01-31,2026-01-30,,2026-09-29
CAS_CLEAN_097,SNP_CAS_CLEAN_097_CASE_INITIATION_MILESTONE_20260130,CASE_INITIATION_TO_MILESTONE,242,False,2025-05-05,2026-01-30,,2026-09-29
CAS_CLEAN_190,SNP_CAS_CLEAN_190_CASE_INITIATION_MILESTONE_20260131,CASE_INITIATION_TO_MILESTONE,241,False,2025-08-04,2026-01-31,,2026-09-29
CAS_CLEAN_182,SNP_CAS_CLEAN_182_CASE_INITIATION_MILESTONE_20260205,CASE_INITIATION_TO_MILESTONE,236,False,2026-02-05,2026-02-05,,2026-09-29
CAS_CLEAN_216,SNP_CAS_CLEAN_216_CASE_INITIATION_MILESTONE_20260213,CASE_INITIATION_TO_MILESTONE,228,False,2025-02-13,2026-02-13,,2026-09-29
CAS_CLEAN_218,SNP_CAS_CLEAN_218_CASE_INITIATION_MILESTONE_20260213,CASE_INITIATION_TO_MILESTONE,228,False,2025-02-13,2026-02-13,,2026-09-29
CAS_CLEAN_219,SNP_CAS_CLEAN_219_CASE_INITIATION_MILESTONE_20260213,CASE_INITIATION_TO_MILESTONE,228,False,2025-02-13,2026-02-13,,2026-09-29
CAS_CLEAN_221,SNP_CAS_CLEAN_221_CASE_INITIATION_MILESTONE_20260213,CASE_INITIATION_TO_MILESTONE,228,False,2025-02-13,2026-02-13,,2026-09-29
CAS_CLEAN_016,SNP_CAS_CLEAN_016_CASE_INITIATION_MILESTONE_20260214,CASE_INITIATION_TO_MILESTONE,227,False,2025-02-14,2026-02-14,,2026-09-29
CAS_CLEAN_234,SNP_CAS_CLEAN_234_CASE_INITIATION_MILESTONE_20260220,CASE_INITIATION_TO_MILESTONE,221,False,2025-02-20,2026-02-20,,2026-09-29
CAS_CLEAN_002,SNP_CAS_CLEAN_002_CASE_INITIATION_MILESTONE_20260221,CASE_INITIATION_TO_MILESTONE,220,False,2024-02-22,2026-02-21,,2026-09-29
CAS_CLEAN_024,SNP_CAS_CLEAN_024_CASE_INITIATION_MILESTONE_20260222,CASE_INITIATION_TO_MILESTONE,219,False,2025-05-28,2026-02-22,,2026-09-29
CAS_CLEAN_033,SNP_CAS_CLEAN_033_CASE_INITIATION_MILESTONE_20260224,CASE_INITIATION_TO_MILESTONE,217,False,2025-05-30,2026-02-24,,2026-09-29
CAS_CLEAN_100,SNP_CAS_CLEAN_100_CASE_INITIATION_MILESTONE_20260225,CASE_INITIATION_TO_MILESTONE,216,False,2025-02-25,2026-02-25,,2026-09-29
CAS_CLEAN_029,SNP_CAS_CLEAN_029_CASE_INITIATION_MILESTONE_20260226,CASE_INITIATION_TO_MILESTONE,215,False,2024-02-27,2026-02-26,,2026-09-29
CAS_CLEAN_203,SNP_CAS_CLEAN_203_CASE_INITIATION_MILESTONE_20260227,CASE_INITIATION_TO_MILESTONE,214,False,2025-02-27,2026-02-27,,2026-09-29
CAS_CLEAN_204,SNP_CAS_CLEAN_204_CASE_INITIATION_MILESTONE_20260227,CASE_INITIATION_TO_MILESTONE,214,False,2025-02-27,2026-02-27,,2026-09-29
CAS_CLEAN_205,SNP_CAS_CLEAN_205_CASE_INITIATION_MILESTONE_20260227,CASE_INITIATION_TO_MILESTONE,214,False,2025-02-27,2026-02-27,,2026-09-29
CAS_CLEAN_206,SNP_CAS_CLEAN_206_CASE_INITIATION_MILESTONE_20260227,CASE_INITIATION_TO_MILESTONE,214,False,2025-02-27,2026-02-27,,2026-09-29
CAS_CLEAN_211,SNP_CAS_CLEAN_211_CASE_INITIATION_MILESTONE_20260301,CASE_INITIATION_TO_MILESTONE,212,False,2025-03-01,2026-03-01,,2026-09-29
CAS_CLEAN_023,SNP_CAS_CLEAN_023_CASE_INITIATION_MILESTONE_20260302,CASE_INITIATION_TO_MILESTONE,211,False,2025-06-05,2026-03-02,,2026-09-29
CAS_CLEAN_189,SNP_CAS_CLEAN_189_CASE_INITIATION_MILESTONE_20260302,CASE_INITIATION_TO_MILESTONE,211,False,2025-09-03,2026-03-02,,2026-09-29
CAS_CLEAN_193,SNP_CAS_CLEAN_193_CASE_INITIATION_MILESTONE_20260303,CASE_INITIATION_TO_MILESTONE,210,False,2025-06-06,2026-03-03,,2026-09-29
CAS_CLEAN_196,SNP_CAS_CLEAN_196_CASE_INITIATION_MILESTONE_20260303,CASE_INITIATION_TO_MILESTONE,210,False,2025-06-06,2026-03-03,,2026-09-29
CAS_CLEAN_021,SNP_CAS_CLEAN_021_CASE_INITIATION_MILESTONE_20260305,CASE_INITIATION_TO_MILESTONE,208,False,2024-03-05,2026-03-05,,2026-09-29
CAS_CLEAN_181,SNP_CAS_CLEAN_181_CASE_INITIATION_MILESTONE_20260309,CASE_INITIATION_TO_MILESTONE,204,False,2026-03-09,2026-03-09,,2026-09-29
CAS_CLEAN_245,SNP_CAS_CLEAN_245_CASE_INITIATION_MILESTONE_20260309,CASE_INITIATION_TO_MILESTONE,204,False,2025-09-10,2026-03-09,,2026-09-29
CAS_CLEAN_212,SNP_CAS_CLEAN_212_CASE_INITIATION_MILESTONE_20260310,CASE_INITIATION_TO_MILESTONE,203,False,2025-03-10,2026-03-10,,2026-09-29
CAS_CLEAN_213,SNP_CAS_CLEAN_213_CASE_INITIATION_MILESTONE_20260310,CASE_INITIATION_TO_MILESTONE,203,False,2025-03-10,2026-03-10,,2026-09-29
CAS_CLEAN_215,SNP_CAS_CLEAN_215_CASE_INITIATION_MILESTONE_20260311,CASE_INITIATION_TO_MILESTONE,202,False,2025-03-11,2026-03-11,,2026-09-29
CAS_CLEAN_259,SNP_CAS_CLEAN_259_CASE_INITIATION_MILESTONE_20260312,CASE_INITIATION_TO_MILESTONE,201,False,2025-12-12,2026-03-12,,2026-09-29
CAS_CLEAN_164,SNP_CAS_CLEAN_164_CASE_INITIATION_MILESTONE_20260313,CASE_INITIATION_TO_MILESTONE,200,False,2024-03-13,2026-03-13,,2026-09-29
CAS_CLEAN_165,SNP_CAS_CLEAN_165_CASE_INITIATION_MILESTONE_20260313,CASE_INITIATION_TO_MILESTONE,200,False,2024-03-13,2026-03-13,,2026-09-29
CAS_CLEAN_207,SNP_CAS_CLEAN_207_CASE_INITIATION_MILESTONE_20260313,CASE_INITIATION_TO_MILESTONE,200,False,2025-03-13,2026-03-13,,2026-09-29
CAS_CLEAN_208,SNP_CAS_CLEAN_208_CASE_INITIATION_MILESTONE_20260313,CASE_INITIATION_TO_MILESTONE,200,False,2025-03-13,2026-03-13,,2026-09-29
CAS_CLEAN_209,SNP_CAS_CLEAN_209_CASE_INITIATION_MILESTONE_20260313,CASE_INITIATION_TO_MILESTONE,200,False,2025-03-13,2026-03-13,,2026-09-29
CAS_CLEAN_039,SNP_CAS_CLEAN_039_CASE_INITIATION_MILESTONE_20260314,CASE_INITIATION_TO_MILESTONE,199,False,2024-03-14,2026-03-14,,2026-09-29
CAS_CLEAN_041,SNP_CAS_CLEAN_041_CASE_INITIATION_MILESTONE_20260314,CASE_INITIATION_TO_MILESTONE,199,False,2024-03-14,2026-03-14,,2026-09-29
CAS_CLEAN_136,SNP_CAS_CLEAN_136_CASE_INITIATION_MILESTONE_20260314,CASE_INITIATION_TO_MILESTONE,199,False,2024-03-14,2026-03-14,,2026-09-29
CAS_CLEAN_244,SNP_CAS_CLEAN_244_CASE_INITIATION_MILESTONE_20260316,CASE_INITIATION_TO_MILESTONE,197,False,2025-09-17,2026-03-16,,2026-09-29
CAS_CLEAN_258,SNP_CAS_CLEAN_258_CASE_INITIATION_MILESTONE_20260317,CASE_INITIATION_TO_MILESTONE,196,False,2025-03-17,2026-03-17,,2026-09-29
CAS_CLEAN_133,SNP_CAS_CLEAN_133_CASE_INITIATION_MILESTONE_20260318,CASE_INITIATION_TO_MILESTONE,195,False,2025-09-19,2026-03-18,,2026-09-29
CAS_CLEAN_101,SNP_CAS_CLEAN_101_CASE_INITIATION_MILESTONE_20260320,CASE_INITIATION_TO_MILESTONE,193,False,2025-06-23,2026-03-20,,2026-09-29
CAS_CLEAN_210,SNP_CAS_CLEAN_210_CASE_INITIATION_MILESTONE_20260320,CASE_INITIATION_TO_MILESTONE,193,False,2025-03-20,2026-03-20,,2026-09-29
CAS_CLEAN_093,SNP_CAS_CLEAN_093_CASE_INITIATION_MILESTONE_20260323,CASE_INITIATION_TO_MILESTONE,190,False,2025-06-26,2026-03-23,,2026-09-29
CAS_CLEAN_194,SNP_CAS_CLEAN_194_CASE_INITIATION_MILESTONE_20260324,CASE_INITIATION_TO_MILESTONE,189,False,2025-06-27,2026-03-24,,2026-09-29
CAS_CLEAN_195,SNP_CAS_CLEAN_195_CASE_INITIATION_MILESTONE_20260324,CASE_INITIATION_TO_MILESTONE,189,False,2025-06-27,2026-03-24,,2026-09-29
CAS_CLEAN_243,SNP_CAS_CLEAN_243_CASE_INITIATION_MILESTONE_20260324,CASE_INITIATION_TO_MILESTONE,189,False,2025-09-25,2026-03-24,,2026-09-29
CAS_CLEAN_124,SNP_CAS_CLEAN_124_CASE_INITIATION_MILESTONE_20260329,CASE_INITIATION_TO_MILESTONE,1,True,2025-09-30,2026-03-29,2026-03-30,
CAS_CLEAN_201,SNP_CAS_CLEAN_201_CASE_INITIATION_MILESTONE_20260404,CASE_INITIATION_TO_MILESTONE,178,False,2025-04-04,2026-04-04,,2026-09-29
CAS_CLEAN_238,SNP_CAS_CLEAN_238_CASE_INITIATION_MILESTONE_20260404,CASE_INITIATION_TO_MILESTONE,178,False,2025-04-04,2026-04-04,,2026-09-29
CAS_CLEAN_052,SNP_CAS_CLEAN_052_CASE_INITIATION_MILESTONE_20260409,CASE_INITIATION_TO_MILESTONE,173,False,2026-01-09,2026-04-09,,2026-09-29
CAS_CLEAN_191,SNP_CAS_CLEAN_191_CASE_INITIATION_MILESTONE_20260413,CASE_INITIATION_TO_MILESTONE,169,False,2025-07-17,2026-04-13,,2026-09-29
CAS_CLEAN_042,SNP_CAS_CLEAN_042_CASE_INITIATION_MILESTONE_20260417,CASE_INITIATION_TO_MILESTONE,165,False,2025-04-17,2026-04-17,,2026-09-29
CAS_CLEAN_092,SNP_CAS_CLEAN_092_CASE_INITIATION_MILESTONE_20260417,CASE_INITIATION_TO_MILESTONE,165,False,2025-04-17,2026-04-17,,2026-09-29
CAS_CLEAN_197,SNP_CAS_CLEAN_197_CASE_INITIATION_MILESTONE_20260417,CASE_INITIATION_TO_MILESTONE,165,False,2025-04-17,2026-04-17,,2026-09-29
CAS_CLEAN_237,SNP_CAS_CLEAN_237_CASE_INITIATION_MILESTONE_20260417,CASE_INITIATION_TO_MILESTONE,165,False,2025-07-21,2026-04-17,,2026-09-29
CAS_CLEAN_251,SNP_CAS_CLEAN_251_CASE_INITIATION_MILESTONE_20260417,CASE_INITIATION_TO_MILESTONE,165,False,2025-07-21,2026-04-17,,2026-09-29
CAS_CLEAN_113,SNP_CAS_CLEAN_113_CASE_INITIATION_MILESTONE_20260419,CASE_INITIATION_TO_MILESTONE,163,False,2026-01-19,2026-04-19,,2026-09-29
CAS_CLEAN_260,SNP_CAS_CLEAN_260_CASE_INITIATION_MILESTONE_20260420,CASE_INITIATION_TO_MILESTONE,162,False,2026-04-20,2026-04-20,,2026-09-29
CAS_CLEAN_198,SNP_CAS_CLEAN_198_CASE_INITIATION_MILESTONE_20260421,CASE_INITIATION_TO_MILESTONE,161,False,2025-04-21,2026-04-21,,2026-09-29
CAS_CLEAN_199,SNP_CAS_CLEAN_199_CASE_INITIATION_MILESTONE_20260421,CASE_INITIATION_TO_MILESTONE,161,False,2025-04-21,2026-04-21,,2026-09-29
CAS_CLEAN_200,SNP_CAS_CLEAN_200_CASE_INITIATION_MILESTONE_20260421,CASE_INITIATION_TO_MILESTONE,161,False,2025-04-21,2026-04-21,,2026-09-29
CAS_CLEAN_264,SNP_CAS_CLEAN_264_CASE_INITIATION_MILESTONE_20260421,CASE_INITIATION_TO_MILESTONE,161,False,2025-04-21,2026-04-21,,2026-09-29
CAS_CLEAN_025,SNP_CAS_CLEAN_025_CASE_INITIATION_MILESTONE_20260428,CASE_INITIATION_TO_MILESTONE,154,False,2025-08-01,2026-04-28,,2026-09-29
CAS_CLEAN_026,SNP_CAS_CLEAN_026_CASE_INITIATION_MILESTONE_20260428,CASE_INITIATION_TO_MILESTONE,154,False,2025-08-01,2026-04-28,,2026-09-29
CAS_CLEAN_027,SNP_CAS_CLEAN_027_CASE_INITIATION_MILESTONE_20260428,CASE_INITIATION_TO_MILESTONE,154,False,2026-04-28,2026-04-28,,2026-09-29
CAS_CLEAN_028,SNP_CAS_CLEAN_028_CASE_INITIATION_MILESTONE_20260428,CASE_INITIATION_TO_MILESTONE,154,False,2026-04-28,2026-04-28,,2026-09-29
CAS_CLEAN_065,SNP_CAS_CLEAN_065_CASE_INITIATION_MILESTONE_20260428,CASE_INITIATION_TO_MILESTONE,154,False,2025-08-01,2026-04-28,,2026-09-29
CAS_CLEAN_078,SNP_CAS_CLEAN_078_CASE_INITIATION_MILESTONE_20260428,CASE_INITIATION_TO_MILESTONE,154,False,2025-08-01,2026-04-28,,2026-09-29
CAS_CLEAN_103,SNP_CAS_CLEAN_103_CASE_INITIATION_MILESTONE_20260428,CASE_INITIATION_TO_MILESTONE,154,False,2025-08-01,2026-04-28,,2026-09-29
CAS_CLEAN_121,SNP_CAS_CLEAN_121_CASE_INITIATION_MILESTONE_20260428,CASE_INITIATION_TO_MILESTONE,154,False,2025-08-01,2026-04-28,,2026-09-29
CAS_CLEAN_190,SNP_CAS_CLEAN_190_CASE_INITIATION_MILESTONE_20260501,CASE_INITIATION_TO_MILESTONE,151,False,2025-08-04,2026-05-01,,2026-09-29
CAS_CLEAN_249,SNP_CAS_CLEAN_249_CASE_INITIATION_MILESTONE_20260504,CASE_INITIATION_TO_MILESTONE,148,False,2026-05-04,2026-05-04,,2026-09-29
CAS_CLEAN_097,SNP_CAS_CLEAN_097_CASE_INITIATION_MILESTONE_20260505,CASE_INITIATION_TO_MILESTONE,147,False,2025-05-05,2026-05-05,,2026-09-29
CAS_CLEAN_182,SNP_CAS_CLEAN_182_CASE_INITIATION_MILESTONE_20260506,CASE_INITIATION_TO_MILESTONE,146,False,2026-02-05,2026-05-06,,2026-09-29
CAS_CLEAN_050,SNP_CAS_CLEAN_050_CASE_INITIATION_MILESTONE_20260511,CASE_INITIATION_TO_MILESTONE,141,False,2026-05-11,2026-05-11,,2026-09-29
CAS_CLEAN_183,SNP_CAS_CLEAN_183_CASE_INITIATION_MILESTONE_20260515,CASE_INITIATION_TO_MILESTONE,137,False,2026-05-15,2026-05-15,,2026-09-29
CAS_CLEAN_233,SNP_CAS_CLEAN_233_CASE_INITIATION_MILESTONE_20260515,CASE_INITIATION_TO_MILESTONE,137,False,2026-05-15,2026-05-15,,2026-09-29
CAS_CLEAN_250,SNP_CAS_CLEAN_250_CASE_INITIATION_MILESTONE_20260515,CASE_INITIATION_TO_MILESTONE,137,False,2026-05-15,2026-05-15,,2026-09-29
CAS_CLEAN_256,SNP_CAS_CLEAN_256_CASE_INITIATION_MILESTONE_20260515,CASE_INITIATION_TO_MILESTONE,137,False,2026-05-15,2026-05-15,,2026-09-29
CAS_CLEAN_036,SNP_CAS_CLEAN_036_CASE_INITIATION_MILESTONE_20260521,CASE_INITIATION_TO_MILESTONE,131,False,2026-05-21,2026-05-21,,2026-09-29
CAS_CLEAN_037,SNP_CAS_CLEAN_037_CASE_INITIATION_MILESTONE_20260521,CASE_INITIATION_TO_MILESTONE,92,True,2026-05-21,2026-05-21,2026-08-21,
CAS_CLEAN_142,SNP_CAS_CLEAN_142_CASE_INITIATION_MILESTONE_20260521,CASE_INITIATION_TO_MILESTONE,131,False,2026-05-21,2026-05-21,,2026-09-29
CAS_CLEAN_154,SNP_CAS_CLEAN_154_CASE_INITIATION_MILESTONE_20260521,CASE_INITIATION_TO_MILESTONE,131,False,2026-05-21,2026-05-21,,2026-09-29
CAS_CLEAN_263,SNP_CAS_CLEAN_263_CASE_INITIATION_MILESTONE_20260521,CASE_INITIATION_TO_MILESTONE,131,False,2026-05-21,2026-05-21,,2026-09-29
CAS_CLEAN_046,SNP_CAS_CLEAN_046_CASE_INITIATION_MILESTONE_20260526,CASE_INITIATION_TO_MILESTONE,126,False,2026-05-26,2026-05-26,,2026-09-29
CAS_CLEAN_024,SNP_CAS_CLEAN_024_CASE_INITIATION_MILESTONE_20260528,CASE_INITIATION_TO_MILESTONE,124,False,2025-05-28,2026-05-28,,2026-09-29
CAS_CLEAN_033,SNP_CAS_CLEAN_033_CASE_INITIATION_MILESTONE_20260530,CASE_INITIATION_TO_MILESTONE,122,False,2025-05-30,2026-05-30,,2026-09-29
CAS_CLEAN_189,SNP_CAS_CLEAN_189_CASE_INITIATION_MILESTONE_20260531,CASE_INITIATION_TO_MILESTONE,121,False,2025-09-03,2026-05-31,,2026-09-29
CAS_CLEAN_023,SNP_CAS_CLEAN_023_CASE_INITIATION_MILESTONE_20260605,CASE_INITIATION_TO_MILESTONE,116,False,2025-06-05,2026-06-05,,2026-09-29
CAS_CLEAN_253,SNP_CAS_CLEAN_253_CASE_INITIATION_MILESTONE_20260605,CASE_INITIATION_TO_MILESTONE,116,False,2026-06-05,2026-06-05,,2026-09-29
CAS_CLEAN_255,SNP_CAS_CLEAN_255_CASE_INITIATION_MILESTONE_20260605,CASE_INITIATION_TO_MILESTONE,116,False,2026-06-05,2026-06-05,,2026-09-29
CAS_CLEAN_193,SNP_CAS_CLEAN_193_CASE_INITIATION_MILESTONE_20260606,CASE_INITIATION_TO_MILESTONE,115,False,2025-06-06,2026-06-06,,2026-09-29
CAS_CLEAN_196,SNP_CAS_CLEAN_196_CASE_INITIATION_MILESTONE_20260606,CASE_INITIATION_TO_MILESTONE,115,False,2025-06-06,2026-06-06,,2026-09-29
CAS_CLEAN_181,SNP_CAS_CLEAN_181_CASE_INITIATION_MILESTONE_20260607,CASE_INITIATION_TO_MILESTONE,114,False,2026-03-09,2026-06-07,,2026-09-29
CAS_CLEAN_245,SNP_CAS_CLEAN_245_CASE_INITIATION_MILESTONE_20260607,CASE_INITIATION_TO_MILESTONE,114,False,2025-09-10,2026-06-07,,2026-09-29
CAS_CLEAN_259,SNP_CAS_CLEAN_259_CASE_INITIATION_MILESTONE_20260610,CASE_INITIATION_TO_MILESTONE,111,False,2025-12-12,2026-06-10,,2026-09-29
CAS_CLEAN_244,SNP_CAS_CLEAN_244_CASE_INITIATION_MILESTONE_20260614,CASE_INITIATION_TO_MILESTONE,107,False,2025-09-17,2026-06-14,,2026-09-29
CAS_CLEAN_255,SNP_CAS_CLEAN_255_CASE_INITIATION_MILESTONE_20260615,CASE_INITIATION_TO_MILESTONE,106,False,2026-06-05,2026-06-15,,2026-09-29
CAS_CLEAN_133,SNP_CAS_CLEAN_133_CASE_INITIATION_MILESTONE_20260616,CASE_INITIATION_TO_MILESTONE,105,False,2025-09-19,2026-06-16,,2026-09-29
CAS_CLEAN_243,SNP_CAS_CLEAN_243_CASE_INITIATION_MILESTONE_20260622,CASE_INITIATION_TO_MILESTONE,99,False,2025-09-25,2026-06-22,,2026-09-29
CAS_CLEAN_101,SNP_CAS_CLEAN_101_CASE_INITIATION_MILESTONE_20260623,CASE_INITIATION_TO_MILESTONE,98,False,2025-06-23,2026-06-23,,2026-09-29
CAS_CLEAN_115,SNP_CAS_CLEAN_115_CASE_INITIATION_MILESTONE_20260623,CASE_INITIATION_TO_MILESTONE,98,False,2026-06-23,2026-06-23,,2026-09-29
CAS_CLEAN_116,SNP_CAS_CLEAN_116_CASE_INITIATION_MILESTONE_20260623,CASE_INITIATION_TO_MILESTONE,98,False,2026-06-23,2026-06-23,,2026-09-29
CAS_CLEAN_126,SNP_CAS_CLEAN_126_CASE_INITIATION_MILESTONE_20260625,CASE_INITIATION_TO_MILESTONE,96,False,2024-06-25,2026-06-25,,2026-09-29
CAS_CLEAN_127,SNP_CAS_CLEAN_127_CASE_INITIATION_MILESTONE_20260625,CASE_INITIATION_TO_MILESTONE,96,False,2024-06-25,2026-06-25,,2026-09-29
CAS_CLEAN_093,SNP_CAS_CLEAN_093_CASE_INITIATION_MILESTONE_20260626,CASE_INITIATION_TO_MILESTONE,95,False,2025-06-26,2026-06-26,,2026-09-29
CAS_CLEAN_194,SNP_CAS_CLEAN_194_CASE_INITIATION_MILESTONE_20260627,CASE_INITIATION_TO_MILESTONE,94,False,2025-06-27,2026-06-27,,2026-09-29
CAS_CLEAN_195,SNP_CAS_CLEAN_195_CASE_INITIATION_MILESTONE_20260627,CASE_INITIATION_TO_MILESTONE,94,False,2025-06-27,2026-06-27,,2026-09-29
CAS_CLEAN_180,SNP_CAS_CLEAN_180_CASE_INITIATION_MILESTONE_20260629,CASE_INITIATION_TO_MILESTONE,92,False,2026-06-29,2026-06-29,,2026-09-29
CAS_CLEAN_052,SNP_CAS_CLEAN_052_CASE_INITIATION_MILESTONE_20260708,CASE_INITIATION_TO_MILESTONE,83,False,2026-01-09,2026-07-08,,2026-09-29
CAS_CLEAN_020,SNP_CAS_CLEAN_020_CASE_INITIATION_MILESTONE_20260710,CASE_INITIATION_TO_MILESTONE,81,False,2024-07-10,2026-07-10,,2026-09-29
CAS_CLEAN_191,SNP_CAS_CLEAN_191_CASE_INITIATION_MILESTONE_20260717,CASE_INITIATION_TO_MILESTONE,74,False,2025-07-17,2026-07-17,,2026-09-29
CAS_CLEAN_113,SNP_CAS_CLEAN_113_CASE_INITIATION_MILESTONE_20260718,CASE_INITIATION_TO_MILESTONE,73,False,2026-01-19,2026-07-18,,2026-09-29
CAS_CLEAN_260,SNP_CAS_CLEAN_260_CASE_INITIATION_MILESTONE_20260719,CASE_INITIATION_TO_MILESTONE,72,False,2026-04-20,2026-07-19,,2026-09-29
CAS_CLEAN_237,SNP_CAS_CLEAN_237_CASE_INITIATION_MILESTONE_20260721,CASE_INITIATION_TO_MILESTONE,70,False,2025-07-21,2026-07-21,,2026-09-29
CAS_CLEAN_251,SNP_CAS_CLEAN_251_CASE_INITIATION_MILESTONE_20260721,CASE_INITIATION_TO_MILESTONE,70,False,2025-07-21,2026-07-21,,2026-09-29
CAS_CLEAN_072,SNP_CAS_CLEAN_072_CASE_INITIATION_MILESTONE_20260724,CASE_INITIATION_TO_MILESTONE,67,False,2026-07-24,2026-07-24,,2026-09-29
CAS_CLEAN_027,SNP_CAS_CLEAN_027_CASE_INITIATION_MILESTONE_20260727,CASE_INITIATION_TO_MILESTONE,64,False,2026-04-28,2026-07-27,,2026-09-29
CAS_CLEAN_028,SNP_CAS_CLEAN_028_CASE_INITIATION_MILESTONE_20260727,CASE_INITIATION_TO_MILESTONE,64,False,2026-04-28,2026-07-27,,2026-09-29
CAS_CLEAN_073,SNP_CAS_CLEAN_073_CASE_INITIATION_MILESTONE_20260727,CASE_INITIATION_TO_MILESTONE,64,False,2026-07-27,2026-07-27,,2026-09-29
CAS_CLEAN_081,SNP_CAS_CLEAN_081_CASE_INITIATION_MILESTONE_20260727,CASE_INITIATION_TO_MILESTONE,64,False,2026-07-27,2026-07-27,,2026-09-29
CAS_CLEAN_032,SNP_CAS_CLEAN_032_CASE_INITIATION_MILESTONE_20260729,CASE_INITIATION_TO_MILESTONE,62,False,2024-07-29,2026-07-29,,2026-09-29
CAS_CLEAN_174,SNP_CAS_CLEAN_174_CASE_INITIATION_MILESTONE_20260729,CASE_INITIATION_TO_MILESTONE,62,False,2026-07-29,2026-07-29,,2026-09-29
CAS_CLEAN_175,SNP_CAS_CLEAN_175_CASE_INITIATION_MILESTONE_20260729,CASE_INITIATION_TO_MILESTONE,62,False,2026-07-29,2026-07-29,,2026-09-29
CAS_CLEAN_025,SNP_CAS_CLEAN_025_CASE_INITIATION_MILESTONE_20260801,CASE_INITIATION_TO_MILESTONE,59,False,2025-08-01,2026-08-01,,2026-09-29
CAS_CLEAN_026,SNP_CAS_CLEAN_026_CASE_INITIATION_MILESTONE_20260801,CASE_INITIATION_TO_MILESTONE,59,False,2025-08-01,2026-08-01,,2026-09-29
CAS_CLEAN_065,SNP_CAS_CLEAN_065_CASE_INITIATION_MILESTONE_20260801,CASE_INITIATION_TO_MILESTONE,59,False,2025-08-01,2026-08-01,,2026-09-29
CAS_CLEAN_078,SNP_CAS_CLEAN_078_CASE_INITIATION_MILESTONE_20260801,CASE_INITIATION_TO_MILESTONE,59,False,2025-08-01,2026-08-01,,2026-09-29
CAS_CLEAN_103,SNP_CAS_CLEAN_103_CASE_INITIATION_MILESTONE_20260801,CASE_INITIATION_TO_MILESTONE,59,False,2025-08-01,2026-08-01,,2026-09-29
CAS_CLEAN_121,SNP_CAS_CLEAN_121_CASE_INITIATION_MILESTONE_20260801,CASE_INITIATION_TO_MILESTONE,59,False,2025-08-01,2026-08-01,,2026-09-29
CAS_CLEAN_249,SNP_CAS_CLEAN_249_CASE_INITIATION_MILESTONE_20260802,CASE_INITIATION_TO_MILESTONE,58,False,2026-05-04,2026-08-02,,2026-09-29
CAS_CLEAN_182,SNP_CAS_CLEAN_182_CASE_INITIATION_MILESTONE_20260804,CASE_INITIATION_TO_MILESTONE,56,False,2026-02-05,2026-08-04,,2026-09-29
CAS_CLEAN_190,SNP_CAS_CLEAN_190_CASE_INITIATION_MILESTONE_20260804,CASE_INITIATION_TO_MILESTONE,56,False,2025-08-04,2026-08-04,,2026-09-29
CAS_CLEAN_094,SNP_CAS_CLEAN_094_CASE_INITIATION_MILESTONE_20260806,CASE_INITIATION_TO_MILESTONE,54,False,2024-08-06,2026-08-06,,2026-09-29
CAS_CLEAN_172,SNP_CAS_CLEAN_172_CASE_INITIATION_MILESTONE_20260806,CASE_INITIATION_TO_MILESTONE,54,False,2026-08-06,2026-08-06,,2026-09-29
CAS_CLEAN_173,SNP_CAS_CLEAN_173_CASE_INITIATION_MILESTONE_20260806,CASE_INITIATION_TO_MILESTONE,54,False,2026-08-06,2026-08-06,,2026-09-29
CAS_CLEAN_261,SNP_CAS_CLEAN_261_CASE_INITIATION_MILESTONE_20260807,CASE_INITIATION_TO_MILESTONE,53,False,2026-08-07,2026-08-07,,2026-09-29
CAS_CLEAN_140,SNP_CAS_CLEAN_140_CASE_INITIATION_MILESTONE_20260808,CASE_INITIATION_TO_MILESTONE,52,False,2024-08-08,2026-08-08,,2026-09-29
CAS_CLEAN_050,SNP_CAS_CLEAN_050_CASE_INITIATION_MILESTONE_20260809,CASE_INITIATION_TO_MILESTONE,51,False,2026-05-11,2026-08-09,,2026-09-29
CAS_CLEAN_183,SNP_CAS_CLEAN_183_CASE_INITIATION_MILESTONE_20260813,CASE_INITIATION_TO_MILESTONE,47,False,2026-05-15,2026-08-13,,2026-09-29
CAS_CLEAN_233,SNP_CAS_CLEAN_233_CASE_INITIATION_MILESTONE_20260813,CASE_INITIATION_TO_MILESTONE,47,False,2026-05-15,2026-08-13,,2026-09-29
CAS_CLEAN_250,SNP_CAS_CLEAN_250_CASE_INITIATION_MILESTONE_20260813,CASE_INITIATION_TO_MILESTONE,47,False,2026-05-15,2026-08-13,,2026-09-29
CAS_CLEAN_256,SNP_CAS_CLEAN_256_CASE_INITIATION_MILESTONE_20260813,CASE_INITIATION_TO_MILESTONE,47,False,2026-05-15,2026-08-13,,2026-09-29
CAS_CLEAN_007,SNP_CAS_CLEAN_007_CASE_INITIATION_MILESTONE_20260814,CASE_INITIATION_TO_MILESTONE,46,False,2026-08-14,2026-08-14,,2026-09-29
CAS_CLEAN_008,SNP_CAS_CLEAN_008_CASE_INITIATION_MILESTONE_20260814,CASE_INITIATION_TO_MILESTONE,46,False,2026-08-14,2026-08-14,,2026-09-29
CAS_CLEAN_013,SNP_CAS_CLEAN_013_CASE_INITIATION_MILESTONE_20260814,CASE_INITIATION_TO_MILESTONE,46,False,2026-08-14,2026-08-14,,2026-09-29
CAS_CLEAN_017,SNP_CAS_CLEAN_017_CASE_INITIATION_MILESTONE_20260814,CASE_INITIATION_TO_MILESTONE,46,False,2026-08-14,2026-08-14,,2026-09-29
CAS_CLEAN_035,SNP_CAS_CLEAN_035_CASE_INITIATION_MILESTONE_20260814,CASE_INITIATION_TO_MILESTONE,46,False,2026-08-14,2026-08-14,,2026-09-29
CAS_CLEAN_061,SNP_CAS_CLEAN_061_CASE_INITIATION_MILESTONE_20260814,CASE_INITIATION_TO_MILESTONE,46,False,2024-08-14,2026-08-14,,2026-09-29
CAS_CLEAN_062,SNP_CAS_CLEAN_062_CASE_INITIATION_MILESTONE_20260814,CASE_INITIATION_TO_MILESTONE,46,False,2026-08-14,2026-08-14,,2026-09-29
CAS_CLEAN_069,SNP_CAS_CLEAN_069_CASE_INITIATION_MILESTONE_20260814,CASE_INITIATION_TO_MILESTONE,46,False,2026-08-14,2026-08-14,,2026-09-29
CAS_CLEAN_082,SNP_CAS_CLEAN_082_CASE_INITIATION_MILESTONE_20260814,CASE_INITIATION_TO_MILESTONE,46,False,2026-08-14,2026-08-14,,2026-09-29
CAS_CLEAN_086,SNP_CAS_CLEAN_086_CASE_INITIATION_MILESTONE_20260814,CASE_INITIATION_TO_MILESTONE,46,False,2026-08-14,2026-08-14,,2026-09-29
CAS_CLEAN_104,SNP_CAS_CLEAN_104_CASE_INITIATION_MILESTONE_20260814,CASE_INITIATION_TO_MILESTONE,46,False,2026-08-14,2026-08-14,,2026-09-29
CAS_CLEAN_105,SNP_CAS_CLEAN_105_CASE_INITIATION_MILESTONE_20260814,CASE_INITIATION_TO_MILESTONE,46,False,2026-08-14,2026-08-14,,2026-09-29
CAS_CLEAN_106,SNP_CAS_CLEAN_106_CASE_INITIATION_MILESTONE_20260814,CASE_INITIATION_TO_MILESTONE,46,False,2026-08-14,2026-08-14,,2026-09-29
CAS_CLEAN_119,SNP_CAS_CLEAN_119_CASE_INITIATION_MILESTONE_20260814,CASE_INITIATION_TO_MILESTONE,46,False,2026-08-14,2026-08-14,,2026-09-29
CAS_CLEAN_122,SNP_CAS_CLEAN_122_CASE_INITIATION_MILESTONE_20260814,CASE_INITIATION_TO_MILESTONE,46,False,2026-08-14,2026-08-14,,2026-09-29
CAS_CLEAN_130,SNP_CAS_CLEAN_130_CASE_INITIATION_MILESTONE_20260814,CASE_INITIATION_TO_MILESTONE,46,False,2026-08-14,2026-08-14,,2026-09-29
CAS_CLEAN_141,SNP_CAS_CLEAN_141_CASE_INITIATION_MILESTONE_20260814,CASE_INITIATION_TO_MILESTONE,46,False,2026-08-14,2026-08-14,,2026-09-29
CAS_CLEAN_143,SNP_CAS_CLEAN_143_CASE_INITIATION_MILESTONE_20260814,CASE_INITIATION_TO_MILESTONE,46,False,2026-08-14,2026-08-14,,2026-09-29
CAS_CLEAN_150,SNP_CAS_CLEAN_150_CASE_INITIATION_MILESTONE_20260814,CASE_INITIATION_TO_MILESTONE,46,False,2026-08-14,2026-08-14,,2026-09-29
CAS_CLEAN_152,SNP_CAS_CLEAN_152_CASE_INITIATION_MILESTONE_20260814,CASE_INITIATION_TO_MILESTONE,46,False,2026-08-14,2026-08-14,,2026-09-29
CAS_CLEAN_157,SNP_CAS_CLEAN_157_CASE_INITIATION_MILESTONE_20260814,CASE_INITIATION_TO_MILESTONE,46,False,2026-08-14,2026-08-14,,2026-09-29
CAS_CLEAN_159,SNP_CAS_CLEAN_159_CASE_INITIATION_MILESTONE_20260814,CASE_INITIATION_TO_MILESTONE,46,False,2026-08-14,2026-08-14,,2026-09-29
CAS_CLEAN_188,SNP_CAS_CLEAN_188_CASE_INITIATION_MILESTONE_20260814,CASE_INITIATION_TO_MILESTONE,46,False,2026-08-14,2026-08-14,,2026-09-29
CAS_CLEAN_004,SNP_CAS_CLEAN_004_CASE_INITIATION_MILESTONE_20260817,CASE_INITIATION_TO_MILESTONE,43,False,2026-08-17,2026-08-17,,2026-09-29
CAS_CLEAN_010,SNP_CAS_CLEAN_010_CASE_INITIATION_MILESTONE_20260817,CASE_INITIATION_TO_MILESTONE,43,False,2026-08-17,2026-08-17,,2026-09-29
CAS_CLEAN_012,SNP_CAS_CLEAN_012_CASE_INITIATION_MILESTONE_20260817,CASE_INITIATION_TO_MILESTONE,43,False,2026-08-17,2026-08-17,,2026-09-29
CAS_CLEAN_063,SNP_CAS_CLEAN_063_CASE_INITIATION_MILESTONE_20260817,CASE_INITIATION_TO_MILESTONE,43,False,2026-08-17,2026-08-17,,2026-09-29
CAS_CLEAN_068,SNP_CAS_CLEAN_068_CASE_INITIATION_MILESTONE_20260817,CASE_INITIATION_TO_MILESTONE,43,False,2026-08-17,2026-08-17,,2026-09-29
CAS_CLEAN_077,SNP_CAS_CLEAN_077_CASE_INITIATION_MILESTONE_20260817,CASE_INITIATION_TO_MILESTONE,43,False,2026-08-17,2026-08-17,,2026-09-29
CAS_CLEAN_083,SNP_CAS_CLEAN_083_CASE_INITIATION_MILESTONE_20260817,CASE_INITIATION_TO_MILESTONE,43,False,2026-08-17,2026-08-17,,2026-09-29
CAS_CLEAN_090,SNP_CAS_CLEAN_090_CASE_INITIATION_MILESTONE_20260817,CASE_INITIATION_TO_MILESTONE,43,False,2026-08-17,2026-08-17,,2026-09-29
CAS_CLEAN_135,SNP_CAS_CLEAN_135_CASE_INITIATION_MILESTONE_20260817,CASE_INITIATION_TO_MILESTONE,43,False,2026-08-17,2026-08-17,,2026-09-29
CAS_CLEAN_153,SNP_CAS_CLEAN_153_CASE_INITIATION_MILESTONE_20260817,CASE_INITIATION_TO_MILESTONE,43,False,2026-08-17,2026-08-17,,2026-09-29
CAS_CLEAN_018,SNP_CAS_CLEAN_018_CASE_INITIATION_MILESTONE_20260819,CASE_INITIATION_TO_MILESTONE,41,False,2026-08-19,2026-08-19,,2026-09-29
CAS_CLEAN_036,SNP_CAS_CLEAN_036_CASE_INITIATION_MILESTONE_20260819,CASE_INITIATION_TO_MILESTONE,41,False,2026-05-21,2026-08-19,,2026-09-29
CAS_CLEAN_037,SNP_CAS_CLEAN_037_CASE_INITIATION_MILESTONE_20260819,CASE_INITIATION_TO_MILESTONE,2,True,2026-05-21,2026-08-19,2026-08-21,
CAS_CLEAN_067,SNP_CAS_CLEAN_067_CASE_INITIATION_MILESTONE_20260819,CASE_INITIATION_TO_MILESTONE,41,False,2026-08-19,2026-08-19,,2026-09-29
CAS_CLEAN_075,SNP_CAS_CLEAN_075_CASE_INITIATION_MILESTONE_20260819,CASE_INITIATION_TO_MILESTONE,41,False,2026-08-19,2026-08-19,,2026-09-29
CAS_CLEAN_084,SNP_CAS_CLEAN_084_CASE_INITIATION_MILESTONE_20260819,CASE_INITIATION_TO_MILESTONE,41,False,2026-08-19,2026-08-19,,2026-09-29
CAS_CLEAN_089,SNP_CAS_CLEAN_089_CASE_INITIATION_MILESTONE_20260819,CASE_INITIATION_TO_MILESTONE,41,False,2026-08-19,2026-08-19,,2026-09-29
CAS_CLEAN_107,SNP_CAS_CLEAN_107_CASE_INITIATION_MILESTONE_20260819,CASE_INITIATION_TO_MILESTONE,41,False,2026-08-19,2026-08-19,,2026-09-29
CAS_CLEAN_123,SNP_CAS_CLEAN_123_CASE_INITIATION_MILESTONE_20260819,CASE_INITIATION_TO_MILESTONE,41,False,2026-08-19,2026-08-19,,2026-09-29
CAS_CLEAN_125,SNP_CAS_CLEAN_125_CASE_INITIATION_MILESTONE_20260819,CASE_INITIATION_TO_MILESTONE,41,False,2026-08-19,2026-08-19,,2026-09-29
CAS_CLEAN_142,SNP_CAS_CLEAN_142_CASE_INITIATION_MILESTONE_20260819,CASE_INITIATION_TO_MILESTONE,41,False,2026-05-21,2026-08-19,,2026-09-29
CAS_CLEAN_144,SNP_CAS_CLEAN_144_CASE_INITIATION_MILESTONE_20260819,CASE_INITIATION_TO_MILESTONE,41,False,2026-08-19,2026-08-19,,2026-09-29
CAS_CLEAN_151,SNP_CAS_CLEAN_151_CASE_INITIATION_MILESTONE_20260819,CASE_INITIATION_TO_MILESTONE,41,False,2026-08-19,2026-08-19,,2026-09-29
CAS_CLEAN_154,SNP_CAS_CLEAN_154_CASE_INITIATION_MILESTONE_20260819,CASE_INITIATION_TO_MILESTONE,41,False,2026-05-21,2026-08-19,,2026-09-29
CAS_CLEAN_155,SNP_CAS_CLEAN_155_CASE_INITIATION_MILESTONE_20260819,CASE_INITIATION_TO_MILESTONE,41,False,2026-08-19,2026-08-19,,2026-09-29
CAS_CLEAN_178,SNP_CAS_CLEAN_178_CASE_INITIATION_MILESTONE_20260819,CASE_INITIATION_TO_MILESTONE,41,False,2026-08-19,2026-08-19,,2026-09-29
CAS_CLEAN_263,SNP_CAS_CLEAN_263_CASE_INITIATION_MILESTONE_20260819,CASE_INITIATION_TO_MILESTONE,41,False,2026-05-21,2026-08-19,,2026-09-29
CAS_CLEAN_099,SNP_CAS_CLEAN_099_CASE_INITIATION_MILESTONE_20260822,CASE_INITIATION_TO_MILESTONE,38,False,2024-08-22,2026-08-22,,2026-09-29
CAS_CLEAN_128,SNP_CAS_CLEAN_128_CASE_INITIATION_MILESTONE_20260822,CASE_INITIATION_TO_MILESTONE,38,False,2024-08-22,2026-08-22,,2026-09-29
CAS_CLEAN_046,SNP_CAS_CLEAN_046_CASE_INITIATION_MILESTONE_20260824,CASE_INITIATION_TO_MILESTONE,36,False,2026-05-26,2026-08-24,,2026-09-29
CAS_CLEAN_257,SNP_CAS_CLEAN_257_CASE_INITIATION_MILESTONE_20260825,CASE_INITIATION_TO_MILESTONE,35,False,2026-08-25,2026-08-25,,2026-09-29
CAS_CLEAN_265,SNP_CAS_CLEAN_265_CASE_INITIATION_MILESTONE_20260901,CASE_INITIATION_TO_MILESTONE,28,False,2026-09-01,2026-09-01,,2026-09-29
CAS_CLEAN_266,SNP_CAS_CLEAN_266_CASE_INITIATION_MILESTONE_20260901,CASE_INITIATION_TO_MILESTONE,28,False,2026-09-01,2026-09-01,,2026-09-29
CAS_CLEAN_137,SNP_CAS_CLEAN_137_CASE_INITIATION_MILESTONE_20260903,CASE_INITIATION_TO_MILESTONE,26,False,2026-09-03,2026-09-03,,2026-09-29
CAS_CLEAN_189,SNP_CAS_CLEAN_189_CASE_INITIATION_MILESTONE_20260903,CASE_INITIATION_TO_MILESTONE,26,False,2025-09-03,2026-09-03,,2026-09-29
CAS_CLEAN_253,SNP_CAS_CLEAN_253_CASE_INITIATION_MILESTONE_20260903,CASE_INITIATION_TO_MILESTONE,26,False,2026-06-05,2026-09-03,,2026-09-29
CAS_CLEAN_255,SNP_CAS_CLEAN_255_CASE_INITIATION_MILESTONE_20260903,CASE_INITIATION_TO_MILESTONE,26,False,2026-06-05,2026-09-03,,2026-09-29
CAS_CLEAN_186,SNP_CAS_CLEAN_186_CASE_INITIATION_MILESTONE_20260904,CASE_INITIATION_TO_MILESTONE,25,False,2026-09-04,2026-09-04,,2026-09-29
CAS_CLEAN_181,SNP_CAS_CLEAN_181_CASE_INITIATION_MILESTONE_20260905,CASE_INITIATION_TO_MILESTONE,24,False,2026-03-09,2026-09-05,,2026-09-29
CAS_CLEAN_118,SNP_CAS_CLEAN_118_CASE_INITIATION_MILESTONE_20260907,CASE_INITIATION_TO_MILESTONE,22,False,2026-09-07,2026-09-07,,2026-09-29
CAS_CLEAN_259,SNP_CAS_CLEAN_259_CASE_INITIATION_MILESTONE_20260908,CASE_INITIATION_TO_MILESTONE,21,False,2025-12-12,2026-09-08,,2026-09-29
CAS_CLEAN_184,SNP_CAS_CLEAN_184_CASE_INITIATION_MILESTONE_20260910,CASE_INITIATION_TO_MILESTONE,19,False,2026-09-10,2026-09-10,,2026-09-29
CAS_CLEAN_245,SNP_CAS_CLEAN_245_CASE_INITIATION_MILESTONE_20260910,CASE_INITIATION_TO_MILESTONE,19,False,2025-09-10,2026-09-10,,2026-09-29
CAS_CLEAN_248,SNP_CAS_CLEAN_248_CASE_INITIATION_MILESTONE_20260910,CASE_INITIATION_TO_MILESTONE,19,False,2026-09-10,2026-09-10,,2026-09-29
CAS_CLEAN_254,SNP_CAS_CLEAN_254_CASE_INITIATION_MILESTONE_20260910,CASE_INITIATION_TO_MILESTONE,19,False,2026-09-10,2026-09-10,,2026-09-29
CAS_CLEAN_074,SNP_CAS_CLEAN_074_CASE_INITIATION_MILESTONE_20260911,CASE_INITIATION_TO_MILESTONE,18,False,2026-09-11,2026-09-11,,2026-09-29
CAS_CLEAN_244,SNP_CAS_CLEAN_244_CASE_INITIATION_MILESTONE_20260917,CASE_INITIATION_TO_MILESTONE,12,False,2025-09-17,2026-09-17,,2026-09-29
CAS_CLEAN_133,SNP_CAS_CLEAN_133_CASE_INITIATION_MILESTONE_20260919,CASE_INITIATION_TO_MILESTONE,10,False,2025-09-19,2026-09-19,,2026-09-29
CAS_CLEAN_115,SNP_CAS_CLEAN_115_CASE_INITIATION_MILESTONE_20260921,CASE_INITIATION_TO_MILESTONE,8,False,2026-06-23,2026-09-21,,2026-09-29
CAS_CLEAN_116,SNP_CAS_CLEAN_116_CASE_INITIATION_MILESTONE_20260921,CASE_INITIATION_TO_MILESTONE,8,False,2026-06-23,2026-09-21,,2026-09-29
CAS_CLEAN_048,SNP_CAS_CLEAN_048_CASE_INITIATION_MILESTONE_20260922,CASE_INITIATION_TO_MILESTONE,7,False,2026-09-22,2026-09-22,,2026-09-29
CAS_CLEAN_049,SNP_CAS_CLEAN_049_CASE_INITIATION_MILESTONE_20260922,CASE_INITIATION_TO_MILESTONE,7,False,2026-09-22,2026-09-22,,2026-09-29
CAS_CLEAN_055,SNP_CAS_CLEAN_055_CASE_INITIATION_MILESTONE_20260922,CASE_INITIATION_TO_MILESTONE,7,False,2026-09-22,2026-09-22,,2026-09-29
CAS_CLEAN_056,SNP_CAS_CLEAN_056_CASE_INITIATION_MILESTONE_20260922,CASE_INITIATION_TO_MILESTONE,7,False,2026-09-22,2026-09-22,,2026-09-29
CAS_CLEAN_066,SNP_CAS_CLEAN_066_CASE_INITIATION_MILESTONE_20260922,CASE_INITIATION_TO_MILESTONE,7,False,2026-09-22,2026-09-22,,2026-09-29
CAS_CLEAN_138,SNP_CAS_CLEAN_138_CASE_INITIATION_MILESTONE_20260922,CASE_INITIATION_TO_MILESTONE,7,False,2026-09-22,2026-09-22,,2026-09-29
CAS_CLEAN_158,SNP_CAS_CLEAN_158_CASE_INITIATION_MILESTONE_20260922,CASE_INITIATION_TO_MILESTONE,7,False,2026-09-22,2026-09-22,,2026-09-29
CAS_CLEAN_243,SNP_CAS_CLEAN_243_CASE_INITIATION_MILESTONE_20260925,CASE_INITIATION_TO_MILESTONE,4,False,2025-09-25,2026-09-25,,2026-09-29
CAS_CLEAN_180,SNP_CAS_CLEAN_180_CASE_INITIATION_MILESTONE_20260927,CASE_INITIATION_TO_MILESTONE,2,False,2026-06-29,2026-09-27,,2026-09-29
CAS_CLEAN_029,SNP_CAS_CLEAN_029_S11_S19_20240227,SECTION_11_TO_SECTION_19,945,False,2024-02-27,2024-02-27,,2026-09-29
CAS_CLEAN_039,SNP_CAS_CLEAN_039_S11_S19_20240314,SECTION_11_TO_SECTION_19,929,False,2024-03-14,2024-03-14,,2026-09-29
CAS_CLEAN_041,SNP_CAS_CLEAN_041_S11_S19_20240314,SECTION_11_TO_SECTION_19,929,False,2024-03-14,2024-03-14,,2026-09-29
CAS_CLEAN_136,SNP_CAS_CLEAN_136_S11_S19_20240314,SECTION_11_TO_SECTION_19,929,False,2024-03-14,2024-03-14,,2026-09-29
CAS_CLEAN_029,SNP_CAS_CLEAN_029_S11_S19_20240527,SECTION_11_TO_SECTION_19,855,False,2024-02-27,2024-05-27,,2026-09-29
CAS_CLEAN_039,SNP_CAS_CLEAN_039_S11_S19_20240612,SECTION_11_TO_SECTION_19,839,False,2024-03-14,2024-06-12,,2026-09-29
CAS_CLEAN_041,SNP_CAS_CLEAN_041_S11_S19_20240612,SECTION_11_TO_SECTION_19,839,False,2024-03-14,2024-06-12,,2026-09-29
CAS_CLEAN_136,SNP_CAS_CLEAN_136_S11_S19_20240612,SECTION_11_TO_SECTION_19,839,False,2024-03-14,2024-06-12,,2026-09-29
CAS_CLEAN_140,SNP_CAS_CLEAN_140_S11_S19_20240808,SECTION_11_TO_SECTION_19,782,False,2024-08-08,2024-08-08,,2026-09-29
CAS_CLEAN_029,SNP_CAS_CLEAN_029_S11_S19_20240825,SECTION_11_TO_SECTION_19,765,False,2024-02-27,2024-08-25,,2026-09-29
CAS_CLEAN_039,SNP_CAS_CLEAN_039_S11_S19_20240910,SECTION_11_TO_SECTION_19,749,False,2024-03-14,2024-09-10,,2026-09-29
CAS_CLEAN_041,SNP_CAS_CLEAN_041_S11_S19_20240910,SECTION_11_TO_SECTION_19,749,False,2024-03-14,2024-09-10,,2026-09-29
CAS_CLEAN_136,SNP_CAS_CLEAN_136_S11_S19_20240910,SECTION_11_TO_SECTION_19,749,False,2024-03-14,2024-09-10,,2026-09-29
CAS_CLEAN_140,SNP_CAS_CLEAN_140_S11_S19_20241106,SECTION_11_TO_SECTION_19,692,False,2024-08-08,2024-11-06,,2026-09-29
CAS_CLEAN_029,SNP_CAS_CLEAN_029_S11_S19_20241123,SECTION_11_TO_SECTION_19,675,False,2024-02-27,2024-11-23,,2026-09-29
CAS_CLEAN_039,SNP_CAS_CLEAN_039_S11_S19_20241209,SECTION_11_TO_SECTION_19,659,False,2024-03-14,2024-12-09,,2026-09-29
CAS_CLEAN_041,SNP_CAS_CLEAN_041_S11_S19_20241209,SECTION_11_TO_SECTION_19,659,False,2024-03-14,2024-12-09,,2026-09-29
CAS_CLEAN_136,SNP_CAS_CLEAN_136_S11_S19_20241209,SECTION_11_TO_SECTION_19,659,False,2024-03-14,2024-12-09,,2026-09-29
CAS_CLEAN_009,SNP_CAS_CLEAN_009_S11_S19_20250114,SECTION_11_TO_SECTION_19,623,False,2025-01-14,2025-01-14,,2026-09-29
CAS_CLEAN_064,SNP_CAS_CLEAN_064_S11_S19_20250114,SECTION_11_TO_SECTION_19,623,False,2025-01-14,2025-01-14,,2026-09-29
CAS_CLEAN_120,SNP_CAS_CLEAN_120_S11_S19_20250114,SECTION_11_TO_SECTION_19,623,False,2025-01-14,2025-01-14,,2026-09-29
CAS_CLEAN_054,SNP_CAS_CLEAN_054_S11_S19_20250122,SECTION_11_TO_SECTION_19,615,False,2025-01-22,2025-01-22,,2026-09-29
CAS_CLEAN_140,SNP_CAS_CLEAN_140_S11_S19_20250204,SECTION_11_TO_SECTION_19,602,False,2024-08-08,2025-02-04,,2026-09-29
CAS_CLEAN_009,SNP_CAS_CLEAN_009_S11_S19_20250414,SECTION_11_TO_SECTION_19,533,False,2025-01-14,2025-04-14,,2026-09-29
CAS_CLEAN_064,SNP_CAS_CLEAN_064_S11_S19_20250414,SECTION_11_TO_SECTION_19,533,False,2025-01-14,2025-04-14,,2026-09-29
CAS_CLEAN_120,SNP_CAS_CLEAN_120_S11_S19_20250414,SECTION_11_TO_SECTION_19,533,False,2025-01-14,2025-04-14,,2026-09-29
CAS_CLEAN_054,SNP_CAS_CLEAN_054_S11_S19_20250422,SECTION_11_TO_SECTION_19,525,False,2025-01-22,2025-04-22,,2026-09-29
CAS_CLEAN_140,SNP_CAS_CLEAN_140_S11_S19_20250505,SECTION_11_TO_SECTION_19,512,False,2024-08-08,2025-05-05,,2026-09-29
CAS_CLEAN_009,SNP_CAS_CLEAN_009_S11_S19_20250713,SECTION_11_TO_SECTION_19,443,False,2025-01-14,2025-07-13,,2026-09-29
CAS_CLEAN_064,SNP_CAS_CLEAN_064_S11_S19_20250713,SECTION_11_TO_SECTION_19,443,False,2025-01-14,2025-07-13,,2026-09-29
CAS_CLEAN_120,SNP_CAS_CLEAN_120_S11_S19_20250713,SECTION_11_TO_SECTION_19,443,False,2025-01-14,2025-07-13,,2026-09-29
CAS_CLEAN_054,SNP_CAS_CLEAN_054_S11_S19_20250721,SECTION_11_TO_SECTION_19,435,False,2025-01-22,2025-07-21,,2026-09-29
CAS_CLEAN_025,SNP_CAS_CLEAN_025_S11_S19_20250801,SECTION_11_TO_SECTION_19,424,False,2025-08-01,2025-08-01,,2026-09-29
CAS_CLEAN_026,SNP_CAS_CLEAN_026_S11_S19_20250801,SECTION_11_TO_SECTION_19,424,False,2025-08-01,2025-08-01,,2026-09-29
CAS_CLEAN_065,SNP_CAS_CLEAN_065_S11_S19_20250801,SECTION_11_TO_SECTION_19,424,False,2025-08-01,2025-08-01,,2026-09-29
CAS_CLEAN_078,SNP_CAS_CLEAN_078_S11_S19_20250801,SECTION_11_TO_SECTION_19,424,False,2025-08-01,2025-08-01,,2026-09-29
CAS_CLEAN_103,SNP_CAS_CLEAN_103_S11_S19_20250801,SECTION_11_TO_SECTION_19,424,False,2025-08-01,2025-08-01,,2026-09-29
CAS_CLEAN_121,SNP_CAS_CLEAN_121_S11_S19_20250801,SECTION_11_TO_SECTION_19,424,False,2025-08-01,2025-08-01,,2026-09-29
CAS_CLEAN_045,SNP_CAS_CLEAN_045_S11_S19_20250919,SECTION_11_TO_SECTION_19,87,True,2025-09-19,2025-09-19,2025-12-15,
CAS_CLEAN_076,SNP_CAS_CLEAN_076_S11_S19_20250919,SECTION_11_TO_SECTION_19,87,True,2025-09-19,2025-09-19,2025-12-15,
CAS_CLEAN_114,SNP_CAS_CLEAN_114_S11_S19_20250919,SECTION_11_TO_SECTION_19,87,True,2025-09-19,2025-09-19,2025-12-15,
CAS_CLEAN_015,SNP_CAS_CLEAN_015_S11_S19_20250926,SECTION_11_TO_SECTION_19,80,True,2025-09-26,2025-09-26,2025-12-15,
CAS_CLEAN_006,SNP_CAS_CLEAN_006_S11_S19_20250929,SECTION_11_TO_SECTION_19,60,True,2025-09-29,2025-09-29,2025-11-28,
CAS_CLEAN_014,SNP_CAS_CLEAN_014_S11_S19_20250929,SECTION_11_TO_SECTION_19,60,True,2025-09-29,2025-09-29,2025-11-28,
CAS_CLEAN_019,SNP_CAS_CLEAN_019_S11_S19_20250929,SECTION_11_TO_SECTION_19,60,True,2025-09-29,2025-09-29,2025-11-28,
CAS_CLEAN_060,SNP_CAS_CLEAN_060_S11_S19_20250929,SECTION_11_TO_SECTION_19,60,True,2025-09-29,2025-09-29,2025-11-28,
CAS_CLEAN_080,SNP_CAS_CLEAN_080_S11_S19_20250929,SECTION_11_TO_SECTION_19,60,True,2025-09-29,2025-09-29,2025-11-28,
CAS_CLEAN_129,SNP_CAS_CLEAN_129_S11_S19_20250929,SECTION_11_TO_SECTION_19,60,True,2025-09-29,2025-09-29,2025-11-28,
CAS_CLEAN_146,SNP_CAS_CLEAN_146_S11_S19_20250929,SECTION_11_TO_SECTION_19,60,True,2025-09-29,2025-09-29,2025-11-28,
CAS_CLEAN_147,SNP_CAS_CLEAN_147_S11_S19_20250929,SECTION_11_TO_SECTION_19,60,True,2025-09-29,2025-09-29,2025-11-28,
CAS_CLEAN_003,SNP_CAS_CLEAN_003_S11_S19_20250930,SECTION_11_TO_SECTION_19,59,True,2025-09-30,2025-09-30,2025-11-28,
CAS_CLEAN_124,SNP_CAS_CLEAN_124_S11_S19_20250930,SECTION_11_TO_SECTION_19,181,True,2025-09-30,2025-09-30,2026-03-30,
CAS_CLEAN_009,SNP_CAS_CLEAN_009_S11_S19_20251011,SECTION_11_TO_SECTION_19,353,False,2025-01-14,2025-10-11,,2026-09-29
CAS_CLEAN_064,SNP_CAS_CLEAN_064_S11_S19_20251011,SECTION_11_TO_SECTION_19,353,False,2025-01-14,2025-10-11,,2026-09-29
CAS_CLEAN_120,SNP_CAS_CLEAN_120_S11_S19_20251011,SECTION_11_TO_SECTION_19,353,False,2025-01-14,2025-10-11,,2026-09-29
CAS_CLEAN_054,SNP_CAS_CLEAN_054_S11_S19_20251019,SECTION_11_TO_SECTION_19,345,False,2025-01-22,2025-10-19,,2026-09-29
CAS_CLEAN_025,SNP_CAS_CLEAN_025_S11_S19_20251030,SECTION_11_TO_SECTION_19,334,False,2025-08-01,2025-10-30,,2026-09-29
CAS_CLEAN_026,SNP_CAS_CLEAN_026_S11_S19_20251030,SECTION_11_TO_SECTION_19,334,False,2025-08-01,2025-10-30,,2026-09-29
CAS_CLEAN_065,SNP_CAS_CLEAN_065_S11_S19_20251030,SECTION_11_TO_SECTION_19,334,False,2025-08-01,2025-10-30,,2026-09-29
CAS_CLEAN_078,SNP_CAS_CLEAN_078_S11_S19_20251030,SECTION_11_TO_SECTION_19,334,False,2025-08-01,2025-10-30,,2026-09-29
CAS_CLEAN_103,SNP_CAS_CLEAN_103_S11_S19_20251030,SECTION_11_TO_SECTION_19,334,False,2025-08-01,2025-10-30,,2026-09-29
CAS_CLEAN_121,SNP_CAS_CLEAN_121_S11_S19_20251030,SECTION_11_TO_SECTION_19,334,False,2025-08-01,2025-10-30,,2026-09-29
CAS_CLEAN_259,SNP_CAS_CLEAN_259_S11_S19_20251212,SECTION_11_TO_SECTION_19,291,False,2025-12-12,2025-12-12,,2026-09-29
CAS_CLEAN_124,SNP_CAS_CLEAN_124_S11_S19_20251229,SECTION_11_TO_SECTION_19,91,True,2025-09-30,2025-12-29,2026-03-30,
CAS_CLEAN_025,SNP_CAS_CLEAN_025_S11_S19_20260128,SECTION_11_TO_SECTION_19,244,False,2025-08-01,2026-01-28,,2026-09-29
CAS_CLEAN_026,SNP_CAS_CLEAN_026_S11_S19_20260128,SECTION_11_TO_SECTION_19,244,False,2025-08-01,2026-01-28,,2026-09-29
CAS_CLEAN_065,SNP_CAS_CLEAN_065_S11_S19_20260128,SECTION_11_TO_SECTION_19,244,False,2025-08-01,2026-01-28,,2026-09-29
CAS_CLEAN_078,SNP_CAS_CLEAN_078_S11_S19_20260128,SECTION_11_TO_SECTION_19,244,False,2025-08-01,2026-01-28,,2026-09-29
CAS_CLEAN_103,SNP_CAS_CLEAN_103_S11_S19_20260128,SECTION_11_TO_SECTION_19,244,False,2025-08-01,2026-01-28,,2026-09-29
CAS_CLEAN_121,SNP_CAS_CLEAN_121_S11_S19_20260128,SECTION_11_TO_SECTION_19,244,False,2025-08-01,2026-01-28,,2026-09-29
CAS_CLEAN_259,SNP_CAS_CLEAN_259_S11_S19_20260312,SECTION_11_TO_SECTION_19,201,False,2025-12-12,2026-03-12,,2026-09-29
CAS_CLEAN_124,SNP_CAS_CLEAN_124_S11_S19_20260329,SECTION_11_TO_SECTION_19,1,True,2025-09-30,2026-03-29,2026-03-30,
CAS_CLEAN_025,SNP_CAS_CLEAN_025_S11_S19_20260428,SECTION_11_TO_SECTION_19,154,False,2025-08-01,2026-04-28,,2026-09-29
CAS_CLEAN_026,SNP_CAS_CLEAN_026_S11_S19_20260428,SECTION_11_TO_SECTION_19,154,False,2025-08-01,2026-04-28,,2026-09-29
CAS_CLEAN_027,SNP_CAS_CLEAN_027_S11_S19_20260428,SECTION_11_TO_SECTION_19,154,False,2026-04-28,2026-04-28,,2026-09-29
CAS_CLEAN_028,SNP_CAS_CLEAN_028_S11_S19_20260428,SECTION_11_TO_SECTION_19,154,False,2026-04-28,2026-04-28,,2026-09-29
CAS_CLEAN_065,SNP_CAS_CLEAN_065_S11_S19_20260428,SECTION_11_TO_SECTION_19,154,False,2025-08-01,2026-04-28,,2026-09-29
CAS_CLEAN_078,SNP_CAS_CLEAN_078_S11_S19_20260428,SECTION_11_TO_SECTION_19,154,False,2025-08-01,2026-04-28,,2026-09-29
CAS_CLEAN_103,SNP_CAS_CLEAN_103_S11_S19_20260428,SECTION_11_TO_SECTION_19,154,False,2025-08-01,2026-04-28,,2026-09-29
CAS_CLEAN_121,SNP_CAS_CLEAN_121_S11_S19_20260428,SECTION_11_TO_SECTION_19,154,False,2025-08-01,2026-04-28,,2026-09-29
CAS_CLEAN_249,SNP_CAS_CLEAN_249_S11_S19_20260504,SECTION_11_TO_SECTION_19,148,False,2026-05-04,2026-05-04,,2026-09-29
CAS_CLEAN_037,SNP_CAS_CLEAN_037_S11_S19_20260521,SECTION_11_TO_SECTION_19,92,True,2026-05-21,2026-05-21,2026-08-21,
CAS_CLEAN_259,SNP_CAS_CLEAN_259_S11_S19_20260610,SECTION_11_TO_SECTION_19,111,False,2025-12-12,2026-06-10,,2026-09-29
CAS_CLEAN_027,SNP_CAS_CLEAN_027_S11_S19_20260727,SECTION_11_TO_SECTION_19,64,False,2026-04-28,2026-07-27,,2026-09-29
CAS_CLEAN_028,SNP_CAS_CLEAN_028_S11_S19_20260727,SECTION_11_TO_SECTION_19,64,False,2026-04-28,2026-07-27,,2026-09-29
CAS_CLEAN_174,SNP_CAS_CLEAN_174_S11_S19_20260729,SECTION_11_TO_SECTION_19,62,False,2026-07-29,2026-07-29,,2026-09-29
CAS_CLEAN_175,SNP_CAS_CLEAN_175_S11_S19_20260729,SECTION_11_TO_SECTION_19,62,False,2026-07-29,2026-07-29,,2026-09-29
CAS_CLEAN_249,SNP_CAS_CLEAN_249_S11_S19_20260802,SECTION_11_TO_SECTION_19,58,False,2026-05-04,2026-08-02,,2026-09-29
CAS_CLEAN_261,SNP_CAS_CLEAN_261_S11_S19_20260807,SECTION_11_TO_SECTION_19,53,False,2026-08-07,2026-08-07,,2026-09-29
CAS_CLEAN_007,SNP_CAS_CLEAN_007_S11_S19_20260814,SECTION_11_TO_SECTION_19,46,False,2026-08-14,2026-08-14,,2026-09-29
CAS_CLEAN_008,SNP_CAS_CLEAN_008_S11_S19_20260814,SECTION_11_TO_SECTION_19,46,False,2026-08-14,2026-08-14,,2026-09-29
CAS_CLEAN_013,SNP_CAS_CLEAN_013_S11_S19_20260814,SECTION_11_TO_SECTION_19,46,False,2026-08-14,2026-08-14,,2026-09-29
CAS_CLEAN_017,SNP_CAS_CLEAN_017_S11_S19_20260814,SECTION_11_TO_SECTION_19,46,False,2026-08-14,2026-08-14,,2026-09-29
CAS_CLEAN_035,SNP_CAS_CLEAN_035_S11_S19_20260814,SECTION_11_TO_SECTION_19,46,False,2026-08-14,2026-08-14,,2026-09-29
CAS_CLEAN_062,SNP_CAS_CLEAN_062_S11_S19_20260814,SECTION_11_TO_SECTION_19,46,False,2026-08-14,2026-08-14,,2026-09-29
CAS_CLEAN_069,SNP_CAS_CLEAN_069_S11_S19_20260814,SECTION_11_TO_SECTION_19,46,False,2026-08-14,2026-08-14,,2026-09-29
CAS_CLEAN_082,SNP_CAS_CLEAN_082_S11_S19_20260814,SECTION_11_TO_SECTION_19,46,False,2026-08-14,2026-08-14,,2026-09-29
CAS_CLEAN_086,SNP_CAS_CLEAN_086_S11_S19_20260814,SECTION_11_TO_SECTION_19,46,False,2026-08-14,2026-08-14,,2026-09-29
CAS_CLEAN_104,SNP_CAS_CLEAN_104_S11_S19_20260814,SECTION_11_TO_SECTION_19,46,False,2026-08-14,2026-08-14,,2026-09-29
CAS_CLEAN_105,SNP_CAS_CLEAN_105_S11_S19_20260814,SECTION_11_TO_SECTION_19,46,False,2026-08-14,2026-08-14,,2026-09-29
CAS_CLEAN_106,SNP_CAS_CLEAN_106_S11_S19_20260814,SECTION_11_TO_SECTION_19,46,False,2026-08-14,2026-08-14,,2026-09-29
CAS_CLEAN_119,SNP_CAS_CLEAN_119_S11_S19_20260814,SECTION_11_TO_SECTION_19,46,False,2026-08-14,2026-08-14,,2026-09-29
CAS_CLEAN_122,SNP_CAS_CLEAN_122_S11_S19_20260814,SECTION_11_TO_SECTION_19,46,False,2026-08-14,2026-08-14,,2026-09-29
CAS_CLEAN_130,SNP_CAS_CLEAN_130_S11_S19_20260814,SECTION_11_TO_SECTION_19,46,False,2026-08-14,2026-08-14,,2026-09-29
CAS_CLEAN_141,SNP_CAS_CLEAN_141_S11_S19_20260814,SECTION_11_TO_SECTION_19,46,False,2026-08-14,2026-08-14,,2026-09-29
CAS_CLEAN_143,SNP_CAS_CLEAN_143_S11_S19_20260814,SECTION_11_TO_SECTION_19,46,False,2026-08-14,2026-08-14,,2026-09-29
CAS_CLEAN_150,SNP_CAS_CLEAN_150_S11_S19_20260814,SECTION_11_TO_SECTION_19,46,False,2026-08-14,2026-08-14,,2026-09-29
CAS_CLEAN_152,SNP_CAS_CLEAN_152_S11_S19_20260814,SECTION_11_TO_SECTION_19,46,False,2026-08-14,2026-08-14,,2026-09-29
CAS_CLEAN_157,SNP_CAS_CLEAN_157_S11_S19_20260814,SECTION_11_TO_SECTION_19,46,False,2026-08-14,2026-08-14,,2026-09-29
CAS_CLEAN_159,SNP_CAS_CLEAN_159_S11_S19_20260814,SECTION_11_TO_SECTION_19,46,False,2026-08-14,2026-08-14,,2026-09-29
CAS_CLEAN_188,SNP_CAS_CLEAN_188_S11_S19_20260814,SECTION_11_TO_SECTION_19,46,False,2026-08-14,2026-08-14,,2026-09-29
CAS_CLEAN_004,SNP_CAS_CLEAN_004_S11_S19_20260817,SECTION_11_TO_SECTION_19,43,False,2026-08-17,2026-08-17,,2026-09-29
CAS_CLEAN_012,SNP_CAS_CLEAN_012_S11_S19_20260817,SECTION_11_TO_SECTION_19,43,False,2026-08-17,2026-08-17,,2026-09-29
CAS_CLEAN_063,SNP_CAS_CLEAN_063_S11_S19_20260817,SECTION_11_TO_SECTION_19,43,False,2026-08-17,2026-08-17,,2026-09-29
CAS_CLEAN_068,SNP_CAS_CLEAN_068_S11_S19_20260817,SECTION_11_TO_SECTION_19,43,False,2026-08-17,2026-08-17,,2026-09-29
CAS_CLEAN_077,SNP_CAS_CLEAN_077_S11_S19_20260817,SECTION_11_TO_SECTION_19,43,False,2026-08-17,2026-08-17,,2026-09-29
CAS_CLEAN_090,SNP_CAS_CLEAN_090_S11_S19_20260817,SECTION_11_TO_SECTION_19,43,False,2026-08-17,2026-08-17,,2026-09-29
CAS_CLEAN_135,SNP_CAS_CLEAN_135_S11_S19_20260817,SECTION_11_TO_SECTION_19,43,False,2026-08-17,2026-08-17,,2026-09-29
CAS_CLEAN_153,SNP_CAS_CLEAN_153_S11_S19_20260817,SECTION_11_TO_SECTION_19,43,False,2026-08-17,2026-08-17,,2026-09-29
CAS_CLEAN_018,SNP_CAS_CLEAN_018_S11_S19_20260819,SECTION_11_TO_SECTION_19,41,False,2026-08-19,2026-08-19,,2026-09-29
CAS_CLEAN_037,SNP_CAS_CLEAN_037_S11_S19_20260819,SECTION_11_TO_SECTION_19,2,True,2026-05-21,2026-08-19,2026-08-21,
CAS_CLEAN_067,SNP_CAS_CLEAN_067_S11_S19_20260819,SECTION_11_TO_SECTION_19,41,False,2026-08-19,2026-08-19,,2026-09-29
CAS_CLEAN_075,SNP_CAS_CLEAN_075_S11_S19_20260819,SECTION_11_TO_SECTION_19,41,False,2026-08-19,2026-08-19,,2026-09-29
CAS_CLEAN_084,SNP_CAS_CLEAN_084_S11_S19_20260819,SECTION_11_TO_SECTION_19,41,False,2026-08-19,2026-08-19,,2026-09-29
CAS_CLEAN_089,SNP_CAS_CLEAN_089_S11_S19_20260819,SECTION_11_TO_SECTION_19,41,False,2026-08-19,2026-08-19,,2026-09-29
CAS_CLEAN_107,SNP_CAS_CLEAN_107_S11_S19_20260819,SECTION_11_TO_SECTION_19,41,False,2026-08-19,2026-08-19,,2026-09-29
CAS_CLEAN_123,SNP_CAS_CLEAN_123_S11_S19_20260819,SECTION_11_TO_SECTION_19,41,False,2026-08-19,2026-08-19,,2026-09-29
CAS_CLEAN_125,SNP_CAS_CLEAN_125_S11_S19_20260819,SECTION_11_TO_SECTION_19,41,False,2026-08-19,2026-08-19,,2026-09-29
CAS_CLEAN_144,SNP_CAS_CLEAN_144_S11_S19_20260819,SECTION_11_TO_SECTION_19,41,False,2026-08-19,2026-08-19,,2026-09-29
CAS_CLEAN_151,SNP_CAS_CLEAN_151_S11_S19_20260819,SECTION_11_TO_SECTION_19,41,False,2026-08-19,2026-08-19,,2026-09-29
CAS_CLEAN_155,SNP_CAS_CLEAN_155_S11_S19_20260819,SECTION_11_TO_SECTION_19,41,False,2026-08-19,2026-08-19,,2026-09-29
CAS_CLEAN_257,SNP_CAS_CLEAN_257_S11_S19_20260825,SECTION_11_TO_SECTION_19,35,False,2026-08-25,2026-08-25,,2026-09-29
CAS_CLEAN_137,SNP_CAS_CLEAN_137_S11_S19_20260903,SECTION_11_TO_SECTION_19,26,False,2026-09-03,2026-09-03,,2026-09-29
CAS_CLEAN_118,SNP_CAS_CLEAN_118_S11_S19_20260907,SECTION_11_TO_SECTION_19,22,False,2026-09-07,2026-09-07,,2026-09-29
CAS_CLEAN_259,SNP_CAS_CLEAN_259_S11_S19_20260908,SECTION_11_TO_SECTION_19,21,False,2025-12-12,2026-09-08,,2026-09-29
CAS_CLEAN_074,SNP_CAS_CLEAN_074_S11_S19_20260911,SECTION_11_TO_SECTION_19,18,False,2026-09-11,2026-09-11,,2026-09-29
CAS_CLEAN_048,SNP_CAS_CLEAN_048_S11_S19_20260922,SECTION_11_TO_SECTION_19,7,False,2026-09-22,2026-09-22,,2026-09-29
CAS_CLEAN_049,SNP_CAS_CLEAN_049_S11_S19_20260922,SECTION_11_TO_SECTION_19,7,False,2026-09-22,2026-09-22,,2026-09-29
CAS_CLEAN_055,SNP_CAS_CLEAN_055_S11_S19_20260922,SECTION_11_TO_SECTION_19,7,False,2026-09-22,2026-09-22,,2026-09-29
CAS_CLEAN_056,SNP_CAS_CLEAN_056_S11_S19_20260922,SECTION_11_TO_SECTION_19,7,False,2026-09-22,2026-09-22,,2026-09-29
CAS_CLEAN_066,SNP_CAS_CLEAN_066_S11_S19_20260922,SECTION_11_TO_SECTION_19,7,False,2026-09-22,2026-09-22,,2026-09-29
CAS_CLEAN_138,SNP_CAS_CLEAN_138_S11_S19_20260922,SECTION_11_TO_SECTION_19,7,False,2026-09-22,2026-09-22,,2026-09-29
CAS_CLEAN_158,SNP_CAS_CLEAN_158_S11_S19_20260922,SECTION_11_TO_SECTION_19,7,False,2026-09-22,2026-09-22,,2026-09-29
CAS_CLEAN_030,SNP_CAS_CLEAN_030_S19_AWARD_20231222,SECTION_19_TO_AWARD,1012,False,2023-12-22,2023-12-22,,2026-09-29
CAS_CLEAN_031,SNP_CAS_CLEAN_031_S19_AWARD_20231222,SECTION_19_TO_AWARD,1012,False,2023-12-22,2023-12-22,,2026-09-29
CAS_CLEAN_111,SNP_CAS_CLEAN_111_S19_AWARD_20240307,SECTION_19_TO_AWARD,936,False,2024-03-07,2024-03-07,,2026-09-29
CAS_CLEAN_022,SNP_CAS_CLEAN_022_S19_AWARD_20240314,SECTION_19_TO_AWARD,929,False,2024-03-14,2024-03-14,,2026-09-29
CAS_CLEAN_030,SNP_CAS_CLEAN_030_S19_AWARD_20240321,SECTION_19_TO_AWARD,922,False,2023-12-22,2024-03-21,,2026-09-29
CAS_CLEAN_031,SNP_CAS_CLEAN_031_S19_AWARD_20240321,SECTION_19_TO_AWARD,922,False,2023-12-22,2024-03-21,,2026-09-29
CAS_CLEAN_058,SNP_CAS_CLEAN_058_S19_AWARD_20240430,SECTION_19_TO_AWARD,882,False,2024-04-30,2024-04-30,,2026-09-29
CAS_CLEAN_059,SNP_CAS_CLEAN_059_S19_AWARD_20240430,SECTION_19_TO_AWARD,882,False,2024-04-30,2024-04-30,,2026-09-29
CAS_CLEAN_110,SNP_CAS_CLEAN_110_S19_AWARD_20240430,SECTION_19_TO_AWARD,882,False,2024-04-30,2024-04-30,,2026-09-29
CAS_CLEAN_111,SNP_CAS_CLEAN_111_S19_AWARD_20240605,SECTION_19_TO_AWARD,846,False,2024-03-07,2024-06-05,,2026-09-29
CAS_CLEAN_022,SNP_CAS_CLEAN_022_S19_AWARD_20240612,SECTION_19_TO_AWARD,839,False,2024-03-14,2024-06-12,,2026-09-29
CAS_CLEAN_030,SNP_CAS_CLEAN_030_S19_AWARD_20240619,SECTION_19_TO_AWARD,832,False,2023-12-22,2024-06-19,,2026-09-29
CAS_CLEAN_031,SNP_CAS_CLEAN_031_S19_AWARD_20240619,SECTION_19_TO_AWARD,832,False,2023-12-22,2024-06-19,,2026-09-29
CAS_CLEAN_058,SNP_CAS_CLEAN_058_S19_AWARD_20240729,SECTION_19_TO_AWARD,792,False,2024-04-30,2024-07-29,,2026-09-29
CAS_CLEAN_059,SNP_CAS_CLEAN_059_S19_AWARD_20240729,SECTION_19_TO_AWARD,792,False,2024-04-30,2024-07-29,,2026-09-29
CAS_CLEAN_110,SNP_CAS_CLEAN_110_S19_AWARD_20240729,SECTION_19_TO_AWARD,792,False,2024-04-30,2024-07-29,,2026-09-29
CAS_CLEAN_044,SNP_CAS_CLEAN_044_S19_AWARD_20240808,SECTION_19_TO_AWARD,782,False,2024-08-08,2024-08-08,,2026-09-29
CAS_CLEAN_111,SNP_CAS_CLEAN_111_S19_AWARD_20240903,SECTION_19_TO_AWARD,756,False,2024-03-07,2024-09-03,,2026-09-29
CAS_CLEAN_109,SNP_CAS_CLEAN_109_S19_AWARD_20240906,SECTION_19_TO_AWARD,753,False,2024-09-06,2024-09-06,,2026-09-29
CAS_CLEAN_022,SNP_CAS_CLEAN_022_S19_AWARD_20240910,SECTION_19_TO_AWARD,749,False,2024-03-14,2024-09-10,,2026-09-29
CAS_CLEAN_030,SNP_CAS_CLEAN_030_S19_AWARD_20240917,SECTION_19_TO_AWARD,742,False,2023-12-22,2024-09-17,,2026-09-29
CAS_CLEAN_031,SNP_CAS_CLEAN_031_S19_AWARD_20240917,SECTION_19_TO_AWARD,742,False,2023-12-22,2024-09-17,,2026-09-29
CAS_CLEAN_058,SNP_CAS_CLEAN_058_S19_AWARD_20241027,SECTION_19_TO_AWARD,702,False,2024-04-30,2024-10-27,,2026-09-29
CAS_CLEAN_059,SNP_CAS_CLEAN_059_S19_AWARD_20241027,SECTION_19_TO_AWARD,702,False,2024-04-30,2024-10-27,,2026-09-29
CAS_CLEAN_110,SNP_CAS_CLEAN_110_S19_AWARD_20241027,SECTION_19_TO_AWARD,702,False,2024-04-30,2024-10-27,,2026-09-29
CAS_CLEAN_044,SNP_CAS_CLEAN_044_S19_AWARD_20241106,SECTION_19_TO_AWARD,692,False,2024-08-08,2024-11-06,,2026-09-29
CAS_CLEAN_111,SNP_CAS_CLEAN_111_S19_AWARD_20241202,SECTION_19_TO_AWARD,666,False,2024-03-07,2024-12-02,,2026-09-29
CAS_CLEAN_109,SNP_CAS_CLEAN_109_S19_AWARD_20241205,SECTION_19_TO_AWARD,663,False,2024-09-06,2024-12-05,,2026-09-29
CAS_CLEAN_022,SNP_CAS_CLEAN_022_S19_AWARD_20241209,SECTION_19_TO_AWARD,659,False,2024-03-14,2024-12-09,,2026-09-29
CAS_CLEAN_030,SNP_CAS_CLEAN_030_S19_AWARD_20241221,SECTION_19_TO_AWARD,647,False,2023-12-22,2024-12-21,,2026-09-29
CAS_CLEAN_031,SNP_CAS_CLEAN_031_S19_AWARD_20241221,SECTION_19_TO_AWARD,647,False,2023-12-22,2024-12-21,,2026-09-29
CAS_CLEAN_139,SNP_CAS_CLEAN_139_S19_AWARD_20250102,SECTION_19_TO_AWARD,635,False,2025-01-02,2025-01-02,,2026-09-29
CAS_CLEAN_047,SNP_CAS_CLEAN_047_S19_AWARD_20250114,SECTION_19_TO_AWARD,623,False,2025-01-14,2025-01-14,,2026-09-29
CAS_CLEAN_085,SNP_CAS_CLEAN_085_S19_AWARD_20250114,SECTION_19_TO_AWARD,623,False,2025-01-14,2025-01-14,,2026-09-29
CAS_CLEAN_038,SNP_CAS_CLEAN_038_S19_AWARD_20250121,SECTION_19_TO_AWARD,616,False,2025-01-21,2025-01-21,,2026-09-29
CAS_CLEAN_131,SNP_CAS_CLEAN_131_S19_AWARD_20250121,SECTION_19_TO_AWARD,616,False,2025-01-21,2025-01-21,,2026-09-29
CAS_CLEAN_058,SNP_CAS_CLEAN_058_S19_AWARD_20250125,SECTION_19_TO_AWARD,612,False,2024-04-30,2025-01-25,,2026-09-29
CAS_CLEAN_059,SNP_CAS_CLEAN_059_S19_AWARD_20250125,SECTION_19_TO_AWARD,612,False,2024-04-30,2025-01-25,,2026-09-29
CAS_CLEAN_110,SNP_CAS_CLEAN_110_S19_AWARD_20250125,SECTION_19_TO_AWARD,612,False,2024-04-30,2025-01-25,,2026-09-29
CAS_CLEAN_044,SNP_CAS_CLEAN_044_S19_AWARD_20250204,SECTION_19_TO_AWARD,602,False,2024-08-08,2025-02-04,,2026-09-29
CAS_CLEAN_088,SNP_CAS_CLEAN_088_S19_AWARD_20250212,SECTION_19_TO_AWARD,594,False,2025-02-12,2025-02-12,,2026-09-29
CAS_CLEAN_040,SNP_CAS_CLEAN_040_S19_AWARD_20250225,SECTION_19_TO_AWARD,581,False,2025-02-25,2025-02-25,,2026-09-29
CAS_CLEAN_117,SNP_CAS_CLEAN_117_S19_AWARD_20250303,SECTION_19_TO_AWARD,575,False,2025-03-03,2025-03-03,,2026-09-29
CAS_CLEAN_109,SNP_CAS_CLEAN_109_S19_AWARD_20250305,SECTION_19_TO_AWARD,573,False,2024-09-06,2025-03-05,,2026-09-29
CAS_CLEAN_111,SNP_CAS_CLEAN_111_S19_AWARD_20250307,SECTION_19_TO_AWARD,571,False,2024-03-07,2025-03-07,,2026-09-29
CAS_CLEAN_022,SNP_CAS_CLEAN_022_S19_AWARD_20250314,SECTION_19_TO_AWARD,564,False,2024-03-14,2025-03-14,,2026-09-29
CAS_CLEAN_139,SNP_CAS_CLEAN_139_S19_AWARD_20250402,SECTION_19_TO_AWARD,545,False,2025-01-02,2025-04-02,,2026-09-29
CAS_CLEAN_047,SNP_CAS_CLEAN_047_S19_AWARD_20250414,SECTION_19_TO_AWARD,533,False,2025-01-14,2025-04-14,,2026-09-29
CAS_CLEAN_085,SNP_CAS_CLEAN_085_S19_AWARD_20250414,SECTION_19_TO_AWARD,533,False,2025-01-14,2025-04-14,,2026-09-29
CAS_CLEAN_038,SNP_CAS_CLEAN_038_S19_AWARD_20250421,SECTION_19_TO_AWARD,526,False,2025-01-21,2025-04-21,,2026-09-29
CAS_CLEAN_131,SNP_CAS_CLEAN_131_S19_AWARD_20250421,SECTION_19_TO_AWARD,526,False,2025-01-21,2025-04-21,,2026-09-29
CAS_CLEAN_058,SNP_CAS_CLEAN_058_S19_AWARD_20250430,SECTION_19_TO_AWARD,517,False,2024-04-30,2025-04-30,,2026-09-29
CAS_CLEAN_059,SNP_CAS_CLEAN_059_S19_AWARD_20250430,SECTION_19_TO_AWARD,517,False,2024-04-30,2025-04-30,,2026-09-29
CAS_CLEAN_110,SNP_CAS_CLEAN_110_S19_AWARD_20250430,SECTION_19_TO_AWARD,517,False,2024-04-30,2025-04-30,,2026-09-29
CAS_CLEAN_044,SNP_CAS_CLEAN_044_S19_AWARD_20250505,SECTION_19_TO_AWARD,512,False,2024-08-08,2025-05-05,,2026-09-29
CAS_CLEAN_088,SNP_CAS_CLEAN_088_S19_AWARD_20250513,SECTION_19_TO_AWARD,504,False,2025-02-12,2025-05-13,,2026-09-29
CAS_CLEAN_040,SNP_CAS_CLEAN_040_S19_AWARD_20250526,SECTION_19_TO_AWARD,491,False,2025-02-25,2025-05-26,,2026-09-29
CAS_CLEAN_117,SNP_CAS_CLEAN_117_S19_AWARD_20250601,SECTION_19_TO_AWARD,485,False,2025-03-03,2025-06-01,,2026-09-29
CAS_CLEAN_109,SNP_CAS_CLEAN_109_S19_AWARD_20250603,SECTION_19_TO_AWARD,483,False,2024-09-06,2025-06-03,,2026-09-29
CAS_CLEAN_070,SNP_CAS_CLEAN_070_S19_AWARD_20250619,SECTION_19_TO_AWARD,390,True,2025-06-19,2025-06-19,2026-07-14,
CAS_CLEAN_139,SNP_CAS_CLEAN_139_S19_AWARD_20250701,SECTION_19_TO_AWARD,455,False,2025-01-02,2025-07-01,,2026-09-29
CAS_CLEAN_034,SNP_CAS_CLEAN_034_S19_AWARD_20250703,SECTION_19_TO_AWARD,453,False,2025-07-03,2025-07-03,,2026-09-29
CAS_CLEAN_047,SNP_CAS_CLEAN_047_S19_AWARD_20250713,SECTION_19_TO_AWARD,443,False,2025-01-14,2025-07-13,,2026-09-29
CAS_CLEAN_085,SNP_CAS_CLEAN_085_S19_AWARD_20250713,SECTION_19_TO_AWARD,443,False,2025-01-14,2025-07-13,,2026-09-29
CAS_CLEAN_038,SNP_CAS_CLEAN_038_S19_AWARD_20250720,SECTION_19_TO_AWARD,436,False,2025-01-21,2025-07-20,,2026-09-29
CAS_CLEAN_131,SNP_CAS_CLEAN_131_S19_AWARD_20250720,SECTION_19_TO_AWARD,436,False,2025-01-21,2025-07-20,,2026-09-29
CAS_CLEAN_108,SNP_CAS_CLEAN_108_S19_AWARD_20250729,SECTION_19_TO_AWARD,427,False,2025-07-29,2025-07-29,,2026-09-29
CAS_CLEAN_044,SNP_CAS_CLEAN_044_S19_AWARD_20250808,SECTION_19_TO_AWARD,417,False,2024-08-08,2025-08-08,,2026-09-29
CAS_CLEAN_088,SNP_CAS_CLEAN_088_S19_AWARD_20250811,SECTION_19_TO_AWARD,414,False,2025-02-12,2025-08-11,,2026-09-29
CAS_CLEAN_040,SNP_CAS_CLEAN_040_S19_AWARD_20250824,SECTION_19_TO_AWARD,401,False,2025-02-25,2025-08-24,,2026-09-29
CAS_CLEAN_117,SNP_CAS_CLEAN_117_S19_AWARD_20250830,SECTION_19_TO_AWARD,395,False,2025-03-03,2025-08-30,,2026-09-29
CAS_CLEAN_109,SNP_CAS_CLEAN_109_S19_AWARD_20250906,SECTION_19_TO_AWARD,388,False,2024-09-06,2025-09-06,,2026-09-29
CAS_CLEAN_070,SNP_CAS_CLEAN_070_S19_AWARD_20250917,SECTION_19_TO_AWARD,300,True,2025-06-19,2025-09-17,2026-07-14,
CAS_CLEAN_139,SNP_CAS_CLEAN_139_S19_AWARD_20250929,SECTION_19_TO_AWARD,365,False,2025-01-02,2025-09-29,,2026-09-29
CAS_CLEAN_034,SNP_CAS_CLEAN_034_S19_AWARD_20251001,SECTION_19_TO_AWARD,363,False,2025-07-03,2025-10-01,,2026-09-29
CAS_CLEAN_047,SNP_CAS_CLEAN_047_S19_AWARD_20251011,SECTION_19_TO_AWARD,353,False,2025-01-14,2025-10-11,,2026-09-29
CAS_CLEAN_085,SNP_CAS_CLEAN_085_S19_AWARD_20251011,SECTION_19_TO_AWARD,353,False,2025-01-14,2025-10-11,,2026-09-29
CAS_CLEAN_038,SNP_CAS_CLEAN_038_S19_AWARD_20251018,SECTION_19_TO_AWARD,346,False,2025-01-21,2025-10-18,,2026-09-29
CAS_CLEAN_131,SNP_CAS_CLEAN_131_S19_AWARD_20251018,SECTION_19_TO_AWARD,346,False,2025-01-21,2025-10-18,,2026-09-29
CAS_CLEAN_108,SNP_CAS_CLEAN_108_S19_AWARD_20251027,SECTION_19_TO_AWARD,337,False,2025-07-29,2025-10-27,,2026-09-29
CAS_CLEAN_088,SNP_CAS_CLEAN_088_S19_AWARD_20251109,SECTION_19_TO_AWARD,324,False,2025-02-12,2025-11-09,,2026-09-29
CAS_CLEAN_053,SNP_CAS_CLEAN_053_S19_AWARD_20251118,SECTION_19_TO_AWARD,315,False,2025-11-18,2025-11-18,,2026-09-29
CAS_CLEAN_070,SNP_CAS_CLEAN_070_S19_AWARD_20251118,SECTION_19_TO_AWARD,238,True,2025-06-19,2025-11-18,2026-07-14,
CAS_CLEAN_040,SNP_CAS_CLEAN_040_S19_AWARD_20251122,SECTION_19_TO_AWARD,311,False,2025-02-25,2025-11-22,,2026-09-29
CAS_CLEAN_003,SNP_CAS_CLEAN_003_S19_AWARD_20251128,SECTION_19_TO_AWARD,305,False,2025-11-28,2025-11-28,,2026-09-29
CAS_CLEAN_006,SNP_CAS_CLEAN_006_S19_AWARD_20251128,SECTION_19_TO_AWARD,305,False,2025-11-28,2025-11-28,,2026-09-29
CAS_CLEAN_014,SNP_CAS_CLEAN_014_S19_AWARD_20251128,SECTION_19_TO_AWARD,305,False,2025-11-28,2025-11-28,,2026-09-29
CAS_CLEAN_019,SNP_CAS_CLEAN_019_S19_AWARD_20251128,SECTION_19_TO_AWARD,305,False,2025-11-28,2025-11-28,,2026-09-29
CAS_CLEAN_060,SNP_CAS_CLEAN_060_S19_AWARD_20251128,SECTION_19_TO_AWARD,305,False,2025-11-28,2025-11-28,,2026-09-29
CAS_CLEAN_080,SNP_CAS_CLEAN_080_S19_AWARD_20251128,SECTION_19_TO_AWARD,305,False,2025-11-28,2025-11-28,,2026-09-29
CAS_CLEAN_117,SNP_CAS_CLEAN_117_S19_AWARD_20251128,SECTION_19_TO_AWARD,305,False,2025-03-03,2025-11-28,,2026-09-29
CAS_CLEAN_129,SNP_CAS_CLEAN_129_S19_AWARD_20251128,SECTION_19_TO_AWARD,305,False,2025-11-28,2025-11-28,,2026-09-29
CAS_CLEAN_146,SNP_CAS_CLEAN_146_S19_AWARD_20251128,SECTION_19_TO_AWARD,305,False,2025-11-28,2025-11-28,,2026-09-29
CAS_CLEAN_147,SNP_CAS_CLEAN_147_S19_AWARD_20251128,SECTION_19_TO_AWARD,305,False,2025-11-28,2025-11-28,,2026-09-29
CAS_CLEAN_015,SNP_CAS_CLEAN_015_S19_AWARD_20251215,SECTION_19_TO_AWARD,288,False,2025-12-15,2025-12-15,,2026-09-29
CAS_CLEAN_045,SNP_CAS_CLEAN_045_S19_AWARD_20251215,SECTION_19_TO_AWARD,288,False,2025-12-15,2025-12-15,,2026-09-29
CAS_CLEAN_076,SNP_CAS_CLEAN_076_S19_AWARD_20251215,SECTION_19_TO_AWARD,288,False,2025-12-15,2025-12-15,,2026-09-29
CAS_CLEAN_114,SNP_CAS_CLEAN_114_S19_AWARD_20251215,SECTION_19_TO_AWARD,288,False,2025-12-15,2025-12-15,,2026-09-29
CAS_CLEAN_132,SNP_CAS_CLEAN_132_S19_AWARD_20251215,SECTION_19_TO_AWARD,288,False,2025-12-15,2025-12-15,,2026-09-29
CAS_CLEAN_134,SNP_CAS_CLEAN_134_S19_AWARD_20251215,SECTION_19_TO_AWARD,288,False,2025-12-15,2025-12-15,,2026-09-29
CAS_CLEAN_070,SNP_CAS_CLEAN_070_S19_AWARD_20251216,SECTION_19_TO_AWARD,210,True,2025-06-19,2025-12-16,2026-07-14,
CAS_CLEAN_160,SNP_CAS_CLEAN_160_S19_AWARD_20251219,SECTION_19_TO_AWARD,284,False,2025-12-19,2025-12-19,,2026-09-29
CAS_CLEAN_161,SNP_CAS_CLEAN_161_S19_AWARD_20251219,SECTION_19_TO_AWARD,284,False,2025-12-19,2025-12-19,,2026-09-29
CAS_CLEAN_162,SNP_CAS_CLEAN_162_S19_AWARD_20251219,SECTION_19_TO_AWARD,284,False,2025-12-19,2025-12-19,,2026-09-29
CAS_CLEAN_163,SNP_CAS_CLEAN_163_S19_AWARD_20251219,SECTION_19_TO_AWARD,284,False,2025-12-19,2025-12-19,,2026-09-29
CAS_CLEAN_034,SNP_CAS_CLEAN_034_S19_AWARD_20251230,SECTION_19_TO_AWARD,273,False,2025-07-03,2025-12-30,,2026-09-29
CAS_CLEAN_139,SNP_CAS_CLEAN_139_S19_AWARD_20260102,SECTION_19_TO_AWARD,270,False,2025-01-02,2026-01-02,,2026-09-29
CAS_CLEAN_003,SNP_CAS_CLEAN_003_S19_AWARD_20260112,SECTION_19_TO_AWARD,260,False,2025-11-28,2026-01-12,,2026-09-29
CAS_CLEAN_006,SNP_CAS_CLEAN_006_S19_AWARD_20260112,SECTION_19_TO_AWARD,260,False,2025-11-28,2026-01-12,,2026-09-29
CAS_CLEAN_014,SNP_CAS_CLEAN_014_S19_AWARD_20260112,SECTION_19_TO_AWARD,260,False,2025-11-28,2026-01-12,,2026-09-29
CAS_CLEAN_019,SNP_CAS_CLEAN_019_S19_AWARD_20260112,SECTION_19_TO_AWARD,260,False,2025-11-28,2026-01-12,,2026-09-29
CAS_CLEAN_060,SNP_CAS_CLEAN_060_S19_AWARD_20260112,SECTION_19_TO_AWARD,260,False,2025-11-28,2026-01-12,,2026-09-29
CAS_CLEAN_080,SNP_CAS_CLEAN_080_S19_AWARD_20260112,SECTION_19_TO_AWARD,260,False,2025-11-28,2026-01-12,,2026-09-29
CAS_CLEAN_129,SNP_CAS_CLEAN_129_S19_AWARD_20260112,SECTION_19_TO_AWARD,260,False,2025-11-28,2026-01-12,,2026-09-29
CAS_CLEAN_146,SNP_CAS_CLEAN_146_S19_AWARD_20260112,SECTION_19_TO_AWARD,260,False,2025-11-28,2026-01-12,,2026-09-29
CAS_CLEAN_147,SNP_CAS_CLEAN_147_S19_AWARD_20260112,SECTION_19_TO_AWARD,260,False,2025-11-28,2026-01-12,,2026-09-29
CAS_CLEAN_047,SNP_CAS_CLEAN_047_S19_AWARD_20260114,SECTION_19_TO_AWARD,258,False,2025-01-14,2026-01-14,,2026-09-29
CAS_CLEAN_085,SNP_CAS_CLEAN_085_S19_AWARD_20260114,SECTION_19_TO_AWARD,258,False,2025-01-14,2026-01-14,,2026-09-29
CAS_CLEAN_015,SNP_CAS_CLEAN_015_S19_AWARD_20260119,SECTION_19_TO_AWARD,253,False,2025-12-15,2026-01-19,,2026-09-29
CAS_CLEAN_045,SNP_CAS_CLEAN_045_S19_AWARD_20260119,SECTION_19_TO_AWARD,253,False,2025-12-15,2026-01-19,,2026-09-29
CAS_CLEAN_076,SNP_CAS_CLEAN_076_S19_AWARD_20260119,SECTION_19_TO_AWARD,253,False,2025-12-15,2026-01-19,,2026-09-29
CAS_CLEAN_134,SNP_CAS_CLEAN_134_S19_AWARD_20260119,SECTION_19_TO_AWARD,253,False,2025-12-15,2026-01-19,,2026-09-29
CAS_CLEAN_051,SNP_CAS_CLEAN_051_S19_AWARD_20260120,SECTION_19_TO_AWARD,252,False,2026-01-20,2026-01-20,,2026-09-29
CAS_CLEAN_038,SNP_CAS_CLEAN_038_S19_AWARD_20260121,SECTION_19_TO_AWARD,251,False,2025-01-21,2026-01-21,,2026-09-29
CAS_CLEAN_131,SNP_CAS_CLEAN_131_S19_AWARD_20260121,SECTION_19_TO_AWARD,251,False,2025-01-21,2026-01-21,,2026-09-29
CAS_CLEAN_108,SNP_CAS_CLEAN_108_S19_AWARD_20260125,SECTION_19_TO_AWARD,247,False,2025-07-29,2026-01-25,,2026-09-29
CAS_CLEAN_011,SNP_CAS_CLEAN_011_S19_AWARD_20260202,SECTION_19_TO_AWARD,239,False,2026-02-02,2026-02-02,,2026-09-29
CAS_CLEAN_088,SNP_CAS_CLEAN_088_S19_AWARD_20260212,SECTION_19_TO_AWARD,229,False,2025-02-12,2026-02-12,,2026-09-29
CAS_CLEAN_053,SNP_CAS_CLEAN_053_S19_AWARD_20260216,SECTION_19_TO_AWARD,225,False,2025-11-18,2026-02-16,,2026-09-29
CAS_CLEAN_040,SNP_CAS_CLEAN_040_S19_AWARD_20260225,SECTION_19_TO_AWARD,216,False,2025-02-25,2026-02-25,,2026-09-29
CAS_CLEAN_003,SNP_CAS_CLEAN_003_S19_AWARD_20260226,SECTION_19_TO_AWARD,215,False,2025-11-28,2026-02-26,,2026-09-29
CAS_CLEAN_006,SNP_CAS_CLEAN_006_S19_AWARD_20260226,SECTION_19_TO_AWARD,215,False,2025-11-28,2026-02-26,,2026-09-29
CAS_CLEAN_014,SNP_CAS_CLEAN_014_S19_AWARD_20260226,SECTION_19_TO_AWARD,215,False,2025-11-28,2026-02-26,,2026-09-29
CAS_CLEAN_019,SNP_CAS_CLEAN_019_S19_AWARD_20260226,SECTION_19_TO_AWARD,215,False,2025-11-28,2026-02-26,,2026-09-29
CAS_CLEAN_060,SNP_CAS_CLEAN_060_S19_AWARD_20260226,SECTION_19_TO_AWARD,215,False,2025-11-28,2026-02-26,,2026-09-29
CAS_CLEAN_080,SNP_CAS_CLEAN_080_S19_AWARD_20260226,SECTION_19_TO_AWARD,215,False,2025-11-28,2026-02-26,,2026-09-29
CAS_CLEAN_129,SNP_CAS_CLEAN_129_S19_AWARD_20260226,SECTION_19_TO_AWARD,215,False,2025-11-28,2026-02-26,,2026-09-29
CAS_CLEAN_146,SNP_CAS_CLEAN_146_S19_AWARD_20260226,SECTION_19_TO_AWARD,215,False,2025-11-28,2026-02-26,,2026-09-29
CAS_CLEAN_147,SNP_CAS_CLEAN_147_S19_AWARD_20260226,SECTION_19_TO_AWARD,215,False,2025-11-28,2026-02-26,,2026-09-29
CAS_CLEAN_117,SNP_CAS_CLEAN_117_S19_AWARD_20260303,SECTION_19_TO_AWARD,210,False,2025-03-03,2026-03-03,,2026-09-29
CAS_CLEAN_015,SNP_CAS_CLEAN_015_S19_AWARD_20260315,SECTION_19_TO_AWARD,198,False,2025-12-15,2026-03-15,,2026-09-29
CAS_CLEAN_045,SNP_CAS_CLEAN_045_S19_AWARD_20260315,SECTION_19_TO_AWARD,198,False,2025-12-15,2026-03-15,,2026-09-29
CAS_CLEAN_076,SNP_CAS_CLEAN_076_S19_AWARD_20260315,SECTION_19_TO_AWARD,198,False,2025-12-15,2026-03-15,,2026-09-29
CAS_CLEAN_114,SNP_CAS_CLEAN_114_S19_AWARD_20260315,SECTION_19_TO_AWARD,198,False,2025-12-15,2026-03-15,,2026-09-29
CAS_CLEAN_132,SNP_CAS_CLEAN_132_S19_AWARD_20260315,SECTION_19_TO_AWARD,198,False,2025-12-15,2026-03-15,,2026-09-29
CAS_CLEAN_134,SNP_CAS_CLEAN_134_S19_AWARD_20260315,SECTION_19_TO_AWARD,198,False,2025-12-15,2026-03-15,,2026-09-29
CAS_CLEAN_070,SNP_CAS_CLEAN_070_S19_AWARD_20260316,SECTION_19_TO_AWARD,120,True,2025-06-19,2026-03-16,2026-07-14,
CAS_CLEAN_160,SNP_CAS_CLEAN_160_S19_AWARD_20260319,SECTION_19_TO_AWARD,194,False,2025-12-19,2026-03-19,,2026-09-29
CAS_CLEAN_161,SNP_CAS_CLEAN_161_S19_AWARD_20260319,SECTION_19_TO_AWARD,194,False,2025-12-19,2026-03-19,,2026-09-29
CAS_CLEAN_162,SNP_CAS_CLEAN_162_S19_AWARD_20260319,SECTION_19_TO_AWARD,194,False,2025-12-19,2026-03-19,,2026-09-29
CAS_CLEAN_163,SNP_CAS_CLEAN_163_S19_AWARD_20260319,SECTION_19_TO_AWARD,194,False,2025-12-19,2026-03-19,,2026-09-29
CAS_CLEAN_034,SNP_CAS_CLEAN_034_S19_AWARD_20260330,SECTION_19_TO_AWARD,183,False,2025-07-03,2026-03-30,,2026-09-29
CAS_CLEAN_124,SNP_CAS_CLEAN_124_S19_AWARD_20260330,SECTION_19_TO_AWARD,183,False,2026-03-30,2026-03-30,,2026-09-29
CAS_CLEAN_051,SNP_CAS_CLEAN_051_S19_AWARD_20260420,SECTION_19_TO_AWARD,162,False,2026-01-20,2026-04-20,,2026-09-29
CAS_CLEAN_108,SNP_CAS_CLEAN_108_S19_AWARD_20260425,SECTION_19_TO_AWARD,157,False,2025-07-29,2026-04-25,,2026-09-29
CAS_CLEAN_011,SNP_CAS_CLEAN_011_S19_AWARD_20260503,SECTION_19_TO_AWARD,149,False,2026-02-02,2026-05-03,,2026-09-29
CAS_CLEAN_053,SNP_CAS_CLEAN_053_S19_AWARD_20260517,SECTION_19_TO_AWARD,135,False,2025-11-18,2026-05-17,,2026-09-29
CAS_CLEAN_003,SNP_CAS_CLEAN_003_S19_AWARD_20260527,SECTION_19_TO_AWARD,125,False,2025-11-28,2026-05-27,,2026-09-29
CAS_CLEAN_006,SNP_CAS_CLEAN_006_S19_AWARD_20260527,SECTION_19_TO_AWARD,125,False,2025-11-28,2026-05-27,,2026-09-29
CAS_CLEAN_014,SNP_CAS_CLEAN_014_S19_AWARD_20260527,SECTION_19_TO_AWARD,125,False,2025-11-28,2026-05-27,,2026-09-29
CAS_CLEAN_019,SNP_CAS_CLEAN_019_S19_AWARD_20260527,SECTION_19_TO_AWARD,125,False,2025-11-28,2026-05-27,,2026-09-29
CAS_CLEAN_060,SNP_CAS_CLEAN_060_S19_AWARD_20260527,SECTION_19_TO_AWARD,125,False,2025-11-28,2026-05-27,,2026-09-29
CAS_CLEAN_080,SNP_CAS_CLEAN_080_S19_AWARD_20260527,SECTION_19_TO_AWARD,125,False,2025-11-28,2026-05-27,,2026-09-29
CAS_CLEAN_129,SNP_CAS_CLEAN_129_S19_AWARD_20260527,SECTION_19_TO_AWARD,125,False,2025-11-28,2026-05-27,,2026-09-29
CAS_CLEAN_146,SNP_CAS_CLEAN_146_S19_AWARD_20260527,SECTION_19_TO_AWARD,125,False,2025-11-28,2026-05-27,,2026-09-29
CAS_CLEAN_147,SNP_CAS_CLEAN_147_S19_AWARD_20260527,SECTION_19_TO_AWARD,125,False,2025-11-28,2026-05-27,,2026-09-29
CAS_CLEAN_015,SNP_CAS_CLEAN_015_S19_AWARD_20260613,SECTION_19_TO_AWARD,108,False,2025-12-15,2026-06-13,,2026-09-29
CAS_CLEAN_045,SNP_CAS_CLEAN_045_S19_AWARD_20260613,SECTION_19_TO_AWARD,108,False,2025-12-15,2026-06-13,,2026-09-29
CAS_CLEAN_076,SNP_CAS_CLEAN_076_S19_AWARD_20260613,SECTION_19_TO_AWARD,108,False,2025-12-15,2026-06-13,,2026-09-29
CAS_CLEAN_114,SNP_CAS_CLEAN_114_S19_AWARD_20260613,SECTION_19_TO_AWARD,108,False,2025-12-15,2026-06-13,,2026-09-29
CAS_CLEAN_132,SNP_CAS_CLEAN_132_S19_AWARD_20260613,SECTION_19_TO_AWARD,108,False,2025-12-15,2026-06-13,,2026-09-29
CAS_CLEAN_134,SNP_CAS_CLEAN_134_S19_AWARD_20260613,SECTION_19_TO_AWARD,108,False,2025-12-15,2026-06-13,,2026-09-29
CAS_CLEAN_160,SNP_CAS_CLEAN_160_S19_AWARD_20260617,SECTION_19_TO_AWARD,104,False,2025-12-19,2026-06-17,,2026-09-29
CAS_CLEAN_161,SNP_CAS_CLEAN_161_S19_AWARD_20260617,SECTION_19_TO_AWARD,104,False,2025-12-19,2026-06-17,,2026-09-29
CAS_CLEAN_162,SNP_CAS_CLEAN_162_S19_AWARD_20260617,SECTION_19_TO_AWARD,104,False,2025-12-19,2026-06-17,,2026-09-29
CAS_CLEAN_163,SNP_CAS_CLEAN_163_S19_AWARD_20260617,SECTION_19_TO_AWARD,104,False,2025-12-19,2026-06-17,,2026-09-29
CAS_CLEAN_070,SNP_CAS_CLEAN_070_S19_AWARD_20260619,SECTION_19_TO_AWARD,25,True,2025-06-19,2026-06-19,2026-07-14,
CAS_CLEAN_124,SNP_CAS_CLEAN_124_S19_AWARD_20260628,SECTION_19_TO_AWARD,93,False,2026-03-30,2026-06-28,,2026-09-29
CAS_CLEAN_034,SNP_CAS_CLEAN_034_S19_AWARD_20260703,SECTION_19_TO_AWARD,88,False,2025-07-03,2026-07-03,,2026-09-29
CAS_CLEAN_051,SNP_CAS_CLEAN_051_S19_AWARD_20260719,SECTION_19_TO_AWARD,72,False,2026-01-20,2026-07-19,,2026-09-29
CAS_CLEAN_108,SNP_CAS_CLEAN_108_S19_AWARD_20260729,SECTION_19_TO_AWARD,62,False,2025-07-29,2026-07-29,,2026-09-29
CAS_CLEAN_011,SNP_CAS_CLEAN_011_S19_AWARD_20260801,SECTION_19_TO_AWARD,59,False,2026-02-02,2026-08-01,,2026-09-29
CAS_CLEAN_170,SNP_CAS_CLEAN_170_S19_AWARD_20260807,SECTION_19_TO_AWARD,53,False,2026-08-07,2026-08-07,,2026-09-29
CAS_CLEAN_171,SNP_CAS_CLEAN_171_S19_AWARD_20260814,SECTION_19_TO_AWARD,46,False,2026-08-14,2026-08-14,,2026-09-29
CAS_CLEAN_053,SNP_CAS_CLEAN_053_S19_AWARD_20260815,SECTION_19_TO_AWARD,45,False,2025-11-18,2026-08-15,,2026-09-29
CAS_CLEAN_098,SNP_CAS_CLEAN_098_S19_AWARD_20260817,SECTION_19_TO_AWARD,43,False,2026-08-17,2026-08-17,,2026-09-29
CAS_CLEAN_037,SNP_CAS_CLEAN_037_S19_AWARD_20260821,SECTION_19_TO_AWARD,39,False,2026-08-21,2026-08-21,,2026-09-29
CAS_CLEAN_003,SNP_CAS_CLEAN_003_S19_AWARD_20260825,SECTION_19_TO_AWARD,35,False,2025-11-28,2026-08-25,,2026-09-29
CAS_CLEAN_006,SNP_CAS_CLEAN_006_S19_AWARD_20260825,SECTION_19_TO_AWARD,35,False,2025-11-28,2026-08-25,,2026-09-29
CAS_CLEAN_014,SNP_CAS_CLEAN_014_S19_AWARD_20260825,SECTION_19_TO_AWARD,35,False,2025-11-28,2026-08-25,,2026-09-29
CAS_CLEAN_019,SNP_CAS_CLEAN_019_S19_AWARD_20260825,SECTION_19_TO_AWARD,35,False,2025-11-28,2026-08-25,,2026-09-29
CAS_CLEAN_060,SNP_CAS_CLEAN_060_S19_AWARD_20260825,SECTION_19_TO_AWARD,35,False,2025-11-28,2026-08-25,,2026-09-29
CAS_CLEAN_080,SNP_CAS_CLEAN_080_S19_AWARD_20260825,SECTION_19_TO_AWARD,35,False,2025-11-28,2026-08-25,,2026-09-29
CAS_CLEAN_129,SNP_CAS_CLEAN_129_S19_AWARD_20260825,SECTION_19_TO_AWARD,35,False,2025-11-28,2026-08-25,,2026-09-29
CAS_CLEAN_146,SNP_CAS_CLEAN_146_S19_AWARD_20260825,SECTION_19_TO_AWARD,35,False,2025-11-28,2026-08-25,,2026-09-29
CAS_CLEAN_147,SNP_CAS_CLEAN_147_S19_AWARD_20260825,SECTION_19_TO_AWARD,35,False,2025-11-28,2026-08-25,,2026-09-29
CAS_CLEAN_015,SNP_CAS_CLEAN_015_S19_AWARD_20260911,SECTION_19_TO_AWARD,18,False,2025-12-15,2026-09-11,,2026-09-29
CAS_CLEAN_045,SNP_CAS_CLEAN_045_S19_AWARD_20260911,SECTION_19_TO_AWARD,18,False,2025-12-15,2026-09-11,,2026-09-29
CAS_CLEAN_076,SNP_CAS_CLEAN_076_S19_AWARD_20260911,SECTION_19_TO_AWARD,18,False,2025-12-15,2026-09-11,,2026-09-29
CAS_CLEAN_114,SNP_CAS_CLEAN_114_S19_AWARD_20260911,SECTION_19_TO_AWARD,18,False,2025-12-15,2026-09-11,,2026-09-29
CAS_CLEAN_132,SNP_CAS_CLEAN_132_S19_AWARD_20260911,SECTION_19_TO_AWARD,18,False,2025-12-15,2026-09-11,,2026-09-29
CAS_CLEAN_134,SNP_CAS_CLEAN_134_S19_AWARD_20260911,SECTION_19_TO_AWARD,18,False,2025-12-15,2026-09-11,,2026-09-29
CAS_CLEAN_160,SNP_CAS_CLEAN_160_S19_AWARD_20260915,SECTION_19_TO_AWARD,14,False,2025-12-19,2026-09-15,,2026-09-29
CAS_CLEAN_161,SNP_CAS_CLEAN_161_S19_AWARD_20260915,SECTION_19_TO_AWARD,14,False,2025-12-19,2026-09-15,,2026-09-29
CAS_CLEAN_162,SNP_CAS_CLEAN_162_S19_AWARD_20260915,SECTION_19_TO_AWARD,14,False,2025-12-19,2026-09-15,,2026-09-29
CAS_CLEAN_163,SNP_CAS_CLEAN_163_S19_AWARD_20260915,SECTION_19_TO_AWARD,14,False,2025-12-19,2026-09-15,,2026-09-29
CAS_CLEAN_124,SNP_CAS_CLEAN_124_S19_AWARD_20260926,SECTION_19_TO_AWARD,3,False,2026-03-30,2026-09-26,,2026-09-29
