case_id,snapshot_id,transition,derived_days_since_case_initiation,derived_days_in_current_stage,derived_days_since_latest_notice,derived_notice_count,derived_statutory_sec19_proximity_ratio,extension_count,has_statutory_extension,current_stage,district,taluka,village,acquiring_authority,act_key,derived_project_type,derived_is_direct_purchase,award_recorded,objection_count,parcel_count,open_issue_count,notified_area_hectares,affected_landowner_count,compensation_amount_inr
CAS_CLEAN_271,SNP_CAS_CLEAN_271_CASE_INITIATION_MILESTONE_20190921,CASE_INITIATION_TO_MILESTONE,0,0,0,1,,0,False,GENERAL_NOTICE,Yavatmal,,,District Collectorate & Administration Yavatmal,RFCTLARR_2013,Irrigation / Canal,False,False,,,,,,
CAS_CLEAN_271,SNP_CAS_CLEAN_271_CASE_INITIATION_MILESTONE_20191220,CASE_INITIATION_TO_MILESTONE,90,90,90,1,,0,False,GENERAL_NOTICE,Yavatmal,,,District Collectorate & Administration Yavatmal,RFCTLARR_2013,Irrigation / Canal,False,False,,,,,,
CAS_CLEAN_271,SNP_CAS_CLEAN_271_CASE_INITIATION_MILESTONE_20200319,CASE_INITIATION_TO_MILESTONE,180,180,180,1,,0,False,GENERAL_NOTICE,Yavatmal,,,District Collectorate & Administration Yavatmal,RFCTLARR_2013,Irrigation / Canal,False,False,,,,,,
CAS_CLEAN_271,SNP_CAS_CLEAN_271_CASE_INITIATION_MILESTONE_20200617,CASE_INITIATION_TO_MILESTONE,270,270,270,1,,0,False,GENERAL_NOTICE,Yavatmal,,,District Collectorate & Administration Yavatmal,RFCTLARR_2013,Irrigation / Canal,False,False,,,,,,
CAS_CLEAN_271,SNP_CAS_CLEAN_271_CASE_INITIATION_MILESTONE_20200920,CASE_INITIATION_TO_MILESTONE,365,365,365,1,,0,False,GENERAL_NOTICE,Yavatmal,,,District Collectorate & Administration Yavatmal,RFCTLARR_2013,Irrigation / Canal,False,False,,,,,,
CAS_CLEAN_271,SNP_CAS_CLEAN_271_CASE_INITIATION_MILESTONE_20210920,CASE_INITIATION_TO_MILESTONE,730,730,730,1,,0,False,GENERAL_NOTICE,Yavatmal,,,District Collectorate & Administration Yavatmal,RFCTLARR_2013,Irrigation / Canal,False,False,,,,,,
CAS_CLEAN_268,SNP_CAS_CLEAN_268_CASE_INITIATION_MILESTONE_20221111,CASE_INITIATION_TO_MILESTONE,0,0,0,1,,0,False,GENERAL_NOTICE,Yavatmal,,,District Collectorate & Administration Yavatmal,RFCTLARR_2013,Rural Infrastructure,False,False,,,,,,
CAS_CLEAN_269,SNP_CAS_CLEAN_269_CASE_INITIATION_MILESTONE_20221111,CASE_INITIATION_TO_MILESTONE,0,0,0,1,,0,False,GENERAL_NOTICE,Yavatmal,,,District Collectorate & Administration Yavatmal,RFCTLARR_2013,Rural Infrastructure,False,False,,,,,,
CAS_CLEAN_270,SNP_CAS_CLEAN_270_CASE_INITIATION_MILESTONE_20221111,CASE_INITIATION_TO_MILESTONE,0,0,0,1,,0,False,GENERAL_NOTICE,Yavatmal,,,District Collectorate & Administration Yavatmal,RFCTLARR_2013,Irrigation / Canal,False,False,,,,,,
CAS_CLEAN_267,SNP_CAS_CLEAN_267_CASE_INITIATION_MILESTONE_20221117,CASE_INITIATION_TO_MILESTONE,0,0,0,1,,0,False,GENERAL_NOTICE,Yavatmal,,,District Collectorate & Administration Yavatmal,RFCTLARR_2013,Rural Infrastructure,False,False,,,,,,
CAS_CLEAN_268,SNP_CAS_CLEAN_268_CASE_INITIATION_MILESTONE_20230209,CASE_INITIATION_TO_MILESTONE,90,90,90,1,,0,False,GENERAL_NOTICE,Yavatmal,,,District Collectorate & Administration Yavatmal,RFCTLARR_2013,Rural Infrastructure,False,False,,,,,,
CAS_CLEAN_269,SNP_CAS_CLEAN_269_CASE_INITIATION_MILESTONE_20230209,CASE_INITIATION_TO_MILESTONE,90,90,90,1,,0,False,GENERAL_NOTICE,Yavatmal,,,District Collectorate & Administration Yavatmal,RFCTLARR_2013,Rural Infrastructure,False,False,,,,,,
CAS_CLEAN_270,SNP_CAS_CLEAN_270_CASE_INITIATION_MILESTONE_20230209,CASE_INITIATION_TO_MILESTONE,90,90,90,1,,0,False,GENERAL_NOTICE,Yavatmal,,,District Collectorate & Administration Yavatmal,RFCTLARR_2013,Irrigation / Canal,False,False,,,,,,
CAS_CLEAN_267,SNP_CAS_CLEAN_267_CASE_INITIATION_MILESTONE_20230215,CASE_INITIATION_TO_MILESTONE,90,90,90,1,,0,False,GENERAL_NOTICE,Yavatmal,,,District Collectorate & Administration Yavatmal,RFCTLARR_2013,Rural Infrastructure,False,False,,,,,,
CAS_CLEAN_268,SNP_CAS_CLEAN_268_CASE_INITIATION_MILESTONE_20230510,CASE_INITIATION_TO_MILESTONE,180,180,180,1,,0,False,GENERAL_NOTICE,Yavatmal,,,District Collectorate & Administration Yavatmal,RFCTLARR_2013,Rural Infrastructure,False,False,,,,,,
CAS_CLEAN_269,SNP_CAS_CLEAN_269_CASE_INITIATION_MILESTONE_20230510,CASE_INITIATION_TO_MILESTONE,180,180,180,1,,0,False,GENERAL_NOTICE,Yavatmal,,,District Collectorate & Administration Yavatmal,RFCTLARR_2013,Rural Infrastructure,False,False,,,,,,
CAS_CLEAN_270,SNP_CAS_CLEAN_270_CASE_INITIATION_MILESTONE_20230510,CASE_INITIATION_TO_MILESTONE,180,180,180,1,,0,False,GENERAL_NOTICE,Yavatmal,,,District Collectorate & Administration Yavatmal,RFCTLARR_2013,Irrigation / Canal,False,False,,,,,,
CAS_CLEAN_267,SNP_CAS_CLEAN_267_CASE_INITIATION_MILESTONE_20230516,CASE_INITIATION_TO_MILESTONE,180,180,180,1,,0,False,GENERAL_NOTICE,Yavatmal,,,District Collectorate & Administration Yavatmal,RFCTLARR_2013,Rural Infrastructure,False,False,,,,,,
CAS_CLEAN_268,SNP_CAS_CLEAN_268_CASE_INITIATION_MILESTONE_20230808,CASE_INITIATION_TO_MILESTONE,270,270,270,1,,0,False,GENERAL_NOTICE,Yavatmal,,,District Collectorate & Administration Yavatmal,RFCTLARR_2013,Rural Infrastructure,False,False,,,,,,
CAS_CLEAN_269,SNP_CAS_CLEAN_269_CASE_INITIATION_MILESTONE_20230808,CASE_INITIATION_TO_MILESTONE,270,270,270,1,,0,False,GENERAL_NOTICE,Yavatmal,,,District Collectorate & Administration Yavatmal,RFCTLARR_2013,Rural Infrastructure,False,False,,,,,,
CAS_CLEAN_270,SNP_CAS_CLEAN_270_CASE_INITIATION_MILESTONE_20230808,CASE_INITIATION_TO_MILESTONE,270,270,270,1,,0,False,GENERAL_NOTICE,Yavatmal,,,District Collectorate & Administration Yavatmal,RFCTLARR_2013,Irrigation / Canal,False,False,,,,,,
CAS_CLEAN_267,SNP_CAS_CLEAN_267_CASE_INITIATION_MILESTONE_20230814,CASE_INITIATION_TO_MILESTONE,270,270,270,1,,0,False,GENERAL_NOTICE,Yavatmal,,,District Collectorate & Administration Yavatmal,RFCTLARR_2013,Rural Infrastructure,False,False,,,,,,
CAS_CLEAN_268,SNP_CAS_CLEAN_268_CASE_INITIATION_MILESTONE_20231111,CASE_INITIATION_TO_MILESTONE,365,365,365,1,,0,False,GENERAL_NOTICE,Yavatmal,,,District Collectorate & Administration Yavatmal,RFCTLARR_2013,Rural Infrastructure,False,False,,,,,,
CAS_CLEAN_269,SNP_CAS_CLEAN_269_CASE_INITIATION_MILESTONE_20231111,CASE_INITIATION_TO_MILESTONE,365,365,365,1,,0,False,GENERAL_NOTICE,Yavatmal,,,District Collectorate & Administration Yavatmal,RFCTLARR_2013,Rural Infrastructure,False,False,,,,,,
CAS_CLEAN_270,SNP_CAS_CLEAN_270_CASE_INITIATION_MILESTONE_20231111,CASE_INITIATION_TO_MILESTONE,365,365,365,1,,0,False,GENERAL_NOTICE,Yavatmal,,,District Collectorate & Administration Yavatmal,RFCTLARR_2013,Irrigation / Canal,False,False,,,,,,
CAS_CLEAN_267,SNP_CAS_CLEAN_267_CASE_INITIATION_MILESTONE_20231117,CASE_INITIATION_TO_MILESTONE,365,365,365,1,,0,False,GENERAL_NOTICE,Yavatmal,,,District Collectorate & Administration Yavatmal,RFCTLARR_2013,Rural Infrastructure,False,False,,,,,,
CAS_CLEAN_087,SNP_CAS_CLEAN_087_CASE_INITIATION_MILESTONE_20240131,CASE_INITIATION_TO_MILESTONE,0,0,0,1,,0,False,GENERAL_NOTICE,Nagpur,Bhivapur,Mokhala,District Collectorate & Administration Nagpur,RFCTLARR_2013,Rural Infrastructure,False,False,,,,,,
CAS_CLEAN_002,SNP_CAS_CLEAN_002_CASE_INITIATION_MILESTONE_20240222,CASE_INITIATION_TO_MILESTONE,0,0,0,1,,0,False,DIRECT_PURCHASE,Nagpur,Bhivapur,Adyal,District Collectorate & Administration Nagpur,RFCTLARR_2013,Rural Infrastructure,True,False,,,,,,
CAS_CLEAN_029,SNP_CAS_CLEAN_029_CASE_INITIATION_MILESTONE_20240227,CASE_INITIATION_TO_MILESTONE,0,0,0,1,0.0,0,False,SECTION_11,Nagpur,Nagpur(City),,District Collectorate & Administration Nagpur,RFCTLARR_2013,Rural Infrastructure,False,False,,,,,,
CAS_CLEAN_021,SNP_CAS_CLEAN_021_CASE_INITIATION_MILESTONE_20240305,CASE_INITIATION_TO_MILESTONE,0,0,0,1,,0,False,GENERAL_NOTICE,Nagpur,,,District Collectorate & Administration Nagpur,RFCTLARR_2013,Rural Infrastructure,False,False,,,,,,
CAS_CLEAN_164,SNP_CAS_CLEAN_164_CASE_INITIATION_MILESTONE_20240313,CASE_INITIATION_TO_MILESTONE,0,0,0,1,,0,False,GENERAL_NOTICE,Nagpur,Hingna,Wanadongri,District Collectorate & Administration Nagpur,RFCTLARR_2013,Rural Infrastructure,False,False,,,,,,
CAS_CLEAN_165,SNP_CAS_CLEAN_165_CASE_INITIATION_MILESTONE_20240313,CASE_INITIATION_TO_MILESTONE,0,0,0,1,,0,False,GENERAL_NOTICE,Nagpur,Hingna,Wanadongri,District Collectorate & Administration Nagpur,RFCTLARR_2013,Rural Infrastructure,False,False,,,,,,
CAS_CLEAN_039,SNP_CAS_CLEAN_039_CASE_INITIATION_MILESTONE_20240314,CASE_INITIATION_TO_MILESTONE,0,0,0,1,0.0,0,False,SECTION_11,Nagpur,Kuhi,chapegadi(Rithi),District Collectorate & Administration Nagpur,RFCTLARR_2013,Rural Infrastructure,False,False,,,,,,
CAS_CLEAN_041,SNP_CAS_CLEAN_041_CASE_INITIATION_MILESTONE_20240314,CASE_INITIATION_TO_MILESTONE,0,0,0,1,0.0,0,False,SECTION_11,Nagpur,Kuhi,Chapeghat (Rithi),District Collectorate & Administration Nagpur,RFCTLARR_2013,Rural Infrastructure,False,False,,,,,,
CAS_CLEAN_136,SNP_CAS_CLEAN_136_CASE_INITIATION_MILESTONE_20240314,CASE_INITIATION_TO_MILESTONE,0,0,0,1,0.0,0,False,SECTION_11,Nagpur,Kuhi,Sawangi,District Collectorate & Administration Nagpur,RFCTLARR_2013,Rural Infrastructure,False,False,,,,,,
CAS_CLEAN_087,SNP_CAS_CLEAN_087_CASE_INITIATION_MILESTONE_20240430,CASE_INITIATION_TO_MILESTONE,90,90,90,1,,0,False,GENERAL_NOTICE,Nagpur,Bhivapur,Mokhala,District Collectorate & Administration Nagpur,RFCTLARR_2013,Rural Infrastructure,False,False,,,,,,
CAS_CLEAN_002,SNP_CAS_CLEAN_002_CASE_INITIATION_MILESTONE_20240522,CASE_INITIATION_TO_MILESTONE,90,90,90,1,,0,False,DIRECT_PURCHASE,Nagpur,Bhivapur,Adyal,District Collectorate & Administration Nagpur,RFCTLARR_2013,Rural Infrastructure,True,False,,,,,,
CAS_CLEAN_029,SNP_CAS_CLEAN_029_CASE_INITIATION_MILESTONE_20240527,CASE_INITIATION_TO_MILESTONE,90,90,90,1,0.2466,0,False,SECTION_11,Nagpur,Nagpur(City),,District Collectorate & Administration Nagpur,RFCTLARR_2013,Rural Infrastructure,False,False,,,,,,
CAS_CLEAN_021,SNP_CAS_CLEAN_021_CASE_INITIATION_MILESTONE_20240603,CASE_INITIATION_TO_MILESTONE,90,90,90,1,,0,False,GENERAL_NOTICE,Nagpur,,,District Collectorate & Administration Nagpur,RFCTLARR_2013,Rural Infrastructure,False,False,,,,,,
CAS_CLEAN_164,SNP_CAS_CLEAN_164_CASE_INITIATION_MILESTONE_20240611,CASE_INITIATION_TO_MILESTONE,90,90,90,1,,0,False,GENERAL_NOTICE,Nagpur,Hingna,Wanadongri,District Collectorate & Administration Nagpur,RFCTLARR_2013,Rural Infrastructure,False,False,,,,,,
CAS_CLEAN_165,SNP_CAS_CLEAN_165_CASE_INITIATION_MILESTONE_20240611,CASE_INITIATION_TO_MILESTONE,90,90,90,1,,0,False,GENERAL_NOTICE,Nagpur,Hingna,Wanadongri,District Collectorate & Administration Nagpur,RFCTLARR_2013,Rural Infrastructure,False,False,,,,,,
CAS_CLEAN_039,SNP_CAS_CLEAN_039_CASE_INITIATION_MILESTONE_20240612,CASE_INITIATION_TO_MILESTONE,90,90,90,1,0.2466,0,False,SECTION_11,Nagpur,Kuhi,chapegadi(Rithi),District Collectorate & Administration Nagpur,RFCTLARR_2013,Rural Infrastructure,False,False,,,,,,
CAS_CLEAN_041,SNP_CAS_CLEAN_041_CASE_INITIATION_MILESTONE_20240612,CASE_INITIATION_TO_MILESTONE,90,90,90,1,0.2466,0,False,SECTION_11,Nagpur,Kuhi,Chapeghat (Rithi),District Collectorate & Administration Nagpur,RFCTLARR_2013,Rural Infrastructure,False,False,,,,,,
CAS_CLEAN_136,SNP_CAS_CLEAN_136_CASE_INITIATION_MILESTONE_20240612,CASE_INITIATION_TO_MILESTONE,90,90,90,1,0.2466,0,False,SECTION_11,Nagpur,Kuhi,Sawangi,District Collectorate & Administration Nagpur,RFCTLARR_2013,Rural Infrastructure,False,False,,,,,,
CAS_CLEAN_126,SNP_CAS_CLEAN_126_CASE_INITIATION_MILESTONE_20240625,CASE_INITIATION_TO_MILESTONE,0,0,0,1,,0,False,DIRECT_PURCHASE,Nagpur,Kuhi,Ruyad,District Collectorate & Administration Nagpur,RFCTLARR_2013,Rural Infrastructure,True,False,,,,,,
CAS_CLEAN_127,SNP_CAS_CLEAN_127_CASE_INITIATION_MILESTONE_20240625,CASE_INITIATION_TO_MILESTONE,0,0,0,1,,0,False,DIRECT_PURCHASE,Nagpur,Kuhi,Ruyad,District Collectorate & Administration Nagpur,RFCTLARR_2013,Rural Infrastructure,True,False,,,,,,
CAS_CLEAN_020,SNP_CAS_CLEAN_020_CASE_INITIATION_MILESTONE_20240710,CASE_INITIATION_TO_MILESTONE,0,0,0,1,,0,False,GENERAL_NOTICE,Nagpur,,,District Collectorate & Administration Nagpur,RFCTLARR_2013,Rural Infrastructure,False,False,,,,,,
CAS_CLEAN_032,SNP_CAS_CLEAN_032_CASE_INITIATION_MILESTONE_20240729,CASE_INITIATION_TO_MILESTONE,0,0,0,1,,0,False,GENERAL_NOTICE,Nagpur,,,District Collectorate & Administration Nagpur,RFCTLARR_2013,Rural Infrastructure,False,False,,,,,,
CAS_CLEAN_087,SNP_CAS_CLEAN_087_CASE_INITIATION_MILESTONE_20240729,CASE_INITIATION_TO_MILESTONE,180,180,180,1,,0,False,GENERAL_NOTICE,Nagpur,Bhivapur,Mokhala,District Collectorate & Administration Nagpur,RFCTLARR_2013,Rural Infrastructure,False,False,,,,,,
CAS_CLEAN_094,SNP_CAS_CLEAN_094_CASE_INITIATION_MILESTONE_20240806,CASE_INITIATION_TO_MILESTONE,0,0,0,1,,0,False,GENERAL_NOTICE,Nagpur,Nagpur City,Nagpur,District Collectorate & Administration Nagpur,RFCTLARR_2013,Rural Infrastructure,False,False,,,,,,
CAS_CLEAN_140,SNP_CAS_CLEAN_140_CASE_INITIATION_MILESTONE_20240808,CASE_INITIATION_TO_MILESTONE,0,0,0,1,0.0,0,False,SECTION_11,Nagpur,Nagpur (City),Shivangaon,District Collectorate & Administration Nagpur,RFCTLARR_2013,Rural Infrastructure,False,False,,,,,,
CAS_CLEAN_061,SNP_CAS_CLEAN_061_CASE_INITIATION_MILESTONE_20240814,CASE_INITIATION_TO_MILESTONE,0,0,0,1,,0,False,DIRECT_PURCHASE,Nagpur,Kuhi,Gorha,District Collectorate & Administration Nagpur,RFCTLARR_2013,Rural Infrastructure,True,False,,,,,,
CAS_CLEAN_002,SNP_CAS_CLEAN_002_CASE_INITIATION_MILESTONE_20240820,CASE_INITIATION_TO_MILESTONE,180,180,180,1,,0,False,DIRECT_PURCHASE,Nagpur,Bhivapur,Adyal,District Collectorate & Administration Nagpur,RFCTLARR_2013,Rural Infrastructure,True,False,,,,,,
CAS_CLEAN_099,SNP_CAS_CLEAN_099_CASE_INITIATION_MILESTONE_20240822,CASE_INITIATION_TO_MILESTONE,0,0,0,1,,0,False,GENERAL_NOTICE,Nagpur,Nagpur,Nagpur,District Collectorate & Administration Nagpur,RFCTLARR_2013,Rural Infrastructure,False,False,,,,,,
CAS_CLEAN_128,SNP_CAS_CLEAN_128_CASE_INITIATION_MILESTONE_20240822,CASE_INITIATION_TO_MILESTONE,0,0,0,1,,0,False,DIRECT_PURCHASE,Nagpur,Kuhi,Ruyad,District Collectorate & Administration Nagpur,RFCTLARR_2013,Rural Infrastructure,True,False,,,,,,
CAS_CLEAN_029,SNP_CAS_CLEAN_029_CASE_INITIATION_MILESTONE_20240825,CASE_INITIATION_TO_MILESTONE,180,180,180,1,0.4932,0,False,SECTION_11,Nagpur,Nagpur(City),,District Collectorate & Administration Nagpur,RFCTLARR_2013,Rural Infrastructure,False,False,,,,,,
CAS_CLEAN_021,SNP_CAS_CLEAN_021_CASE_INITIATION_MILESTONE_20240901,CASE_INITIATION_TO_MILESTONE,180,180,180,1,,0,False,GENERAL_NOTICE,Nagpur,,,District Collectorate & Administration Nagpur,RFCTLARR_2013,Rural Infrastructure,False,False,,,,,,
CAS_CLEAN_164,SNP_CAS_CLEAN_164_CASE_INITIATION_MILESTONE_20240909,CASE_INITIATION_TO_MILESTONE,180,180,180,1,,0,False,GENERAL_NOTICE,Nagpur,Hingna,Wanadongri,District Collectorate & Administration Nagpur,RFCTLARR_2013,Rural Infrastructure,False,False,,,,,,
CAS_CLEAN_165,SNP_CAS_CLEAN_165_CASE_INITIATION_MILESTONE_20240909,CASE_INITIATION_TO_MILESTONE,180,180,180,1,,0,False,GENERAL_NOTICE,Nagpur,Hingna,Wanadongri,District Collectorate & Administration Nagpur,RFCTLARR_2013,Rural Infrastructure,False,False,,,,,,
CAS_CLEAN_039,SNP_CAS_CLEAN_039_CASE_INITIATION_MILESTONE_20240910,CASE_INITIATION_TO_MILESTONE,180,180,180,1,0.4932,0,False,SECTION_11,Nagpur,Kuhi,chapegadi(Rithi),District Collectorate & Administration Nagpur,RFCTLARR_2013,Rural Infrastructure,False,False,,,,,,
CAS_CLEAN_041,SNP_CAS_CLEAN_041_CASE_INITIATION_MILESTONE_20240910,CASE_INITIATION_TO_MILESTONE,180,180,180,1,0.4932,0,False,SECTION_11,Nagpur,Kuhi,Chapeghat (Rithi),District Collectorate & Administration Nagpur,RFCTLARR_2013,Rural Infrastructure,False,False,,,,,,
CAS_CLEAN_136,SNP_CAS_CLEAN_136_CASE_INITIATION_MILESTONE_20240910,CASE_INITIATION_TO_MILESTONE,180,180,180,1,0.4932,0,False,SECTION_11,Nagpur,Kuhi,Sawangi,District Collectorate & Administration Nagpur,RFCTLARR_2013,Rural Infrastructure,False,False,,,,,,
CAS_CLEAN_126,SNP_CAS_CLEAN_126_CASE_INITIATION_MILESTONE_20240923,CASE_INITIATION_TO_MILESTONE,90,90,90,1,,0,False,DIRECT_PURCHASE,Nagpur,Kuhi,Ruyad,District Collectorate & Administration Nagpur,RFCTLARR_2013,Rural Infrastructure,True,False,,,,,,
CAS_CLEAN_127,SNP_CAS_CLEAN_127_CASE_INITIATION_MILESTONE_20240923,CASE_INITIATION_TO_MILESTONE,90,90,90,1,,0,False,DIRECT_PURCHASE,Nagpur,Kuhi,Ruyad,District Collectorate & Administration Nagpur,RFCTLARR_2013,Rural Infrastructure,True,False,,,,,,
CAS_CLEAN_096,SNP_CAS_CLEAN_096_CASE_INITIATION_MILESTONE_20241001,CASE_INITIATION_TO_MILESTONE,0,0,0,1,,0,False,SECTION_21,Nagpur,Nagpur City,Nagpur,District Collectorate & Administration Nagpur,RFCTLARR_2013,Rural Infrastructure,False,False,,,,,,
CAS_CLEAN_020,SNP_CAS_CLEAN_020_CASE_INITIATION_MILESTONE_20241008,CASE_INITIATION_TO_MILESTONE,90,90,90,1,,0,False,GENERAL_NOTICE,Nagpur,,,District Collectorate & Administration Nagpur,RFCTLARR_2013,Rural Infrastructure,False,False,,,,,,
CAS_CLEAN_071,SNP_CAS_CLEAN_071_CASE_INITIATION_MILESTONE_20241011,CASE_INITIATION_TO_MILESTONE,0,0,,0,,1,True,INITIATION,Nagpur,Saoner,Khariy Dhalgaon,District Collectorate & Administration Nagpur,RFCTLARR_2013,Rural Infrastructure,False,False,,,,,,
CAS_CLEAN_032,SNP_CAS_CLEAN_032_CASE_INITIATION_MILESTONE_20241027,CASE_INITIATION_TO_MILESTONE,90,90,90,1,,0,False,GENERAL_NOTICE,Nagpur,,,District Collectorate & Administration Nagpur,RFCTLARR_2013,Rural Infrastructure,False,False,,,,,,
CAS_CLEAN_087,SNP_CAS_CLEAN_087_CASE_INITIATION_MILESTONE_20241027,CASE_INITIATION_TO_MILESTONE,270,270,270,1,,0,False,GENERAL_NOTICE,Nagpur,Bhivapur,Mokhala,District Collectorate & Administration Nagpur,RFCTLARR_2013,Rural Infrastructure,False,False,,,,,,
CAS_CLEAN_094,SNP_CAS_CLEAN_094_CASE_INITIATION_MILESTONE_20241104,CASE_INITIATION_TO_MILESTONE,90,90,90,1,,0,False,GENERAL_NOTICE,Nagpur,Nagpur City,Nagpur,District Collectorate & Administration Nagpur,RFCTLARR_2013,Rural Infrastructure,False,False,,,,,,
CAS_CLEAN_140,SNP_CAS_CLEAN_140_CASE_INITIATION_MILESTONE_20241106,CASE_INITIATION_TO_MILESTONE,90,90,90,1,0.2466,0,False,SECTION_11,Nagpur,Nagpur (City),Shivangaon,District Collectorate & Administration Nagpur,RFCTLARR_2013,Rural Infrastructure,False,False,,,,,,
CAS_CLEAN_268,SNP_CAS_CLEAN_268_CASE_INITIATION_MILESTONE_20241110,CASE_INITIATION_TO_MILESTONE,730,730,730,1,,0,False,GENERAL_NOTICE,Yavatmal,,,District Collectorate & Administration Yavatmal,RFCTLARR_2013,Rural Infrastructure,False,False,,,,,,
CAS_CLEAN_269,SNP_CAS_CLEAN_269_CASE_INITIATION_MILESTONE_20241110,CASE_INITIATION_TO_MILESTONE,730,730,730,1,,0,False,GENERAL_NOTICE,Yavatmal,,,District Collectorate & Administration Yavatmal,RFCTLARR_2013,Rural Infrastructure,False,False,,,,,,
CAS_CLEAN_270,SNP_CAS_CLEAN_270_CASE_INITIATION_MILESTONE_20241110,CASE_INITIATION_TO_MILESTONE,730,730,730,1,,0,False,GENERAL_NOTICE,Yavatmal,,,District Collectorate & Administration Yavatmal,RFCTLARR_2013,Irrigation / Canal,False,False,,,,,,
CAS_CLEAN_061,SNP_CAS_CLEAN_061_CASE_INITIATION_MILESTONE_20241112,CASE_INITIATION_TO_MILESTONE,90,90,90,1,,0,False,DIRECT_PURCHASE,Nagpur,Kuhi,Gorha,District Collectorate & Administration Nagpur,RFCTLARR_2013,Rural Infrastructure,True,False,,,,,,
CAS_CLEAN_267,SNP_CAS_CLEAN_267_CASE_INITIATION_MILESTONE_20241116,CASE_INITIATION_TO_MILESTONE,730,730,730,1,,0,False,GENERAL_NOTICE,Yavatmal,,,District Collectorate & Administration Yavatmal,RFCTLARR_2013,Rural Infrastructure,False,False,,,,,,
CAS_CLEAN_002,SNP_CAS_CLEAN_002_CASE_INITIATION_MILESTONE_20241118,CASE_INITIATION_TO_MILESTONE,270,270,270,1,,0,False,DIRECT_PURCHASE,Nagpur,Bhivapur,Adyal,District Collectorate & Administration Nagpur,RFCTLARR_2013,Rural Infrastructure,True,False,,,,,,
CAS_CLEAN_099,SNP_CAS_CLEAN_099_CASE_INITIATION_MILESTONE_20241120,CASE_INITIATION_TO_MILESTONE,90,90,90,1,,0,False,GENERAL_NOTICE,Nagpur,Nagpur,Nagpur,District Collectorate & Administration Nagpur,RFCTLARR_2013,Rural Infrastructure,False,False,,,,,,
CAS_CLEAN_128,SNP_CAS_CLEAN_128_CASE_INITIATION_MILESTONE_20241120,CASE_INITIATION_TO_MILESTONE,90,90,90,1,,0,False,DIRECT_PURCHASE,Nagpur,Kuhi,Ruyad,District Collectorate & Administration Nagpur,RFCTLARR_2013,Rural Infrastructure,True,False,,,,,,
CAS_CLEAN_029,SNP_CAS_CLEAN_029_CASE_INITIATION_MILESTONE_20241123,CASE_INITIATION_TO_MILESTONE,270,270,270,1,0.7397,0,False,SECTION_11,Nagpur,Nagpur(City),,District Collectorate & Administration Nagpur,RFCTLARR_2013,Rural Infrastructure,False,False,,,,,,
CAS_CLEAN_021,SNP_CAS_CLEAN_021_CASE_INITIATION_MILESTONE_20241130,CASE_INITIATION_TO_MILESTONE,270,270,270,1,,0,False,GENERAL_NOTICE,Nagpur,,,District Collectorate & Administration Nagpur,RFCTLARR_2013,Rural Infrastructure,False,False,,,,,,
CAS_CLEAN_148,SNP_CAS_CLEAN_148_CASE_INITIATION_MILESTONE_20241202,CASE_INITIATION_TO_MILESTONE,0,0,0,1,,0,False,GENERAL_NOTICE,Nagpur,Bhivapur,Thutanbori,District Collectorate & Administration Nagpur,RFCTLARR_2013,Rural Infrastructure,False,False,,,,,,
CAS_CLEAN_164,SNP_CAS_CLEAN_164_CASE_INITIATION_MILESTONE_20241208,CASE_INITIATION_TO_MILESTONE,270,270,270,1,,0,False,GENERAL_NOTICE,Nagpur,Hingna,Wanadongri,District Collectorate & Administration Nagpur,RFCTLARR_2013,Rural Infrastructure,False,False,,,,,,
CAS_CLEAN_165,SNP_CAS_CLEAN_165_CASE_INITIATION_MILESTONE_20241208,CASE_INITIATION_TO_MILESTONE,270,270,270,1,,0,False,GENERAL_NOTICE,Nagpur,Hingna,Wanadongri,District Collectorate & Administration Nagpur,RFCTLARR_2013,Rural Infrastructure,False,False,,,,,,
CAS_CLEAN_039,SNP_CAS_CLEAN_039_CASE_INITIATION_MILESTONE_20241209,CASE_INITIATION_TO_MILESTONE,270,270,270,1,0.7397,0,False,SECTION_11,Nagpur,Kuhi,chapegadi(Rithi),District Collectorate & Administration Nagpur,RFCTLARR_2013,Rural Infrastructure,False,False,,,,,,
CAS_CLEAN_041,SNP_CAS_CLEAN_041_CASE_INITIATION_MILESTONE_20241209,CASE_INITIATION_TO_MILESTONE,270,270,270,1,0.7397,0,False,SECTION_11,Nagpur,Kuhi,Chapeghat (Rithi),District Collectorate & Administration Nagpur,RFCTLARR_2013,Rural Infrastructure,False,False,,,,,,
CAS_CLEAN_136,SNP_CAS_CLEAN_136_CASE_INITIATION_MILESTONE_20241209,CASE_INITIATION_TO_MILESTONE,270,270,270,1,0.7397,0,False,SECTION_11,Nagpur,Kuhi,Sawangi,District Collectorate & Administration Nagpur,RFCTLARR_2013,Rural Infrastructure,False,False,,,,,,
CAS_CLEAN_005,SNP_CAS_CLEAN_005_CASE_INITIATION_MILESTONE_20241210,CASE_INITIATION_TO_MILESTONE,0,0,0,1,,0,False,DIRECT_PURCHASE,Nagpur,Kuhi,Awarmara,District Collectorate & Administration Nagpur,RFCTLARR_2013,Rural Infrastructure,True,False,,,,,,
CAS_CLEAN_079,SNP_CAS_CLEAN_079_CASE_INITIATION_MILESTONE_20241210,CASE_INITIATION_TO_MILESTONE,0,0,0,1,,0,False,DIRECT_PURCHASE,Nagpur,Kuhi,Kujba,District Collectorate & Administration Nagpur,RFCTLARR_2013,Rural Infrastructure,True,False,,,,,,
CAS_CLEAN_145,SNP_CAS_CLEAN_145_CASE_INITIATION_MILESTONE_20241210,CASE_INITIATION_TO_MILESTONE,0,0,0,1,,0,False,DIRECT_PURCHASE,Nagpur,Kuhi,Takli,District Collectorate & Administration Nagpur,RFCTLARR_2013,Rural Infrastructure,True,False,,,,,,
CAS_CLEAN_091,SNP_CAS_CLEAN_091_CASE_INITIATION_MILESTONE_20241212,CASE_INITIATION_TO_MILESTONE,0,0,0,1,,0,False,GENERAL_NOTICE,Nagpur,,Nagpur City,District Collectorate & Administration Nagpur,RFCTLARR_2013,Rural Infrastructure,False,False,,,,,,
CAS_CLEAN_126,SNP_CAS_CLEAN_126_CASE_INITIATION_MILESTONE_20241222,CASE_INITIATION_TO_MILESTONE,180,180,180,1,,0,False,DIRECT_PURCHASE,Nagpur,Kuhi,Ruyad,District Collectorate & Administration Nagpur,RFCTLARR_2013,Rural Infrastructure,True,False,,,,,,
CAS_CLEAN_127,SNP_CAS_CLEAN_127_CASE_INITIATION_MILESTONE_20241222,CASE_INITIATION_TO_MILESTONE,180,180,180,1,,0,False,DIRECT_PURCHASE,Nagpur,Kuhi,Ruyad,District Collectorate & Administration Nagpur,RFCTLARR_2013,Rural Infrastructure,True,False,,,,,,
CAS_CLEAN_228,SNP_CAS_CLEAN_228_CASE_INITIATION_MILESTONE_20241223,CASE_INITIATION_TO_MILESTONE,0,0,0,1,,0,False,GENERAL_NOTICE,Pune,,,District Collectorate & Administration Pune,RFCTLARR_2013,Rural Infrastructure,False,False,,,,,,
CAS_CLEAN_229,SNP_CAS_CLEAN_229_CASE_INITIATION_MILESTONE_20241223,CASE_INITIATION_TO_MILESTONE,0,0,0,1,,0,False,GENERAL_NOTICE,Pune,,,District Collectorate & Administration Pune,RFCTLARR_2013,Rural Infrastructure,False,False,,,,,,
CAS_CLEAN_230,SNP_CAS_CLEAN_230_CASE_INITIATION_MILESTONE_20241223,CASE_INITIATION_TO_MILESTONE,0,0,0,1,,0,False,GENERAL_NOTICE,Pune,,,District Collectorate & Administration Pune,RFCTLARR_2013,Rural Infrastructure,False,False,,,,,,
CAS_CLEAN_231,SNP_CAS_CLEAN_231_CASE_INITIATION_MILESTONE_20241223,CASE_INITIATION_TO_MILESTONE,0,0,0,1,,0,False,GENERAL_NOTICE,Pune,,,District Collectorate & Administration Pune,RFCTLARR_2013,Rural Infrastructure,False,False,,,,,,
CAS_CLEAN_232,SNP_CAS_CLEAN_232_CASE_INITIATION_MILESTONE_20241223,CASE_INITIATION_TO_MILESTONE,0,0,0,1,,0,False,GENERAL_NOTICE,Pune,,Hadapsar,District Collectorate & Administration Pune,RFCTLARR_2013,Rural Infrastructure,False,False,,,,,,
CAS_CLEAN_242,SNP_CAS_CLEAN_242_CASE_INITIATION_MILESTONE_20241223,CASE_INITIATION_TO_MILESTONE,0,0,0,1,,0,False,GENERAL_NOTICE,Pune,,Kothrud,District Collectorate & Administration Pune,RFCTLARR_2013,Rural Infrastructure,False,False,,,,,,
CAS_CLEAN_001,SNP_CAS_CLEAN_001_CASE_INITIATION_MILESTONE_20241227,CASE_INITIATION_TO_MILESTONE,0,0,0,1,,0,False,DIRECT_PURCHASE,Nagpur,Kuhi,Aamti,District Collectorate & Administration Nagpur,RFCTLARR_2013,Rural Infrastructure,True,False,,,,,,
CAS_CLEAN_227,SNP_CAS_CLEAN_227_CASE_INITIATION_MILESTONE_20241227,CASE_INITIATION_TO_MILESTONE,0,0,0,1,,0,False,GENERAL_NOTICE,Pune,,,District Collectorate & Administration Pune,RFCTLARR_2013,Rural Infrastructure,False,False,,,,,,
CAS_CLEAN_240,SNP_CAS_CLEAN_240_CASE_INITIATION_MILESTONE_20241227,CASE_INITIATION_TO_MILESTONE,0,0,0,1,,0,False,GENERAL_NOTICE,Pune,,Khed,District Collectorate & Administration Pune,RFCTLARR_2013,Rural Infrastructure,False,False,,,,,,
CAS_CLEAN_096,SNP_CAS_CLEAN_096_CASE_INITIATION_MILESTONE_20241230,CASE_INITIATION_TO_MILESTONE,90,90,90,1,,0,False,SECTION_21,Nagpur,Nagpur City,Nagpur,District Collectorate & Administration Nagpur,RFCTLARR_2013,Rural Infrastructure,False,False,,,,,,
CAS_CLEAN_095,SNP_CAS_CLEAN_095_CASE_INITIATION_MILESTONE_20250101,CASE_INITIATION_TO_MILESTONE,0,0,0,1,,0,False,GENERAL_NOTICE,Nagpur,kmEtf,Nagpur (City),District Collectorate & Administration Nagpur,RFCTLARR_2013,Rural Infrastructure,False,False,,,,,,
CAS_CLEAN_214,SNP_CAS_CLEAN_214_CASE_INITIATION_MILESTONE_20250101,CASE_INITIATION_TO_MILESTONE,0,0,0,1,,0,False,GENERAL_NOTICE,Pune,,,District Collectorate & Administration Pune,RFCTLARR_2013,Rural Infrastructure,False,False,,,,,,
CAS_CLEAN_223,SNP_CAS_CLEAN_223_CASE_INITIATION_MILESTONE_20250101,CASE_INITIATION_TO_MILESTONE,0,0,0,1,,0,False,GENERAL_NOTICE,Pune,,,District Collectorate & Administration Pune,RFCTLARR_2013,Rural Infrastructure,False,False,,,,,,
CAS_CLEAN_224,SNP_CAS_CLEAN_224_CASE_INITIATION_MILESTONE_20250101,CASE_INITIATION_TO_MILESTONE,0,0,0,1,,0,False,GENERAL_NOTICE,Pune,,,District Collectorate & Administration Pune,RFCTLARR_2013,Rural Infrastructure,False,False,,,,,,
CAS_CLEAN_225,SNP_CAS_CLEAN_225_CASE_INITIATION_MILESTONE_20250101,CASE_INITIATION_TO_MILESTONE,0,0,0,1,,0,False,GENERAL_NOTICE,Pune,,,District Collectorate & Administration Pune,RFCTLARR_2013,Rural Infrastructure,False,False,,,,,,
CAS_CLEAN_185,SNP_CAS_CLEAN_185_CASE_INITIATION_MILESTONE_20250103,CASE_INITIATION_TO_MILESTONE,0,0,0,1,,0,False,GENERAL_NOTICE,Pune,,,District Collectorate & Administration Pune,RFCTLARR_2013,Rural Infrastructure,False,False,,,,,,
CAS_CLEAN_020,SNP_CAS_CLEAN_020_CASE_INITIATION_MILESTONE_20250106,CASE_INITIATION_TO_MILESTONE,180,180,180,1,,0,False,GENERAL_NOTICE,Nagpur,,,District Collectorate & Administration Nagpur,RFCTLARR_2013,Rural Infrastructure,False,False,,,,,,
CAS_CLEAN_071,SNP_CAS_CLEAN_071_CASE_INITIATION_MILESTONE_20250109,CASE_INITIATION_TO_MILESTONE,90,0,,0,,1,True,INITIATION,Nagpur,Saoner,Khariy Dhalgaon,District Collectorate & Administration Nagpur,RFCTLARR_2013,Rural Infrastructure,False,False,,,,,,
CAS_CLEAN_009,SNP_CAS_CLEAN_009_CASE_INITIATION_MILESTONE_20250114,CASE_INITIATION_TO_MILESTONE,0,0,0,1,0.0,0,False,SECTION_11,Nagpur,Narkhed,Belona,District Collectorate & Administration Nagpur,RFCTLARR_2013,Rural Infrastructure,False,False,,,,,,
CAS_CLEAN_064,SNP_CAS_CLEAN_064_CASE_INITIATION_MILESTONE_20250114,CASE_INITIATION_TO_MILESTONE,0,0,0,1,0.0,0,False,SECTION_11,Nagpur,Kuhi,Hardoli,District Collectorate & Administration Nagpur,RFCTLARR_2013,Rural Infrastructure,False,False,,,,,,
CAS_CLEAN_120,SNP_CAS_CLEAN_120_CASE_INITIATION_MILESTONE_20250114,CASE_INITIATION_TO_MILESTONE,0,0,0,1,0.0,0,False,SECTION_11,Nagpur,Kuhi,Rajola,District Collectorate & Administration Nagpur,RFCTLARR_2013,Rural Infrastructure,False,False,,,,,,
CAS_CLEAN_005,SNP_CAS_CLEAN_005_CASE_INITIATION_MILESTONE_20250115,CASE_INITIATION_TO_MILESTONE,36,0,0,2,,0,False,DIRECT_PURCHASE,Nagpur,Kuhi,Awarmara,District Collectorate & Administration Nagpur,RFCTLARR_2013,Rural Infrastructure,True,False,,,,,,
CAS_CLEAN_079,SNP_CAS_CLEAN_079_CASE_INITIATION_MILESTONE_20250115,CASE_INITIATION_TO_MILESTONE,36,0,0,2,,0,False,DIRECT_PURCHASE,Nagpur,Kuhi,Kujba,District Collectorate & Administration Nagpur,RFCTLARR_2013,Rural Infrastructure,True,False,,,,,,
CAS_CLEAN_145,SNP_CAS_CLEAN_145_CASE_INITIATION_MILESTONE_20250115,CASE_INITIATION_TO_MILESTONE,36,0,0,2,,0,False,DIRECT_PURCHASE,Nagpur,Kuhi,Takli,District Collectorate & Administration Nagpur,RFCTLARR_2013,Rural Infrastructure,True,False,,,,,,
CAS_CLEAN_149,SNP_CAS_CLEAN_149_CASE_INITIATION_MILESTONE_20250115,CASE_INITIATION_TO_MILESTONE,0,0,0,1,,0,False,DIRECT_PURCHASE,Nagpur,Bhiwapur,Thutanbori,District Collectorate & Administration Nagpur,RFCTLARR_2013,Rural Infrastructure,True,False,,,,,,
CAS_CLEAN_156,SNP_CAS_CLEAN_156_CASE_INITIATION_MILESTONE_20250115,CASE_INITIATION_TO_MILESTONE,0,0,0,1,,0,False,DIRECT_PURCHASE,Nagpur,Kuhi,Veltur,District Collectorate & Administration Nagpur,RFCTLARR_2013,Rural Infrastructure,True,False,,,,,,
CAS_CLEAN_054,SNP_CAS_CLEAN_054_CASE_INITIATION_MILESTONE_20250122,CASE_INITIATION_TO_MILESTONE,0,0,0,1,0.0,0,False,SECTION_11,Nagpur,,,District Collectorate & Administration Nagpur,RFCTLARR_2013,Rural Infrastructure,False,False,,,,,,
CAS_CLEAN_057,SNP_CAS_CLEAN_057_CASE_INITIATION_MILESTONE_20250123,CASE_INITIATION_TO_MILESTONE,0,0,0,1,,0,False,DIRECT_PURCHASE,Nagpur,Bhiwapur,Gondbori,District Collectorate & Administration Nagpur,RFCTLARR_2013,Rural Infrastructure,True,False,,,,,,
CAS_CLEAN_112,SNP_CAS_CLEAN_112_CASE_INITIATION_MILESTONE_20250123,CASE_INITIATION_TO_MILESTONE,0,0,0,1,,0,False,DIRECT_PURCHASE,Nagpur,Bhiwapur,Piparda (Rithi),District Collectorate & Administration Nagpur,RFCTLARR_2013,Rural Infrastructure,True,False,,,,,,
CAS_CLEAN_032,SNP_CAS_CLEAN_032_CASE_INITIATION_MILESTONE_20250125,CASE_INITIATION_TO_MILESTONE,180,180,180,1,,0,False,GENERAL_NOTICE,Nagpur,,,District Collectorate & Administration Nagpur,RFCTLARR_2013,Rural Infrastructure,False,False,,,,,,
CAS_CLEAN_222,SNP_CAS_CLEAN_222_CASE_INITIATION_MILESTONE_20250128,CASE_INITIATION_TO_MILESTONE,0,0,0,1,,0,False,GENERAL_NOTICE,Pune,,,District Collectorate & Administration Pune,RFCTLARR_2013,Rural Infrastructure,False,False,,,,,,
CAS_CLEAN_087,SNP_CAS_CLEAN_087_CASE_INITIATION_MILESTONE_20250130,CASE_INITIATION_TO_MILESTONE,365,365,365,1,,0,False,GENERAL_NOTICE,Nagpur,Bhivapur,Mokhala,District Collectorate & Administration Nagpur,RFCTLARR_2013,Rural Infrastructure,False,False,,,,,,
CAS_CLEAN_094,SNP_CAS_CLEAN_094_CASE_INITIATION_MILESTONE_20250202,CASE_INITIATION_TO_MILESTONE,180,180,180,1,,0,False,GENERAL_NOTICE,Nagpur,Nagpur City,Nagpur,District Collectorate & Administration Nagpur,RFCTLARR_2013,Rural Infrastructure,False,False,,,,,,
CAS_CLEAN_140,SNP_CAS_CLEAN_140_CASE_INITIATION_MILESTONE_20250204,CASE_INITIATION_TO_MILESTONE,180,180,180,1,0.4932,0,False,SECTION_11,Nagpur,Nagpur (City),Shivangaon,District Collectorate & Administration Nagpur,RFCTLARR_2013,Rural Infrastructure,False,False,,,,,,
CAS_CLEAN_095,SNP_CAS_CLEAN_095_CASE_INITIATION_MILESTONE_20250207,CASE_INITIATION_TO_MILESTONE,37,0,0,2,,0,False,SECTION_21,Nagpur,kmEtf,Nagpur (City),District Collectorate & Administration Nagpur,RFCTLARR_2013,Rural Infrastructure,False,False,,,,,,
CAS_CLEAN_061,SNP_CAS_CLEAN_061_CASE_INITIATION_MILESTONE_20250210,CASE_INITIATION_TO_MILESTONE,180,180,180,1,,0,False,DIRECT_PURCHASE,Nagpur,Kuhi,Gorha,District Collectorate & Administration Nagpur,RFCTLARR_2013,Rural Infrastructure,True,False,,,,,,
CAS_CLEAN_216,SNP_CAS_CLEAN_216_CASE_INITIATION_MILESTONE_20250213,CASE_INITIATION_TO_MILESTONE,0,0,0,1,,0,False,GENERAL_NOTICE,Pune,,,District Collectorate & Administration Pune,RFCTLARR_2013,Rural Infrastructure,False,False,,,,,,
CAS_CLEAN_218,SNP_CAS_CLEAN_218_CASE_INITIATION_MILESTONE_20250213,CASE_INITIATION_TO_MILESTONE,0,0,0,1,,0,False,GENERAL_NOTICE,Pune,,,District Collectorate & Administration Pune,RFCTLARR_2013,Rural Infrastructure,False,False,,,,,,
CAS_CLEAN_219,SNP_CAS_CLEAN_219_CASE_INITIATION_MILESTONE_20250213,CASE_INITIATION_TO_MILESTONE,0,0,0,1,,0,False,GENERAL_NOTICE,Pune,,,District Collectorate & Administration Pune,RFCTLARR_2013,Rural Infrastructure,False,False,,,,,,
CAS_CLEAN_221,SNP_CAS_CLEAN_221_CASE_INITIATION_MILESTONE_20250213,CASE_INITIATION_TO_MILESTONE,0,0,0,1,,0,False,GENERAL_NOTICE,Pune,,,District Collectorate & Administration Pune,RFCTLARR_2013,Rural Infrastructure,False,False,,,,,,
CAS_CLEAN_016,SNP_CAS_CLEAN_016_CASE_INITIATION_MILESTONE_20250214,CASE_INITIATION_TO_MILESTONE,0,0,0,1,,0,False,DIRECT_PURCHASE,Nagpur,Bhiwapur,Bhiwapur,District Collectorate & Administration Nagpur,RFCTLARR_2013,Rural Infrastructure,True,False,,,,,,
CAS_CLEAN_070,SNP_CAS_CLEAN_070_CASE_INITIATION_MILESTONE_20250214,CASE_INITIATION_TO_MILESTONE,0,0,,0,,1,True,INITIATION,Nagpur,Saoner,Khariy Dhalgaon,District Collectorate & Administration Nagpur,RFCTLARR_2013,Highway / Road Widening,False,False,,,,,,
CAS_CLEAN_099,SNP_CAS_CLEAN_099_CASE_INITIATION_MILESTONE_20250218,CASE_INITIATION_TO_MILESTONE,180,180,180,1,,0,False,GENERAL_NOTICE,Nagpur,Nagpur,Nagpur,District Collectorate & Administration Nagpur,RFCTLARR_2013,Rural Infrastructure,False,False,,,,,,
CAS_CLEAN_128,SNP_CAS_CLEAN_128_CASE_INITIATION_MILESTONE_20250218,CASE_INITIATION_TO_MILESTONE,180,180,180,1,,0,False,DIRECT_PURCHASE,Nagpur,Kuhi,Ruyad,District Collectorate & Administration Nagpur,RFCTLARR_2013,Rural Infrastructure,True,False,,,,,,
CAS_CLEAN_234,SNP_CAS_CLEAN_234_CASE_INITIATION_MILESTONE_20250220,CASE_INITIATION_TO_MILESTONE,0,0,0,1,,0,False,GENERAL_NOTICE,Pune,Haveli,Katraj,District Collectorate & Administration Pune,RFCTLARR_2013,Highway / Road Widening,False,False,,,,,,
CAS_CLEAN_002,SNP_CAS_CLEAN_002_CASE_INITIATION_MILESTONE_20250221,CASE_INITIATION_TO_MILESTONE,365,365,365,1,,0,False,DIRECT_PURCHASE,Nagpur,Bhivapur,Adyal,District Collectorate & Administration Nagpur,RFCTLARR_2013,Rural Infrastructure,True,False,,,,,,
CAS_CLEAN_100,SNP_CAS_CLEAN_100_CASE_INITIATION_MILESTONE_20250225,CASE_INITIATION_TO_MILESTONE,0,0,0,1,,0,False,SECTION_21,Nagpur,,Nagpur (Khas),District Collectorate & Administration Nagpur,RFCTLARR_2013,Rural Infrastructure,False,False,,,,,,
CAS_CLEAN_029,SNP_CAS_CLEAN_029_CASE_INITIATION_MILESTONE_20250226,CASE_INITIATION_TO_MILESTONE,365,365,365,1,1.0,0,False,SECTION_11,Nagpur,Nagpur(City),,District Collectorate & Administration Nagpur,RFCTLARR_2013,Rural Infrastructure,False,False,,,,,,
CAS_CLEAN_203,SNP_CAS_CLEAN_203_CASE_INITIATION_MILESTONE_20250227,CASE_INITIATION_TO_MILESTONE,0,0,0,1,,0,False,GENERAL_NOTICE,Pune,,,District Collectorate & Administration Pune,RFCTLARR_2013,Rural Infrastructure,False,False,,,,,,
CAS_CLEAN_204,SNP_CAS_CLEAN_204_CASE_INITIATION_MILESTONE_20250227,CASE_INITIATION_TO_MILESTONE,0,0,0,1,,0,False,GENERAL_NOTICE,Pune,HH fOnT,,District Collectorate & Administration Pune,RFCTLARR_2013,Rural Infrastructure,False,False,,,,,,
CAS_CLEAN_205,SNP_CAS_CLEAN_205_CASE_INITIATION_MILESTONE_20250227,CASE_INITIATION_TO_MILESTONE,0,0,0,1,,0,False,GENERAL_NOTICE,Pune,qgTITFt aNNvq,,District Collectorate & Administration Pune,RFCTLARR_2013,Rural Infrastructure,False,False,,,,,,
CAS_CLEAN_206,SNP_CAS_CLEAN_206_CASE_INITIATION_MILESTONE_20250227,CASE_INITIATION_TO_MILESTONE,0,0,0,1,,0,False,GENERAL_NOTICE,Pune,,,District Collectorate & Administration Pune,RFCTLARR_2013,Rural Infrastructure,False,False,,,,,,
CAS_CLEAN_211,SNP_CAS_CLEAN_211_CASE_INITIATION_MILESTONE_20250301,CASE_INITIATION_TO_MILESTONE,0,0,0,1,,0,False,GENERAL_NOTICE,Pune,,,District Collectorate & Administration Pune,RFCTLARR_2013,Rural Infrastructure,False,False,,,,,,
CAS_CLEAN_148,SNP_CAS_CLEAN_148_CASE_INITIATION_MILESTONE_20250302,CASE_INITIATION_TO_MILESTONE,90,90,90,1,,0,False,GENERAL_NOTICE,Nagpur,Bhivapur,Thutanbori,District Collectorate & Administration Nagpur,RFCTLARR_2013,Rural Infrastructure,False,False,,,,,,
CAS_CLEAN_021,SNP_CAS_CLEAN_021_CASE_INITIATION_MILESTONE_20250305,CASE_INITIATION_TO_MILESTONE,365,365,365,1,,0,False,GENERAL_NOTICE,Nagpur,,,District Collectorate & Administration Nagpur,RFCTLARR_2013,Rural Infrastructure,False,False,,,,,,
CAS_CLEAN_005,SNP_CAS_CLEAN_005_CASE_INITIATION_MILESTONE_20250310,CASE_INITIATION_TO_MILESTONE,90,54,54,2,,0,False,DIRECT_PURCHASE,Nagpur,Kuhi,Awarmara,District Collectorate & Administration Nagpur,RFCTLARR_2013,Rural Infrastructure,True,False,,,,,,
CAS_CLEAN_079,SNP_CAS_CLEAN_079_CASE_INITIATION_MILESTONE_20250310,CASE_INITIATION_TO_MILESTONE,90,54,54,2,,0,False,DIRECT_PURCHASE,Nagpur,Kuhi,Kujba,District Collectorate & Administration Nagpur,RFCTLARR_2013,Rural Infrastructure,True,False,,,,,,
CAS_CLEAN_145,SNP_CAS_CLEAN_145_CASE_INITIATION_MILESTONE_20250310,CASE_INITIATION_TO_MILESTONE,90,54,54,2,,0,False,DIRECT_PURCHASE,Nagpur,Kuhi,Takli,District Collectorate & Administration Nagpur,RFCTLARR_2013,Rural Infrastructure,True,False,,,,,,
CAS_CLEAN_212,SNP_CAS_CLEAN_212_CASE_INITIATION_MILESTONE_20250310,CASE_INITIATION_TO_MILESTONE,0,0,0,1,,0,False,GENERAL_NOTICE,Pune,,,District Collectorate & Administration Pune,RFCTLARR_2013,Rural Infrastructure,False,False,,,,,,
CAS_CLEAN_213,SNP_CAS_CLEAN_213_CASE_INITIATION_MILESTONE_20250310,CASE_INITIATION_TO_MILESTONE,0,0,0,1,,0,False,GENERAL_NOTICE,Pune,,,District Collectorate & Administration Pune,RFCTLARR_2013,Rural Infrastructure,False,False,,,,,,
CAS_CLEAN_215,SNP_CAS_CLEAN_215_CASE_INITIATION_MILESTONE_20250311,CASE_INITIATION_TO_MILESTONE,0,0,0,1,,0,False,GENERAL_NOTICE,Pune,,,District Collectorate & Administration Pune,RFCTLARR_2013,Rural Infrastructure,False,False,,,,,,
CAS_CLEAN_091,SNP_CAS_CLEAN_091_CASE_INITIATION_MILESTONE_20250312,CASE_INITIATION_TO_MILESTONE,90,90,90,1,,0,False,GENERAL_NOTICE,Nagpur,,Nagpur City,District Collectorate & Administration Nagpur,RFCTLARR_2013,Rural Infrastructure,False,False,,,,,,
CAS_CLEAN_164,SNP_CAS_CLEAN_164_CASE_INITIATION_MILESTONE_20250313,CASE_INITIATION_TO_MILESTONE,365,365,365,1,,0,False,GENERAL_NOTICE,Nagpur,Hingna,Wanadongri,District Collectorate & Administration Nagpur,RFCTLARR_2013,Rural Infrastructure,False,False,,,,,,
CAS_CLEAN_165,SNP_CAS_CLEAN_165_CASE_INITIATION_MILESTONE_20250313,CASE_INITIATION_TO_MILESTONE,365,365,365,1,,0,False,GENERAL_NOTICE,Nagpur,Hingna,Wanadongri,District Collectorate & Administration Nagpur,RFCTLARR_2013,Rural Infrastructure,False,False,,,,,,
CAS_CLEAN_207,SNP_CAS_CLEAN_207_CASE_INITIATION_MILESTONE_20250313,CASE_INITIATION_TO_MILESTONE,0,0,0,1,,0,False,GENERAL_NOTICE,Pune,,,District Collectorate & Administration Pune,RFCTLARR_2013,Rural Infrastructure,False,False,,,,,,
CAS_CLEAN_208,SNP_CAS_CLEAN_208_CASE_INITIATION_MILESTONE_20250313,CASE_INITIATION_TO_MILESTONE,0,0,0,1,,0,False,GENERAL_NOTICE,Pune,,,District Collectorate & Administration Pune,RFCTLARR_2013,Rural Infrastructure,False,False,,,,,,
CAS_CLEAN_209,SNP_CAS_CLEAN_209_CASE_INITIATION_MILESTONE_20250313,CASE_INITIATION_TO_MILESTONE,0,0,0,1,,0,False,GENERAL_NOTICE,Pune,,,District Collectorate & Administration Pune,RFCTLARR_2013,Rural Infrastructure,False,False,,,,,,
CAS_CLEAN_039,SNP_CAS_CLEAN_039_CASE_INITIATION_MILESTONE_20250314,CASE_INITIATION_TO_MILESTONE,365,365,365,1,1.0,0,False,SECTION_11,Nagpur,Kuhi,chapegadi(Rithi),District Collectorate & Administration Nagpur,RFCTLARR_2013,Rural Infrastructure,False,False,,,,,,
CAS_CLEAN_041,SNP_CAS_CLEAN_041_CASE_INITIATION_MILESTONE_20250314,CASE_INITIATION_TO_MILESTONE,365,365,365,1,1.0,0,False,SECTION_11,Nagpur,Kuhi,Chapeghat (Rithi),District Collectorate & Administration Nagpur,RFCTLARR_2013,Rural Infrastructure,False,False,,,,,,
CAS_CLEAN_136,SNP_CAS_CLEAN_136_CASE_INITIATION_MILESTONE_20250314,CASE_INITIATION_TO_MILESTONE,365,365,365,1,1.0,0,False,SECTION_11,Nagpur,Kuhi,Sawangi,District Collectorate & Administration Nagpur,RFCTLARR_2013,Rural Infrastructure,False,False,,,,,,
CAS_CLEAN_258,SNP_CAS_CLEAN_258_CASE_INITIATION_MILESTONE_20250317,CASE_INITIATION_TO_MILESTONE,0,0,0,1,,0,False,GENERAL_NOTICE,Pune,Haveli,Vadgaon Sheri,District Collectorate & Administration Pune,LAND_ACQUISITION_ACT_1894,Highway / Road Widening,False,False,,,,,,
CAS_CLEAN_210,SNP_CAS_CLEAN_210_CASE_INITIATION_MILESTONE_20250320,CASE_INITIATION_TO_MILESTONE,0,0,0,1,,0,False,GENERAL_NOTICE,Pune,,,District Collectorate & Administration Pune,RFCTLARR_2013,Rural Infrastructure,False,False,,,,,,
CAS_CLEAN_126,SNP_CAS_CLEAN_126_CASE_INITIATION_MILESTONE_20250322,CASE_INITIATION_TO_MILESTONE,270,270,270,1,,0,False,DIRECT_PURCHASE,Nagpur,Kuhi,Ruyad,District Collectorate & Administration Nagpur,RFCTLARR_2013,Rural Infrastructure,True,False,,,,,,
CAS_CLEAN_127,SNP_CAS_CLEAN_127_CASE_INITIATION_MILESTONE_20250322,CASE_INITIATION_TO_MILESTONE,270,270,270,1,,0,False,DIRECT_PURCHASE,Nagpur,Kuhi,Ruyad,District Collectorate & Administration Nagpur,RFCTLARR_2013,Rural Infrastructure,True,False,,,,,,
CAS_CLEAN_228,SNP_CAS_CLEAN_228_CASE_INITIATION_MILESTONE_20250323,CASE_INITIATION_TO_MILESTONE,90,90,90,1,,0,False,GENERAL_NOTICE,Pune,,,District Collectorate & Administration Pune,RFCTLARR_2013,Rural Infrastructure,False,False,,,,,,
CAS_CLEAN_229,SNP_CAS_CLEAN_229_CASE_INITIATION_MILESTONE_20250323,CASE_INITIATION_TO_MILESTONE,90,90,90,1,,0,False,GENERAL_NOTICE,Pune,,,District Collectorate & Administration Pune,RFCTLARR_2013,Rural Infrastructure,False,False,,,,,,
CAS_CLEAN_230,SNP_CAS_CLEAN_230_CASE_INITIATION_MILESTONE_20250323,CASE_INITIATION_TO_MILESTONE,90,90,90,1,,0,False,GENERAL_NOTICE,Pune,,,District Collectorate & Administration Pune,RFCTLARR_2013,Rural Infrastructure,False,False,,,,,,
CAS_CLEAN_231,SNP_CAS_CLEAN_231_CASE_INITIATION_MILESTONE_20250323,CASE_INITIATION_TO_MILESTONE,90,90,90,1,,0,False,GENERAL_NOTICE,Pune,,,District Collectorate & Administration Pune,RFCTLARR_2013,Rural Infrastructure,False,False,,,,,,
CAS_CLEAN_232,SNP_CAS_CLEAN_232_CASE_INITIATION_MILESTONE_20250323,CASE_INITIATION_TO_MILESTONE,90,90,90,1,,0,False,GENERAL_NOTICE,Pune,,Hadapsar,District Collectorate & Administration Pune,RFCTLARR_2013,Rural Infrastructure,False,False,,,,,,
CAS_CLEAN_242,SNP_CAS_CLEAN_242_CASE_INITIATION_MILESTONE_20250323,CASE_INITIATION_TO_MILESTONE,90,90,90,1,,0,False,GENERAL_NOTICE,Pune,,Kothrud,District Collectorate & Administration Pune,RFCTLARR_2013,Rural Infrastructure,False,False,,,,,,
CAS_CLEAN_001,SNP_CAS_CLEAN_001_CASE_INITIATION_MILESTONE_20250327,CASE_INITIATION_TO_MILESTONE,90,90,90,1,,0,False,DIRECT_PURCHASE,Nagpur,Kuhi,Aamti,District Collectorate & Administration Nagpur,RFCTLARR_2013,Rural Infrastructure,True,False,,,,,,
CAS_CLEAN_227,SNP_CAS_CLEAN_227_CASE_INITIATION_MILESTONE_20250327,CASE_INITIATION_TO_MILESTONE,90,90,90,1,,0,False,GENERAL_NOTICE,Pune,,,District Collectorate & Administration Pune,RFCTLARR_2013,Rural Infrastructure,False,False,,,,,,
CAS_CLEAN_240,SNP_CAS_CLEAN_240_CASE_INITIATION_MILESTONE_20250327,CASE_INITIATION_TO_MILESTONE,90,90,90,1,,0,False,GENERAL_NOTICE,Pune,,Khed,District Collectorate & Administration Pune,RFCTLARR_2013,Rural Infrastructure,False,False,,,,,,
CAS_CLEAN_096,SNP_CAS_CLEAN_096_CASE_INITIATION_MILESTONE_20250330,CASE_INITIATION_TO_MILESTONE,180,180,180,1,,0,False,SECTION_21,Nagpur,Nagpur City,Nagpur,District Collectorate & Administration Nagpur,RFCTLARR_2013,Rural Infrastructure,False,False,,,,,,
CAS_CLEAN_095,SNP_CAS_CLEAN_095_CASE_INITIATION_MILESTONE_20250401,CASE_INITIATION_TO_MILESTONE,90,53,53,2,,0,False,SECTION_21,Nagpur,kmEtf,Nagpur (City),District Collectorate & Administration Nagpur,RFCTLARR_2013,Rural Infrastructure,False,False,,,,,,
CAS_CLEAN_214,SNP_CAS_CLEAN_214_CASE_INITIATION_MILESTONE_20250401,CASE_INITIATION_TO_MILESTONE,90,90,90,1,,0,False,GENERAL_NOTICE,Pune,,,District Collectorate & Administration Pune,RFCTLARR_2013,Rural Infrastructure,False,False,,,,,,
CAS_CLEAN_223,SNP_CAS_CLEAN_223_CASE_INITIATION_MILESTONE_20250401,CASE_INITIATION_TO_MILESTONE,90,90,90,1,,0,False,GENERAL_NOTICE,Pune,,,District Collectorate & Administration Pune,RFCTLARR_2013,Rural Infrastructure,False,False,,,,,,
CAS_CLEAN_224,SNP_CAS_CLEAN_224_CASE_INITIATION_MILESTONE_20250401,CASE_INITIATION_TO_MILESTONE,90,90,90,1,,0,False,GENERAL_NOTICE,Pune,,,District Collectorate & Administration Pune,RFCTLARR_2013,Rural Infrastructure,False,False,,,,,,
CAS_CLEAN_225,SNP_CAS_CLEAN_225_CASE_INITIATION_MILESTONE_20250401,CASE_INITIATION_TO_MILESTONE,90,90,90,1,,0,False,GENERAL_NOTICE,Pune,,,District Collectorate & Administration Pune,RFCTLARR_2013,Rural Infrastructure,False,False,,,,,,
CAS_CLEAN_185,SNP_CAS_CLEAN_185_CASE_INITIATION_MILESTONE_20250403,CASE_INITIATION_TO_MILESTONE,90,90,90,1,,0,False,GENERAL_NOTICE,Pune,,,District Collectorate & Administration Pune,RFCTLARR_2013,Rural Infrastructure,False,False,,,,,,
CAS_CLEAN_201,SNP_CAS_CLEAN_201_CASE_INITIATION_MILESTONE_20250404,CASE_INITIATION_TO_MILESTONE,0,0,0,1,,0,False,GENERAL_NOTICE,Pune,,,District Collectorate & Administration Pune,RFCTLARR_2013,Rural Infrastructure,False,False,,,,,,
CAS_CLEAN_238,SNP_CAS_CLEAN_238_CASE_INITIATION_MILESTONE_20250404,CASE_INITIATION_TO_MILESTONE,0,0,0,1,,0,False,GENERAL_NOTICE,Pune,,Khed,District Collectorate & Administration Pune,RFCTLARR_2013,Rural Infrastructure,False,False,,,,,,
CAS_CLEAN_020,SNP_CAS_CLEAN_020_CASE_INITIATION_MILESTONE_20250406,CASE_INITIATION_TO_MILESTONE,270,270,270,1,,0,False,GENERAL_NOTICE,Nagpur,,,District Collectorate & Administration Nagpur,RFCTLARR_2013,Rural Infrastructure,False,False,,,,,,
CAS_CLEAN_071,SNP_CAS_CLEAN_071_CASE_INITIATION_MILESTONE_20250409,CASE_INITIATION_TO_MILESTONE,180,0,,0,,1,True,INITIATION,Nagpur,Saoner,Khariy Dhalgaon,District Collectorate & Administration Nagpur,RFCTLARR_2013,Rural Infrastructure,False,False,,,,,,
CAS_CLEAN_009,SNP_CAS_CLEAN_009_CASE_INITIATION_MILESTONE_20250414,CASE_INITIATION_TO_MILESTONE,90,90,90,1,0.2466,0,False,SECTION_11,Nagpur,Narkhed,Belona,District Collectorate & Administration Nagpur,RFCTLARR_2013,Rural Infrastructure,False,False,,,,,,
CAS_CLEAN_064,SNP_CAS_CLEAN_064_CASE_INITIATION_MILESTONE_20250414,CASE_INITIATION_TO_MILESTONE,90,90,90,1,0.2466,0,False,SECTION_11,Nagpur,Kuhi,Hardoli,District Collectorate & Administration Nagpur,RFCTLARR_2013,Rural Infrastructure,False,False,,,,,,
CAS_CLEAN_120,SNP_CAS_CLEAN_120_CASE_INITIATION_MILESTONE_20250414,CASE_INITIATION_TO_MILESTONE,90,90,90,1,0.2466,0,False,SECTION_11,Nagpur,Kuhi,Rajola,District Collectorate & Administration Nagpur,RFCTLARR_2013,Rural Infrastructure,False,False,,,,,,
CAS_CLEAN_149,SNP_CAS_CLEAN_149_CASE_INITIATION_MILESTONE_20250415,CASE_INITIATION_TO_MILESTONE,90,90,90,1,,0,False,DIRECT_PURCHASE,Nagpur,Bhiwapur,Thutanbori,District Collectorate & Administration Nagpur,RFCTLARR_2013,Rural Infrastructure,True,False,,,,,,
CAS_CLEAN_156,SNP_CAS_CLEAN_156_CASE_INITIATION_MILESTONE_20250415,CASE_INITIATION_TO_MILESTONE,90,90,90,1,,0,False,DIRECT_PURCHASE,Nagpur,Kuhi,Veltur,District Collectorate & Administration Nagpur,RFCTLARR_2013,Rural Infrastructure,True,False,,,,,,
CAS_CLEAN_042,SNP_CAS_CLEAN_042_CASE_INITIATION_MILESTONE_20250417,CASE_INITIATION_TO_MILESTONE,0,0,0,1,,0,False,GENERAL_NOTICE,Nagpur,Nagpur City,Chikhali Khurd,District Collectorate & Administration Nagpur,RFCTLARR_2013,Rural Infrastructure,False,False,,,,,,
CAS_CLEAN_092,SNP_CAS_CLEAN_092_CASE_INITIATION_MILESTONE_20250417,CASE_INITIATION_TO_MILESTONE,0,0,0,1,,0,False,GENERAL_NOTICE,Nagpur,Nagpur City,Nagpur Khas,District Collectorate & Administration Nagpur,RFCTLARR_2013,Rural Infrastructure,False,False,,,,,,
CAS_CLEAN_197,SNP_CAS_CLEAN_197_CASE_INITIATION_MILESTONE_20250417,CASE_INITIATION_TO_MILESTONE,0,0,0,1,,0,False,GENERAL_NOTICE,Pune,,,District Collectorate & Administration Pune,RFCTLARR_2013,Rural Infrastructure,False,False,,,,,,
CAS_CLEAN_198,SNP_CAS_CLEAN_198_CASE_INITIATION_MILESTONE_20250421,CASE_INITIATION_TO_MILESTONE,0,0,0,1,,0,False,GENERAL_NOTICE,Pune,,,District Collectorate & Administration Pune,RFCTLARR_2013,Rural Infrastructure,False,False,,,,,,
CAS_CLEAN_199,SNP_CAS_CLEAN_199_CASE_INITIATION_MILESTONE_20250421,CASE_INITIATION_TO_MILESTONE,0,0,0,1,,0,False,GENERAL_NOTICE,Pune,,,District Collectorate & Administration Pune,RFCTLARR_2013,Rural Infrastructure,False,False,,,,,,
CAS_CLEAN_200,SNP_CAS_CLEAN_200_CASE_INITIATION_MILESTONE_20250421,CASE_INITIATION_TO_MILESTONE,0,0,0,1,,0,False,GENERAL_NOTICE,Pune,,,District Collectorate & Administration Pune,RFCTLARR_2013,Rural Infrastructure,False,False,,,,,,
CAS_CLEAN_264,SNP_CAS_CLEAN_264_CASE_INITIATION_MILESTONE_20250421,CASE_INITIATION_TO_MILESTONE,0,0,0,1,,0,False,GENERAL_NOTICE,Solapur,,,District Collectorate & Administration Solapur,RFCTLARR_2013,Rural Infrastructure,False,False,,,,,,
CAS_CLEAN_054,SNP_CAS_CLEAN_054_CASE_INITIATION_MILESTONE_20250422,CASE_INITIATION_TO_MILESTONE,90,90,90,1,0.2466,0,False,SECTION_11,Nagpur,,,District Collectorate & Administration Nagpur,RFCTLARR_2013,Rural Infrastructure,False,False,,,,,,
CAS_CLEAN_057,SNP_CAS_CLEAN_057_CASE_INITIATION_MILESTONE_20250423,CASE_INITIATION_TO_MILESTONE,90,90,90,1,,0,False,DIRECT_PURCHASE,Nagpur,Bhiwapur,Gondbori,District Collectorate & Administration Nagpur,RFCTLARR_2013,Rural Infrastructure,True,False,,,,,,
CAS_CLEAN_112,SNP_CAS_CLEAN_112_CASE_INITIATION_MILESTONE_20250423,CASE_INITIATION_TO_MILESTONE,90,90,90,1,,0,False,DIRECT_PURCHASE,Nagpur,Bhiwapur,Piparda (Rithi),District Collectorate & Administration Nagpur,RFCTLARR_2013,Rural Infrastructure,True,False,,,,,,
CAS_CLEAN_032,SNP_CAS_CLEAN_032_CASE_INITIATION_MILESTONE_20250425,CASE_INITIATION_TO_MILESTONE,270,270,270,1,,0,False,GENERAL_NOTICE,Nagpur,,,District Collectorate & Administration Nagpur,RFCTLARR_2013,Rural Infrastructure,False,False,,,,,,
CAS_CLEAN_222,SNP_CAS_CLEAN_222_CASE_INITIATION_MILESTONE_20250428,CASE_INITIATION_TO_MILESTONE,90,90,90,1,,0,False,GENERAL_NOTICE,Pune,,,District Collectorate & Administration Pune,RFCTLARR_2013,Rural Infrastructure,False,False,,,,,,
CAS_CLEAN_094,SNP_CAS_CLEAN_094_CASE_INITIATION_MILESTONE_20250503,CASE_INITIATION_TO_MILESTONE,270,270,270,1,,0,False,GENERAL_NOTICE,Nagpur,Nagpur City,Nagpur,District Collectorate & Administration Nagpur,RFCTLARR_2013,Rural Infrastructure,False,False,,,,,,
CAS_CLEAN_097,SNP_CAS_CLEAN_097_CASE_INITIATION_MILESTONE_20250505,CASE_INITIATION_TO_MILESTONE,0,0,0,1,,0,False,SECTION_21,Nagpur,Nagpur (Urban),Nagpur (Khas),District Collectorate & Administration Nagpur,RFCTLARR_2013,Highway / Road Widening,False,False,,,,,,
CAS_CLEAN_140,SNP_CAS_CLEAN_140_CASE_INITIATION_MILESTONE_20250505,CASE_INITIATION_TO_MILESTONE,270,270,270,1,0.7397,0,False,SECTION_11,Nagpur,Nagpur (City),Shivangaon,District Collectorate & Administration Nagpur,RFCTLARR_2013,Rural Infrastructure,False,False,,,,,,
CAS_CLEAN_061,SNP_CAS_CLEAN_061_CASE_INITIATION_MILESTONE_20250511,CASE_INITIATION_TO_MILESTONE,270,270,270,1,,0,False,DIRECT_PURCHASE,Nagpur,Kuhi,Gorha,District Collectorate & Administration Nagpur,RFCTLARR_2013,Rural Infrastructure,True,False,,,,,,
CAS_CLEAN_216,SNP_CAS_CLEAN_216_CASE_INITIATION_MILESTONE_20250514,CASE_INITIATION_TO_MILESTONE,90,90,90,1,,0,False,GENERAL_NOTICE,Pune,,,District Collectorate & Administration Pune,RFCTLARR_2013,Rural Infrastructure,False,False,,,,,,
CAS_CLEAN_218,SNP_CAS_CLEAN_218_CASE_INITIATION_MILESTONE_20250514,CASE_INITIATION_TO_MILESTONE,90,90,90,1,,0,False,GENERAL_NOTICE,Pune,,,District Collectorate & Administration Pune,RFCTLARR_2013,Rural Infrastructure,False,False,,,,,,
CAS_CLEAN_219,SNP_CAS_CLEAN_219_CASE_INITIATION_MILESTONE_20250514,CASE_INITIATION_TO_MILESTONE,90,90,90,1,,0,False,GENERAL_NOTICE,Pune,,,District Collectorate & Administration Pune,RFCTLARR_2013,Rural Infrastructure,False,False,,,,,,
CAS_CLEAN_221,SNP_CAS_CLEAN_221_CASE_INITIATION_MILESTONE_20250514,CASE_INITIATION_TO_MILESTONE,90,90,90,1,,0,False,GENERAL_NOTICE,Pune,,,District Collectorate & Administration Pune,RFCTLARR_2013,Rural Infrastructure,False,False,,,,,,
CAS_CLEAN_016,SNP_CAS_CLEAN_016_CASE_INITIATION_MILESTONE_20250515,CASE_INITIATION_TO_MILESTONE,90,90,90,1,,0,False,DIRECT_PURCHASE,Nagpur,Bhiwapur,Bhiwapur,District Collectorate & Administration Nagpur,RFCTLARR_2013,Rural Infrastructure,True,False,,,,,,
CAS_CLEAN_070,SNP_CAS_CLEAN_070_CASE_INITIATION_MILESTONE_20250515,CASE_INITIATION_TO_MILESTONE,90,0,,0,,1,True,INITIATION,Nagpur,Saoner,Khariy Dhalgaon,District Collectorate & Administration Nagpur,RFCTLARR_2013,Highway / Road Widening,False,False,,,,,,
CAS_CLEAN_099,SNP_CAS_CLEAN_099_CASE_INITIATION_MILESTONE_20250519,CASE_INITIATION_TO_MILESTONE,270,270,270,1,,0,False,GENERAL_NOTICE,Nagpur,Nagpur,Nagpur,District Collectorate & Administration Nagpur,RFCTLARR_2013,Rural Infrastructure,False,False,,,,,,
CAS_CLEAN_128,SNP_CAS_CLEAN_128_CASE_INITIATION_MILESTONE_20250519,CASE_INITIATION_TO_MILESTONE,270,270,270,1,,0,False,DIRECT_PURCHASE,Nagpur,Kuhi,Ruyad,District Collectorate & Administration Nagpur,RFCTLARR_2013,Rural Infrastructure,True,False,,,,,,
CAS_CLEAN_234,SNP_CAS_CLEAN_234_CASE_INITIATION_MILESTONE_20250521,CASE_INITIATION_TO_MILESTONE,90,90,90,1,,0,False,GENERAL_NOTICE,Pune,Haveli,Katraj,District Collectorate & Administration Pune,RFCTLARR_2013,Highway / Road Widening,False,False,,,,,,
CAS_CLEAN_100,SNP_CAS_CLEAN_100_CASE_INITIATION_MILESTONE_20250526,CASE_INITIATION_TO_MILESTONE,90,90,90,1,,0,False,SECTION_21,Nagpur,,Nagpur (Khas),District Collectorate & Administration Nagpur,RFCTLARR_2013,Rural Infrastructure,False,False,,,,,,
CAS_CLEAN_024,SNP_CAS_CLEAN_024_CASE_INITIATION_MILESTONE_20250528,CASE_INITIATION_TO_MILESTONE,0,0,0,1,,0,False,GENERAL_NOTICE,Nagpur,Nagpur City,,District Collectorate & Administration Nagpur,RFCTLARR_2013,Rural Infrastructure,False,False,,,,,,
CAS_CLEAN_203,SNP_CAS_CLEAN_203_CASE_INITIATION_MILESTONE_20250528,CASE_INITIATION_TO_MILESTONE,90,90,90,1,,0,False,GENERAL_NOTICE,Pune,,,District Collectorate & Administration Pune,RFCTLARR_2013,Rural Infrastructure,False,False,,,,,,
CAS_CLEAN_204,SNP_CAS_CLEAN_204_CASE_INITIATION_MILESTONE_20250528,CASE_INITIATION_TO_MILESTONE,90,90,90,1,,0,False,GENERAL_NOTICE,Pune,HH fOnT,,District Collectorate & Administration Pune,RFCTLARR_2013,Rural Infrastructure,False,False,,,,,,
CAS_CLEAN_205,SNP_CAS_CLEAN_205_CASE_INITIATION_MILESTONE_20250528,CASE_INITIATION_TO_MILESTONE,90,90,90,1,,0,False,GENERAL_NOTICE,Pune,qgTITFt aNNvq,,District Collectorate & Administration Pune,RFCTLARR_2013,Rural Infrastructure,False,False,,,,,,
CAS_CLEAN_206,SNP_CAS_CLEAN_206_CASE_INITIATION_MILESTONE_20250528,CASE_INITIATION_TO_MILESTONE,90,90,90,1,,0,False,GENERAL_NOTICE,Pune,,,District Collectorate & Administration Pune,RFCTLARR_2013,Rural Infrastructure,False,False,,,,,,
CAS_CLEAN_033,SNP_CAS_CLEAN_033_CASE_INITIATION_MILESTONE_20250530,CASE_INITIATION_TO_MILESTONE,0,0,0,1,,0,False,GENERAL_NOTICE,Nagpur,,,District Collectorate & Administration Nagpur,RFCTLARR_2013,Highway / Road Widening,False,False,,,,,,
CAS_CLEAN_211,SNP_CAS_CLEAN_211_CASE_INITIATION_MILESTONE_20250530,CASE_INITIATION_TO_MILESTONE,90,90,90,1,,0,False,GENERAL_NOTICE,Pune,,,District Collectorate & Administration Pune,RFCTLARR_2013,Rural Infrastructure,False,False,,,,,,
CAS_CLEAN_148,SNP_CAS_CLEAN_148_CASE_INITIATION_MILESTONE_20250531,CASE_INITIATION_TO_MILESTONE,180,180,180,1,,0,False,GENERAL_NOTICE,Nagpur,Bhivapur,Thutanbori,District Collectorate & Administration Nagpur,RFCTLARR_2013,Rural Infrastructure,False,False,,,,,,
CAS_CLEAN_023,SNP_CAS_CLEAN_023_CASE_INITIATION_MILESTONE_20250605,CASE_INITIATION_TO_MILESTONE,0,0,0,1,,0,False,GENERAL_NOTICE,Nagpur,,,District Collectorate & Administration Nagpur,RFCTLARR_2013,Rural Infrastructure,False,False,,,,,,
CAS_CLEAN_193,SNP_CAS_CLEAN_193_CASE_INITIATION_MILESTONE_20250606,CASE_INITIATION_TO_MILESTONE,0,0,0,1,,0,False,GENERAL_NOTICE,Pune,,,District Collectorate & Administration Pune,RFCTLARR_2013,Rural Infrastructure,False,False,,,,,,
CAS_CLEAN_196,SNP_CAS_CLEAN_196_CASE_INITIATION_MILESTONE_20250606,CASE_INITIATION_TO_MILESTONE,0,0,0,1,,0,False,GENERAL_NOTICE,Pune,,,District Collectorate & Administration Pune,RFCTLARR_2013,Rural Infrastructure,False,False,,,,,,
CAS_CLEAN_005,SNP_CAS_CLEAN_005_CASE_INITIATION_MILESTONE_20250608,CASE_INITIATION_TO_MILESTONE,180,144,144,2,,0,False,DIRECT_PURCHASE,Nagpur,Kuhi,Awarmara,District Collectorate & Administration Nagpur,RFCTLARR_2013,Rural Infrastructure,True,False,,,,,,
CAS_CLEAN_079,SNP_CAS_CLEAN_079_CASE_INITIATION_MILESTONE_20250608,CASE_INITIATION_TO_MILESTONE,180,144,144,2,,0,False,DIRECT_PURCHASE,Nagpur,Kuhi,Kujba,District Collectorate & Administration Nagpur,RFCTLARR_2013,Rural Infrastructure,True,False,,,,,,
CAS_CLEAN_145,SNP_CAS_CLEAN_145_CASE_INITIATION_MILESTONE_20250608,CASE_INITIATION_TO_MILESTONE,180,144,144,2,,0,False,DIRECT_PURCHASE,Nagpur,Kuhi,Takli,District Collectorate & Administration Nagpur,RFCTLARR_2013,Rural Infrastructure,True,False,,,,,,
CAS_CLEAN_212,SNP_CAS_CLEAN_212_CASE_INITIATION_MILESTONE_20250608,CASE_INITIATION_TO_MILESTONE,90,90,90,1,,0,False,GENERAL_NOTICE,Pune,,,District Collectorate & Administration Pune,RFCTLARR_2013,Rural Infrastructure,False,False,,,,,,
CAS_CLEAN_213,SNP_CAS_CLEAN_213_CASE_INITIATION_MILESTONE_20250608,CASE_INITIATION_TO_MILESTONE,90,90,90,1,,0,False,GENERAL_NOTICE,Pune,,,District Collectorate & Administration Pune,RFCTLARR_2013,Rural Infrastructure,False,False,,,,,,
CAS_CLEAN_215,SNP_CAS_CLEAN_215_CASE_INITIATION_MILESTONE_20250609,CASE_INITIATION_TO_MILESTONE,90,90,90,1,,0,False,GENERAL_NOTICE,Pune,,,District Collectorate & Administration Pune,RFCTLARR_2013,Rural Infrastructure,False,False,,,,,,
CAS_CLEAN_091,SNP_CAS_CLEAN_091_CASE_INITIATION_MILESTONE_20250610,CASE_INITIATION_TO_MILESTONE,180,180,180,1,,0,False,GENERAL_NOTICE,Nagpur,,Nagpur City,District Collectorate & Administration Nagpur,RFCTLARR_2013,Rural Infrastructure,False,False,,,,,,
CAS_CLEAN_207,SNP_CAS_CLEAN_207_CASE_INITIATION_MILESTONE_20250611,CASE_INITIATION_TO_MILESTONE,90,90,90,1,,0,False,GENERAL_NOTICE,Pune,,,District Collectorate & Administration Pune,RFCTLARR_2013,Rural Infrastructure,False,False,,,,,,
CAS_CLEAN_208,SNP_CAS_CLEAN_208_CASE_INITIATION_MILESTONE_20250611,CASE_INITIATION_TO_MILESTONE,90,90,90,1,,0,False,GENERAL_NOTICE,Pune,,,District Collectorate & Administration Pune,RFCTLARR_2013,Rural Infrastructure,False,False,,,,,,
CAS_CLEAN_209,SNP_CAS_CLEAN_209_CASE_INITIATION_MILESTONE_20250611,CASE_INITIATION_TO_MILESTONE,90,90,90,1,,0,False,GENERAL_NOTICE,Pune,,,District Collectorate & Administration Pune,RFCTLARR_2013,Rural Infrastructure,False,False,,,,,,
CAS_CLEAN_258,SNP_CAS_CLEAN_258_CASE_INITIATION_MILESTONE_20250615,CASE_INITIATION_TO_MILESTONE,90,90,90,1,,0,False,GENERAL_NOTICE,Pune,Haveli,Vadgaon Sheri,District Collectorate & Administration Pune,LAND_ACQUISITION_ACT_1894,Highway / Road Widening,False,False,,,,,,
CAS_CLEAN_210,SNP_CAS_CLEAN_210_CASE_INITIATION_MILESTONE_20250618,CASE_INITIATION_TO_MILESTONE,90,90,90,1,,0,False,GENERAL_NOTICE,Pune,,,District Collectorate & Administration Pune,RFCTLARR_2013,Rural Infrastructure,False,False,,,,,,
CAS_CLEAN_228,SNP_CAS_CLEAN_228_CASE_INITIATION_MILESTONE_20250621,CASE_INITIATION_TO_MILESTONE,180,180,180,1,,0,False,GENERAL_NOTICE,Pune,,,District Collectorate & Administration Pune,RFCTLARR_2013,Rural Infrastructure,False,False,,,,,,
CAS_CLEAN_229,SNP_CAS_CLEAN_229_CASE_INITIATION_MILESTONE_20250621,CASE_INITIATION_TO_MILESTONE,180,180,180,1,,0,False,GENERAL_NOTICE,Pune,,,District Collectorate & Administration Pune,RFCTLARR_2013,Rural Infrastructure,False,False,,,,,,
CAS_CLEAN_230,SNP_CAS_CLEAN_230_CASE_INITIATION_MILESTONE_20250621,CASE_INITIATION_TO_MILESTONE,180,180,180,1,,0,False,GENERAL_NOTICE,Pune,,,District Collectorate & Administration Pune,RFCTLARR_2013,Rural Infrastructure,False,False,,,,,,
CAS_CLEAN_231,SNP_CAS_CLEAN_231_CASE_INITIATION_MILESTONE_20250621,CASE_INITIATION_TO_MILESTONE,180,180,180,1,,0,False,GENERAL_NOTICE,Pune,,,District Collectorate & Administration Pune,RFCTLARR_2013,Rural Infrastructure,False,False,,,,,,
CAS_CLEAN_232,SNP_CAS_CLEAN_232_CASE_INITIATION_MILESTONE_20250621,CASE_INITIATION_TO_MILESTONE,180,180,180,1,,0,False,GENERAL_NOTICE,Pune,,Hadapsar,District Collectorate & Administration Pune,RFCTLARR_2013,Rural Infrastructure,False,False,,,,,,
CAS_CLEAN_242,SNP_CAS_CLEAN_242_CASE_INITIATION_MILESTONE_20250621,CASE_INITIATION_TO_MILESTONE,180,180,180,1,,0,False,GENERAL_NOTICE,Pune,,Kothrud,District Collectorate & Administration Pune,RFCTLARR_2013,Rural Infrastructure,False,False,,,,,,
CAS_CLEAN_101,SNP_CAS_CLEAN_101_CASE_INITIATION_MILESTONE_20250623,CASE_INITIATION_TO_MILESTONE,0,0,0,1,,0,False,SECTION_21,Nagpur,,Nagpur (Khas),District Collectorate & Administration Nagpur,RFCTLARR_2013,Rural Infrastructure,False,False,,,,,,
CAS_CLEAN_001,SNP_CAS_CLEAN_001_CASE_INITIATION_MILESTONE_20250625,CASE_INITIATION_TO_MILESTONE,180,180,180,1,,0,False,DIRECT_PURCHASE,Nagpur,Kuhi,Aamti,District Collectorate & Administration Nagpur,RFCTLARR_2013,Rural Infrastructure,True,False,,,,,,
CAS_CLEAN_126,SNP_CAS_CLEAN_126_CASE_INITIATION_MILESTONE_20250625,CASE_INITIATION_TO_MILESTONE,365,365,365,1,,0,False,DIRECT_PURCHASE,Nagpur,Kuhi,Ruyad,District Collectorate & Administration Nagpur,RFCTLARR_2013,Rural Infrastructure,True,False,,,,,,
CAS_CLEAN_127,SNP_CAS_CLEAN_127_CASE_INITIATION_MILESTONE_20250625,CASE_INITIATION_TO_MILESTONE,365,365,365,1,,0,False,DIRECT_PURCHASE,Nagpur,Kuhi,Ruyad,District Collectorate & Administration Nagpur,RFCTLARR_2013,Rural Infrastructure,True,False,,,,,,
CAS_CLEAN_227,SNP_CAS_CLEAN_227_CASE_INITIATION_MILESTONE_20250625,CASE_INITIATION_TO_MILESTONE,180,180,180,1,,0,False,GENERAL_NOTICE,Pune,,,District Collectorate & Administration Pune,RFCTLARR_2013,Rural Infrastructure,False,False,,,,,,
CAS_CLEAN_240,SNP_CAS_CLEAN_240_CASE_INITIATION_MILESTONE_20250625,CASE_INITIATION_TO_MILESTONE,180,180,180,1,,0,False,GENERAL_NOTICE,Pune,,Khed,District Collectorate & Administration Pune,RFCTLARR_2013,Rural Infrastructure,False,False,,,,,,
CAS_CLEAN_042,SNP_CAS_CLEAN_042_CASE_INITIATION_MILESTONE_20250626,CASE_INITIATION_TO_MILESTONE,70,0,0,2,,0,False,GENERAL_NOTICE,Nagpur,Nagpur City,Chikhali Khurd,District Collectorate & Administration Nagpur,RFCTLARR_2013,Rural Infrastructure,False,False,,,,,,
CAS_CLEAN_093,SNP_CAS_CLEAN_093_CASE_INITIATION_MILESTONE_20250626,CASE_INITIATION_TO_MILESTONE,0,0,0,1,,0,False,GENERAL_NOTICE,Nagpur,Nagpur City,Nagpur (Khas),District Collectorate & Administration Nagpur,RFCTLARR_2013,Rural Infrastructure,False,False,,,,,,
CAS_CLEAN_194,SNP_CAS_CLEAN_194_CASE_INITIATION_MILESTONE_20250627,CASE_INITIATION_TO_MILESTONE,0,0,0,1,,0,False,GENERAL_NOTICE,Pune,,,District Collectorate & Administration Pune,RFCTLARR_2013,Rural Infrastructure,False,False,,,,,,
CAS_CLEAN_195,SNP_CAS_CLEAN_195_CASE_INITIATION_MILESTONE_20250627,CASE_INITIATION_TO_MILESTONE,0,0,0,1,,0,False,GENERAL_NOTICE,Pune,,,District Collectorate & Administration Pune,RFCTLARR_2013,Rural Infrastructure,False,False,,,,,,
CAS_CLEAN_096,SNP_CAS_CLEAN_096_CASE_INITIATION_MILESTONE_20250628,CASE_INITIATION_TO_MILESTONE,270,270,270,1,,0,False,SECTION_21,Nagpur,Nagpur City,Nagpur,District Collectorate & Administration Nagpur,RFCTLARR_2013,Rural Infrastructure,False,False,,,,,,
CAS_CLEAN_095,SNP_CAS_CLEAN_095_CASE_INITIATION_MILESTONE_20250630,CASE_INITIATION_TO_MILESTONE,180,143,143,2,,0,False,SECTION_21,Nagpur,kmEtf,Nagpur (City),District Collectorate & Administration Nagpur,RFCTLARR_2013,Rural Infrastructure,False,False,,,,,,
CAS_CLEAN_214,SNP_CAS_CLEAN_214_CASE_INITIATION_MILESTONE_20250630,CASE_INITIATION_TO_MILESTONE,180,180,180,1,,0,False,GENERAL_NOTICE,Pune,,,District Collectorate & Administration Pune,RFCTLARR_2013,Rural Infrastructure,False,False,,,,,,
CAS_CLEAN_223,SNP_CAS_CLEAN_223_CASE_INITIATION_MILESTONE_20250630,CASE_INITIATION_TO_MILESTONE,180,180,180,1,,0,False,GENERAL_NOTICE,Pune,,,District Collectorate & Administration Pune,RFCTLARR_2013,Rural Infrastructure,False,False,,,,,,
CAS_CLEAN_224,SNP_CAS_CLEAN_224_CASE_INITIATION_MILESTONE_20250630,CASE_INITIATION_TO_MILESTONE,180,180,180,1,,0,False,GENERAL_NOTICE,Pune,,,District Collectorate & Administration Pune,RFCTLARR_2013,Rural Infrastructure,False,False,,,,,,
CAS_CLEAN_225,SNP_CAS_CLEAN_225_CASE_INITIATION_MILESTONE_20250630,CASE_INITIATION_TO_MILESTONE,180,180,180,1,,0,False,GENERAL_NOTICE,Pune,,,District Collectorate & Administration Pune,RFCTLARR_2013,Rural Infrastructure,False,False,,,,,,
CAS_CLEAN_185,SNP_CAS_CLEAN_185_CASE_INITIATION_MILESTONE_20250702,CASE_INITIATION_TO_MILESTONE,180,180,180,1,,0,False,GENERAL_NOTICE,Pune,,,District Collectorate & Administration Pune,RFCTLARR_2013,Rural Infrastructure,False,False,,,,,,
CAS_CLEAN_201,SNP_CAS_CLEAN_201_CASE_INITIATION_MILESTONE_20250703,CASE_INITIATION_TO_MILESTONE,90,90,90,1,,0,False,GENERAL_NOTICE,Pune,,,District Collectorate & Administration Pune,RFCTLARR_2013,Rural Infrastructure,False,False,,,,,,
CAS_CLEAN_238,SNP_CAS_CLEAN_238_CASE_INITIATION_MILESTONE_20250703,CASE_INITIATION_TO_MILESTONE,90,90,90,1,,0,False,GENERAL_NOTICE,Pune,,Khed,District Collectorate & Administration Pune,RFCTLARR_2013,Rural Infrastructure,False,False,,,,,,
CAS_CLEAN_071,SNP_CAS_CLEAN_071_CASE_INITIATION_MILESTONE_20250708,CASE_INITIATION_TO_MILESTONE,270,0,,0,,1,True,INITIATION,Nagpur,Saoner,Khariy Dhalgaon,District Collectorate & Administration Nagpur,RFCTLARR_2013,Rural Infrastructure,False,False,,,,,,
CAS_CLEAN_020,SNP_CAS_CLEAN_020_CASE_INITIATION_MILESTONE_20250710,CASE_INITIATION_TO_MILESTONE,365,365,365,1,,0,False,GENERAL_NOTICE,Nagpur,,,District Collectorate & Administration Nagpur,RFCTLARR_2013,Rural Infrastructure,False,False,,,,,,
CAS_CLEAN_009,SNP_CAS_CLEAN_009_CASE_INITIATION_MILESTONE_20250713,CASE_INITIATION_TO_MILESTONE,180,180,180,1,0.4932,0,False,SECTION_11,Nagpur,Narkhed,Belona,District Collectorate & Administration Nagpur,RFCTLARR_2013,Rural Infrastructure,False,False,,,,,,
CAS_CLEAN_064,SNP_CAS_CLEAN_064_CASE_INITIATION_MILESTONE_20250713,CASE_INITIATION_TO_MILESTONE,180,180,180,1,0.4932,0,False,SECTION_11,Nagpur,Kuhi,Hardoli,District Collectorate & Administration Nagpur,RFCTLARR_2013,Rural Infrastructure,False,False,,,,,,
CAS_CLEAN_120,SNP_CAS_CLEAN_120_CASE_INITIATION_MILESTONE_20250713,CASE_INITIATION_TO_MILESTONE,180,180,180,1,0.4932,0,False,SECTION_11,Nagpur,Kuhi,Rajola,District Collectorate & Administration Nagpur,RFCTLARR_2013,Rural Infrastructure,False,False,,,,,,
CAS_CLEAN_149,SNP_CAS_CLEAN_149_CASE_INITIATION_MILESTONE_20250714,CASE_INITIATION_TO_MILESTONE,180,180,180,1,,0,False,DIRECT_PURCHASE,Nagpur,Bhiwapur,Thutanbori,District Collectorate & Administration Nagpur,RFCTLARR_2013,Rural Infrastructure,True,False,,,,,,
CAS_CLEAN_156,SNP_CAS_CLEAN_156_CASE_INITIATION_MILESTONE_20250714,CASE_INITIATION_TO_MILESTONE,180,180,180,1,,0,False,DIRECT_PURCHASE,Nagpur,Kuhi,Veltur,District Collectorate & Administration Nagpur,RFCTLARR_2013,Rural Infrastructure,True,False,,,,,,
CAS_CLEAN_042,SNP_CAS_CLEAN_042_CASE_INITIATION_MILESTONE_20250716,CASE_INITIATION_TO_MILESTONE,90,20,20,2,,0,False,GENERAL_NOTICE,Nagpur,Nagpur City,Chikhali Khurd,District Collectorate & Administration Nagpur,RFCTLARR_2013,Rural Infrastructure,False,False,,,,,,
CAS_CLEAN_092,SNP_CAS_CLEAN_092_CASE_INITIATION_MILESTONE_20250716,CASE_INITIATION_TO_MILESTONE,90,90,90,1,,0,False,GENERAL_NOTICE,Nagpur,Nagpur City,Nagpur Khas,District Collectorate & Administration Nagpur,RFCTLARR_2013,Rural Infrastructure,False,False,,,,,,
CAS_CLEAN_197,SNP_CAS_CLEAN_197_CASE_INITIATION_MILESTONE_20250716,CASE_INITIATION_TO_MILESTONE,90,90,90,1,,0,False,GENERAL_NOTICE,Pune,,,District Collectorate & Administration Pune,RFCTLARR_2013,Rural Infrastructure,False,False,,,,,,
CAS_CLEAN_191,SNP_CAS_CLEAN_191_CASE_INITIATION_MILESTONE_20250717,CASE_INITIATION_TO_MILESTONE,0,0,0,1,,0,False,GENERAL_NOTICE,Pune,,,District Collectorate & Administration Pune,RFCTLARR_2013,Rural Infrastructure,False,False,,,,,,
CAS_CLEAN_198,SNP_CAS_CLEAN_198_CASE_INITIATION_MILESTONE_20250720,CASE_INITIATION_TO_MILESTONE,90,90,90,1,,0,False,GENERAL_NOTICE,Pune,,,District Collectorate & Administration Pune,RFCTLARR_2013,Rural Infrastructure,False,False,,,,,,
CAS_CLEAN_199,SNP_CAS_CLEAN_199_CASE_INITIATION_MILESTONE_20250720,CASE_INITIATION_TO_MILESTONE,90,90,90,1,,0,False,GENERAL_NOTICE,Pune,,,District Collectorate & Administration Pune,RFCTLARR_2013,Rural Infrastructure,False,False,,,,,,
CAS_CLEAN_200,SNP_CAS_CLEAN_200_CASE_INITIATION_MILESTONE_20250720,CASE_INITIATION_TO_MILESTONE,90,90,90,1,,0,False,GENERAL_NOTICE,Pune,,,District Collectorate & Administration Pune,RFCTLARR_2013,Rural Infrastructure,False,False,,,,,,
CAS_CLEAN_264,SNP_CAS_CLEAN_264_CASE_INITIATION_MILESTONE_20250720,CASE_INITIATION_TO_MILESTONE,90,90,90,1,,0,False,GENERAL_NOTICE,Solapur,,,District Collectorate & Administration Solapur,RFCTLARR_2013,Rural Infrastructure,False,False,,,,,,
CAS_CLEAN_054,SNP_CAS_CLEAN_054_CASE_INITIATION_MILESTONE_20250721,CASE_INITIATION_TO_MILESTONE,180,180,180,1,0.4932,0,False,SECTION_11,Nagpur,,,District Collectorate & Administration Nagpur,RFCTLARR_2013,Rural Infrastructure,False,False,,,,,,
CAS_CLEAN_237,SNP_CAS_CLEAN_237_CASE_INITIATION_MILESTONE_20250721,CASE_INITIATION_TO_MILESTONE,0,0,0,1,,0,False,GENERAL_NOTICE,Pune,,Khed,District Collectorate & Administration Pune,RFCTLARR_2013,Rural Infrastructure,False,False,,,,,,
CAS_CLEAN_251,SNP_CAS_CLEAN_251_CASE_INITIATION_MILESTONE_20250721,CASE_INITIATION_TO_MILESTONE,0,0,0,1,,0,False,GENERAL_NOTICE,Pune,,Nighoje,District Collectorate & Administration Pune,RFCTLARR_2013,Rural Infrastructure,False,False,,,,,,
CAS_CLEAN_057,SNP_CAS_CLEAN_057_CASE_INITIATION_MILESTONE_20250722,CASE_INITIATION_TO_MILESTONE,180,180,180,1,,0,False,DIRECT_PURCHASE,Nagpur,Bhiwapur,Gondbori,District Collectorate & Administration Nagpur,RFCTLARR_2013,Rural Infrastructure,True,False,,,,,,
CAS_CLEAN_112,SNP_CAS_CLEAN_112_CASE_INITIATION_MILESTONE_20250722,CASE_INITIATION_TO_MILESTONE,180,180,180,1,,0,False,DIRECT_PURCHASE,Nagpur,Bhiwapur,Piparda (Rithi),District Collectorate & Administration Nagpur,RFCTLARR_2013,Rural Infrastructure,True,False,,,,,,
CAS_CLEAN_222,SNP_CAS_CLEAN_222_CASE_INITIATION_MILESTONE_20250727,CASE_INITIATION_TO_MILESTONE,180,180,180,1,,0,False,GENERAL_NOTICE,Pune,,,District Collectorate & Administration Pune,RFCTLARR_2013,Rural Infrastructure,False,False,,,,,,
CAS_CLEAN_032,SNP_CAS_CLEAN_032_CASE_INITIATION_MILESTONE_20250729,CASE_INITIATION_TO_MILESTONE,365,365,365,1,,0,False,GENERAL_NOTICE,Nagpur,,,District Collectorate & Administration Nagpur,RFCTLARR_2013,Rural Infrastructure,False,False,,,,,,
CAS_CLEAN_025,SNP_CAS_CLEAN_025_CASE_INITIATION_MILESTONE_20250801,CASE_INITIATION_TO_MILESTONE,0,0,0,1,0.0,0,False,SECTION_11,Nagpur,,,District Collectorate & Administration Nagpur,RFCTLARR_2013,Rural Infrastructure,False,False,,,,,,
CAS_CLEAN_026,SNP_CAS_CLEAN_026_CASE_INITIATION_MILESTONE_20250801,CASE_INITIATION_TO_MILESTONE,0,0,0,1,0.0,0,False,SECTION_11,Nagpur,t TiqHT,,District Collectorate & Administration Nagpur,RFCTLARR_2013,Rural Infrastructure,False,False,,,,,,
CAS_CLEAN_065,SNP_CAS_CLEAN_065_CASE_INITIATION_MILESTONE_20250801,CASE_INITIATION_TO_MILESTONE,0,0,0,1,0.0,0,False,SECTION_11,Nagpur,,Hardoli,District Collectorate & Administration Nagpur,RFCTLARR_2013,Rural Infrastructure,False,False,,,,,,
CAS_CLEAN_078,SNP_CAS_CLEAN_078_CASE_INITIATION_MILESTONE_20250801,CASE_INITIATION_TO_MILESTONE,0,0,0,1,0.0,0,False,SECTION_11,Nagpur,,Kotgaon,District Collectorate & Administration Nagpur,RFCTLARR_2013,Rural Infrastructure,False,False,,,,,,
CAS_CLEAN_103,SNP_CAS_CLEAN_103_CASE_INITIATION_MILESTONE_20250801,CASE_INITIATION_TO_MILESTONE,0,0,0,1,0.0,0,False,SECTION_11,Nagpur,,Navegao,District Collectorate & Administration Nagpur,RFCTLARR_2013,Rural Infrastructure,False,False,,,,,,
CAS_CLEAN_121,SNP_CAS_CLEAN_121_CASE_INITIATION_MILESTONE_20250801,CASE_INITIATION_TO_MILESTONE,0,0,0,1,0.0,0,False,SECTION_11,Nagpur,Tlq,Rajola,District Collectorate & Administration Nagpur,RFCTLARR_2013,Rural Infrastructure,False,False,,,,,,
CAS_CLEAN_097,SNP_CAS_CLEAN_097_CASE_INITIATION_MILESTONE_20250803,CASE_INITIATION_TO_MILESTONE,90,90,90,1,,0,False,SECTION_21,Nagpur,Nagpur (Urban),Nagpur (Khas),District Collectorate & Administration Nagpur,RFCTLARR_2013,Highway / Road Widening,False,False,,,,,,
CAS_CLEAN_190,SNP_CAS_CLEAN_190_CASE_INITIATION_MILESTONE_20250804,CASE_INITIATION_TO_MILESTONE,0,0,0,1,,0,False,GENERAL_NOTICE,Pune,,,District Collectorate & Administration Pune,RFCTLARR_2013,Rural Infrastructure,False,False,,,,,,
CAS_CLEAN_094,SNP_CAS_CLEAN_094_CASE_INITIATION_MILESTONE_20250806,CASE_INITIATION_TO_MILESTONE,365,365,365,1,,0,False,GENERAL_NOTICE,Nagpur,Nagpur City,Nagpur,District Collectorate & Administration Nagpur,RFCTLARR_2013,Rural Infrastructure,False,False,,,,,,
CAS_CLEAN_140,SNP_CAS_CLEAN_140_CASE_INITIATION_MILESTONE_20250808,CASE_INITIATION_TO_MILESTONE,365,365,365,1,1.0,0,False,SECTION_11,Nagpur,Nagpur (City),Shivangaon,District Collectorate & Administration Nagpur,RFCTLARR_2013,Rural Infrastructure,False,False,,,,,,
CAS_CLEAN_216,SNP_CAS_CLEAN_216_CASE_INITIATION_MILESTONE_20250812,CASE_INITIATION_TO_MILESTONE,180,180,180,1,,0,False,GENERAL_NOTICE,Pune,,,District Collectorate & Administration Pune,RFCTLARR_2013,Rural Infrastructure,False,False,,,,,,
CAS_CLEAN_218,SNP_CAS_CLEAN_218_CASE_INITIATION_MILESTONE_20250812,CASE_INITIATION_TO_MILESTONE,180,180,180,1,,0,False,GENERAL_NOTICE,Pune,,,District Collectorate & Administration Pune,RFCTLARR_2013,Rural Infrastructure,False,False,,,,,,
CAS_CLEAN_219,SNP_CAS_CLEAN_219_CASE_INITIATION_MILESTONE_20250812,CASE_INITIATION_TO_MILESTONE,180,180,180,1,,0,False,GENERAL_NOTICE,Pune,,,District Collectorate & Administration Pune,RFCTLARR_2013,Rural Infrastructure,False,False,,,,,,
CAS_CLEAN_221,SNP_CAS_CLEAN_221_CASE_INITIATION_MILESTONE_20250812,CASE_INITIATION_TO_MILESTONE,180,180,180,1,,0,False,GENERAL_NOTICE,Pune,,,District Collectorate & Administration Pune,RFCTLARR_2013,Rural Infrastructure,False,False,,,,,,
CAS_CLEAN_016,SNP_CAS_CLEAN_016_CASE_INITIATION_MILESTONE_20250813,CASE_INITIATION_TO_MILESTONE,180,180,180,1,,0,False,DIRECT_PURCHASE,Nagpur,Bhiwapur,Bhiwapur,District Collectorate & Administration Nagpur,RFCTLARR_2013,Rural Infrastructure,True,False,,,,,,
CAS_CLEAN_061,SNP_CAS_CLEAN_061_CASE_INITIATION_MILESTONE_20250814,CASE_INITIATION_TO_MILESTONE,365,365,365,1,,0,False,DIRECT_PURCHASE,Nagpur,Kuhi,Gorha,District Collectorate & Administration Nagpur,RFCTLARR_2013,Rural Infrastructure,True,False,,,,,,
CAS_CLEAN_234,SNP_CAS_CLEAN_234_CASE_INITIATION_MILESTONE_20250819,CASE_INITIATION_TO_MILESTONE,180,180,180,1,,0,False,GENERAL_NOTICE,Pune,Haveli,Katraj,District Collectorate & Administration Pune,RFCTLARR_2013,Highway / Road Widening,False,False,,,,,,
CAS_CLEAN_099,SNP_CAS_CLEAN_099_CASE_INITIATION_MILESTONE_20250822,CASE_INITIATION_TO_MILESTONE,365,365,365,1,,0,False,GENERAL_NOTICE,Nagpur,Nagpur,Nagpur,District Collectorate & Administration Nagpur,RFCTLARR_2013,Rural Infrastructure,False,False,,,,,,
CAS_CLEAN_128,SNP_CAS_CLEAN_128_CASE_INITIATION_MILESTONE_20250822,CASE_INITIATION_TO_MILESTONE,365,365,365,1,,0,False,DIRECT_PURCHASE,Nagpur,Kuhi,Ruyad,District Collectorate & Administration Nagpur,RFCTLARR_2013,Rural Infrastructure,True,False,,,,,,
CAS_CLEAN_100,SNP_CAS_CLEAN_100_CASE_INITIATION_MILESTONE_20250824,CASE_INITIATION_TO_MILESTONE,180,180,180,1,,0,False,SECTION_21,Nagpur,,Nagpur (Khas),District Collectorate & Administration Nagpur,RFCTLARR_2013,Rural Infrastructure,False,False,,,,,,
CAS_CLEAN_024,SNP_CAS_CLEAN_024_CASE_INITIATION_MILESTONE_20250826,CASE_INITIATION_TO_MILESTONE,90,90,90,1,,0,False,GENERAL_NOTICE,Nagpur,Nagpur City,,District Collectorate & Administration Nagpur,RFCTLARR_2013,Rural Infrastructure,False,False,,,,,,
CAS_CLEAN_203,SNP_CAS_CLEAN_203_CASE_INITIATION_MILESTONE_20250826,CASE_INITIATION_TO_MILESTONE,180,180,180,1,,0,False,GENERAL_NOTICE,Pune,,,District Collectorate & Administration Pune,RFCTLARR_2013,Rural Infrastructure,False,False,,,,,,
CAS_CLEAN_204,SNP_CAS_CLEAN_204_CASE_INITIATION_MILESTONE_20250826,CASE_INITIATION_TO_MILESTONE,180,180,180,1,,0,False,GENERAL_NOTICE,Pune,HH fOnT,,District Collectorate & Administration Pune,RFCTLARR_2013,Rural Infrastructure,False,False,,,,,,
CAS_CLEAN_205,SNP_CAS_CLEAN_205_CASE_INITIATION_MILESTONE_20250826,CASE_INITIATION_TO_MILESTONE,180,180,180,1,,0,False,GENERAL_NOTICE,Pune,qgTITFt aNNvq,,District Collectorate & Administration Pune,RFCTLARR_2013,Rural Infrastructure,False,False,,,,,,
CAS_CLEAN_206,SNP_CAS_CLEAN_206_CASE_INITIATION_MILESTONE_20250826,CASE_INITIATION_TO_MILESTONE,180,180,180,1,,0,False,GENERAL_NOTICE,Pune,,,District Collectorate & Administration Pune,RFCTLARR_2013,Rural Infrastructure,False,False,,,,,,
CAS_CLEAN_033,SNP_CAS_CLEAN_033_CASE_INITIATION_MILESTONE_20250828,CASE_INITIATION_TO_MILESTONE,90,90,90,1,,0,False,GENERAL_NOTICE,Nagpur,,,District Collectorate & Administration Nagpur,RFCTLARR_2013,Highway / Road Widening,False,False,,,,,,
CAS_CLEAN_211,SNP_CAS_CLEAN_211_CASE_INITIATION_MILESTONE_20250828,CASE_INITIATION_TO_MILESTONE,180,180,180,1,,0,False,GENERAL_NOTICE,Pune,,,District Collectorate & Administration Pune,RFCTLARR_2013,Rural Infrastructure,False,False,,,,,,
CAS_CLEAN_148,SNP_CAS_CLEAN_148_CASE_INITIATION_MILESTONE_20250829,CASE_INITIATION_TO_MILESTONE,270,270,270,1,,0,False,GENERAL_NOTICE,Nagpur,Bhivapur,Thutanbori,District Collectorate & Administration Nagpur,RFCTLARR_2013,Rural Infrastructure,False,False,,,,,,
CAS_CLEAN_023,SNP_CAS_CLEAN_023_CASE_INITIATION_MILESTONE_20250903,CASE_INITIATION_TO_MILESTONE,90,90,90,1,,0,False,GENERAL_NOTICE,Nagpur,,,District Collectorate & Administration Nagpur,RFCTLARR_2013,Rural Infrastructure,False,False,,,,,,
CAS_CLEAN_189,SNP_CAS_CLEAN_189_CASE_INITIATION_MILESTONE_20250903,CASE_INITIATION_TO_MILESTONE,0,0,0,1,,0,False,GENERAL_NOTICE,Pune,,,District Collectorate & Administration Pune,RFCTLARR_2013,Rural Infrastructure,False,False,,,,,,
CAS_CLEAN_193,SNP_CAS_CLEAN_193_CASE_INITIATION_MILESTONE_20250904,CASE_INITIATION_TO_MILESTONE,90,90,90,1,,0,False,GENERAL_NOTICE,Pune,,,District Collectorate & Administration Pune,RFCTLARR_2013,Rural Infrastructure,False,False,,,,,,
CAS_CLEAN_196,SNP_CAS_CLEAN_196_CASE_INITIATION_MILESTONE_20250904,CASE_INITIATION_TO_MILESTONE,90,90,90,1,,0,False,GENERAL_NOTICE,Pune,,,District Collectorate & Administration Pune,RFCTLARR_2013,Rural Infrastructure,False,False,,,,,,
CAS_CLEAN_005,SNP_CAS_CLEAN_005_CASE_INITIATION_MILESTONE_20250906,CASE_INITIATION_TO_MILESTONE,270,234,234,2,,0,False,DIRECT_PURCHASE,Nagpur,Kuhi,Awarmara,District Collectorate & Administration Nagpur,RFCTLARR_2013,Rural Infrastructure,True,False,,,,,,
CAS_CLEAN_079,SNP_CAS_CLEAN_079_CASE_INITIATION_MILESTONE_20250906,CASE_INITIATION_TO_MILESTONE,270,234,234,2,,0,False,DIRECT_PURCHASE,Nagpur,Kuhi,Kujba,District Collectorate & Administration Nagpur,RFCTLARR_2013,Rural Infrastructure,True,False,,,,,,
CAS_CLEAN_145,SNP_CAS_CLEAN_145_CASE_INITIATION_MILESTONE_20250906,CASE_INITIATION_TO_MILESTONE,270,234,234,2,,0,False,DIRECT_PURCHASE,Nagpur,Kuhi,Takli,District Collectorate & Administration Nagpur,RFCTLARR_2013,Rural Infrastructure,True,False,,,,,,
CAS_CLEAN_212,SNP_CAS_CLEAN_212_CASE_INITIATION_MILESTONE_20250906,CASE_INITIATION_TO_MILESTONE,180,180,180,1,,0,False,GENERAL_NOTICE,Pune,,,District Collectorate & Administration Pune,RFCTLARR_2013,Rural Infrastructure,False,False,,,,,,
CAS_CLEAN_213,SNP_CAS_CLEAN_213_CASE_INITIATION_MILESTONE_20250906,CASE_INITIATION_TO_MILESTONE,180,180,180,1,,0,False,GENERAL_NOTICE,Pune,,,District Collectorate & Administration Pune,RFCTLARR_2013,Rural Infrastructure,False,False,,,,,,
CAS_CLEAN_215,SNP_CAS_CLEAN_215_CASE_INITIATION_MILESTONE_20250907,CASE_INITIATION_TO_MILESTONE,180,180,180,1,,0,False,GENERAL_NOTICE,Pune,,,District Collectorate & Administration Pune,RFCTLARR_2013,Rural Infrastructure,False,False,,,,,,
CAS_CLEAN_091,SNP_CAS_CLEAN_091_CASE_INITIATION_MILESTONE_20250908,CASE_INITIATION_TO_MILESTONE,270,270,270,1,,0,False,GENERAL_NOTICE,Nagpur,,Nagpur City,District Collectorate & Administration Nagpur,RFCTLARR_2013,Rural Infrastructure,False,False,,,,,,
CAS_CLEAN_207,SNP_CAS_CLEAN_207_CASE_INITIATION_MILESTONE_20250909,CASE_INITIATION_TO_MILESTONE,180,180,180,1,,0,False,GENERAL_NOTICE,Pune,,,District Collectorate & Administration Pune,RFCTLARR_2013,Rural Infrastructure,False,False,,,,,,
CAS_CLEAN_208,SNP_CAS_CLEAN_208_CASE_INITIATION_MILESTONE_20250909,CASE_INITIATION_TO_MILESTONE,180,180,180,1,,0,False,GENERAL_NOTICE,Pune,,,District Collectorate & Administration Pune,RFCTLARR_2013,Rural Infrastructure,False,False,,,,,,
CAS_CLEAN_209,SNP_CAS_CLEAN_209_CASE_INITIATION_MILESTONE_20250909,CASE_INITIATION_TO_MILESTONE,180,180,180,1,,0,False,GENERAL_NOTICE,Pune,,,District Collectorate & Administration Pune,RFCTLARR_2013,Rural Infrastructure,False,False,,,,,,
CAS_CLEAN_245,SNP_CAS_CLEAN_245_CASE_INITIATION_MILESTONE_20250910,CASE_INITIATION_TO_MILESTONE,0,0,0,1,,0,False,GENERAL_NOTICE,Pune,,Lonikand,District Collectorate & Administration Pune,RFCTLARR_2013,Rural Infrastructure,False,False,,,,,,
CAS_CLEAN_258,SNP_CAS_CLEAN_258_CASE_INITIATION_MILESTONE_20250913,CASE_INITIATION_TO_MILESTONE,180,180,180,1,,0,False,GENERAL_NOTICE,Pune,Haveli,Vadgaon Sheri,District Collectorate & Administration Pune,LAND_ACQUISITION_ACT_1894,Highway / Road Widening,False,False,,,,,,
CAS_CLEAN_210,SNP_CAS_CLEAN_210_CASE_INITIATION_MILESTONE_20250916,CASE_INITIATION_TO_MILESTONE,180,180,180,1,,0,False,GENERAL_NOTICE,Pune,,,District Collectorate & Administration Pune,RFCTLARR_2013,Rural Infrastructure,False,False,,,,,,
CAS_CLEAN_244,SNP_CAS_CLEAN_244_CASE_INITIATION_MILESTONE_20250917,CASE_INITIATION_TO_MILESTONE,0,0,0,1,,0,False,GENERAL_NOTICE,Pune,,Lonikand,District Collectorate & Administration Pune,RFCTLARR_2013,Rural Infrastructure,False,False,,,,,,
CAS_CLEAN_045,SNP_CAS_CLEAN_045_CASE_INITIATION_MILESTONE_20250919,CASE_INITIATION_TO_MILESTONE,0,0,0,1,0.0,0,False,SECTION_11,Nagpur,Kuhi,Chikhali,District Collectorate & Administration Nagpur,RFCTLARR_2013,Rural Infrastructure,False,False,,,,,,
CAS_CLEAN_076,SNP_CAS_CLEAN_076_CASE_INITIATION_MILESTONE_20250919,CASE_INITIATION_TO_MILESTONE,0,0,0,1,0.0,0,False,SECTION_11,Nagpur,i Taluka Bhivapur,Kitali,District Collectorate & Administration Nagpur,RFCTLARR_2013,Rural Infrastructure,False,False,,,,,,
CAS_CLEAN_114,SNP_CAS_CLEAN_114_CASE_INITIATION_MILESTONE_20250919,CASE_INITIATION_TO_MILESTONE,0,0,0,1,0.0,0,False,SECTION_11,Nagpur,Kuhi,Pratapur,District Collectorate & Administration Nagpur,RFCTLARR_2013,Rural Infrastructure,False,False,,,,,,
CAS_CLEAN_133,SNP_CAS_CLEAN_133_CASE_INITIATION_MILESTONE_20250919,CASE_INITIATION_TO_MILESTONE,0,0,0,1,,0,False,SECTION_21,Nagpur,Kuhi,Savargao,District Collectorate & Administration Nagpur,RFCTLARR_2013,Rural Infrastructure,False,False,,,,,,
CAS_CLEAN_228,SNP_CAS_CLEAN_228_CASE_INITIATION_MILESTONE_20250919,CASE_INITIATION_TO_MILESTONE,270,270,270,1,,0,False,GENERAL_NOTICE,Pune,,,District Collectorate & Administration Pune,RFCTLARR_2013,Rural Infrastructure,False,False,,,,,,
CAS_CLEAN_229,SNP_CAS_CLEAN_229_CASE_INITIATION_MILESTONE_20250919,CASE_INITIATION_TO_MILESTONE,270,270,270,1,,0,False,GENERAL_NOTICE,Pune,,,District Collectorate & Administration Pune,RFCTLARR_2013,Rural Infrastructure,False,False,,,,,,
CAS_CLEAN_230,SNP_CAS_CLEAN_230_CASE_INITIATION_MILESTONE_20250919,CASE_INITIATION_TO_MILESTONE,270,270,270,1,,0,False,GENERAL_NOTICE,Pune,,,District Collectorate & Administration Pune,RFCTLARR_2013,Rural Infrastructure,False,False,,,,,,
CAS_CLEAN_231,SNP_CAS_CLEAN_231_CASE_INITIATION_MILESTONE_20250919,CASE_INITIATION_TO_MILESTONE,270,270,270,1,,0,False,GENERAL_NOTICE,Pune,,,District Collectorate & Administration Pune,RFCTLARR_2013,Rural Infrastructure,False,False,,,,,,
CAS_CLEAN_232,SNP_CAS_CLEAN_232_CASE_INITIATION_MILESTONE_20250919,CASE_INITIATION_TO_MILESTONE,270,270,270,1,,0,False,GENERAL_NOTICE,Pune,,Hadapsar,District Collectorate & Administration Pune,RFCTLARR_2013,Rural Infrastructure,False,False,,,,,,
CAS_CLEAN_242,SNP_CAS_CLEAN_242_CASE_INITIATION_MILESTONE_20250919,CASE_INITIATION_TO_MILESTONE,270,270,270,1,,0,False,GENERAL_NOTICE,Pune,,Kothrud,District Collectorate & Administration Pune,RFCTLARR_2013,Rural Infrastructure,False,False,,,,,,
CAS_CLEAN_101,SNP_CAS_CLEAN_101_CASE_INITIATION_MILESTONE_20250921,CASE_INITIATION_TO_MILESTONE,90,90,90,1,,0,False,SECTION_21,Nagpur,,Nagpur (Khas),District Collectorate & Administration Nagpur,RFCTLARR_2013,Rural Infrastructure,False,False,,,,,,
CAS_CLEAN_001,SNP_CAS_CLEAN_001_CASE_INITIATION_MILESTONE_20250923,CASE_INITIATION_TO_MILESTONE,270,270,270,1,,0,False,DIRECT_PURCHASE,Nagpur,Kuhi,Aamti,District Collectorate & Administration Nagpur,RFCTLARR_2013,Rural Infrastructure,True,False,,,,,,
CAS_CLEAN_227,SNP_CAS_CLEAN_227_CASE_INITIATION_MILESTONE_20250923,CASE_INITIATION_TO_MILESTONE,270,270,270,1,,0,False,GENERAL_NOTICE,Pune,,,District Collectorate & Administration Pune,RFCTLARR_2013,Rural Infrastructure,False,False,,,,,,
CAS_CLEAN_240,SNP_CAS_CLEAN_240_CASE_INITIATION_MILESTONE_20250923,CASE_INITIATION_TO_MILESTONE,270,270,270,1,,0,False,GENERAL_NOTICE,Pune,,Khed,District Collectorate & Administration Pune,RFCTLARR_2013,Rural Infrastructure,False,False,,,,,,
CAS_CLEAN_093,SNP_CAS_CLEAN_093_CASE_INITIATION_MILESTONE_20250924,CASE_INITIATION_TO_MILESTONE,90,90,90,1,,0,False,GENERAL_NOTICE,Nagpur,Nagpur City,Nagpur (Khas),District Collectorate & Administration Nagpur,RFCTLARR_2013,Rural Infrastructure,False,False,,,,,,
CAS_CLEAN_194,SNP_CAS_CLEAN_194_CASE_INITIATION_MILESTONE_20250925,CASE_INITIATION_TO_MILESTONE,90,90,90,1,,0,False,GENERAL_NOTICE,Pune,,,District Collectorate & Administration Pune,RFCTLARR_2013,Rural Infrastructure,False,False,,,,,,
CAS_CLEAN_195,SNP_CAS_CLEAN_195_CASE_INITIATION_MILESTONE_20250925,CASE_INITIATION_TO_MILESTONE,90,90,90,1,,0,False,GENERAL_NOTICE,Pune,,,District Collectorate & Administration Pune,RFCTLARR_2013,Rural Infrastructure,False,False,,,,,,
CAS_CLEAN_243,SNP_CAS_CLEAN_243_CASE_INITIATION_MILESTONE_20250925,CASE_INITIATION_TO_MILESTONE,0,0,0,1,,0,False,GENERAL_NOTICE,Pune,,Lonikand,District Collectorate & Administration Pune,RFCTLARR_2013,Rural Infrastructure,False,False,,,,,,
CAS_CLEAN_015,SNP_CAS_CLEAN_015_CASE_INITIATION_MILESTONE_20250926,CASE_INITIATION_TO_MILESTONE,0,0,0,1,0.0,0,False,SECTION_11,Nagpur,Kuhi,Bhivapur,District Collectorate & Administration Nagpur,RFCTLARR_2013,Rural Infrastructure,False,False,,,,,,
CAS_CLEAN_095,SNP_CAS_CLEAN_095_CASE_INITIATION_MILESTONE_20250928,CASE_INITIATION_TO_MILESTONE,270,233,233,2,,0,False,SECTION_21,Nagpur,kmEtf,Nagpur (City),District Collectorate & Administration Nagpur,RFCTLARR_2013,Rural Infrastructure,False,False,,,,,,
CAS_CLEAN_214,SNP_CAS_CLEAN_214_CASE_INITIATION_MILESTONE_20250928,CASE_INITIATION_TO_MILESTONE,270,270,270,1,,0,False,GENERAL_NOTICE,Pune,,,District Collectorate & Administration Pune,RFCTLARR_2013,Rural Infrastructure,False,False,,,,,,
CAS_CLEAN_223,SNP_CAS_CLEAN_223_CASE_INITIATION_MILESTONE_20250928,CASE_INITIATION_TO_MILESTONE,270,270,270,1,,0,False,GENERAL_NOTICE,Pune,,,District Collectorate & Administration Pune,RFCTLARR_2013,Rural Infrastructure,False,False,,,,,,
CAS_CLEAN_224,SNP_CAS_CLEAN_224_CASE_INITIATION_MILESTONE_20250928,CASE_INITIATION_TO_MILESTONE,270,270,270,1,,0,False,GENERAL_NOTICE,Pune,,,District Collectorate & Administration Pune,RFCTLARR_2013,Rural Infrastructure,False,False,,,,,,
CAS_CLEAN_225,SNP_CAS_CLEAN_225_CASE_INITIATION_MILESTONE_20250928,CASE_INITIATION_TO_MILESTONE,270,270,270,1,,0,False,GENERAL_NOTICE,Pune,,,District Collectorate & Administration Pune,RFCTLARR_2013,Rural Infrastructure,False,False,,,,,,
CAS_CLEAN_006,SNP_CAS_CLEAN_006_CASE_INITIATION_MILESTONE_20250929,CASE_INITIATION_TO_MILESTONE,0,0,0,1,0.0,0,False,SECTION_11,Nagpur,Kuhi,Awarmara,District Collectorate & Administration Nagpur,RFCTLARR_2013,Rural Infrastructure,False,False,,,,,,
CAS_CLEAN_014,SNP_CAS_CLEAN_014_CASE_INITIATION_MILESTONE_20250929,CASE_INITIATION_TO_MILESTONE,0,0,0,1,0.0,0,False,SECTION_11,Nagpur,Bhiwapur,Bhiwapur,District Collectorate & Administration Nagpur,RFCTLARR_2013,Rural Infrastructure,False,False,,,,,,
CAS_CLEAN_019,SNP_CAS_CLEAN_019_CASE_INITIATION_MILESTONE_20250929,CASE_INITIATION_TO_MILESTONE,0,0,0,1,0.0,0,False,SECTION_11,Nagpur,Kuhi,Bramhani,District Collectorate & Administration Nagpur,RFCTLARR_2013,Rural Infrastructure,False,False,,,,,,
CAS_CLEAN_060,SNP_CAS_CLEAN_060_CASE_INITIATION_MILESTONE_20250929,CASE_INITIATION_TO_MILESTONE,0,0,0,1,0.0,0,False,SECTION_11,Nagpur,Kuhi,Gonha,District Collectorate & Administration Nagpur,RFCTLARR_2013,Highway / Road Widening,False,False,,,,,,
CAS_CLEAN_080,SNP_CAS_CLEAN_080_CASE_INITIATION_MILESTONE_20250929,CASE_INITIATION_TO_MILESTONE,0,0,0,1,0.0,0,False,SECTION_11,Nagpur,Kuhi,Kujba,District Collectorate & Administration Nagpur,RFCTLARR_2013,Rural Infrastructure,False,False,,,,,,
CAS_CLEAN_129,SNP_CAS_CLEAN_129_CASE_INITIATION_MILESTONE_20250929,CASE_INITIATION_TO_MILESTONE,0,0,0,1,0.0,0,False,SECTION_11,Nagpur,Kuhi,Ruyad,District Collectorate & Administration Nagpur,RFCTLARR_2013,Rural Infrastructure,False,False,,,,,,
CAS_CLEAN_146,SNP_CAS_CLEAN_146_CASE_INITIATION_MILESTONE_20250929,CASE_INITIATION_TO_MILESTONE,0,0,0,1,0.0,0,False,SECTION_11,Nagpur,Kuhi,Takli,District Collectorate & Administration Nagpur,RFCTLARR_2013,Rural Infrastructure,False,False,,,,,,
CAS_CLEAN_147,SNP_CAS_CLEAN_147_CASE_INITIATION_MILESTONE_20250929,CASE_INITIATION_TO_MILESTONE,0,0,0,1,0.0,0,False,SECTION_11,Nagpur,Kuhi,Taroli,District Collectorate & Administration Nagpur,RFCTLARR_2013,Rural Infrastructure,False,False,,,,,,
CAS_CLEAN_003,SNP_CAS_CLEAN_003_CASE_INITIATION_MILESTONE_20250930,CASE_INITIATION_TO_MILESTONE,0,0,0,1,0.0,0,False,SECTION_11,Nagpur,Kuhi,Amti,District Collectorate & Administration Nagpur,RFCTLARR_2013,Rural Infrastructure,False,False,,,,,,
CAS_CLEAN_124,SNP_CAS_CLEAN_124_CASE_INITIATION_MILESTONE_20250930,CASE_INITIATION_TO_MILESTONE,0,0,0,1,0.0,0,False,SECTION_11,Nagpur,Saoner,Ranala,District Collectorate & Administration Nagpur,RFCTLARR_2013,Rural Infrastructure,False,False,,,,,,
CAS_CLEAN_185,SNP_CAS_CLEAN_185_CASE_INITIATION_MILESTONE_20250930,CASE_INITIATION_TO_MILESTONE,270,270,270,1,,0,False,GENERAL_NOTICE,Pune,,,District Collectorate & Administration Pune,RFCTLARR_2013,Rural Infrastructure,False,False,,,,,,
CAS_CLEAN_096,SNP_CAS_CLEAN_096_CASE_INITIATION_MILESTONE_20251001,CASE_INITIATION_TO_MILESTONE,365,365,365,1,,0,False,SECTION_21,Nagpur,Nagpur City,Nagpur,District Collectorate & Administration Nagpur,RFCTLARR_2013,Rural Infrastructure,False,False,,,,,,
CAS_CLEAN_201,SNP_CAS_CLEAN_201_CASE_INITIATION_MILESTONE_20251001,CASE_INITIATION_TO_MILESTONE,180,180,180,1,,0,False,GENERAL_NOTICE,Pune,,,District Collectorate & Administration Pune,RFCTLARR_2013,Rural Infrastructure,False,False,,,,,,
CAS_CLEAN_238,SNP_CAS_CLEAN_238_CASE_INITIATION_MILESTONE_20251001,CASE_INITIATION_TO_MILESTONE,180,180,180,1,,0,False,GENERAL_NOTICE,Pune,,Khed,District Collectorate & Administration Pune,RFCTLARR_2013,Rural Infrastructure,False,False,,,,,,
CAS_CLEAN_009,SNP_CAS_CLEAN_009_CASE_INITIATION_MILESTONE_20251011,CASE_INITIATION_TO_MILESTONE,270,270,270,1,0.7397,0,False,SECTION_11,Nagpur,Narkhed,Belona,District Collectorate & Administration Nagpur,RFCTLARR_2013,Rural Infrastructure,False,False,,,,,,
CAS_CLEAN_064,SNP_CAS_CLEAN_064_CASE_INITIATION_MILESTONE_20251011,CASE_INITIATION_TO_MILESTONE,270,270,270,1,0.7397,0,False,SECTION_11,Nagpur,Kuhi,Hardoli,District Collectorate & Administration Nagpur,RFCTLARR_2013,Rural Infrastructure,False,False,,,,,,
CAS_CLEAN_071,SNP_CAS_CLEAN_071_CASE_INITIATION_MILESTONE_20251011,CASE_INITIATION_TO_MILESTONE,365,0,,0,,1,True,INITIATION,Nagpur,Saoner,Khariy Dhalgaon,District Collectorate & Administration Nagpur,RFCTLARR_2013,Rural Infrastructure,False,False,,,,,,
CAS_CLEAN_120,SNP_CAS_CLEAN_120_CASE_INITIATION_MILESTONE_20251011,CASE_INITIATION_TO_MILESTONE,270,270,270,1,0.7397,0,False,SECTION_11,Nagpur,Kuhi,Rajola,District Collectorate & Administration Nagpur,RFCTLARR_2013,Rural Infrastructure,False,False,,,,,,
CAS_CLEAN_149,SNP_CAS_CLEAN_149_CASE_INITIATION_MILESTONE_20251012,CASE_INITIATION_TO_MILESTONE,270,270,270,1,,0,False,DIRECT_PURCHASE,Nagpur,Bhiwapur,Thutanbori,District Collectorate & Administration Nagpur,RFCTLARR_2013,Rural Infrastructure,True,False,,,,,,
CAS_CLEAN_156,SNP_CAS_CLEAN_156_CASE_INITIATION_MILESTONE_20251012,CASE_INITIATION_TO_MILESTONE,270,270,270,1,,0,False,DIRECT_PURCHASE,Nagpur,Kuhi,Veltur,District Collectorate & Administration Nagpur,RFCTLARR_2013,Rural Infrastructure,True,False,,,,,,
CAS_CLEAN_042,SNP_CAS_CLEAN_042_CASE_INITIATION_MILESTONE_20251014,CASE_INITIATION_TO_MILESTONE,180,110,110,2,,0,False,GENERAL_NOTICE,Nagpur,Nagpur City,Chikhali Khurd,District Collectorate & Administration Nagpur,RFCTLARR_2013,Rural Infrastructure,False,False,,,,,,
CAS_CLEAN_092,SNP_CAS_CLEAN_092_CASE_INITIATION_MILESTONE_20251014,CASE_INITIATION_TO_MILESTONE,180,180,180,1,,0,False,GENERAL_NOTICE,Nagpur,Nagpur City,Nagpur Khas,District Collectorate & Administration Nagpur,RFCTLARR_2013,Rural Infrastructure,False,False,,,,,,
CAS_CLEAN_197,SNP_CAS_CLEAN_197_CASE_INITIATION_MILESTONE_20251014,CASE_INITIATION_TO_MILESTONE,180,180,180,1,,0,False,GENERAL_NOTICE,Pune,,,District Collectorate & Administration Pune,RFCTLARR_2013,Rural Infrastructure,False,False,,,,,,
CAS_CLEAN_191,SNP_CAS_CLEAN_191_CASE_INITIATION_MILESTONE_20251015,CASE_INITIATION_TO_MILESTONE,90,90,90,1,,0,False,GENERAL_NOTICE,Pune,,,District Collectorate & Administration Pune,RFCTLARR_2013,Rural Infrastructure,False,False,,,,,,
CAS_CLEAN_198,SNP_CAS_CLEAN_198_CASE_INITIATION_MILESTONE_20251018,CASE_INITIATION_TO_MILESTONE,180,180,180,1,,0,False,GENERAL_NOTICE,Pune,,,District Collectorate & Administration Pune,RFCTLARR_2013,Rural Infrastructure,False,False,,,,,,
CAS_CLEAN_199,SNP_CAS_CLEAN_199_CASE_INITIATION_MILESTONE_20251018,CASE_INITIATION_TO_MILESTONE,180,180,180,1,,0,False,GENERAL_NOTICE,Pune,,,District Collectorate & Administration Pune,RFCTLARR_2013,Rural Infrastructure,False,False,,,,,,
CAS_CLEAN_200,SNP_CAS_CLEAN_200_CASE_INITIATION_MILESTONE_20251018,CASE_INITIATION_TO_MILESTONE,180,180,180,1,,0,False,GENERAL_NOTICE,Pune,,,District Collectorate & Administration Pune,RFCTLARR_2013,Rural Infrastructure,False,False,,,,,,
CAS_CLEAN_264,SNP_CAS_CLEAN_264_CASE_INITIATION_MILESTONE_20251018,CASE_INITIATION_TO_MILESTONE,180,180,180,1,,0,False,GENERAL_NOTICE,Solapur,,,District Collectorate & Administration Solapur,RFCTLARR_2013,Rural Infrastructure,False,False,,,,,,
CAS_CLEAN_054,SNP_CAS_CLEAN_054_CASE_INITIATION_MILESTONE_20251019,CASE_INITIATION_TO_MILESTONE,270,270,270,1,0.7397,0,False,SECTION_11,Nagpur,,,District Collectorate & Administration Nagpur,RFCTLARR_2013,Rural Infrastructure,False,False,,,,,,
CAS_CLEAN_237,SNP_CAS_CLEAN_237_CASE_INITIATION_MILESTONE_20251019,CASE_INITIATION_TO_MILESTONE,90,90,90,1,,0,False,GENERAL_NOTICE,Pune,,Khed,District Collectorate & Administration Pune,RFCTLARR_2013,Rural Infrastructure,False,False,,,,,,
CAS_CLEAN_251,SNP_CAS_CLEAN_251_CASE_INITIATION_MILESTONE_20251019,CASE_INITIATION_TO_MILESTONE,90,90,90,1,,0,False,GENERAL_NOTICE,Pune,,Nighoje,District Collectorate & Administration Pune,RFCTLARR_2013,Rural Infrastructure,False,False,,,,,,
CAS_CLEAN_057,SNP_CAS_CLEAN_057_CASE_INITIATION_MILESTONE_20251020,CASE_INITIATION_TO_MILESTONE,270,270,270,1,,0,False,DIRECT_PURCHASE,Nagpur,Bhiwapur,Gondbori,District Collectorate & Administration Nagpur,RFCTLARR_2013,Rural Infrastructure,True,False,,,,,,
CAS_CLEAN_112,SNP_CAS_CLEAN_112_CASE_INITIATION_MILESTONE_20251020,CASE_INITIATION_TO_MILESTONE,270,270,270,1,,0,False,DIRECT_PURCHASE,Nagpur,Bhiwapur,Piparda (Rithi),District Collectorate & Administration Nagpur,RFCTLARR_2013,Rural Infrastructure,True,False,,,,,,
CAS_CLEAN_222,SNP_CAS_CLEAN_222_CASE_INITIATION_MILESTONE_20251025,CASE_INITIATION_TO_MILESTONE,270,270,270,1,,0,False,GENERAL_NOTICE,Pune,,,District Collectorate & Administration Pune,RFCTLARR_2013,Rural Infrastructure,False,False,,,,,,
CAS_CLEAN_025,SNP_CAS_CLEAN_025_CASE_INITIATION_MILESTONE_20251030,CASE_INITIATION_TO_MILESTONE,90,90,90,1,0.2466,0,False,SECTION_11,Nagpur,,,District Collectorate & Administration Nagpur,RFCTLARR_2013,Rural Infrastructure,False,False,,,,,,
CAS_CLEAN_026,SNP_CAS_CLEAN_026_CASE_INITIATION_MILESTONE_20251030,CASE_INITIATION_TO_MILESTONE,90,90,90,1,0.2466,0,False,SECTION_11,Nagpur,t TiqHT,,District Collectorate & Administration Nagpur,RFCTLARR_2013,Rural Infrastructure,False,False,,,,,,
CAS_CLEAN_065,SNP_CAS_CLEAN_065_CASE_INITIATION_MILESTONE_20251030,CASE_INITIATION_TO_MILESTONE,90,90,90,1,0.2466,0,False,SECTION_11,Nagpur,,Hardoli,District Collectorate & Administration Nagpur,RFCTLARR_2013,Rural Infrastructure,False,False,,,,,,
CAS_CLEAN_078,SNP_CAS_CLEAN_078_CASE_INITIATION_MILESTONE_20251030,CASE_INITIATION_TO_MILESTONE,90,90,90,1,0.2466,0,False,SECTION_11,Nagpur,,Kotgaon,District Collectorate & Administration Nagpur,RFCTLARR_2013,Rural Infrastructure,False,False,,,,,,
CAS_CLEAN_103,SNP_CAS_CLEAN_103_CASE_INITIATION_MILESTONE_20251030,CASE_INITIATION_TO_MILESTONE,90,90,90,1,0.2466,0,False,SECTION_11,Nagpur,,Navegao,District Collectorate & Administration Nagpur,RFCTLARR_2013,Rural Infrastructure,False,False,,,,,,
CAS_CLEAN_121,SNP_CAS_CLEAN_121_CASE_INITIATION_MILESTONE_20251030,CASE_INITIATION_TO_MILESTONE,90,90,90,1,0.2466,0,False,SECTION_11,Nagpur,Tlq,Rajola,District Collectorate & Administration Nagpur,RFCTLARR_2013,Rural Infrastructure,False,False,,,,,,
CAS_CLEAN_097,SNP_CAS_CLEAN_097_CASE_INITIATION_MILESTONE_20251101,CASE_INITIATION_TO_MILESTONE,180,180,180,1,,0,False,SECTION_21,Nagpur,Nagpur (Urban),Nagpur (Khas),District Collectorate & Administration Nagpur,RFCTLARR_2013,Highway / Road Widening,False,False,,,,,,
CAS_CLEAN_190,SNP_CAS_CLEAN_190_CASE_INITIATION_MILESTONE_20251102,CASE_INITIATION_TO_MILESTONE,90,90,90,1,,0,False,GENERAL_NOTICE,Pune,,,District Collectorate & Administration Pune,RFCTLARR_2013,Rural Infrastructure,False,False,,,,,,
CAS_CLEAN_216,SNP_CAS_CLEAN_216_CASE_INITIATION_MILESTONE_20251110,CASE_INITIATION_TO_MILESTONE,270,270,270,1,,0,False,GENERAL_NOTICE,Pune,,,District Collectorate & Administration Pune,RFCTLARR_2013,Rural Infrastructure,False,False,,,,,,
CAS_CLEAN_218,SNP_CAS_CLEAN_218_CASE_INITIATION_MILESTONE_20251110,CASE_INITIATION_TO_MILESTONE,270,270,270,1,,0,False,GENERAL_NOTICE,Pune,,,District Collectorate & Administration Pune,RFCTLARR_2013,Rural Infrastructure,False,False,,,,,,
CAS_CLEAN_219,SNP_CAS_CLEAN_219_CASE_INITIATION_MILESTONE_20251110,CASE_INITIATION_TO_MILESTONE,270,270,270,1,,0,False,GENERAL_NOTICE,Pune,,,District Collectorate & Administration Pune,RFCTLARR_2013,Rural Infrastructure,False,False,,,,,,
CAS_CLEAN_221,SNP_CAS_CLEAN_221_CASE_INITIATION_MILESTONE_20251110,CASE_INITIATION_TO_MILESTONE,270,270,270,1,,0,False,GENERAL_NOTICE,Pune,,,District Collectorate & Administration Pune,RFCTLARR_2013,Rural Infrastructure,False,False,,,,,,
CAS_CLEAN_016,SNP_CAS_CLEAN_016_CASE_INITIATION_MILESTONE_20251111,CASE_INITIATION_TO_MILESTONE,270,270,270,1,,0,False,DIRECT_PURCHASE,Nagpur,Bhiwapur,Bhiwapur,District Collectorate & Administration Nagpur,RFCTLARR_2013,Rural Infrastructure,True,False,,,,,,
CAS_CLEAN_234,SNP_CAS_CLEAN_234_CASE_INITIATION_MILESTONE_20251117,CASE_INITIATION_TO_MILESTONE,270,270,270,1,,0,False,GENERAL_NOTICE,Pune,Haveli,Katraj,District Collectorate & Administration Pune,RFCTLARR_2013,Highway / Road Widening,False,False,,,,,,
CAS_CLEAN_100,SNP_CAS_CLEAN_100_CASE_INITIATION_MILESTONE_20251122,CASE_INITIATION_TO_MILESTONE,270,270,270,1,,0,False,SECTION_21,Nagpur,,Nagpur (Khas),District Collectorate & Administration Nagpur,RFCTLARR_2013,Rural Infrastructure,False,False,,,,,,
CAS_CLEAN_024,SNP_CAS_CLEAN_024_CASE_INITIATION_MILESTONE_20251124,CASE_INITIATION_TO_MILESTONE,180,180,180,1,,0,False,GENERAL_NOTICE,Nagpur,Nagpur City,,District Collectorate & Administration Nagpur,RFCTLARR_2013,Rural Infrastructure,False,False,,,,,,
CAS_CLEAN_203,SNP_CAS_CLEAN_203_CASE_INITIATION_MILESTONE_20251124,CASE_INITIATION_TO_MILESTONE,270,270,270,1,,0,False,GENERAL_NOTICE,Pune,,,District Collectorate & Administration Pune,RFCTLARR_2013,Rural Infrastructure,False,False,,,,,,
CAS_CLEAN_204,SNP_CAS_CLEAN_204_CASE_INITIATION_MILESTONE_20251124,CASE_INITIATION_TO_MILESTONE,270,270,270,1,,0,False,GENERAL_NOTICE,Pune,HH fOnT,,District Collectorate & Administration Pune,RFCTLARR_2013,Rural Infrastructure,False,False,,,,,,
CAS_CLEAN_205,SNP_CAS_CLEAN_205_CASE_INITIATION_MILESTONE_20251124,CASE_INITIATION_TO_MILESTONE,270,270,270,1,,0,False,GENERAL_NOTICE,Pune,qgTITFt aNNvq,,District Collectorate & Administration Pune,RFCTLARR_2013,Rural Infrastructure,False,False,,,,,,
CAS_CLEAN_206,SNP_CAS_CLEAN_206_CASE_INITIATION_MILESTONE_20251124,CASE_INITIATION_TO_MILESTONE,270,270,270,1,,0,False,GENERAL_NOTICE,Pune,,,District Collectorate & Administration Pune,RFCTLARR_2013,Rural Infrastructure,False,False,,,,,,
CAS_CLEAN_033,SNP_CAS_CLEAN_033_CASE_INITIATION_MILESTONE_20251126,CASE_INITIATION_TO_MILESTONE,180,180,180,1,,0,False,GENERAL_NOTICE,Nagpur,,,District Collectorate & Administration Nagpur,RFCTLARR_2013,Highway / Road Widening,False,False,,,,,,
CAS_CLEAN_211,SNP_CAS_CLEAN_211_CASE_INITIATION_MILESTONE_20251126,CASE_INITIATION_TO_MILESTONE,270,270,270,1,,0,False,GENERAL_NOTICE,Pune,,,District Collectorate & Administration Pune,RFCTLARR_2013,Rural Infrastructure,False,False,,,,,,
CAS_CLEAN_023,SNP_CAS_CLEAN_023_CASE_INITIATION_MILESTONE_20251202,CASE_INITIATION_TO_MILESTONE,180,180,180,1,,0,False,GENERAL_NOTICE,Nagpur,,,District Collectorate & Administration Nagpur,RFCTLARR_2013,Rural Infrastructure,False,False,,,,,,
CAS_CLEAN_148,SNP_CAS_CLEAN_148_CASE_INITIATION_MILESTONE_20251202,CASE_INITIATION_TO_MILESTONE,365,365,365,1,,0,False,GENERAL_NOTICE,Nagpur,Bhivapur,Thutanbori,District Collectorate & Administration Nagpur,RFCTLARR_2013,Rural Infrastructure,False,False,,,,,,
CAS_CLEAN_189,SNP_CAS_CLEAN_189_CASE_INITIATION_MILESTONE_20251202,CASE_INITIATION_TO_MILESTONE,90,90,90,1,,0,False,GENERAL_NOTICE,Pune,,,District Collectorate & Administration Pune,RFCTLARR_2013,Rural Infrastructure,False,False,,,,,,
CAS_CLEAN_193,SNP_CAS_CLEAN_193_CASE_INITIATION_MILESTONE_20251203,CASE_INITIATION_TO_MILESTONE,180,180,180,1,,0,False,GENERAL_NOTICE,Pune,,,District Collectorate & Administration Pune,RFCTLARR_2013,Rural Infrastructure,False,False,,,,,,
CAS_CLEAN_196,SNP_CAS_CLEAN_196_CASE_INITIATION_MILESTONE_20251203,CASE_INITIATION_TO_MILESTONE,180,180,180,1,,0,False,GENERAL_NOTICE,Pune,,,District Collectorate & Administration Pune,RFCTLARR_2013,Rural Infrastructure,False,False,,,,,,
CAS_CLEAN_212,SNP_CAS_CLEAN_212_CASE_INITIATION_MILESTONE_20251205,CASE_INITIATION_TO_MILESTONE,270,270,270,1,,0,False,GENERAL_NOTICE,Pune,,,District Collectorate & Administration Pune,RFCTLARR_2013,Rural Infrastructure,False,False,,,,,,
CAS_CLEAN_213,SNP_CAS_CLEAN_213_CASE_INITIATION_MILESTONE_20251205,CASE_INITIATION_TO_MILESTONE,270,270,270,1,,0,False,GENERAL_NOTICE,Pune,,,District Collectorate & Administration Pune,RFCTLARR_2013,Rural Infrastructure,False,False,,,,,,
CAS_CLEAN_215,SNP_CAS_CLEAN_215_CASE_INITIATION_MILESTONE_20251206,CASE_INITIATION_TO_MILESTONE,270,270,270,1,,0,False,GENERAL_NOTICE,Pune,,,District Collectorate & Administration Pune,RFCTLARR_2013,Rural Infrastructure,False,False,,,,,,
CAS_CLEAN_207,SNP_CAS_CLEAN_207_CASE_INITIATION_MILESTONE_20251208,CASE_INITIATION_TO_MILESTONE,270,270,270,1,,0,False,GENERAL_NOTICE,Pune,,,District Collectorate & Administration Pune,RFCTLARR_2013,Rural Infrastructure,False,False,,,,,,
CAS_CLEAN_208,SNP_CAS_CLEAN_208_CASE_INITIATION_MILESTONE_20251208,CASE_INITIATION_TO_MILESTONE,270,270,270,1,,0,False,GENERAL_NOTICE,Pune,,,District Collectorate & Administration Pune,RFCTLARR_2013,Rural Infrastructure,False,False,,,,,,
CAS_CLEAN_209,SNP_CAS_CLEAN_209_CASE_INITIATION_MILESTONE_20251208,CASE_INITIATION_TO_MILESTONE,270,270,270,1,,0,False,GENERAL_NOTICE,Pune,,,District Collectorate & Administration Pune,RFCTLARR_2013,Rural Infrastructure,False,False,,,,,,
CAS_CLEAN_245,SNP_CAS_CLEAN_245_CASE_INITIATION_MILESTONE_20251209,CASE_INITIATION_TO_MILESTONE,90,90,90,1,,0,False,GENERAL_NOTICE,Pune,,Lonikand,District Collectorate & Administration Pune,RFCTLARR_2013,Rural Infrastructure,False,False,,,,,,
CAS_CLEAN_005,SNP_CAS_CLEAN_005_CASE_INITIATION_MILESTONE_20251210,CASE_INITIATION_TO_MILESTONE,365,329,329,2,,0,False,DIRECT_PURCHASE,Nagpur,Kuhi,Awarmara,District Collectorate & Administration Nagpur,RFCTLARR_2013,Rural Infrastructure,True,False,,,,,,
CAS_CLEAN_079,SNP_CAS_CLEAN_079_CASE_INITIATION_MILESTONE_20251210,CASE_INITIATION_TO_MILESTONE,365,329,329,2,,0,False,DIRECT_PURCHASE,Nagpur,Kuhi,Kujba,District Collectorate & Administration Nagpur,RFCTLARR_2013,Rural Infrastructure,True,False,,,,,,
CAS_CLEAN_145,SNP_CAS_CLEAN_145_CASE_INITIATION_MILESTONE_20251210,CASE_INITIATION_TO_MILESTONE,365,329,329,2,,0,False,DIRECT_PURCHASE,Nagpur,Kuhi,Takli,District Collectorate & Administration Nagpur,RFCTLARR_2013,Rural Infrastructure,True,False,,,,,,
CAS_CLEAN_091,SNP_CAS_CLEAN_091_CASE_INITIATION_MILESTONE_20251212,CASE_INITIATION_TO_MILESTONE,365,365,365,1,,0,False,GENERAL_NOTICE,Nagpur,,Nagpur City,District Collectorate & Administration Nagpur,RFCTLARR_2013,Rural Infrastructure,False,False,,,,,,
CAS_CLEAN_258,SNP_CAS_CLEAN_258_CASE_INITIATION_MILESTONE_20251212,CASE_INITIATION_TO_MILESTONE,270,270,270,1,,0,False,GENERAL_NOTICE,Pune,Haveli,Vadgaon Sheri,District Collectorate & Administration Pune,LAND_ACQUISITION_ACT_1894,Highway / Road Widening,False,False,,,,,,
CAS_CLEAN_259,SNP_CAS_CLEAN_259_CASE_INITIATION_MILESTONE_20251212,CASE_INITIATION_TO_MILESTONE,0,0,0,1,0.0,0,False,SECTION_11,Solapur,Malshiras,,District Collectorate & Administration Solapur,RFCTLARR_2013,Rural Infrastructure,False,False,,,,,,
CAS_CLEAN_210,SNP_CAS_CLEAN_210_CASE_INITIATION_MILESTONE_20251215,CASE_INITIATION_TO_MILESTONE,270,270,270,1,,0,False,GENERAL_NOTICE,Pune,,,District Collectorate & Administration Pune,RFCTLARR_2013,Rural Infrastructure,False,False,,,,,,
CAS_CLEAN_244,SNP_CAS_CLEAN_244_CASE_INITIATION_MILESTONE_20251216,CASE_INITIATION_TO_MILESTONE,90,90,90,1,,0,False,GENERAL_NOTICE,Pune,,Lonikand,District Collectorate & Administration Pune,RFCTLARR_2013,Rural Infrastructure,False,False,,,,,,
CAS_CLEAN_133,SNP_CAS_CLEAN_133_CASE_INITIATION_MILESTONE_20251218,CASE_INITIATION_TO_MILESTONE,90,90,90,1,,0,False,SECTION_21,Nagpur,Kuhi,Savargao,District Collectorate & Administration Nagpur,RFCTLARR_2013,Rural Infrastructure,False,False,,,,,,
CAS_CLEAN_101,SNP_CAS_CLEAN_101_CASE_INITIATION_MILESTONE_20251220,CASE_INITIATION_TO_MILESTONE,180,180,180,1,,0,False,SECTION_21,Nagpur,,Nagpur (Khas),District Collectorate & Administration Nagpur,RFCTLARR_2013,Rural Infrastructure,False,False,,,,,,
CAS_CLEAN_093,SNP_CAS_CLEAN_093_CASE_INITIATION_MILESTONE_20251223,CASE_INITIATION_TO_MILESTONE,180,180,180,1,,0,False,GENERAL_NOTICE,Nagpur,Nagpur City,Nagpur (Khas),District Collectorate & Administration Nagpur,RFCTLARR_2013,Rural Infrastructure,False,False,,,,,,
CAS_CLEAN_228,SNP_CAS_CLEAN_228_CASE_INITIATION_MILESTONE_20251223,CASE_INITIATION_TO_MILESTONE,365,365,365,1,,0,False,GENERAL_NOTICE,Pune,,,District Collectorate & Administration Pune,RFCTLARR_2013,Rural Infrastructure,False,False,,,,,,
CAS_CLEAN_229,SNP_CAS_CLEAN_229_CASE_INITIATION_MILESTONE_20251223,CASE_INITIATION_TO_MILESTONE,365,365,365,1,,0,False,GENERAL_NOTICE,Pune,,,District Collectorate & Administration Pune,RFCTLARR_2013,Rural Infrastructure,False,False,,,,,,
CAS_CLEAN_230,SNP_CAS_CLEAN_230_CASE_INITIATION_MILESTONE_20251223,CASE_INITIATION_TO_MILESTONE,365,365,365,1,,0,False,GENERAL_NOTICE,Pune,,,District Collectorate & Administration Pune,RFCTLARR_2013,Rural Infrastructure,False,False,,,,,,
CAS_CLEAN_231,SNP_CAS_CLEAN_231_CASE_INITIATION_MILESTONE_20251223,CASE_INITIATION_TO_MILESTONE,365,365,365,1,,0,False,GENERAL_NOTICE,Pune,,,District Collectorate & Administration Pune,RFCTLARR_2013,Rural Infrastructure,False,False,,,,,,
CAS_CLEAN_232,SNP_CAS_CLEAN_232_CASE_INITIATION_MILESTONE_20251223,CASE_INITIATION_TO_MILESTONE,365,365,365,1,,0,False,GENERAL_NOTICE,Pune,,Hadapsar,District Collectorate & Administration Pune,RFCTLARR_2013,Rural Infrastructure,False,False,,,,,,
CAS_CLEAN_242,SNP_CAS_CLEAN_242_CASE_INITIATION_MILESTONE_20251223,CASE_INITIATION_TO_MILESTONE,365,365,365,1,,0,False,GENERAL_NOTICE,Pune,,Kothrud,District Collectorate & Administration Pune,RFCTLARR_2013,Rural Infrastructure,False,False,,,,,,
CAS_CLEAN_194,SNP_CAS_CLEAN_194_CASE_INITIATION_MILESTONE_20251224,CASE_INITIATION_TO_MILESTONE,180,180,180,1,,0,False,GENERAL_NOTICE,Pune,,,District Collectorate & Administration Pune,RFCTLARR_2013,Rural Infrastructure,False,False,,,,,,
CAS_CLEAN_195,SNP_CAS_CLEAN_195_CASE_INITIATION_MILESTONE_20251224,CASE_INITIATION_TO_MILESTONE,180,180,180,1,,0,False,GENERAL_NOTICE,Pune,,,District Collectorate & Administration Pune,RFCTLARR_2013,Rural Infrastructure,False,False,,,,,,
CAS_CLEAN_243,SNP_CAS_CLEAN_243_CASE_INITIATION_MILESTONE_20251224,CASE_INITIATION_TO_MILESTONE,90,90,90,1,,0,False,GENERAL_NOTICE,Pune,,Lonikand,District Collectorate & Administration Pune,RFCTLARR_2013,Rural Infrastructure,False,False,,,,,,
CAS_CLEAN_001,SNP_CAS_CLEAN_001_CASE_INITIATION_MILESTONE_20251227,CASE_INITIATION_TO_MILESTONE,365,365,365,1,,0,False,DIRECT_PURCHASE,Nagpur,Kuhi,Aamti,District Collectorate & Administration Nagpur,RFCTLARR_2013,Rural Infrastructure,True,False,,,,,,
CAS_CLEAN_227,SNP_CAS_CLEAN_227_CASE_INITIATION_MILESTONE_20251227,CASE_INITIATION_TO_MILESTONE,365,365,365,1,,0,False,GENERAL_NOTICE,Pune,,,District Collectorate & Administration Pune,RFCTLARR_2013,Rural Infrastructure,False,False,,,,,,
CAS_CLEAN_240,SNP_CAS_CLEAN_240_CASE_INITIATION_MILESTONE_20251227,CASE_INITIATION_TO_MILESTONE,365,365,365,1,,0,False,GENERAL_NOTICE,Pune,,Khed,District Collectorate & Administration Pune,RFCTLARR_2013,Rural Infrastructure,False,False,,,,,,
CAS_CLEAN_124,SNP_CAS_CLEAN_124_CASE_INITIATION_MILESTONE_20251229,CASE_INITIATION_TO_MILESTONE,90,90,90,1,0.2466,0,False,SECTION_11,Nagpur,Saoner,Ranala,District Collectorate & Administration Nagpur,RFCTLARR_2013,Rural Infrastructure,False,False,,,,,,
CAS_CLEAN_201,SNP_CAS_CLEAN_201_CASE_INITIATION_MILESTONE_20251230,CASE_INITIATION_TO_MILESTONE,270,270,270,1,,0,False,GENERAL_NOTICE,Pune,,,District Collectorate & Administration Pune,RFCTLARR_2013,Rural Infrastructure,False,False,,,,,,
CAS_CLEAN_238,SNP_CAS_CLEAN_238_CASE_INITIATION_MILESTONE_20251230,CASE_INITIATION_TO_MILESTONE,270,270,270,1,,0,False,GENERAL_NOTICE,Pune,,Khed,District Collectorate & Administration Pune,RFCTLARR_2013,Rural Infrastructure,False,False,,,,,,
CAS_CLEAN_095,SNP_CAS_CLEAN_095_CASE_INITIATION_MILESTONE_20260101,CASE_INITIATION_TO_MILESTONE,365,328,328,2,,0,False,SECTION_21,Nagpur,kmEtf,Nagpur (City),District Collectorate & Administration Nagpur,RFCTLARR_2013,Rural Infrastructure,False,False,,,,,,
CAS_CLEAN_214,SNP_CAS_CLEAN_214_CASE_INITIATION_MILESTONE_20260101,CASE_INITIATION_TO_MILESTONE,365,365,365,1,,0,False,GENERAL_NOTICE,Pune,,,District Collectorate & Administration Pune,RFCTLARR_2013,Rural Infrastructure,False,False,,,,,,
CAS_CLEAN_223,SNP_CAS_CLEAN_223_CASE_INITIATION_MILESTONE_20260101,CASE_INITIATION_TO_MILESTONE,365,365,365,1,,0,False,GENERAL_NOTICE,Pune,,,District Collectorate & Administration Pune,RFCTLARR_2013,Rural Infrastructure,False,False,,,,,,
CAS_CLEAN_224,SNP_CAS_CLEAN_224_CASE_INITIATION_MILESTONE_20260101,CASE_INITIATION_TO_MILESTONE,365,365,365,1,,0,False,GENERAL_NOTICE,Pune,,,District Collectorate & Administration Pune,RFCTLARR_2013,Rural Infrastructure,False,False,,,,,,
CAS_CLEAN_225,SNP_CAS_CLEAN_225_CASE_INITIATION_MILESTONE_20260101,CASE_INITIATION_TO_MILESTONE,365,365,365,1,,0,False,GENERAL_NOTICE,Pune,,,District Collectorate & Administration Pune,RFCTLARR_2013,Rural Infrastructure,False,False,,,,,,
CAS_CLEAN_185,SNP_CAS_CLEAN_185_CASE_INITIATION_MILESTONE_20260103,CASE_INITIATION_TO_MILESTONE,365,365,365,1,,0,False,GENERAL_NOTICE,Pune,,,District Collectorate & Administration Pune,RFCTLARR_2013,Rural Infrastructure,False,False,,,,,,
CAS_CLEAN_052,SNP_CAS_CLEAN_052_CASE_INITIATION_MILESTONE_20260109,CASE_INITIATION_TO_MILESTONE,0,0,0,1,,0,False,GENERAL_NOTICE,Nagpur,,,District Collectorate & Administration Nagpur,RFCTLARR_2013,Rural Infrastructure,False,False,,,,,,
CAS_CLEAN_042,SNP_CAS_CLEAN_042_CASE_INITIATION_MILESTONE_20260112,CASE_INITIATION_TO_MILESTONE,270,200,200,2,,0,False,GENERAL_NOTICE,Nagpur,Nagpur City,Chikhali Khurd,District Collectorate & Administration Nagpur,RFCTLARR_2013,Rural Infrastructure,False,False,,,,,,
CAS_CLEAN_092,SNP_CAS_CLEAN_092_CASE_INITIATION_MILESTONE_20260112,CASE_INITIATION_TO_MILESTONE,270,270,270,1,,0,False,GENERAL_NOTICE,Nagpur,Nagpur City,Nagpur Khas,District Collectorate & Administration Nagpur,RFCTLARR_2013,Rural Infrastructure,False,False,,,,,,
CAS_CLEAN_197,SNP_CAS_CLEAN_197_CASE_INITIATION_MILESTONE_20260112,CASE_INITIATION_TO_MILESTONE,270,270,270,1,,0,False,GENERAL_NOTICE,Pune,,,District Collectorate & Administration Pune,RFCTLARR_2013,Rural Infrastructure,False,False,,,,,,
CAS_CLEAN_191,SNP_CAS_CLEAN_191_CASE_INITIATION_MILESTONE_20260113,CASE_INITIATION_TO_MILESTONE,180,180,180,1,,0,False,GENERAL_NOTICE,Pune,,,District Collectorate & Administration Pune,RFCTLARR_2013,Rural Infrastructure,False,False,,,,,,
CAS_CLEAN_009,SNP_CAS_CLEAN_009_CASE_INITIATION_MILESTONE_20260114,CASE_INITIATION_TO_MILESTONE,365,365,365,1,1.0,0,False,SECTION_11,Nagpur,Narkhed,Belona,District Collectorate & Administration Nagpur,RFCTLARR_2013,Rural Infrastructure,False,False,,,,,,
CAS_CLEAN_064,SNP_CAS_CLEAN_064_CASE_INITIATION_MILESTONE_20260114,CASE_INITIATION_TO_MILESTONE,365,365,365,1,1.0,0,False,SECTION_11,Nagpur,Kuhi,Hardoli,District Collectorate & Administration Nagpur,RFCTLARR_2013,Rural Infrastructure,False,False,,,,,,
CAS_CLEAN_120,SNP_CAS_CLEAN_120_CASE_INITIATION_MILESTONE_20260114,CASE_INITIATION_TO_MILESTONE,365,365,365,1,1.0,0,False,SECTION_11,Nagpur,Kuhi,Rajola,District Collectorate & Administration Nagpur,RFCTLARR_2013,Rural Infrastructure,False,False,,,,,,
CAS_CLEAN_149,SNP_CAS_CLEAN_149_CASE_INITIATION_MILESTONE_20260115,CASE_INITIATION_TO_MILESTONE,365,365,365,1,,0,False,DIRECT_PURCHASE,Nagpur,Bhiwapur,Thutanbori,District Collectorate & Administration Nagpur,RFCTLARR_2013,Rural Infrastructure,True,False,,,,,,
CAS_CLEAN_156,SNP_CAS_CLEAN_156_CASE_INITIATION_MILESTONE_20260115,CASE_INITIATION_TO_MILESTONE,365,365,365,1,,0,False,DIRECT_PURCHASE,Nagpur,Kuhi,Veltur,District Collectorate & Administration Nagpur,RFCTLARR_2013,Rural Infrastructure,True,False,,,,,,
CAS_CLEAN_198,SNP_CAS_CLEAN_198_CASE_INITIATION_MILESTONE_20260116,CASE_INITIATION_TO_MILESTONE,270,270,270,1,,0,False,GENERAL_NOTICE,Pune,,,District Collectorate & Administration Pune,RFCTLARR_2013,Rural Infrastructure,False,False,,,,,,
CAS_CLEAN_199,SNP_CAS_CLEAN_199_CASE_INITIATION_MILESTONE_20260116,CASE_INITIATION_TO_MILESTONE,270,270,270,1,,0,False,GENERAL_NOTICE,Pune,,,District Collectorate & Administration Pune,RFCTLARR_2013,Rural Infrastructure,False,False,,,,,,
CAS_CLEAN_200,SNP_CAS_CLEAN_200_CASE_INITIATION_MILESTONE_20260116,CASE_INITIATION_TO_MILESTONE,270,270,270,1,,0,False,GENERAL_NOTICE,Pune,,,District Collectorate & Administration Pune,RFCTLARR_2013,Rural Infrastructure,False,False,,,,,,
CAS_CLEAN_264,SNP_CAS_CLEAN_264_CASE_INITIATION_MILESTONE_20260116,CASE_INITIATION_TO_MILESTONE,270,270,270,1,,0,False,GENERAL_NOTICE,Solapur,,,District Collectorate & Administration Solapur,RFCTLARR_2013,Rural Infrastructure,False,False,,,,,,
CAS_CLEAN_237,SNP_CAS_CLEAN_237_CASE_INITIATION_MILESTONE_20260117,CASE_INITIATION_TO_MILESTONE,180,180,180,1,,0,False,GENERAL_NOTICE,Pune,,Khed,District Collectorate & Administration Pune,RFCTLARR_2013,Rural Infrastructure,False,False,,,,,,
CAS_CLEAN_251,SNP_CAS_CLEAN_251_CASE_INITIATION_MILESTONE_20260117,CASE_INITIATION_TO_MILESTONE,180,180,180,1,,0,False,GENERAL_NOTICE,Pune,,Nighoje,District Collectorate & Administration Pune,RFCTLARR_2013,Rural Infrastructure,False,False,,,,,,
CAS_CLEAN_113,SNP_CAS_CLEAN_113_CASE_INITIATION_MILESTONE_20260119,CASE_INITIATION_TO_MILESTONE,0,0,0,1,,0,False,GENERAL_NOTICE,Nagpur,Kuhi,Pratappur,District Collectorate & Administration Nagpur,RFCTLARR_2013,Rural Infrastructure,False,False,,,,,,
CAS_CLEAN_133,SNP_CAS_CLEAN_133_CASE_INITIATION_MILESTONE_20260119,CASE_INITIATION_TO_MILESTONE,122,0,0,2,,0,False,SECTION_21,Nagpur,Kuhi,Savargao,District Collectorate & Administration Nagpur,RFCTLARR_2013,Rural Infrastructure,False,False,,,,,,
CAS_CLEAN_054,SNP_CAS_CLEAN_054_CASE_INITIATION_MILESTONE_20260122,CASE_INITIATION_TO_MILESTONE,365,365,365,1,1.0,0,False,SECTION_11,Nagpur,,,District Collectorate & Administration Nagpur,RFCTLARR_2013,Rural Infrastructure,False,False,,,,,,
CAS_CLEAN_057,SNP_CAS_CLEAN_057_CASE_INITIATION_MILESTONE_20260123,CASE_INITIATION_TO_MILESTONE,365,365,365,1,,0,False,DIRECT_PURCHASE,Nagpur,Bhiwapur,Gondbori,District Collectorate & Administration Nagpur,RFCTLARR_2013,Rural Infrastructure,True,False,,,,,,
CAS_CLEAN_112,SNP_CAS_CLEAN_112_CASE_INITIATION_MILESTONE_20260123,CASE_INITIATION_TO_MILESTONE,365,365,365,1,,0,False,DIRECT_PURCHASE,Nagpur,Bhiwapur,Piparda (Rithi),District Collectorate & Administration Nagpur,RFCTLARR_2013,Rural Infrastructure,True,False,,,,,,
CAS_CLEAN_025,SNP_CAS_CLEAN_025_CASE_INITIATION_MILESTONE_20260128,CASE_INITIATION_TO_MILESTONE,180,180,180,1,0.4932,0,False,SECTION_11,Nagpur,,,District Collectorate & Administration Nagpur,RFCTLARR_2013,Rural Infrastructure,False,False,,,,,,
CAS_CLEAN_026,SNP_CAS_CLEAN_026_CASE_INITIATION_MILESTONE_20260128,CASE_INITIATION_TO_MILESTONE,180,180,180,1,0.4932,0,False,SECTION_11,Nagpur,t TiqHT,,District Collectorate & Administration Nagpur,RFCTLARR_2013,Rural Infrastructure,False,False,,,,,,
CAS_CLEAN_065,SNP_CAS_CLEAN_065_CASE_INITIATION_MILESTONE_20260128,CASE_INITIATION_TO_MILESTONE,180,180,180,1,0.4932,0,False,SECTION_11,Nagpur,,Hardoli,District Collectorate & Administration Nagpur,RFCTLARR_2013,Rural Infrastructure,False,False,,,,,,
CAS_CLEAN_078,SNP_CAS_CLEAN_078_CASE_INITIATION_MILESTONE_20260128,CASE_INITIATION_TO_MILESTONE,180,180,180,1,0.4932,0,False,SECTION_11,Nagpur,,Kotgaon,District Collectorate & Administration Nagpur,RFCTLARR_2013,Rural Infrastructure,False,False,,,,,,
CAS_CLEAN_103,SNP_CAS_CLEAN_103_CASE_INITIATION_MILESTONE_20260128,CASE_INITIATION_TO_MILESTONE,180,180,180,1,0.4932,0,False,SECTION_11,Nagpur,,Navegao,District Collectorate & Administration Nagpur,RFCTLARR_2013,Rural Infrastructure,False,False,,,,,,
CAS_CLEAN_121,SNP_CAS_CLEAN_121_CASE_INITIATION_MILESTONE_20260128,CASE_INITIATION_TO_MILESTONE,180,180,180,1,0.4932,0,False,SECTION_11,Nagpur,Tlq,Rajola,District Collectorate & Administration Nagpur,RFCTLARR_2013,Rural Infrastructure,False,False,,,,,,
CAS_CLEAN_222,SNP_CAS_CLEAN_222_CASE_INITIATION_MILESTONE_20260128,CASE_INITIATION_TO_MILESTONE,365,365,365,1,,0,False,GENERAL_NOTICE,Pune,,,District Collectorate & Administration Pune,RFCTLARR_2013,Rural Infrastructure,False,False,,,,,,
CAS_CLEAN_087,SNP_CAS_CLEAN_087_CASE_INITIATION_MILESTONE_20260130,CASE_INITIATION_TO_MILESTONE,730,730,730,1,,0,False,GENERAL_NOTICE,Nagpur,Bhivapur,Mokhala,District Collectorate & Administration Nagpur,RFCTLARR_2013,Rural Infrastructure,False,False,,,,,,
CAS_CLEAN_097,SNP_CAS_CLEAN_097_CASE_INITIATION_MILESTONE_20260130,CASE_INITIATION_TO_MILESTONE,270,270,270,1,,0,False,SECTION_21,Nagpur,Nagpur (Urban),Nagpur (Khas),District Collectorate & Administration Nagpur,RFCTLARR_2013,Highway / Road Widening,False,False,,,,,,
CAS_CLEAN_190,SNP_CAS_CLEAN_190_CASE_INITIATION_MILESTONE_20260131,CASE_INITIATION_TO_MILESTONE,180,180,180,1,,0,False,GENERAL_NOTICE,Pune,,,District Collectorate & Administration Pune,RFCTLARR_2013,Rural Infrastructure,False,False,,,,,,
CAS_CLEAN_182,SNP_CAS_CLEAN_182_CASE_INITIATION_MILESTONE_20260205,CASE_INITIATION_TO_MILESTONE,0,0,0,1,,0,False,GENERAL_NOTICE,Pune,Haveli,Balewadi,District Collectorate & Administration Pune,RFCTLARR_2013,Highway / Road Widening,False,False,,,,,,
CAS_CLEAN_216,SNP_CAS_CLEAN_216_CASE_INITIATION_MILESTONE_20260213,CASE_INITIATION_TO_MILESTONE,365,365,365,1,,0,False,GENERAL_NOTICE,Pune,,,District Collectorate & Administration Pune,RFCTLARR_2013,Rural Infrastructure,False,False,,,,,,
CAS_CLEAN_218,SNP_CAS_CLEAN_218_CASE_INITIATION_MILESTONE_20260213,CASE_INITIATION_TO_MILESTONE,365,365,365,1,,0,False,GENERAL_NOTICE,Pune,,,District Collectorate & Administration Pune,RFCTLARR_2013,Rural Infrastructure,False,False,,,,,,
CAS_CLEAN_219,SNP_CAS_CLEAN_219_CASE_INITIATION_MILESTONE_20260213,CASE_INITIATION_TO_MILESTONE,365,365,365,1,,0,False,GENERAL_NOTICE,Pune,,,District Collectorate & Administration Pune,RFCTLARR_2013,Rural Infrastructure,False,False,,,,,,
CAS_CLEAN_221,SNP_CAS_CLEAN_221_CASE_INITIATION_MILESTONE_20260213,CASE_INITIATION_TO_MILESTONE,365,365,365,1,,0,False,GENERAL_NOTICE,Pune,,,District Collectorate & Administration Pune,RFCTLARR_2013,Rural Infrastructure,False,False,,,,,,
CAS_CLEAN_016,SNP_CAS_CLEAN_016_CASE_INITIATION_MILESTONE_20260214,CASE_INITIATION_TO_MILESTONE,365,365,365,1,,0,False,DIRECT_PURCHASE,Nagpur,Bhiwapur,Bhiwapur,District Collectorate & Administration Nagpur,RFCTLARR_2013,Rural Infrastructure,True,False,,,,,,
CAS_CLEAN_234,SNP_CAS_CLEAN_234_CASE_INITIATION_MILESTONE_20260220,CASE_INITIATION_TO_MILESTONE,365,365,365,1,,0,False,GENERAL_NOTICE,Pune,Haveli,Katraj,District Collectorate & Administration Pune,RFCTLARR_2013,Highway / Road Widening,False,False,,,,,,
CAS_CLEAN_002,SNP_CAS_CLEAN_002_CASE_INITIATION_MILESTONE_20260221,CASE_INITIATION_TO_MILESTONE,730,730,730,1,,0,False,DIRECT_PURCHASE,Nagpur,Bhivapur,Adyal,District Collectorate & Administration Nagpur,RFCTLARR_2013,Rural Infrastructure,True,False,,,,,,
CAS_CLEAN_024,SNP_CAS_CLEAN_024_CASE_INITIATION_MILESTONE_20260222,CASE_INITIATION_TO_MILESTONE,270,270,270,1,,0,False,GENERAL_NOTICE,Nagpur,Nagpur City,,District Collectorate & Administration Nagpur,RFCTLARR_2013,Rural Infrastructure,False,False,,,,,,
CAS_CLEAN_033,SNP_CAS_CLEAN_033_CASE_INITIATION_MILESTONE_20260224,CASE_INITIATION_TO_MILESTONE,270,270,270,1,,0,False,GENERAL_NOTICE,Nagpur,,,District Collectorate & Administration Nagpur,RFCTLARR_2013,Highway / Road Widening,False,False,,,,,,
CAS_CLEAN_100,SNP_CAS_CLEAN_100_CASE_INITIATION_MILESTONE_20260225,CASE_INITIATION_TO_MILESTONE,365,365,365,1,,0,False,SECTION_21,Nagpur,,Nagpur (Khas),District Collectorate & Administration Nagpur,RFCTLARR_2013,Rural Infrastructure,False,False,,,,,,
CAS_CLEAN_029,SNP_CAS_CLEAN_029_CASE_INITIATION_MILESTONE_20260226,CASE_INITIATION_TO_MILESTONE,730,730,730,1,1.0,0,False,SECTION_11,Nagpur,Nagpur(City),,District Collectorate & Administration Nagpur,RFCTLARR_2013,Rural Infrastructure,False,False,,,,,,
CAS_CLEAN_203,SNP_CAS_CLEAN_203_CASE_INITIATION_MILESTONE_20260227,CASE_INITIATION_TO_MILESTONE,365,365,365,1,,0,False,GENERAL_NOTICE,Pune,,,District Collectorate & Administration Pune,RFCTLARR_2013,Rural Infrastructure,False,False,,,,,,
CAS_CLEAN_204,SNP_CAS_CLEAN_204_CASE_INITIATION_MILESTONE_20260227,CASE_INITIATION_TO_MILESTONE,365,365,365,1,,0,False,GENERAL_NOTICE,Pune,HH fOnT,,District Collectorate & Administration Pune,RFCTLARR_2013,Rural Infrastructure,False,False,,,,,,
CAS_CLEAN_205,SNP_CAS_CLEAN_205_CASE_INITIATION_MILESTONE_20260227,CASE_INITIATION_TO_MILESTONE,365,365,365,1,,0,False,GENERAL_NOTICE,Pune,qgTITFt aNNvq,,District Collectorate & Administration Pune,RFCTLARR_2013,Rural Infrastructure,False,False,,,,,,
CAS_CLEAN_206,SNP_CAS_CLEAN_206_CASE_INITIATION_MILESTONE_20260227,CASE_INITIATION_TO_MILESTONE,365,365,365,1,,0,False,GENERAL_NOTICE,Pune,,,District Collectorate & Administration Pune,RFCTLARR_2013,Rural Infrastructure,False,False,,,,,,
CAS_CLEAN_211,SNP_CAS_CLEAN_211_CASE_INITIATION_MILESTONE_20260301,CASE_INITIATION_TO_MILESTONE,365,365,365,1,,0,False,GENERAL_NOTICE,Pune,,,District Collectorate & Administration Pune,RFCTLARR_2013,Rural Infrastructure,False,False,,,,,,
CAS_CLEAN_023,SNP_CAS_CLEAN_023_CASE_INITIATION_MILESTONE_20260302,CASE_INITIATION_TO_MILESTONE,270,270,270,1,,0,False,GENERAL_NOTICE,Nagpur,,,District Collectorate & Administration Nagpur,RFCTLARR_2013,Rural Infrastructure,False,False,,,,,,
CAS_CLEAN_189,SNP_CAS_CLEAN_189_CASE_INITIATION_MILESTONE_20260302,CASE_INITIATION_TO_MILESTONE,180,180,180,1,,0,False,GENERAL_NOTICE,Pune,,,District Collectorate & Administration Pune,RFCTLARR_2013,Rural Infrastructure,False,False,,,,,,
CAS_CLEAN_193,SNP_CAS_CLEAN_193_CASE_INITIATION_MILESTONE_20260303,CASE_INITIATION_TO_MILESTONE,270,270,270,1,,0,False,GENERAL_NOTICE,Pune,,,District Collectorate & Administration Pune,RFCTLARR_2013,Rural Infrastructure,False,False,,,,,,
CAS_CLEAN_196,SNP_CAS_CLEAN_196_CASE_INITIATION_MILESTONE_20260303,CASE_INITIATION_TO_MILESTONE,270,270,270,1,,0,False,GENERAL_NOTICE,Pune,,,District Collectorate & Administration Pune,RFCTLARR_2013,Rural Infrastructure,False,False,,,,,,
CAS_CLEAN_021,SNP_CAS_CLEAN_021_CASE_INITIATION_MILESTONE_20260305,CASE_INITIATION_TO_MILESTONE,730,730,730,1,,0,False,GENERAL_NOTICE,Nagpur,,,District Collectorate & Administration Nagpur,RFCTLARR_2013,Rural Infrastructure,False,False,,,,,,
CAS_CLEAN_181,SNP_CAS_CLEAN_181_CASE_INITIATION_MILESTONE_20260309,CASE_INITIATION_TO_MILESTONE,0,0,0,1,,0,False,GENERAL_NOTICE,Pune,Haveli,Balewadi,District Collectorate & Administration Pune,RFCTLARR_2013,Highway / Road Widening,False,False,,,,,,
CAS_CLEAN_245,SNP_CAS_CLEAN_245_CASE_INITIATION_MILESTONE_20260309,CASE_INITIATION_TO_MILESTONE,180,180,180,1,,0,False,GENERAL_NOTICE,Pune,,Lonikand,District Collectorate & Administration Pune,RFCTLARR_2013,Rural Infrastructure,False,False,,,,,,
CAS_CLEAN_212,SNP_CAS_CLEAN_212_CASE_INITIATION_MILESTONE_20260310,CASE_INITIATION_TO_MILESTONE,365,365,365,1,,0,False,GENERAL_NOTICE,Pune,,,District Collectorate & Administration Pune,RFCTLARR_2013,Rural Infrastructure,False,False,,,,,,
CAS_CLEAN_213,SNP_CAS_CLEAN_213_CASE_INITIATION_MILESTONE_20260310,CASE_INITIATION_TO_MILESTONE,365,365,365,1,,0,False,GENERAL_NOTICE,Pune,,,District Collectorate & Administration Pune,RFCTLARR_2013,Rural Infrastructure,False,False,,,,,,
CAS_CLEAN_215,SNP_CAS_CLEAN_215_CASE_INITIATION_MILESTONE_20260311,CASE_INITIATION_TO_MILESTONE,365,365,365,1,,0,False,GENERAL_NOTICE,Pune,,,District Collectorate & Administration Pune,RFCTLARR_2013,Rural Infrastructure,False,False,,,,,,
CAS_CLEAN_259,SNP_CAS_CLEAN_259_CASE_INITIATION_MILESTONE_20260312,CASE_INITIATION_TO_MILESTONE,90,90,90,1,0.2466,0,False,SECTION_11,Solapur,Malshiras,,District Collectorate & Administration Solapur,RFCTLARR_2013,Rural Infrastructure,False,False,,,,,,
CAS_CLEAN_164,SNP_CAS_CLEAN_164_CASE_INITIATION_MILESTONE_20260313,CASE_INITIATION_TO_MILESTONE,730,730,730,1,,0,False,GENERAL_NOTICE,Nagpur,Hingna,Wanadongri,District Collectorate & Administration Nagpur,RFCTLARR_2013,Rural Infrastructure,False,False,,,,,,
CAS_CLEAN_165,SNP_CAS_CLEAN_165_CASE_INITIATION_MILESTONE_20260313,CASE_INITIATION_TO_MILESTONE,730,730,730,1,,0,False,GENERAL_NOTICE,Nagpur,Hingna,Wanadongri,District Collectorate & Administration Nagpur,RFCTLARR_2013,Rural Infrastructure,False,False,,,,,,
CAS_CLEAN_207,SNP_CAS_CLEAN_207_CASE_INITIATION_MILESTONE_20260313,CASE_INITIATION_TO_MILESTONE,365,365,365,1,,0,False,GENERAL_NOTICE,Pune,,,District Collectorate & Administration Pune,RFCTLARR_2013,Rural Infrastructure,False,False,,,,,,
CAS_CLEAN_208,SNP_CAS_CLEAN_208_CASE_INITIATION_MILESTONE_20260313,CASE_INITIATION_TO_MILESTONE,365,365,365,1,,0,False,GENERAL_NOTICE,Pune,,,District Collectorate & Administration Pune,RFCTLARR_2013,Rural Infrastructure,False,False,,,,,,
CAS_CLEAN_209,SNP_CAS_CLEAN_209_CASE_INITIATION_MILESTONE_20260313,CASE_INITIATION_TO_MILESTONE,365,365,365,1,,0,False,GENERAL_NOTICE,Pune,,,District Collectorate & Administration Pune,RFCTLARR_2013,Rural Infrastructure,False,False,,,,,,
CAS_CLEAN_039,SNP_CAS_CLEAN_039_CASE_INITIATION_MILESTONE_20260314,CASE_INITIATION_TO_MILESTONE,730,730,730,1,1.0,0,False,SECTION_11,Nagpur,Kuhi,chapegadi(Rithi),District Collectorate & Administration Nagpur,RFCTLARR_2013,Rural Infrastructure,False,False,,,,,,
CAS_CLEAN_041,SNP_CAS_CLEAN_041_CASE_INITIATION_MILESTONE_20260314,CASE_INITIATION_TO_MILESTONE,730,730,730,1,1.0,0,False,SECTION_11,Nagpur,Kuhi,Chapeghat (Rithi),District Collectorate & Administration Nagpur,RFCTLARR_2013,Rural Infrastructure,False,False,,,,,,
CAS_CLEAN_136,SNP_CAS_CLEAN_136_CASE_INITIATION_MILESTONE_20260314,CASE_INITIATION_TO_MILESTONE,730,730,730,1,1.0,0,False,SECTION_11,Nagpur,Kuhi,Sawangi,District Collectorate & Administration Nagpur,RFCTLARR_2013,Rural Infrastructure,False,False,,,,,,
CAS_CLEAN_244,SNP_CAS_CLEAN_244_CASE_INITIATION_MILESTONE_20260316,CASE_INITIATION_TO_MILESTONE,180,180,180,1,,0,False,GENERAL_NOTICE,Pune,,Lonikand,District Collectorate & Administration Pune,RFCTLARR_2013,Rural Infrastructure,False,False,,,,,,
CAS_CLEAN_258,SNP_CAS_CLEAN_258_CASE_INITIATION_MILESTONE_20260317,CASE_INITIATION_TO_MILESTONE,365,365,365,1,,0,False,GENERAL_NOTICE,Pune,Haveli,Vadgaon Sheri,District Collectorate & Administration Pune,LAND_ACQUISITION_ACT_1894,Highway / Road Widening,False,False,,,,,,
CAS_CLEAN_133,SNP_CAS_CLEAN_133_CASE_INITIATION_MILESTONE_20260318,CASE_INITIATION_TO_MILESTONE,180,58,58,2,,0,False,SECTION_21,Nagpur,Kuhi,Savargao,District Collectorate & Administration Nagpur,RFCTLARR_2013,Rural Infrastructure,False,False,,,,,,
CAS_CLEAN_101,SNP_CAS_CLEAN_101_CASE_INITIATION_MILESTONE_20260320,CASE_INITIATION_TO_MILESTONE,270,270,270,1,,0,False,SECTION_21,Nagpur,,Nagpur (Khas),District Collectorate & Administration Nagpur,RFCTLARR_2013,Rural Infrastructure,False,False,,,,,,
CAS_CLEAN_210,SNP_CAS_CLEAN_210_CASE_INITIATION_MILESTONE_20260320,CASE_INITIATION_TO_MILESTONE,365,365,365,1,,0,False,GENERAL_NOTICE,Pune,,,District Collectorate & Administration Pune,RFCTLARR_2013,Rural Infrastructure,False,False,,,,,,
CAS_CLEAN_093,SNP_CAS_CLEAN_093_CASE_INITIATION_MILESTONE_20260323,CASE_INITIATION_TO_MILESTONE,270,270,270,1,,0,False,GENERAL_NOTICE,Nagpur,Nagpur City,Nagpur (Khas),District Collectorate & Administration Nagpur,RFCTLARR_2013,Rural Infrastructure,False,False,,,,,,
CAS_CLEAN_194,SNP_CAS_CLEAN_194_CASE_INITIATION_MILESTONE_20260324,CASE_INITIATION_TO_MILESTONE,270,270,270,1,,0,False,GENERAL_NOTICE,Pune,,,District Collectorate & Administration Pune,RFCTLARR_2013,Rural Infrastructure,False,False,,,,,,
CAS_CLEAN_195,SNP_CAS_CLEAN_195_CASE_INITIATION_MILESTONE_20260324,CASE_INITIATION_TO_MILESTONE,270,270,270,1,,0,False,GENERAL_NOTICE,Pune,,,District Collectorate & Administration Pune,RFCTLARR_2013,Rural Infrastructure,False,False,,,,,,
CAS_CLEAN_243,SNP_CAS_CLEAN_243_CASE_INITIATION_MILESTONE_20260324,CASE_INITIATION_TO_MILESTONE,180,180,180,1,,0,False,GENERAL_NOTICE,Pune,,Lonikand,District Collectorate & Administration Pune,RFCTLARR_2013,Rural Infrastructure,False,False,,,,,,
CAS_CLEAN_124,SNP_CAS_CLEAN_124_CASE_INITIATION_MILESTONE_20260329,CASE_INITIATION_TO_MILESTONE,180,180,180,1,0.4932,0,False,SECTION_11,Nagpur,Saoner,Ranala,District Collectorate & Administration Nagpur,RFCTLARR_2013,Rural Infrastructure,False,False,,,,,,
CAS_CLEAN_201,SNP_CAS_CLEAN_201_CASE_INITIATION_MILESTONE_20260404,CASE_INITIATION_TO_MILESTONE,365,365,365,1,,0,False,GENERAL_NOTICE,Pune,,,District Collectorate & Administration Pune,RFCTLARR_2013,Rural Infrastructure,False,False,,,,,,
CAS_CLEAN_238,SNP_CAS_CLEAN_238_CASE_INITIATION_MILESTONE_20260404,CASE_INITIATION_TO_MILESTONE,365,365,365,1,,0,False,GENERAL_NOTICE,Pune,,Khed,District Collectorate & Administration Pune,RFCTLARR_2013,Rural Infrastructure,False,False,,,,,,
CAS_CLEAN_052,SNP_CAS_CLEAN_052_CASE_INITIATION_MILESTONE_20260409,CASE_INITIATION_TO_MILESTONE,90,90,90,1,,0,False,GENERAL_NOTICE,Nagpur,,,District Collectorate & Administration Nagpur,RFCTLARR_2013,Rural Infrastructure,False,False,,,,,,
CAS_CLEAN_191,SNP_CAS_CLEAN_191_CASE_INITIATION_MILESTONE_20260413,CASE_INITIATION_TO_MILESTONE,270,270,270,1,,0,False,GENERAL_NOTICE,Pune,,,District Collectorate & Administration Pune,RFCTLARR_2013,Rural Infrastructure,False,False,,,,,,
CAS_CLEAN_042,SNP_CAS_CLEAN_042_CASE_INITIATION_MILESTONE_20260417,CASE_INITIATION_TO_MILESTONE,365,295,295,2,,0,False,GENERAL_NOTICE,Nagpur,Nagpur City,Chikhali Khurd,District Collectorate & Administration Nagpur,RFCTLARR_2013,Rural Infrastructure,False,False,,,,,,
CAS_CLEAN_092,SNP_CAS_CLEAN_092_CASE_INITIATION_MILESTONE_20260417,CASE_INITIATION_TO_MILESTONE,365,365,365,1,,0,False,GENERAL_NOTICE,Nagpur,Nagpur City,Nagpur Khas,District Collectorate & Administration Nagpur,RFCTLARR_2013,Rural Infrastructure,False,False,,,,,,
CAS_CLEAN_197,SNP_CAS_CLEAN_197_CASE_INITIATION_MILESTONE_20260417,CASE_INITIATION_TO_MILESTONE,365,365,365,1,,0,False,GENERAL_NOTICE,Pune,,,District Collectorate & Administration Pune,RFCTLARR_2013,Rural Infrastructure,False,False,,,,,,
CAS_CLEAN_237,SNP_CAS_CLEAN_237_CASE_INITIATION_MILESTONE_20260417,CASE_INITIATION_TO_MILESTONE,270,270,270,1,,0,False,GENERAL_NOTICE,Pune,,Khed,District Collectorate & Administration Pune,RFCTLARR_2013,Rural Infrastructure,False,False,,,,,,
CAS_CLEAN_251,SNP_CAS_CLEAN_251_CASE_INITIATION_MILESTONE_20260417,CASE_INITIATION_TO_MILESTONE,270,270,270,1,,0,False,GENERAL_NOTICE,Pune,,Nighoje,District Collectorate & Administration Pune,RFCTLARR_2013,Rural Infrastructure,False,False,,,,,,
CAS_CLEAN_113,SNP_CAS_CLEAN_113_CASE_INITIATION_MILESTONE_20260419,CASE_INITIATION_TO_MILESTONE,90,90,90,1,,0,False,GENERAL_NOTICE,Nagpur,Kuhi,Pratappur,District Collectorate & Administration Nagpur,RFCTLARR_2013,Rural Infrastructure,False,False,,,,,,
CAS_CLEAN_260,SNP_CAS_CLEAN_260_CASE_INITIATION_MILESTONE_20260420,CASE_INITIATION_TO_MILESTONE,0,0,,0,,1,True,INITIATION,Solapur,,,District Collectorate & Administration Solapur,RFCTLARR_2013,Rural Infrastructure,False,False,,,,,,
CAS_CLEAN_198,SNP_CAS_CLEAN_198_CASE_INITIATION_MILESTONE_20260421,CASE_INITIATION_TO_MILESTONE,365,365,365,1,,0,False,GENERAL_NOTICE,Pune,,,District Collectorate & Administration Pune,RFCTLARR_2013,Rural Infrastructure,False,False,,,,,,
CAS_CLEAN_199,SNP_CAS_CLEAN_199_CASE_INITIATION_MILESTONE_20260421,CASE_INITIATION_TO_MILESTONE,365,365,365,1,,0,False,GENERAL_NOTICE,Pune,,,District Collectorate & Administration Pune,RFCTLARR_2013,Rural Infrastructure,False,False,,,,,,
CAS_CLEAN_200,SNP_CAS_CLEAN_200_CASE_INITIATION_MILESTONE_20260421,CASE_INITIATION_TO_MILESTONE,365,365,365,1,,0,False,GENERAL_NOTICE,Pune,,,District Collectorate & Administration Pune,RFCTLARR_2013,Rural Infrastructure,False,False,,,,,,
CAS_CLEAN_264,SNP_CAS_CLEAN_264_CASE_INITIATION_MILESTONE_20260421,CASE_INITIATION_TO_MILESTONE,365,365,365,1,,0,False,GENERAL_NOTICE,Solapur,,,District Collectorate & Administration Solapur,RFCTLARR_2013,Rural Infrastructure,False,False,,,,,,
CAS_CLEAN_025,SNP_CAS_CLEAN_025_CASE_INITIATION_MILESTONE_20260428,CASE_INITIATION_TO_MILESTONE,270,270,270,1,0.7397,0,False,SECTION_11,Nagpur,,,District Collectorate & Administration Nagpur,RFCTLARR_2013,Rural Infrastructure,False,False,,,,,,
CAS_CLEAN_026,SNP_CAS_CLEAN_026_CASE_INITIATION_MILESTONE_20260428,CASE_INITIATION_TO_MILESTONE,270,270,270,1,0.7397,0,False,SECTION_11,Nagpur,t TiqHT,,District Collectorate & Administration Nagpur,RFCTLARR_2013,Rural Infrastructure,False,False,,,,,,
CAS_CLEAN_027,SNP_CAS_CLEAN_027_CASE_INITIATION_MILESTONE_20260428,CASE_INITIATION_TO_MILESTONE,0,0,0,1,0.0,0,False,SECTION_11,Nagpur,,,District Collectorate & Administration Nagpur,RFCTLARR_2013,Rural Infrastructure,False,False,,,,,,
CAS_CLEAN_028,SNP_CAS_CLEAN_028_CASE_INITIATION_MILESTONE_20260428,CASE_INITIATION_TO_MILESTONE,0,0,0,1,0.0,0,False,SECTION_11,Nagpur,,,District Collectorate & Administration Nagpur,RFCTLARR_2013,Rural Infrastructure,False,False,,,,,,
CAS_CLEAN_065,SNP_CAS_CLEAN_065_CASE_INITIATION_MILESTONE_20260428,CASE_INITIATION_TO_MILESTONE,270,270,270,1,0.7397,0,False,SECTION_11,Nagpur,,Hardoli,District Collectorate & Administration Nagpur,RFCTLARR_2013,Rural Infrastructure,False,False,,,,,,
CAS_CLEAN_078,SNP_CAS_CLEAN_078_CASE_INITIATION_MILESTONE_20260428,CASE_INITIATION_TO_MILESTONE,270,270,270,1,0.7397,0,False,SECTION_11,Nagpur,,Kotgaon,District Collectorate & Administration Nagpur,RFCTLARR_2013,Rural Infrastructure,False,False,,,,,,
CAS_CLEAN_103,SNP_CAS_CLEAN_103_CASE_INITIATION_MILESTONE_20260428,CASE_INITIATION_TO_MILESTONE,270,270,270,1,0.7397,0,False,SECTION_11,Nagpur,,Navegao,District Collectorate & Administration Nagpur,RFCTLARR_2013,Rural Infrastructure,False,False,,,,,,
CAS_CLEAN_121,SNP_CAS_CLEAN_121_CASE_INITIATION_MILESTONE_20260428,CASE_INITIATION_TO_MILESTONE,270,270,270,1,0.7397,0,False,SECTION_11,Nagpur,Tlq,Rajola,District Collectorate & Administration Nagpur,RFCTLARR_2013,Rural Infrastructure,False,False,,,,,,
CAS_CLEAN_190,SNP_CAS_CLEAN_190_CASE_INITIATION_MILESTONE_20260501,CASE_INITIATION_TO_MILESTONE,270,270,270,1,,0,False,GENERAL_NOTICE,Pune,,,District Collectorate & Administration Pune,RFCTLARR_2013,Rural Infrastructure,False,False,,,,,,
CAS_CLEAN_249,SNP_CAS_CLEAN_249_CASE_INITIATION_MILESTONE_20260504,CASE_INITIATION_TO_MILESTONE,0,0,0,1,0.0,0,False,SECTION_11,Pune,Pune City,Mundhawa,District Collectorate & Administration Pune,LAND_ACQUISITION_ACT_1894,Highway / Road Widening,False,False,,,,,,
CAS_CLEAN_097,SNP_CAS_CLEAN_097_CASE_INITIATION_MILESTONE_20260505,CASE_INITIATION_TO_MILESTONE,365,365,365,1,,0,False,SECTION_21,Nagpur,Nagpur (Urban),Nagpur (Khas),District Collectorate & Administration Nagpur,RFCTLARR_2013,Highway / Road Widening,False,False,,,,,,
CAS_CLEAN_182,SNP_CAS_CLEAN_182_CASE_INITIATION_MILESTONE_20260506,CASE_INITIATION_TO_MILESTONE,90,90,90,1,,0,False,GENERAL_NOTICE,Pune,Haveli,Balewadi,District Collectorate & Administration Pune,RFCTLARR_2013,Highway / Road Widening,False,False,,,,,,
CAS_CLEAN_050,SNP_CAS_CLEAN_050_CASE_INITIATION_MILESTONE_20260511,CASE_INITIATION_TO_MILESTONE,0,0,0,1,,0,False,GENERAL_NOTICE,Nagpur,,,District Collectorate & Administration Nagpur,RFCTLARR_2013,Rural Infrastructure,False,False,,,,,,
CAS_CLEAN_183,SNP_CAS_CLEAN_183_CASE_INITIATION_MILESTONE_20260515,CASE_INITIATION_TO_MILESTONE,0,0,0,1,,0,False,GENERAL_NOTICE,Pune,Indapur,Bandgarwadi,District Collectorate & Administration Pune,NATIONAL_HIGHWAYS_ACT_1956,Highway / Road Widening,False,False,,,,,,
CAS_CLEAN_233,SNP_CAS_CLEAN_233_CASE_INITIATION_MILESTONE_20260515,CASE_INITIATION_TO_MILESTONE,0,0,0,1,,0,False,GENERAL_NOTICE,Pune,Shirur,Kasari,District Collectorate & Administration Pune,NATIONAL_HIGHWAYS_ACT_1956,Highway / Road Widening,False,False,,,,,,
CAS_CLEAN_250,SNP_CAS_CLEAN_250_CASE_INITIATION_MILESTONE_20260515,CASE_INITIATION_TO_MILESTONE,0,0,0,1,,0,False,GENERAL_NOTICE,Pune,Shirur,Nhavara,District Collectorate & Administration Pune,NATIONAL_HIGHWAYS_ACT_1956,Highway / Road Widening,False,False,,,,,,
CAS_CLEAN_256,SNP_CAS_CLEAN_256_CASE_INITIATION_MILESTONE_20260515,CASE_INITIATION_TO_MILESTONE,0,0,0,1,,0,False,GENERAL_NOTICE,Pune,Shirur,Shikrapur,District Collectorate & Administration Pune,NATIONAL_HIGHWAYS_ACT_1956,Highway / Road Widening,False,False,,,,,,
CAS_CLEAN_036,SNP_CAS_CLEAN_036_CASE_INITIATION_MILESTONE_20260521,CASE_INITIATION_TO_MILESTONE,0,0,0,1,,0,False,DIRECT_PURCHASE,Nagpur,kuhi,,District Collectorate & Administration Nagpur,RFCTLARR_2013,Ring Road,True,False,,,,,,
CAS_CLEAN_037,SNP_CAS_CLEAN_037_CASE_INITIATION_MILESTONE_20260521,CASE_INITIATION_TO_MILESTONE,0,0,0,1,0.0,0,False,SECTION_11,Nagpur,Kuhi,Channa,District Collectorate & Administration Nagpur,RFCTLARR_2013,Rural Infrastructure,False,False,,,,,,
CAS_CLEAN_142,SNP_CAS_CLEAN_142_CASE_INITIATION_MILESTONE_20260521,CASE_INITIATION_TO_MILESTONE,0,0,,0,,1,True,INITIATION,Nagpur,Nagpur (City),Sitabuldi,District Collectorate & Administration Nagpur,RFCTLARR_2013,Railway Quadrupling,False,False,,,,,,
CAS_CLEAN_154,SNP_CAS_CLEAN_154_CASE_INITIATION_MILESTONE_20260521,CASE_INITIATION_TO_MILESTONE,0,0,0,1,,0,False,DIRECT_PURCHASE,Nagpur,Hfrrswl cT,Valni,District Collectorate & Administration Nagpur,RFCTLARR_2013,Rural Infrastructure,True,False,,,,,,
CAS_CLEAN_263,SNP_CAS_CLEAN_263_CASE_INITIATION_MILESTONE_20260521,CASE_INITIATION_TO_MILESTONE,0,0,0,1,,0,False,GENERAL_NOTICE,Solapur,Mohol and Uttar Solapur,,District Collectorate & Administration Solapur,RFCTLARR_2013,Rural Infrastructure,False,False,,,,,,
CAS_CLEAN_046,SNP_CAS_CLEAN_046_CASE_INITIATION_MILESTONE_20260526,CASE_INITIATION_TO_MILESTONE,0,0,0,1,,0,False,GENERAL_NOTICE,Nagpur,Nagpur (City),Chinchbhuvan,District Collectorate & Administration Nagpur,RFCTLARR_2013,Rural Infrastructure,False,False,,,,,,
CAS_CLEAN_024,SNP_CAS_CLEAN_024_CASE_INITIATION_MILESTONE_20260528,CASE_INITIATION_TO_MILESTONE,365,365,365,1,,0,False,GENERAL_NOTICE,Nagpur,Nagpur City,,District Collectorate & Administration Nagpur,RFCTLARR_2013,Rural Infrastructure,False,False,,,,,,
CAS_CLEAN_033,SNP_CAS_CLEAN_033_CASE_INITIATION_MILESTONE_20260530,CASE_INITIATION_TO_MILESTONE,365,365,365,1,,0,False,GENERAL_NOTICE,Nagpur,,,District Collectorate & Administration Nagpur,RFCTLARR_2013,Highway / Road Widening,False,False,,,,,,
CAS_CLEAN_189,SNP_CAS_CLEAN_189_CASE_INITIATION_MILESTONE_20260531,CASE_INITIATION_TO_MILESTONE,270,270,270,1,,0,False,GENERAL_NOTICE,Pune,,,District Collectorate & Administration Pune,RFCTLARR_2013,Rural Infrastructure,False,False,,,,,,
CAS_CLEAN_023,SNP_CAS_CLEAN_023_CASE_INITIATION_MILESTONE_20260605,CASE_INITIATION_TO_MILESTONE,365,365,365,1,,0,False,GENERAL_NOTICE,Nagpur,,,District Collectorate & Administration Nagpur,RFCTLARR_2013,Rural Infrastructure,False,False,,,,,,
CAS_CLEAN_253,SNP_CAS_CLEAN_253_CASE_INITIATION_MILESTONE_20260605,CASE_INITIATION_TO_MILESTONE,0,0,0,1,,0,False,GENERAL_NOTICE,Pune,Bhor,Parhar Khurd,District Collectorate & Administration Pune,RFCTLARR_2013,Irrigation / Canal,False,False,,,,,,
CAS_CLEAN_255,SNP_CAS_CLEAN_255_CASE_INITIATION_MILESTONE_20260605,CASE_INITIATION_TO_MILESTONE,0,0,0,1,,0,False,GENERAL_NOTICE,Pune,Bhor,Salav,District Collectorate & Administration Pune,RAILWAYS_ACT_2008,Irrigation / Canal,False,False,,,,,,
CAS_CLEAN_193,SNP_CAS_CLEAN_193_CASE_INITIATION_MILESTONE_20260606,CASE_INITIATION_TO_MILESTONE,365,365,365,1,,0,False,GENERAL_NOTICE,Pune,,,District Collectorate & Administration Pune,RFCTLARR_2013,Rural Infrastructure,False,False,,,,,,
CAS_CLEAN_196,SNP_CAS_CLEAN_196_CASE_INITIATION_MILESTONE_20260606,CASE_INITIATION_TO_MILESTONE,365,365,365,1,,0,False,GENERAL_NOTICE,Pune,,,District Collectorate & Administration Pune,RFCTLARR_2013,Rural Infrastructure,False,False,,,,,,
CAS_CLEAN_181,SNP_CAS_CLEAN_181_CASE_INITIATION_MILESTONE_20260607,CASE_INITIATION_TO_MILESTONE,90,90,90,1,,0,False,GENERAL_NOTICE,Pune,Haveli,Balewadi,District Collectorate & Administration Pune,RFCTLARR_2013,Highway / Road Widening,False,False,,,,,,
CAS_CLEAN_245,SNP_CAS_CLEAN_245_CASE_INITIATION_MILESTONE_20260607,CASE_INITIATION_TO_MILESTONE,270,270,270,1,,0,False,GENERAL_NOTICE,Pune,,Lonikand,District Collectorate & Administration Pune,RFCTLARR_2013,Rural Infrastructure,False,False,,,,,,
CAS_CLEAN_259,SNP_CAS_CLEAN_259_CASE_INITIATION_MILESTONE_20260610,CASE_INITIATION_TO_MILESTONE,180,180,180,1,0.4932,0,False,SECTION_11,Solapur,Malshiras,,District Collectorate & Administration Solapur,RFCTLARR_2013,Rural Infrastructure,False,False,,,,,,
CAS_CLEAN_244,SNP_CAS_CLEAN_244_CASE_INITIATION_MILESTONE_20260614,CASE_INITIATION_TO_MILESTONE,270,270,270,1,,0,False,GENERAL_NOTICE,Pune,,Lonikand,District Collectorate & Administration Pune,RFCTLARR_2013,Rural Infrastructure,False,False,,,,,,
CAS_CLEAN_255,SNP_CAS_CLEAN_255_CASE_INITIATION_MILESTONE_20260615,CASE_INITIATION_TO_MILESTONE,10,0,0,2,,0,False,GENERAL_NOTICE,Pune,Bhor,Salav,District Collectorate & Administration Pune,RAILWAYS_ACT_2008,Irrigation / Canal,False,False,,,,,,
CAS_CLEAN_133,SNP_CAS_CLEAN_133_CASE_INITIATION_MILESTONE_20260616,CASE_INITIATION_TO_MILESTONE,270,148,148,2,,0,False,SECTION_21,Nagpur,Kuhi,Savargao,District Collectorate & Administration Nagpur,RFCTLARR_2013,Rural Infrastructure,False,False,,,,,,
CAS_CLEAN_243,SNP_CAS_CLEAN_243_CASE_INITIATION_MILESTONE_20260622,CASE_INITIATION_TO_MILESTONE,270,270,270,1,,0,False,GENERAL_NOTICE,Pune,,Lonikand,District Collectorate & Administration Pune,RFCTLARR_2013,Rural Infrastructure,False,False,,,,,,
CAS_CLEAN_101,SNP_CAS_CLEAN_101_CASE_INITIATION_MILESTONE_20260623,CASE_INITIATION_TO_MILESTONE,365,365,365,1,,0,False,SECTION_21,Nagpur,,Nagpur (Khas),District Collectorate & Administration Nagpur,RFCTLARR_2013,Rural Infrastructure,False,False,,,,,,
CAS_CLEAN_115,SNP_CAS_CLEAN_115_CASE_INITIATION_MILESTONE_20260623,CASE_INITIATION_TO_MILESTONE,0,0,0,1,,0,False,GENERAL_NOTICE,Nagpur,uka,,District Collectorate & Administration Nagpur,RFCTLARR_2013,Ring Road,False,False,,,,,,
CAS_CLEAN_116,SNP_CAS_CLEAN_116_CASE_INITIATION_MILESTONE_20260623,CASE_INITIATION_TO_MILESTONE,0,0,0,1,,0,False,GENERAL_NOTICE,Nagpur,uka,,District Collectorate & Administration Nagpur,RFCTLARR_2013,Ring Road,False,False,,,,,,
CAS_CLEAN_126,SNP_CAS_CLEAN_126_CASE_INITIATION_MILESTONE_20260625,CASE_INITIATION_TO_MILESTONE,730,730,730,1,,0,False,DIRECT_PURCHASE,Nagpur,Kuhi,Ruyad,District Collectorate & Administration Nagpur,RFCTLARR_2013,Rural Infrastructure,True,False,,,,,,
CAS_CLEAN_127,SNP_CAS_CLEAN_127_CASE_INITIATION_MILESTONE_20260625,CASE_INITIATION_TO_MILESTONE,730,730,730,1,,0,False,DIRECT_PURCHASE,Nagpur,Kuhi,Ruyad,District Collectorate & Administration Nagpur,RFCTLARR_2013,Rural Infrastructure,True,False,,,,,,
CAS_CLEAN_093,SNP_CAS_CLEAN_093_CASE_INITIATION_MILESTONE_20260626,CASE_INITIATION_TO_MILESTONE,365,365,365,1,,0,False,GENERAL_NOTICE,Nagpur,Nagpur City,Nagpur (Khas),District Collectorate & Administration Nagpur,RFCTLARR_2013,Rural Infrastructure,False,False,,,,,,
CAS_CLEAN_194,SNP_CAS_CLEAN_194_CASE_INITIATION_MILESTONE_20260627,CASE_INITIATION_TO_MILESTONE,365,365,365,1,,0,False,GENERAL_NOTICE,Pune,,,District Collectorate & Administration Pune,RFCTLARR_2013,Rural Infrastructure,False,False,,,,,,
CAS_CLEAN_195,SNP_CAS_CLEAN_195_CASE_INITIATION_MILESTONE_20260627,CASE_INITIATION_TO_MILESTONE,365,365,365,1,,0,False,GENERAL_NOTICE,Pune,,,District Collectorate & Administration Pune,RFCTLARR_2013,Rural Infrastructure,False,False,,,,,,
CAS_CLEAN_180,SNP_CAS_CLEAN_180_CASE_INITIATION_MILESTONE_20260629,CASE_INITIATION_TO_MILESTONE,0,0,0,1,,0,False,GENERAL_NOTICE,Pune,Mulshi,Ambadvet,District Collectorate & Administration Pune,RFCTLARR_2013,Rural Infrastructure,False,False,,,,,,
CAS_CLEAN_052,SNP_CAS_CLEAN_052_CASE_INITIATION_MILESTONE_20260708,CASE_INITIATION_TO_MILESTONE,180,180,180,1,,0,False,GENERAL_NOTICE,Nagpur,,,District Collectorate & Administration Nagpur,RFCTLARR_2013,Rural Infrastructure,False,False,,,,,,
CAS_CLEAN_020,SNP_CAS_CLEAN_020_CASE_INITIATION_MILESTONE_20260710,CASE_INITIATION_TO_MILESTONE,730,730,730,1,,0,False,GENERAL_NOTICE,Nagpur,,,District Collectorate & Administration Nagpur,RFCTLARR_2013,Rural Infrastructure,False,False,,,,,,
CAS_CLEAN_191,SNP_CAS_CLEAN_191_CASE_INITIATION_MILESTONE_20260717,CASE_INITIATION_TO_MILESTONE,365,365,365,1,,0,False,GENERAL_NOTICE,Pune,,,District Collectorate & Administration Pune,RFCTLARR_2013,Rural Infrastructure,False,False,,,,,,
CAS_CLEAN_113,SNP_CAS_CLEAN_113_CASE_INITIATION_MILESTONE_20260718,CASE_INITIATION_TO_MILESTONE,180,180,180,1,,0,False,GENERAL_NOTICE,Nagpur,Kuhi,Pratappur,District Collectorate & Administration Nagpur,RFCTLARR_2013,Rural Infrastructure,False,False,,,,,,
CAS_CLEAN_260,SNP_CAS_CLEAN_260_CASE_INITIATION_MILESTONE_20260719,CASE_INITIATION_TO_MILESTONE,90,0,,0,,1,True,INITIATION,Solapur,,,District Collectorate & Administration Solapur,RFCTLARR_2013,Rural Infrastructure,False,False,,,,,,
CAS_CLEAN_237,SNP_CAS_CLEAN_237_CASE_INITIATION_MILESTONE_20260721,CASE_INITIATION_TO_MILESTONE,365,365,365,1,,0,False,GENERAL_NOTICE,Pune,,Khed,District Collectorate & Administration Pune,RFCTLARR_2013,Rural Infrastructure,False,False,,,,,,
CAS_CLEAN_251,SNP_CAS_CLEAN_251_CASE_INITIATION_MILESTONE_20260721,CASE_INITIATION_TO_MILESTONE,365,365,365,1,,0,False,GENERAL_NOTICE,Pune,,Nighoje,District Collectorate & Administration Pune,RFCTLARR_2013,Rural Infrastructure,False,False,,,,,,
CAS_CLEAN_072,SNP_CAS_CLEAN_072_CASE_INITIATION_MILESTONE_20260724,CASE_INITIATION_TO_MILESTONE,0,0,0,1,,0,False,GENERAL_NOTICE,Nagpur,,Khrusapar,District Collectorate & Administration Nagpur,MIDC_ACT_1961,Industrial Acquisition,False,False,,,,,,
CAS_CLEAN_027,SNP_CAS_CLEAN_027_CASE_INITIATION_MILESTONE_20260727,CASE_INITIATION_TO_MILESTONE,90,90,90,1,0.2466,0,False,SECTION_11,Nagpur,,,District Collectorate & Administration Nagpur,RFCTLARR_2013,Rural Infrastructure,False,False,,,,,,
CAS_CLEAN_028,SNP_CAS_CLEAN_028_CASE_INITIATION_MILESTONE_20260727,CASE_INITIATION_TO_MILESTONE,90,90,90,1,0.2466,0,False,SECTION_11,Nagpur,,,District Collectorate & Administration Nagpur,RFCTLARR_2013,Rural Infrastructure,False,False,,,,,,
CAS_CLEAN_073,SNP_CAS_CLEAN_073_CASE_INITIATION_MILESTONE_20260727,CASE_INITIATION_TO_MILESTONE,0,0,0,1,,0,False,GENERAL_NOTICE,Nagpur,Kuhi,Kinhi,District Collectorate & Administration Nagpur,RFCTLARR_2013,Highway / Road Widening,False,False,,,,,,
CAS_CLEAN_081,SNP_CAS_CLEAN_081_CASE_INITIATION_MILESTONE_20260727,CASE_INITIATION_TO_MILESTONE,0,0,0,1,,0,False,GENERAL_NOTICE,Nagpur,Kuhi,Madanpur,District Collectorate & Administration Nagpur,RFCTLARR_2013,Rural Infrastructure,False,False,,,,,,
CAS_CLEAN_032,SNP_CAS_CLEAN_032_CASE_INITIATION_MILESTONE_20260729,CASE_INITIATION_TO_MILESTONE,730,730,730,1,,0,False,GENERAL_NOTICE,Nagpur,,,District Collectorate & Administration Nagpur,RFCTLARR_2013,Rural Infrastructure,False,False,,,,,,
CAS_CLEAN_174,SNP_CAS_CLEAN_174_CASE_INITIATION_MILESTONE_20260729,CASE_INITIATION_TO_MILESTONE,0,0,0,1,0.0,0,False,SECTION_11,Nashik,,,District Collectorate & Administration Nashik,RFCTLARR_2013,Ring Road,False,False,,,,,,
CAS_CLEAN_175,SNP_CAS_CLEAN_175_CASE_INITIATION_MILESTONE_20260729,CASE_INITIATION_TO_MILESTONE,0,0,0,1,0.0,0,False,SECTION_11,Nashik,,,District Collectorate & Administration Nashik,RFCTLARR_2013,Ring Road,False,False,,,,,,
CAS_CLEAN_025,SNP_CAS_CLEAN_025_CASE_INITIATION_MILESTONE_20260801,CASE_INITIATION_TO_MILESTONE,365,365,365,1,1.0,0,False,SECTION_11,Nagpur,,,District Collectorate & Administration Nagpur,RFCTLARR_2013,Rural Infrastructure,False,False,,,,,,
CAS_CLEAN_026,SNP_CAS_CLEAN_026_CASE_INITIATION_MILESTONE_20260801,CASE_INITIATION_TO_MILESTONE,365,365,365,1,1.0,0,False,SECTION_11,Nagpur,t TiqHT,,District Collectorate & Administration Nagpur,RFCTLARR_2013,Rural Infrastructure,False,False,,,,,,
CAS_CLEAN_065,SNP_CAS_CLEAN_065_CASE_INITIATION_MILESTONE_20260801,CASE_INITIATION_TO_MILESTONE,365,365,365,1,1.0,0,False,SECTION_11,Nagpur,,Hardoli,District Collectorate & Administration Nagpur,RFCTLARR_2013,Rural Infrastructure,False,False,,,,,,
CAS_CLEAN_078,SNP_CAS_CLEAN_078_CASE_INITIATION_MILESTONE_20260801,CASE_INITIATION_TO_MILESTONE,365,365,365,1,1.0,0,False,SECTION_11,Nagpur,,Kotgaon,District Collectorate & Administration Nagpur,RFCTLARR_2013,Rural Infrastructure,False,False,,,,,,
CAS_CLEAN_103,SNP_CAS_CLEAN_103_CASE_INITIATION_MILESTONE_20260801,CASE_INITIATION_TO_MILESTONE,365,365,365,1,1.0,0,False,SECTION_11,Nagpur,,Navegao,District Collectorate & Administration Nagpur,RFCTLARR_2013,Rural Infrastructure,False,False,,,,,,
CAS_CLEAN_121,SNP_CAS_CLEAN_121_CASE_INITIATION_MILESTONE_20260801,CASE_INITIATION_TO_MILESTONE,365,365,365,1,1.0,0,False,SECTION_11,Nagpur,Tlq,Rajola,District Collectorate & Administration Nagpur,RFCTLARR_2013,Rural Infrastructure,False,False,,,,,,
CAS_CLEAN_249,SNP_CAS_CLEAN_249_CASE_INITIATION_MILESTONE_20260802,CASE_INITIATION_TO_MILESTONE,90,90,90,1,0.2466,0,False,SECTION_11,Pune,Pune City,Mundhawa,District Collectorate & Administration Pune,LAND_ACQUISITION_ACT_1894,Highway / Road Widening,False,False,,,,,,
CAS_CLEAN_182,SNP_CAS_CLEAN_182_CASE_INITIATION_MILESTONE_20260804,CASE_INITIATION_TO_MILESTONE,180,180,180,1,,0,False,GENERAL_NOTICE,Pune,Haveli,Balewadi,District Collectorate & Administration Pune,RFCTLARR_2013,Highway / Road Widening,False,False,,,,,,
CAS_CLEAN_190,SNP_CAS_CLEAN_190_CASE_INITIATION_MILESTONE_20260804,CASE_INITIATION_TO_MILESTONE,365,365,365,1,,0,False,GENERAL_NOTICE,Pune,,,District Collectorate & Administration Pune,RFCTLARR_2013,Rural Infrastructure,False,False,,,,,,
CAS_CLEAN_094,SNP_CAS_CLEAN_094_CASE_INITIATION_MILESTONE_20260806,CASE_INITIATION_TO_MILESTONE,730,730,730,1,,0,False,GENERAL_NOTICE,Nagpur,Nagpur City,Nagpur,District Collectorate & Administration Nagpur,RFCTLARR_2013,Rural Infrastructure,False,False,,,,,,
CAS_CLEAN_172,SNP_CAS_CLEAN_172_CASE_INITIATION_MILESTONE_20260806,CASE_INITIATION_TO_MILESTONE,0,0,0,1,,0,False,GENERAL_NOTICE,Nashik,Niphad,,District Collectorate & Administration Nashik,RFCTLARR_2013,Ring Road,False,False,,,,,,
CAS_CLEAN_173,SNP_CAS_CLEAN_173_CASE_INITIATION_MILESTONE_20260806,CASE_INITIATION_TO_MILESTONE,0,0,0,1,,0,False,GENERAL_NOTICE,Nashik,Niphad,,District Collectorate & Administration Nashik,RFCTLARR_2013,Ring Road,False,False,,,,,,
CAS_CLEAN_261,SNP_CAS_CLEAN_261_CASE_INITIATION_MILESTONE_20260807,CASE_INITIATION_TO_MILESTONE,0,0,0,1,0.0,0,False,SECTION_11,Solapur,,,District Collectorate & Administration Solapur,RFCTLARR_2013,Highway / Road Widening,False,False,,,,,,
CAS_CLEAN_140,SNP_CAS_CLEAN_140_CASE_INITIATION_MILESTONE_20260808,CASE_INITIATION_TO_MILESTONE,730,730,730,1,1.0,0,False,SECTION_11,Nagpur,Nagpur (City),Shivangaon,District Collectorate & Administration Nagpur,RFCTLARR_2013,Rural Infrastructure,False,False,,,,,,
CAS_CLEAN_050,SNP_CAS_CLEAN_050_CASE_INITIATION_MILESTONE_20260809,CASE_INITIATION_TO_MILESTONE,90,90,90,1,,0,False,GENERAL_NOTICE,Nagpur,,,District Collectorate & Administration Nagpur,RFCTLARR_2013,Rural Infrastructure,False,False,,,,,,
CAS_CLEAN_183,SNP_CAS_CLEAN_183_CASE_INITIATION_MILESTONE_20260813,CASE_INITIATION_TO_MILESTONE,90,90,90,1,,0,False,GENERAL_NOTICE,Pune,Indapur,Bandgarwadi,District Collectorate & Administration Pune,NATIONAL_HIGHWAYS_ACT_1956,Highway / Road Widening,False,False,,,,,,
CAS_CLEAN_233,SNP_CAS_CLEAN_233_CASE_INITIATION_MILESTONE_20260813,CASE_INITIATION_TO_MILESTONE,90,90,90,1,,0,False,GENERAL_NOTICE,Pune,Shirur,Kasari,District Collectorate & Administration Pune,NATIONAL_HIGHWAYS_ACT_1956,Highway / Road Widening,False,False,,,,,,
CAS_CLEAN_250,SNP_CAS_CLEAN_250_CASE_INITIATION_MILESTONE_20260813,CASE_INITIATION_TO_MILESTONE,90,90,90,1,,0,False,GENERAL_NOTICE,Pune,Shirur,Nhavara,District Collectorate & Administration Pune,NATIONAL_HIGHWAYS_ACT_1956,Highway / Road Widening,False,False,,,,,,
CAS_CLEAN_256,SNP_CAS_CLEAN_256_CASE_INITIATION_MILESTONE_20260813,CASE_INITIATION_TO_MILESTONE,90,90,90,1,,0,False,GENERAL_NOTICE,Pune,Shirur,Shikrapur,District Collectorate & Administration Pune,NATIONAL_HIGHWAYS_ACT_1956,Highway / Road Widening,False,False,,,,,,
CAS_CLEAN_007,SNP_CAS_CLEAN_007_CASE_INITIATION_MILESTONE_20260814,CASE_INITIATION_TO_MILESTONE,0,0,0,1,0.0,0,False,SECTION_11,Nagpur,कुही,Banor,District Collectorate & Administration Nagpur,RFCTLARR_2013,Rural Infrastructure,False,False,,,,,,
CAS_CLEAN_008,SNP_CAS_CLEAN_008_CASE_INITIATION_MILESTONE_20260814,CASE_INITIATION_TO_MILESTONE,0,0,0,1,0.0,0,False,SECTION_11,Nagpur,Umred,Barvha,District Collectorate & Administration Nagpur,RFCTLARR_2013,Rural Infrastructure,False,False,,,,,,
CAS_CLEAN_013,SNP_CAS_CLEAN_013_CASE_INITIATION_MILESTONE_20260814,CASE_INITIATION_TO_MILESTONE,0,0,0,1,0.0,0,False,SECTION_11,Nagpur,,Bhiwapur,District Collectorate & Administration Nagpur,RFCTLARR_2013,Rural Infrastructure,False,False,,,,,,
CAS_CLEAN_017,SNP_CAS_CLEAN_017_CASE_INITIATION_MILESTONE_20260814,CASE_INITIATION_TO_MILESTONE,0,0,0,1,0.0,0,False,SECTION_11,Nagpur,Kuhi,Bori Sadachar,District Collectorate & Administration Nagpur,RFCTLARR_2013,Rural Infrastructure,False,False,,,,,,
CAS_CLEAN_035,SNP_CAS_CLEAN_035_CASE_INITIATION_MILESTONE_20260814,CASE_INITIATION_TO_MILESTONE,0,0,0,1,0.0,0,False,SECTION_11,Nagpur,Kuhi,,District Collectorate & Administration Nagpur,RFCTLARR_2013,Rural Infrastructure,False,False,,,,,,
CAS_CLEAN_061,SNP_CAS_CLEAN_061_CASE_INITIATION_MILESTONE_20260814,CASE_INITIATION_TO_MILESTONE,730,730,730,1,,0,False,DIRECT_PURCHASE,Nagpur,Kuhi,Gorha,District Collectorate & Administration Nagpur,RFCTLARR_2013,Rural Infrastructure,True,False,,,,,,
CAS_CLEAN_062,SNP_CAS_CLEAN_062_CASE_INITIATION_MILESTONE_20260814,CASE_INITIATION_TO_MILESTONE,0,0,0,1,0.0,0,False,SECTION_11,Nagpur,Umred,Haladgaon,District Collectorate & Administration Nagpur,RFCTLARR_2013,Rural Infrastructure,False,False,,,,,,
CAS_CLEAN_069,SNP_CAS_CLEAN_069_CASE_INITIATION_MILESTONE_20260814,CASE_INITIATION_TO_MILESTONE,0,0,0,1,0.0,0,False,SECTION_11,Nagpur,Kuhi,Karhandla,District Collectorate & Administration Nagpur,RFCTLARR_2013,Rural Infrastructure,False,False,,,,,,
CAS_CLEAN_082,SNP_CAS_CLEAN_082_CASE_INITIATION_MILESTONE_20260814,CASE_INITIATION_TO_MILESTONE,0,0,0,1,0.0,0,False,SECTION_11,Nagpur,Kuhi,Mandhal,District Collectorate & Administration Nagpur,RFCTLARR_2013,Rural Infrastructure,False,False,,,,,,
CAS_CLEAN_086,SNP_CAS_CLEAN_086_CASE_INITIATION_MILESTONE_20260814,CASE_INITIATION_TO_MILESTONE,0,0,0,1,0.0,0,False,SECTION_11,Nagpur,Umred,Mhasepathar(Rithi),District Collectorate & Administration Nagpur,RFCTLARR_2013,Rural Infrastructure,False,False,,,,,,
CAS_CLEAN_104,SNP_CAS_CLEAN_104_CASE_INITIATION_MILESTONE_20260814,CASE_INITIATION_TO_MILESTONE,0,0,0,1,0.0,0,False,SECTION_11,Nagpur,Umred,Nirvaha,District Collectorate & Administration Nagpur,RFCTLARR_2013,Rural Infrastructure,False,False,,,,,,
CAS_CLEAN_105,SNP_CAS_CLEAN_105_CASE_INITIATION_MILESTONE_20260814,CASE_INITIATION_TO_MILESTONE,0,0,0,1,0.0,0,False,SECTION_11,Nagpur,Kuhi,Pachkhedi (Gandli),District Collectorate & Administration Nagpur,RFCTLARR_2013,Rural Infrastructure,False,False,,,,,,
CAS_CLEAN_106,SNP_CAS_CLEAN_106_CASE_INITIATION_MILESTONE_20260814,CASE_INITIATION_TO_MILESTONE,0,0,0,1,0.0,0,False,SECTION_11,Nagpur,Umred,Parsodi (Uti),District Collectorate & Administration Nagpur,RFCTLARR_2013,Rural Infrastructure,False,False,,,,,,
CAS_CLEAN_119,SNP_CAS_CLEAN_119_CASE_INITIATION_MILESTONE_20260814,CASE_INITIATION_TO_MILESTONE,0,0,0,1,0.0,0,False,SECTION_11,Nagpur,Umred,Pusagondi(Rithi),District Collectorate & Administration Nagpur,RFCTLARR_2013,Rural Infrastructure,False,False,,,,,,
CAS_CLEAN_122,SNP_CAS_CLEAN_122_CASE_INITIATION_MILESTONE_20260814,CASE_INITIATION_TO_MILESTONE,0,0,0,1,0.0,0,False,SECTION_11,Nagpur,Kuhi,Rajoli,District Collectorate & Administration Nagpur,RFCTLARR_2013,Rural Infrastructure,False,False,,,,,,
CAS_CLEAN_130,SNP_CAS_CLEAN_130_CASE_INITIATION_MILESTONE_20260814,CASE_INITIATION_TO_MILESTONE,0,0,0,1,0.0,0,False,SECTION_11,Nagpur,Umred,Salai,District Collectorate & Administration Nagpur,RFCTLARR_2013,Rural Infrastructure,False,False,,,,,,
CAS_CLEAN_141,SNP_CAS_CLEAN_141_CASE_INITIATION_MILESTONE_20260814,CASE_INITIATION_TO_MILESTONE,0,0,0,1,0.0,0,False,SECTION_11,Nagpur,Kuhi,Siroli(Rithi),District Collectorate & Administration Nagpur,RFCTLARR_2013,Rural Infrastructure,False,False,,,,,,
CAS_CLEAN_143,SNP_CAS_CLEAN_143_CASE_INITIATION_MILESTONE_20260814,CASE_INITIATION_TO_MILESTONE,0,0,0,1,0.0,0,False,SECTION_11,Nagpur,Umred,Sonpuri,District Collectorate & Administration Nagpur,RFCTLARR_2013,Rural Infrastructure,False,False,,,,,,
CAS_CLEAN_150,SNP_CAS_CLEAN_150_CASE_INITIATION_MILESTONE_20260814,CASE_INITIATION_TO_MILESTONE,0,0,0,1,0.0,0,False,SECTION_11,Nagpur,Umred,Tikhadi,District Collectorate & Administration Nagpur,RFCTLARR_2013,Rural Infrastructure,False,False,,,,,,
CAS_CLEAN_152,SNP_CAS_CLEAN_152_CASE_INITIATION_MILESTONE_20260814,CASE_INITIATION_TO_MILESTONE,0,0,0,1,0.0,0,False,SECTION_11,Nagpur,Umred,Umra,District Collectorate & Administration Nagpur,RFCTLARR_2013,Rural Infrastructure,False,False,,,,,,
CAS_CLEAN_157,SNP_CAS_CLEAN_157_CASE_INITIATION_MILESTONE_20260814,CASE_INITIATION_TO_MILESTONE,0,0,0,1,0.0,0,False,SECTION_11,Nagpur,Umred,Wadegaon,District Collectorate & Administration Nagpur,RFCTLARR_2013,Rural Infrastructure,False,False,,,,,,
CAS_CLEAN_159,SNP_CAS_CLEAN_159_CASE_INITIATION_MILESTONE_20260814,CASE_INITIATION_TO_MILESTONE,0,0,0,1,0.0,0,False,SECTION_11,Nagpur,Kuhi,Wag,District Collectorate & Administration Nagpur,RFCTLARR_2013,Rural Infrastructure,False,False,,,,,,
CAS_CLEAN_188,SNP_CAS_CLEAN_188_CASE_INITIATION_MILESTONE_20260814,CASE_INITIATION_TO_MILESTONE,0,0,0,1,0.0,0,False,SECTION_11,Pune,,,District Collectorate & Administration Pune,RFCTLARR_2013,Rural Infrastructure,False,False,,,,,,
CAS_CLEAN_004,SNP_CAS_CLEAN_004_CASE_INITIATION_MILESTONE_20260817,CASE_INITIATION_TO_MILESTONE,0,0,0,1,0.0,0,False,SECTION_11,Nagpur,Hingna,Asola (Sawangi)Taluka Hingna,District Collectorate & Administration Nagpur,RFCTLARR_2013,Rural Infrastructure,False,False,,,,,,
CAS_CLEAN_010,SNP_CAS_CLEAN_010_CASE_INITIATION_MILESTONE_20260817,CASE_INITIATION_TO_MILESTONE,0,0,0,1,,0,False,GENERAL_NOTICE,Nagpur,Kalmeshwar,Belori(bu),District Collectorate & Administration Nagpur,RFCTLARR_2013,Rural Infrastructure,False,False,,,,,,
CAS_CLEAN_012,SNP_CAS_CLEAN_012_CASE_INITIATION_MILESTONE_20260817,CASE_INITIATION_TO_MILESTONE,0,0,0,1,0.0,0,False,SECTION_11,Nagpur,Hingna,Bhansuli,District Collectorate & Administration Nagpur,RFCTLARR_2013,Rural Infrastructure,False,False,,,,,,
CAS_CLEAN_063,SNP_CAS_CLEAN_063_CASE_INITIATION_MILESTONE_20260817,CASE_INITIATION_TO_MILESTONE,0,0,0,1,0.0,0,False,SECTION_11,Nagpur,Hingna,Haladgao,District Collectorate & Administration Nagpur,RFCTLARR_2013,Rural Infrastructure,False,False,,,,,,
CAS_CLEAN_068,SNP_CAS_CLEAN_068_CASE_INITIATION_MILESTONE_20260817,CASE_INITIATION_TO_MILESTONE,0,0,0,1,0.0,0,False,SECTION_11,Nagpur,Hingna,Junapani (Rithi),District Collectorate & Administration Nagpur,RFCTLARR_2013,Rural Infrastructure,False,False,,,,,,
CAS_CLEAN_077,SNP_CAS_CLEAN_077_CASE_INITIATION_MILESTONE_20260817,CASE_INITIATION_TO_MILESTONE,0,0,0,1,0.0,0,False,SECTION_11,Nagpur,Hingna,Kohali (Rithi),District Collectorate & Administration Nagpur,RFCTLARR_2013,Rural Infrastructure,False,False,,,,,,
CAS_CLEAN_083,SNP_CAS_CLEAN_083_CASE_INITIATION_MILESTONE_20260817,CASE_INITIATION_TO_MILESTONE,0,0,0,1,,0,False,GENERAL_NOTICE,Nagpur,,Mangali,District Collectorate & Administration Nagpur,RFCTLARR_2013,Rural Infrastructure,False,False,,,,,,
CAS_CLEAN_090,SNP_CAS_CLEAN_090_CASE_INITIATION_MILESTONE_20260817,CASE_INITIATION_TO_MILESTONE,0,0,0,1,0.0,0,False,SECTION_11,Nagpur,Hingna,Murzadi,District Collectorate & Administration Nagpur,RFCTLARR_2013,Rural Infrastructure,False,False,,,,,,
CAS_CLEAN_135,SNP_CAS_CLEAN_135_CASE_INITIATION_MILESTONE_20260817,CASE_INITIATION_TO_MILESTONE,0,0,0,1,0.0,0,False,SECTION_11,Nagpur,Hingna,Sawangi (Aa)Taluka Hingna,District Collectorate & Administration Nagpur,RFCTLARR_2013,Rural Infrastructure,False,False,,,,,,
CAS_CLEAN_153,SNP_CAS_CLEAN_153_CASE_INITIATION_MILESTONE_20260817,CASE_INITIATION_TO_MILESTONE,0,0,0,1,0.0,0,False,SECTION_11,Nagpur,Hingna,Vadgaon (Bakshi),District Collectorate & Administration Nagpur,RFCTLARR_2013,Rural Infrastructure,False,False,,,,,,
CAS_CLEAN_018,SNP_CAS_CLEAN_018_CASE_INITIATION_MILESTONE_20260819,CASE_INITIATION_TO_MILESTONE,0,0,0,1,0.0,0,False,SECTION_11,Nagpur,Nagpur (Gramin),Bori,District Collectorate & Administration Nagpur,RFCTLARR_2013,Rural Infrastructure,False,False,,,,,,
CAS_CLEAN_036,SNP_CAS_CLEAN_036_CASE_INITIATION_MILESTONE_20260819,CASE_INITIATION_TO_MILESTONE,90,90,90,1,,0,False,DIRECT_PURCHASE,Nagpur,kuhi,,District Collectorate & Administration Nagpur,RFCTLARR_2013,Ring Road,True,False,,,,,,
CAS_CLEAN_037,SNP_CAS_CLEAN_037_CASE_INITIATION_MILESTONE_20260819,CASE_INITIATION_TO_MILESTONE,90,90,90,1,0.2466,0,False,SECTION_11,Nagpur,Kuhi,Channa,District Collectorate & Administration Nagpur,RFCTLARR_2013,Rural Infrastructure,False,False,,,,,,
CAS_CLEAN_067,SNP_CAS_CLEAN_067_CASE_INITIATION_MILESTONE_20260819,CASE_INITIATION_TO_MILESTONE,0,0,0,1,0.0,0,False,SECTION_11,Nagpur,Nagpur (Gramin),Junapani,District Collectorate & Administration Nagpur,RFCTLARR_2013,Rural Infrastructure,False,False,,,,,,
CAS_CLEAN_075,SNP_CAS_CLEAN_075_CASE_INITIATION_MILESTONE_20260819,CASE_INITIATION_TO_MILESTONE,0,0,0,1,0.0,0,False,SECTION_11,Nagpur,Nagpur (Gramin),Kirnapur,District Collectorate & Administration Nagpur,RFCTLARR_2013,Rural Infrastructure,False,False,,,,,,
CAS_CLEAN_084,SNP_CAS_CLEAN_084_CASE_INITIATION_MILESTONE_20260819,CASE_INITIATION_TO_MILESTONE,0,0,0,1,0.0,0,False,SECTION_11,Nagpur,Nagpur (Gramin),Mangarul,District Collectorate & Administration Nagpur,RFCTLARR_2013,Rural Infrastructure,False,False,,,,,,
CAS_CLEAN_089,SNP_CAS_CLEAN_089_CASE_INITIATION_MILESTONE_20260819,CASE_INITIATION_TO_MILESTONE,0,0,0,1,0.0,0,False,SECTION_11,Nagpur,Nagpur (Gramin),Murarpur,District Collectorate & Administration Nagpur,RFCTLARR_2013,Rural Infrastructure,False,False,,,,,,
CAS_CLEAN_107,SNP_CAS_CLEAN_107_CASE_INITIATION_MILESTONE_20260819,CASE_INITIATION_TO_MILESTONE,0,0,0,1,0.0,0,False,SECTION_11,Nagpur,Nagpur (Gramin),Parsodi,District Collectorate & Administration Nagpur,RFCTLARR_2013,Rural Infrastructure,False,False,,,,,,
CAS_CLEAN_123,SNP_CAS_CLEAN_123_CASE_INITIATION_MILESTONE_20260819,CASE_INITIATION_TO_MILESTONE,0,0,0,1,0.0,0,False,SECTION_11,Nagpur,Nagpur (Gramin),Rampur,District Collectorate & Administration Nagpur,RFCTLARR_2013,Rural Infrastructure,False,False,,,,,,
CAS_CLEAN_125,SNP_CAS_CLEAN_125_CASE_INITIATION_MILESTONE_20260819,CASE_INITIATION_TO_MILESTONE,0,0,0,1,0.0,0,False,SECTION_11,Nagpur,Nagpur (Gramin),Ruikheiri,District Collectorate & Administration Nagpur,RFCTLARR_2013,Rural Infrastructure,False,False,,,,,,
CAS_CLEAN_142,SNP_CAS_CLEAN_142_CASE_INITIATION_MILESTONE_20260819,CASE_INITIATION_TO_MILESTONE,90,0,,0,,1,True,INITIATION,Nagpur,Nagpur (City),Sitabuldi,District Collectorate & Administration Nagpur,RFCTLARR_2013,Railway Quadrupling,False,False,,,,,,
CAS_CLEAN_144,SNP_CAS_CLEAN_144_CASE_INITIATION_MILESTONE_20260819,CASE_INITIATION_TO_MILESTONE,0,0,0,1,0.0,0,False,SECTION_11,Nagpur,Nagpur (Gramin),Sonurli,District Collectorate & Administration Nagpur,RFCTLARR_2013,Rural Infrastructure,False,False,,,,,,
CAS_CLEAN_151,SNP_CAS_CLEAN_151_CASE_INITIATION_MILESTONE_20260819,CASE_INITIATION_TO_MILESTONE,0,0,0,1,0.0,0,False,SECTION_11,Nagpur,Nagpur (Gramin),Tumdi,District Collectorate & Administration Nagpur,RFCTLARR_2013,Rural Infrastructure,False,False,,,,,,
CAS_CLEAN_154,SNP_CAS_CLEAN_154_CASE_INITIATION_MILESTONE_20260819,CASE_INITIATION_TO_MILESTONE,90,90,90,1,,0,False,DIRECT_PURCHASE,Nagpur,Hfrrswl cT,Valni,District Collectorate & Administration Nagpur,RFCTLARR_2013,Rural Infrastructure,True,False,,,,,,
CAS_CLEAN_155,SNP_CAS_CLEAN_155_CASE_INITIATION_MILESTONE_20260819,CASE_INITIATION_TO_MILESTONE,0,0,0,1,0.0,0,False,SECTION_11,Nagpur,Nagpur (Gramin),Varanga,District Collectorate & Administration Nagpur,RFCTLARR_2013,Rural Infrastructure,False,False,,,,,,
CAS_CLEAN_178,SNP_CAS_CLEAN_178_CASE_INITIATION_MILESTONE_20260819,CASE_INITIATION_TO_MILESTONE,0,0,0,1,,0,False,GENERAL_NOTICE,Nashik,Dindori,Varvandi,District Collectorate & Administration Nashik,RFCTLARR_2013,Rural Infrastructure,False,False,,,,,,
CAS_CLEAN_263,SNP_CAS_CLEAN_263_CASE_INITIATION_MILESTONE_20260819,CASE_INITIATION_TO_MILESTONE,90,90,90,1,,0,False,GENERAL_NOTICE,Solapur,Mohol and Uttar Solapur,,District Collectorate & Administration Solapur,RFCTLARR_2013,Rural Infrastructure,False,False,,,,,,
CAS_CLEAN_099,SNP_CAS_CLEAN_099_CASE_INITIATION_MILESTONE_20260822,CASE_INITIATION_TO_MILESTONE,730,730,730,1,,0,False,GENERAL_NOTICE,Nagpur,Nagpur,Nagpur,District Collectorate & Administration Nagpur,RFCTLARR_2013,Rural Infrastructure,False,False,,,,,,
CAS_CLEAN_128,SNP_CAS_CLEAN_128_CASE_INITIATION_MILESTONE_20260822,CASE_INITIATION_TO_MILESTONE,730,730,730,1,,0,False,DIRECT_PURCHASE,Nagpur,Kuhi,Ruyad,District Collectorate & Administration Nagpur,RFCTLARR_2013,Rural Infrastructure,True,False,,,,,,
CAS_CLEAN_046,SNP_CAS_CLEAN_046_CASE_INITIATION_MILESTONE_20260824,CASE_INITIATION_TO_MILESTONE,90,90,90,1,,0,False,GENERAL_NOTICE,Nagpur,Nagpur (City),Chinchbhuvan,District Collectorate & Administration Nagpur,RFCTLARR_2013,Rural Infrastructure,False,False,,,,,,
CAS_CLEAN_257,SNP_CAS_CLEAN_257_CASE_INITIATION_MILESTONE_20260825,CASE_INITIATION_TO_MILESTONE,0,0,0,1,0.0,0,False,SECTION_11,Pune,Haweli,Vadgaon Sheri,District Collectorate & Administration Pune,RAILWAYS_ACT_2008,Highway / Road Widening,False,False,,,,,,
CAS_CLEAN_265,SNP_CAS_CLEAN_265_CASE_INITIATION_MILESTONE_20260901,CASE_INITIATION_TO_MILESTONE,0,0,0,1,,0,False,GENERAL_NOTICE,Solapur,uka,,District Collectorate & Administration Solapur,RAILWAYS_ACT_2008,Railway Quadrupling,False,False,,,,,,
CAS_CLEAN_266,SNP_CAS_CLEAN_266_CASE_INITIATION_MILESTONE_20260901,CASE_INITIATION_TO_MILESTONE,0,0,0,1,,0,False,GENERAL_NOTICE,Solapur,uka,,District Collectorate & Administration Solapur,RAILWAYS_ACT_2008,Railway Quadrupling,False,False,,,,,,
CAS_CLEAN_137,SNP_CAS_CLEAN_137_CASE_INITIATION_MILESTONE_20260903,CASE_INITIATION_TO_MILESTONE,0,0,0,1,0.0,0,False,SECTION_11,Nagpur,Kuhi,Sawangi,District Collectorate & Administration Nagpur,RFCTLARR_2013,Rural Infrastructure,False,False,,,,,,
CAS_CLEAN_189,SNP_CAS_CLEAN_189_CASE_INITIATION_MILESTONE_20260903,CASE_INITIATION_TO_MILESTONE,365,365,365,1,,0,False,GENERAL_NOTICE,Pune,,,District Collectorate & Administration Pune,RFCTLARR_2013,Rural Infrastructure,False,False,,,,,,
CAS_CLEAN_253,SNP_CAS_CLEAN_253_CASE_INITIATION_MILESTONE_20260903,CASE_INITIATION_TO_MILESTONE,90,90,90,1,,0,False,GENERAL_NOTICE,Pune,Bhor,Parhar Khurd,District Collectorate & Administration Pune,RFCTLARR_2013,Irrigation / Canal,False,False,,,,,,
CAS_CLEAN_255,SNP_CAS_CLEAN_255_CASE_INITIATION_MILESTONE_20260903,CASE_INITIATION_TO_MILESTONE,90,80,80,2,,0,False,GENERAL_NOTICE,Pune,Bhor,Salav,District Collectorate & Administration Pune,RAILWAYS_ACT_2008,Irrigation / Canal,False,False,,,,,,
CAS_CLEAN_186,SNP_CAS_CLEAN_186_CASE_INITIATION_MILESTONE_20260904,CASE_INITIATION_TO_MILESTONE,0,0,0,1,,0,False,GENERAL_NOTICE,Pune,,,District Collectorate & Administration Pune,RFCTLARR_2013,Metro Rail,False,False,,,,,,
CAS_CLEAN_181,SNP_CAS_CLEAN_181_CASE_INITIATION_MILESTONE_20260905,CASE_INITIATION_TO_MILESTONE,180,180,180,1,,0,False,GENERAL_NOTICE,Pune,Haveli,Balewadi,District Collectorate & Administration Pune,RFCTLARR_2013,Highway / Road Widening,False,False,,,,,,
CAS_CLEAN_118,SNP_CAS_CLEAN_118_CASE_INITIATION_MILESTONE_20260907,CASE_INITIATION_TO_MILESTONE,0,0,0,1,0.0,0,False,SECTION_11,Nagpur,Bhivapur,Pullar,District Collectorate & Administration Nagpur,RFCTLARR_2013,Rural Infrastructure,False,False,,,,,,
CAS_CLEAN_259,SNP_CAS_CLEAN_259_CASE_INITIATION_MILESTONE_20260908,CASE_INITIATION_TO_MILESTONE,270,270,270,1,0.7397,0,False,SECTION_11,Solapur,Malshiras,,District Collectorate & Administration Solapur,RFCTLARR_2013,Rural Infrastructure,False,False,,,,,,
CAS_CLEAN_184,SNP_CAS_CLEAN_184_CASE_INITIATION_MILESTONE_20260910,CASE_INITIATION_TO_MILESTONE,0,0,0,1,,0,False,GENERAL_NOTICE,Pune,Haveli,Borhadewadi,District Collectorate & Administration Pune,RFCTLARR_2013,Highway / Road Widening,False,False,,,,,,
CAS_CLEAN_245,SNP_CAS_CLEAN_245_CASE_INITIATION_MILESTONE_20260910,CASE_INITIATION_TO_MILESTONE,365,365,365,1,,0,False,GENERAL_NOTICE,Pune,,Lonikand,District Collectorate & Administration Pune,RFCTLARR_2013,Rural Infrastructure,False,False,,,,,,
CAS_CLEAN_248,SNP_CAS_CLEAN_248_CASE_INITIATION_MILESTONE_20260910,CASE_INITIATION_TO_MILESTONE,0,0,0,1,,0,False,GENERAL_NOTICE,Pune,Haveli,Moshi,District Collectorate & Administration Pune,RFCTLARR_2013,Highway / Road Widening,False,False,,,,,,
CAS_CLEAN_254,SNP_CAS_CLEAN_254_CASE_INITIATION_MILESTONE_20260910,CASE_INITIATION_TO_MILESTONE,0,0,0,1,,0,False,GENERAL_NOTICE,Pune,,,District Collectorate & Administration Pune,RFCTLARR_2013,Highway / Road Widening,False,False,,,,,,
CAS_CLEAN_074,SNP_CAS_CLEAN_074_CASE_INITIATION_MILESTONE_20260911,CASE_INITIATION_TO_MILESTONE,0,0,0,1,0.0,0,False,SECTION_11,Nagpur,Nagpur (Gramin),Kiranpur,District Collectorate & Administration Nagpur,RFCTLARR_2013,Rural Infrastructure,False,False,,,,,,
CAS_CLEAN_244,SNP_CAS_CLEAN_244_CASE_INITIATION_MILESTONE_20260917,CASE_INITIATION_TO_MILESTONE,365,365,365,1,,0,False,GENERAL_NOTICE,Pune,,Lonikand,District Collectorate & Administration Pune,RFCTLARR_2013,Rural Infrastructure,False,False,,,,,,
CAS_CLEAN_133,SNP_CAS_CLEAN_133_CASE_INITIATION_MILESTONE_20260919,CASE_INITIATION_TO_MILESTONE,365,243,243,2,,0,False,SECTION_21,Nagpur,Kuhi,Savargao,District Collectorate & Administration Nagpur,RFCTLARR_2013,Rural Infrastructure,False,False,,,,,,
CAS_CLEAN_115,SNP_CAS_CLEAN_115_CASE_INITIATION_MILESTONE_20260921,CASE_INITIATION_TO_MILESTONE,90,90,90,1,,0,False,GENERAL_NOTICE,Nagpur,uka,,District Collectorate & Administration Nagpur,RFCTLARR_2013,Ring Road,False,False,,,,,,
CAS_CLEAN_116,SNP_CAS_CLEAN_116_CASE_INITIATION_MILESTONE_20260921,CASE_INITIATION_TO_MILESTONE,90,90,90,1,,0,False,GENERAL_NOTICE,Nagpur,uka,,District Collectorate & Administration Nagpur,RFCTLARR_2013,Ring Road,False,False,,,,,,
CAS_CLEAN_048,SNP_CAS_CLEAN_048_CASE_INITIATION_MILESTONE_20260922,CASE_INITIATION_TO_MILESTONE,0,0,0,1,0.0,0,False,SECTION_11,Nagpur,Umred,Dahegaon,District Collectorate & Administration Nagpur,RFCTLARR_2013,Rural Infrastructure,False,False,,,,,,
CAS_CLEAN_049,SNP_CAS_CLEAN_049_CASE_INITIATION_MILESTONE_20260922,CASE_INITIATION_TO_MILESTONE,0,0,0,1,0.0,0,False,SECTION_11,Nagpur,Umred,Davha,District Collectorate & Administration Nagpur,RFCTLARR_2013,Rural Infrastructure,False,False,,,,,,
CAS_CLEAN_055,SNP_CAS_CLEAN_055_CASE_INITIATION_MILESTONE_20260922,CASE_INITIATION_TO_MILESTONE,0,0,0,1,0.0,0,False,SECTION_11,Nagpur,Umred,Dudha,District Collectorate & Administration Nagpur,RFCTLARR_2013,Rural Infrastructure,False,False,,,,,,
CAS_CLEAN_056,SNP_CAS_CLEAN_056_CASE_INITIATION_MILESTONE_20260922,CASE_INITIATION_TO_MILESTONE,0,0,0,1,0.0,0,False,SECTION_11,Nagpur,Umred,Garamsur (Rithi),District Collectorate & Administration Nagpur,RFCTLARR_2013,Rural Infrastructure,False,False,,,,,,
CAS_CLEAN_066,SNP_CAS_CLEAN_066_CASE_INITIATION_MILESTONE_20260922,CASE_INITIATION_TO_MILESTONE,0,0,0,1,0.0,0,False,SECTION_11,Nagpur,Umred,Jambhalapani,District Collectorate & Administration Nagpur,RFCTLARR_2013,Rural Infrastructure,False,False,,,,,,
CAS_CLEAN_138,SNP_CAS_CLEAN_138_CASE_INITIATION_MILESTONE_20260922,CASE_INITIATION_TO_MILESTONE,0,0,0,1,0.0,0,False,SECTION_11,Nagpur,Umred,Sayki,District Collectorate & Administration Nagpur,RFCTLARR_2013,Rural Infrastructure,False,False,,,,,,
CAS_CLEAN_158,SNP_CAS_CLEAN_158_CASE_INITIATION_MILESTONE_20260922,CASE_INITIATION_TO_MILESTONE,0,0,0,1,0.0,0,False,SECTION_11,Nagpur,Umred,Wagholi (Rithi),District Collectorate & Administration Nagpur,RFCTLARR_2013,Rural Infrastructure,False,False,,,,,,
CAS_CLEAN_243,SNP_CAS_CLEAN_243_CASE_INITIATION_MILESTONE_20260925,CASE_INITIATION_TO_MILESTONE,365,365,365,1,,0,False,GENERAL_NOTICE,Pune,,Lonikand,District Collectorate & Administration Pune,RFCTLARR_2013,Rural Infrastructure,False,False,,,,,,
CAS_CLEAN_180,SNP_CAS_CLEAN_180_CASE_INITIATION_MILESTONE_20260927,CASE_INITIATION_TO_MILESTONE,90,90,90,1,,0,False,GENERAL_NOTICE,Pune,Mulshi,Ambadvet,District Collectorate & Administration Pune,RFCTLARR_2013,Rural Infrastructure,False,False,,,,,,
CAS_CLEAN_029,SNP_CAS_CLEAN_029_S11_S19_20240227,SECTION_11_TO_SECTION_19,0,0,0,1,0.0,0,False,SECTION_11,Nagpur,Nagpur(City),,District Collectorate & Administration Nagpur,RFCTLARR_2013,Rural Infrastructure,False,False,,,,,,
CAS_CLEAN_039,SNP_CAS_CLEAN_039_S11_S19_20240314,SECTION_11_TO_SECTION_19,0,0,0,1,0.0,0,False,SECTION_11,Nagpur,Kuhi,chapegadi(Rithi),District Collectorate & Administration Nagpur,RFCTLARR_2013,Rural Infrastructure,False,False,,,,,,
CAS_CLEAN_041,SNP_CAS_CLEAN_041_S11_S19_20240314,SECTION_11_TO_SECTION_19,0,0,0,1,0.0,0,False,SECTION_11,Nagpur,Kuhi,Chapeghat (Rithi),District Collectorate & Administration Nagpur,RFCTLARR_2013,Rural Infrastructure,False,False,,,,,,
CAS_CLEAN_136,SNP_CAS_CLEAN_136_S11_S19_20240314,SECTION_11_TO_SECTION_19,0,0,0,1,0.0,0,False,SECTION_11,Nagpur,Kuhi,Sawangi,District Collectorate & Administration Nagpur,RFCTLARR_2013,Rural Infrastructure,False,False,,,,,,
CAS_CLEAN_029,SNP_CAS_CLEAN_029_S11_S19_20240527,SECTION_11_TO_SECTION_19,90,90,90,1,0.2466,0,False,SECTION_11,Nagpur,Nagpur(City),,District Collectorate & Administration Nagpur,RFCTLARR_2013,Rural Infrastructure,False,False,,,,,,
CAS_CLEAN_039,SNP_CAS_CLEAN_039_S11_S19_20240612,SECTION_11_TO_SECTION_19,90,90,90,1,0.2466,0,False,SECTION_11,Nagpur,Kuhi,chapegadi(Rithi),District Collectorate & Administration Nagpur,RFCTLARR_2013,Rural Infrastructure,False,False,,,,,,
CAS_CLEAN_041,SNP_CAS_CLEAN_041_S11_S19_20240612,SECTION_11_TO_SECTION_19,90,90,90,1,0.2466,0,False,SECTION_11,Nagpur,Kuhi,Chapeghat (Rithi),District Collectorate & Administration Nagpur,RFCTLARR_2013,Rural Infrastructure,False,False,,,,,,
CAS_CLEAN_136,SNP_CAS_CLEAN_136_S11_S19_20240612,SECTION_11_TO_SECTION_19,90,90,90,1,0.2466,0,False,SECTION_11,Nagpur,Kuhi,Sawangi,District Collectorate & Administration Nagpur,RFCTLARR_2013,Rural Infrastructure,False,False,,,,,,
CAS_CLEAN_140,SNP_CAS_CLEAN_140_S11_S19_20240808,SECTION_11_TO_SECTION_19,0,0,0,1,0.0,0,False,SECTION_11,Nagpur,Nagpur (City),Shivangaon,District Collectorate & Administration Nagpur,RFCTLARR_2013,Rural Infrastructure,False,False,,,,,,
CAS_CLEAN_029,SNP_CAS_CLEAN_029_S11_S19_20240825,SECTION_11_TO_SECTION_19,180,180,180,1,0.4932,0,False,SECTION_11,Nagpur,Nagpur(City),,District Collectorate & Administration Nagpur,RFCTLARR_2013,Rural Infrastructure,False,False,,,,,,
CAS_CLEAN_039,SNP_CAS_CLEAN_039_S11_S19_20240910,SECTION_11_TO_SECTION_19,180,180,180,1,0.4932,0,False,SECTION_11,Nagpur,Kuhi,chapegadi(Rithi),District Collectorate & Administration Nagpur,RFCTLARR_2013,Rural Infrastructure,False,False,,,,,,
CAS_CLEAN_041,SNP_CAS_CLEAN_041_S11_S19_20240910,SECTION_11_TO_SECTION_19,180,180,180,1,0.4932,0,False,SECTION_11,Nagpur,Kuhi,Chapeghat (Rithi),District Collectorate & Administration Nagpur,RFCTLARR_2013,Rural Infrastructure,False,False,,,,,,
CAS_CLEAN_136,SNP_CAS_CLEAN_136_S11_S19_20240910,SECTION_11_TO_SECTION_19,180,180,180,1,0.4932,0,False,SECTION_11,Nagpur,Kuhi,Sawangi,District Collectorate & Administration Nagpur,RFCTLARR_2013,Rural Infrastructure,False,False,,,,,,
CAS_CLEAN_140,SNP_CAS_CLEAN_140_S11_S19_20241106,SECTION_11_TO_SECTION_19,90,90,90,1,0.2466,0,False,SECTION_11,Nagpur,Nagpur (City),Shivangaon,District Collectorate & Administration Nagpur,RFCTLARR_2013,Rural Infrastructure,False,False,,,,,,
CAS_CLEAN_029,SNP_CAS_CLEAN_029_S11_S19_20241123,SECTION_11_TO_SECTION_19,270,270,270,1,0.7397,0,False,SECTION_11,Nagpur,Nagpur(City),,District Collectorate & Administration Nagpur,RFCTLARR_2013,Rural Infrastructure,False,False,,,,,,
CAS_CLEAN_039,SNP_CAS_CLEAN_039_S11_S19_20241209,SECTION_11_TO_SECTION_19,270,270,270,1,0.7397,0,False,SECTION_11,Nagpur,Kuhi,chapegadi(Rithi),District Collectorate & Administration Nagpur,RFCTLARR_2013,Rural Infrastructure,False,False,,,,,,
CAS_CLEAN_041,SNP_CAS_CLEAN_041_S11_S19_20241209,SECTION_11_TO_SECTION_19,270,270,270,1,0.7397,0,False,SECTION_11,Nagpur,Kuhi,Chapeghat (Rithi),District Collectorate & Administration Nagpur,RFCTLARR_2013,Rural Infrastructure,False,False,,,,,,
CAS_CLEAN_136,SNP_CAS_CLEAN_136_S11_S19_20241209,SECTION_11_TO_SECTION_19,270,270,270,1,0.7397,0,False,SECTION_11,Nagpur,Kuhi,Sawangi,District Collectorate & Administration Nagpur,RFCTLARR_2013,Rural Infrastructure,False,False,,,,,,
CAS_CLEAN_009,SNP_CAS_CLEAN_009_S11_S19_20250114,SECTION_11_TO_SECTION_19,0,0,0,1,0.0,0,False,SECTION_11,Nagpur,Narkhed,Belona,District Collectorate & Administration Nagpur,RFCTLARR_2013,Rural Infrastructure,False,False,,,,,,
CAS_CLEAN_064,SNP_CAS_CLEAN_064_S11_S19_20250114,SECTION_11_TO_SECTION_19,0,0,0,1,0.0,0,False,SECTION_11,Nagpur,Kuhi,Hardoli,District Collectorate & Administration Nagpur,RFCTLARR_2013,Rural Infrastructure,False,False,,,,,,
CAS_CLEAN_120,SNP_CAS_CLEAN_120_S11_S19_20250114,SECTION_11_TO_SECTION_19,0,0,0,1,0.0,0,False,SECTION_11,Nagpur,Kuhi,Rajola,District Collectorate & Administration Nagpur,RFCTLARR_2013,Rural Infrastructure,False,False,,,,,,
CAS_CLEAN_054,SNP_CAS_CLEAN_054_S11_S19_20250122,SECTION_11_TO_SECTION_19,0,0,0,1,0.0,0,False,SECTION_11,Nagpur,,,District Collectorate & Administration Nagpur,RFCTLARR_2013,Rural Infrastructure,False,False,,,,,,
CAS_CLEAN_140,SNP_CAS_CLEAN_140_S11_S19_20250204,SECTION_11_TO_SECTION_19,180,180,180,1,0.4932,0,False,SECTION_11,Nagpur,Nagpur (City),Shivangaon,District Collectorate & Administration Nagpur,RFCTLARR_2013,Rural Infrastructure,False,False,,,,,,
CAS_CLEAN_009,SNP_CAS_CLEAN_009_S11_S19_20250414,SECTION_11_TO_SECTION_19,90,90,90,1,0.2466,0,False,SECTION_11,Nagpur,Narkhed,Belona,District Collectorate & Administration Nagpur,RFCTLARR_2013,Rural Infrastructure,False,False,,,,,,
CAS_CLEAN_064,SNP_CAS_CLEAN_064_S11_S19_20250414,SECTION_11_TO_SECTION_19,90,90,90,1,0.2466,0,False,SECTION_11,Nagpur,Kuhi,Hardoli,District Collectorate & Administration Nagpur,RFCTLARR_2013,Rural Infrastructure,False,False,,,,,,
CAS_CLEAN_120,SNP_CAS_CLEAN_120_S11_S19_20250414,SECTION_11_TO_SECTION_19,90,90,90,1,0.2466,0,False,SECTION_11,Nagpur,Kuhi,Rajola,District Collectorate & Administration Nagpur,RFCTLARR_2013,Rural Infrastructure,False,False,,,,,,
CAS_CLEAN_054,SNP_CAS_CLEAN_054_S11_S19_20250422,SECTION_11_TO_SECTION_19,90,90,90,1,0.2466,0,False,SECTION_11,Nagpur,,,District Collectorate & Administration Nagpur,RFCTLARR_2013,Rural Infrastructure,False,False,,,,,,
CAS_CLEAN_140,SNP_CAS_CLEAN_140_S11_S19_20250505,SECTION_11_TO_SECTION_19,270,270,270,1,0.7397,0,False,SECTION_11,Nagpur,Nagpur (City),Shivangaon,District Collectorate & Administration Nagpur,RFCTLARR_2013,Rural Infrastructure,False,False,,,,,,
CAS_CLEAN_009,SNP_CAS_CLEAN_009_S11_S19_20250713,SECTION_11_TO_SECTION_19,180,180,180,1,0.4932,0,False,SECTION_11,Nagpur,Narkhed,Belona,District Collectorate & Administration Nagpur,RFCTLARR_2013,Rural Infrastructure,False,False,,,,,,
CAS_CLEAN_064,SNP_CAS_CLEAN_064_S11_S19_20250713,SECTION_11_TO_SECTION_19,180,180,180,1,0.4932,0,False,SECTION_11,Nagpur,Kuhi,Hardoli,District Collectorate & Administration Nagpur,RFCTLARR_2013,Rural Infrastructure,False,False,,,,,,
CAS_CLEAN_120,SNP_CAS_CLEAN_120_S11_S19_20250713,SECTION_11_TO_SECTION_19,180,180,180,1,0.4932,0,False,SECTION_11,Nagpur,Kuhi,Rajola,District Collectorate & Administration Nagpur,RFCTLARR_2013,Rural Infrastructure,False,False,,,,,,
CAS_CLEAN_054,SNP_CAS_CLEAN_054_S11_S19_20250721,SECTION_11_TO_SECTION_19,180,180,180,1,0.4932,0,False,SECTION_11,Nagpur,,,District Collectorate & Administration Nagpur,RFCTLARR_2013,Rural Infrastructure,False,False,,,,,,
CAS_CLEAN_025,SNP_CAS_CLEAN_025_S11_S19_20250801,SECTION_11_TO_SECTION_19,0,0,0,1,0.0,0,False,SECTION_11,Nagpur,,,District Collectorate & Administration Nagpur,RFCTLARR_2013,Rural Infrastructure,False,False,,,,,,
CAS_CLEAN_026,SNP_CAS_CLEAN_026_S11_S19_20250801,SECTION_11_TO_SECTION_19,0,0,0,1,0.0,0,False,SECTION_11,Nagpur,t TiqHT,,District Collectorate & Administration Nagpur,RFCTLARR_2013,Rural Infrastructure,False,False,,,,,,
CAS_CLEAN_065,SNP_CAS_CLEAN_065_S11_S19_20250801,SECTION_11_TO_SECTION_19,0,0,0,1,0.0,0,False,SECTION_11,Nagpur,,Hardoli,District Collectorate & Administration Nagpur,RFCTLARR_2013,Rural Infrastructure,False,False,,,,,,
CAS_CLEAN_078,SNP_CAS_CLEAN_078_S11_S19_20250801,SECTION_11_TO_SECTION_19,0,0,0,1,0.0,0,False,SECTION_11,Nagpur,,Kotgaon,District Collectorate & Administration Nagpur,RFCTLARR_2013,Rural Infrastructure,False,False,,,,,,
CAS_CLEAN_103,SNP_CAS_CLEAN_103_S11_S19_20250801,SECTION_11_TO_SECTION_19,0,0,0,1,0.0,0,False,SECTION_11,Nagpur,,Navegao,District Collectorate & Administration Nagpur,RFCTLARR_2013,Rural Infrastructure,False,False,,,,,,
CAS_CLEAN_121,SNP_CAS_CLEAN_121_S11_S19_20250801,SECTION_11_TO_SECTION_19,0,0,0,1,0.0,0,False,SECTION_11,Nagpur,Tlq,Rajola,District Collectorate & Administration Nagpur,RFCTLARR_2013,Rural Infrastructure,False,False,,,,,,
CAS_CLEAN_045,SNP_CAS_CLEAN_045_S11_S19_20250919,SECTION_11_TO_SECTION_19,0,0,0,1,0.0,0,False,SECTION_11,Nagpur,Kuhi,Chikhali,District Collectorate & Administration Nagpur,RFCTLARR_2013,Rural Infrastructure,False,False,,,,,,
CAS_CLEAN_076,SNP_CAS_CLEAN_076_S11_S19_20250919,SECTION_11_TO_SECTION_19,0,0,0,1,0.0,0,False,SECTION_11,Nagpur,i Taluka Bhivapur,Kitali,District Collectorate & Administration Nagpur,RFCTLARR_2013,Rural Infrastructure,False,False,,,,,,
CAS_CLEAN_114,SNP_CAS_CLEAN_114_S11_S19_20250919,SECTION_11_TO_SECTION_19,0,0,0,1,0.0,0,False,SECTION_11,Nagpur,Kuhi,Pratapur,District Collectorate & Administration Nagpur,RFCTLARR_2013,Rural Infrastructure,False,False,,,,,,
CAS_CLEAN_015,SNP_CAS_CLEAN_015_S11_S19_20250926,SECTION_11_TO_SECTION_19,0,0,0,1,0.0,0,False,SECTION_11,Nagpur,Kuhi,Bhivapur,District Collectorate & Administration Nagpur,RFCTLARR_2013,Rural Infrastructure,False,False,,,,,,
CAS_CLEAN_006,SNP_CAS_CLEAN_006_S11_S19_20250929,SECTION_11_TO_SECTION_19,0,0,0,1,0.0,0,False,SECTION_11,Nagpur,Kuhi,Awarmara,District Collectorate & Administration Nagpur,RFCTLARR_2013,Rural Infrastructure,False,False,,,,,,
CAS_CLEAN_014,SNP_CAS_CLEAN_014_S11_S19_20250929,SECTION_11_TO_SECTION_19,0,0,0,1,0.0,0,False,SECTION_11,Nagpur,Bhiwapur,Bhiwapur,District Collectorate & Administration Nagpur,RFCTLARR_2013,Rural Infrastructure,False,False,,,,,,
CAS_CLEAN_019,SNP_CAS_CLEAN_019_S11_S19_20250929,SECTION_11_TO_SECTION_19,0,0,0,1,0.0,0,False,SECTION_11,Nagpur,Kuhi,Bramhani,District Collectorate & Administration Nagpur,RFCTLARR_2013,Rural Infrastructure,False,False,,,,,,
CAS_CLEAN_060,SNP_CAS_CLEAN_060_S11_S19_20250929,SECTION_11_TO_SECTION_19,0,0,0,1,0.0,0,False,SECTION_11,Nagpur,Kuhi,Gonha,District Collectorate & Administration Nagpur,RFCTLARR_2013,Highway / Road Widening,False,False,,,,,,
CAS_CLEAN_080,SNP_CAS_CLEAN_080_S11_S19_20250929,SECTION_11_TO_SECTION_19,0,0,0,1,0.0,0,False,SECTION_11,Nagpur,Kuhi,Kujba,District Collectorate & Administration Nagpur,RFCTLARR_2013,Rural Infrastructure,False,False,,,,,,
CAS_CLEAN_129,SNP_CAS_CLEAN_129_S11_S19_20250929,SECTION_11_TO_SECTION_19,0,0,0,1,0.0,0,False,SECTION_11,Nagpur,Kuhi,Ruyad,District Collectorate & Administration Nagpur,RFCTLARR_2013,Rural Infrastructure,False,False,,,,,,
CAS_CLEAN_146,SNP_CAS_CLEAN_146_S11_S19_20250929,SECTION_11_TO_SECTION_19,0,0,0,1,0.0,0,False,SECTION_11,Nagpur,Kuhi,Takli,District Collectorate & Administration Nagpur,RFCTLARR_2013,Rural Infrastructure,False,False,,,,,,
CAS_CLEAN_147,SNP_CAS_CLEAN_147_S11_S19_20250929,SECTION_11_TO_SECTION_19,0,0,0,1,0.0,0,False,SECTION_11,Nagpur,Kuhi,Taroli,District Collectorate & Administration Nagpur,RFCTLARR_2013,Rural Infrastructure,False,False,,,,,,
CAS_CLEAN_003,SNP_CAS_CLEAN_003_S11_S19_20250930,SECTION_11_TO_SECTION_19,0,0,0,1,0.0,0,False,SECTION_11,Nagpur,Kuhi,Amti,District Collectorate & Administration Nagpur,RFCTLARR_2013,Rural Infrastructure,False,False,,,,,,
CAS_CLEAN_124,SNP_CAS_CLEAN_124_S11_S19_20250930,SECTION_11_TO_SECTION_19,0,0,0,1,0.0,0,False,SECTION_11,Nagpur,Saoner,Ranala,District Collectorate & Administration Nagpur,RFCTLARR_2013,Rural Infrastructure,False,False,,,,,,
CAS_CLEAN_009,SNP_CAS_CLEAN_009_S11_S19_20251011,SECTION_11_TO_SECTION_19,270,270,270,1,0.7397,0,False,SECTION_11,Nagpur,Narkhed,Belona,District Collectorate & Administration Nagpur,RFCTLARR_2013,Rural Infrastructure,False,False,,,,,,
CAS_CLEAN_064,SNP_CAS_CLEAN_064_S11_S19_20251011,SECTION_11_TO_SECTION_19,270,270,270,1,0.7397,0,False,SECTION_11,Nagpur,Kuhi,Hardoli,District Collectorate & Administration Nagpur,RFCTLARR_2013,Rural Infrastructure,False,False,,,,,,
CAS_CLEAN_120,SNP_CAS_CLEAN_120_S11_S19_20251011,SECTION_11_TO_SECTION_19,270,270,270,1,0.7397,0,False,SECTION_11,Nagpur,Kuhi,Rajola,District Collectorate & Administration Nagpur,RFCTLARR_2013,Rural Infrastructure,False,False,,,,,,
CAS_CLEAN_054,SNP_CAS_CLEAN_054_S11_S19_20251019,SECTION_11_TO_SECTION_19,270,270,270,1,0.7397,0,False,SECTION_11,Nagpur,,,District Collectorate & Administration Nagpur,RFCTLARR_2013,Rural Infrastructure,False,False,,,,,,
CAS_CLEAN_025,SNP_CAS_CLEAN_025_S11_S19_20251030,SECTION_11_TO_SECTION_19,90,90,90,1,0.2466,0,False,SECTION_11,Nagpur,,,District Collectorate & Administration Nagpur,RFCTLARR_2013,Rural Infrastructure,False,False,,,,,,
CAS_CLEAN_026,SNP_CAS_CLEAN_026_S11_S19_20251030,SECTION_11_TO_SECTION_19,90,90,90,1,0.2466,0,False,SECTION_11,Nagpur,t TiqHT,,District Collectorate & Administration Nagpur,RFCTLARR_2013,Rural Infrastructure,False,False,,,,,,
CAS_CLEAN_065,SNP_CAS_CLEAN_065_S11_S19_20251030,SECTION_11_TO_SECTION_19,90,90,90,1,0.2466,0,False,SECTION_11,Nagpur,,Hardoli,District Collectorate & Administration Nagpur,RFCTLARR_2013,Rural Infrastructure,False,False,,,,,,
CAS_CLEAN_078,SNP_CAS_CLEAN_078_S11_S19_20251030,SECTION_11_TO_SECTION_19,90,90,90,1,0.2466,0,False,SECTION_11,Nagpur,,Kotgaon,District Collectorate & Administration Nagpur,RFCTLARR_2013,Rural Infrastructure,False,False,,,,,,
CAS_CLEAN_103,SNP_CAS_CLEAN_103_S11_S19_20251030,SECTION_11_TO_SECTION_19,90,90,90,1,0.2466,0,False,SECTION_11,Nagpur,,Navegao,District Collectorate & Administration Nagpur,RFCTLARR_2013,Rural Infrastructure,False,False,,,,,,
CAS_CLEAN_121,SNP_CAS_CLEAN_121_S11_S19_20251030,SECTION_11_TO_SECTION_19,90,90,90,1,0.2466,0,False,SECTION_11,Nagpur,Tlq,Rajola,District Collectorate & Administration Nagpur,RFCTLARR_2013,Rural Infrastructure,False,False,,,,,,
CAS_CLEAN_259,SNP_CAS_CLEAN_259_S11_S19_20251212,SECTION_11_TO_SECTION_19,0,0,0,1,0.0,0,False,SECTION_11,Solapur,Malshiras,,District Collectorate & Administration Solapur,RFCTLARR_2013,Rural Infrastructure,False,False,,,,,,
CAS_CLEAN_124,SNP_CAS_CLEAN_124_S11_S19_20251229,SECTION_11_TO_SECTION_19,90,90,90,1,0.2466,0,False,SECTION_11,Nagpur,Saoner,Ranala,District Collectorate & Administration Nagpur,RFCTLARR_2013,Rural Infrastructure,False,False,,,,,,
CAS_CLEAN_025,SNP_CAS_CLEAN_025_S11_S19_20260128,SECTION_11_TO_SECTION_19,180,180,180,1,0.4932,0,False,SECTION_11,Nagpur,,,District Collectorate & Administration Nagpur,RFCTLARR_2013,Rural Infrastructure,False,False,,,,,,
CAS_CLEAN_026,SNP_CAS_CLEAN_026_S11_S19_20260128,SECTION_11_TO_SECTION_19,180,180,180,1,0.4932,0,False,SECTION_11,Nagpur,t TiqHT,,District Collectorate & Administration Nagpur,RFCTLARR_2013,Rural Infrastructure,False,False,,,,,,
CAS_CLEAN_065,SNP_CAS_CLEAN_065_S11_S19_20260128,SECTION_11_TO_SECTION_19,180,180,180,1,0.4932,0,False,SECTION_11,Nagpur,,Hardoli,District Collectorate & Administration Nagpur,RFCTLARR_2013,Rural Infrastructure,False,False,,,,,,
CAS_CLEAN_078,SNP_CAS_CLEAN_078_S11_S19_20260128,SECTION_11_TO_SECTION_19,180,180,180,1,0.4932,0,False,SECTION_11,Nagpur,,Kotgaon,District Collectorate & Administration Nagpur,RFCTLARR_2013,Rural Infrastructure,False,False,,,,,,
CAS_CLEAN_103,SNP_CAS_CLEAN_103_S11_S19_20260128,SECTION_11_TO_SECTION_19,180,180,180,1,0.4932,0,False,SECTION_11,Nagpur,,Navegao,District Collectorate & Administration Nagpur,RFCTLARR_2013,Rural Infrastructure,False,False,,,,,,
CAS_CLEAN_121,SNP_CAS_CLEAN_121_S11_S19_20260128,SECTION_11_TO_SECTION_19,180,180,180,1,0.4932,0,False,SECTION_11,Nagpur,Tlq,Rajola,District Collectorate & Administration Nagpur,RFCTLARR_2013,Rural Infrastructure,False,False,,,,,,
CAS_CLEAN_259,SNP_CAS_CLEAN_259_S11_S19_20260312,SECTION_11_TO_SECTION_19,90,90,90,1,0.2466,0,False,SECTION_11,Solapur,Malshiras,,District Collectorate & Administration Solapur,RFCTLARR_2013,Rural Infrastructure,False,False,,,,,,
CAS_CLEAN_124,SNP_CAS_CLEAN_124_S11_S19_20260329,SECTION_11_TO_SECTION_19,180,180,180,1,0.4932,0,False,SECTION_11,Nagpur,Saoner,Ranala,District Collectorate & Administration Nagpur,RFCTLARR_2013,Rural Infrastructure,False,False,,,,,,
CAS_CLEAN_025,SNP_CAS_CLEAN_025_S11_S19_20260428,SECTION_11_TO_SECTION_19,270,270,270,1,0.7397,0,False,SECTION_11,Nagpur,,,District Collectorate & Administration Nagpur,RFCTLARR_2013,Rural Infrastructure,False,False,,,,,,
CAS_CLEAN_026,SNP_CAS_CLEAN_026_S11_S19_20260428,SECTION_11_TO_SECTION_19,270,270,270,1,0.7397,0,False,SECTION_11,Nagpur,t TiqHT,,District Collectorate & Administration Nagpur,RFCTLARR_2013,Rural Infrastructure,False,False,,,,,,
CAS_CLEAN_027,SNP_CAS_CLEAN_027_S11_S19_20260428,SECTION_11_TO_SECTION_19,0,0,0,1,0.0,0,False,SECTION_11,Nagpur,,,District Collectorate & Administration Nagpur,RFCTLARR_2013,Rural Infrastructure,False,False,,,,,,
CAS_CLEAN_028,SNP_CAS_CLEAN_028_S11_S19_20260428,SECTION_11_TO_SECTION_19,0,0,0,1,0.0,0,False,SECTION_11,Nagpur,,,District Collectorate & Administration Nagpur,RFCTLARR_2013,Rural Infrastructure,False,False,,,,,,
CAS_CLEAN_065,SNP_CAS_CLEAN_065_S11_S19_20260428,SECTION_11_TO_SECTION_19,270,270,270,1,0.7397,0,False,SECTION_11,Nagpur,,Hardoli,District Collectorate & Administration Nagpur,RFCTLARR_2013,Rural Infrastructure,False,False,,,,,,
CAS_CLEAN_078,SNP_CAS_CLEAN_078_S11_S19_20260428,SECTION_11_TO_SECTION_19,270,270,270,1,0.7397,0,False,SECTION_11,Nagpur,,Kotgaon,District Collectorate & Administration Nagpur,RFCTLARR_2013,Rural Infrastructure,False,False,,,,,,
CAS_CLEAN_103,SNP_CAS_CLEAN_103_S11_S19_20260428,SECTION_11_TO_SECTION_19,270,270,270,1,0.7397,0,False,SECTION_11,Nagpur,,Navegao,District Collectorate & Administration Nagpur,RFCTLARR_2013,Rural Infrastructure,False,False,,,,,,
CAS_CLEAN_121,SNP_CAS_CLEAN_121_S11_S19_20260428,SECTION_11_TO_SECTION_19,270,270,270,1,0.7397,0,False,SECTION_11,Nagpur,Tlq,Rajola,District Collectorate & Administration Nagpur,RFCTLARR_2013,Rural Infrastructure,False,False,,,,,,
CAS_CLEAN_249,SNP_CAS_CLEAN_249_S11_S19_20260504,SECTION_11_TO_SECTION_19,0,0,0,1,0.0,0,False,SECTION_11,Pune,Pune City,Mundhawa,District Collectorate & Administration Pune,LAND_ACQUISITION_ACT_1894,Highway / Road Widening,False,False,,,,,,
CAS_CLEAN_037,SNP_CAS_CLEAN_037_S11_S19_20260521,SECTION_11_TO_SECTION_19,0,0,0,1,0.0,0,False,SECTION_11,Nagpur,Kuhi,Channa,District Collectorate & Administration Nagpur,RFCTLARR_2013,Rural Infrastructure,False,False,,,,,,
CAS_CLEAN_259,SNP_CAS_CLEAN_259_S11_S19_20260610,SECTION_11_TO_SECTION_19,180,180,180,1,0.4932,0,False,SECTION_11,Solapur,Malshiras,,District Collectorate & Administration Solapur,RFCTLARR_2013,Rural Infrastructure,False,False,,,,,,
CAS_CLEAN_027,SNP_CAS_CLEAN_027_S11_S19_20260727,SECTION_11_TO_SECTION_19,90,90,90,1,0.2466,0,False,SECTION_11,Nagpur,,,District Collectorate & Administration Nagpur,RFCTLARR_2013,Rural Infrastructure,False,False,,,,,,
CAS_CLEAN_028,SNP_CAS_CLEAN_028_S11_S19_20260727,SECTION_11_TO_SECTION_19,90,90,90,1,0.2466,0,False,SECTION_11,Nagpur,,,District Collectorate & Administration Nagpur,RFCTLARR_2013,Rural Infrastructure,False,False,,,,,,
CAS_CLEAN_174,SNP_CAS_CLEAN_174_S11_S19_20260729,SECTION_11_TO_SECTION_19,0,0,0,1,0.0,0,False,SECTION_11,Nashik,,,District Collectorate & Administration Nashik,RFCTLARR_2013,Ring Road,False,False,,,,,,
CAS_CLEAN_175,SNP_CAS_CLEAN_175_S11_S19_20260729,SECTION_11_TO_SECTION_19,0,0,0,1,0.0,0,False,SECTION_11,Nashik,,,District Collectorate & Administration Nashik,RFCTLARR_2013,Ring Road,False,False,,,,,,
CAS_CLEAN_249,SNP_CAS_CLEAN_249_S11_S19_20260802,SECTION_11_TO_SECTION_19,90,90,90,1,0.2466,0,False,SECTION_11,Pune,Pune City,Mundhawa,District Collectorate & Administration Pune,LAND_ACQUISITION_ACT_1894,Highway / Road Widening,False,False,,,,,,
CAS_CLEAN_261,SNP_CAS_CLEAN_261_S11_S19_20260807,SECTION_11_TO_SECTION_19,0,0,0,1,0.0,0,False,SECTION_11,Solapur,,,District Collectorate & Administration Solapur,RFCTLARR_2013,Highway / Road Widening,False,False,,,,,,
CAS_CLEAN_007,SNP_CAS_CLEAN_007_S11_S19_20260814,SECTION_11_TO_SECTION_19,0,0,0,1,0.0,0,False,SECTION_11,Nagpur,कुही,Banor,District Collectorate & Administration Nagpur,RFCTLARR_2013,Rural Infrastructure,False,False,,,,,,
CAS_CLEAN_008,SNP_CAS_CLEAN_008_S11_S19_20260814,SECTION_11_TO_SECTION_19,0,0,0,1,0.0,0,False,SECTION_11,Nagpur,Umred,Barvha,District Collectorate & Administration Nagpur,RFCTLARR_2013,Rural Infrastructure,False,False,,,,,,
CAS_CLEAN_013,SNP_CAS_CLEAN_013_S11_S19_20260814,SECTION_11_TO_SECTION_19,0,0,0,1,0.0,0,False,SECTION_11,Nagpur,,Bhiwapur,District Collectorate & Administration Nagpur,RFCTLARR_2013,Rural Infrastructure,False,False,,,,,,
CAS_CLEAN_017,SNP_CAS_CLEAN_017_S11_S19_20260814,SECTION_11_TO_SECTION_19,0,0,0,1,0.0,0,False,SECTION_11,Nagpur,Kuhi,Bori Sadachar,District Collectorate & Administration Nagpur,RFCTLARR_2013,Rural Infrastructure,False,False,,,,,,
CAS_CLEAN_035,SNP_CAS_CLEAN_035_S11_S19_20260814,SECTION_11_TO_SECTION_19,0,0,0,1,0.0,0,False,SECTION_11,Nagpur,Kuhi,,District Collectorate & Administration Nagpur,RFCTLARR_2013,Rural Infrastructure,False,False,,,,,,
CAS_CLEAN_062,SNP_CAS_CLEAN_062_S11_S19_20260814,SECTION_11_TO_SECTION_19,0,0,0,1,0.0,0,False,SECTION_11,Nagpur,Umred,Haladgaon,District Collectorate & Administration Nagpur,RFCTLARR_2013,Rural Infrastructure,False,False,,,,,,
CAS_CLEAN_069,SNP_CAS_CLEAN_069_S11_S19_20260814,SECTION_11_TO_SECTION_19,0,0,0,1,0.0,0,False,SECTION_11,Nagpur,Kuhi,Karhandla,District Collectorate & Administration Nagpur,RFCTLARR_2013,Rural Infrastructure,False,False,,,,,,
CAS_CLEAN_082,SNP_CAS_CLEAN_082_S11_S19_20260814,SECTION_11_TO_SECTION_19,0,0,0,1,0.0,0,False,SECTION_11,Nagpur,Kuhi,Mandhal,District Collectorate & Administration Nagpur,RFCTLARR_2013,Rural Infrastructure,False,False,,,,,,
CAS_CLEAN_086,SNP_CAS_CLEAN_086_S11_S19_20260814,SECTION_11_TO_SECTION_19,0,0,0,1,0.0,0,False,SECTION_11,Nagpur,Umred,Mhasepathar(Rithi),District Collectorate & Administration Nagpur,RFCTLARR_2013,Rural Infrastructure,False,False,,,,,,
CAS_CLEAN_104,SNP_CAS_CLEAN_104_S11_S19_20260814,SECTION_11_TO_SECTION_19,0,0,0,1,0.0,0,False,SECTION_11,Nagpur,Umred,Nirvaha,District Collectorate & Administration Nagpur,RFCTLARR_2013,Rural Infrastructure,False,False,,,,,,
CAS_CLEAN_105,SNP_CAS_CLEAN_105_S11_S19_20260814,SECTION_11_TO_SECTION_19,0,0,0,1,0.0,0,False,SECTION_11,Nagpur,Kuhi,Pachkhedi (Gandli),District Collectorate & Administration Nagpur,RFCTLARR_2013,Rural Infrastructure,False,False,,,,,,
CAS_CLEAN_106,SNP_CAS_CLEAN_106_S11_S19_20260814,SECTION_11_TO_SECTION_19,0,0,0,1,0.0,0,False,SECTION_11,Nagpur,Umred,Parsodi (Uti),District Collectorate & Administration Nagpur,RFCTLARR_2013,Rural Infrastructure,False,False,,,,,,
CAS_CLEAN_119,SNP_CAS_CLEAN_119_S11_S19_20260814,SECTION_11_TO_SECTION_19,0,0,0,1,0.0,0,False,SECTION_11,Nagpur,Umred,Pusagondi(Rithi),District Collectorate & Administration Nagpur,RFCTLARR_2013,Rural Infrastructure,False,False,,,,,,
CAS_CLEAN_122,SNP_CAS_CLEAN_122_S11_S19_20260814,SECTION_11_TO_SECTION_19,0,0,0,1,0.0,0,False,SECTION_11,Nagpur,Kuhi,Rajoli,District Collectorate & Administration Nagpur,RFCTLARR_2013,Rural Infrastructure,False,False,,,,,,
CAS_CLEAN_130,SNP_CAS_CLEAN_130_S11_S19_20260814,SECTION_11_TO_SECTION_19,0,0,0,1,0.0,0,False,SECTION_11,Nagpur,Umred,Salai,District Collectorate & Administration Nagpur,RFCTLARR_2013,Rural Infrastructure,False,False,,,,,,
CAS_CLEAN_141,SNP_CAS_CLEAN_141_S11_S19_20260814,SECTION_11_TO_SECTION_19,0,0,0,1,0.0,0,False,SECTION_11,Nagpur,Kuhi,Siroli(Rithi),District Collectorate & Administration Nagpur,RFCTLARR_2013,Rural Infrastructure,False,False,,,,,,
CAS_CLEAN_143,SNP_CAS_CLEAN_143_S11_S19_20260814,SECTION_11_TO_SECTION_19,0,0,0,1,0.0,0,False,SECTION_11,Nagpur,Umred,Sonpuri,District Collectorate & Administration Nagpur,RFCTLARR_2013,Rural Infrastructure,False,False,,,,,,
CAS_CLEAN_150,SNP_CAS_CLEAN_150_S11_S19_20260814,SECTION_11_TO_SECTION_19,0,0,0,1,0.0,0,False,SECTION_11,Nagpur,Umred,Tikhadi,District Collectorate & Administration Nagpur,RFCTLARR_2013,Rural Infrastructure,False,False,,,,,,
CAS_CLEAN_152,SNP_CAS_CLEAN_152_S11_S19_20260814,SECTION_11_TO_SECTION_19,0,0,0,1,0.0,0,False,SECTION_11,Nagpur,Umred,Umra,District Collectorate & Administration Nagpur,RFCTLARR_2013,Rural Infrastructure,False,False,,,,,,
CAS_CLEAN_157,SNP_CAS_CLEAN_157_S11_S19_20260814,SECTION_11_TO_SECTION_19,0,0,0,1,0.0,0,False,SECTION_11,Nagpur,Umred,Wadegaon,District Collectorate & Administration Nagpur,RFCTLARR_2013,Rural Infrastructure,False,False,,,,,,
CAS_CLEAN_159,SNP_CAS_CLEAN_159_S11_S19_20260814,SECTION_11_TO_SECTION_19,0,0,0,1,0.0,0,False,SECTION_11,Nagpur,Kuhi,Wag,District Collectorate & Administration Nagpur,RFCTLARR_2013,Rural Infrastructure,False,False,,,,,,
CAS_CLEAN_188,SNP_CAS_CLEAN_188_S11_S19_20260814,SECTION_11_TO_SECTION_19,0,0,0,1,0.0,0,False,SECTION_11,Pune,,,District Collectorate & Administration Pune,RFCTLARR_2013,Rural Infrastructure,False,False,,,,,,
CAS_CLEAN_004,SNP_CAS_CLEAN_004_S11_S19_20260817,SECTION_11_TO_SECTION_19,0,0,0,1,0.0,0,False,SECTION_11,Nagpur,Hingna,Asola (Sawangi)Taluka Hingna,District Collectorate & Administration Nagpur,RFCTLARR_2013,Rural Infrastructure,False,False,,,,,,
CAS_CLEAN_012,SNP_CAS_CLEAN_012_S11_S19_20260817,SECTION_11_TO_SECTION_19,0,0,0,1,0.0,0,False,SECTION_11,Nagpur,Hingna,Bhansuli,District Collectorate & Administration Nagpur,RFCTLARR_2013,Rural Infrastructure,False,False,,,,,,
CAS_CLEAN_063,SNP_CAS_CLEAN_063_S11_S19_20260817,SECTION_11_TO_SECTION_19,0,0,0,1,0.0,0,False,SECTION_11,Nagpur,Hingna,Haladgao,District Collectorate & Administration Nagpur,RFCTLARR_2013,Rural Infrastructure,False,False,,,,,,
CAS_CLEAN_068,SNP_CAS_CLEAN_068_S11_S19_20260817,SECTION_11_TO_SECTION_19,0,0,0,1,0.0,0,False,SECTION_11,Nagpur,Hingna,Junapani (Rithi),District Collectorate & Administration Nagpur,RFCTLARR_2013,Rural Infrastructure,False,False,,,,,,
CAS_CLEAN_077,SNP_CAS_CLEAN_077_S11_S19_20260817,SECTION_11_TO_SECTION_19,0,0,0,1,0.0,0,False,SECTION_11,Nagpur,Hingna,Kohali (Rithi),District Collectorate & Administration Nagpur,RFCTLARR_2013,Rural Infrastructure,False,False,,,,,,
CAS_CLEAN_090,SNP_CAS_CLEAN_090_S11_S19_20260817,SECTION_11_TO_SECTION_19,0,0,0,1,0.0,0,False,SECTION_11,Nagpur,Hingna,Murzadi,District Collectorate & Administration Nagpur,RFCTLARR_2013,Rural Infrastructure,False,False,,,,,,
CAS_CLEAN_135,SNP_CAS_CLEAN_135_S11_S19_20260817,SECTION_11_TO_SECTION_19,0,0,0,1,0.0,0,False,SECTION_11,Nagpur,Hingna,Sawangi (Aa)Taluka Hingna,District Collectorate & Administration Nagpur,RFCTLARR_2013,Rural Infrastructure,False,False,,,,,,
CAS_CLEAN_153,SNP_CAS_CLEAN_153_S11_S19_20260817,SECTION_11_TO_SECTION_19,0,0,0,1,0.0,0,False,SECTION_11,Nagpur,Hingna,Vadgaon (Bakshi),District Collectorate & Administration Nagpur,RFCTLARR_2013,Rural Infrastructure,False,False,,,,,,
CAS_CLEAN_018,SNP_CAS_CLEAN_018_S11_S19_20260819,SECTION_11_TO_SECTION_19,0,0,0,1,0.0,0,False,SECTION_11,Nagpur,Nagpur (Gramin),Bori,District Collectorate & Administration Nagpur,RFCTLARR_2013,Rural Infrastructure,False,False,,,,,,
CAS_CLEAN_037,SNP_CAS_CLEAN_037_S11_S19_20260819,SECTION_11_TO_SECTION_19,90,90,90,1,0.2466,0,False,SECTION_11,Nagpur,Kuhi,Channa,District Collectorate & Administration Nagpur,RFCTLARR_2013,Rural Infrastructure,False,False,,,,,,
CAS_CLEAN_067,SNP_CAS_CLEAN_067_S11_S19_20260819,SECTION_11_TO_SECTION_19,0,0,0,1,0.0,0,False,SECTION_11,Nagpur,Nagpur (Gramin),Junapani,District Collectorate & Administration Nagpur,RFCTLARR_2013,Rural Infrastructure,False,False,,,,,,
CAS_CLEAN_075,SNP_CAS_CLEAN_075_S11_S19_20260819,SECTION_11_TO_SECTION_19,0,0,0,1,0.0,0,False,SECTION_11,Nagpur,Nagpur (Gramin),Kirnapur,District Collectorate & Administration Nagpur,RFCTLARR_2013,Rural Infrastructure,False,False,,,,,,
CAS_CLEAN_084,SNP_CAS_CLEAN_084_S11_S19_20260819,SECTION_11_TO_SECTION_19,0,0,0,1,0.0,0,False,SECTION_11,Nagpur,Nagpur (Gramin),Mangarul,District Collectorate & Administration Nagpur,RFCTLARR_2013,Rural Infrastructure,False,False,,,,,,
CAS_CLEAN_089,SNP_CAS_CLEAN_089_S11_S19_20260819,SECTION_11_TO_SECTION_19,0,0,0,1,0.0,0,False,SECTION_11,Nagpur,Nagpur (Gramin),Murarpur,District Collectorate & Administration Nagpur,RFCTLARR_2013,Rural Infrastructure,False,False,,,,,,
CAS_CLEAN_107,SNP_CAS_CLEAN_107_S11_S19_20260819,SECTION_11_TO_SECTION_19,0,0,0,1,0.0,0,False,SECTION_11,Nagpur,Nagpur (Gramin),Parsodi,District Collectorate & Administration Nagpur,RFCTLARR_2013,Rural Infrastructure,False,False,,,,,,
CAS_CLEAN_123,SNP_CAS_CLEAN_123_S11_S19_20260819,SECTION_11_TO_SECTION_19,0,0,0,1,0.0,0,False,SECTION_11,Nagpur,Nagpur (Gramin),Rampur,District Collectorate & Administration Nagpur,RFCTLARR_2013,Rural Infrastructure,False,False,,,,,,
CAS_CLEAN_125,SNP_CAS_CLEAN_125_S11_S19_20260819,SECTION_11_TO_SECTION_19,0,0,0,1,0.0,0,False,SECTION_11,Nagpur,Nagpur (Gramin),Ruikheiri,District Collectorate & Administration Nagpur,RFCTLARR_2013,Rural Infrastructure,False,False,,,,,,
CAS_CLEAN_144,SNP_CAS_CLEAN_144_S11_S19_20260819,SECTION_11_TO_SECTION_19,0,0,0,1,0.0,0,False,SECTION_11,Nagpur,Nagpur (Gramin),Sonurli,District Collectorate & Administration Nagpur,RFCTLARR_2013,Rural Infrastructure,False,False,,,,,,
CAS_CLEAN_151,SNP_CAS_CLEAN_151_S11_S19_20260819,SECTION_11_TO_SECTION_19,0,0,0,1,0.0,0,False,SECTION_11,Nagpur,Nagpur (Gramin),Tumdi,District Collectorate & Administration Nagpur,RFCTLARR_2013,Rural Infrastructure,False,False,,,,,,
CAS_CLEAN_155,SNP_CAS_CLEAN_155_S11_S19_20260819,SECTION_11_TO_SECTION_19,0,0,0,1,0.0,0,False,SECTION_11,Nagpur,Nagpur (Gramin),Varanga,District Collectorate & Administration Nagpur,RFCTLARR_2013,Rural Infrastructure,False,False,,,,,,
CAS_CLEAN_257,SNP_CAS_CLEAN_257_S11_S19_20260825,SECTION_11_TO_SECTION_19,0,0,0,1,0.0,0,False,SECTION_11,Pune,Haweli,Vadgaon Sheri,District Collectorate & Administration Pune,RAILWAYS_ACT_2008,Highway / Road Widening,False,False,,,,,,
CAS_CLEAN_137,SNP_CAS_CLEAN_137_S11_S19_20260903,SECTION_11_TO_SECTION_19,0,0,0,1,0.0,0,False,SECTION_11,Nagpur,Kuhi,Sawangi,District Collectorate & Administration Nagpur,RFCTLARR_2013,Rural Infrastructure,False,False,,,,,,
CAS_CLEAN_118,SNP_CAS_CLEAN_118_S11_S19_20260907,SECTION_11_TO_SECTION_19,0,0,0,1,0.0,0,False,SECTION_11,Nagpur,Bhivapur,Pullar,District Collectorate & Administration Nagpur,RFCTLARR_2013,Rural Infrastructure,False,False,,,,,,
CAS_CLEAN_259,SNP_CAS_CLEAN_259_S11_S19_20260908,SECTION_11_TO_SECTION_19,270,270,270,1,0.7397,0,False,SECTION_11,Solapur,Malshiras,,District Collectorate & Administration Solapur,RFCTLARR_2013,Rural Infrastructure,False,False,,,,,,
CAS_CLEAN_074,SNP_CAS_CLEAN_074_S11_S19_20260911,SECTION_11_TO_SECTION_19,0,0,0,1,0.0,0,False,SECTION_11,Nagpur,Nagpur (Gramin),Kiranpur,District Collectorate & Administration Nagpur,RFCTLARR_2013,Rural Infrastructure,False,False,,,,,,
CAS_CLEAN_048,SNP_CAS_CLEAN_048_S11_S19_20260922,SECTION_11_TO_SECTION_19,0,0,0,1,0.0,0,False,SECTION_11,Nagpur,Umred,Dahegaon,District Collectorate & Administration Nagpur,RFCTLARR_2013,Rural Infrastructure,False,False,,,,,,
CAS_CLEAN_049,SNP_CAS_CLEAN_049_S11_S19_20260922,SECTION_11_TO_SECTION_19,0,0,0,1,0.0,0,False,SECTION_11,Nagpur,Umred,Davha,District Collectorate & Administration Nagpur,RFCTLARR_2013,Rural Infrastructure,False,False,,,,,,
CAS_CLEAN_055,SNP_CAS_CLEAN_055_S11_S19_20260922,SECTION_11_TO_SECTION_19,0,0,0,1,0.0,0,False,SECTION_11,Nagpur,Umred,Dudha,District Collectorate & Administration Nagpur,RFCTLARR_2013,Rural Infrastructure,False,False,,,,,,
CAS_CLEAN_056,SNP_CAS_CLEAN_056_S11_S19_20260922,SECTION_11_TO_SECTION_19,0,0,0,1,0.0,0,False,SECTION_11,Nagpur,Umred,Garamsur (Rithi),District Collectorate & Administration Nagpur,RFCTLARR_2013,Rural Infrastructure,False,False,,,,,,
CAS_CLEAN_066,SNP_CAS_CLEAN_066_S11_S19_20260922,SECTION_11_TO_SECTION_19,0,0,0,1,0.0,0,False,SECTION_11,Nagpur,Umred,Jambhalapani,District Collectorate & Administration Nagpur,RFCTLARR_2013,Rural Infrastructure,False,False,,,,,,
CAS_CLEAN_138,SNP_CAS_CLEAN_138_S11_S19_20260922,SECTION_11_TO_SECTION_19,0,0,0,1,0.0,0,False,SECTION_11,Nagpur,Umred,Sayki,District Collectorate & Administration Nagpur,RFCTLARR_2013,Rural Infrastructure,False,False,,,,,,
CAS_CLEAN_158,SNP_CAS_CLEAN_158_S11_S19_20260922,SECTION_11_TO_SECTION_19,0,0,0,1,0.0,0,False,SECTION_11,Nagpur,Umred,Wagholi (Rithi),District Collectorate & Administration Nagpur,RFCTLARR_2013,Rural Infrastructure,False,False,,,,,,
CAS_CLEAN_030,SNP_CAS_CLEAN_030_S19_AWARD_20231222,SECTION_19_TO_AWARD,0,0,0,1,,0,False,SECTION_19,Nagpur,,,District Collectorate & Administration Nagpur,RFCTLARR_2013,Rural Infrastructure,False,False,,,,,,
CAS_CLEAN_031,SNP_CAS_CLEAN_031_S19_AWARD_20231222,SECTION_19_TO_AWARD,0,0,0,1,,0,False,SECTION_19,Nagpur,,,District Collectorate & Administration Nagpur,RFCTLARR_2013,Rural Infrastructure,False,False,,,,,,
CAS_CLEAN_111,SNP_CAS_CLEAN_111_S19_AWARD_20240307,SECTION_19_TO_AWARD,0,0,0,1,,0,False,SECTION_19,Nagpur,,Pimpladhara,District Collectorate & Administration Nagpur,RFCTLARR_2013,Rural Infrastructure,False,False,,,,,,
CAS_CLEAN_022,SNP_CAS_CLEAN_022_S19_AWARD_20240314,SECTION_19_TO_AWARD,0,0,0,1,,0,False,SECTION_19,Nagpur,,,District Collectorate & Administration Nagpur,RFCTLARR_2013,Rural Infrastructure,False,False,,,,,,
CAS_CLEAN_030,SNP_CAS_CLEAN_030_S19_AWARD_20240321,SECTION_19_TO_AWARD,90,90,90,1,,0,False,SECTION_19,Nagpur,,,District Collectorate & Administration Nagpur,RFCTLARR_2013,Rural Infrastructure,False,False,,,,,,
CAS_CLEAN_031,SNP_CAS_CLEAN_031_S19_AWARD_20240321,SECTION_19_TO_AWARD,90,90,90,1,,0,False,SECTION_19,Nagpur,,,District Collectorate & Administration Nagpur,RFCTLARR_2013,Rural Infrastructure,False,False,,,,,,
CAS_CLEAN_058,SNP_CAS_CLEAN_058_S19_AWARD_20240430,SECTION_19_TO_AWARD,0,0,0,1,,0,False,SECTION_19,Nagpur,Bhiwapur,Gondbori,District Collectorate & Administration Nagpur,RFCTLARR_2013,Rural Infrastructure,False,False,,,,,,
CAS_CLEAN_059,SNP_CAS_CLEAN_059_S19_AWARD_20240430,SECTION_19_TO_AWARD,0,0,0,1,,0,False,SECTION_19,Nagpur,Bhiwapur,Gondbori,District Collectorate & Administration Nagpur,RFCTLARR_2013,Rural Infrastructure,False,False,,,,,,
CAS_CLEAN_110,SNP_CAS_CLEAN_110_S19_AWARD_20240430,SECTION_19_TO_AWARD,0,0,0,1,,0,False,SECTION_19,Nagpur,Bhiwapur,Pimparada(Rithi),District Collectorate & Administration Nagpur,RFCTLARR_2013,Rural Infrastructure,False,False,,,,,,
CAS_CLEAN_111,SNP_CAS_CLEAN_111_S19_AWARD_20240605,SECTION_19_TO_AWARD,90,90,90,1,,0,False,SECTION_19,Nagpur,,Pimpladhara,District Collectorate & Administration Nagpur,RFCTLARR_2013,Rural Infrastructure,False,False,,,,,,
CAS_CLEAN_022,SNP_CAS_CLEAN_022_S19_AWARD_20240612,SECTION_19_TO_AWARD,90,90,90,1,,0,False,SECTION_19,Nagpur,,,District Collectorate & Administration Nagpur,RFCTLARR_2013,Rural Infrastructure,False,False,,,,,,
CAS_CLEAN_030,SNP_CAS_CLEAN_030_S19_AWARD_20240619,SECTION_19_TO_AWARD,180,180,180,1,,0,False,SECTION_19,Nagpur,,,District Collectorate & Administration Nagpur,RFCTLARR_2013,Rural Infrastructure,False,False,,,,,,
CAS_CLEAN_031,SNP_CAS_CLEAN_031_S19_AWARD_20240619,SECTION_19_TO_AWARD,180,180,180,1,,0,False,SECTION_19,Nagpur,,,District Collectorate & Administration Nagpur,RFCTLARR_2013,Rural Infrastructure,False,False,,,,,,
CAS_CLEAN_058,SNP_CAS_CLEAN_058_S19_AWARD_20240729,SECTION_19_TO_AWARD,90,90,90,1,,0,False,SECTION_19,Nagpur,Bhiwapur,Gondbori,District Collectorate & Administration Nagpur,RFCTLARR_2013,Rural Infrastructure,False,False,,,,,,
CAS_CLEAN_059,SNP_CAS_CLEAN_059_S19_AWARD_20240729,SECTION_19_TO_AWARD,90,90,90,1,,0,False,SECTION_19,Nagpur,Bhiwapur,Gondbori,District Collectorate & Administration Nagpur,RFCTLARR_2013,Rural Infrastructure,False,False,,,,,,
CAS_CLEAN_110,SNP_CAS_CLEAN_110_S19_AWARD_20240729,SECTION_19_TO_AWARD,90,90,90,1,,0,False,SECTION_19,Nagpur,Bhiwapur,Pimparada(Rithi),District Collectorate & Administration Nagpur,RFCTLARR_2013,Rural Infrastructure,False,False,,,,,,
CAS_CLEAN_044,SNP_CAS_CLEAN_044_S19_AWARD_20240808,SECTION_19_TO_AWARD,0,0,0,1,,0,False,SECTION_19,Nagpur,Nagpur (City),Chikhali(Devasthan),District Collectorate & Administration Nagpur,RFCTLARR_2013,Rural Infrastructure,False,False,,,,,,
CAS_CLEAN_111,SNP_CAS_CLEAN_111_S19_AWARD_20240903,SECTION_19_TO_AWARD,180,180,180,1,,0,False,SECTION_19,Nagpur,,Pimpladhara,District Collectorate & Administration Nagpur,RFCTLARR_2013,Rural Infrastructure,False,False,,,,,,
CAS_CLEAN_109,SNP_CAS_CLEAN_109_S19_AWARD_20240906,SECTION_19_TO_AWARD,0,0,0,1,,0,False,SECTION_19,Nagpur,,Pimpaldhara,District Collectorate & Administration Nagpur,RFCTLARR_2013,Rural Infrastructure,False,False,,,,,,
CAS_CLEAN_022,SNP_CAS_CLEAN_022_S19_AWARD_20240910,SECTION_19_TO_AWARD,180,180,180,1,,0,False,SECTION_19,Nagpur,,,District Collectorate & Administration Nagpur,RFCTLARR_2013,Rural Infrastructure,False,False,,,,,,
CAS_CLEAN_030,SNP_CAS_CLEAN_030_S19_AWARD_20240917,SECTION_19_TO_AWARD,270,270,270,1,,0,False,SECTION_19,Nagpur,,,District Collectorate & Administration Nagpur,RFCTLARR_2013,Rural Infrastructure,False,False,,,,,,
CAS_CLEAN_031,SNP_CAS_CLEAN_031_S19_AWARD_20240917,SECTION_19_TO_AWARD,270,270,270,1,,0,False,SECTION_19,Nagpur,,,District Collectorate & Administration Nagpur,RFCTLARR_2013,Rural Infrastructure,False,False,,,,,,
CAS_CLEAN_058,SNP_CAS_CLEAN_058_S19_AWARD_20241027,SECTION_19_TO_AWARD,180,180,180,1,,0,False,SECTION_19,Nagpur,Bhiwapur,Gondbori,District Collectorate & Administration Nagpur,RFCTLARR_2013,Rural Infrastructure,False,False,,,,,,
CAS_CLEAN_059,SNP_CAS_CLEAN_059_S19_AWARD_20241027,SECTION_19_TO_AWARD,180,180,180,1,,0,False,SECTION_19,Nagpur,Bhiwapur,Gondbori,District Collectorate & Administration Nagpur,RFCTLARR_2013,Rural Infrastructure,False,False,,,,,,
CAS_CLEAN_110,SNP_CAS_CLEAN_110_S19_AWARD_20241027,SECTION_19_TO_AWARD,180,180,180,1,,0,False,SECTION_19,Nagpur,Bhiwapur,Pimparada(Rithi),District Collectorate & Administration Nagpur,RFCTLARR_2013,Rural Infrastructure,False,False,,,,,,
CAS_CLEAN_044,SNP_CAS_CLEAN_044_S19_AWARD_20241106,SECTION_19_TO_AWARD,90,90,90,1,,0,False,SECTION_19,Nagpur,Nagpur (City),Chikhali(Devasthan),District Collectorate & Administration Nagpur,RFCTLARR_2013,Rural Infrastructure,False,False,,,,,,
CAS_CLEAN_111,SNP_CAS_CLEAN_111_S19_AWARD_20241202,SECTION_19_TO_AWARD,270,270,270,1,,0,False,SECTION_19,Nagpur,,Pimpladhara,District Collectorate & Administration Nagpur,RFCTLARR_2013,Rural Infrastructure,False,False,,,,,,
CAS_CLEAN_109,SNP_CAS_CLEAN_109_S19_AWARD_20241205,SECTION_19_TO_AWARD,90,90,90,1,,0,False,SECTION_19,Nagpur,,Pimpaldhara,District Collectorate & Administration Nagpur,RFCTLARR_2013,Rural Infrastructure,False,False,,,,,,
CAS_CLEAN_022,SNP_CAS_CLEAN_022_S19_AWARD_20241209,SECTION_19_TO_AWARD,270,270,270,1,,0,False,SECTION_19,Nagpur,,,District Collectorate & Administration Nagpur,RFCTLARR_2013,Rural Infrastructure,False,False,,,,,,
CAS_CLEAN_030,SNP_CAS_CLEAN_030_S19_AWARD_20241221,SECTION_19_TO_AWARD,365,365,365,1,,0,False,SECTION_19,Nagpur,,,District Collectorate & Administration Nagpur,RFCTLARR_2013,Rural Infrastructure,False,False,,,,,,
CAS_CLEAN_031,SNP_CAS_CLEAN_031_S19_AWARD_20241221,SECTION_19_TO_AWARD,365,365,365,1,,0,False,SECTION_19,Nagpur,,,District Collectorate & Administration Nagpur,RFCTLARR_2013,Rural Infrastructure,False,False,,,,,,
CAS_CLEAN_139,SNP_CAS_CLEAN_139_S19_AWARD_20250102,SECTION_19_TO_AWARD,0,0,0,1,,0,False,SECTION_19,Nagpur,Nagpur Urban,Shivangaon,District Collectorate & Administration Nagpur,RFCTLARR_2013,Rural Infrastructure,False,False,,,,,,
CAS_CLEAN_047,SNP_CAS_CLEAN_047_S19_AWARD_20250114,SECTION_19_TO_AWARD,0,0,0,2,0.0,0,False,SECTION_11,Nagpur,Mauda,Chirwa,District Collectorate & Administration Nagpur,RFCTLARR_2013,Rural Infrastructure,False,False,,,,,,
CAS_CLEAN_085,SNP_CAS_CLEAN_085_S19_AWARD_20250114,SECTION_19_TO_AWARD,0,0,0,2,0.0,0,False,SECTION_11,Nagpur,Kuhi,Masli,District Collectorate & Administration Nagpur,RFCTLARR_2013,Rural Infrastructure,False,False,,,,,,
CAS_CLEAN_038,SNP_CAS_CLEAN_038_S19_AWARD_20250121,SECTION_19_TO_AWARD,0,0,0,1,,0,False,SECTION_19,Nagpur,Kuhi,Chapegadi,District Collectorate & Administration Nagpur,RFCTLARR_2013,Rural Infrastructure,False,False,,,,,,
CAS_CLEAN_131,SNP_CAS_CLEAN_131_S19_AWARD_20250121,SECTION_19_TO_AWARD,0,0,0,1,,0,False,SECTION_19,Nagpur,Kuhi,Savangi,District Collectorate & Administration Nagpur,RFCTLARR_2013,Rural Infrastructure,False,False,,,,,,
CAS_CLEAN_058,SNP_CAS_CLEAN_058_S19_AWARD_20250125,SECTION_19_TO_AWARD,270,270,270,1,,0,False,SECTION_19,Nagpur,Bhiwapur,Gondbori,District Collectorate & Administration Nagpur,RFCTLARR_2013,Rural Infrastructure,False,False,,,,,,
CAS_CLEAN_059,SNP_CAS_CLEAN_059_S19_AWARD_20250125,SECTION_19_TO_AWARD,270,270,270,1,,0,False,SECTION_19,Nagpur,Bhiwapur,Gondbori,District Collectorate & Administration Nagpur,RFCTLARR_2013,Rural Infrastructure,False,False,,,,,,
CAS_CLEAN_110,SNP_CAS_CLEAN_110_S19_AWARD_20250125,SECTION_19_TO_AWARD,270,270,270,1,,0,False,SECTION_19,Nagpur,Bhiwapur,Pimparada(Rithi),District Collectorate & Administration Nagpur,RFCTLARR_2013,Rural Infrastructure,False,False,,,,,,
CAS_CLEAN_044,SNP_CAS_CLEAN_044_S19_AWARD_20250204,SECTION_19_TO_AWARD,180,180,180,1,,0,False,SECTION_19,Nagpur,Nagpur (City),Chikhali(Devasthan),District Collectorate & Administration Nagpur,RFCTLARR_2013,Rural Infrastructure,False,False,,,,,,
CAS_CLEAN_088,SNP_CAS_CLEAN_088_S19_AWARD_20250212,SECTION_19_TO_AWARD,0,0,0,1,,0,False,SECTION_19,Nagpur,,Mouza Pipaldhara,District Collectorate & Administration Nagpur,RFCTLARR_2013,Rural Infrastructure,False,False,,,,,,
CAS_CLEAN_040,SNP_CAS_CLEAN_040_S19_AWARD_20250225,SECTION_19_TO_AWARD,0,0,0,1,,0,False,SECTION_19,Nagpur,Kuhi,Chapeghat (Rithi),District Collectorate & Administration Nagpur,RFCTLARR_2013,Rural Infrastructure,False,False,,,,,,
CAS_CLEAN_117,SNP_CAS_CLEAN_117_S19_AWARD_20250303,SECTION_19_TO_AWARD,0,0,0,1,,0,False,SECTION_19,Nagpur,Nagpur(Urban),,District Collectorate & Administration Nagpur,RFCTLARR_2013,Highway / Road Widening,False,False,,,,,,
CAS_CLEAN_109,SNP_CAS_CLEAN_109_S19_AWARD_20250305,SECTION_19_TO_AWARD,180,180,180,1,,0,False,SECTION_19,Nagpur,,Pimpaldhara,District Collectorate & Administration Nagpur,RFCTLARR_2013,Rural Infrastructure,False,False,,,,,,
CAS_CLEAN_111,SNP_CAS_CLEAN_111_S19_AWARD_20250307,SECTION_19_TO_AWARD,365,365,365,1,,0,False,SECTION_19,Nagpur,,Pimpladhara,District Collectorate & Administration Nagpur,RFCTLARR_2013,Rural Infrastructure,False,False,,,,,,
CAS_CLEAN_022,SNP_CAS_CLEAN_022_S19_AWARD_20250314,SECTION_19_TO_AWARD,365,365,365,1,,0,False,SECTION_19,Nagpur,,,District Collectorate & Administration Nagpur,RFCTLARR_2013,Rural Infrastructure,False,False,,,,,,
CAS_CLEAN_139,SNP_CAS_CLEAN_139_S19_AWARD_20250402,SECTION_19_TO_AWARD,90,90,90,1,,0,False,SECTION_19,Nagpur,Nagpur Urban,Shivangaon,District Collectorate & Administration Nagpur,RFCTLARR_2013,Rural Infrastructure,False,False,,,,,,
CAS_CLEAN_047,SNP_CAS_CLEAN_047_S19_AWARD_20250414,SECTION_19_TO_AWARD,90,90,90,2,0.2466,0,False,SECTION_11,Nagpur,Mauda,Chirwa,District Collectorate & Administration Nagpur,RFCTLARR_2013,Rural Infrastructure,False,False,,,,,,
CAS_CLEAN_085,SNP_CAS_CLEAN_085_S19_AWARD_20250414,SECTION_19_TO_AWARD,90,90,90,2,0.2466,0,False,SECTION_11,Nagpur,Kuhi,Masli,District Collectorate & Administration Nagpur,RFCTLARR_2013,Rural Infrastructure,False,False,,,,,,
CAS_CLEAN_038,SNP_CAS_CLEAN_038_S19_AWARD_20250421,SECTION_19_TO_AWARD,90,90,90,1,,0,False,SECTION_19,Nagpur,Kuhi,Chapegadi,District Collectorate & Administration Nagpur,RFCTLARR_2013,Rural Infrastructure,False,False,,,,,,
CAS_CLEAN_131,SNP_CAS_CLEAN_131_S19_AWARD_20250421,SECTION_19_TO_AWARD,90,90,90,1,,0,False,SECTION_19,Nagpur,Kuhi,Savangi,District Collectorate & Administration Nagpur,RFCTLARR_2013,Rural Infrastructure,False,False,,,,,,
CAS_CLEAN_058,SNP_CAS_CLEAN_058_S19_AWARD_20250430,SECTION_19_TO_AWARD,365,365,365,1,,0,False,SECTION_19,Nagpur,Bhiwapur,Gondbori,District Collectorate & Administration Nagpur,RFCTLARR_2013,Rural Infrastructure,False,False,,,,,,
CAS_CLEAN_059,SNP_CAS_CLEAN_059_S19_AWARD_20250430,SECTION_19_TO_AWARD,365,365,365,1,,0,False,SECTION_19,Nagpur,Bhiwapur,Gondbori,District Collectorate & Administration Nagpur,RFCTLARR_2013,Rural Infrastructure,False,False,,,,,,
CAS_CLEAN_110,SNP_CAS_CLEAN_110_S19_AWARD_20250430,SECTION_19_TO_AWARD,365,365,365,1,,0,False,SECTION_19,Nagpur,Bhiwapur,Pimparada(Rithi),District Collectorate & Administration Nagpur,RFCTLARR_2013,Rural Infrastructure,False,False,,,,,,
CAS_CLEAN_044,SNP_CAS_CLEAN_044_S19_AWARD_20250505,SECTION_19_TO_AWARD,270,270,270,1,,0,False,SECTION_19,Nagpur,Nagpur (City),Chikhali(Devasthan),District Collectorate & Administration Nagpur,RFCTLARR_2013,Rural Infrastructure,False,False,,,,,,
CAS_CLEAN_088,SNP_CAS_CLEAN_088_S19_AWARD_20250513,SECTION_19_TO_AWARD,90,90,90,1,,0,False,SECTION_19,Nagpur,,Mouza Pipaldhara,District Collectorate & Administration Nagpur,RFCTLARR_2013,Rural Infrastructure,False,False,,,,,,
CAS_CLEAN_040,SNP_CAS_CLEAN_040_S19_AWARD_20250526,SECTION_19_TO_AWARD,90,90,90,1,,0,False,SECTION_19,Nagpur,Kuhi,Chapeghat (Rithi),District Collectorate & Administration Nagpur,RFCTLARR_2013,Rural Infrastructure,False,False,,,,,,
CAS_CLEAN_117,SNP_CAS_CLEAN_117_S19_AWARD_20250601,SECTION_19_TO_AWARD,90,90,90,1,,0,False,SECTION_19,Nagpur,Nagpur(Urban),,District Collectorate & Administration Nagpur,RFCTLARR_2013,Highway / Road Widening,False,False,,,,,,
CAS_CLEAN_109,SNP_CAS_CLEAN_109_S19_AWARD_20250603,SECTION_19_TO_AWARD,270,270,270,1,,0,False,SECTION_19,Nagpur,,Pimpaldhara,District Collectorate & Administration Nagpur,RFCTLARR_2013,Rural Infrastructure,False,False,,,,,,
CAS_CLEAN_070,SNP_CAS_CLEAN_070_S19_AWARD_20250619,SECTION_19_TO_AWARD,125,0,0,1,,1,True,SECTION_19,Nagpur,Saoner,Khariy Dhalgaon,District Collectorate & Administration Nagpur,RFCTLARR_2013,Highway / Road Widening,False,False,,,,,,
CAS_CLEAN_139,SNP_CAS_CLEAN_139_S19_AWARD_20250701,SECTION_19_TO_AWARD,180,180,180,1,,0,False,SECTION_19,Nagpur,Nagpur Urban,Shivangaon,District Collectorate & Administration Nagpur,RFCTLARR_2013,Rural Infrastructure,False,False,,,,,,
CAS_CLEAN_034,SNP_CAS_CLEAN_034_S19_AWARD_20250703,SECTION_19_TO_AWARD,0,0,0,1,,0,False,SECTION_19,Nagpur,Nagpur,,District Collectorate & Administration Nagpur,RFCTLARR_2013,Rural Infrastructure,False,False,,,,,,
CAS_CLEAN_047,SNP_CAS_CLEAN_047_S19_AWARD_20250713,SECTION_19_TO_AWARD,180,180,180,2,0.4932,0,False,SECTION_11,Nagpur,Mauda,Chirwa,District Collectorate & Administration Nagpur,RFCTLARR_2013,Rural Infrastructure,False,False,,,,,,
CAS_CLEAN_085,SNP_CAS_CLEAN_085_S19_AWARD_20250713,SECTION_19_TO_AWARD,180,180,180,2,0.4932,0,False,SECTION_11,Nagpur,Kuhi,Masli,District Collectorate & Administration Nagpur,RFCTLARR_2013,Rural Infrastructure,False,False,,,,,,
CAS_CLEAN_038,SNP_CAS_CLEAN_038_S19_AWARD_20250720,SECTION_19_TO_AWARD,180,180,180,1,,0,False,SECTION_19,Nagpur,Kuhi,Chapegadi,District Collectorate & Administration Nagpur,RFCTLARR_2013,Rural Infrastructure,False,False,,,,,,
CAS_CLEAN_131,SNP_CAS_CLEAN_131_S19_AWARD_20250720,SECTION_19_TO_AWARD,180,180,180,1,,0,False,SECTION_19,Nagpur,Kuhi,Savangi,District Collectorate & Administration Nagpur,RFCTLARR_2013,Rural Infrastructure,False,False,,,,,,
CAS_CLEAN_108,SNP_CAS_CLEAN_108_S19_AWARD_20250729,SECTION_19_TO_AWARD,0,0,0,1,,0,False,SECTION_19,Nagpur,Nagpur (City),Parsodi,District Collectorate & Administration Nagpur,RFCTLARR_2013,Rural Infrastructure,False,False,,,,,,
CAS_CLEAN_044,SNP_CAS_CLEAN_044_S19_AWARD_20250808,SECTION_19_TO_AWARD,365,365,365,1,,0,False,SECTION_19,Nagpur,Nagpur (City),Chikhali(Devasthan),District Collectorate & Administration Nagpur,RFCTLARR_2013,Rural Infrastructure,False,False,,,,,,
CAS_CLEAN_088,SNP_CAS_CLEAN_088_S19_AWARD_20250811,SECTION_19_TO_AWARD,180,180,180,1,,0,False,SECTION_19,Nagpur,,Mouza Pipaldhara,District Collectorate & Administration Nagpur,RFCTLARR_2013,Rural Infrastructure,False,False,,,,,,
CAS_CLEAN_040,SNP_CAS_CLEAN_040_S19_AWARD_20250824,SECTION_19_TO_AWARD,180,180,180,1,,0,False,SECTION_19,Nagpur,Kuhi,Chapeghat (Rithi),District Collectorate & Administration Nagpur,RFCTLARR_2013,Rural Infrastructure,False,False,,,,,,
CAS_CLEAN_117,SNP_CAS_CLEAN_117_S19_AWARD_20250830,SECTION_19_TO_AWARD,180,180,180,1,,0,False,SECTION_19,Nagpur,Nagpur(Urban),,District Collectorate & Administration Nagpur,RFCTLARR_2013,Highway / Road Widening,False,False,,,,,,
CAS_CLEAN_109,SNP_CAS_CLEAN_109_S19_AWARD_20250906,SECTION_19_TO_AWARD,365,365,365,1,,0,False,SECTION_19,Nagpur,,Pimpaldhara,District Collectorate & Administration Nagpur,RFCTLARR_2013,Rural Infrastructure,False,False,,,,,,
CAS_CLEAN_070,SNP_CAS_CLEAN_070_S19_AWARD_20250917,SECTION_19_TO_AWARD,215,90,90,1,,1,True,SECTION_19,Nagpur,Saoner,Khariy Dhalgaon,District Collectorate & Administration Nagpur,RFCTLARR_2013,Highway / Road Widening,False,False,,,,,,
CAS_CLEAN_139,SNP_CAS_CLEAN_139_S19_AWARD_20250929,SECTION_19_TO_AWARD,270,270,270,1,,0,False,SECTION_19,Nagpur,Nagpur Urban,Shivangaon,District Collectorate & Administration Nagpur,RFCTLARR_2013,Rural Infrastructure,False,False,,,,,,
CAS_CLEAN_034,SNP_CAS_CLEAN_034_S19_AWARD_20251001,SECTION_19_TO_AWARD,90,90,90,1,,0,False,SECTION_19,Nagpur,Nagpur,,District Collectorate & Administration Nagpur,RFCTLARR_2013,Rural Infrastructure,False,False,,,,,,
CAS_CLEAN_047,SNP_CAS_CLEAN_047_S19_AWARD_20251011,SECTION_19_TO_AWARD,270,270,270,2,0.7397,0,False,SECTION_11,Nagpur,Mauda,Chirwa,District Collectorate & Administration Nagpur,RFCTLARR_2013,Rural Infrastructure,False,False,,,,,,
CAS_CLEAN_085,SNP_CAS_CLEAN_085_S19_AWARD_20251011,SECTION_19_TO_AWARD,270,270,270,2,0.7397,0,False,SECTION_11,Nagpur,Kuhi,Masli,District Collectorate & Administration Nagpur,RFCTLARR_2013,Rural Infrastructure,False,False,,,,,,
CAS_CLEAN_038,SNP_CAS_CLEAN_038_S19_AWARD_20251018,SECTION_19_TO_AWARD,270,270,270,1,,0,False,SECTION_19,Nagpur,Kuhi,Chapegadi,District Collectorate & Administration Nagpur,RFCTLARR_2013,Rural Infrastructure,False,False,,,,,,
CAS_CLEAN_131,SNP_CAS_CLEAN_131_S19_AWARD_20251018,SECTION_19_TO_AWARD,270,270,270,1,,0,False,SECTION_19,Nagpur,Kuhi,Savangi,District Collectorate & Administration Nagpur,RFCTLARR_2013,Rural Infrastructure,False,False,,,,,,
CAS_CLEAN_108,SNP_CAS_CLEAN_108_S19_AWARD_20251027,SECTION_19_TO_AWARD,90,90,90,1,,0,False,SECTION_19,Nagpur,Nagpur (City),Parsodi,District Collectorate & Administration Nagpur,RFCTLARR_2013,Rural Infrastructure,False,False,,,,,,
CAS_CLEAN_088,SNP_CAS_CLEAN_088_S19_AWARD_20251109,SECTION_19_TO_AWARD,270,270,270,1,,0,False,SECTION_19,Nagpur,,Mouza Pipaldhara,District Collectorate & Administration Nagpur,RFCTLARR_2013,Rural Infrastructure,False,False,,,,,,
CAS_CLEAN_053,SNP_CAS_CLEAN_053_S19_AWARD_20251118,SECTION_19_TO_AWARD,0,0,0,1,,0,False,SECTION_19,Nagpur,,,District Collectorate & Administration Nagpur,RFCTLARR_2013,Rural Infrastructure,False,False,,,,,,
CAS_CLEAN_070,SNP_CAS_CLEAN_070_S19_AWARD_20251118,SECTION_19_TO_AWARD,277,152,152,1,,2,True,SECTION_19,Nagpur,Saoner,Khariy Dhalgaon,District Collectorate & Administration Nagpur,RFCTLARR_2013,Highway / Road Widening,False,False,,,,,,
CAS_CLEAN_040,SNP_CAS_CLEAN_040_S19_AWARD_20251122,SECTION_19_TO_AWARD,270,270,270,1,,0,False,SECTION_19,Nagpur,Kuhi,Chapeghat (Rithi),District Collectorate & Administration Nagpur,RFCTLARR_2013,Rural Infrastructure,False,False,,,,,,
CAS_CLEAN_003,SNP_CAS_CLEAN_003_S19_AWARD_20251128,SECTION_19_TO_AWARD,59,0,0,2,0.1616,0,False,SECTION_19,Nagpur,Kuhi,Amti,District Collectorate & Administration Nagpur,RFCTLARR_2013,Rural Infrastructure,False,False,,,,,,
CAS_CLEAN_006,SNP_CAS_CLEAN_006_S19_AWARD_20251128,SECTION_19_TO_AWARD,60,0,0,2,0.1644,0,False,SECTION_19,Nagpur,Kuhi,Awarmara,District Collectorate & Administration Nagpur,RFCTLARR_2013,Rural Infrastructure,False,False,,,,,,
CAS_CLEAN_014,SNP_CAS_CLEAN_014_S19_AWARD_20251128,SECTION_19_TO_AWARD,60,0,0,2,0.1644,0,False,SECTION_19,Nagpur,Bhiwapur,Bhiwapur,District Collectorate & Administration Nagpur,RFCTLARR_2013,Rural Infrastructure,False,False,,,,,,
CAS_CLEAN_019,SNP_CAS_CLEAN_019_S19_AWARD_20251128,SECTION_19_TO_AWARD,60,0,0,2,0.1644,0,False,SECTION_19,Nagpur,Kuhi,Bramhani,District Collectorate & Administration Nagpur,RFCTLARR_2013,Rural Infrastructure,False,False,,,,,,
CAS_CLEAN_060,SNP_CAS_CLEAN_060_S19_AWARD_20251128,SECTION_19_TO_AWARD,60,0,0,2,0.1644,0,False,SECTION_19,Nagpur,Kuhi,Gonha,District Collectorate & Administration Nagpur,RFCTLARR_2013,Highway / Road Widening,False,False,,,,,,
CAS_CLEAN_080,SNP_CAS_CLEAN_080_S19_AWARD_20251128,SECTION_19_TO_AWARD,60,0,0,2,0.1644,0,False,SECTION_19,Nagpur,Kuhi,Kujba,District Collectorate & Administration Nagpur,RFCTLARR_2013,Rural Infrastructure,False,False,,,,,,
CAS_CLEAN_117,SNP_CAS_CLEAN_117_S19_AWARD_20251128,SECTION_19_TO_AWARD,270,270,270,1,,0,False,SECTION_19,Nagpur,Nagpur(Urban),,District Collectorate & Administration Nagpur,RFCTLARR_2013,Highway / Road Widening,False,False,,,,,,
CAS_CLEAN_129,SNP_CAS_CLEAN_129_S19_AWARD_20251128,SECTION_19_TO_AWARD,60,0,0,2,0.1644,0,False,SECTION_19,Nagpur,Kuhi,Ruyad,District Collectorate & Administration Nagpur,RFCTLARR_2013,Rural Infrastructure,False,False,,,,,,
CAS_CLEAN_146,SNP_CAS_CLEAN_146_S19_AWARD_20251128,SECTION_19_TO_AWARD,60,0,0,2,0.1644,0,False,SECTION_19,Nagpur,Kuhi,Takli,District Collectorate & Administration Nagpur,RFCTLARR_2013,Rural Infrastructure,False,False,,,,,,
CAS_CLEAN_147,SNP_CAS_CLEAN_147_S19_AWARD_20251128,SECTION_19_TO_AWARD,60,0,0,2,0.1644,0,False,SECTION_19,Nagpur,Kuhi,Taroli,District Collectorate & Administration Nagpur,RFCTLARR_2013,Rural Infrastructure,False,False,,,,,,
CAS_CLEAN_015,SNP_CAS_CLEAN_015_S19_AWARD_20251215,SECTION_19_TO_AWARD,80,0,0,2,0.2192,0,False,SECTION_19,Nagpur,Kuhi,Bhivapur,District Collectorate & Administration Nagpur,RFCTLARR_2013,Rural Infrastructure,False,False,,,,,,
CAS_CLEAN_045,SNP_CAS_CLEAN_045_S19_AWARD_20251215,SECTION_19_TO_AWARD,87,0,0,2,0.2384,0,False,SECTION_19,Nagpur,Kuhi,Chikhali,District Collectorate & Administration Nagpur,RFCTLARR_2013,Rural Infrastructure,False,False,,,,,,
CAS_CLEAN_076,SNP_CAS_CLEAN_076_S19_AWARD_20251215,SECTION_19_TO_AWARD,87,0,0,2,0.2384,0,False,SECTION_19,Nagpur,i Taluka Bhivapur,Kitali,District Collectorate & Administration Nagpur,RFCTLARR_2013,Rural Infrastructure,False,False,,,,,,
CAS_CLEAN_114,SNP_CAS_CLEAN_114_S19_AWARD_20251215,SECTION_19_TO_AWARD,87,0,0,2,0.2384,0,False,SECTION_19,Nagpur,Kuhi,Pratapur,District Collectorate & Administration Nagpur,RFCTLARR_2013,Rural Infrastructure,False,False,,,,,,
CAS_CLEAN_132,SNP_CAS_CLEAN_132_S19_AWARD_20251215,SECTION_19_TO_AWARD,0,0,0,1,,0,False,SECTION_19,Nagpur,Kuhi,Savangi,District Collectorate & Administration Nagpur,RFCTLARR_2013,Rural Infrastructure,False,False,,,,,,
CAS_CLEAN_134,SNP_CAS_CLEAN_134_S19_AWARD_20251215,SECTION_19_TO_AWARD,0,0,0,1,,0,False,SECTION_19,Nagpur,Bhivapur,Savargao,District Collectorate & Administration Nagpur,RFCTLARR_2013,Rural Infrastructure,False,False,,,,,,
CAS_CLEAN_070,SNP_CAS_CLEAN_070_S19_AWARD_20251216,SECTION_19_TO_AWARD,305,180,180,1,,2,True,SECTION_19,Nagpur,Saoner,Khariy Dhalgaon,District Collectorate & Administration Nagpur,RFCTLARR_2013,Highway / Road Widening,False,False,,,,,,
CAS_CLEAN_160,SNP_CAS_CLEAN_160_S19_AWARD_20251219,SECTION_19_TO_AWARD,0,0,0,1,,0,False,SECTION_19,Nagpur,Hingna,Wanadongari,District Collectorate & Administration Nagpur,RFCTLARR_2013,Rural Infrastructure,False,False,,,,,,
CAS_CLEAN_161,SNP_CAS_CLEAN_161_S19_AWARD_20251219,SECTION_19_TO_AWARD,0,0,0,1,,0,False,SECTION_19,Nagpur,Hingna,Wanadongari,District Collectorate & Administration Nagpur,RFCTLARR_2013,Rural Infrastructure,False,False,,,,,,
CAS_CLEAN_162,SNP_CAS_CLEAN_162_S19_AWARD_20251219,SECTION_19_TO_AWARD,0,0,0,1,,0,False,SECTION_19,Nagpur,Hingna,Wanadongari,District Collectorate & Administration Nagpur,RFCTLARR_2013,Rural Infrastructure,False,False,,,,,,
CAS_CLEAN_163,SNP_CAS_CLEAN_163_S19_AWARD_20251219,SECTION_19_TO_AWARD,0,0,0,1,,0,False,SECTION_19,Nagpur,Hingna,Wanadongari,District Collectorate & Administration Nagpur,RFCTLARR_2013,Rural Infrastructure,False,False,,,,,,
CAS_CLEAN_034,SNP_CAS_CLEAN_034_S19_AWARD_20251230,SECTION_19_TO_AWARD,180,180,180,1,,0,False,SECTION_19,Nagpur,Nagpur,,District Collectorate & Administration Nagpur,RFCTLARR_2013,Rural Infrastructure,False,False,,,,,,
CAS_CLEAN_139,SNP_CAS_CLEAN_139_S19_AWARD_20260102,SECTION_19_TO_AWARD,365,365,365,1,,0,False,SECTION_19,Nagpur,Nagpur Urban,Shivangaon,District Collectorate & Administration Nagpur,RFCTLARR_2013,Rural Infrastructure,False,False,,,,,,
CAS_CLEAN_003,SNP_CAS_CLEAN_003_S19_AWARD_20260112,SECTION_19_TO_AWARD,104,0,0,3,0.2849,0,False,SECTION_21,Nagpur,Kuhi,Amti,District Collectorate & Administration Nagpur,RFCTLARR_2013,Rural Infrastructure,False,False,,,,,,
CAS_CLEAN_006,SNP_CAS_CLEAN_006_S19_AWARD_20260112,SECTION_19_TO_AWARD,105,0,0,3,0.2877,0,False,SECTION_21,Nagpur,Kuhi,Awarmara,District Collectorate & Administration Nagpur,RFCTLARR_2013,Rural Infrastructure,False,False,,,,,,
CAS_CLEAN_014,SNP_CAS_CLEAN_014_S19_AWARD_20260112,SECTION_19_TO_AWARD,105,0,0,3,0.2877,0,False,SECTION_21,Nagpur,Bhiwapur,Bhiwapur,District Collectorate & Administration Nagpur,RFCTLARR_2013,Rural Infrastructure,False,False,,,,,,
CAS_CLEAN_019,SNP_CAS_CLEAN_019_S19_AWARD_20260112,SECTION_19_TO_AWARD,105,0,0,3,0.2877,0,False,SECTION_21,Nagpur,Kuhi,Bramhani,District Collectorate & Administration Nagpur,RFCTLARR_2013,Rural Infrastructure,False,False,,,,,,
CAS_CLEAN_060,SNP_CAS_CLEAN_060_S19_AWARD_20260112,SECTION_19_TO_AWARD,105,0,0,3,0.2877,0,False,SECTION_21,Nagpur,Kuhi,Gonha,District Collectorate & Administration Nagpur,RFCTLARR_2013,Highway / Road Widening,False,False,,,,,,
CAS_CLEAN_080,SNP_CAS_CLEAN_080_S19_AWARD_20260112,SECTION_19_TO_AWARD,105,0,0,3,0.2877,0,False,SECTION_21,Nagpur,Kuhi,Kujba,District Collectorate & Administration Nagpur,RFCTLARR_2013,Rural Infrastructure,False,False,,,,,,
CAS_CLEAN_129,SNP_CAS_CLEAN_129_S19_AWARD_20260112,SECTION_19_TO_AWARD,105,0,0,3,0.2877,0,False,SECTION_21,Nagpur,Kuhi,Ruyad,District Collectorate & Administration Nagpur,RFCTLARR_2013,Rural Infrastructure,False,False,,,,,,
CAS_CLEAN_146,SNP_CAS_CLEAN_146_S19_AWARD_20260112,SECTION_19_TO_AWARD,105,0,0,3,0.2877,0,False,SECTION_21,Nagpur,Kuhi,Takli,District Collectorate & Administration Nagpur,RFCTLARR_2013,Rural Infrastructure,False,False,,,,,,
CAS_CLEAN_147,SNP_CAS_CLEAN_147_S19_AWARD_20260112,SECTION_19_TO_AWARD,105,0,0,3,0.2877,0,False,SECTION_21,Nagpur,Kuhi,Taroli,District Collectorate & Administration Nagpur,RFCTLARR_2013,Rural Infrastructure,False,False,,,,,,
CAS_CLEAN_047,SNP_CAS_CLEAN_047_S19_AWARD_20260114,SECTION_19_TO_AWARD,365,365,365,2,1.0,0,False,SECTION_11,Nagpur,Mauda,Chirwa,District Collectorate & Administration Nagpur,RFCTLARR_2013,Rural Infrastructure,False,False,,,,,,
CAS_CLEAN_085,SNP_CAS_CLEAN_085_S19_AWARD_20260114,SECTION_19_TO_AWARD,365,365,365,2,1.0,0,False,SECTION_11,Nagpur,Kuhi,Masli,District Collectorate & Administration Nagpur,RFCTLARR_2013,Rural Infrastructure,False,False,,,,,,
CAS_CLEAN_015,SNP_CAS_CLEAN_015_S19_AWARD_20260119,SECTION_19_TO_AWARD,115,0,0,3,0.3151,0,False,SECTION_21,Nagpur,Kuhi,Bhivapur,District Collectorate & Administration Nagpur,RFCTLARR_2013,Rural Infrastructure,False,False,,,,,,
CAS_CLEAN_045,SNP_CAS_CLEAN_045_S19_AWARD_20260119,SECTION_19_TO_AWARD,122,0,0,3,0.3342,0,False,SECTION_21,Nagpur,Kuhi,Chikhali,District Collectorate & Administration Nagpur,RFCTLARR_2013,Rural Infrastructure,False,False,,,,,,
CAS_CLEAN_076,SNP_CAS_CLEAN_076_S19_AWARD_20260119,SECTION_19_TO_AWARD,122,0,0,3,0.3342,0,False,SECTION_21,Nagpur,i Taluka Bhivapur,Kitali,District Collectorate & Administration Nagpur,RFCTLARR_2013,Rural Infrastructure,False,False,,,,,,
CAS_CLEAN_134,SNP_CAS_CLEAN_134_S19_AWARD_20260119,SECTION_19_TO_AWARD,35,0,0,2,,0,False,SECTION_21,Nagpur,Bhivapur,Savargao,District Collectorate & Administration Nagpur,RFCTLARR_2013,Rural Infrastructure,False,False,,,,,,
CAS_CLEAN_051,SNP_CAS_CLEAN_051_S19_AWARD_20260120,SECTION_19_TO_AWARD,0,0,0,1,,0,False,SECTION_19,Nagpur,,,District Collectorate & Administration Nagpur,RFCTLARR_2013,Rural Infrastructure,False,False,,,,,,
CAS_CLEAN_038,SNP_CAS_CLEAN_038_S19_AWARD_20260121,SECTION_19_TO_AWARD,365,365,365,1,,0,False,SECTION_19,Nagpur,Kuhi,Chapegadi,District Collectorate & Administration Nagpur,RFCTLARR_2013,Rural Infrastructure,False,False,,,,,,
CAS_CLEAN_131,SNP_CAS_CLEAN_131_S19_AWARD_20260121,SECTION_19_TO_AWARD,365,365,365,1,,0,False,SECTION_19,Nagpur,Kuhi,Savangi,District Collectorate & Administration Nagpur,RFCTLARR_2013,Rural Infrastructure,False,False,,,,,,
CAS_CLEAN_108,SNP_CAS_CLEAN_108_S19_AWARD_20260125,SECTION_19_TO_AWARD,180,180,180,1,,0,False,SECTION_19,Nagpur,Nagpur (City),Parsodi,District Collectorate & Administration Nagpur,RFCTLARR_2013,Rural Infrastructure,False,False,,,,,,
CAS_CLEAN_011,SNP_CAS_CLEAN_011_S19_AWARD_20260202,SECTION_19_TO_AWARD,0,0,0,1,,0,False,SECTION_19,Nagpur,Saoner,Bhanegaon,District Collectorate & Administration Nagpur,RFCTLARR_2013,Rural Infrastructure,False,False,,,,,,
CAS_CLEAN_088,SNP_CAS_CLEAN_088_S19_AWARD_20260212,SECTION_19_TO_AWARD,365,365,365,1,,0,False,SECTION_19,Nagpur,,Mouza Pipaldhara,District Collectorate & Administration Nagpur,RFCTLARR_2013,Rural Infrastructure,False,False,,,,,,
CAS_CLEAN_053,SNP_CAS_CLEAN_053_S19_AWARD_20260216,SECTION_19_TO_AWARD,90,90,90,1,,0,False,SECTION_19,Nagpur,,,District Collectorate & Administration Nagpur,RFCTLARR_2013,Rural Infrastructure,False,False,,,,,,
CAS_CLEAN_040,SNP_CAS_CLEAN_040_S19_AWARD_20260225,SECTION_19_TO_AWARD,365,365,365,1,,0,False,SECTION_19,Nagpur,Kuhi,Chapeghat (Rithi),District Collectorate & Administration Nagpur,RFCTLARR_2013,Rural Infrastructure,False,False,,,,,,
CAS_CLEAN_003,SNP_CAS_CLEAN_003_S19_AWARD_20260226,SECTION_19_TO_AWARD,149,45,45,3,0.4082,0,False,SECTION_21,Nagpur,Kuhi,Amti,District Collectorate & Administration Nagpur,RFCTLARR_2013,Rural Infrastructure,False,False,,,,,,
CAS_CLEAN_006,SNP_CAS_CLEAN_006_S19_AWARD_20260226,SECTION_19_TO_AWARD,150,45,45,3,0.411,0,False,SECTION_21,Nagpur,Kuhi,Awarmara,District Collectorate & Administration Nagpur,RFCTLARR_2013,Rural Infrastructure,False,False,,,,,,
CAS_CLEAN_014,SNP_CAS_CLEAN_014_S19_AWARD_20260226,SECTION_19_TO_AWARD,150,45,45,3,0.411,0,False,SECTION_21,Nagpur,Bhiwapur,Bhiwapur,District Collectorate & Administration Nagpur,RFCTLARR_2013,Rural Infrastructure,False,False,,,,,,
CAS_CLEAN_019,SNP_CAS_CLEAN_019_S19_AWARD_20260226,SECTION_19_TO_AWARD,150,45,45,3,0.411,0,False,SECTION_21,Nagpur,Kuhi,Bramhani,District Collectorate & Administration Nagpur,RFCTLARR_2013,Rural Infrastructure,False,False,,,,,,
CAS_CLEAN_060,SNP_CAS_CLEAN_060_S19_AWARD_20260226,SECTION_19_TO_AWARD,150,45,45,3,0.411,0,False,SECTION_21,Nagpur,Kuhi,Gonha,District Collectorate & Administration Nagpur,RFCTLARR_2013,Highway / Road Widening,False,False,,,,,,
CAS_CLEAN_080,SNP_CAS_CLEAN_080_S19_AWARD_20260226,SECTION_19_TO_AWARD,150,45,45,3,0.411,0,False,SECTION_21,Nagpur,Kuhi,Kujba,District Collectorate & Administration Nagpur,RFCTLARR_2013,Rural Infrastructure,False,False,,,,,,
CAS_CLEAN_129,SNP_CAS_CLEAN_129_S19_AWARD_20260226,SECTION_19_TO_AWARD,150,45,45,3,0.411,0,False,SECTION_21,Nagpur,Kuhi,Ruyad,District Collectorate & Administration Nagpur,RFCTLARR_2013,Rural Infrastructure,False,False,,,,,,
CAS_CLEAN_146,SNP_CAS_CLEAN_146_S19_AWARD_20260226,SECTION_19_TO_AWARD,150,45,45,3,0.411,0,False,SECTION_21,Nagpur,Kuhi,Takli,District Collectorate & Administration Nagpur,RFCTLARR_2013,Rural Infrastructure,False,False,,,,,,
CAS_CLEAN_147,SNP_CAS_CLEAN_147_S19_AWARD_20260226,SECTION_19_TO_AWARD,150,45,45,3,0.411,0,False,SECTION_21,Nagpur,Kuhi,Taroli,District Collectorate & Administration Nagpur,RFCTLARR_2013,Rural Infrastructure,False,False,,,,,,
CAS_CLEAN_117,SNP_CAS_CLEAN_117_S19_AWARD_20260303,SECTION_19_TO_AWARD,365,365,365,1,,0,False,SECTION_19,Nagpur,Nagpur(Urban),,District Collectorate & Administration Nagpur,RFCTLARR_2013,Highway / Road Widening,False,False,,,,,,
CAS_CLEAN_015,SNP_CAS_CLEAN_015_S19_AWARD_20260315,SECTION_19_TO_AWARD,170,55,55,3,0.4658,0,False,SECTION_21,Nagpur,Kuhi,Bhivapur,District Collectorate & Administration Nagpur,RFCTLARR_2013,Rural Infrastructure,False,False,,,,,,
CAS_CLEAN_045,SNP_CAS_CLEAN_045_S19_AWARD_20260315,SECTION_19_TO_AWARD,177,55,55,3,0.4849,0,False,SECTION_21,Nagpur,Kuhi,Chikhali,District Collectorate & Administration Nagpur,RFCTLARR_2013,Rural Infrastructure,False,False,,,,,,
CAS_CLEAN_076,SNP_CAS_CLEAN_076_S19_AWARD_20260315,SECTION_19_TO_AWARD,177,55,55,3,0.4849,0,False,SECTION_21,Nagpur,i Taluka Bhivapur,Kitali,District Collectorate & Administration Nagpur,RFCTLARR_2013,Rural Infrastructure,False,False,,,,,,
CAS_CLEAN_114,SNP_CAS_CLEAN_114_S19_AWARD_20260315,SECTION_19_TO_AWARD,177,90,90,2,0.4849,0,False,SECTION_19,Nagpur,Kuhi,Pratapur,District Collectorate & Administration Nagpur,RFCTLARR_2013,Rural Infrastructure,False,False,,,,,,
CAS_CLEAN_132,SNP_CAS_CLEAN_132_S19_AWARD_20260315,SECTION_19_TO_AWARD,90,90,90,1,,0,False,SECTION_19,Nagpur,Kuhi,Savangi,District Collectorate & Administration Nagpur,RFCTLARR_2013,Rural Infrastructure,False,False,,,,,,
CAS_CLEAN_134,SNP_CAS_CLEAN_134_S19_AWARD_20260315,SECTION_19_TO_AWARD,90,55,55,2,,0,False,SECTION_21,Nagpur,Bhivapur,Savargao,District Collectorate & Administration Nagpur,RFCTLARR_2013,Rural Infrastructure,False,False,,,,,,
CAS_CLEAN_070,SNP_CAS_CLEAN_070_S19_AWARD_20260316,SECTION_19_TO_AWARD,395,270,270,1,,2,True,SECTION_19,Nagpur,Saoner,Khariy Dhalgaon,District Collectorate & Administration Nagpur,RFCTLARR_2013,Highway / Road Widening,False,False,,,,,,
CAS_CLEAN_160,SNP_CAS_CLEAN_160_S19_AWARD_20260319,SECTION_19_TO_AWARD,90,90,90,1,,0,False,SECTION_19,Nagpur,Hingna,Wanadongari,District Collectorate & Administration Nagpur,RFCTLARR_2013,Rural Infrastructure,False,False,,,,,,
CAS_CLEAN_161,SNP_CAS_CLEAN_161_S19_AWARD_20260319,SECTION_19_TO_AWARD,90,90,90,1,,0,False,SECTION_19,Nagpur,Hingna,Wanadongari,District Collectorate & Administration Nagpur,RFCTLARR_2013,Rural Infrastructure,False,False,,,,,,
CAS_CLEAN_162,SNP_CAS_CLEAN_162_S19_AWARD_20260319,SECTION_19_TO_AWARD,90,90,90,1,,0,False,SECTION_19,Nagpur,Hingna,Wanadongari,District Collectorate & Administration Nagpur,RFCTLARR_2013,Rural Infrastructure,False,False,,,,,,
CAS_CLEAN_163,SNP_CAS_CLEAN_163_S19_AWARD_20260319,SECTION_19_TO_AWARD,90,90,90,1,,0,False,SECTION_19,Nagpur,Hingna,Wanadongari,District Collectorate & Administration Nagpur,RFCTLARR_2013,Rural Infrastructure,False,False,,,,,,
CAS_CLEAN_034,SNP_CAS_CLEAN_034_S19_AWARD_20260330,SECTION_19_TO_AWARD,270,270,270,1,,0,False,SECTION_19,Nagpur,Nagpur,,District Collectorate & Administration Nagpur,RFCTLARR_2013,Rural Infrastructure,False,False,,,,,,
CAS_CLEAN_124,SNP_CAS_CLEAN_124_S19_AWARD_20260330,SECTION_19_TO_AWARD,181,0,0,2,0.4959,0,False,SECTION_19,Nagpur,Saoner,Ranala,District Collectorate & Administration Nagpur,RFCTLARR_2013,Rural Infrastructure,False,False,,,,,,
CAS_CLEAN_051,SNP_CAS_CLEAN_051_S19_AWARD_20260420,SECTION_19_TO_AWARD,90,90,90,1,,0,False,SECTION_19,Nagpur,,,District Collectorate & Administration Nagpur,RFCTLARR_2013,Rural Infrastructure,False,False,,,,,,
CAS_CLEAN_108,SNP_CAS_CLEAN_108_S19_AWARD_20260425,SECTION_19_TO_AWARD,270,270,270,1,,0,False,SECTION_19,Nagpur,Nagpur (City),Parsodi,District Collectorate & Administration Nagpur,RFCTLARR_2013,Rural Infrastructure,False,False,,,,,,
CAS_CLEAN_011,SNP_CAS_CLEAN_011_S19_AWARD_20260503,SECTION_19_TO_AWARD,90,90,90,1,,0,False,SECTION_19,Nagpur,Saoner,Bhanegaon,District Collectorate & Administration Nagpur,RFCTLARR_2013,Rural Infrastructure,False,False,,,,,,
CAS_CLEAN_053,SNP_CAS_CLEAN_053_S19_AWARD_20260517,SECTION_19_TO_AWARD,180,180,180,1,,0,False,SECTION_19,Nagpur,,,District Collectorate & Administration Nagpur,RFCTLARR_2013,Rural Infrastructure,False,False,,,,,,
CAS_CLEAN_003,SNP_CAS_CLEAN_003_S19_AWARD_20260527,SECTION_19_TO_AWARD,239,135,135,3,0.6548,0,False,SECTION_21,Nagpur,Kuhi,Amti,District Collectorate & Administration Nagpur,RFCTLARR_2013,Rural Infrastructure,False,False,,,,,,
CAS_CLEAN_006,SNP_CAS_CLEAN_006_S19_AWARD_20260527,SECTION_19_TO_AWARD,240,135,135,3,0.6575,0,False,SECTION_21,Nagpur,Kuhi,Awarmara,District Collectorate & Administration Nagpur,RFCTLARR_2013,Rural Infrastructure,False,False,,,,,,
CAS_CLEAN_014,SNP_CAS_CLEAN_014_S19_AWARD_20260527,SECTION_19_TO_AWARD,240,135,135,3,0.6575,0,False,SECTION_21,Nagpur,Bhiwapur,Bhiwapur,District Collectorate & Administration Nagpur,RFCTLARR_2013,Rural Infrastructure,False,False,,,,,,
CAS_CLEAN_019,SNP_CAS_CLEAN_019_S19_AWARD_20260527,SECTION_19_TO_AWARD,240,135,135,3,0.6575,0,False,SECTION_21,Nagpur,Kuhi,Bramhani,District Collectorate & Administration Nagpur,RFCTLARR_2013,Rural Infrastructure,False,False,,,,,,
CAS_CLEAN_060,SNP_CAS_CLEAN_060_S19_AWARD_20260527,SECTION_19_TO_AWARD,240,135,135,3,0.6575,0,False,SECTION_21,Nagpur,Kuhi,Gonha,District Collectorate & Administration Nagpur,RFCTLARR_2013,Highway / Road Widening,False,False,,,,,,
CAS_CLEAN_080,SNP_CAS_CLEAN_080_S19_AWARD_20260527,SECTION_19_TO_AWARD,240,135,135,3,0.6575,0,False,SECTION_21,Nagpur,Kuhi,Kujba,District Collectorate & Administration Nagpur,RFCTLARR_2013,Rural Infrastructure,False,False,,,,,,
CAS_CLEAN_129,SNP_CAS_CLEAN_129_S19_AWARD_20260527,SECTION_19_TO_AWARD,240,135,135,3,0.6575,0,False,SECTION_21,Nagpur,Kuhi,Ruyad,District Collectorate & Administration Nagpur,RFCTLARR_2013,Rural Infrastructure,False,False,,,,,,
CAS_CLEAN_146,SNP_CAS_CLEAN_146_S19_AWARD_20260527,SECTION_19_TO_AWARD,240,135,135,3,0.6575,0,False,SECTION_21,Nagpur,Kuhi,Takli,District Collectorate & Administration Nagpur,RFCTLARR_2013,Rural Infrastructure,False,False,,,,,,
CAS_CLEAN_147,SNP_CAS_CLEAN_147_S19_AWARD_20260527,SECTION_19_TO_AWARD,240,135,135,3,0.6575,0,False,SECTION_21,Nagpur,Kuhi,Taroli,District Collectorate & Administration Nagpur,RFCTLARR_2013,Rural Infrastructure,False,False,,,,,,
CAS_CLEAN_015,SNP_CAS_CLEAN_015_S19_AWARD_20260613,SECTION_19_TO_AWARD,260,145,145,3,0.7123,0,False,SECTION_21,Nagpur,Kuhi,Bhivapur,District Collectorate & Administration Nagpur,RFCTLARR_2013,Rural Infrastructure,False,False,,,,,,
CAS_CLEAN_045,SNP_CAS_CLEAN_045_S19_AWARD_20260613,SECTION_19_TO_AWARD,267,145,145,3,0.7315,0,False,SECTION_21,Nagpur,Kuhi,Chikhali,District Collectorate & Administration Nagpur,RFCTLARR_2013,Rural Infrastructure,False,False,,,,,,
CAS_CLEAN_076,SNP_CAS_CLEAN_076_S19_AWARD_20260613,SECTION_19_TO_AWARD,267,145,145,3,0.7315,0,False,SECTION_21,Nagpur,i Taluka Bhivapur,Kitali,District Collectorate & Administration Nagpur,RFCTLARR_2013,Rural Infrastructure,False,False,,,,,,
CAS_CLEAN_114,SNP_CAS_CLEAN_114_S19_AWARD_20260613,SECTION_19_TO_AWARD,267,180,180,2,0.7315,0,False,SECTION_19,Nagpur,Kuhi,Pratapur,District Collectorate & Administration Nagpur,RFCTLARR_2013,Rural Infrastructure,False,False,,,,,,
CAS_CLEAN_132,SNP_CAS_CLEAN_132_S19_AWARD_20260613,SECTION_19_TO_AWARD,180,180,180,1,,0,False,SECTION_19,Nagpur,Kuhi,Savangi,District Collectorate & Administration Nagpur,RFCTLARR_2013,Rural Infrastructure,False,False,,,,,,
CAS_CLEAN_134,SNP_CAS_CLEAN_134_S19_AWARD_20260613,SECTION_19_TO_AWARD,180,145,145,2,,0,False,SECTION_21,Nagpur,Bhivapur,Savargao,District Collectorate & Administration Nagpur,RFCTLARR_2013,Rural Infrastructure,False,False,,,,,,
CAS_CLEAN_160,SNP_CAS_CLEAN_160_S19_AWARD_20260617,SECTION_19_TO_AWARD,180,180,180,1,,0,False,SECTION_19,Nagpur,Hingna,Wanadongari,District Collectorate & Administration Nagpur,RFCTLARR_2013,Rural Infrastructure,False,False,,,,,,
CAS_CLEAN_161,SNP_CAS_CLEAN_161_S19_AWARD_20260617,SECTION_19_TO_AWARD,180,180,180,1,,0,False,SECTION_19,Nagpur,Hingna,Wanadongari,District Collectorate & Administration Nagpur,RFCTLARR_2013,Rural Infrastructure,False,False,,,,,,
CAS_CLEAN_162,SNP_CAS_CLEAN_162_S19_AWARD_20260617,SECTION_19_TO_AWARD,180,180,180,1,,0,False,SECTION_19,Nagpur,Hingna,Wanadongari,District Collectorate & Administration Nagpur,RFCTLARR_2013,Rural Infrastructure,False,False,,,,,,
CAS_CLEAN_163,SNP_CAS_CLEAN_163_S19_AWARD_20260617,SECTION_19_TO_AWARD,180,180,180,1,,0,False,SECTION_19,Nagpur,Hingna,Wanadongari,District Collectorate & Administration Nagpur,RFCTLARR_2013,Rural Infrastructure,False,False,,,,,,
CAS_CLEAN_070,SNP_CAS_CLEAN_070_S19_AWARD_20260619,SECTION_19_TO_AWARD,490,365,365,1,,2,True,SECTION_19,Nagpur,Saoner,Khariy Dhalgaon,District Collectorate & Administration Nagpur,RFCTLARR_2013,Highway / Road Widening,False,False,,,,,,
CAS_CLEAN_124,SNP_CAS_CLEAN_124_S19_AWARD_20260628,SECTION_19_TO_AWARD,271,90,90,2,0.7425,0,False,SECTION_19,Nagpur,Saoner,Ranala,District Collectorate & Administration Nagpur,RFCTLARR_2013,Rural Infrastructure,False,False,,,,,,
CAS_CLEAN_034,SNP_CAS_CLEAN_034_S19_AWARD_20260703,SECTION_19_TO_AWARD,365,365,365,1,,0,False,SECTION_19,Nagpur,Nagpur,,District Collectorate & Administration Nagpur,RFCTLARR_2013,Rural Infrastructure,False,False,,,,,,
CAS_CLEAN_051,SNP_CAS_CLEAN_051_S19_AWARD_20260719,SECTION_19_TO_AWARD,180,180,180,1,,0,False,SECTION_19,Nagpur,,,District Collectorate & Administration Nagpur,RFCTLARR_2013,Rural Infrastructure,False,False,,,,,,
CAS_CLEAN_108,SNP_CAS_CLEAN_108_S19_AWARD_20260729,SECTION_19_TO_AWARD,365,365,365,1,,0,False,SECTION_19,Nagpur,Nagpur (City),Parsodi,District Collectorate & Administration Nagpur,RFCTLARR_2013,Rural Infrastructure,False,False,,,,,,
CAS_CLEAN_011,SNP_CAS_CLEAN_011_S19_AWARD_20260801,SECTION_19_TO_AWARD,180,180,180,1,,0,False,SECTION_19,Nagpur,Saoner,Bhanegaon,District Collectorate & Administration Nagpur,RFCTLARR_2013,Rural Infrastructure,False,False,,,,,,
CAS_CLEAN_170,SNP_CAS_CLEAN_170_S19_AWARD_20260807,SECTION_19_TO_AWARD,0,0,0,1,,0,False,SECTION_19,Nashik,rffi,,District Collectorate & Administration Nashik,RFCTLARR_2013,Rural Infrastructure,False,False,,,,,,
CAS_CLEAN_171,SNP_CAS_CLEAN_171_S19_AWARD_20260814,SECTION_19_TO_AWARD,0,0,0,1,,0,False,SECTION_19,Nashik,,,District Collectorate & Administration Nashik,RFCTLARR_2013,Rural Infrastructure,False,False,,,,,,
CAS_CLEAN_053,SNP_CAS_CLEAN_053_S19_AWARD_20260815,SECTION_19_TO_AWARD,270,270,270,1,,0,False,SECTION_19,Nagpur,,,District Collectorate & Administration Nagpur,RFCTLARR_2013,Rural Infrastructure,False,False,,,,,,
CAS_CLEAN_098,SNP_CAS_CLEAN_098_S19_AWARD_20260817,SECTION_19_TO_AWARD,0,0,0,1,,0,False,SECTION_19,Nagpur,Nagpur(City),Nagpur,District Collectorate & Administration Nagpur,RFCTLARR_2013,Rural Infrastructure,False,False,,,,,,
CAS_CLEAN_037,SNP_CAS_CLEAN_037_S19_AWARD_20260821,SECTION_19_TO_AWARD,92,0,0,2,0.2521,0,False,SECTION_19,Nagpur,Kuhi,Channa,District Collectorate & Administration Nagpur,RFCTLARR_2013,Rural Infrastructure,False,False,,,,,,
CAS_CLEAN_003,SNP_CAS_CLEAN_003_S19_AWARD_20260825,SECTION_19_TO_AWARD,329,225,225,3,0.9014,0,False,SECTION_21,Nagpur,Kuhi,Amti,District Collectorate & Administration Nagpur,RFCTLARR_2013,Rural Infrastructure,False,False,,,,,,
CAS_CLEAN_006,SNP_CAS_CLEAN_006_S19_AWARD_20260825,SECTION_19_TO_AWARD,330,225,225,3,0.9041,0,False,SECTION_21,Nagpur,Kuhi,Awarmara,District Collectorate & Administration Nagpur,RFCTLARR_2013,Rural Infrastructure,False,False,,,,,,
CAS_CLEAN_014,SNP_CAS_CLEAN_014_S19_AWARD_20260825,SECTION_19_TO_AWARD,330,225,225,3,0.9041,0,False,SECTION_21,Nagpur,Bhiwapur,Bhiwapur,District Collectorate & Administration Nagpur,RFCTLARR_2013,Rural Infrastructure,False,False,,,,,,
CAS_CLEAN_019,SNP_CAS_CLEAN_019_S19_AWARD_20260825,SECTION_19_TO_AWARD,330,225,225,3,0.9041,0,False,SECTION_21,Nagpur,Kuhi,Bramhani,District Collectorate & Administration Nagpur,RFCTLARR_2013,Rural Infrastructure,False,False,,,,,,
CAS_CLEAN_060,SNP_CAS_CLEAN_060_S19_AWARD_20260825,SECTION_19_TO_AWARD,330,225,225,3,0.9041,0,False,SECTION_21,Nagpur,Kuhi,Gonha,District Collectorate & Administration Nagpur,RFCTLARR_2013,Highway / Road Widening,False,False,,,,,,
CAS_CLEAN_080,SNP_CAS_CLEAN_080_S19_AWARD_20260825,SECTION_19_TO_AWARD,330,225,225,3,0.9041,0,False,SECTION_21,Nagpur,Kuhi,Kujba,District Collectorate & Administration Nagpur,RFCTLARR_2013,Rural Infrastructure,False,False,,,,,,
CAS_CLEAN_129,SNP_CAS_CLEAN_129_S19_AWARD_20260825,SECTION_19_TO_AWARD,330,225,225,3,0.9041,0,False,SECTION_21,Nagpur,Kuhi,Ruyad,District Collectorate & Administration Nagpur,RFCTLARR_2013,Rural Infrastructure,False,False,,,,,,
CAS_CLEAN_146,SNP_CAS_CLEAN_146_S19_AWARD_20260825,SECTION_19_TO_AWARD,330,225,225,3,0.9041,0,False,SECTION_21,Nagpur,Kuhi,Takli,District Collectorate & Administration Nagpur,RFCTLARR_2013,Rural Infrastructure,False,False,,,,,,
CAS_CLEAN_147,SNP_CAS_CLEAN_147_S19_AWARD_20260825,SECTION_19_TO_AWARD,330,225,225,3,0.9041,0,False,SECTION_21,Nagpur,Kuhi,Taroli,District Collectorate & Administration Nagpur,RFCTLARR_2013,Rural Infrastructure,False,False,,,,,,
CAS_CLEAN_015,SNP_CAS_CLEAN_015_S19_AWARD_20260911,SECTION_19_TO_AWARD,350,235,235,3,0.9589,0,False,SECTION_21,Nagpur,Kuhi,Bhivapur,District Collectorate & Administration Nagpur,RFCTLARR_2013,Rural Infrastructure,False,False,,,,,,
CAS_CLEAN_045,SNP_CAS_CLEAN_045_S19_AWARD_20260911,SECTION_19_TO_AWARD,357,235,235,3,0.9781,0,False,SECTION_21,Nagpur,Kuhi,Chikhali,District Collectorate & Administration Nagpur,RFCTLARR_2013,Rural Infrastructure,False,False,,,,,,
CAS_CLEAN_076,SNP_CAS_CLEAN_076_S19_AWARD_20260911,SECTION_19_TO_AWARD,357,235,235,3,0.9781,0,False,SECTION_21,Nagpur,i Taluka Bhivapur,Kitali,District Collectorate & Administration Nagpur,RFCTLARR_2013,Rural Infrastructure,False,False,,,,,,
CAS_CLEAN_114,SNP_CAS_CLEAN_114_S19_AWARD_20260911,SECTION_19_TO_AWARD,357,270,270,2,0.9781,0,False,SECTION_19,Nagpur,Kuhi,Pratapur,District Collectorate & Administration Nagpur,RFCTLARR_2013,Rural Infrastructure,False,False,,,,,,
CAS_CLEAN_132,SNP_CAS_CLEAN_132_S19_AWARD_20260911,SECTION_19_TO_AWARD,270,270,270,1,,0,False,SECTION_19,Nagpur,Kuhi,Savangi,District Collectorate & Administration Nagpur,RFCTLARR_2013,Rural Infrastructure,False,False,,,,,,
CAS_CLEAN_134,SNP_CAS_CLEAN_134_S19_AWARD_20260911,SECTION_19_TO_AWARD,270,235,235,2,,0,False,SECTION_21,Nagpur,Bhivapur,Savargao,District Collectorate & Administration Nagpur,RFCTLARR_2013,Rural Infrastructure,False,False,,,,,,
CAS_CLEAN_160,SNP_CAS_CLEAN_160_S19_AWARD_20260915,SECTION_19_TO_AWARD,270,270,270,1,,0,False,SECTION_19,Nagpur,Hingna,Wanadongari,District Collectorate & Administration Nagpur,RFCTLARR_2013,Rural Infrastructure,False,False,,,,,,
CAS_CLEAN_161,SNP_CAS_CLEAN_161_S19_AWARD_20260915,SECTION_19_TO_AWARD,270,270,270,1,,0,False,SECTION_19,Nagpur,Hingna,Wanadongari,District Collectorate & Administration Nagpur,RFCTLARR_2013,Rural Infrastructure,False,False,,,,,,
CAS_CLEAN_162,SNP_CAS_CLEAN_162_S19_AWARD_20260915,SECTION_19_TO_AWARD,270,270,270,1,,0,False,SECTION_19,Nagpur,Hingna,Wanadongari,District Collectorate & Administration Nagpur,RFCTLARR_2013,Rural Infrastructure,False,False,,,,,,
CAS_CLEAN_163,SNP_CAS_CLEAN_163_S19_AWARD_20260915,SECTION_19_TO_AWARD,270,270,270,1,,0,False,SECTION_19,Nagpur,Hingna,Wanadongari,District Collectorate & Administration Nagpur,RFCTLARR_2013,Rural Infrastructure,False,False,,,,,,
CAS_CLEAN_124,SNP_CAS_CLEAN_124_S19_AWARD_20260926,SECTION_19_TO_AWARD,361,180,180,2,0.989,0,False,SECTION_19,Nagpur,Saoner,Ranala,District Collectorate & Administration Nagpur,RFCTLARR_2013,Rural Infrastructure,False,False,,,,,,
