index,organized_file,source_id,district,stage,stage_abbr,village,taluka,case_number,project_name,publication_date,file_size_mb,sha256_hash,source_url,original_local_path
1,NAGPUR__001__SEC11__Sayki__29_A_65_2026_2027.pdf,SRC_NAGPUR_001,Nagpur,SECTION_11,SEC11,Sayki,Umred,29/A-65/2026-2027,N/A,2026-09-22,1.21,1c8775f96a14eeecf2d25acdf912c5cc7f89e29fa4be4f04c5eac100e47c5a36,https://cdn.s3waas.gov.in/s3d1f491a404d6854880943e5c3cd9ca25/uploads/2026/09/17900744752905.pdf,raw_documents/nagpur/nagpur_001_17900744752905.pdf
2,NAGPUR__002__SEC11__Jambhalapani__28_A_65_2026_2027.pdf,SRC_NAGPUR_002,Nagpur,SECTION_11,SEC11,Jambhalapani,Umred,28/A-65/2026-2027,N/A,2026-09-22,1.44,5f76c11b04f6f738693c521b3e3b64a5d713aafa23349d861ca83dd5bfb20fa2,https://cdn.s3waas.gov.in/s3d1f491a404d6854880943e5c3cd9ca25/uploads/2026/09/17900742342681.pdf,raw_documents/nagpur/nagpur_002_17900742342681.pdf
3,NAGPUR__003__SEC11__Garamsur_Rithi__27_A_65_2026_2027.pdf,SRC_NAGPUR_003,Nagpur,SECTION_11,SEC11,Garamsur (Rithi),Umred,27/A-65/2026-2027,N/A,2026-09-22,1.16,bebcb7de037ff9dbf47abd7a743c4cf31d86e488bd991e91ae40b2f5513ba1dc,https://cdn.s3waas.gov.in/s3d1f491a404d6854880943e5c3cd9ca25/uploads/2026/09/17900740564711.pdf,raw_documents/nagpur/nagpur_003_17900740564711.pdf
4,NAGPUR__004__SEC11__Dahegaon__26_A_65_2026_2027.pdf,SRC_NAGPUR_004,Nagpur,SECTION_11,SEC11,Dahegaon,Umred,26/A-65/2026-2027,N/A,2026-09-22,1.44,c04392847b9413583fb99233cebf8305c14d594bd8d7b66c7b81297b5751ae7b,https://cdn.s3waas.gov.in/s3d1f491a404d6854880943e5c3cd9ca25/uploads/2026/09/17900738272354.pdf,raw_documents/nagpur/nagpur_004_17900738272354.pdf
5,NAGPUR__005__SEC11__Wagholi_Rithi__25_A_65_2026_2027.pdf,SRC_NAGPUR_005,Nagpur,SECTION_11,SEC11,Wagholi (Rithi),Umred,25/A-65/2026-2027,N/A,2026-09-22,1.49,2d551c86301d75c637e7f5bf7e41a383393419970583f660bdea4df6539a9539,https://cdn.s3waas.gov.in/s3d1f491a404d6854880943e5c3cd9ca25/uploads/2026/09/17900733115343.pdf,raw_documents/nagpur/nagpur_005_17900733115343.pdf
6,NAGPUR__006__SEC11__Dudha__24_A_65_2026_2027.pdf,SRC_NAGPUR_006,Nagpur,SECTION_11,SEC11,Dudha,Umred,24/A-65/2026-2027,N/A,2026-09-22,2.9,b8b8381cde0a79c04ccce21781fa02394ab08c4d35f2a1f19f66cb3188b39a3c,https://cdn.s3waas.gov.in/s3d1f491a404d6854880943e5c3cd9ca25/uploads/2026/09/17900720145130.pdf,raw_documents/nagpur/nagpur_006_17900720145130.pdf
7,NAGPUR__007__SEC11__Davha__23_A_65_2026_2027.pdf,SRC_NAGPUR_007,Nagpur,SECTION_11,SEC11,Davha,Umred,23/A-65/2026-2027,N/A,2026-09-22,2.63,da2dca2c865bfcd06caff108f67c221068a36bfbbb1435ef1c002de8c335c097,https://cdn.s3waas.gov.in/s3d1f491a404d6854880943e5c3cd9ca25/uploads/2026/09/17900718325284.pdf,raw_documents/nagpur/nagpur_007_17900718325284.pdf
8,NAGPUR__008__SEC11__Kiranpur__31_A_65_2025_26.pdf,SRC_NAGPUR_008,Nagpur,SECTION_11,SEC11,Kiranpur,Nagpur (Gramin),31/A-65/2025-26,N/A,2026-09-11,1.32,8192817d53337bb7b34edc9a662042e7da4b36314b019dfd27be53945eb0af81,https://cdn.s3waas.gov.in/s3d1f491a404d6854880943e5c3cd9ca25/uploads/2026/09/17899689722981.pdf,raw_documents/nagpur/nagpur_008_17899689722981.pdf
9,NAGPUR__009__SEC11__Pullar__67_A_65_2026_27.pdf,SRC_NAGPUR_009,Nagpur,SECTION_11,SEC11,Pullar,Bhivapur,67/A-65/2026-27,N/A,2026-09-07,1.18,82f43747b40b2a5ae019722a02bd1f2b20717deaf1c0e3b83b32ff0a578eb052,https://cdn.s3waas.gov.in/s3d1f491a404d6854880943e5c3cd9ca25/uploads/2026/09/17887688511960.pdf,raw_documents/nagpur/nagpur_009_17887688511960.pdf
10,NAGPUR__010__SEC11__Sawangi__66_A_65_2026_27.pdf,SRC_NAGPUR_010,Nagpur,SECTION_11,SEC11,Sawangi,Kuhi,66/A-65/2026-27,N/A,2026-09-03,1.26,4903c840e6f448a879abbea73f11a8ca442f68ae7c31cab3f45f793ee26d0585,https://cdn.s3waas.gov.in/s3d1f491a404d6854880943e5c3cd9ca25/uploads/2026/09/17887680469543.pdf,raw_documents/nagpur/nagpur_010_17887680469543.pdf
11,NAGPUR__011__SEC19__Channa__5_A_65_2025_2026.pdf,SRC_NAGPUR_011,Nagpur,SECTION_19,SEC19,Channa,Kuhi,5/A-65/2025-2026,N/A,2026-08-21,0.65,d4379602de6e547ce27cb7fed4819d4686757ef775130dae3f63bf1a05d70376,https://cdn.s3waas.gov.in/s3d1f491a404d6854880943e5c3cd9ca25/uploads/2026/08/17873019338038.pdf,raw_documents/nagpur/nagpur_011_17873019338038.pdf
12,NAGPUR__012__SEC11__Junapani__27_A_65_2025_26.pdf,SRC_NAGPUR_012,Nagpur,SECTION_11,SEC11,Junapani,Nagpur (Gramin),27/A-65/2025-26,N/A,2026-08-19,1.12,dc080802a80b89663efc4f02db962a90d660db7ab2a30a317fc6549ad2a3dcd2,https://cdn.s3waas.gov.in/s3d1f491a404d6854880943e5c3cd9ca25/uploads/2026/08/17871177833232.pdf,raw_documents/nagpur/nagpur_012_17871177833232.pdf
13,NAGPUR__013__SEC11__Bori__22_A_65_2025_26.pdf,SRC_NAGPUR_013,Nagpur,SECTION_11,SEC11,Bori,Nagpur (Gramin),22/A-65/2025-26,N/A,2026-08-19,1.48,377801b5c8bcf31386cd0f9fe487a1f34cd16553cffd3abf2608095c856ea86b,https://cdn.s3waas.gov.in/s3d1f491a404d6854880943e5c3cd9ca25/uploads/2026/08/17871176951688.pdf,raw_documents/nagpur/nagpur_013_17871176951688.pdf
14,NAGPUR__014__SEC11__Mangarul__28_A_65_2025_26.pdf,SRC_NAGPUR_014,Nagpur,SECTION_11,SEC11,Mangarul,Nagpur (Gramin),28/A-65/2025-26,N/A,2026-08-19,1.14,cb4c33680cc28e3fe24e1261ac57d7e8f80da8546df1371af0709ee3af570559,https://cdn.s3waas.gov.in/s3d1f491a404d6854880943e5c3cd9ca25/uploads/2026/08/17871164593143.pdf,raw_documents/nagpur/nagpur_014_17871164593143.pdf
15,NAGPUR__015__SEC11__Sonurli__20_A_65_2025_26.pdf,SRC_NAGPUR_015,Nagpur,SECTION_11,SEC11,Sonurli,Nagpur (Gramin),20/A-65/2025-26,N/A,2026-08-19,1.22,c447e4ec64d8b3a3a1268179dd9ba71c11fa114511fe3cb92223184e55ff0292,https://cdn.s3waas.gov.in/s3d1f491a404d6854880943e5c3cd9ca25/uploads/2026/08/17871162034471.pdf,raw_documents/nagpur/nagpur_015_17871162034471.pdf
16,NAGPUR__016__SEC11__Varanga__25_A_65_2025_26.pdf,SRC_NAGPUR_016,Nagpur,SECTION_11,SEC11,Varanga,Nagpur (Gramin),25/A-65/2025-26,N/A,2026-08-19,1.53,52f585209a900ececdf1c1d9db73192b7fc0fb9a7f4e95c3061652035b91fce4,https://cdn.s3waas.gov.in/s3d1f491a404d6854880943e5c3cd9ca25/uploads/2026/08/17871161252166.pdf,raw_documents/nagpur/nagpur_016_17871161252166.pdf
17,NAGPUR__017__SEC11__Parsodi__24_A_65_2025_26.pdf,SRC_NAGPUR_017,Nagpur,SECTION_11,SEC11,Parsodi,Nagpur (Gramin),24/A-65/2025-26,N/A,2026-08-19,1.12,cc697e267b7f7b3c79f3357fd3d780eef4abe2809b058d5c0ce4a2ed1b024f0d,https://cdn.s3waas.gov.in/s3d1f491a404d6854880943e5c3cd9ca25/uploads/2026/08/17871160613961.pdf,raw_documents/nagpur/nagpur_017_17871160613961.pdf
18,NAGPUR__018__SEC11__Junapani__27_A_65_2025_26.pdf,SRC_NAGPUR_018,Nagpur,SECTION_11,SEC11,Junapani,Nagpur (Gramin),27/A-65/2025-26,N/A,2026-08-19,1.12,dc080802a80b89663efc4f02db962a90d660db7ab2a30a317fc6549ad2a3dcd2,https://cdn.s3waas.gov.in/s3d1f491a404d6854880943e5c3cd9ca25/uploads/2026/08/17871159747822.pdf,raw_documents/nagpur/nagpur_018_17871159747822.pdf
19,NAGPUR__019__SEC11__Rampur__21_A_65_2025_26.pdf,SRC_NAGPUR_019,Nagpur,SECTION_11,SEC11,Rampur,Nagpur (Gramin),21/A-65/2025-26,N/A,2026-08-19,1.38,1d4d5aaaaa168f4a2ec51e6b3eb5e1bb1a16aff67c64e4dc6a7c07426979f7a4,https://cdn.s3waas.gov.in/s3d1f491a404d6854880943e5c3cd9ca25/uploads/2026/08/17871158936667.pdf,raw_documents/nagpur/nagpur_019_17871158936667.pdf
20,NAGPUR__020__SEC11__Tumdi__26_A_65_2025_26.pdf,SRC_NAGPUR_020,Nagpur,SECTION_11,SEC11,Tumdi,Nagpur (Gramin),26/A-65/2025-26,N/A,2026-08-19,1.36,de7d2cf882098e2cb13205c7c57b4367a38b5bef031072c3403a1fe5f0699e15,https://cdn.s3waas.gov.in/s3d1f491a404d6854880943e5c3cd9ca25/uploads/2026/08/17871158321698.pdf,raw_documents/nagpur/nagpur_020_17871158321698.pdf
21,NAGPUR__021__SEC11__Bori__22_A_65_2025_26.pdf,SRC_NAGPUR_021,Nagpur,SECTION_11,SEC11,Bori,Nagpur (Gramin),22/A-65/2025-26,N/A,2026-08-19,1.48,377801b5c8bcf31386cd0f9fe487a1f34cd16553cffd3abf2608095c856ea86b,https://cdn.s3waas.gov.in/s3d1f491a404d6854880943e5c3cd9ca25/uploads/2026/08/17871157351850.pdf,raw_documents/nagpur/nagpur_021_17871157351850.pdf
22,NAGPUR__022__SEC11__Kirnapur__23_A_65_2025_26.pdf,SRC_NAGPUR_022,Nagpur,SECTION_11,SEC11,Kirnapur,Nagpur (Gramin),23/A-65/2025-26,N/A,2026-08-19,1.18,0e1edaf60d3e1e7564739874f7d060d68bf47c87bd74341ffca7a496181a0441,https://cdn.s3waas.gov.in/s3d1f491a404d6854880943e5c3cd9ca25/uploads/2026/08/17871156491380.pdf,raw_documents/nagpur/nagpur_022_17871156491380.pdf
23,NAGPUR__023__SEC11__Murarpur__29_A_65_2025_26.pdf,SRC_NAGPUR_023,Nagpur,SECTION_11,SEC11,Murarpur,Nagpur (Gramin),29/A-65/2025-26,N/A,2026-08-19,4.17,952addeecfd492b225252855ccf5ef5ee3f92911bc2f4608e424f67e256ab5c8,https://cdn.s3waas.gov.in/s3d1f491a404d6854880943e5c3cd9ca25/uploads/2026/08/17871155853082.pdf,raw_documents/nagpur/nagpur_023_17871155853082.pdf
24,NAGPUR__024__SEC11__Ruikheiri__19_A_65_2025_26.pdf,SRC_NAGPUR_024,Nagpur,SECTION_11,SEC11,Ruikheiri,Nagpur (Gramin),19/A-65/2025-26,N/A,2026-08-19,2.03,a6cd51cd7b633edbbc13ecac12d22e85dc201e709b9f75c5d06d385156a6ffde,https://cdn.s3waas.gov.in/s3d1f491a404d6854880943e5c3cd9ca25/uploads/2026/08/17871154658589.pdf,raw_documents/nagpur/nagpur_024_17871154658589.pdf
25,NAGPUR__025__SEC19__Nagpur__1_A_65_2026_2027.pdf,SRC_NAGPUR_025,Nagpur,SECTION_19,SEC19,Nagpur,Nagpur(City),1/A-65/2026-2027,N/A,2026-08-17,1.72,a9ac6504ffb884047d11ae9ec4aa92e19ecc89c05240de4e2eb56c4194cbbd6a,https://cdn.s3waas.gov.in/s3d1f491a404d6854880943e5c3cd9ca25/uploads/2026/08/17869478971894.pdf,raw_documents/nagpur/nagpur_025_17869478971894.pdf
26,NAGPUR__026__NOTICE__Mangali.pdf,SRC_NAGPUR_026,Nagpur,GENERAL_NOTICE,NOTICE,Mangali,N/A,UNSPECIFIED,N/A,2026-08-17,4.47,b1555a1fccb488ca4cead5b54429066981c5ce3b84cc1e2fe61dc0cfef50b842,https://cdn.s3waas.gov.in/s3d1f491a404d6854880943e5c3cd9ca25/uploads/2026/08/17869473055263.pdf,raw_documents/nagpur/nagpur_026_17869473055263.pdf
27,NAGPUR__027__NOTICE__Belori_bu.pdf,SRC_NAGPUR_027,Nagpur,GENERAL_NOTICE,NOTICE,Belori(bu),Kalmeshwar,UNSPECIFIED,N/A,2026-08-17,0.55,c7e42910daf122571790121a1d7c3d35ba38b9d241e3814a013a531b517b1aee,https://cdn.s3waas.gov.in/s3d1f491a404d6854880943e5c3cd9ca25/uploads/2026/08/17869471966429.pdf,raw_documents/nagpur/nagpur_027_17869471966429.pdf
28,NAGPUR__028__SEC11__Asola_Sawangi_Taluka__59_65_2025_26.pdf,SRC_NAGPUR_028,Nagpur,SECTION_11,SEC11,Asola (Sawangi)Taluka Hingna,Hingna,59/अ-65/2025-26,N/A,2026-08-17,1.39,9c85ce07f57ae60b2cb30b234c6b1a98b8f886379dd64b3d82d09e45c0cca1d7,https://cdn.s3waas.gov.in/s3d1f491a404d6854880943e5c3cd9ca25/uploads/2026/08/17869469995556.pdf,raw_documents/nagpur/nagpur_028_17869469995556.pdf
29,NAGPUR__029__SEC11__Sawangi_Aa_Taluka_Hi__60_65_2025_26.pdf,SRC_NAGPUR_029,Nagpur,SECTION_11,SEC11,Sawangi (Aa)Taluka Hingna,Hingna,60/अ-65/2025-26,N/A,2026-08-17,2.14,aaa2aaee8985ce9b95e156c8f44507a52060594f5179fd6ffecf40a6c6f1468d,https://cdn.s3waas.gov.in/s3d1f491a404d6854880943e5c3cd9ca25/uploads/2026/08/17869455328979.pdf,raw_documents/nagpur/nagpur_029_17869455328979.pdf
30,NAGPUR__030__SEC11__Bhansuli__61_65_2025_26.pdf,SRC_NAGPUR_030,Nagpur,SECTION_11,SEC11,Bhansuli,Hingna,61/अ-65/2025-26,N/A,2026-08-17,1.25,06434e272e3711e6e9a7984923912015627b79de0839ee5037622abc5e7a4f54,https://cdn.s3waas.gov.in/s3d1f491a404d6854880943e5c3cd9ca25/uploads/2026/08/17869454133548.pdf,raw_documents/nagpur/nagpur_030_17869454133548.pdf
31,NAGPUR__031__SEC11__Junapani_Rithi__64_A_65_2025_26.pdf,SRC_NAGPUR_031,Nagpur,SECTION_11,SEC11,Junapani (Rithi),Hingna,64/A-65/2025-26,N/A,2026-08-17,1.19,dd5452b4ba416577e5e61b377abf1841fc480593f912ebf3b8f2e10a8118e9e6,https://cdn.s3waas.gov.in/s3d1f491a404d6854880943e5c3cd9ca25/uploads/2026/08/17869451492324.pdf,raw_documents/nagpur/nagpur_031_17869451492324.pdf
32,NAGPUR__032__SEC11__Vadgaon_Bakshi__65_65_2025_26.pdf,SRC_NAGPUR_032,Nagpur,SECTION_11,SEC11,Vadgaon (Bakshi),Hingna,65/अ-65/2025-26,N/A,2026-08-17,1.33,f5fc05d79f83508d7b3987ee22b9e04b627e8606e7d68b9f293686f4d4aa6143,https://cdn.s3waas.gov.in/s3d1f491a404d6854880943e5c3cd9ca25/uploads/2026/08/17869450499883.pdf,raw_documents/nagpur/nagpur_032_17869450499883.pdf
33,NAGPUR__033__SEC11__Murzadi__63_A_65_2025_26.pdf,SRC_NAGPUR_033,Nagpur,SECTION_11,SEC11,Murzadi,Hingna,63/A-65/2025-26,N/A,2026-08-17,3.53,982e67c1183f5bb27f547bade1d1654024dd89044fc74ca7d37202842528f33a,https://cdn.s3waas.gov.in/s3d1f491a404d6854880943e5c3cd9ca25/uploads/2026/08/17869449641705.pdf,raw_documents/nagpur/nagpur_033_17869449641705.pdf
34,NAGPUR__034__SEC11__Haladgao__62_A_65_2025_26.pdf,SRC_NAGPUR_034,Nagpur,SECTION_11,SEC11,Haladgao,Hingna,62/A-65/2025-26,N/A,2026-08-17,1.32,328f7cec04f043bd2417d9d96a8f47ea9bf485506f415b4a087b24deec7ba2e5,https://cdn.s3waas.gov.in/s3d1f491a404d6854880943e5c3cd9ca25/uploads/2026/08/17869447764003.pdf,raw_documents/nagpur/nagpur_034_17869447764003.pdf
35,NAGPUR__035__SEC11__Kohali_Rithi__58_A_65_2025_26.pdf,SRC_NAGPUR_035,Nagpur,SECTION_11,SEC11,Kohali (Rithi),Hingna,58/A-65/2025-26,N/A,2026-08-17,1.16,f95fcfe4959dbbcb1b4ca0efa996bc843bb7e989a693f7cbcd705bfdb61cfa4e,https://cdn.s3waas.gov.in/s3d1f491a404d6854880943e5c3cd9ca25/uploads/2026/08/17869435932822.pdf,raw_documents/nagpur/nagpur_035_17869435932822.pdf
36,NAGPUR__036__SEC11__Mhasepathar_Rithi__22_A_65_2026_27.pdf,SRC_NAGPUR_036,Nagpur,SECTION_11,SEC11,Mhasepathar(Rithi),Umred,22/A-65/2026-27,N/A,2026-08-14,2.1,0300f7dcb4dd8246f7ad8abe20c793128b51c0db45f033801288fbeabbc76adc,https://cdn.s3waas.gov.in/s3d1f491a404d6854880943e5c3cd9ca25/uploads/2026/08/17869433947169.pdf,raw_documents/nagpur/nagpur_036_17869433947169.pdf
37,NAGPUR__037__SEC11__Umra__20_A_65_2026_27.pdf,SRC_NAGPUR_037,Nagpur,SECTION_11,SEC11,Umra,Umred,20/A-65/2026-27,N/A,2026-08-14,1.32,2113ca0483fc9e1385dca1ecc8dec25728def332681e76935c12e75c023815f4,https://cdn.s3waas.gov.in/s3d1f491a404d6854880943e5c3cd9ca25/uploads/2026/08/17869433002182.pdf,raw_documents/nagpur/nagpur_037_17869433002182.pdf
38,NAGPUR__038__SEC11__Tikhadi__19_A_65_2026_27.pdf,SRC_NAGPUR_038,Nagpur,SECTION_11,SEC11,Tikhadi,Umred,19/A-65/2026-27,N/A,2026-08-14,1.03,37435411de3a7842a77a6c09383fa0e09fa3196dcd24fb3d91aa66c5f5717722,https://cdn.s3waas.gov.in/s3d1f491a404d6854880943e5c3cd9ca25/uploads/2026/08/17869432006574.pdf,raw_documents/nagpur/nagpur_038_17869432006574.pdf
39,NAGPUR__039__SEC11__Parsodi_Uti__18_A_65_2026_27.pdf,SRC_NAGPUR_039,Nagpur,SECTION_11,SEC11,Parsodi (Uti),Umred,18/A-65/2026-27,N/A,2026-08-14,1.57,ddee4550e28e3a9429c898917dc84d7de820d45244cb2844d577152639d9290d,https://cdn.s3waas.gov.in/s3d1f491a404d6854880943e5c3cd9ca25/uploads/2026/08/17869430655413.pdf,raw_documents/nagpur/nagpur_039_17869430655413.pdf
40,NAGPUR__040__SEC11__Haladgaon__17_A_65_2026_27.pdf,SRC_NAGPUR_040,Nagpur,SECTION_11,SEC11,Haladgaon,Umred,17/A-65/2026-27,N/A,2026-08-14,1.34,bfc54d0e2718b6abef675556cbdf2648b03f09da1491adf52a42f9af1446919d,https://cdn.s3waas.gov.in/s3d1f491a404d6854880943e5c3cd9ca25/uploads/2026/08/17867055587588.pdf,raw_documents/nagpur/nagpur_040_17867055587588.pdf
41,NAGPUR__041__SEC11__Bhiwapur__16_A_65_2026_27.pdf,SRC_NAGPUR_041,Nagpur,SECTION_11,SEC11,Bhiwapur,N/A,16/A-65/2026-27,N/A,2026-08-14,1.36,ff8da5cb42b858529afe6991e7cf3ace7fdc0eb73a26cc0805138fa5663911f1,https://cdn.s3waas.gov.in/s3d1f491a404d6854880943e5c3cd9ca25/uploads/2026/08/17867054037704.pdf,raw_documents/nagpur/nagpur_041_17867054037704.pdf
42,NAGPUR__042__SEC11__Pusagondi_Rithi__15_A_65_2026_27.pdf,SRC_NAGPUR_042,Nagpur,SECTION_11,SEC11,Pusagondi(Rithi),Umred,15/A-65/2026-27,N/A,2026-08-14,1.29,fc4962593a543de5f771dd40b0809c9e0f485c3edfc01ea500105c3a718c2533,https://cdn.s3waas.gov.in/s3d1f491a404d6854880943e5c3cd9ca25/uploads/2026/08/17867052197084.pdf,raw_documents/nagpur/nagpur_042_17867052197084.pdf
43,NAGPUR__043__SEC11__Wadegaon__14_A_65_2026_27.pdf,SRC_NAGPUR_043,Nagpur,SECTION_11,SEC11,Wadegaon,Umred,14/A-65/2026-27,N/A,2026-08-14,1.53,2e8923bfbd3ca3f9c38bfdf14436767969f67d0e707a4f3c0c959b7f8ae74e36,https://cdn.s3waas.gov.in/s3d1f491a404d6854880943e5c3cd9ca25/uploads/2026/08/17867050557766.pdf,raw_documents/nagpur/nagpur_043_17867050557766.pdf
44,NAGPUR__044__SEC11__Barvha__13_A_65_2026_27.pdf,SRC_NAGPUR_044,Nagpur,SECTION_11,SEC11,Barvha,Umred,13/A-65/2026-27,N/A,2026-08-14,1.83,ea97bf88eb15f4d25fe7a704219bdbe8ecfe852cf9aae7087f4be59ee19b580b,https://cdn.s3waas.gov.in/s3d1f491a404d6854880943e5c3cd9ca25/uploads/2026/08/17867049224170.pdf,raw_documents/nagpur/nagpur_044_17867049224170.pdf
45,NAGPUR__045__SEC11__Nirvaha__12_A_65_2026_27.pdf,SRC_NAGPUR_045,Nagpur,SECTION_11,SEC11,Nirvaha,Umred,12/A-65/2026-27,N/A,2026-08-14,1.21,13f455a00d62b6441dcb466a82bccce50a003d5f102f164b9ca39e671371aef6,https://cdn.s3waas.gov.in/s3d1f491a404d6854880943e5c3cd9ca25/uploads/2026/08/17867045765857.pdf,raw_documents/nagpur/nagpur_045_17867045765857.pdf
46,NAGPUR__046__SEC11__Salai__10_A_65_2026_27.pdf,SRC_NAGPUR_046,Nagpur,SECTION_11,SEC11,Salai,Umred,10/A-65/2026-27,N/A,2026-08-14,1.77,d898e01a14c9764bcb772eb8a039063900d88c4b6b916dd62fb095e203de9b14,https://cdn.s3waas.gov.in/s3d1f491a404d6854880943e5c3cd9ca25/uploads/2026/08/17867042026360.pdf,raw_documents/nagpur/nagpur_046_17867042026360.pdf
47,NAGPUR__047__SEC11__Banor__9_A_65_2026_27.pdf,SRC_NAGPUR_047,Nagpur,SECTION_11,SEC11,Banor,कुही,9/A-65/2026-27,N/A,2026-08-14,2.18,4b727d0ae762da42d0bb4e6c6c8c50f790b4ffafa477d19803d5d76dc2b8eb97,https://cdn.s3waas.gov.in/s3d1f491a404d6854880943e5c3cd9ca25/uploads/2026/08/17867039643678.pdf,raw_documents/nagpur/nagpur_047_17867039643678.pdf
48,NAGPUR__048__SEC11__Sonpuri__10_A_65_2026_27.pdf,SRC_NAGPUR_048,Nagpur,SECTION_11,SEC11,Sonpuri,Umred,10/A-65/2026-27,N/A,2026-08-14,1.58,d60f37f91dcab84f9cf967910c922d21f721bab2a5cfd67f7b30144efe91d220,https://cdn.s3waas.gov.in/s3d1f491a404d6854880943e5c3cd9ca25/uploads/2026/08/17867038566861.pdf,raw_documents/nagpur/nagpur_048_17867038566861.pdf
49,NAGPUR__049__SEC11__Siroli_Rithi__8_65_2026_27.pdf,SRC_NAGPUR_049,Nagpur,SECTION_11,SEC11,Siroli(Rithi),Kuhi,8/अ-65/2026-27,N/A,2026-08-14,1.78,ca91e3cfca2ded9228860a774ead6f3323d042860c537ebde1e22476fb5d896a,https://cdn.s3waas.gov.in/s3d1f491a404d6854880943e5c3cd9ca25/uploads/2026/08/17867034838425.pdf,raw_documents/nagpur/nagpur_049_17867034838425.pdf
50,NAGPUR__050__SEC11__Wag__7_65_2026_27.pdf,SRC_NAGPUR_050,Nagpur,SECTION_11,SEC11,Wag,Kuhi,7/अ-65/2026-27,N/A,2026-08-14,2.23,14c91731cdaba574797e5d64f12d66dcc2b6fa5d33b477d37337619988ccda4a,https://cdn.s3waas.gov.in/s3d1f491a404d6854880943e5c3cd9ca25/uploads/2026/08/17867030147239.pdf,raw_documents/nagpur/nagpur_050_17867030147239.pdf
51,NAGPUR__051__SEC11__Mandhal__6_65_2026_27.pdf,SRC_NAGPUR_051,Nagpur,SECTION_11,SEC11,Mandhal,Kuhi,6/अ-65/2026-27,N/A,2026-08-14,2.05,380ba5c992cfc007af52b69bd5fd15ce644f19271b970e066bc650bd3beabc97,https://cdn.s3waas.gov.in/s3d1f491a404d6854880943e5c3cd9ca25/uploads/2026/08/17867026392575.pdf,raw_documents/nagpur/nagpur_051_17867026392575.pdf
52,NAGPUR__052__SEC11__Bori_Sadachar__5_A_65_2026_27.pdf,SRC_NAGPUR_052,Nagpur,SECTION_11,SEC11,Bori Sadachar,Kuhi,5/A-65/2026-27,N/A,2026-08-14,1.45,4d561d005ebdc0c9db9a9a73e3ad52c854137a9c279ff71ea2df5bda5fb8a3e1,https://cdn.s3waas.gov.in/s3d1f491a404d6854880943e5c3cd9ca25/uploads/2026/08/17867000836366.pdf,raw_documents/nagpur/nagpur_052_17867000836366.pdf
53,NAGPUR__053__SEC11__4_65_2026_27.pdf,SRC_NAGPUR_053,Nagpur,SECTION_11,SEC11,N/A,Kuhi,4/अ-65/2026-27,N/A,2026-08-14,1.77,8c5dbca214016ef169d5b3341afa0578f8bb72ac04c417544c53c3468bd3d944,https://cdn.s3waas.gov.in/s3d1f491a404d6854880943e5c3cd9ca25/uploads/2026/08/17866998881743.pdf,raw_documents/nagpur/nagpur_053_17866998881743.pdf
54,NAGPUR__054__SEC11__Pachkhedi_Gandli__3_A_65_2026_27.pdf,SRC_NAGPUR_054,Nagpur,SECTION_11,SEC11,Pachkhedi (Gandli),Kuhi,3/A-65/2026-27,N/A,2026-08-14,1.45,34e0c85333d5d1ed123d96e11cfa29a21d2339bb314ae91f8795ccbe220a1600,https://cdn.s3waas.gov.in/s3d1f491a404d6854880943e5c3cd9ca25/uploads/2026/08/17866996048515.pdf,raw_documents/nagpur/nagpur_054_17866996048515.pdf
55,NAGPUR__055__SEC11__Karhandla__2_A_65_2026_27.pdf,SRC_NAGPUR_055,Nagpur,SECTION_11,SEC11,Karhandla,Kuhi,2/A-65/2026-27,N/A,2026-08-14,2.01,0c23815b28c56885978dde0c3bc659bd3b157c199676839d8102928902a4b8c0,https://cdn.s3waas.gov.in/s3d1f491a404d6854880943e5c3cd9ca25/uploads/2026/08/17866994541885.pdf,raw_documents/nagpur/nagpur_055_17866994541885.pdf
56,NAGPUR__056__SEC11__Rajoli__1_A_65_2026_27.pdf,SRC_NAGPUR_056,Nagpur,SECTION_11,SEC11,Rajoli,Kuhi,1/A-65/2026-27,N/A,2026-08-14,1.37,f5a97b7dbb5a1403b7e494bd7579af808ca0424fb4725d1526788d35109cf384,https://cdn.s3waas.gov.in/s3d1f491a404d6854880943e5c3cd9ca25/uploads/2026/08/17866992702275.pdf,raw_documents/nagpur/nagpur_056_17866992702275.pdf
57,NAGPUR__057__NOTICE__Madanpur__13_A_65_2025_26.pdf,SRC_NAGPUR_057,Nagpur,GENERAL_NOTICE,NOTICE,Madanpur,Kuhi,13/A-65/2025-26,N/A,2026-07-27,0.97,a3ac8d3e7d57c6a31ff280a9b99ef78a924f5d6382ac3229ef16283a000525a3,https://cdn.s3waas.gov.in/s3d1f491a404d6854880943e5c3cd9ca25/uploads/2026/07/17851349449499.pdf,raw_documents/nagpur/nagpur_057_17851349449499.pdf
58,NAGPUR__058__NOTICE__Kinhi__12_A_65_2025_26.pdf,SRC_NAGPUR_058,Nagpur,GENERAL_NOTICE,NOTICE,Kinhi,Kuhi,12/A-65/2025-26,N/A,2026-07-27,0.98,55eed2b3c1d9205d5589b5de6358bf58844420c3c282b906dd58210a117f3168,https://cdn.s3waas.gov.in/s3d1f491a404d6854880943e5c3cd9ca25/uploads/2026/07/17851346679376.pdf,raw_documents/nagpur/nagpur_058_17851346679376.pdf
59,NAGPUR__059__NOTICE__MIDC_Industrial_Land__Khrusapar.pdf,SRC_NAGPUR_059,Nagpur,GENERAL_NOTICE,NOTICE,Khrusapar,N/A,UNSPECIFIED,MIDC Industrial Land Acquisition,2026-07-24,9.76,a824737524cc11152c987278b223bb72d22d6a97b30c8cdaed53fdfc573b2d9b,https://cdn.s3waas.gov.in/s3d1f491a404d6854880943e5c3cd9ca25/uploads/2026/07/17848696394139.pdf,raw_documents/nagpur/nagpur_059_17848696394139.pdf
60,NAGPUR__060__AWARD__Khairy_Dhalgaon_Gaot__9_A_65_2021_2022.pdf,SRC_NAGPUR_060,Nagpur,AWARD,AWARD,Khairy Dhalgaon (Gaothan),Kuhi,9/A-65/2021-2022,N/A,2026-07-14,3.78,d716f3003e4e32fdb114c94b1ea7cf3db62811a630c52ae63bc4aa39e64270ae,https://cdn.s3waas.gov.in/s3d1f491a404d6854880943e5c3cd9ca25/uploads/2026/07/17840326736570.pdf,raw_documents/nagpur/nagpur_060_17840326736570.pdf
61,NAGPUR__061__NOTICE__Ring_Road_Project.pdf,SRC_NAGPUR_061,Nagpur,GENERAL_NOTICE,NOTICE,N/A,uka,UNSPECIFIED,Ring Road Project,2026-06-23,5.1,1990c35c875da77312ac5121f1fc1359f9b6cb977b0d5922deeeeab0e6217347,https://cdn.s3waas.gov.in/s3d1f491a404d6854880943e5c3cd9ca25/uploads/2026/06/17821998353528.pdf,raw_documents/nagpur/nagpur_061_17821998353528.pdf
62,NAGPUR__062__NOTICE__Ring_Road_Project.pdf,SRC_NAGPUR_062,Nagpur,GENERAL_NOTICE,NOTICE,N/A,uka,UNSPECIFIED,Ring Road Project,2026-06-23,3.7,d1ceb6364eb5981d5313631c0be1c153e0b203d5544003dbbb2f21c3e7f4af58,https://cdn.s3waas.gov.in/s3d1f491a404d6854880943e5c3cd9ca25/uploads/2026/06/17821995134755.pdf,raw_documents/nagpur/nagpur_062_17821995134755.pdf
63,NAGPUR__063__NOTICE__Chinchbhuvan__3_A_65_2025_26.pdf,SRC_NAGPUR_063,Nagpur,GENERAL_NOTICE,NOTICE,Chinchbhuvan,Nagpur (City),3/A-65/2025-26,N/A,2026-05-26,2.2,2a32272ea22256a80f14d0b15407302438dbe8a26ed62fd7ab2eb6e79ec77953,https://cdn.s3waas.gov.in/s3d1f491a404d6854880943e5c3cd9ca25/uploads/2026/05/17797930839009.pdf,raw_documents/nagpur/nagpur_063_17797930839009.pdf
64,NAGPUR__064__DIR_PURCHASE__Valni.pdf,SRC_NAGPUR_064,Nagpur,DIRECT_PURCHASE,DIR_PURCHASE,Valni,Hfrrswl cT,UNSPECIFIED,N/A,2026-05-21,8.68,bcc6f51e92f3e9539e2edd225c6fea944d0a58d1c40d32127393bd80d30bcdf1,https://cdn.s3waas.gov.in/s3d1f491a404d6854880943e5c3cd9ca25/uploads/2026/05/17794523459073.pdf,raw_documents/nagpur/nagpur_064_17794523459073.pdf
65,NAGPUR__065__EXTENSION__Pune_Solapur_Wadi_3r__Sitabuldi__5_A_651.pdf,SRC_NAGPUR_065,Nagpur,EXTENSION,EXTENSION,Sitabuldi,Nagpur (City),5/A-651,Pune-Solapur-Wadi 3rd & 4th Railway Line Project,2026-05-21,3.78,babb4f1e8fdfbe009305e52e9647f1baa4819d17f153c03c6edce804c2c6b976,https://cdn.s3waas.gov.in/s3d1f491a404d6854880943e5c3cd9ca25/uploads/2026/05/17793636608182.pdf,raw_documents/nagpur/nagpur_065_17793636608182.pdf
66,NAGPUR__066__SEC11__Channa__5_A_65_2025_2026.pdf,SRC_NAGPUR_066,Nagpur,SECTION_11,SEC11,Channa,Kuhi,5/A-65/2025-2026,N/A,2026-05-21,0.95,47b0fe01791f0cf5121b80804de5069873e1c272ef6c7b205cb9c2755932c0fc,https://cdn.s3waas.gov.in/s3d1f491a404d6854880943e5c3cd9ca25/uploads/2026/05/17793570386040.pdf,raw_documents/nagpur/nagpur_066_17793570386040.pdf
67,NAGPUR__067__DIR_PURCHASE__Ring_Road_Project__7_A_65_2025_26.pdf,SRC_NAGPUR_067,Nagpur,DIRECT_PURCHASE,DIR_PURCHASE,N/A,kuhi,7/A-65/2025-26,Ring Road Project,2026-05-21,6.24,4d8ab82bab64014209db1a933ebe6e53f186f8cde5e7c56cff27306319f72f9b,https://cdn.s3waas.gov.in/s3d1f491a404d6854880943e5c3cd9ca25/uploads/2026/05/17793568951427.pdf,raw_documents/nagpur/nagpur_067_17793568951427.pdf
68,NAGPUR__068__NOTICE.pdf,SRC_NAGPUR_068,Nagpur,GENERAL_NOTICE,NOTICE,N/A,N/A,UNSPECIFIED,N/A,2026-05-11,1.74,c2bff10e61bd3a243e7a243d5ff3a6b08df6eb9fb290ea3d44744cfc957c7d7f,https://cdn.s3waas.gov.in/s3d1f491a404d6854880943e5c3cd9ca25/uploads/2026/05/17785015463125.pdf,raw_documents/nagpur/nagpur_068_17785015463125.pdf
69,NAGPUR__069__SEC11__12_A_65_2025_26.pdf,SRC_NAGPUR_069,Nagpur,SECTION_11,SEC11,N/A,N/A,12/A-65/2025-26,N/A,2026-04-28,1.1,d0098449dc11afb4d153e0d4fca866c5b295f3b1771761a07801391cf153b45c,https://cdn.s3waas.gov.in/s3d1f491a404d6854880943e5c3cd9ca25/uploads/2026/04/17773761897208.pdf,raw_documents/nagpur/nagpur_069_17773761897208.pdf
70,NAGPUR__070__SEC11__13_A_65_2025_26.pdf,SRC_NAGPUR_070,Nagpur,SECTION_11,SEC11,N/A,N/A,13/A-65/2025-26,N/A,2026-04-28,1.08,c1a8fd11e9bcafebf82ea9973d0a6aca66a9244af6e1cf1ed34a282cc1bab085,https://cdn.s3waas.gov.in/s3d1f491a404d6854880943e5c3cd9ca25/uploads/2026/04/17773757005493.pdf,raw_documents/nagpur/nagpur_070_17773757005493.pdf
71,NAGPUR__071__SEC19__Ranala__03_A_65_2025_2026.pdf,SRC_NAGPUR_071,Nagpur,SECTION_19,SEC19,Ranala,Saoner,03/A-65/2025-2026,N/A,2026-03-30,0.48,18e741a6753812838ca352067aa0d3fb7bc10c96fbe2ad7432f8e76ea74d06aa,https://cdn.s3waas.gov.in/s3d1f491a404d6854880943e5c3cd9ca25/uploads/2026/04/17751044621899.pdf,raw_documents/nagpur/nagpur_071_17751044621899.pdf
72,NAGPUR__072__SEC19__Bhanegaon__4_A_65_2025_2026.pdf,SRC_NAGPUR_072,Nagpur,SECTION_19,SEC19,Bhanegaon,Saoner,4/A-65/2025-2026,N/A,2026-02-02,0.63,1c39738f1fd3e1c2ad889c407460f5201ad31134fbbf7b4d9de3c996ddf22b84,https://cdn.s3waas.gov.in/s3d1f491a404d6854880943e5c3cd9ca25/uploads/2026/02/17706154589431.pdf,raw_documents/nagpur/nagpur_072_17706154589431.pdf
73,NAGPUR__073__SEC19.pdf,SRC_NAGPUR_073,Nagpur,SECTION_19,SEC19,N/A,N/A,UNSPECIFIED,N/A,2026-01-20,2.48,d59022670da5ba51d1ccddcdc949ec62d91a0e7ebacb03d9330e04dbd2985b12,https://cdn.s3waas.gov.in/s3d1f491a404d6854880943e5c3cd9ca25/uploads/2026/01/17689060164811.pdf,raw_documents/nagpur/nagpur_073_17689060164811.pdf
74,NAGPUR__074__SEC21__Kitali__3_A_65_2025_2026.pdf,SRC_NAGPUR_074,Nagpur,SECTION_21,SEC21,Kitali,N/A,3/A-65/2025-2026,N/A,2026-01-19,0.75,1a0d90c9f920f185c890a16111367f82fd68199de0f779f991cc434e66fae3da,https://cdn.s3waas.gov.in/s3d1f491a404d6854880943e5c3cd9ca25/uploads/2026/01/17688247428111.pdf,raw_documents/nagpur/nagpur_074_17688247428111.pdf
75,NAGPUR__075__SEC21__Savargao__7_A_65_2025_2026.pdf,SRC_NAGPUR_075,Nagpur,SECTION_21,SEC21,Savargao,Bhivapur,7/A-65/2025-2026,N/A,2026-01-19,0.85,e0ac2b9c90e0dfd361e58c6dc15bb75620393124b26ca812639e0818ceb458fa,https://cdn.s3waas.gov.in/s3d1f491a404d6854880943e5c3cd9ca25/uploads/2026/01/17688246237069.pdf,raw_documents/nagpur/nagpur_075_17688246237069.pdf
76,NAGPUR__076__SEC21__Chikhali__8_A_65_2025_2026.pdf,SRC_NAGPUR_076,Nagpur,SECTION_21,SEC21,Chikhali,Kuhi,8/A-65/2025-2026,N/A,2026-01-19,1.09,4c222c997a0863108c6d9e7d66f9e60a6628d54a157fcdf577c35987fef33511,https://cdn.s3waas.gov.in/s3d1f491a404d6854880943e5c3cd9ca25/uploads/2026/01/17688243759198.pdf,raw_documents/nagpur/nagpur_076_17688243759198.pdf
77,NAGPUR__077__NOTICE__Pratappur__1_A_65_2025_2026.pdf,SRC_NAGPUR_077,Nagpur,GENERAL_NOTICE,NOTICE,Pratappur,Kuhi,1/A-65/2025-2026,N/A,2026-01-19,0.96,618647e9725aefa187f9497230b07b06f2b6059d6bcde950bc8726e5f39b4cca,https://cdn.s3waas.gov.in/s3d1f491a404d6854880943e5c3cd9ca25/uploads/2026/01/17688236116141.pdf,raw_documents/nagpur/nagpur_077_17688236116141.pdf
78,NAGPUR__078__SEC21__Bhivapur__2_A_65_2025_2026.pdf,SRC_NAGPUR_078,Nagpur,SECTION_21,SEC21,Bhivapur,Kuhi,2/A-65/2025-2026,N/A,2026-01-19,1.06,b3dc7ed5e7ba5042495cafe9c84e652bcec361177651140cad130c4cf15eb6c2,https://cdn.s3waas.gov.in/s3d1f491a404d6854880943e5c3cd9ca25/uploads/2026/01/17688230811101.pdf,raw_documents/nagpur/nagpur_078_17688230811101.pdf
79,NAGPUR__079__SEC21__Savargi__4_A_65_2025_2026.pdf,SRC_NAGPUR_079,Nagpur,SECTION_21,SEC21,Savargi,Kuhi,4/A-65/2025-2026,N/A,2026-01-19,0.88,676c2f5e4b511e5a5e9386077bdf13935209ea27791ab5fa91f20087a2212bcb,https://cdn.s3waas.gov.in/s3d1f491a404d6854880943e5c3cd9ca25/uploads/2026/01/17688228405585.pdf,raw_documents/nagpur/nagpur_079_17688228405585.pdf
80,NAGPUR__080__SEC21__Bhiwapur__1_A_65_2025_2026.pdf,SRC_NAGPUR_080,Nagpur,SECTION_21,SEC21,Bhiwapur,Bhiwapur,1/A-65/2025-2026,N/A,2026-01-12,0.4,f70ed53c9ae2fc40229ab56024691024a406ab93aa9096c7fc2faa2dd6b18af4,https://cdn.s3waas.gov.in/s3d1f491a404d6854880943e5c3cd9ca25/uploads/2026/01/17682072765352.pdf,raw_documents/nagpur/nagpur_080_17682072765352.pdf
81,NAGPUR__081__SEC21__Bramhani__4_A_65_2025_2026.pdf,SRC_NAGPUR_081,Nagpur,SECTION_21,SEC21,Bramhani,Kuhi,4/A-65/2025-2026,N/A,2026-01-12,0.94,1e74b857184272116ad9b6c64246352c793d8236f40353709b33ec43bd1eaf87,https://cdn.s3waas.gov.in/s3d1f491a404d6854880943e5c3cd9ca25/uploads/2026/01/17682072029182.pdf,raw_documents/nagpur/nagpur_081_17682072029182.pdf
82,NAGPUR__082__SEC21__Taroli__2_A_65_2025_2026.pdf,SRC_NAGPUR_082,Nagpur,SECTION_21,SEC21,Taroli,Kuhi,2/A-65/2025-2026,N/A,2026-01-12,0.41,df033e010a2be71749ba5a8adfc55ff42fa610ba49bb7cfb68907b4b1c904e0f,https://cdn.s3waas.gov.in/s3d1f491a404d6854880943e5c3cd9ca25/uploads/2026/01/17682070532186.pdf,raw_documents/nagpur/nagpur_082_17682070532186.pdf
83,NAGPUR__083__SEC21__Ruyad__8_A_65_2024_2025.pdf,SRC_NAGPUR_083,Nagpur,SECTION_21,SEC21,Ruyad,Kuhi,8/A-65/2024-2025,N/A,2026-01-12,0.73,31bc280ec32342a862965de732008d412637d2b4c2f64b1738ec69bd08b2b8eb,https://cdn.s3waas.gov.in/s3d1f491a404d6854880943e5c3cd9ca25/uploads/2026/01/17682069896680.pdf,raw_documents/nagpur/nagpur_083_17682069896680.pdf
84,NAGPUR__084__SEC21__Takli__7_A_65_2024_2025.pdf,SRC_NAGPUR_084,Nagpur,SECTION_21,SEC21,Takli,Kuhi,7/A-65/2024-2025,N/A,2026-01-12,0.43,1c17c63c07bbe2b32ef58e80f549b2e9fd3fb0f96c700df4c9c35ac98be0ce5e,https://cdn.s3waas.gov.in/s3d1f491a404d6854880943e5c3cd9ca25/uploads/2026/01/17682069279623.pdf,raw_documents/nagpur/nagpur_084_17682069279623.pdf
85,NAGPUR__085__SEC21__Gonha__3_A_65_2025_2026.pdf,SRC_NAGPUR_085,Nagpur,SECTION_21,SEC21,Gonha,Kuhi,3/A-65/2025-2026,N/A,2026-01-12,0.56,99979f06b4190699d225df7dd4729c65652f36916edabcc555fae2fd185bc74e,https://cdn.s3waas.gov.in/s3d1f491a404d6854880943e5c3cd9ca25/uploads/2026/01/17682067345749.pdf,raw_documents/nagpur/nagpur_085_17682067345749.pdf
86,NAGPUR__086__SEC21__Awarmara__6_A_65_2024_2025.pdf,SRC_NAGPUR_086,Nagpur,SECTION_21,SEC21,Awarmara,Kuhi,6/A-65/2024-2025,N/A,2026-01-12,0.77,1544c6cc89a5aa66d18860d2c011e17d1907eb51a0e7ba51626bfd770613daf4,https://cdn.s3waas.gov.in/s3d1f491a404d6854880943e5c3cd9ca25/uploads/2026/01/17682066548847.pdf,raw_documents/nagpur/nagpur_086_17682066548847.pdf
87,NAGPUR__087__SEC21__Amti__5_A_65_2024_2025.pdf,SRC_NAGPUR_087,Nagpur,SECTION_21,SEC21,Amti,Kuhi,5/A-65/2024-2025,N/A,2026-01-12,0.8,99d871b517da996b039f90bf5863c1c8338715dab8e870c30d269e1a7b13a9f3,https://cdn.s3waas.gov.in/s3d1f491a404d6854880943e5c3cd9ca25/uploads/2026/01/17682065535035.pdf,raw_documents/nagpur/nagpur_087_17682065535035.pdf
88,NAGPUR__088__SEC21__Kujba__4_A_65_2024_2025.pdf,SRC_NAGPUR_088,Nagpur,SECTION_21,SEC21,Kujba,Kuhi,4/A-65/2024-2025,N/A,2026-01-12,0.39,0e581626fe8ec04a301b5cecebd30ca78823d36f00041dfd7c874c5e986ca986,https://cdn.s3waas.gov.in/s3d1f491a404d6854880943e5c3cd9ca25/uploads/2026/01/17682063413538.pdf,raw_documents/nagpur/nagpur_088_17682063413538.pdf
89,NAGPUR__089__NOTICE.pdf,SRC_NAGPUR_089,Nagpur,GENERAL_NOTICE,NOTICE,N/A,N/A,UNSPECIFIED,N/A,2026-01-09,3.15,6ed970b633e904a8a5ba221411781de0a58bc5a42ddf7735ad99e8318cd5ab8d,https://cdn.s3waas.gov.in/s3d1f491a404d6854880943e5c3cd9ca25/uploads/2026/01/17679568558932.pdf,raw_documents/nagpur/nagpur_089_17679568558932.pdf
90,NAGPUR__090__SEC19__Wanadongari__6_A_65_2024_2025.pdf,SRC_NAGPUR_090,Nagpur,SECTION_19,SEC19,Wanadongari,Hingna,6/A-65/2024-2025,N/A,2025-12-19,1.1,23a2e6159856d230d2e20ebc9835df4fccbc64e0f5cbe7e882171d30bda9e5f4,https://cdn.s3waas.gov.in/s3d1f491a404d6854880943e5c3cd9ca25/uploads/2025/12/17663842614296.pdf,raw_documents/nagpur/nagpur_090_17663842614296.pdf
91,NAGPUR__091__SEC19__Wanadongari__8_A_65_2024_2025.pdf,SRC_NAGPUR_091,Nagpur,SECTION_19,SEC19,Wanadongari,Hingna,8/A-65/2024-2025,N/A,2025-12-19,1.0,df3e69fd69d0fa79ac9dcab693d683961ba5c9b987a25f97c8d3a4b7aaf8c028,https://cdn.s3waas.gov.in/s3d1f491a404d6854880943e5c3cd9ca25/uploads/2025/12/17663839169227.pdf,raw_documents/nagpur/nagpur_091_17663839169227.pdf
92,NAGPUR__092__SEC19__Wanadongari__7_A_65_2024_2025.pdf,SRC_NAGPUR_092,Nagpur,SECTION_19,SEC19,Wanadongari,Hingna,7/A-65/2024-2025,N/A,2025-12-19,1.14,473446c7e27129e14b79e87443c10247f74221b4d826f780950257553e5152e8,https://cdn.s3waas.gov.in/s3d1f491a404d6854880943e5c3cd9ca25/uploads/2025/12/17663837031156.pdf,raw_documents/nagpur/nagpur_092_17663837031156.pdf
93,NAGPUR__093__SEC19__Wanadongari__4_A_65_2024_2025.pdf,SRC_NAGPUR_093,Nagpur,SECTION_19,SEC19,Wanadongari,Hingna,4/A-65/2024-2025,N/A,2025-12-19,0.36,38ab4701d9f3ac3f40aded93126a1c1b795729e6699e387fcea290609d67f07c,https://cdn.s3waas.gov.in/s3d1f491a404d6854880943e5c3cd9ca25/uploads/2025/12/17663819065704.pdf,raw_documents/nagpur/nagpur_093_17663819065704.pdf
94,NAGPUR__094__SEC19__Pratapur__1_A_65_2025_2026.pdf,SRC_NAGPUR_094,Nagpur,SECTION_19,SEC19,Pratapur,Kuhi,1/A-65/2025-2026,N/A,2025-12-15,1.05,5ed87664bc966c63816ed6572e7be6cffde2a77b4c089f1745d21a65dc284b0d,https://cdn.s3waas.gov.in/s3d1f491a404d6854880943e5c3cd9ca25/uploads/2025/12/17657931534237.pdf,raw_documents/nagpur/nagpur_094_17657931534237.pdf
95,NAGPUR__095__SEC19__Kitali__3_A_65_2025_2026.pdf,SRC_NAGPUR_095,Nagpur,SECTION_19,SEC19,Kitali,i Taluka Bhivapur,3/A-65/2025-2026,N/A,2025-12-15,0.97,275d9d81d4cf935b562d2bfb8a7aa850800903a0ca0dab347294e223dce1fbb2,https://cdn.s3waas.gov.in/s3d1f491a404d6854880943e5c3cd9ca25/uploads/2025/12/17657929816208.pdf,raw_documents/nagpur/nagpur_095_17657929816208.pdf
96,NAGPUR__096__SEC19__Bhivapur__2_A_65_2025_2026.pdf,SRC_NAGPUR_096,Nagpur,SECTION_19,SEC19,Bhivapur,Kuhi,2/A-65/2025-2026,N/A,2025-12-15,1.05,6ff012c5b307b25c427483c191878a769bb280d3b9acebc8bb9da046ba922e8f,https://cdn.s3waas.gov.in/s3d1f491a404d6854880943e5c3cd9ca25/uploads/2025/12/17657928219926.pdf,raw_documents/nagpur/nagpur_096_17657928219926.pdf
97,NAGPUR__097__SEC19__Chikhali__8_A_65_2025_2026.pdf,SRC_NAGPUR_097,Nagpur,SECTION_19,SEC19,Chikhali,Kuhi,8/A-65/2025-2026,N/A,2025-12-15,1.16,4edd202a948c9dceb2463c64fd8b821b468c29ca14a097e35ae3a074b7c3151b,https://cdn.s3waas.gov.in/s3d1f491a404d6854880943e5c3cd9ca25/uploads/2025/12/17657926632206.pdf,raw_documents/nagpur/nagpur_097_17657926632206.pdf
98,NAGPUR__098__SEC19__Savargao__7_A_65_2025_2026.pdf,SRC_NAGPUR_098,Nagpur,SECTION_19,SEC19,Savargao,Bhivapur,7/A-65/2025-2026,N/A,2025-12-15,1.11,8938540ceb02b442c4db7bee8d1c3405011daaddcd6370bf6233833453ee1924,https://cdn.s3waas.gov.in/s3d1f491a404d6854880943e5c3cd9ca25/uploads/2025/12/17657923698230.pdf,raw_documents/nagpur/nagpur_098_17657923698230.pdf
99,NAGPUR__099__SEC19__Savangi__4_A_65_2025_2026.pdf,SRC_NAGPUR_099,Nagpur,SECTION_19,SEC19,Savangi,Kuhi,4/A-65/2025-2026,N/A,2025-12-15,1.08,f5d95b4e0fe85bd04407a359ebcc1193ad23c1c43a7698c47f1af59af13089df,https://cdn.s3waas.gov.in/s3d1f491a404d6854880943e5c3cd9ca25/uploads/2025/12/17657921304176.pdf,raw_documents/nagpur/nagpur_099_17657921304176.pdf
100,NAGPUR__100__SEC19__Bhiwapur__1_A_65_2025_2026.pdf,SRC_NAGPUR_100,Nagpur,SECTION_19,SEC19,Bhiwapur,Bhiwapur,1/A-65/2025-2026,N/A,2025-11-28,0.54,957310d2b1c17ff1be815df71b87cbfe0906f7dad32e343fb0500e8c295090ca,https://cdn.s3waas.gov.in/s3d1f491a404d6854880943e5c3cd9ca25/uploads/2025/11/17643338945074.pdf,raw_documents/nagpur/nagpur_100_17643338945074.pdf
101,NAGPUR__101__SEC19__Bramhani__4_A_65_2025_2026.pdf,SRC_NAGPUR_101,Nagpur,SECTION_19,SEC19,Bramhani,Kuhi,4/A-65/2025-2026,N/A,2025-11-28,0.68,aaa13a14ba719a16e2ad33abb3f9e9280a341033af500cc58888d556a419cfae,https://cdn.s3waas.gov.in/s3d1f491a404d6854880943e5c3cd9ca25/uploads/2025/11/17643337251910.pdf,raw_documents/nagpur/nagpur_101_17643337251910.pdf
102,NAGPUR__102__SEC19__Taroli__2_A_65_2025_2026.pdf,SRC_NAGPUR_102,Nagpur,SECTION_19,SEC19,Taroli,Kuhi,2/A-65/2025-2026,N/A,2025-11-28,0.55,bade4a3b2ac69db9f201021a43c26c1a81fd3ccf46192dfe8cdcd92304c3b7b4,https://cdn.s3waas.gov.in/s3d1f491a404d6854880943e5c3cd9ca25/uploads/2025/11/17643335594729.pdf,raw_documents/nagpur/nagpur_102_17643335594729.pdf
103,NAGPUR__103__SEC19__Ruyad__8_A_65_2024_2025.pdf,SRC_NAGPUR_103,Nagpur,SECTION_19,SEC19,Ruyad,Kuhi,8/A-65/2024-2025,N/A,2025-11-28,0.56,508652cc764248261968d544a5b7f45ccd1ea7630eccca82fcb7d20d950d244b,https://cdn.s3waas.gov.in/s3d1f491a404d6854880943e5c3cd9ca25/uploads/2025/11/17643332825919.pdf,raw_documents/nagpur/nagpur_103_17643332825919.pdf
104,NAGPUR__104__SEC19__Takli__7_A_65_2024_2025.pdf,SRC_NAGPUR_104,Nagpur,SECTION_19,SEC19,Takli,Kuhi,7/A-65/2024-2025,N/A,2025-11-28,0.52,a89f008e6a7280de42a39eb6ccad468fe8babd906c1d82e94b30ba64e0313b8b,https://cdn.s3waas.gov.in/s3d1f491a404d6854880943e5c3cd9ca25/uploads/2025/11/17643330896183.pdf,raw_documents/nagpur/nagpur_104_17643330896183.pdf
105,NAGPUR__105__SEC19__Gonha__3_A_65_2025_2026.pdf,SRC_NAGPUR_105,Nagpur,SECTION_19,SEC19,Gonha,Kuhi,3/A-65/2025-2026,N/A,2025-11-28,0.53,0e533fa05d55d2ea65849ac34684c2e2432fd840c026c03da03922c087360dc3,https://cdn.s3waas.gov.in/s3d1f491a404d6854880943e5c3cd9ca25/uploads/2025/11/17643244302467.pdf,raw_documents/nagpur/nagpur_105_17643244302467.pdf
106,NAGPUR__106__SEC19__Awarmara__6_A_65_2024_2025.pdf,SRC_NAGPUR_106,Nagpur,SECTION_19,SEC19,Awarmara,Kuhi,6/A-65/2024-2025,N/A,2025-11-28,0.56,fdcffe321c505fd195bf24fe1e4ad70c1c609766660452d8ef65f5c659714cf4,https://cdn.s3waas.gov.in/s3d1f491a404d6854880943e5c3cd9ca25/uploads/2025/11/17643241497783.pdf,raw_documents/nagpur/nagpur_106_17643241497783.pdf
107,NAGPUR__107__SEC19__Amti__5_A_65_2024_2025.pdf,SRC_NAGPUR_107,Nagpur,SECTION_19,SEC19,Amti,Kuhi,5/A-65/2024-2025,N/A,2025-11-28,0.7,2dda60668f3e3ced8c1daf06654f832f1507474afe8bf80e46af59f2a46f9ebb,https://cdn.s3waas.gov.in/s3d1f491a404d6854880943e5c3cd9ca25/uploads/2025/11/17643239436369.pdf,raw_documents/nagpur/nagpur_107_17643239436369.pdf
108,NAGPUR__108__SEC19__Kujba__4_A_65_2024_2025.pdf,SRC_NAGPUR_108,Nagpur,SECTION_19,SEC19,Kujba,Kuhi,4/A-65/2024-2025,N/A,2025-11-28,0.52,815661cd4367f2e9b3e4db2df68f8cbedabcada1dcf86a57b5debf61c6fa60a4,https://cdn.s3waas.gov.in/s3d1f491a404d6854880943e5c3cd9ca25/uploads/2025/11/17643228306302.pdf,raw_documents/nagpur/nagpur_108_17643228306302.pdf
109,NAGPUR__109__EXTENSION__Khairi_Dhalgaon__9_A_65_2021_2022.pdf,SRC_NAGPUR_109,Nagpur,EXTENSION,EXTENSION,Khairi Dhalgaon,Saoner,9/A-65/2021-2022,N/A,2025-11-18,0.45,56e1d6405e4105adfb397d1d1865b029d2864c7f732eca19c91db20efed8ec95,https://cdn.s3waas.gov.in/s3d1f491a404d6854880943e5c3cd9ca25/uploads/2025/11/17634605603236.pdf,raw_documents/nagpur/nagpur_109_17634605603236.pdf
110,NAGPUR__110__SEC19.pdf,SRC_NAGPUR_110,Nagpur,SECTION_19,SEC19,N/A,N/A,UNSPECIFIED,N/A,2025-11-18,2.16,7ab29e3dc8e36e5718b062b95cdcecf4526de009318c2026fd3f9b0fef7b75a2,https://cdn.s3waas.gov.in/s3d1f491a404d6854880943e5c3cd9ca25/uploads/2025/11/17634564016054.pdf,raw_documents/nagpur/nagpur_110_17634564016054.pdf
111,NAGPUR__111__AWARD__Nagpur_Khas.pdf,SRC_NAGPUR_111,Nagpur,AWARD,AWARD,Nagpur (Khas),Nagpur,UNSPECIFIED,N/A,2025-11-06,3.41,1304f16a82364bb30c03cca56d1ce6b18cd34efa629757a5e892f7cbc576663e,https://cdn.s3waas.gov.in/s3d1f491a404d6854880943e5c3cd9ca25/uploads/2025/11/17624295835284.pdf,raw_documents/nagpur/nagpur_111_17624295835284.pdf
112,NAGPUR__112__AWARD__Chikhali_Khurd.pdf,SRC_NAGPUR_112,Nagpur,AWARD,AWARD,Chikhali Khurd,Nagpur (City),UNSPECIFIED,N/A,2025-10-30,3.05,995fa5d0e1f710c901f44fdc91a16554d4397b5ceb425935d2b6674c1ede0ab7,https://cdn.s3waas.gov.in/s3d1f491a404d6854880943e5c3cd9ca25/uploads/2025/10/17618057025581.pdf,raw_documents/nagpur/nagpur_112_17618057025581.pdf
113,NAGPUR__113__SEC11__Ranala__03_a_65_2025_2026.pdf,SRC_NAGPUR_113,Nagpur,SECTION_11,SEC11,Ranala,Saoner,03/a-65/2025-2026,N/A,2025-09-30,1.32,88486dadd73901b1d443926d4890f8868325d7607f932ba55a3cc87958866feb,https://cdn.s3waas.gov.in/s3d1f491a404d6854880943e5c3cd9ca25/uploads/2025/09/17592281518465.pdf,raw_documents/nagpur/nagpur_113_17592281518465.pdf
114,NAGPUR__114__SEC11__Kujba__4_A_65_2024_2025.pdf,SRC_NAGPUR_114,Nagpur,SECTION_11,SEC11,Kujba,Kuhi,4/A-65/2024-2025,N/A,2025-09-29,0.82,0f30fee8d7d40f14b5342b41573f1478a876b4c40dde75cf94712bde4edd5de3,https://cdn.s3waas.gov.in/s3d1f491a404d6854880943e5c3cd9ca25/uploads/2025/09/17592279942108.pdf,raw_documents/nagpur/nagpur_114_17592279942108.pdf
115,NAGPUR__115__SEC11__Bramhani__4_A_65_2025_2026.pdf,SRC_NAGPUR_115,Nagpur,SECTION_11,SEC11,Bramhani,Kuhi,4/A-65/2025-2026,N/A,2025-09-29,0.89,de65b66a529b5fa52a343a404fec0bde3a6fe400d6dffd41157d62206445d01e,https://cdn.s3waas.gov.in/s3d1f491a404d6854880943e5c3cd9ca25/uploads/2025/09/17592279312785.pdf,raw_documents/nagpur/nagpur_115_17592279312785.pdf
116,NAGPUR__116__SEC11__Taroli__2_A_65_2025_2026.pdf,SRC_NAGPUR_116,Nagpur,SECTION_11,SEC11,Taroli,Kuhi,2/A-65/2025-2026,N/A,2025-09-29,0.85,895eb2c8ff7aaf011a9d74603d88531bd5f689a7670d9f6815d2c3b8e5bcee54,https://cdn.s3waas.gov.in/s3d1f491a404d6854880943e5c3cd9ca25/uploads/2025/09/17592278865441.pdf,raw_documents/nagpur/nagpur_116_17592278865441.pdf
117,NAGPUR__117__SEC11__Ruyad__8_A_65_2024_2025.pdf,SRC_NAGPUR_117,Nagpur,SECTION_11,SEC11,Ruyad,Kuhi,8/A-65/2024-2025,N/A,2025-09-29,0.84,5b3a6b5e85eafa116227f72d77b3576903b9ce8f21aa00809ccbb5de9e137968,https://cdn.s3waas.gov.in/s3d1f491a404d6854880943e5c3cd9ca25/uploads/2025/09/17592278164656.pdf,raw_documents/nagpur/nagpur_117_17592278164656.pdf
118,NAGPUR__118__SEC11__Takli__7_A_65_2024_2025.pdf,SRC_NAGPUR_118,Nagpur,SECTION_11,SEC11,Takli,Kuhi,7/A-65/2024-2025,N/A,2025-09-29,0.85,4feb9668a6809a966b105314547cd0d363521be7dcff968498bf0aa1b717a763,https://cdn.s3waas.gov.in/s3d1f491a404d6854880943e5c3cd9ca25/uploads/2025/09/17592277702335.pdf,raw_documents/nagpur/nagpur_118_17592277702335.pdf
119,NAGPUR__119__SEC11__Gonha__3_A_65_2025_2026.pdf,SRC_NAGPUR_119,Nagpur,SECTION_11,SEC11,Gonha,Kuhi,3/A-65/2025-2026,N/A,2025-09-29,0.88,bfc455767366c59d580bb041ff7464c349897c6eb7d719e320e19bdbdc867e31,https://cdn.s3waas.gov.in/s3d1f491a404d6854880943e5c3cd9ca25/uploads/2025/09/17592276931104.pdf,raw_documents/nagpur/nagpur_119_17592276931104.pdf
120,NAGPUR__120__SEC11__Awarmara__6_A_65_2024_2025.pdf,SRC_NAGPUR_120,Nagpur,SECTION_11,SEC11,Awarmara,Kuhi,6/A-65/2024-2025,N/A,2025-09-29,0.86,420b1b807769e7928101af73804f383fef83d807e4bc51d158da0f10acd82195,https://cdn.s3waas.gov.in/s3d1f491a404d6854880943e5c3cd9ca25/uploads/2025/09/17592276292380.pdf,raw_documents/nagpur/nagpur_120_17592276292380.pdf
121,NAGPUR__121__SEC11__Amti__5_A_65_2024_2025.pdf,SRC_NAGPUR_121,Nagpur,SECTION_11,SEC11,Amti,Kuhi,5/A-65/2024-2025,N/A,2025-09-30,1.06,952a6787e57262d7ed6d439cbf86db4bb0789022d8aec5c236bb6b20f65bf08c,https://cdn.s3waas.gov.in/s3d1f491a404d6854880943e5c3cd9ca25/uploads/2025/09/17592274189448.pdf,raw_documents/nagpur/nagpur_121_17592274189448.pdf
122,NAGPUR__122__SEC11__Bhiwapur__1_A_65_2025_2026.pdf,SRC_NAGPUR_122,Nagpur,SECTION_11,SEC11,Bhiwapur,Bhiwapur,1/A-65/2025-2026,N/A,2025-09-29,0.74,57535529b9644d39cce7e238061d55d5931c7dece1991639d50841af1d0610d7,https://cdn.s3waas.gov.in/s3d1f491a404d6854880943e5c3cd9ca25/uploads/2025/09/17592269866310.pdf,raw_documents/nagpur/nagpur_122_17592269866310.pdf
123,NAGPUR__123__SEC11__Pratapur__1_A_65_2025_2026.pdf,SRC_NAGPUR_123,Nagpur,SECTION_11,SEC11,Pratapur,Kuhi,1/A-65/2025-2026,N/A,2025-09-19,2.17,738a03959b8cbdc7a2a1857961064fb31e19f6a5dad9f51e142a7210cef1cd9e,https://cdn.s3waas.gov.in/s3d1f491a404d6854880943e5c3cd9ca25/uploads/2025/09/17592262272831.pdf,raw_documents/nagpur/nagpur_123_17592262272831.pdf
124,NAGPUR__124__SEC21__Savargao__4_A_65_2025_2026.pdf,SRC_NAGPUR_124,Nagpur,SECTION_21,SEC21,Savargao,Kuhi,4/A-65/2025-2026,N/A,2025-09-19,3.31,2f5c5f321d328c6caa63cc995f25988b18bdcd001edfb419396829ac51c2b981,https://cdn.s3waas.gov.in/s3d1f491a404d6854880943e5c3cd9ca25/uploads/2025/09/17592261203681.pdf,raw_documents/nagpur/nagpur_124_17592261203681.pdf
125,NAGPUR__125__SEC11__Chikhali__8_A_65_2025_2026.pdf,SRC_NAGPUR_125,Nagpur,SECTION_11,SEC11,Chikhali,Kuhi,8/A-65/2025-2026,N/A,2025-09-19,2.01,037e28ae40bc65a09dd80ac2114bca64153f94db25e953cff5e2d571a21c3c1f,https://cdn.s3waas.gov.in/s3d1f491a404d6854880943e5c3cd9ca25/uploads/2025/09/17592259599570.pdf,raw_documents/nagpur/nagpur_125_17592259599570.pdf
126,NAGPUR__126__SEC11__Kitali__3_A_65_2025_2026.pdf,SRC_NAGPUR_126,Nagpur,SECTION_11,SEC11,Kitali,N/A,3/A-65/2025-2026,N/A,2025-09-19,2.22,5f989a1d9c39b4305b87ee4fd708ceec05da30919b99c0ee357d1468c13296d2,https://cdn.s3waas.gov.in/s3d1f491a404d6854880943e5c3cd9ca25/uploads/2025/09/17592257339985.pdf,raw_documents/nagpur/nagpur_126_17592257339985.pdf
127,NAGPUR__127__SEC11__Bhivapur__2_A_65_2025_2026.pdf,SRC_NAGPUR_127,Nagpur,SECTION_11,SEC11,Bhivapur,Kuhi,2/A-65/2025-2026,N/A,2025-09-26,1.96,c1633d982dab461ff7fc4df162d8108fb8e4ef0f106fd0fcf755962795429745,https://cdn.s3waas.gov.in/s3d1f491a404d6854880943e5c3cd9ca25/uploads/2025/09/17592255886942.pdf,raw_documents/nagpur/nagpur_127_17592255886942.pdf
128,NAGPUR__128__SEC11__Rajola__7_A_65_2025_2026.pdf,SRC_NAGPUR_128,Nagpur,SECTION_11,SEC11,Rajola,Tlq,7/A-65/2025-2026,N/A,2025-08-01,1.77,64117173c65bb5617567b68e445c6f3ae264703cafff10d34cfe66e9605fca3f,https://cdn.s3waas.gov.in/s3d1f491a404d6854880943e5c3cd9ca25/uploads/2025/08/17540427622826.pdf,raw_documents/nagpur/nagpur_128_17540427622826.pdf
129,NAGPUR__129__SEC11__06_A_65_2025_2026.pdf,SRC_NAGPUR_129,Nagpur,SECTION_11,SEC11,N/A,t TiqHT,06/A-65/2025-2026,N/A,2025-08-01,1.9,5e5c1ea725d103c00b9baf0af2dcd68c5bcc863f362296e62742dc99a7e54dfb,https://cdn.s3waas.gov.in/s3d1f491a404d6854880943e5c3cd9ca25/uploads/2025/08/17540425672614.pdf,raw_documents/nagpur/nagpur_129_17540425672614.pdf
130,NAGPUR__130__SEC11__Navegao__05_A_65_2025_2026.pdf,SRC_NAGPUR_130,Nagpur,SECTION_11,SEC11,Navegao,N/A,05/A-65/2025-2026,N/A,2025-08-01,1.86,fb4831d80a614b15a82a72f42ffb0b0876f5399853a1f595f05ad0ba33b46bed,https://cdn.s3waas.gov.in/s3d1f491a404d6854880943e5c3cd9ca25/uploads/2025/08/17540424622314.pdf,raw_documents/nagpur/nagpur_130_17540424622314.pdf
131,NAGPUR__131__SEC11__Kotgaon__02_A_65_2025_2026.pdf,SRC_NAGPUR_131,Nagpur,SECTION_11,SEC11,Kotgaon,N/A,02/A-65/2025-2026,N/A,2025-08-01,1.88,d8eb776ca68671762929816cb8fce9cf2f7ad5a03f830360801548f6b9e3db6d,https://cdn.s3waas.gov.in/s3d1f491a404d6854880943e5c3cd9ca25/uploads/2025/08/17540423866891.pdf,raw_documents/nagpur/nagpur_131_17540423866891.pdf
132,NAGPUR__132__SEC11__Hardoli__03_A_65_2025_2026.pdf,SRC_NAGPUR_132,Nagpur,SECTION_11,SEC11,Hardoli,N/A,03/A-65/2025-2026,N/A,2025-08-01,1.89,f34dd658c92a5d3b9f56e82d6fcb52e3cb290eab836353b04fa55c4811a19e10,https://cdn.s3waas.gov.in/s3d1f491a404d6854880943e5c3cd9ca25/uploads/2025/08/17540422203085.pdf,raw_documents/nagpur/nagpur_132_17540422203085.pdf
133,NAGPUR__133__SEC11__04_A_65_2025_2026.pdf,SRC_NAGPUR_133,Nagpur,SECTION_11,SEC11,N/A,N/A,04/A-65/2025-2026,N/A,2025-08-01,1.83,346c607e9101c6ff3eba606cc193d8e75a2d9a8d85164357d901956deaa548d4,https://cdn.s3waas.gov.in/s3d1f491a404d6854880943e5c3cd9ca25/uploads/2025/08/17540421346536.pdf,raw_documents/nagpur/nagpur_133_17540421346536.pdf
134,NAGPUR__134__SEC19__Parsodi__4_A_65_2024_2025.pdf,SRC_NAGPUR_134,Nagpur,SECTION_19,SEC19,Parsodi,Nagpur (City),4/A-65/2024-2025,N/A,2025-07-29,0.45,633b7ae282e8d794cc45e31c410237b50c5c463f6304660ebddac158aa83a0f6,https://cdn.s3waas.gov.in/s3d1f491a404d6854880943e5c3cd9ca25/uploads/2025/08/17540377444920.pdf,raw_documents/nagpur/nagpur_134_17540377444920.pdf
135,NAGPUR__135__SEC19__3_A_65_2024_2025.pdf,SRC_NAGPUR_135,Nagpur,SECTION_19,SEC19,N/A,Nagpur,3/A-65/2024-2025,N/A,2025-07-03,0.41,1acc9e8cfd4b34f8fcce74da280dd4b1aaf0bab8552dfb70d3d0d37b18262fa4,https://cdn.s3waas.gov.in/s3d1f491a404d6854880943e5c3cd9ca25/uploads/2025/07/2025070286.pdf,raw_documents/nagpur/nagpur_135_2025070286.pdf
136,NAGPUR__136__NOTICE__Nagpur_Khas__02_A_65_2024_2025.pdf,SRC_NAGPUR_136,Nagpur,GENERAL_NOTICE,NOTICE,Nagpur (Khas),Nagpur City,02/A-65/2024-2025,N/A,2025-06-26,1.08,c8634a016241cbc54f2bdfb72a30538ddcadd311cd768f3cdacf4f3579b3e774,https://cdn.s3waas.gov.in/s3d1f491a404d6854880943e5c3cd9ca25/uploads/2025/06/2025062656.pdf,raw_documents/nagpur/nagpur_136_2025062656.pdf
137,NAGPUR__137__NOTICE__Chikhali_Khurd__03_A_65_2024_2025.pdf,SRC_NAGPUR_137,Nagpur,GENERAL_NOTICE,NOTICE,Chikhali Khurd,Nagpur City,03/A-65/2024-2025,N/A,2025-06-26,1.08,b422af225f5a48ed30f7dd5d231e9b44ca8c5e0deabf3a74f47b4a939bb75562,https://cdn.s3waas.gov.in/s3d1f491a404d6854880943e5c3cd9ca25/uploads/2025/06/2025062682.pdf,raw_documents/nagpur/nagpur_137_2025062682.pdf
138,NAGPUR__138__SEC21__Nagpur_Khas__3_A_65_2024_2025.pdf,SRC_NAGPUR_138,Nagpur,SECTION_21,SEC21,Nagpur (Khas),N/A,3/A-65/2024-2025,N/A,2025-06-23,0.92,fae734aa9ae57e73849d0f1e5bdbba0b9ddaefb5ada909996c36be45ff4d0078,https://cdn.s3waas.gov.in/s3d1f491a404d6854880943e5c3cd9ca25/uploads/2025/06/2025062331.pdf,raw_documents/nagpur/nagpur_138_2025062331.pdf
139,NAGPUR__139__SEC19__Kanhan_River_Project__Khairi_Dhalgaon__9_A_65_2021_2022.pdf,SRC_NAGPUR_139,Nagpur,SECTION_19,SEC19,Khairi Dhalgaon,Saoner,9/A-65/2021-2022,Kanhan River Project (Kochhi Barrage),2025-06-19,0.66,ed880541081b9518814aed079c5b2fa165cefdb06d19a0e69229be2cc8712673,https://cdn.s3waas.gov.in/s3d1f491a404d6854880943e5c3cd9ca25/uploads/2025/06/2025061995.pdf,raw_documents/nagpur/nagpur_139_2025061995.pdf
140,NAGPUR__140__NOTICE__03_A_65_2023_24.pdf,SRC_NAGPUR_140,Nagpur,GENERAL_NOTICE,NOTICE,N/A,N/A,03/A-65/2023-24,N/A,2025-06-05,1.57,3d09ba3efd19169bba6e7cf3064e85740329e0d655046d42efdfe8c3b7187ba7,https://cdn.s3waas.gov.in/s3d1f491a404d6854880943e5c3cd9ca25/uploads/2025/06/2025060534.pdf,raw_documents/nagpur/nagpur_140_2025060534.pdf
141,NAGPUR__141__NOTICE__Urban_Development_Pl__3_A_65_2022_2023.pdf,SRC_NAGPUR_141,Nagpur,GENERAL_NOTICE,NOTICE,N/A,N/A,3/A-65/2022-2023,Urban Development Plan (DP) Road Widening,2025-05-30,2.86,3c85b6a1deaca5be22310ac90e5f8dc768e1f6c9b53d0c226d30ab2ecd2f6f26,https://cdn.s3waas.gov.in/s3d1f491a404d6854880943e5c3cd9ca25/uploads/2025/05/2025053024.pdf,raw_documents/nagpur/nagpur_141_2025053024.pdf
142,NAGPUR__142__NOTICE__03_A_65_2024_2025.pdf,SRC_NAGPUR_142,Nagpur,GENERAL_NOTICE,NOTICE,N/A,Nagpur City,03/A-65/2024-2025,N/A,2025-05-28,1.33,aac2bc00a15be42dd033057223c54d27ed454b3f4f5c15688f45bd32ed28d35d,https://cdn.s3waas.gov.in/s3d1f491a404d6854880943e5c3cd9ca25/uploads/2025/05/2025052849.pdf,raw_documents/nagpur/nagpur_142_2025052849.pdf
143,NAGPUR__143__SEC21__Urban_Development_Pl__Nagpur_Khas__05_A_65_2022_23.pdf,SRC_NAGPUR_143,Nagpur,SECTION_21,SEC21,Nagpur (Khas),Nagpur (Urban),05/A-65/2022-23,Urban Development Plan (DP) Road Widening,2025-05-05,1.04,d7eb8d6bbe3b2343b7da4a8c4a343c82bd3e3b008ed333418099f820f49acbf0,https://cdn.s3waas.gov.in/s3d1f491a404d6854880943e5c3cd9ca25/uploads/2025/05/20250506100.pdf,raw_documents/nagpur/nagpur_143_20250506100.pdf
144,NAGPUR__144__NOTICE__Nagpur_Khas__02_A_65_2024_2025.pdf,SRC_NAGPUR_144,Nagpur,GENERAL_NOTICE,NOTICE,Nagpur Khas,Nagpur City,02/A-65/2024-2025,N/A,2025-04-17,0.45,2d83127a0b640d85ecd4c7bffd3907017f89d86edf9fb68f9851c91d763fb837,https://cdn.s3waas.gov.in/s3d1f491a404d6854880943e5c3cd9ca25/uploads/2025/04/2025042392.pdf,raw_documents/nagpur/nagpur_144_2025042392.pdf
145,NAGPUR__145__NOTICE__Chikhali_Khurd__03_A_65_2024_2025.pdf,SRC_NAGPUR_145,Nagpur,GENERAL_NOTICE,NOTICE,Chikhali Khurd,Nagpur City,03/A-65/2024-2025,N/A,2025-04-17,0.43,b9147d700852d487bd8a86c437931b0ea1f2eeaea8ddcd37bbe1d8f5f21f7f73,https://cdn.s3waas.gov.in/s3d1f491a404d6854880943e5c3cd9ca25/uploads/2025/04/2025042390.pdf,raw_documents/nagpur/nagpur_145_2025042390.pdf
146,NAGPUR__146__SEC19__Urban_Development_Pl.pdf,SRC_NAGPUR_146,Nagpur,SECTION_19,SEC19,N/A,Nagpur(Urban),UNSPECIFIED,Urban Development Plan (DP) Road Widening,2025-03-03,1.2,05f80624fbdce09e31673866b9297f56a582fad0060c201deb4a8314443086d2,https://cdn.s3waas.gov.in/s3d1f491a404d6854880943e5c3cd9ca25/uploads/2025/03/2025030487.pdf,raw_documents/nagpur/nagpur_146_2025030487.pdf
147,NAGPUR__147__SEC21__Nagpur_Khas__24_A_65_2022_2023.pdf,SRC_NAGPUR_147,Nagpur,SECTION_21,SEC21,Nagpur (Khas),N/A,24/A-65/2022-2023,N/A,2025-02-25,1.93,f71f9e40f1795b43b003907500e95cfe7ab3d5c22bfae5def38a1bccc88c0c32,https://cdn.s3waas.gov.in/s3d1f491a404d6854880943e5c3cd9ca25/uploads/2025/02/2025022578.pdf,raw_documents/nagpur/nagpur_147_2025022578.pdf
148,NAGPUR__148__SEC19__Chapeghat_Rithi__28_A_65_2023_2024.pdf,SRC_NAGPUR_148,Nagpur,SECTION_19,SEC19,Chapeghat (Rithi),Kuhi,28/A-65/2023-2024,N/A,2025-02-25,0.71,b0cac95d2f1b4209bb04e67b5ad429ee5fbf3fc8b0ee09ca476ecad9e8a376b9,https://cdn.s3waas.gov.in/s3d1f491a404d6854880943e5c3cd9ca25/uploads/2025/02/2025022518.pdf,raw_documents/nagpur/nagpur_148_2025022518.pdf
149,NAGPUR__149__EXTENSION__Khariy_Dhalgaon__9_A_65_2021_2022.pdf,SRC_NAGPUR_149,Nagpur,EXTENSION,EXTENSION,Khariy Dhalgaon,Saoner,9/A-65/2021-2022,N/A,2025-02-14,0.36,b0a3ba70cd035b443b10b314195ad6ea952a28d011f2e5ee7873846c1ed45364,https://cdn.s3waas.gov.in/s3d1f491a404d6854880943e5c3cd9ca25/uploads/2025/02/2025022545.pdf,raw_documents/nagpur/nagpur_149_2025022545.pdf
150,NAGPUR__150__DIR_PURCHASE__Bhiwapur__37_A_65_2023_2024.pdf,SRC_NAGPUR_150,Nagpur,DIRECT_PURCHASE,DIR_PURCHASE,Bhiwapur,Bhiwapur,37/A-65/2023-2024,N/A,2025-02-14,1.09,608e60c4ee5e9b10549e1dd7dec21d4c6f751d50dd5eac1b97f34d11f7127927,https://cdn.s3waas.gov.in/s3d1f491a404d6854880943e5c3cd9ca25/uploads/2025/02/2025021868.pdf,raw_documents/nagpur/nagpur_150_2025021868.pdf
151,NAGPUR__151__SEC19__Mouza_Pipaldhara__11_A_65_2018_19.pdf,SRC_NAGPUR_151,Nagpur,SECTION_19,SEC19,Mouza Pipaldhara,N/A,11/A-65/2018-19,N/A,2025-02-12,0.6,dc0cb306347af8c52dc143af52d5bbaa0b9f596aa037a1008b272cd1e9c8857c,https://cdn.s3waas.gov.in/s3d1f491a404d6854880943e5c3cd9ca25/uploads/2025/02/2025021263.pdf,raw_documents/nagpur/nagpur_151_2025021263.pdf
152,NAGPUR__152__SEC21__Nagpur_Khas__03_A_65_2022_2023.pdf,SRC_NAGPUR_152,Nagpur,SECTION_21,SEC21,Nagpur (Khas),rfi,03/A-65/2022-2023,N/A,2025-02-07,7.26,54d36b18a51142c52c58de4fafad4672e521335452efa7c68b963186335a35f4,https://cdn.s3waas.gov.in/s3d1f491a404d6854880943e5c3cd9ca25/uploads/2025/02/2025020730.pdf,raw_documents/nagpur/nagpur_152_2025020730.pdf
153,NAGPUR__153__DIR_PURCHASE__Bhiwapur__37_A_65_2023_2024.pdf,SRC_NAGPUR_153,Nagpur,DIRECT_PURCHASE,DIR_PURCHASE,Bhiwapur,Bhiwapur,37/A-65/2023-2024,N/A,2025-01-27,1.09,608e60c4ee5e9b10549e1dd7dec21d4c6f751d50dd5eac1b97f34d11f7127927,https://cdn.s3waas.gov.in/s3d1f491a404d6854880943e5c3cd9ca25/uploads/2025/01/2025012771.pdf,raw_documents/nagpur/nagpur_153_2025012771.pdf
154,NAGPUR__154__DIR_PURCHASE__Gondbori__1_A_65_2024_2025.pdf,SRC_NAGPUR_154,Nagpur,DIRECT_PURCHASE,DIR_PURCHASE,Gondbori,Bhiwapur,1/A-65/2024-2025,N/A,2025-01-23,0.54,1c5fb71beb06afc669e748beb9f5ebfcded245f62669cd8adbd590f7ea0a25ff,https://cdn.s3waas.gov.in/s3d1f491a404d6854880943e5c3cd9ca25/uploads/2025/01/2025012386.pdf,raw_documents/nagpur/nagpur_154_2025012386.pdf
155,NAGPUR__155__DIR_PURCHASE__Piparda_Rithi__2_A_65_2024_2025.pdf,SRC_NAGPUR_155,Nagpur,DIRECT_PURCHASE,DIR_PURCHASE,Piparda (Rithi),Bhiwapur,2/A-65/2024-2025,N/A,2025-01-23,0.57,1fe7f9ada9aa1958d1d651f926e4d7bb594066b639f0cb23b1c1122f2706afe3,https://cdn.s3waas.gov.in/s3d1f491a404d6854880943e5c3cd9ca25/uploads/2025/01/2025012320.pdf,raw_documents/nagpur/nagpur_155_2025012320.pdf
156,NAGPUR__156__SEC11.pdf,SRC_NAGPUR_156,Nagpur,SECTION_11,SEC11,N/A,N/A,UNSPECIFIED,N/A,2025-01-22,1.81,6e26c199aed038f67d962da411a7b5a7a9f60f9fd60d3ead68e6faa8cfa7f667,https://cdn.s3waas.gov.in/s3d1f491a404d6854880943e5c3cd9ca25/uploads/2025/01/2025012291.pdf,raw_documents/nagpur/nagpur_156_2025012291.pdf
157,NAGPUR__157__SEC19__Chapegadi__29_A_65_2023_2024.pdf,SRC_NAGPUR_157,Nagpur,SECTION_19,SEC19,Chapegadi,Kuhi,29/A-65/2023-2024,N/A,2025-01-21,0.37,0658daa6ee969c7941946f22ae578b730e9549bb02ebb9b82d6a56d3ca9472b7,https://cdn.s3waas.gov.in/s3d1f491a404d6854880943e5c3cd9ca25/uploads/2025/01/2025012183.pdf,raw_documents/nagpur/nagpur_157_2025012183.pdf
158,NAGPUR__158__SEC19__Savangi__30_A_65_2023_2024.pdf,SRC_NAGPUR_158,Nagpur,SECTION_19,SEC19,Savangi,Kuhi,30/A-65/2023-2024,N/A,2025-01-21,0.37,19244d4f553866b25038a1c8a34c97b16f56d26a1437625d4f990c2843fb9bd4,https://cdn.s3waas.gov.in/s3d1f491a404d6854880943e5c3cd9ca25/uploads/2025/01/2025012160.pdf,raw_documents/nagpur/nagpur_158_2025012160.pdf
159,NAGPUR__159__DIR_PURCHASE__Takli__36_A_65_2023_24.pdf,SRC_NAGPUR_159,Nagpur,DIRECT_PURCHASE,DIR_PURCHASE,Takli,Kuhi,36/A-65/2023-24,N/A,2025-01-15,0.55,b5bd095ba03f6aa5d406b90db008ee936997a8fd73a2451f6a1eacfd3d36864b,https://cdn.s3waas.gov.in/s3d1f491a404d6854880943e5c3cd9ca25/uploads/2025/01/2025011538.pdf,raw_documents/nagpur/nagpur_159_2025011538.pdf
160,NAGPUR__160__DIR_PURCHASE__Thutanbori__40_A_65_2023_24.pdf,SRC_NAGPUR_160,Nagpur,DIRECT_PURCHASE,DIR_PURCHASE,Thutanbori,Bhiwapur,40/A-65/2023-24,N/A,2025-01-15,0.43,76ca2c444e861aea515bd4653d9a7c73c5d979a3b1c3faaf41f693cf6a2be048,https://cdn.s3waas.gov.in/s3d1f491a404d6854880943e5c3cd9ca25/uploads/2025/01/2025011593.pdf,raw_documents/nagpur/nagpur_160_2025011593.pdf
161,NAGPUR__161__DIR_PURCHASE__Awarmara__35_A_65_2023_24.pdf,SRC_NAGPUR_161,Nagpur,DIRECT_PURCHASE,DIR_PURCHASE,Awarmara,Kuhi,35/A-65/2023-24,N/A,2025-01-15,0.52,64b7189d24112ca94b083b7d6a5c7f8c64e4d21cedd7bed2dffd13f595249575,https://cdn.s3waas.gov.in/s3d1f491a404d6854880943e5c3cd9ca25/uploads/2025/01/2025011575.pdf,raw_documents/nagpur/nagpur_161_2025011575.pdf
162,NAGPUR__162__DIR_PURCHASE__Kujba__26_A_65_2022_23.pdf,SRC_NAGPUR_162,Nagpur,DIRECT_PURCHASE,DIR_PURCHASE,Kujba,Kuhi,26/A-65/2022-23,N/A,2025-01-15,0.48,b25fa40109f5aecad06a75765c13d119f81520e2cb5918a2cb1c70085ec69230,https://cdn.s3waas.gov.in/s3d1f491a404d6854880943e5c3cd9ca25/uploads/2025/01/2025011517.pdf,raw_documents/nagpur/nagpur_162_2025011517.pdf
163,NAGPUR__163__DIR_PURCHASE__Veltur__38_A_65_2023_24.pdf,SRC_NAGPUR_163,Nagpur,DIRECT_PURCHASE,DIR_PURCHASE,Veltur,Kuhi,38/A-65/2023-24,N/A,2025-01-15,0.56,b5f601ed21cf7fb88aee2ac03a85a83b872ab8c5cc86c5063ab80d27afcba13b,https://cdn.s3waas.gov.in/s3d1f491a404d6854880943e5c3cd9ca25/uploads/2025/01/2025011591.pdf,raw_documents/nagpur/nagpur_163_2025011591.pdf
164,NAGPUR__164__SEC19__Masli__01_A_65_2024_2025.pdf,SRC_NAGPUR_164,Nagpur,SECTION_19,SEC19,Masli,Kuhi,01/A-65/2024-2025,N/A,2025-01-14,1.7,64a037acadeeb8682cc91f6cbe1ce8fad557ca0f2c631c4ad1d7ce3d16030be0,https://cdn.s3waas.gov.in/s3d1f491a404d6854880943e5c3cd9ca25/uploads/2025/01/2025011475.pdf,raw_documents/nagpur/nagpur_164_2025011475.pdf
165,NAGPUR__165__SEC19__Chirwa__05_A_65_2024_2025.pdf,SRC_NAGPUR_165,Nagpur,SECTION_19,SEC19,Chirwa,Mauda,05/A-65/2024-2025,N/A,2025-01-14,1.2,fee8ed6f149ab6824a8fc2147174f3c92ed4a7eef1cad766589b862d99dba9f6,https://cdn.s3waas.gov.in/s3d1f491a404d6854880943e5c3cd9ca25/uploads/2025/01/2025011439.pdf,raw_documents/nagpur/nagpur_165_2025011439.pdf
166,NAGPUR__166__SEC11__Rajola__03_A_65_2024_2025.pdf,SRC_NAGPUR_166,Nagpur,SECTION_11,SEC11,Rajola,Kuhi,03/A-65/2024-2025,N/A,2025-01-14,1.02,2322be0c201a09d64065ba6de0dc2680402449d66b3a84cbd1862933275aa085,https://cdn.s3waas.gov.in/s3d1f491a404d6854880943e5c3cd9ca25/uploads/2025/01/2025011496.pdf,raw_documents/nagpur/nagpur_166_2025011496.pdf
167,NAGPUR__167__SEC11__Masli__01_A_65_2024_2025.pdf,SRC_NAGPUR_167,Nagpur,SECTION_11,SEC11,Masli,Kuhi,01/A-65/2024-2025,N/A,2025-01-14,1.66,cbb315d20fe99e1da18c1c308f793891944fc919fddf458d2c510c1d6e30c8c4,https://cdn.s3waas.gov.in/s3d1f491a404d6854880943e5c3cd9ca25/uploads/2025/01/2025011453.pdf,raw_documents/nagpur/nagpur_167_2025011453.pdf
168,NAGPUR__168__SEC11__Belona__22_A_65_2024_2025.pdf,SRC_NAGPUR_168,Nagpur,SECTION_11,SEC11,Belona,Narkhed,22/A-65/2024-2025,N/A,2025-01-14,1.42,ca6c5ae2956f1c8687a4e48bab6e9c2b4122b1e200d0b094a4e3a3ff68273820,https://cdn.s3waas.gov.in/s3d1f491a404d6854880943e5c3cd9ca25/uploads/2025/01/2025011477.pdf,raw_documents/nagpur/nagpur_168_2025011477.pdf
169,NAGPUR__169__SEC11__Hardoli__01_A_65_2024_2025.pdf,SRC_NAGPUR_169,Nagpur,SECTION_11,SEC11,Hardoli,Kuhi,01/A-65/2024-2025,N/A,2025-01-14,1.19,0eafa8ff9996f14ee3331436a9116f40e73b020197a37f964b4597c84bfaa302,https://cdn.s3waas.gov.in/s3d1f491a404d6854880943e5c3cd9ca25/uploads/2025/01/2025011484.pdf,raw_documents/nagpur/nagpur_169_2025011484.pdf
170,NAGPUR__170__SEC11__Chirwa__05_A_65_2024_2025.pdf,SRC_NAGPUR_170,Nagpur,SECTION_11,SEC11,Chirwa,Mauda,05/A-65/2024-2025,N/A,2025-01-14,1.22,3817366ab52e0ebdc9c17c3e924f0e39400537b00db795e835ddfa4ad9a7a8a5,https://cdn.s3waas.gov.in/s3d1f491a404d6854880943e5c3cd9ca25/uploads/2025/01/2025011452.pdf,raw_documents/nagpur/nagpur_170_2025011452.pdf
171,NAGPUR__171__SEC19__Shivangaon__20_A_65_2023_2024.pdf,SRC_NAGPUR_171,Nagpur,SECTION_19,SEC19,Shivangaon,Nagpur Urban,20/A-65/2023-2024,N/A,2025-01-02,0.82,66f5feee18da410696d429b8d9b4e34c8e36ee17908c3c6ecd5c432fc04f8dc3,https://cdn.s3waas.gov.in/s3d1f491a404d6854880943e5c3cd9ca25/uploads/2025/01/2025010312.pdf,raw_documents/nagpur/nagpur_171_2025010312.pdf
172,NAGPUR__172__NOTICE__Nagpur_City__03_A_65_2022_2023.pdf,SRC_NAGPUR_172,Nagpur,GENERAL_NOTICE,NOTICE,Nagpur (City),kmEtf,03/A-65/2022-2023,N/A,2025-01-01,7.68,42a7e315cc275a0a5745f6cd10fe4fe65f70c05e9d4763c35e021fda78887e78,https://cdn.s3waas.gov.in/s3d1f491a404d6854880943e5c3cd9ca25/uploads/2025/01/2025010261.pdf,raw_documents/nagpur/nagpur_172_2025010261.pdf
173,NAGPUR__173__DIR_PURCHASE__Aamti__25_A_65_2022_23.pdf,SRC_NAGPUR_173,Nagpur,DIRECT_PURCHASE,DIR_PURCHASE,Aamti,Kuhi,25/A-65/2022-23,N/A,2024-12-27,1.31,442fa10b0344dea153dbf74372d46e5407dabedc0246e111bcf53cf0f2dace60,https://cdn.s3waas.gov.in/s3d1f491a404d6854880943e5c3cd9ca25/uploads/2024/12/2024122730.pdf,raw_documents/nagpur/nagpur_173_2024122730.pdf
174,NAGPUR__174__NOTICE__Nagpur_City__03_A_65_2023_2024.pdf,SRC_NAGPUR_174,Nagpur,GENERAL_NOTICE,NOTICE,Nagpur City,N/A,03/A-65/2023-2024,N/A,2024-12-12,1.57,f2d33a88e4c58a425f670eb6add59c91fc659d6217ad43df2044aaafac0bc1d7,https://cdn.s3waas.gov.in/s3d1f491a404d6854880943e5c3cd9ca25/uploads/2024/12/20241212100.pdf,raw_documents/nagpur/nagpur_174_20241212100.pdf
175,NAGPUR__175__DIR_PURCHASE__Awarmara__35_A_65_2023_24.pdf,SRC_NAGPUR_175,Nagpur,DIRECT_PURCHASE,DIR_PURCHASE,Awarmara,Kuhi,35/A-65/2023-24,N/A,2024-12-10,0.84,a71db8954d96f1d79feb212c884b7469f9152353bc0741094836b9ac108d4316,https://cdn.s3waas.gov.in/s3d1f491a404d6854880943e5c3cd9ca25/uploads/2024/12/2024121089.pdf,raw_documents/nagpur/nagpur_175_2024121089.pdf
176,NAGPUR__176__DIR_PURCHASE__Takli__36_A_65_2023_24.pdf,SRC_NAGPUR_176,Nagpur,DIRECT_PURCHASE,DIR_PURCHASE,Takli,Kuhi,36/A-65/2023-24,N/A,2024-12-10,0.91,da82bd0835f722ff652bd2134c888cf004c9708125470ce66038f870ea999b3b,https://cdn.s3waas.gov.in/s3d1f491a404d6854880943e5c3cd9ca25/uploads/2024/12/2024121061-1.pdf,raw_documents/nagpur/nagpur_176_2024121061-1.pdf
177,NAGPUR__177__DIR_PURCHASE__Kujba__26_A_65_2022_23.pdf,SRC_NAGPUR_177,Nagpur,DIRECT_PURCHASE,DIR_PURCHASE,Kujba,Kuhi,26/A-65/2022-23,N/A,2024-12-10,0.82,b2d3aa024517dbd2675ff7d2e6203609b2e682199e65970f80c45282122d7c3b,https://cdn.s3waas.gov.in/s3d1f491a404d6854880943e5c3cd9ca25/uploads/2024/12/2024121061.pdf,raw_documents/nagpur/nagpur_177_2024121061.pdf
178,NAGPUR__178__NOTICE__Thutanbori__40_A_65_2023_2024.pdf,SRC_NAGPUR_178,Nagpur,GENERAL_NOTICE,NOTICE,Thutanbori,Bhivapur,40/A-65/2023-2024,N/A,2024-12-02,1.11,c9c7dd09dd3814e49798ad84e7dba7721ad249d7291452a870fa56c08ac91bfc,https://cdn.s3waas.gov.in/s3d1f491a404d6854880943e5c3cd9ca25/uploads/2024/12/2024120294.pdf,raw_documents/nagpur/nagpur_178_2024120294.pdf
179,NAGPUR__179__EXTENSION__Khariy_Dhalgaon.pdf,SRC_NAGPUR_179,Nagpur,EXTENSION,EXTENSION,Khariy Dhalgaon,Saoner,UNSPECIFIED,N/A,2024-10-11,0.57,0900609bfa9b8f92c6aa279437ff635dbc3db36b8e3999b9baff35b4f34a7c19,https://cdn.s3waas.gov.in/s3d1f491a404d6854880943e5c3cd9ca25/uploads/2024/11/2024111319.pdf,raw_documents/nagpur/nagpur_179_2024111319.pdf
180,NAGPUR__180__SEC21__Nagpur__03_A_65_2023_24.pdf,SRC_NAGPUR_180,Nagpur,SECTION_21,SEC21,Nagpur,Nagpur City,03/A-65/2023-24,N/A,2024-10-01,2.06,d1cd12c9d915ded3cccc8c967173122d5cb9cb62d1c7a3de4eb5a127a46017e2,https://cdn.s3waas.gov.in/s3d1f491a404d6854880943e5c3cd9ca25/uploads/2024/10/2024100147.pdf,raw_documents/nagpur/nagpur_180_2024100147.pdf
181,NAGPUR__181__SEC19__Pimpaldhara__11_A_65_2018_2019.pdf,SRC_NAGPUR_181,Nagpur,SECTION_19,SEC19,Pimpaldhara,N/A,11/A-65/2018-2019,N/A,2024-09-06,1.83,e8ddedd84812c32410e68cf27c2281002bc72263eff644112cb38295fdb77ac7,https://cdn.s3waas.gov.in/s3d1f491a404d6854880943e5c3cd9ca25/uploads/2024/09/2024090678.pdf,raw_documents/nagpur/nagpur_181_2024090678.pdf
182,NAGPUR__182__NOTICE__Nagpur__23_A_65_2022_2023.pdf,SRC_NAGPUR_182,Nagpur,GENERAL_NOTICE,NOTICE,Nagpur,Nagpur,23/A-65/2022-2023,N/A,2024-08-22,6.28,fc8a480b81b383939fabaa94128c2015f047ca589e2660ba4f016a5c9eab03c9,https://cdn.s3waas.gov.in/s3d1f491a404d6854880943e5c3cd9ca25/uploads/2024/08/2024082225.pdf,raw_documents/nagpur/nagpur_182_2024082225.pdf
183,NAGPUR__183__DIR_PURCHASE__Ruyad__34_A_65_2023_2024.pdf,SRC_NAGPUR_183,Nagpur,DIRECT_PURCHASE,DIR_PURCHASE,Ruyad,Kuhi,34/A-65/2023-2024,N/A,2024-08-22,0.73,72613cbbbaffd163d7e682c426c16ae2a7521aed69ff2f142a7ce93d254c9b3d,https://cdn.s3waas.gov.in/s3d1f491a404d6854880943e5c3cd9ca25/uploads/2024/08/2024082287.pdf,raw_documents/nagpur/nagpur_183_2024082287.pdf
184,NAGPUR__184__DIR_PURCHASE__Gorha__27_A_65_2022_2023.pdf,SRC_NAGPUR_184,Nagpur,DIRECT_PURCHASE,DIR_PURCHASE,Gorha,Kuhi,27/A-65/2022-2023,N/A,2024-08-14,1.01,e8790cde41c95187e24ee5f593a3fa7172e19f314b2b98d2395016b58a72b78f,https://cdn.s3waas.gov.in/s3d1f491a404d6854880943e5c3cd9ca25/uploads/2024/08/2024081453.pdf,raw_documents/nagpur/nagpur_184_2024081453.pdf
185,NAGPUR__185__SEC11__Shivangaon__20_A_65_2023_24.pdf,SRC_NAGPUR_185,Nagpur,SECTION_11,SEC11,Shivangaon,Nagpur (City),20/A-65/2023-24,N/A,2024-08-08,1.62,2a84a6e33b315c6533c20a66e563dd808f810f6e85ac9a7159669f715ca61590,https://cdn.s3waas.gov.in/s3d1f491a404d6854880943e5c3cd9ca25/uploads/2024/08/2024080817.pdf,raw_documents/nagpur/nagpur_185_2024080817.pdf
186,NAGPUR__186__SEC19__Chikhali_Devasthan__14_A_65_2023_24.pdf,SRC_NAGPUR_186,Nagpur,SECTION_19,SEC19,Chikhali(Devasthan),Nagpur (City),14/A-65/2023-24,N/A,2024-08-08,0.91,9693a99a9c23897be3b0734de1a3d44ab833ebdf2d68ba9d96cc94d33faaff9c,https://cdn.s3waas.gov.in/s3d1f491a404d6854880943e5c3cd9ca25/uploads/2024/08/2024080888.pdf,raw_documents/nagpur/nagpur_186_2024080888.pdf
187,NAGPUR__187__NOTICE__Nagpur__03_A_65.pdf,SRC_NAGPUR_187,Nagpur,GENERAL_NOTICE,NOTICE,Nagpur,Nagpur City,03/A-65,N/A,2024-08-06,0.87,9db3d31277c82228fa60b5230de4868e0004d71fefc3b85b6422eb0c81a38ddf,https://cdn.s3waas.gov.in/s3d1f491a404d6854880943e5c3cd9ca25/uploads/2024/08/2024080652.pdf,raw_documents/nagpur/nagpur_187_2024080652.pdf
188,NAGPUR__188__NOTICE__24_A_65_2022_23.pdf,SRC_NAGPUR_188,Nagpur,GENERAL_NOTICE,NOTICE,N/A,N/A,24/A-65/2022-23,N/A,2024-07-29,2.36,28929a4afc67ee60921b5b4a92157c51b939a61a71d967c50f7007136ff7af51,https://cdn.s3waas.gov.in/s3d1f491a404d6854880943e5c3cd9ca25/uploads/2024/07/2024072992.pdf,raw_documents/nagpur/nagpur_188_2024072992.pdf
189,NAGPUR__189__NOTICE__02_A_65.pdf,SRC_NAGPUR_189,Nagpur,GENERAL_NOTICE,NOTICE,N/A,N/A,02/A-65,N/A,2024-07-10,9.15,3fd9725435ea06ff114ad775ce08023a6c301f341da2dbec8cfd367ccf374a37,https://cdn.s3waas.gov.in/s3d1f491a404d6854880943e5c3cd9ca25/uploads/2024/07/2024071086.pdf,raw_documents/nagpur/nagpur_189_2024071086.pdf
190,NAGPUR__190__DIR_PURCHASE__Ruyad__21_A_65_2022_2023.pdf,SRC_NAGPUR_190,Nagpur,DIRECT_PURCHASE,DIR_PURCHASE,Ruyad,Kuhi,21/A-65/2022-2023,N/A,2024-06-25,2.42,5297b4de6647dafaed253c9e6e3ac44fa7e65196050b364b75f2178c9f35c699,https://cdn.s3waas.gov.in/s3d1f491a404d6854880943e5c3cd9ca25/uploads/2024/06/2024062591.pdf,raw_documents/nagpur/nagpur_190_2024062591.pdf
191,NAGPUR__191__DIR_PURCHASE__Ruyad__19_A_65_2022_2023.pdf,SRC_NAGPUR_191,Nagpur,DIRECT_PURCHASE,DIR_PURCHASE,Ruyad,Kuhi,19/A-65/2022-2023,N/A,2024-06-25,1.33,6c741fb6340e4d883249a3579de0750cdaf831f3b87c0bb500e9e8a65518c12d,https://cdn.s3waas.gov.in/s3d1f491a404d6854880943e5c3cd9ca25/uploads/2024/06/2024062596.pdf,raw_documents/nagpur/nagpur_191_2024062596.pdf
192,NAGPUR__192__SEC19__Pimparada_Rithi__31_A_65_2023_24.pdf,SRC_NAGPUR_192,Nagpur,SECTION_19,SEC19,Pimparada(Rithi),Bhiwapur,31/A-65/2023-24,N/A,2024-04-30,1.18,c892c2be7fba991586336d7625b421a1dfa3d4b23c4175b7eb82f8028a1a24c9,https://cdn.s3waas.gov.in/s3d1f491a404d6854880943e5c3cd9ca25/uploads/2024/04/2024043081.pdf,raw_documents/nagpur/nagpur_192_2024043081.pdf
193,NAGPUR__193__SEC19__Gondbori__33_A_65_2023_24.pdf,SRC_NAGPUR_193,Nagpur,SECTION_19,SEC19,Gondbori,Bhiwapur,33/A-65/2023-24,N/A,2024-04-30,1.15,e3933faa529d0d4e2be0ccba8a23ac16c7d472aa175e586b6ec1dcb147bc0279,https://cdn.s3waas.gov.in/s3d1f491a404d6854880943e5c3cd9ca25/uploads/2024/04/2024043073.pdf,raw_documents/nagpur/nagpur_193_2024043073.pdf
194,NAGPUR__194__SEC19__Gondbori__32_A_65_2023_24.pdf,SRC_NAGPUR_194,Nagpur,SECTION_19,SEC19,Gondbori,Bhiwapur,32/A-65/2023-24,N/A,2024-04-30,1.25,8fff453c7281e36ef5ca6c6bdb1c1269e4f28f31fb4cf2f71655b851c987358f,https://cdn.s3waas.gov.in/s3d1f491a404d6854880943e5c3cd9ca25/uploads/2024/04/2024043026.pdf,raw_documents/nagpur/nagpur_194_2024043026.pdf
195,NAGPUR__195__SEC11__Sawangi__30_A_65_2023_24.pdf,SRC_NAGPUR_195,Nagpur,SECTION_11,SEC11,Sawangi,Kuhi,30/A-65/2023-24,N/A,2024-03-14,1.47,18580feb9da24cacde4129c5f6a4b4ea6f051dfab03a212cd7b3f5a1a5719678,https://cdn.s3waas.gov.in/s3d1f491a404d6854880943e5c3cd9ca25/uploads/2024/03/2024031446.pdf,raw_documents/nagpur/nagpur_195_2024031446.pdf
196,NAGPUR__196__SEC11__chapegadi_Rithi__29_A_65_2023_24.pdf,SRC_NAGPUR_196,Nagpur,SECTION_11,SEC11,chapegadi(Rithi),Kuhi,29/A-65/2023-24,N/A,2024-03-14,1.13,b9a1f33227e24d99ab55c6a524fdaf60644e6f8cdfa59c1787b81b781722dd22,https://cdn.s3waas.gov.in/s3d1f491a404d6854880943e5c3cd9ca25/uploads/2024/03/2024031436.pdf,raw_documents/nagpur/nagpur_196_2024031436.pdf
197,NAGPUR__197__SEC11__Chapeghat_Rithi__28_A_65_2023_24.pdf,SRC_NAGPUR_197,Nagpur,SECTION_11,SEC11,Chapeghat (Rithi),Kuhi,28/A-65/2023-24,N/A,2024-03-14,1.16,624daa181d415afe2b4e30599bf582ab55b7c40cdd6a212a4ff746f3ec664864,https://cdn.s3waas.gov.in/s3d1f491a404d6854880943e5c3cd9ca25/uploads/2024/03/2024031445.pdf,raw_documents/nagpur/nagpur_197_2024031445.pdf
198,NAGPUR__198__SEC19__02_A_65_2023_24.pdf,SRC_NAGPUR_198,Nagpur,SECTION_19,SEC19,N/A,N/A,02/A-65/2023-24,N/A,2024-03-14,1.1,1cba51e37d528746595f0119d33f9834bd83a7806943e2b72d398c4b7e6c6437,https://cdn.s3waas.gov.in/s3d1f491a404d6854880943e5c3cd9ca25/uploads/2024/03/2024031488.pdf,raw_documents/nagpur/nagpur_198_2024031488.pdf
199,NAGPUR__199__NOTICE__Wanadongri__2_A_65_2023_24.pdf,SRC_NAGPUR_199,Nagpur,GENERAL_NOTICE,NOTICE,Wanadongri,Hingna,2/A-65/2023-24,N/A,2024-03-13,0.64,0bd7a26794fe9bdaa182094cf5770f213a57b7eb37c9ad0d185027ad966c0e1c,https://cdn.s3waas.gov.in/s3d1f491a404d6854880943e5c3cd9ca25/uploads/2024/03/20240313100.pdf,raw_documents/nagpur/nagpur_199_20240313100.pdf
200,NAGPUR__200__NOTICE__Wanadongri__1_A_65_2023_24.pdf,SRC_NAGPUR_200,Nagpur,GENERAL_NOTICE,NOTICE,Wanadongri,Hingna,1/A-65/2023-24,N/A,2024-03-13,0.4,a53107fea2e611b07a1a273c4d78ca4beb573a7fddb5f26793346d41457dc441,https://cdn.s3waas.gov.in/s3d1f491a404d6854880943e5c3cd9ca25/uploads/2024/03/2024031330.pdf,raw_documents/nagpur/nagpur_200_2024031330.pdf
201,NAGPUR__201__SEC19__Pimpladhara__15_A_65_2018_2019.pdf,SRC_NAGPUR_201,Nagpur,SECTION_19,SEC19,Pimpladhara,N/A,15/A-65/2018-2019,N/A,2024-03-07,4.88,3c7df5bc793d4c576a30c8fda05b253c21733b099d718a68e1fd758dbcc71b9a,https://cdn.s3waas.gov.in/s3d1f491a404d6854880943e5c3cd9ca25/uploads/2024/03/2024030737.pdf,raw_documents/nagpur/nagpur_201_2024030737.pdf
202,NAGPUR__202__NOTICE__02_A_65_2022_2023.pdf,SRC_NAGPUR_202,Nagpur,GENERAL_NOTICE,NOTICE,N/A,N/A,02/A-65/2022-2023,N/A,2024-03-05,0.35,31b32b114a16ba1ff90900cfc5396fa9abd5a0b040c3d1009feb059839c437ee,https://cdn.s3waas.gov.in/s3d1f491a404d6854880943e5c3cd9ca25/uploads/2024/03/2024030575.pdf,raw_documents/nagpur/nagpur_202_2024030575.pdf
203,NAGPUR__203__SEC11__14_A_65_2023_2024.pdf,SRC_NAGPUR_203,Nagpur,SECTION_11,SEC11,N/A,Nagpur(City),14/A-65/2023-2024,N/A,2024-02-27,0.81,5b109c611233cde849ff893b2b5b5b12ee9151fd1e6a89e9f01ec8636d4a8319,https://cdn.s3waas.gov.in/s3d1f491a404d6854880943e5c3cd9ca25/uploads/2024/02/2024022930.pdf,raw_documents/nagpur/nagpur_203_2024022930.pdf
204,NAGPUR__204__DIR_PURCHASE__Adyal__17_A_65_2022_23.pdf,SRC_NAGPUR_204,Nagpur,DIRECT_PURCHASE,DIR_PURCHASE,Adyal,Bhivapur,17/A-65/2022-23,N/A,2024-02-22,3.09,e1b2e921a16f285b10ea22bd8141287ee33f481178b899a63d10b7d7239d8077,https://cdn.s3waas.gov.in/s3d1f491a404d6854880943e5c3cd9ca25/uploads/2024/02/2024022831.pdf,raw_documents/nagpur/nagpur_204_2024022831.pdf
205,NAGPUR__205__NOTICE__Mokhala__01_A_65_2020_2021.pdf,SRC_NAGPUR_205,Nagpur,GENERAL_NOTICE,NOTICE,Mokhala,Bhivapur,01/A-65/2020-2021,N/A,2024-01-31,5.07,5fd5aa9d574687f82bc04ed5547a689b84617d99f90395ffe6bad6d91a189439,https://cdn.s3waas.gov.in/s3d1f491a404d6854880943e5c3cd9ca25/uploads/2024/02/2024020120.pdf,raw_documents/nagpur/nagpur_205_2024020120.pdf
206,NAGPUR__206__SEC19__16_A_65_2022_2023.pdf,SRC_NAGPUR_206,Nagpur,SECTION_19,SEC19,N/A,N/A,16/A-65/2022-2023,N/A,2023-12-22,0.92,b6fa18fc1ea9f3ef8a9b4cce1b54822909aa8b2eb7a172ee080b97f1dce2f434,https://cdn.s3waas.gov.in/s3d1f491a404d6854880943e5c3cd9ca25/uploads/2023/12/2023122268-1.pdf,raw_documents/nagpur/nagpur_206_2023122268-1.pdf
207,NAGPUR__207__SEC19__18_A_65_2022_2023.pdf,SRC_NAGPUR_207,Nagpur,SECTION_19,SEC19,N/A,N/A,18/A-65/2022-2023,N/A,2023-12-22,0.96,dd234eea421b7b2fa9ec423463d7f740fecf8b842f5c0d1388700fe99bae0010,https://cdn.s3waas.gov.in/s3d1f491a404d6854880943e5c3cd9ca25/uploads/2023/12/2023122268.pdf,raw_documents/nagpur/nagpur_207_2023122268.pdf
208,PUNE__208__NOTICE__807_B.pdf,SRC_PUNE_208,Pune,GENERAL_NOTICE,NOTICE,N/A,N/A,807/B,N/A,2026-09-04,0.18,0617be75328774c87e6523dd5424b79fcd934ce1bcc061d494c22c7a620e75d2,https://cdn.s3waas.gov.in/s3ffeabd223de0d4eacb9a3e6e53e5448d/uploads/2026/09/17900791641133.pdf,raw_documents/pune/pune_208_17900791641133.pdf
209,PUNE__209__NOTICE__Urban_Development_Pl__Borhadewadi.pdf,SRC_PUNE_209,Pune,GENERAL_NOTICE,NOTICE,Borhadewadi,Haveli,UNSPECIFIED,Urban Development Plan (DP) Road Widening,2026-09-10,0.88,673a718813d28d353161a8c6f2672162d764af97f30972ce5616018c171c449b,https://cdn.s3waas.gov.in/s3ffeabd223de0d4eacb9a3e6e53e5448d/uploads/2026/09/17899863254024.pdf,raw_documents/pune/pune_209_17899863254024.pdf
210,PUNE__210__NOTICE__Urban_Development_Pl__Moshi.pdf,SRC_PUNE_210,Pune,GENERAL_NOTICE,NOTICE,Moshi,Haveli,UNSPECIFIED,Urban Development Plan (DP) Road Widening,2026-09-10,1.32,ae2059ba9e3cfa1267b240a5fbf3c6b78b51c1ec5cae0b1e14c93cd7e1347253,https://cdn.s3waas.gov.in/s3ffeabd223de0d4eacb9a3e6e53e5448d/uploads/2026/09/17899863437096.pdf,raw_documents/pune/pune_210_17899863437096.pdf
211,PUNE__211__NOTICE__Urban_Development_Pl.pdf,SRC_PUNE_211,Pune,GENERAL_NOTICE,NOTICE,N/A,N/A,UNSPECIFIED,Urban Development Plan (DP) Road Widening,2026-09-10,1.02,76c2b46586d7e57a5c8ea0120309708eaff3bdeb4d7cc421123ea81dffcee3d9,https://cdn.s3waas.gov.in/s3ffeabd223de0d4eacb9a3e6e53e5448d/uploads/2026/09/17899863549723.pdf,raw_documents/pune/pune_211_17899863549723.pdf
212,PUNE__212__SEC11__Urban_Development_Pl__46_5.pdf,SRC_PUNE_212,Pune,SECTION_11,SEC11,N/A,Haweli,46/5,Urban Development Plan (DP) Road Widening,2026-08-25,5.52,c6a86e27fc29144d3b524e24d81bb0b5c7b7051996a8e105b8257a45bd508e57,https://cdn.s3waas.gov.in/s3ffeabd223de0d4eacb9a3e6e53e5448d/uploads/2026/08/17879183061101.pdf,raw_documents/pune/pune_212_17879183061101.pdf
213,PUNE__213__SEC11.pdf,SRC_PUNE_213,Pune,SECTION_11,SEC11,N/A,N/A,UNSPECIFIED,N/A,2026-08-14,3.46,71117eead784af146a2c542e1af074ddb8a984a31f12ab9f287e29c11feb73ca,https://cdn.s3waas.gov.in/s3ffeabd223de0d4eacb9a3e6e53e5448d/uploads/2026/08/17867130795298.pdf,raw_documents/pune/pune_213_17867130795298.pdf
214,PUNE__214__AWARD.pdf,SRC_PUNE_214,Pune,AWARD,AWARD,N/A,N/A,UNSPECIFIED,N/A,2026-07-31,7.82,92ed6aa699ba0be00e6727339fd6d291636649f740e08fde9b36d6dd7a9a7d1a,https://cdn.s3waas.gov.in/s3ffeabd223de0d4eacb9a3e6e53e5448d/uploads/2026/08/17863548436664.pdf,raw_documents/pune/pune_214_17863548436664.pdf
215,PUNE__215__AWARD.pdf,SRC_PUNE_215,Pune,AWARD,AWARD,N/A,N/A,UNSPECIFIED,N/A,2026-07-31,5.95,c2cf2ab40e94fbe32bd3181fd53a7aa6959c31e77c242c4dce5feef9d6616d80,https://cdn.s3waas.gov.in/s3ffeabd223de0d4eacb9a3e6e53e5448d/uploads/2026/08/17863545206911.pdf,raw_documents/pune/pune_215_17863545206911.pdf
216,PUNE__216__AWARD.pdf,SRC_PUNE_216,Pune,AWARD,AWARD,N/A,N/A,UNSPECIFIED,N/A,2026-07-31,8.07,f0ef3ce182b1b3ec514aa2126846be3d5eb818e51d8a4d4a24ff72d31761626d,https://cdn.s3waas.gov.in/s3ffeabd223de0d4eacb9a3e6e53e5448d/uploads/2026/08/17863543499967.pdf,raw_documents/pune/pune_216_17863543499967.pdf
217,PUNE__217__AWARD.pdf,SRC_PUNE_217,Pune,AWARD,AWARD,N/A,N/A,UNSPECIFIED,N/A,2026-07-31,5.17,4071f6efed93d4b2e10f2e1608b1d51c15d83254bf1c9d4410e3657c1d85520d,https://cdn.s3waas.gov.in/s3ffeabd223de0d4eacb9a3e6e53e5448d/uploads/2026/08/17863542082258.pdf,raw_documents/pune/pune_217_17863542082258.pdf
218,PUNE__218__AWARD.pdf,SRC_PUNE_219,Pune,AWARD,AWARD,N/A,N/A,UNSPECIFIED,N/A,2026-07-31,5.9,a48b5fc8f1bd61ed4bd7a8a6b82af967625c1749e53236b4c571674d57f51a2d,https://cdn.s3waas.gov.in/s3ffeabd223de0d4eacb9a3e6e53e5448d/uploads/2026/08/17863538322715.pdf,raw_documents/pune/pune_219_17863538322715.pdf
219,PUNE__219__NOTICE__Nira_Devghar_Irrigat__Salav.pdf,SRC_PUNE_220,Pune,GENERAL_NOTICE,NOTICE,Salav,Bhor,UNSPECIFIED,Nira Devghar Irrigation Project,2026-06-15,2.71,878146f1705f8e03dc6a20679e7574746b6fae02f326a615df0f3a233e72f5ef,https://cdn.s3waas.gov.in/s3ffeabd223de0d4eacb9a3e6e53e5448d/uploads/2026/06/17827317674201.pdf,raw_documents/pune/pune_220_17827317674201.pdf
220,PUNE__220__NOTICE__Ambadvet.pdf,SRC_PUNE_221,Pune,GENERAL_NOTICE,NOTICE,Ambadvet,Mulshi,UNSPECIFIED,N/A,2026-06-29,2.59,adcaeae876c8dfa0a15308c12c03acc3088dd91861e30bd4d98ac2905777eb13,https://cdn.s3waas.gov.in/s3ffeabd223de0d4eacb9a3e6e53e5448d/uploads/2026/06/17827290338678.pdf,raw_documents/pune/pune_221_17827290338678.pdf
221,PUNE__221__NOTICE__Nira_Devghar_Irrigat__Parhar_Khurd.pdf,SRC_PUNE_222,Pune,GENERAL_NOTICE,NOTICE,Parhar Khurd,Bhor,UNSPECIFIED,Nira Devghar Irrigation Project,2026-06-05,5.86,04feafcc108295a511259e376227a9c2e9c234a851706fb3beaf0ce4fae06bd8,https://cdn.s3waas.gov.in/s3ffeabd223de0d4eacb9a3e6e53e5448d/uploads/2026/06/17806566758765.pdf,raw_documents/pune/pune_222_17806566758765.pdf
222,PUNE__222__NOTICE__Nira_Devghar_Irrigat__Salav.pdf,SRC_PUNE_223,Pune,GENERAL_NOTICE,NOTICE,Salav,Bhor,UNSPECIFIED,Nira Devghar Irrigation Project,2026-06-05,1.52,78fbd815b1fb42644d7cc3b23d686b2690065e6321fc281b2bde0a2c2cced9fa,https://cdn.s3waas.gov.in/s3ffeabd223de0d4eacb9a3e6e53e5448d/uploads/2026/06/17806538017755.pdf,raw_documents/pune/pune_223_17806538017755.pdf
223,PUNE__223__NOTICE__National_Highway_NH___Nhavara.pdf,SRC_PUNE_224,Pune,GENERAL_NOTICE,NOTICE,Nhavara,Shirur,UNSPECIFIED,National Highway NH-548-D,2026-05-15,1.29,5c8a0c744b93300fbfd5944a1581e115afe10bc0815d640b6238f3e1455760e9,https://cdn.s3waas.gov.in/s3ffeabd223de0d4eacb9a3e6e53e5448d/uploads/2026/05/17791885608776.pdf,raw_documents/pune/pune_224_17791885608776.pdf
224,PUNE__224__NOTICE__National_Highway_NH___Shikrapur.pdf,SRC_PUNE_225,Pune,GENERAL_NOTICE,NOTICE,Shikrapur,Shirur,UNSPECIFIED,National Highway NH-548-D,2026-05-15,3.16,251ac51f49b5b01c59722a6e3a722b94f8d5927041d6601febd990f568022738,https://cdn.s3waas.gov.in/s3ffeabd223de0d4eacb9a3e6e53e5448d/uploads/2026/05/17791883103206.pdf,raw_documents/pune/pune_225_17791883103206.pdf
225,PUNE__225__NOTICE__National_Highway_NH___Kasari.pdf,SRC_PUNE_226,Pune,GENERAL_NOTICE,NOTICE,Kasari,Shirur,UNSPECIFIED,National Highway NH-548-D,2026-05-15,7.66,880ba5184beff46d006f3b286923dcd5f804565ab44bc0a92012f857681209e0,https://cdn.s3waas.gov.in/s3ffeabd223de0d4eacb9a3e6e53e5448d/uploads/2026/05/17791879613777.pdf,raw_documents/pune/pune_226_17791879613777.pdf
226,PUNE__226__NOTICE__National_Highway_NH___Bandgarwadi.pdf,SRC_PUNE_227,Pune,GENERAL_NOTICE,NOTICE,Bandgarwadi,Indapur,UNSPECIFIED,National Highway NH-9,2026-05-15,4.22,2edcdc9437a67f5ba37dd468ff3e8bf74d11e052e6800ada9974774969b6dd38,https://cdn.s3waas.gov.in/s3ffeabd223de0d4eacb9a3e6e53e5448d/uploads/2026/05/17790905954433.pdf,raw_documents/pune/pune_227_17790905954433.pdf
227,PUNE__227__SEC11__Urban_Development_Pl.pdf,SRC_PUNE_228,Pune,SECTION_11,SEC11,N/A,Pune City,UNSPECIFIED,Urban Development Plan (DP) Road Widening,2026-05-04,8.79,3df793f5d48c4d4539258d1e49c7b17ad8f326a668712f2c5c818feda5edf974,https://cdn.s3waas.gov.in/s3ffeabd223de0d4eacb9a3e6e53e5448d/uploads/2026/05/17779791647651.pdf,raw_documents/pune/pune_228_17779791647651.pdf
228,PUNE__228__AWARD__Urban_Development_Pl.pdf,SRC_PUNE_229,Pune,AWARD,AWARD,N/A,N/A,UNSPECIFIED,Urban Development Plan (DP) Road Widening,2026-04-27,8.79,6311a2fd2eb7ce7eadcd30818ebd2c8d5b81e01699f5c9e4a7015b74c7d4387e,https://cdn.s3waas.gov.in/s3ffeabd223de0d4eacb9a3e6e53e5448d/uploads/2026/05/17778779739595.pdf,raw_documents/pune/pune_229_17778779739595.pdf
229,PUNE__229__NOTICE__Urban_Development_Pl__23_3.pdf,SRC_PUNE_230,Pune,GENERAL_NOTICE,NOTICE,N/A,Haveli,23/3,Urban Development Plan (DP) Road Widening,2026-03-09,0.57,5acb93dbaf6a6b1692a14c7c59cf718413e528c46bc6601101c773f4db177b72,https://cdn.s3waas.gov.in/s3ffeabd223de0d4eacb9a3e6e53e5448d/uploads/2026/03/17733109989773.pdf,raw_documents/pune/pune_230_17733109989773.pdf
230,PUNE__230__NOTICE__Urban_Development_Pl__2_3.pdf,SRC_PUNE_231,Pune,GENERAL_NOTICE,NOTICE,N/A,Haveli,2/3,Urban Development Plan (DP) Road Widening,2026-02-05,8.79,69189bdc118b26126c351f0c6c698bacf4d283378c0e5b4a02087c454f4b3f38,https://cdn.s3waas.gov.in/s3ffeabd223de0d4eacb9a3e6e53e5448d/uploads/2026/02/17703641267695.pdf,raw_documents/pune/pune_231_17703641267695.pdf
231,PUNE__231__NOTICE.pdf,SRC_PUNE_232,Pune,GENERAL_NOTICE,NOTICE,N/A,N/A,UNSPECIFIED,N/A,2025-09-25,3.68,4b4db760b690539dc38f6de1db82a7c637ee9d47d59a7f7d42d689af414991d7,https://cdn.s3waas.gov.in/s3ffeabd223de0d4eacb9a3e6e53e5448d/uploads/2025/09/17591337046966.pdf,raw_documents/pune/pune_232_17591337046966.pdf
232,PUNE__232__NOTICE.pdf,SRC_PUNE_233,Pune,GENERAL_NOTICE,NOTICE,N/A,N/A,UNSPECIFIED,N/A,2025-09-17,9.89,404026fa8c08ec2606ed85dac700a8fc537d7dd239ab2c41971e1207ffe08034,https://cdn.s3waas.gov.in/s3ffeabd223de0d4eacb9a3e6e53e5448d/uploads/2025/09/17582885799560.pdf,raw_documents/pune/pune_233_17582885799560.pdf
233,PUNE__233__NOTICE.pdf,SRC_PUNE_234,Pune,GENERAL_NOTICE,NOTICE,N/A,N/A,UNSPECIFIED,N/A,2025-09-10,4.27,8789cae3fd8721ca2b542e7e0b54e4792d6093747427dd90d50c445a85b3d9cf,https://cdn.s3waas.gov.in/s3ffeabd223de0d4eacb9a3e6e53e5448d/uploads/2025/09/17575732762960.pdf,raw_documents/pune/pune_234_17575732762960.pdf
234,PUNE__234__AWARD.pdf,SRC_PUNE_235,Pune,AWARD,AWARD,N/A,Haveli,UNSPECIFIED,N/A,2025-08-28,7.19,a268f46f23dc2370347864e070809d0727b376552ccc97e3d2975cebdc29a6d7,https://cdn.s3waas.gov.in/s3ffeabd223de0d4eacb9a3e6e53e5448d/uploads/2025/09/17569841999532.pdf,raw_documents/pune/pune_235_17569841999532.pdf
235,PUNE__235__NOTICE.pdf,SRC_PUNE_236,Pune,GENERAL_NOTICE,NOTICE,N/A,N/A,UNSPECIFIED,N/A,2025-09-03,0.42,61d810e677713556653e266c67e3155dd73df6e1461b54e6f36a1eccadce613b,https://cdn.s3waas.gov.in/s3ffeabd223de0d4eacb9a3e6e53e5448d/uploads/2025/09/17568867412811.pdf,raw_documents/pune/pune_236_17568867412811.pdf
236,PUNE__236__NOTICE.pdf,SRC_PUNE_237,Pune,GENERAL_NOTICE,NOTICE,N/A,N/A,UNSPECIFIED,N/A,2025-08-04,6.97,e9d8e6d3e2987148e003ca24e078d7de14cda7070f9c241c3b037c7006dd533d,https://cdn.s3waas.gov.in/s3ffeabd223de0d4eacb9a3e6e53e5448d/uploads/2025/08/17542941301650.pdf,raw_documents/pune/pune_237_17542941301650.pdf
237,PUNE__237__NOTICE.pdf,SRC_PUNE_238,Pune,GENERAL_NOTICE,NOTICE,N/A,N/A,UNSPECIFIED,N/A,2025-07-21,7.83,102d5087ed321a1446eb6010372eb20fd407232144651bea4134299dc4af83a9,https://cdn.s3waas.gov.in/s3ffeabd223de0d4eacb9a3e6e53e5448d/uploads/2025/07/17534301506668.pdf,raw_documents/pune/pune_238_17534301506668.pdf
238,PUNE__238__NOTICE__584_1.pdf,SRC_PUNE_239,Pune,GENERAL_NOTICE,NOTICE,N/A,N/A,584/1,N/A,2025-07-21,4.05,126de2d4c275ed956832f153e87d56f2d40a164bad402e0d523828ddc133a707,https://cdn.s3waas.gov.in/s3ffeabd223de0d4eacb9a3e6e53e5448d/uploads/2025/07/17534295588795.pdf,raw_documents/pune/pune_239_17534295588795.pdf
239,PUNE__239__NOTICE.pdf,SRC_PUNE_240,Pune,GENERAL_NOTICE,NOTICE,N/A,N/A,UNSPECIFIED,N/A,2025-07-17,4.18,79d44fc478da8308f36e7b731f9f3a720e815c9ab188619aafe6cd641498b9a0,https://cdn.s3waas.gov.in/s3ffeabd223de0d4eacb9a3e6e53e5448d/uploads/2025/07/17531722957596.pdf,raw_documents/pune/pune_240_17531722957596.pdf
240,PUNE__240__AWARD.pdf,SRC_PUNE_241,Pune,AWARD,AWARD,N/A,N/A,UNSPECIFIED,N/A,2025-07-17,4.45,4552dd216ee2176b389ec5b76fb465e20b116996c50143731ca548cabe80226f,https://cdn.s3waas.gov.in/s3ffeabd223de0d4eacb9a3e6e53e5448d/uploads/2025/07/17531720671843.pdf,raw_documents/pune/pune_241_17531720671843.pdf
241,PUNE__241__NOTICE.pdf,SRC_PUNE_242,Pune,GENERAL_NOTICE,NOTICE,N/A,N/A,UNSPECIFIED,N/A,2025-06-06,7.41,f7a69055a5fcd0ac078bf2b6502c6e843b559b2aa8811f29aa941c6dd1226e19,https://cdn.s3waas.gov.in/s3ffeabd223de0d4eacb9a3e6e53e5448d/uploads/2025/07/2025070426.pdf,raw_documents/pune/pune_242_2025070426.pdf
242,PUNE__242__NOTICE.pdf,SRC_PUNE_243,Pune,GENERAL_NOTICE,NOTICE,N/A,N/A,UNSPECIFIED,N/A,2025-06-27,5.34,45886aa14e2b94e8a4612de3c6263d4f9890aba8886139179e2a44debb35f739,https://cdn.s3waas.gov.in/s3ffeabd223de0d4eacb9a3e6e53e5448d/uploads/2025/07/2025070256.pdf,raw_documents/pune/pune_243_2025070256.pdf
243,PUNE__243__NOTICE.pdf,SRC_PUNE_244,Pune,GENERAL_NOTICE,NOTICE,N/A,N/A,UNSPECIFIED,N/A,2025-06-27,6.87,f528e798166ad481a2bfc071c49cdd3fdff4e2aa19aa361f758fca503395c43d,https://cdn.s3waas.gov.in/s3ffeabd223de0d4eacb9a3e6e53e5448d/uploads/2025/07/2025070250.pdf,raw_documents/pune/pune_244_2025070250.pdf
244,PUNE__244__AWARD.pdf,SRC_PUNE_245,Pune,AWARD,AWARD,N/A,N/A,UNSPECIFIED,N/A,2025-06-06,8.66,8f65e9f9a3a407a5bd8a530629d92235703b80da8e24ced765b3441cb0907528,https://cdn.s3waas.gov.in/s3ffeabd223de0d4eacb9a3e6e53e5448d/uploads/2025/06/2025062612.pdf,raw_documents/pune/pune_245_2025062612.pdf
245,PUNE__245__NOTICE.pdf,SRC_PUNE_246,Pune,GENERAL_NOTICE,NOTICE,N/A,N/A,UNSPECIFIED,N/A,2025-06-06,4.73,9f85b367c3707ccc9a561b3893d41f4137df9092912852feb1566194a0c30567,https://cdn.s3waas.gov.in/s3ffeabd223de0d4eacb9a3e6e53e5448d/uploads/2025/06/2025062646.pdf,raw_documents/pune/pune_246_2025062646.pdf
246,PUNE__246__NOTICE.pdf,SRC_PUNE_247,Pune,GENERAL_NOTICE,NOTICE,N/A,N/A,UNSPECIFIED,N/A,2025-04-17,4.72,7b29e87afd4c6d8c83308cb61107dcdfee585613402baba26177398ca939b1f7,https://cdn.s3waas.gov.in/s3ffeabd223de0d4eacb9a3e6e53e5448d/uploads/2025/06/2025060362.pdf,raw_documents/pune/pune_247_2025060362.pdf
247,PUNE__247__NOTICE.pdf,SRC_PUNE_248,Pune,GENERAL_NOTICE,NOTICE,N/A,N/A,UNSPECIFIED,N/A,2025-04-21,7.34,820bc4d45cc15ac0968ba8c4d30497c779e8fd89a9ef1291d5ba026f3a029b4a,https://cdn.s3waas.gov.in/s3ffeabd223de0d4eacb9a3e6e53e5448d/uploads/2025/05/2025050280.pdf,raw_documents/pune/pune_248_2025050280.pdf
248,PUNE__248__NOTICE.pdf,SRC_PUNE_249,Pune,GENERAL_NOTICE,NOTICE,N/A,N/A,UNSPECIFIED,N/A,2025-04-21,7.17,05b32938aebc2cdc03f1d21d439ce17e1b827f26c5377c4c37e3f34c5458210a,https://cdn.s3waas.gov.in/s3ffeabd223de0d4eacb9a3e6e53e5448d/uploads/2025/05/20250502100.pdf,raw_documents/pune/pune_249_20250502100.pdf
249,PUNE__249__NOTICE.pdf,SRC_PUNE_250,Pune,GENERAL_NOTICE,NOTICE,N/A,N/A,UNSPECIFIED,N/A,2025-04-21,9.16,a681655306373defeff4c1e37ecac49699c2f29264b995b0630331e9380f5ebf,https://cdn.s3waas.gov.in/s3ffeabd223de0d4eacb9a3e6e53e5448d/uploads/2025/05/2025050287.pdf,raw_documents/pune/pune_250_2025050287.pdf
250,PUNE__250__NOTICE.pdf,SRC_PUNE_251,Pune,GENERAL_NOTICE,NOTICE,N/A,N/A,UNSPECIFIED,N/A,2025-04-04,7.79,d24fbd633a1ad26e68235539d2ebef82cf340342a5915f568fff6bb24d1802fe,https://cdn.s3waas.gov.in/s3ffeabd223de0d4eacb9a3e6e53e5448d/uploads/2025/04/2025043091.pdf,raw_documents/pune/pune_251_2025043091.pdf
251,PUNE__251__NOTICE.pdf,SRC_PUNE_252,Pune,GENERAL_NOTICE,NOTICE,N/A,N/A,UNSPECIFIED,N/A,2025-04-04,7.9,0f19367dbad88320de3d90f7fda58b0c0cda15d52d1e1332f9c9ec3ac9309971,https://cdn.s3waas.gov.in/s3ffeabd223de0d4eacb9a3e6e53e5448d/uploads/2025/04/2025043041.pdf,raw_documents/pune/pune_252_2025043041.pdf
252,PUNE__252__AWARD.pdf,SRC_PUNE_253,Pune,AWARD,AWARD,N/A,khed,UNSPECIFIED,N/A,2025-04-23,5.33,81dadddf12888cbc0ee7cbace8f3eff4486133eaf650febb4056de6401b75f23,https://cdn.s3waas.gov.in/s3ffeabd223de0d4eacb9a3e6e53e5448d/uploads/2025/04/2025042471.pdf,raw_documents/pune/pune_253_2025042471.pdf
253,PUNE__253__NOTICE__Urban_Development_Pl__46_6.pdf,SRC_PUNE_254,Pune,GENERAL_NOTICE,NOTICE,N/A,Haveli,46/6,Urban Development Plan (DP) Road Widening,2025-03-17,5.49,abe76c7d5002dff00e3fcd694a85ce478e6fb4696ca28c9a60cc54e367dd19e6,https://cdn.s3waas.gov.in/s3ffeabd223de0d4eacb9a3e6e53e5448d/uploads/2025/04/2025042116.pdf,raw_documents/pune/pune_254_2025042116.pdf
254,PUNE__254__AWARD.pdf,SRC_PUNE_255,Pune,AWARD,AWARD,N/A,N/A,UNSPECIFIED,N/A,2025-02-27,6.54,d28471ffda7fb1aa13383fb59162bec679ebe9cc37cdd413cc66810b2c244c66,https://cdn.s3waas.gov.in/s3ffeabd223de0d4eacb9a3e6e53e5448d/uploads/2025/03/2025032550.pdf,raw_documents/pune/pune_255_2025032550.pdf
255,PUNE__255__NOTICE.pdf,SRC_PUNE_256,Pune,GENERAL_NOTICE,NOTICE,N/A,N/A,UNSPECIFIED,N/A,2025-02-27,7.29,7c5ef36416d40460646156528685daf649d66a7b678c1800cf141494d046361b,https://cdn.s3waas.gov.in/s3ffeabd223de0d4eacb9a3e6e53e5448d/uploads/2025/03/2025032549.pdf,raw_documents/pune/pune_256_2025032549.pdf
256,PUNE__256__NOTICE.pdf,SRC_PUNE_257,Pune,GENERAL_NOTICE,NOTICE,N/A,HH fOnT,UNSPECIFIED,N/A,2025-02-27,6.35,0f5db64361c49a978acee26639a6d1312e32cace3b6d963f08cdc29bedf9cfc3,https://cdn.s3waas.gov.in/s3ffeabd223de0d4eacb9a3e6e53e5448d/uploads/2025/03/2025032526.pdf,raw_documents/pune/pune_257_2025032526.pdf
257,PUNE__257__NOTICE.pdf,SRC_PUNE_258,Pune,GENERAL_NOTICE,NOTICE,N/A,qgTITFt aNNvq,UNSPECIFIED,N/A,2025-02-27,6.08,b1afdab0bbeb93d25926df2f911a45f5c105ae89b4962b831afa2898e6d54701,https://cdn.s3waas.gov.in/s3ffeabd223de0d4eacb9a3e6e53e5448d/uploads/2025/03/2025032543.pdf,raw_documents/pune/pune_258_2025032543.pdf
258,PUNE__258__NOTICE.pdf,SRC_PUNE_259,Pune,GENERAL_NOTICE,NOTICE,N/A,N/A,UNSPECIFIED,N/A,2025-02-27,8.71,7a78c49230ca959af077e5192dc7f7a0a9c495829b6a128d3f62d7d29aa266ce,https://cdn.s3waas.gov.in/s3ffeabd223de0d4eacb9a3e6e53e5448d/uploads/2025/03/2025032432.pdf,raw_documents/pune/pune_259_2025032432.pdf
259,PUNE__259__NOTICE.pdf,SRC_PUNE_260,Pune,GENERAL_NOTICE,NOTICE,N/A,N/A,UNSPECIFIED,N/A,2025-03-13,4.29,d239f42388d61db71a9cb8554cffcb0a5e2c1950d8d3a2f3c2037c894d59424f,https://cdn.s3waas.gov.in/s3ffeabd223de0d4eacb9a3e6e53e5448d/uploads/2025/03/2025032442.pdf,raw_documents/pune/pune_260_2025032442.pdf
260,PUNE__260__NOTICE.pdf,SRC_PUNE_261,Pune,GENERAL_NOTICE,NOTICE,N/A,N/A,UNSPECIFIED,N/A,2025-03-13,6.42,e071d0bb3589b37c918774d41712e79761c8664a36b29cda3dc47ddf06e2ef3f,https://cdn.s3waas.gov.in/s3ffeabd223de0d4eacb9a3e6e53e5448d/uploads/2025/03/2025032453.pdf,raw_documents/pune/pune_261_2025032453.pdf
261,PUNE__261__NOTICE.pdf,SRC_PUNE_262,Pune,GENERAL_NOTICE,NOTICE,N/A,N/A,UNSPECIFIED,N/A,2025-03-13,5.06,bd43e3f6f438412d3911cb54cfa1160ebc96d20dbe0e67c70eafd2121ec1cc5d,https://cdn.s3waas.gov.in/s3ffeabd223de0d4eacb9a3e6e53e5448d/uploads/2025/03/2025032415.pdf,raw_documents/pune/pune_262_2025032415.pdf
262,PUNE__262__NOTICE.pdf,SRC_PUNE_263,Pune,GENERAL_NOTICE,NOTICE,N/A,N/A,UNSPECIFIED,N/A,2025-03-20,4.46,00c1839ebf18a0a17c671a8dbb0c2d859040fd4ffbae990becb0471d004a70cf,https://cdn.s3waas.gov.in/s3ffeabd223de0d4eacb9a3e6e53e5448d/uploads/2025/03/2025032160.pdf,raw_documents/pune/pune_263_2025032160.pdf
263,PUNE__263__NOTICE.pdf,SRC_PUNE_264,Pune,GENERAL_NOTICE,NOTICE,N/A,N/A,UNSPECIFIED,N/A,2025-03-01,0.84,ae24ab86e16ed4136459baf68d869f329506486f93427d8a23120ecf331a773c,https://cdn.s3waas.gov.in/s3ffeabd223de0d4eacb9a3e6e53e5448d/uploads/2025/03/2025031812.pdf,raw_documents/pune/pune_264_2025031812.pdf
264,PUNE__264__NOTICE.pdf,SRC_PUNE_265,Pune,GENERAL_NOTICE,NOTICE,N/A,N/A,UNSPECIFIED,N/A,2025-03-10,4.04,a667f09da828cef51670df4ef085abb432aad37c98795a840649ac39618ec043,https://cdn.s3waas.gov.in/s3ffeabd223de0d4eacb9a3e6e53e5448d/uploads/2025/03/2025031967.pdf,raw_documents/pune/pune_265_2025031967.pdf
265,PUNE__265__NOTICE.pdf,SRC_PUNE_266,Pune,GENERAL_NOTICE,NOTICE,N/A,N/A,UNSPECIFIED,N/A,2025-03-10,3.67,9360874d25797b8984961b18a43faa22a2e9f5805ad90dcd33400a58bcb47093,https://cdn.s3waas.gov.in/s3ffeabd223de0d4eacb9a3e6e53e5448d/uploads/2025/03/2025031947.pdf,raw_documents/pune/pune_266_2025031947.pdf
266,PUNE__266__NOTICE.pdf,SRC_PUNE_267,Pune,GENERAL_NOTICE,NOTICE,N/A,N/A,UNSPECIFIED,N/A,2025-01-01,0.96,1683e1cc04f1222e5f602fda021062e7e56546be215635a1b2e657459e242b23,https://cdn.s3waas.gov.in/s3ffeabd223de0d4eacb9a3e6e53e5448d/uploads/2025/03/2025031394.pdf,raw_documents/pune/pune_267_2025031394.pdf
267,PUNE__267__NOTICE.pdf,SRC_PUNE_268,Pune,GENERAL_NOTICE,NOTICE,N/A,N/A,UNSPECIFIED,N/A,2025-03-11,0.89,4d94c536eefb75ced875155f68744bf17285da83ff656fa37523e164a767b8a9,https://cdn.s3waas.gov.in/s3ffeabd223de0d4eacb9a3e6e53e5448d/uploads/2025/03/2025031130.pdf,raw_documents/pune/pune_268_2025031130.pdf
268,PUNE__268__NOTICE.pdf,SRC_PUNE_269,Pune,GENERAL_NOTICE,NOTICE,N/A,N/A,UNSPECIFIED,N/A,2025-02-13,8.59,ed631a1be4a5044ba7f7ca4e03a7c47a84b2d6044ab02fda4885a40da15e3be5,https://cdn.s3waas.gov.in/s3ffeabd223de0d4eacb9a3e6e53e5448d/uploads/2025/03/2025031176.pdf,raw_documents/pune/pune_269_2025031176.pdf
269,PUNE__269__AWARD.pdf,SRC_PUNE_270,Pune,AWARD,AWARD,N/A,N/A,UNSPECIFIED,N/A,2025-02-13,5.94,aa77777b644839b89fadaa29fc9bf9adb701359479a980a0e68919d9709f8f2d,https://cdn.s3waas.gov.in/s3ffeabd223de0d4eacb9a3e6e53e5448d/uploads/2025/03/2025031195.pdf,raw_documents/pune/pune_270_2025031195.pdf
270,PUNE__270__NOTICE.pdf,SRC_PUNE_271,Pune,GENERAL_NOTICE,NOTICE,N/A,N/A,UNSPECIFIED,N/A,2025-02-13,8.7,e7c3884c591de360b64f9c6d71c13029ec12529f65f6a2c41b263e43c77d87c3,https://cdn.s3waas.gov.in/s3ffeabd223de0d4eacb9a3e6e53e5448d/uploads/2025/03/2025031145.pdf,raw_documents/pune/pune_271_2025031145.pdf
271,PUNE__271__NOTICE.pdf,SRC_PUNE_272,Pune,GENERAL_NOTICE,NOTICE,N/A,N/A,UNSPECIFIED,N/A,2025-02-13,8.18,80300c03531b14ae40ae8277de78888e97abf781d43aa2c7e6574dca7a5882d1,https://cdn.s3waas.gov.in/s3ffeabd223de0d4eacb9a3e6e53e5448d/uploads/2025/03/2025031148.pdf,raw_documents/pune/pune_272_2025031148.pdf
272,PUNE__272__AWARD.pdf,SRC_PUNE_273,Pune,AWARD,AWARD,N/A,N/A,UNSPECIFIED,N/A,2025-02-13,6.08,efbf711902a8ed44ec9fceb2be6f6b3a801783c88304d32075e3b0ba54850752,https://cdn.s3waas.gov.in/s3ffeabd223de0d4eacb9a3e6e53e5448d/uploads/2025/03/2025031187.pdf,raw_documents/pune/pune_273_2025031187.pdf
273,PUNE__273__NOTICE.pdf,SRC_PUNE_274,Pune,GENERAL_NOTICE,NOTICE,N/A,N/A,UNSPECIFIED,N/A,2025-02-13,8.18,6f0651cd4db3d05ad82d26ebac28f729db5a53f41db291e83314c1f1cc1826d3,https://cdn.s3waas.gov.in/s3ffeabd223de0d4eacb9a3e6e53e5448d/uploads/2025/03/20250311100.pdf,raw_documents/pune/pune_274_20250311100.pdf
274,PUNE__274__NOTICE__Urban_Development_Pl__1_2B.pdf,SRC_PUNE_275,Pune,GENERAL_NOTICE,NOTICE,N/A,Haveli,1/2B,Urban Development Plan (DP) Road Widening,2025-02-20,7.25,eb49b8ab6be13e3961ce3b23963aaaf6233b654fe8efb54b2211fe5b495c8834,https://cdn.s3waas.gov.in/s3ffeabd223de0d4eacb9a3e6e53e5448d/uploads/2025/02/2025022542.pdf,raw_documents/pune/pune_275_2025022542.pdf
275,PUNE__275__NOTICE.pdf,SRC_PUNE_276,Pune,GENERAL_NOTICE,NOTICE,N/A,N/A,UNSPECIFIED,N/A,2025-01-28,8.92,ca3beff0f74374b4da611189c58389e400118d21cc29b5eb3ef3c223a2546f14,https://cdn.s3waas.gov.in/s3ffeabd223de0d4eacb9a3e6e53e5448d/uploads/2025/01/2025012894.pdf,raw_documents/pune/pune_276_2025012894.pdf
276,PUNE__276__NOTICE.pdf,SRC_PUNE_277,Pune,GENERAL_NOTICE,NOTICE,N/A,N/A,UNSPECIFIED,N/A,2025-01-01,4.27,4a3e894d3562fe43e33ced0e88548ddd8f102ad903150585a64e08ee204f45ab,https://cdn.s3waas.gov.in/s3ffeabd223de0d4eacb9a3e6e53e5448d/uploads/2025/01/2025012738.pdf,raw_documents/pune/pune_277_2025012738.pdf
277,PUNE__277__NOTICE.pdf,SRC_PUNE_278,Pune,GENERAL_NOTICE,NOTICE,N/A,N/A,UNSPECIFIED,N/A,2025-01-01,5.15,045a42c69e9298dd1c3666afd6dc4ffae7b6a29f59cadc66fa18517499c89ba3,https://cdn.s3waas.gov.in/s3ffeabd223de0d4eacb9a3e6e53e5448d/uploads/2025/01/2025011713.pdf,raw_documents/pune/pune_278_2025011713.pdf
278,PUNE__278__NOTICE.pdf,SRC_PUNE_279,Pune,GENERAL_NOTICE,NOTICE,N/A,N/A,UNSPECIFIED,N/A,2025-01-01,4.8,6dcb6b3fb11ad1304f8d26c5f748600cf09d16a2e3a68a7dfe8a56acea2d8a7f,https://cdn.s3waas.gov.in/s3ffeabd223de0d4eacb9a3e6e53e5448d/uploads/2025/01/2025011091.pdf,raw_documents/pune/pune_279_2025011091.pdf
279,PUNE__279__AWARD.pdf,SRC_PUNE_280,Pune,AWARD,AWARD,N/A,N/A,UNSPECIFIED,N/A,2024-12-27,6.22,19281d4493ecddbb599cbc4a43163a957236285fa8507975452a536a401e5dcf,https://cdn.s3waas.gov.in/s3ffeabd223de0d4eacb9a3e6e53e5448d/uploads/2025/01/2025010685.pdf,raw_documents/pune/pune_280_2025010685.pdf
280,PUNE__280__NOTICE.pdf,SRC_PUNE_281,Pune,GENERAL_NOTICE,NOTICE,N/A,N/A,UNSPECIFIED,N/A,2024-12-27,7.49,800f99ecaec2ce8651d93b3f427a2e1b8f60be519f9618d8f84914272054fc6a,https://cdn.s3waas.gov.in/s3ffeabd223de0d4eacb9a3e6e53e5448d/uploads/2025/01/2025010628.pdf,raw_documents/pune/pune_281_2025010628.pdf
281,PUNE__281__NOTICE__266_1.pdf,SRC_PUNE_282,Pune,GENERAL_NOTICE,NOTICE,N/A,N/A,266/1,N/A,2025-01-03,6.45,433788258861e0bfeb8ce5975c523c9875ab26a1667cc789b0918eaeb8dbf7f1,https://cdn.s3waas.gov.in/s3ffeabd223de0d4eacb9a3e6e53e5448d/uploads/2025/01/2025010694.pdf,raw_documents/pune/pune_282_2025010694.pdf
282,PUNE__282__NOTICE.pdf,SRC_PUNE_283,Pune,GENERAL_NOTICE,NOTICE,N/A,N/A,UNSPECIFIED,N/A,2024-12-27,7.0,90ac2ddb00d15f6da6075fe5762e72eef95d75bfa65c33b8f0b2d3de7b2b7691,https://cdn.s3waas.gov.in/s3ffeabd223de0d4eacb9a3e6e53e5448d/uploads/2025/01/2025010688.pdf,raw_documents/pune/pune_283_2025010688.pdf
283,PUNE__283__NOTICE.pdf,SRC_PUNE_284,Pune,GENERAL_NOTICE,NOTICE,N/A,N/A,UNSPECIFIED,N/A,2024-12-23,7.05,d6db7fcf5f7adc7868aff03403a8a832d7ad1a835b5dce0cc030ee21c2c24c81,https://cdn.s3waas.gov.in/s3ffeabd223de0d4eacb9a3e6e53e5448d/uploads/2025/01/2025011359.pdf,raw_documents/pune/pune_284_2025011359.pdf
284,PUNE__284__NOTICE.pdf,SRC_PUNE_285,Pune,GENERAL_NOTICE,NOTICE,N/A,N/A,UNSPECIFIED,N/A,2024-12-23,7.55,846e1714e463394b1130ec1285e31086207f5e9898e19d835e114b601ef737f4,https://cdn.s3waas.gov.in/s3ffeabd223de0d4eacb9a3e6e53e5448d/uploads/2024/12/2024122465.pdf,raw_documents/pune/pune_285_2024122465.pdf
285,PUNE__285__NOTICE.pdf,SRC_PUNE_286,Pune,GENERAL_NOTICE,NOTICE,N/A,N/A,UNSPECIFIED,N/A,2024-12-23,2.93,f1983cdde2e423b2172562acf21df1d4c9d4f9b6501ef20593e36b8ef0e20d1e,https://cdn.s3waas.gov.in/s3ffeabd223de0d4eacb9a3e6e53e5448d/uploads/2024/12/2024122434.pdf,raw_documents/pune/pune_286_2024122434.pdf
286,PUNE__286__NOTICE.pdf,SRC_PUNE_287,Pune,GENERAL_NOTICE,NOTICE,N/A,N/A,UNSPECIFIED,N/A,2024-12-23,8.73,c4715353b2788fc063e724096bbb54f996a3d9f39fe1a6a87d742be30b3a8a6e,https://cdn.s3waas.gov.in/s3ffeabd223de0d4eacb9a3e6e53e5448d/uploads/2024/12/2024122432.pdf,raw_documents/pune/pune_287_2024122432.pdf
287,PUNE__287__NOTICE.pdf,SRC_PUNE_288,Pune,GENERAL_NOTICE,NOTICE,N/A,N/A,UNSPECIFIED,N/A,2024-12-23,0.98,f29905476181bbb6ffa0356a33b46e892270d6d423efa7bacd733e351ea3670b,https://cdn.s3waas.gov.in/s3ffeabd223de0d4eacb9a3e6e53e5448d/uploads/2024/12/2024122455.pdf,raw_documents/pune/pune_288_2024122455.pdf
288,PUNE__288__NOTICE.pdf,SRC_PUNE_289,Pune,GENERAL_NOTICE,NOTICE,N/A,N/A,UNSPECIFIED,N/A,2024-12-23,5.76,e8a3a00f4ae90e1ac90e9622310d14065623558513b65bdbf6d128e41ddbfa6a,https://cdn.s3waas.gov.in/s3ffeabd223de0d4eacb9a3e6e53e5448d/uploads/2024/12/2024122430-1.pdf,raw_documents/pune/pune_289_2024122430-1.pdf
289,NASHIK__289__AWARD.pdf,SRC_NASHIK_290,Nashik,AWARD,AWARD,N/A,N/A,UNSPECIFIED,N/A,2026-09-29,6.95,176fa119c8615b5673fb133faeabc49091dc9ae3c058e1df95c618a8d4ef84a3,https://cdn.s3waas.gov.in/s3b3967a0e938dc2a6340e258630febd5a/uploads/2026/09/17906585488404.pdf,raw_documents/nashik/nashik_290_17906585488404.pdf
290,NASHIK__290__SEC11__Ring_Road_Project.pdf,SRC_NASHIK_291,Nashik,SECTION_11,SEC11,N/A,N/A,UNSPECIFIED,Ring Road Project,2026-07-29,0.67,49553834287329eb229233e65c07f836adc9a504b974dbc38a3110a7f9764b99,https://cdn.s3waas.gov.in/s3b3967a0e938dc2a6340e258630febd5a/uploads/2026/07/17853111012781.pdf,raw_documents/nashik/nashik_291_17853111012781.pdf
291,NASHIK__291__SEC11__Ring_Road_Project.pdf,SRC_NASHIK_292,Nashik,SECTION_11,SEC11,N/A,N/A,UNSPECIFIED,Ring Road Project,2026-07-29,0.36,42365ee29ce9257a4a5eb4d92ec4efbb63af8d2afd6eaf98ee66dd4dc1d3a44d,https://cdn.s3waas.gov.in/s3b3967a0e938dc2a6340e258630febd5a/uploads/2026/07/17853113162721.pdf,raw_documents/nashik/nashik_292_17853113162721.pdf
292,NASHIK__292__NOTICE__Nashik_Ring_Road_Pro.pdf,SRC_NASHIK_293,Nashik,GENERAL_NOTICE,NOTICE,N/A,Niphad,UNSPECIFIED,Nashik Ring Road Project,2026-08-06,1.36,5caf897f7a85aaafa722ee6088d2571351456efc8227ed4193b2c75a1fc826eb,https://cdn.s3waas.gov.in/s3b3967a0e938dc2a6340e258630febd5a/uploads/2026/08/17860213334683.pdf,raw_documents/nashik/nashik_293_17860213334683.pdf
293,NASHIK__293__NOTICE__Nashik_Ring_Road_Pro.pdf,SRC_NASHIK_294,Nashik,GENERAL_NOTICE,NOTICE,N/A,Niphad,UNSPECIFIED,Nashik Ring Road Project,2026-08-06,3.44,5f524a510371eae405954129d8b82bc8a8bf7d6411b6f07a808dd1065c434cd8,https://cdn.s3waas.gov.in/s3b3967a0e938dc2a6340e258630febd5a/uploads/2026/08/17860219632025.pdf,raw_documents/nashik/nashik_294_17860219632025.pdf
294,NASHIK__294__SEC19.pdf,SRC_NASHIK_295,Nashik,SECTION_19,SEC19,N/A,rffi,UNSPECIFIED,N/A,2026-08-07,1.9,ccf19d90d155afd13ec635e7d683596531ef0d151e50f58e49a0ae2d2ecfccad,https://cdn.s3waas.gov.in/s3b3967a0e938dc2a6340e258630febd5a/uploads/2026/08/17860933424790.pdf,raw_documents/nashik/nashik_295_17860933424790.pdf
295,NASHIK__295__AWARD__Ring_Road_Project.pdf,SRC_NASHIK_296,Nashik,AWARD,AWARD,N/A,N/A,UNSPECIFIED,Ring Road Project,2026-08-10,9.71,fd86461e2f7cc8522351883467496ecf539a6e065fbe1c27875f4dbdba8dcfac,https://cdn.s3waas.gov.in/s3b3967a0e938dc2a6340e258630febd5a/uploads/2026/08/17863550683167.pdf,raw_documents/nashik/nashik_296_17863550683167.pdf
296,NASHIK__296__AWARD__Ring_Road_Project.pdf,SRC_NASHIK_297,Nashik,AWARD,AWARD,N/A,N/A,UNSPECIFIED,Ring Road Project,2026-08-10,7.66,cba17c50dd0c82db9163d0dbda1790efcd58261c889f9da94dba03eae4e3332b,https://cdn.s3waas.gov.in/s3b3967a0e938dc2a6340e258630febd5a/uploads/2026/08/17863559216619.pdf,raw_documents/nashik/nashik_297_17863559216619.pdf
297,NASHIK__297__SEC19.pdf,SRC_NASHIK_298,Nashik,SECTION_19,SEC19,N/A,N/A,UNSPECIFIED,N/A,2026-08-14,1.12,1b0d921cfb67ad8274848237afb164a77c159ff67e1c1d06651e025721c5b1f6,https://cdn.s3waas.gov.in/s3b3967a0e938dc2a6340e258630febd5a/uploads/2026/08/17866235028079.pdf,raw_documents/nashik/nashik_298_17866235028079.pdf
298,NASHIK__298__AWARD__Ring_Road_Project__16_2025.pdf,SRC_NASHIK_299,Nashik,AWARD,AWARD,N/A,N/A,16-2025,Ring Road Project,2026-08-17,9.89,03b6e79e9c75e50b92ca6aa4b4ff2203d991f9615ed85a785ff3574e98aa0320,https://cdn.s3waas.gov.in/s3b3967a0e938dc2a6340e258630febd5a/uploads/2026/08/17869745276232.pdf,raw_documents/nashik/nashik_299_17869745276232.pdf
299,NASHIK__299__NOTICE__Varvandi.pdf,SRC_NASHIK_300,Nashik,GENERAL_NOTICE,NOTICE,Varvandi,Dindori,UNSPECIFIED,N/A,2026-08-19,2.15,d72ad9ae7b06b24e30f9dba13ec4945b2fe66adba9563baa2eecdd33ca6f5a0f,https://cdn.s3waas.gov.in/s3b3967a0e938dc2a6340e258630febd5a/uploads/2026/08/17871436842960.pdf,raw_documents/nashik/nashik_300_17871436842960.pdf
300,NASHIK__300__AWARD__7_25.pdf,SRC_NASHIK_301,Nashik,AWARD,AWARD,N/A,N/A,7.25,N/A,2026-08-19,4.23,a9e2930d316564b91ffe7e74781ded8edbef43756f749e0a54b5c25a670ee05d,https://cdn.s3waas.gov.in/s3b3967a0e938dc2a6340e258630febd5a/uploads/2026/08/17871259085536.pdf,raw_documents/nashik/nashik_301_17871259085536.pdf
301,NASHIK__301__AWARD__8_25.pdf,SRC_NASHIK_302,Nashik,AWARD,AWARD,N/A,N/A,8.25,N/A,2026-08-19,7.66,7dc7a6a3c1053f10fee1fdf4e97acb15c36907b04ab57ab341570f73cc35db96,https://cdn.s3waas.gov.in/s3b3967a0e938dc2a6340e258630febd5a/uploads/2026/08/17871256344022.pdf,raw_documents/nashik/nashik_302_17871256344022.pdf
302,SOLAPUR__302__NOTICE__Pune_Solapur_Wadi_3r.pdf,SRC_SOLAPUR_303,Solapur,GENERAL_NOTICE,NOTICE,N/A,uka,UNSPECIFIED,Pune-Solapur-Wadi 3rd & 4th Railway Line Project,2026-09-01,1.85,74071970bdb877819e00da2cb76aed7e92929b990f292ef9f2f73485977d5415,https://cdn.s3waas.gov.in/s3acc3e0404646c57502b480dc052c4fe1/uploads/2026/09/17882635937632.pdf,raw_documents/solapur/solapur_303_17882635937632.pdf
303,SOLAPUR__303__NOTICE__Pune_Solapur_Wadi_3r.pdf,SRC_SOLAPUR_304,Solapur,GENERAL_NOTICE,NOTICE,N/A,uka,UNSPECIFIED,Pune-Solapur-Wadi 3rd & 4th Railway Line Project,2026-09-01,1.51,d669ecc3c1f95642abc9cef2ef57f0b6717045aa7375ae7b5b7e058cf7f0b134,https://cdn.s3waas.gov.in/s3acc3e0404646c57502b480dc052c4fe1/uploads/2026/09/17882637725747.pdf,raw_documents/solapur/solapur_304_17882637725747.pdf
304,SOLAPUR__304__SEC11.pdf,SRC_SOLAPUR_305,Solapur,SECTION_11,SEC11,N/A,N/A,UNSPECIFIED,N/A,2026-08-07,1.86,6fb8134fd655032f8c2db7e279351777cb515ace884629616e780d23dfab9a64,https://cdn.s3waas.gov.in/s3acc3e0404646c57502b480dc052c4fe1/uploads/2026/08/17861054966478.pdf,raw_documents/solapur/solapur_305_17861054966478.pdf
305,SOLAPUR__305__AWARD.pdf,SRC_SOLAPUR_306,Solapur,AWARD,AWARD,N/A,Uttar Solapur,UNSPECIFIED,N/A,2026-06-03,2.21,68cce773d42371084abfbf4c72aab9f2dc291264f0bf783639bb8706ae6d3a45,https://cdn.s3waas.gov.in/s3acc3e0404646c57502b480dc052c4fe1/uploads/2026/06/17804657739437.pdf,raw_documents/solapur/solapur_306_17804657739437.pdf
306,SOLAPUR__306__NOTICE.pdf,SRC_SOLAPUR_307,Solapur,GENERAL_NOTICE,NOTICE,N/A,Mohol and Uttar Solapur,UNSPECIFIED,N/A,2026-05-21,0.06,176e264b7f91772510ecde5aeb3fe38c74b9f84e28e5210fb20a1301a0aaf240,https://cdn.s3waas.gov.in/s3acc3e0404646c57502b480dc052c4fe1/uploads/2026/05/17793572945218.pdf,raw_documents/solapur/solapur_307_17793572945218.pdf
307,SOLAPUR__307__EXTENSION__2026_LAQ.pdf,SRC_SOLAPUR_308,Solapur,EXTENSION,EXTENSION,N/A,N/A,2026/LAQ,N/A,2026-04-20,1.12,951e85bf3c6cc3b04e26c150aeb5287da9940f934dd80fa981e8a34ca530c4a0,https://cdn.s3waas.gov.in/s3acc3e0404646c57502b480dc052c4fe1/uploads/2026/04/17773589047029.pdf,raw_documents/solapur/solapur_308_17773589047029.pdf
308,SOLAPUR__308__SEC11__04_2023.pdf,SRC_SOLAPUR_309,Solapur,SECTION_11,SEC11,N/A,Malshiras,04/2023,N/A,2025-12-12,2.14,fffbc9c441fa43a6780f4ef43ade1bfc483ee3733584b88d1fe8fd720a56d004,https://cdn.s3waas.gov.in/s3acc3e0404646c57502b480dc052c4fe1/uploads/2025/12/17655423895032.pdf,raw_documents/solapur/solapur_309_17655423895032.pdf
309,SOLAPUR__309__NOTICE.pdf,SRC_SOLAPUR_310,Solapur,GENERAL_NOTICE,NOTICE,N/A,N/A,UNSPECIFIED,N/A,2025-04-21,1.88,8d17a542b4021385b832d5ab60c2d2bdd36be745a090582cf3c9edfa2d2aac73,https://cdn.s3waas.gov.in/s3acc3e0404646c57502b480dc052c4fe1/uploads/2025/04/2025042151.pdf,raw_documents/solapur/solapur_310_2025042151.pdf
310,YAVATMAL__310__NOTICE.pdf,SRC_YAVATMAL_311,Yavatmal,GENERAL_NOTICE,NOTICE,N/A,N/A,UNSPECIFIED,N/A,2022-11-17,1.47,9ead1d2e141e582f89d54196736a0abc13f735ab60ba9ddb98bbe37d99f19afc,https://cdn.s3waas.gov.in/s39ad6aaed513b73148b7d49f70afcfb32/uploads/2022/11/2022111740.pdf,raw_documents/yavatmal/yavatmal_311_2022111740.pdf
311,YAVATMAL__311__NOTICE__Bembla_River_Irrigat.pdf,SRC_YAVATMAL_312,Yavatmal,GENERAL_NOTICE,NOTICE,N/A,N/A,UNSPECIFIED,Bembla River Irrigation Project,2022-11-11,1.41,5f1bee42056244c9e24eda2158b341b34d5b7b2873c9cfd8e887f5c08731354f,https://cdn.s3waas.gov.in/s39ad6aaed513b73148b7d49f70afcfb32/uploads/2022/11/2022111145.pdf,raw_documents/yavatmal/yavatmal_312_2022111145.pdf
312,YAVATMAL__312__NOTICE.pdf,SRC_YAVATMAL_313,Yavatmal,GENERAL_NOTICE,NOTICE,N/A,N/A,UNSPECIFIED,N/A,2022-11-11,0.56,3b916010d87dc3416ffc91b9370b5cf18fff56845f358f3e50b40320aa4af6ce,https://cdn.s3waas.gov.in/s39ad6aaed513b73148b7d49f70afcfb32/uploads/2022/11/2022111188.pdf,raw_documents/yavatmal/yavatmal_313_2022111188.pdf
313,YAVATMAL__313__NOTICE.pdf,SRC_YAVATMAL_314,Yavatmal,GENERAL_NOTICE,NOTICE,N/A,N/A,UNSPECIFIED,N/A,2022-11-11,0.26,50306352f99180c6425256045e9303e8366b25b3f7cc71d8525c9d24aa419d73,https://cdn.s3waas.gov.in/s39ad6aaed513b73148b7d49f70afcfb32/uploads/2022/11/2022111166.pdf,raw_documents/yavatmal/yavatmal_314_2022111166.pdf
314,YAVATMAL__314__NOTICE.pdf,SRC_YAVATMAL_315,Yavatmal,GENERAL_NOTICE,NOTICE,N/A,N/A,UNSPECIFIED,N/A,2022-07-11,2.74,d3219ac967197cb8f9664d4319b3d51c272592f84e2a473870a212560d7cc2b6,https://cdn.s3waas.gov.in/s39ad6aaed513b73148b7d49f70afcfb32/uploads/2022/07/2022071164.pdf,raw_documents/yavatmal/yavatmal_315_2022071164.pdf
315,YAVATMAL__315__NOTICE.pdf,SRC_YAVATMAL_316,Yavatmal,GENERAL_NOTICE,NOTICE,N/A,N/A,UNSPECIFIED,N/A,2022-07-11,7.83,7499ba6438dfe65413eeb734dcc2fac8e143a655b4f114e5531474e1ea2857a7,https://cdn.s3waas.gov.in/s39ad6aaed513b73148b7d49f70afcfb32/uploads/2022/07/2022071151.pdf,raw_documents/yavatmal/yavatmal_316_2022071151.pdf
316,YAVATMAL__316__NOTICE.pdf,SRC_YAVATMAL_317,Yavatmal,GENERAL_NOTICE,NOTICE,N/A,N/A,UNSPECIFIED,N/A,2022-02-22,0.32,5cba573c740d3b4271ca32d1a63036d9cb5a68ff15174a1eb84bdc2988b762ae,https://cdn.s3waas.gov.in/s39ad6aaed513b73148b7d49f70afcfb32/uploads/2022/02/2022022228.pdf,raw_documents/yavatmal/yavatmal_317_2022022228.pdf
317,YAVATMAL__317__NOTICE.pdf,SRC_YAVATMAL_318,Yavatmal,GENERAL_NOTICE,NOTICE,N/A,N/A,UNSPECIFIED,N/A,2021-08-02,0.87,8b961ad22e9bb6e86651cbc1ebc0c899735be392f915580b35a3b994e605be4b,https://cdn.s3waas.gov.in/s39ad6aaed513b73148b7d49f70afcfb32/uploads/2021/07/2021071347.pdf,raw_documents/yavatmal/yavatmal_318_2021071347.pdf
318,YAVATMAL__318__NOTICE.pdf,SRC_YAVATMAL_319,Yavatmal,GENERAL_NOTICE,NOTICE,N/A,N/A,UNSPECIFIED,N/A,2021-08-02,0.8,41cc00a32f255bb55fcab36aa2f7280ca3ddb849c600fb181dc97683d2e4a13a,https://cdn.s3waas.gov.in/s39ad6aaed513b73148b7d49f70afcfb32/uploads/2021/07/2021071338.pdf,raw_documents/yavatmal/yavatmal_319_2021071338.pdf
319,YAVATMAL__319__NOTICE.pdf,SRC_YAVATMAL_320,Yavatmal,GENERAL_NOTICE,NOTICE,N/A,N/A,UNSPECIFIED,N/A,2021-08-02,4.55,02098e0e78e4857c089caf5d524a2e4730b2b0994a87c6313bfbdf83ea2e9619,https://cdn.s3waas.gov.in/s39ad6aaed513b73148b7d49f70afcfb32/uploads/2021/07/2021071382.pdf,raw_documents/yavatmal/yavatmal_320_2021071382.pdf
320,YAVATMAL__320__NOTICE.pdf,SRC_YAVATMAL_321,Yavatmal,GENERAL_NOTICE,NOTICE,N/A,N/A,UNSPECIFIED,N/A,2021-08-02,4.08,0f7edbb951b5136008bd9cbc74f9d6b79699e5af598db6478913fa35c32b6246,https://cdn.s3waas.gov.in/s39ad6aaed513b73148b7d49f70afcfb32/uploads/2021/07/2021071332.pdf,raw_documents/yavatmal/yavatmal_321_2021071332.pdf
321,YAVATMAL__321__NOTICE.pdf,SRC_YAVATMAL_322,Yavatmal,GENERAL_NOTICE,NOTICE,N/A,N/A,UNSPECIFIED,N/A,2021-08-02,4.08,0f7edbb951b5136008bd9cbc74f9d6b79699e5af598db6478913fa35c32b6246,https://cdn.s3waas.gov.in/s39ad6aaed513b73148b7d49f70afcfb32/uploads/2021/07/2021071332.pdf,raw_documents/yavatmal/yavatmal_322_2021071332.pdf
322,YAVATMAL__322__NOTICE.pdf,SRC_YAVATMAL_323,Yavatmal,GENERAL_NOTICE,NOTICE,N/A,N/A,UNSPECIFIED,N/A,2021-08-02,4.55,02098e0e78e4857c089caf5d524a2e4730b2b0994a87c6313bfbdf83ea2e9619,https://cdn.s3waas.gov.in/s39ad6aaed513b73148b7d49f70afcfb32/uploads/2021/07/2021071382.pdf,raw_documents/yavatmal/yavatmal_323_2021071382.pdf
323,YAVATMAL__323__NOTICE.pdf,SRC_YAVATMAL_324,Yavatmal,GENERAL_NOTICE,NOTICE,N/A,N/A,UNSPECIFIED,N/A,2021-08-02,0.8,41cc00a32f255bb55fcab36aa2f7280ca3ddb849c600fb181dc97683d2e4a13a,https://cdn.s3waas.gov.in/s39ad6aaed513b73148b7d49f70afcfb32/uploads/2021/07/2021071338.pdf,raw_documents/yavatmal/yavatmal_324_2021071338.pdf
324,YAVATMAL__324__NOTICE.pdf,SRC_YAVATMAL_325,Yavatmal,GENERAL_NOTICE,NOTICE,N/A,N/A,UNSPECIFIED,N/A,2021-08-02,0.87,8b961ad22e9bb6e86651cbc1ebc0c899735be392f915580b35a3b994e605be4b,https://cdn.s3waas.gov.in/s39ad6aaed513b73148b7d49f70afcfb32/uploads/2021/07/2021071347.pdf,raw_documents/yavatmal/yavatmal_325_2021071347.pdf
325,YAVATMAL__325__NOTICE.pdf,SRC_YAVATMAL_326,Yavatmal,GENERAL_NOTICE,NOTICE,N/A,N/A,UNSPECIFIED,N/A,2021-06-18,3.71,35f386b2bd590bdee8c269fbb497f65d7ecd18ea2fe0a4e2e9175afb06460280,https://cdn.s3waas.gov.in/s39ad6aaed513b73148b7d49f70afcfb32/uploads/2021/06/2021061770.pdf,raw_documents/yavatmal/yavatmal_326_2021061770.pdf
326,YAVATMAL__326__NOTICE__Bembla_River_Irrigat.pdf,SRC_YAVATMAL_327,Yavatmal,GENERAL_NOTICE,NOTICE,N/A,N/A,UNSPECIFIED,Bembla River Irrigation Project,2019-09-21,1.07,0a9c0f9ac84002ac3b62da7fe03bfeb53b41337096cea74036f08dce9934a2e1,https://cdn.s3waas.gov.in/s39ad6aaed513b73148b7d49f70afcfb32/uploads/2019/09/2019092165.pdf,raw_documents/yavatmal/yavatmal_327_2019092165.pdf
327,YAVATMAL__327__NOTICE.pdf,SRC_YAVATMAL_328,Yavatmal,GENERAL_NOTICE,NOTICE,N/A,N/A,UNSPECIFIED,N/A,2018-07-19,0.07,0ee06e57b5f364f13f2bf7c965b02a54e4574718a193cf986d0c4d00c922d991,https://cdn.s3waas.gov.in/s39ad6aaed513b73148b7d49f70afcfb32/uploads/2018/07/2018071940.pdf,raw_documents/yavatmal/yavatmal_328_2018071940.pdf
328,YAVATMAL__328__NOTICE.pdf,SRC_YAVATMAL_329,Yavatmal,GENERAL_NOTICE,NOTICE,N/A,N/A,UNSPECIFIED,N/A,2018-07-19,0.09,1f92c21a902575d5c979c2878d084bc2776bda190dfcbe02d71bfbc850223fd1,https://cdn.s3waas.gov.in/s39ad6aaed513b73148b7d49f70afcfb32/uploads/2018/07/2018071948.pdf,raw_documents/yavatmal/yavatmal_329_2018071948.pdf
329,YAVATMAL__329__NOTICE.pdf,SRC_YAVATMAL_330,Yavatmal,GENERAL_NOTICE,NOTICE,N/A,N/A,UNSPECIFIED,N/A,2018-07-19,0.1,3925b8bff0c741b8ce6a4405e13113199abb363b0388ce1f022a4c7db7667373,https://cdn.s3waas.gov.in/s39ad6aaed513b73148b7d49f70afcfb32/uploads/2018/07/2018071993.pdf,raw_documents/yavatmal/yavatmal_330_2018071993.pdf
330,YAVATMAL__330__NOTICE.pdf,SRC_YAVATMAL_331,Yavatmal,GENERAL_NOTICE,NOTICE,N/A,N/A,UNSPECIFIED,N/A,2018-07-19,0.12,e7b81cd467a97aa5f5364298aa30036fb40b89aa6e9e274b1bb3f2f3433845cf,https://cdn.s3waas.gov.in/s39ad6aaed513b73148b7d49f70afcfb32/uploads/2018/07/2018071931.pdf,raw_documents/yavatmal/yavatmal_331_2018071931.pdf
331,YAVATMAL__331__NOTICE.pdf,SRC_YAVATMAL_332,Yavatmal,GENERAL_NOTICE,NOTICE,N/A,N/A,UNSPECIFIED,N/A,2018-07-19,0.1,aabf261feed1062df092282948b953a8332319b768f06373b7355834eb752e8f,https://cdn.s3waas.gov.in/s39ad6aaed513b73148b7d49f70afcfb32/uploads/2018/07/2018071968.pdf,raw_documents/yavatmal/yavatmal_332_2018071968.pdf
332,YAVATMAL__332__NOTICE.pdf,SRC_YAVATMAL_333,Yavatmal,GENERAL_NOTICE,NOTICE,N/A,N/A,UNSPECIFIED,N/A,2018-07-19,0.09,64b477e98a9c391289c047de9f06554ebe54d4cc820c013bb52c46f8f9e0a2a2,https://cdn.s3waas.gov.in/s39ad6aaed513b73148b7d49f70afcfb32/uploads/2018/07/2018071910.pdf,raw_documents/yavatmal/yavatmal_333_2018071910.pdf
333,YAVATMAL__333__NOTICE.pdf,SRC_YAVATMAL_334,Yavatmal,GENERAL_NOTICE,NOTICE,N/A,N/A,UNSPECIFIED,N/A,2018-07-19,0.1,6a5f727267b3c6588156814ed53a3387471749f0d17cd35722ae0b71a394b628,https://cdn.s3waas.gov.in/s39ad6aaed513b73148b7d49f70afcfb32/uploads/2018/07/2018071972.pdf,raw_documents/yavatmal/yavatmal_334_2018071972.pdf
334,YAVATMAL__334__NOTICE.pdf,SRC_YAVATMAL_335,Yavatmal,GENERAL_NOTICE,NOTICE,N/A,N/A,UNSPECIFIED,N/A,2018-07-19,0.09,8e460d58eaefd8a140ebe75f2dc4e16e37a10de38e9b817a8801826b0b76a146,https://cdn.s3waas.gov.in/s39ad6aaed513b73148b7d49f70afcfb32/uploads/2018/07/2018071991.pdf,raw_documents/yavatmal/yavatmal_335_2018071991.pdf
335,YAVATMAL__335__NOTICE.pdf,SRC_YAVATMAL_336,Yavatmal,GENERAL_NOTICE,NOTICE,N/A,N/A,UNSPECIFIED,N/A,2018-07-19,0.11,33b41eee98524a6a1ced6c06734037cd318dee97b83e99b1ef7f546dd6dc5c86,https://cdn.s3waas.gov.in/s39ad6aaed513b73148b7d49f70afcfb32/uploads/2018/07/2018071914.pdf,raw_documents/yavatmal/yavatmal_336_2018071914.pdf
336,YAVATMAL__336__NOTICE.pdf,SRC_YAVATMAL_337,Yavatmal,GENERAL_NOTICE,NOTICE,N/A,N/A,UNSPECIFIED,N/A,2018-07-19,0.08,0b546ec0a4475224d3811faf4b5ea097b81552b35c39c1443d7e9ba69a1431db,https://cdn.s3waas.gov.in/s39ad6aaed513b73148b7d49f70afcfb32/uploads/2018/07/2018071997.pdf,raw_documents/yavatmal/yavatmal_337_2018071997.pdf
337,YAVATMAL__337__NOTICE.pdf,SRC_YAVATMAL_338,Yavatmal,GENERAL_NOTICE,NOTICE,N/A,N/A,UNSPECIFIED,N/A,2018-07-19,0.08,9e92ecfea087b8a2fce521bb078fc24f3db85ca770a90225cba0089ccb05ff0b,https://cdn.s3waas.gov.in/s39ad6aaed513b73148b7d49f70afcfb32/uploads/2018/07/2018071913.pdf,raw_documents/yavatmal/yavatmal_338_2018071913.pdf
338,YAVATMAL__338__NOTICE.pdf,SRC_YAVATMAL_339,Yavatmal,GENERAL_NOTICE,NOTICE,N/A,N/A,UNSPECIFIED,N/A,2018-07-19,0.06,9ec52bd2aeada097d541e702d82c3c702b83a3c41fcf8e705093f0adad491373,https://cdn.s3waas.gov.in/s39ad6aaed513b73148b7d49f70afcfb32/uploads/2018/07/2018071942.pdf,raw_documents/yavatmal/yavatmal_339_2018071942.pdf
339,YAVATMAL__339__NOTICE.pdf,SRC_YAVATMAL_340,Yavatmal,GENERAL_NOTICE,NOTICE,N/A,N/A,UNSPECIFIED,N/A,2018-07-19,0.08,baea81e7bbd2e583bdde60d1d8bbce64e60039b540625b7a83ed51a6df568431,https://cdn.s3waas.gov.in/s39ad6aaed513b73148b7d49f70afcfb32/uploads/2018/07/2018071937.pdf,raw_documents/yavatmal/yavatmal_340_2018071937.pdf
340,YAVATMAL__340__NOTICE.pdf,SRC_YAVATMAL_341,Yavatmal,GENERAL_NOTICE,NOTICE,N/A,N/A,UNSPECIFIED,N/A,2018-03-01,7.87,3c7903c6d3782adf80ce67e299730fb7c25007677af96b7b9df15d9eb30262ff,https://cdn.s3waas.gov.in/s39ad6aaed513b73148b7d49f70afcfb32/uploads/2018/03/2018032122.pdf,raw_documents/yavatmal/yavatmal_341_2018032122.pdf
341,YAVATMAL__341__NOTICE.pdf,SRC_YAVATMAL_342,Yavatmal,GENERAL_NOTICE,NOTICE,N/A,N/A,UNSPECIFIED,N/A,2017-01-01,7.47,a287c5f4ae9814de06eb162d4755397762edd6e98f3b02586e5515a6ff21f669,https://cdn.s3waas.gov.in/s39ad6aaed513b73148b7d49f70afcfb32/uploads/2018/03/2018032192.pdf,raw_documents/yavatmal/yavatmal_342_2018032192.pdf
342,YAVATMAL__342__NOTICE.pdf,SRC_YAVATMAL_343,Yavatmal,GENERAL_NOTICE,NOTICE,N/A,N/A,UNSPECIFIED,N/A,2018-03-01,7.84,6182a094ff6356be96094efdc28aed86737ee47fcc9d851d33fe09a0f78fdd71,https://cdn.s3waas.gov.in/s39ad6aaed513b73148b7d49f70afcfb32/uploads/2018/03/2018032148.pdf,raw_documents/yavatmal/yavatmal_343_2018032148.pdf
343,YAVATMAL__343__NOTICE.pdf,SRC_YAVATMAL_344,Yavatmal,GENERAL_NOTICE,NOTICE,N/A,N/A,UNSPECIFIED,N/A,2018-03-01,0.72,fb598f0fbd2b50fbb6f37c726480f383d5642e1c697fe282f0faa4ec740b8b46,https://cdn.s3waas.gov.in/s39ad6aaed513b73148b7d49f70afcfb32/uploads/2018/03/2018032176.pdf,raw_documents/yavatmal/yavatmal_344_2018032176.pdf
344,YAVATMAL__344__NOTICE.pdf,SRC_YAVATMAL_345,Yavatmal,GENERAL_NOTICE,NOTICE,N/A,N/A,UNSPECIFIED,N/A,2018-03-01,8.23,94ae3eebd946f4f554670724f01a305b09656662686d97d556413d726c110fe5,https://cdn.s3waas.gov.in/s39ad6aaed513b73148b7d49f70afcfb32/uploads/2018/03/2018032179.pdf,raw_documents/yavatmal/yavatmal_345_2018032179.pdf
