case_id,case_number,project_id,project_name,acquiring_authority,act_key,state,district,taluka,village,section_11_date,section_19_date,section_21_date,award_date,payment_date,possession_date,completion_date,notice_count,objection_count,parcel_count,extension_count,first_extension_date,last_extension_date,compensation_amount,case_status,source_organization,source_document,source_url,source_date,extraction_method,source_page,source_document_hash
CAS_NAGPUR_001,29/A-65/2026-2027,PRJ_NAGPUR,,District Collectorate & Administration Nagpur,RFCTLARR_2013,Maharashtra,Nagpur,Umred,Sayki,2026-09-22,,,,,,,1,0,0,0,,,,IN_PROGRESS,District Collectorate & Administration Nagpur,nagpur_001_17900744752905.pdf,https://cdn.s3waas.gov.in/s3d1f491a404d6854880943e5c3cd9ca25/uploads/2026/09/17900744752905.pdf,2026-09-22,TEXT,1,1c8775f96a14eeecf2d25acdf912c5cc7f89e29fa4be4f04c5eac100e47c5a36
CAS_NAGPUR_002,28/A-65/2026-2027,PRJ_NAGPUR,,District Collectorate & Administration Nagpur,RFCTLARR_2013,Maharashtra,Nagpur,Umred,Jambhalapani,2026-09-22,,,,,,,1,0,0,0,,,,IN_PROGRESS,District Collectorate & Administration Nagpur,nagpur_002_17900742342681.pdf,https://cdn.s3waas.gov.in/s3d1f491a404d6854880943e5c3cd9ca25/uploads/2026/09/17900742342681.pdf,2026-09-22,TEXT,1,5f76c11b04f6f738693c521b3e3b64a5d713aafa23349d861ca83dd5bfb20fa2
CAS_NAGPUR_003,27/A-65/2026-2027,PRJ_NAGPUR,,District Collectorate & Administration Nagpur,RFCTLARR_2013,Maharashtra,Nagpur,Umred,Garamsur (Rithi),2026-09-22,,,,,,,1,0,0,0,,,,IN_PROGRESS,District Collectorate & Administration Nagpur,nagpur_003_17900740564711.pdf,https://cdn.s3waas.gov.in/s3d1f491a404d6854880943e5c3cd9ca25/uploads/2026/09/17900740564711.pdf,2026-09-22,TEXT,1,bebcb7de037ff9dbf47abd7a743c4cf31d86e488bd991e91ae40b2f5513ba1dc
CAS_NAGPUR_004,26/A-65/2026-2027,PRJ_NAGPUR,,District Collectorate & Administration Nagpur,RFCTLARR_2013,Maharashtra,Nagpur,Umred,Dahegaon,2026-09-22,,,,,,,1,0,0,0,,,,IN_PROGRESS,District Collectorate & Administration Nagpur,nagpur_004_17900738272354.pdf,https://cdn.s3waas.gov.in/s3d1f491a404d6854880943e5c3cd9ca25/uploads/2026/09/17900738272354.pdf,2026-09-22,TEXT,1,c04392847b9413583fb99233cebf8305c14d594bd8d7b66c7b81297b5751ae7b
CAS_NAGPUR_005,25/A-65/2026-2027,PRJ_NAGPUR,,District Collectorate & Administration Nagpur,RFCTLARR_2013,Maharashtra,Nagpur,Umred,Wagholi (Rithi),2026-09-22,,,,,,,1,0,0,0,,,,IN_PROGRESS,District Collectorate & Administration Nagpur,nagpur_005_17900733115343.pdf,https://cdn.s3waas.gov.in/s3d1f491a404d6854880943e5c3cd9ca25/uploads/2026/09/17900733115343.pdf,2026-09-22,TEXT,1,2d551c86301d75c637e7f5bf7e41a383393419970583f660bdea4df6539a9539
CAS_NAGPUR_006,24/A-65/2026-2027,PRJ_NAGPUR,,District Collectorate & Administration Nagpur,RFCTLARR_2013,Maharashtra,Nagpur,Umred,Dudha,2026-09-22,,,,,,,1,0,0,0,,,,IN_PROGRESS,District Collectorate & Administration Nagpur,nagpur_006_17900720145130.pdf,https://cdn.s3waas.gov.in/s3d1f491a404d6854880943e5c3cd9ca25/uploads/2026/09/17900720145130.pdf,2026-09-22,TEXT,1,b8b8381cde0a79c04ccce21781fa02394ab08c4d35f2a1f19f66cb3188b39a3c
CAS_NAGPUR_007,23/A-65/2026-2027,PRJ_NAGPUR,,District Collectorate & Administration Nagpur,RFCTLARR_2013,Maharashtra,Nagpur,Umred,Davha,2026-09-22,,,,,,,1,0,0,0,,,,IN_PROGRESS,District Collectorate & Administration Nagpur,nagpur_007_17900718325284.pdf,https://cdn.s3waas.gov.in/s3d1f491a404d6854880943e5c3cd9ca25/uploads/2026/09/17900718325284.pdf,2026-09-22,TEXT,1,da2dca2c865bfcd06caff108f67c221068a36bfbbb1435ef1c002de8c335c097
CAS_NAGPUR_008,31/A-65/2025-26,PRJ_NAGPUR,,District Collectorate & Administration Nagpur,RFCTLARR_2013,Maharashtra,Nagpur,Nagpur (Gramin),Kiranpur,2026-09-11,,,,,,,1,0,0,0,,,,IN_PROGRESS,District Collectorate & Administration Nagpur,nagpur_008_17899689722981.pdf,https://cdn.s3waas.gov.in/s3d1f491a404d6854880943e5c3cd9ca25/uploads/2026/09/17899689722981.pdf,2026-09-11,OCR,1,8192817d53337bb7b34edc9a662042e7da4b36314b019dfd27be53945eb0af81
CAS_NAGPUR_009,67/A-65/2026-27,PRJ_NAGPUR,,District Collectorate & Administration Nagpur,RFCTLARR_2013,Maharashtra,Nagpur,Bhivapur,Pullar,2026-09-07,,,,,,,1,0,0,0,,,,IN_PROGRESS,District Collectorate & Administration Nagpur,nagpur_009_17887688511960.pdf,https://cdn.s3waas.gov.in/s3d1f491a404d6854880943e5c3cd9ca25/uploads/2026/09/17887688511960.pdf,2026-09-07,OCR,1,82f43747b40b2a5ae019722a02bd1f2b20717deaf1c0e3b83b32ff0a578eb052
CAS_NAGPUR_010,66/A-65/2026-27,PRJ_NAGPUR,,District Collectorate & Administration Nagpur,RFCTLARR_2013,Maharashtra,Nagpur,Kuhi,Sawangi,2026-09-03,,,,,,,1,0,0,0,,,,IN_PROGRESS,District Collectorate & Administration Nagpur,nagpur_010_17887680469543.pdf,https://cdn.s3waas.gov.in/s3d1f491a404d6854880943e5c3cd9ca25/uploads/2026/09/17887680469543.pdf,2026-09-03,OCR,1,4903c840e6f448a879abbea73f11a8ca442f68ae7c31cab3f45f793ee26d0585
CAS_NAGPUR_011,5/A-65/2025-2026,PRJ_NAGPUR,,District Collectorate & Administration Nagpur,RFCTLARR_2013,Maharashtra,Nagpur,Kuhi,Channa,2026-05-21,2026-08-21,,,,,,2,0,0,0,,,,IN_PROGRESS,District Collectorate & Administration Nagpur,nagpur_011_17873019338038.pdf,https://cdn.s3waas.gov.in/s3d1f491a404d6854880943e5c3cd9ca25/uploads/2026/08/17873019338038.pdf,2026-08-21,TEXT,1,d4379602de6e547ce27cb7fed4819d4686757ef775130dae3f63bf1a05d70376
CAS_NAGPUR_012,27/A-65/2025-26,PRJ_NAGPUR,,District Collectorate & Administration Nagpur,RFCTLARR_2013,Maharashtra,Nagpur,Nagpur (Gramin),Junapani,2026-08-19,,,,,,,2,0,0,0,,,,IN_PROGRESS,District Collectorate & Administration Nagpur,nagpur_012_17871177833232.pdf,https://cdn.s3waas.gov.in/s3d1f491a404d6854880943e5c3cd9ca25/uploads/2026/08/17871177833232.pdf,2026-08-19,OCR,1,dc080802a80b89663efc4f02db962a90d660db7ab2a30a317fc6549ad2a3dcd2
CAS_NAGPUR_013,22/A-65/2025-26,PRJ_NAGPUR,,District Collectorate & Administration Nagpur,RFCTLARR_2013,Maharashtra,Nagpur,Nagpur (Gramin),Bori,2026-08-19,,,,,,,2,0,0,0,,,,IN_PROGRESS,District Collectorate & Administration Nagpur,nagpur_013_17871176951688.pdf,https://cdn.s3waas.gov.in/s3d1f491a404d6854880943e5c3cd9ca25/uploads/2026/08/17871176951688.pdf,2026-08-19,OCR,1,377801b5c8bcf31386cd0f9fe487a1f34cd16553cffd3abf2608095c856ea86b
CAS_NAGPUR_014,28/A-65/2025-26,PRJ_NAGPUR,,District Collectorate & Administration Nagpur,RFCTLARR_2013,Maharashtra,Nagpur,Nagpur (Gramin),Mangarul,2026-08-19,,,,,,,1,0,0,0,,,,IN_PROGRESS,District Collectorate & Administration Nagpur,nagpur_014_17871164593143.pdf,https://cdn.s3waas.gov.in/s3d1f491a404d6854880943e5c3cd9ca25/uploads/2026/08/17871164593143.pdf,2026-08-19,OCR,1,cb4c33680cc28e3fe24e1261ac57d7e8f80da8546df1371af0709ee3af570559
CAS_NAGPUR_015,20/A-65/2025-26,PRJ_NAGPUR,,District Collectorate & Administration Nagpur,RFCTLARR_2013,Maharashtra,Nagpur,Nagpur (Gramin),Sonurli,2026-08-19,,,,,,,1,0,0,0,,,,IN_PROGRESS,District Collectorate & Administration Nagpur,nagpur_015_17871162034471.pdf,https://cdn.s3waas.gov.in/s3d1f491a404d6854880943e5c3cd9ca25/uploads/2026/08/17871162034471.pdf,2026-08-19,OCR,1,c447e4ec64d8b3a3a1268179dd9ba71c11fa114511fe3cb92223184e55ff0292
CAS_NAGPUR_016,25/A-65/2025-26,PRJ_NAGPUR,,District Collectorate & Administration Nagpur,RFCTLARR_2013,Maharashtra,Nagpur,Nagpur (Gramin),Varanga,2026-08-19,,,,,,,1,0,0,0,,,,IN_PROGRESS,District Collectorate & Administration Nagpur,nagpur_016_17871161252166.pdf,https://cdn.s3waas.gov.in/s3d1f491a404d6854880943e5c3cd9ca25/uploads/2026/08/17871161252166.pdf,2026-08-19,OCR,1,52f585209a900ececdf1c1d9db73192b7fc0fb9a7f4e95c3061652035b91fce4
CAS_NAGPUR_017,24/A-65/2025-26,PRJ_NAGPUR,,District Collectorate & Administration Nagpur,RFCTLARR_2013,Maharashtra,Nagpur,Nagpur (Gramin),Parsodi,2026-08-19,,,,,,,1,0,0,0,,,,IN_PROGRESS,District Collectorate & Administration Nagpur,nagpur_017_17871160613961.pdf,https://cdn.s3waas.gov.in/s3d1f491a404d6854880943e5c3cd9ca25/uploads/2026/08/17871160613961.pdf,2026-08-19,OCR,1,cc697e267b7f7b3c79f3357fd3d780eef4abe2809b058d5c0ce4a2ed1b024f0d
CAS_NAGPUR_018,21/A-65/2025-26,PRJ_NAGPUR,,District Collectorate & Administration Nagpur,RFCTLARR_2013,Maharashtra,Nagpur,Nagpur (Gramin),Rampur,2026-08-19,,,,,,,1,0,0,0,,,,IN_PROGRESS,District Collectorate & Administration Nagpur,nagpur_019_17871158936667.pdf,https://cdn.s3waas.gov.in/s3d1f491a404d6854880943e5c3cd9ca25/uploads/2026/08/17871158936667.pdf,2026-08-19,OCR,1,1d4d5aaaaa168f4a2ec51e6b3eb5e1bb1a16aff67c64e4dc6a7c07426979f7a4
CAS_NAGPUR_019,26/A-65/2025-26,PRJ_NAGPUR,,District Collectorate & Administration Nagpur,RFCTLARR_2013,Maharashtra,Nagpur,Nagpur (Gramin),Tumdi,2026-08-19,,,,,,,1,0,0,0,,,,IN_PROGRESS,District Collectorate & Administration Nagpur,nagpur_020_17871158321698.pdf,https://cdn.s3waas.gov.in/s3d1f491a404d6854880943e5c3cd9ca25/uploads/2026/08/17871158321698.pdf,2026-08-19,OCR,1,de7d2cf882098e2cb13205c7c57b4367a38b5bef031072c3403a1fe5f0699e15
CAS_NAGPUR_020,23/A-65/2025-26,PRJ_NAGPUR,,District Collectorate & Administration Nagpur,RFCTLARR_2013,Maharashtra,Nagpur,Nagpur (Gramin),Kirnapur,2026-08-19,,,,,,,1,0,0,0,,,,IN_PROGRESS,District Collectorate & Administration Nagpur,nagpur_022_17871156491380.pdf,https://cdn.s3waas.gov.in/s3d1f491a404d6854880943e5c3cd9ca25/uploads/2026/08/17871156491380.pdf,2026-08-19,OCR,1,0e1edaf60d3e1e7564739874f7d060d68bf47c87bd74341ffca7a496181a0441
CAS_NAGPUR_021,29/A-65/2025-26,PRJ_NAGPUR,,District Collectorate & Administration Nagpur,RFCTLARR_2013,Maharashtra,Nagpur,Nagpur (Gramin),Murarpur,2026-08-19,,,,,,,1,0,0,0,,,,IN_PROGRESS,District Collectorate & Administration Nagpur,nagpur_023_17871155853082.pdf,https://cdn.s3waas.gov.in/s3d1f491a404d6854880943e5c3cd9ca25/uploads/2026/08/17871155853082.pdf,2026-08-19,OCR,1,952addeecfd492b225252855ccf5ef5ee3f92911bc2f4608e424f67e256ab5c8
CAS_NAGPUR_022,19/A-65/2025-26,PRJ_NAGPUR,,District Collectorate & Administration Nagpur,RFCTLARR_2013,Maharashtra,Nagpur,Nagpur (Gramin),Ruikheiri,2026-08-19,,,,,,,1,0,0,0,,,,IN_PROGRESS,District Collectorate & Administration Nagpur,nagpur_024_17871154658589.pdf,https://cdn.s3waas.gov.in/s3d1f491a404d6854880943e5c3cd9ca25/uploads/2026/08/17871154658589.pdf,2026-08-19,OCR,1,a6cd51cd7b633edbbc13ecac12d22e85dc201e709b9f75c5d06d385156a6ffde
CAS_NAGPUR_023,1/A-65/2026-2027,PRJ_NAGPUR,,District Collectorate & Administration Nagpur,RFCTLARR_2013,Maharashtra,Nagpur,Nagpur(City),Nagpur,,2026-08-17,,,,,,1,0,0,0,,,,IN_PROGRESS,District Collectorate & Administration Nagpur,nagpur_025_17869478971894.pdf,https://cdn.s3waas.gov.in/s3d1f491a404d6854880943e5c3cd9ca25/uploads/2026/08/17869478971894.pdf,2026-08-17,OCR,1,a9ac6504ffb884047d11ae9ec4aa92e19ecc89c05240de4e2eb56c4194cbbd6a
CAS_NAGPUR_024,,PRJ_NAGPUR,,District Collectorate & Administration Nagpur,RFCTLARR_2013,Maharashtra,Nagpur,,Mangali,,,,,,,,1,0,0,0,,,,IN_PROGRESS,District Collectorate & Administration Nagpur,nagpur_026_17869473055263.pdf,https://cdn.s3waas.gov.in/s3d1f491a404d6854880943e5c3cd9ca25/uploads/2026/08/17869473055263.pdf,2026-08-17,OCR,1,b1555a1fccb488ca4cead5b54429066981c5ce3b84cc1e2fe61dc0cfef50b842
CAS_NAGPUR_025,,PRJ_NAGPUR,,District Collectorate & Administration Nagpur,RFCTLARR_2013,Maharashtra,Nagpur,Kalmeshwar,Belori(bu),,,,,,,,1,0,0,0,,,,IN_PROGRESS,District Collectorate & Administration Nagpur,nagpur_027_17869471966429.pdf,https://cdn.s3waas.gov.in/s3d1f491a404d6854880943e5c3cd9ca25/uploads/2026/08/17869471966429.pdf,2026-08-17,OCR,1,c7e42910daf122571790121a1d7c3d35ba38b9d241e3814a013a531b517b1aee
CAS_NAGPUR_026,59/अ-65/2025-26,PRJ_NAGPUR,,District Collectorate & Administration Nagpur,RFCTLARR_2013,Maharashtra,Nagpur,Hingna,Asola (Sawangi)Taluka Hingna,2026-08-17,,,,,,,1,0,0,0,,,,IN_PROGRESS,District Collectorate & Administration Nagpur,nagpur_028_17869469995556.pdf,https://cdn.s3waas.gov.in/s3d1f491a404d6854880943e5c3cd9ca25/uploads/2026/08/17869469995556.pdf,2026-08-17,OCR,1,9c85ce07f57ae60b2cb30b234c6b1a98b8f886379dd64b3d82d09e45c0cca1d7
CAS_NAGPUR_027,60/अ-65/2025-26,PRJ_NAGPUR,,District Collectorate & Administration Nagpur,RFCTLARR_2013,Maharashtra,Nagpur,Hingna,Sawangi (Aa)Taluka Hingna,2026-08-17,,,,,,,1,0,0,0,,,,IN_PROGRESS,District Collectorate & Administration Nagpur,nagpur_029_17869455328979.pdf,https://cdn.s3waas.gov.in/s3d1f491a404d6854880943e5c3cd9ca25/uploads/2026/08/17869455328979.pdf,2026-08-17,OCR,1,aaa2aaee8985ce9b95e156c8f44507a52060594f5179fd6ffecf40a6c6f1468d
CAS_NAGPUR_028,61/अ-65/2025-26,PRJ_NAGPUR,,District Collectorate & Administration Nagpur,RFCTLARR_2013,Maharashtra,Nagpur,Hingna,Bhansuli,2026-08-17,,,,,,,1,0,0,0,,,,IN_PROGRESS,District Collectorate & Administration Nagpur,nagpur_030_17869454133548.pdf,https://cdn.s3waas.gov.in/s3d1f491a404d6854880943e5c3cd9ca25/uploads/2026/08/17869454133548.pdf,2026-08-17,OCR,1,06434e272e3711e6e9a7984923912015627b79de0839ee5037622abc5e7a4f54
CAS_NAGPUR_029,64/A-65/2025-26,PRJ_NAGPUR,,District Collectorate & Administration Nagpur,RFCTLARR_2013,Maharashtra,Nagpur,Hingna,Junapani (Rithi),2026-08-17,,,,,,,1,0,0,0,,,,IN_PROGRESS,District Collectorate & Administration Nagpur,nagpur_031_17869451492324.pdf,https://cdn.s3waas.gov.in/s3d1f491a404d6854880943e5c3cd9ca25/uploads/2026/08/17869451492324.pdf,2026-08-17,OCR,1,dd5452b4ba416577e5e61b377abf1841fc480593f912ebf3b8f2e10a8118e9e6
CAS_NAGPUR_030,65/अ-65/2025-26,PRJ_NAGPUR,,District Collectorate & Administration Nagpur,RFCTLARR_2013,Maharashtra,Nagpur,Hingna,Vadgaon (Bakshi),2026-08-17,,,,,,,1,0,0,0,,,,IN_PROGRESS,District Collectorate & Administration Nagpur,nagpur_032_17869450499883.pdf,https://cdn.s3waas.gov.in/s3d1f491a404d6854880943e5c3cd9ca25/uploads/2026/08/17869450499883.pdf,2026-08-17,OCR,1,f5fc05d79f83508d7b3987ee22b9e04b627e8606e7d68b9f293686f4d4aa6143
CAS_NAGPUR_031,63/A-65/2025-26,PRJ_NAGPUR,,District Collectorate & Administration Nagpur,RFCTLARR_2013,Maharashtra,Nagpur,Hingna,Murzadi,2026-08-17,,,,,,,1,0,0,0,,,,IN_PROGRESS,District Collectorate & Administration Nagpur,nagpur_033_17869449641705.pdf,https://cdn.s3waas.gov.in/s3d1f491a404d6854880943e5c3cd9ca25/uploads/2026/08/17869449641705.pdf,2026-08-17,OCR,1,982e67c1183f5bb27f547bade1d1654024dd89044fc74ca7d37202842528f33a
CAS_NAGPUR_032,62/A-65/2025-26,PRJ_NAGPUR,,District Collectorate & Administration Nagpur,RFCTLARR_2013,Maharashtra,Nagpur,Hingna,Haladgao,2026-08-17,,,,,,,1,0,0,0,,,,IN_PROGRESS,District Collectorate & Administration Nagpur,nagpur_034_17869447764003.pdf,https://cdn.s3waas.gov.in/s3d1f491a404d6854880943e5c3cd9ca25/uploads/2026/08/17869447764003.pdf,2026-08-17,OCR,1,328f7cec04f043bd2417d9d96a8f47ea9bf485506f415b4a087b24deec7ba2e5
CAS_NAGPUR_033,58/A-65/2025-26,PRJ_NAGPUR,,District Collectorate & Administration Nagpur,RFCTLARR_2013,Maharashtra,Nagpur,Hingna,Kohali (Rithi),2026-08-17,,,,,,,1,0,0,0,,,,IN_PROGRESS,District Collectorate & Administration Nagpur,nagpur_035_17869435932822.pdf,https://cdn.s3waas.gov.in/s3d1f491a404d6854880943e5c3cd9ca25/uploads/2026/08/17869435932822.pdf,2026-08-17,OCR,1,f95fcfe4959dbbcb1b4ca0efa996bc843bb7e989a693f7cbcd705bfdb61cfa4e
CAS_NAGPUR_034,22/A-65/2026-27,PRJ_NAGPUR,,District Collectorate & Administration Nagpur,RFCTLARR_2013,Maharashtra,Nagpur,Umred,Mhasepathar(Rithi),2026-08-14,,,,,,,1,0,0,0,,,,IN_PROGRESS,District Collectorate & Administration Nagpur,nagpur_036_17869433947169.pdf,https://cdn.s3waas.gov.in/s3d1f491a404d6854880943e5c3cd9ca25/uploads/2026/08/17869433947169.pdf,2026-08-14,TEXT,1,0300f7dcb4dd8246f7ad8abe20c793128b51c0db45f033801288fbeabbc76adc
CAS_NAGPUR_035,20/A-65/2026-27,PRJ_NAGPUR,,District Collectorate & Administration Nagpur,RFCTLARR_2013,Maharashtra,Nagpur,Umred,Umra,2026-08-14,,,,,,,1,0,0,0,,,,IN_PROGRESS,District Collectorate & Administration Nagpur,nagpur_037_17869433002182.pdf,https://cdn.s3waas.gov.in/s3d1f491a404d6854880943e5c3cd9ca25/uploads/2026/08/17869433002182.pdf,2026-08-14,TEXT,1,2113ca0483fc9e1385dca1ecc8dec25728def332681e76935c12e75c023815f4
CAS_NAGPUR_036,19/A-65/2026-27,PRJ_NAGPUR,,District Collectorate & Administration Nagpur,RFCTLARR_2013,Maharashtra,Nagpur,Umred,Tikhadi,2026-08-14,,,,,,,1,0,0,0,,,,IN_PROGRESS,District Collectorate & Administration Nagpur,nagpur_038_17869432006574.pdf,https://cdn.s3waas.gov.in/s3d1f491a404d6854880943e5c3cd9ca25/uploads/2026/08/17869432006574.pdf,2026-08-14,TEXT,1,37435411de3a7842a77a6c09383fa0e09fa3196dcd24fb3d91aa66c5f5717722
CAS_NAGPUR_037,18/A-65/2026-27,PRJ_NAGPUR,,District Collectorate & Administration Nagpur,RFCTLARR_2013,Maharashtra,Nagpur,Umred,Parsodi (Uti),2026-08-14,,,,,,,1,0,0,0,,,,IN_PROGRESS,District Collectorate & Administration Nagpur,nagpur_039_17869430655413.pdf,https://cdn.s3waas.gov.in/s3d1f491a404d6854880943e5c3cd9ca25/uploads/2026/08/17869430655413.pdf,2026-08-14,TEXT,1,ddee4550e28e3a9429c898917dc84d7de820d45244cb2844d577152639d9290d
CAS_NAGPUR_038,17/A-65/2026-27,PRJ_NAGPUR,,District Collectorate & Administration Nagpur,RFCTLARR_2013,Maharashtra,Nagpur,Umred,Haladgaon,2026-08-14,,,,,,,1,0,0,0,,,,IN_PROGRESS,District Collectorate & Administration Nagpur,nagpur_040_17867055587588.pdf,https://cdn.s3waas.gov.in/s3d1f491a404d6854880943e5c3cd9ca25/uploads/2026/08/17867055587588.pdf,2026-08-14,TEXT,1,bfc54d0e2718b6abef675556cbdf2648b03f09da1491adf52a42f9af1446919d
CAS_NAGPUR_039,16/A-65/2026-27,PRJ_NAGPUR,,District Collectorate & Administration Nagpur,RFCTLARR_2013,Maharashtra,Nagpur,,Bhiwapur,2026-08-14,,,,,,,1,0,0,0,,,,IN_PROGRESS,District Collectorate & Administration Nagpur,nagpur_041_17867054037704.pdf,https://cdn.s3waas.gov.in/s3d1f491a404d6854880943e5c3cd9ca25/uploads/2026/08/17867054037704.pdf,2026-08-14,TEXT,1,ff8da5cb42b858529afe6991e7cf3ace7fdc0eb73a26cc0805138fa5663911f1
CAS_NAGPUR_040,15/A-65/2026-27,PRJ_NAGPUR,,District Collectorate & Administration Nagpur,RFCTLARR_2013,Maharashtra,Nagpur,Umred,Pusagondi(Rithi),2026-08-14,,,,,,,1,0,0,0,,,,IN_PROGRESS,District Collectorate & Administration Nagpur,nagpur_042_17867052197084.pdf,https://cdn.s3waas.gov.in/s3d1f491a404d6854880943e5c3cd9ca25/uploads/2026/08/17867052197084.pdf,2026-08-14,TEXT,1,fc4962593a543de5f771dd40b0809c9e0f485c3edfc01ea500105c3a718c2533
CAS_NAGPUR_041,14/A-65/2026-27,PRJ_NAGPUR,,District Collectorate & Administration Nagpur,RFCTLARR_2013,Maharashtra,Nagpur,Umred,Wadegaon,2026-08-14,,,,,,,1,0,0,0,,,,IN_PROGRESS,District Collectorate & Administration Nagpur,nagpur_043_17867050557766.pdf,https://cdn.s3waas.gov.in/s3d1f491a404d6854880943e5c3cd9ca25/uploads/2026/08/17867050557766.pdf,2026-08-14,TEXT,1,2e8923bfbd3ca3f9c38bfdf14436767969f67d0e707a4f3c0c959b7f8ae74e36
CAS_NAGPUR_042,13/A-65/2026-27,PRJ_NAGPUR,,District Collectorate & Administration Nagpur,RFCTLARR_2013,Maharashtra,Nagpur,Umred,Barvha,2026-08-14,,,,,,,1,0,0,0,,,,IN_PROGRESS,District Collectorate & Administration Nagpur,nagpur_044_17867049224170.pdf,https://cdn.s3waas.gov.in/s3d1f491a404d6854880943e5c3cd9ca25/uploads/2026/08/17867049224170.pdf,2026-08-14,TEXT,1,ea97bf88eb15f4d25fe7a704219bdbe8ecfe852cf9aae7087f4be59ee19b580b
CAS_NAGPUR_043,12/A-65/2026-27,PRJ_NAGPUR,,District Collectorate & Administration Nagpur,RFCTLARR_2013,Maharashtra,Nagpur,Umred,Nirvaha,2026-08-14,,,,,,,1,0,0,0,,,,IN_PROGRESS,District Collectorate & Administration Nagpur,nagpur_045_17867045765857.pdf,https://cdn.s3waas.gov.in/s3d1f491a404d6854880943e5c3cd9ca25/uploads/2026/08/17867045765857.pdf,2026-08-14,TEXT,1,13f455a00d62b6441dcb466a82bccce50a003d5f102f164b9ca39e671371aef6
CAS_NAGPUR_044,10/A-65/2026-27,PRJ_NAGPUR,,District Collectorate & Administration Nagpur,RFCTLARR_2013,Maharashtra,Nagpur,Umred,Salai,2026-08-14,,,,,,,2,0,0,0,,,,IN_PROGRESS,District Collectorate & Administration Nagpur,nagpur_046_17867042026360.pdf,https://cdn.s3waas.gov.in/s3d1f491a404d6854880943e5c3cd9ca25/uploads/2026/08/17867042026360.pdf,2026-08-14,TEXT,1,d898e01a14c9764bcb772eb8a039063900d88c4b6b916dd62fb095e203de9b14
CAS_NAGPUR_045,9/A-65/2026-27,PRJ_NAGPUR,,District Collectorate & Administration Nagpur,RFCTLARR_2013,Maharashtra,Nagpur,कुही,Banor,2026-08-14,,,,,,,1,0,0,0,,,,IN_PROGRESS,District Collectorate & Administration Nagpur,nagpur_047_17867039643678.pdf,https://cdn.s3waas.gov.in/s3d1f491a404d6854880943e5c3cd9ca25/uploads/2026/08/17867039643678.pdf,2026-08-14,TEXT,1,4b727d0ae762da42d0bb4e6c6c8c50f790b4ffafa477d19803d5d76dc2b8eb97
CAS_NAGPUR_046,8/अ-65/2026-27,PRJ_NAGPUR,,District Collectorate & Administration Nagpur,RFCTLARR_2013,Maharashtra,Nagpur,Kuhi,Siroli(Rithi),2026-08-14,,,,,,,1,0,0,0,,,,IN_PROGRESS,District Collectorate & Administration Nagpur,nagpur_049_17867034838425.pdf,https://cdn.s3waas.gov.in/s3d1f491a404d6854880943e5c3cd9ca25/uploads/2026/08/17867034838425.pdf,2026-08-14,TEXT,1,ca91e3cfca2ded9228860a774ead6f3323d042860c537ebde1e22476fb5d896a
CAS_NAGPUR_047,7/अ-65/2026-27,PRJ_NAGPUR,,District Collectorate & Administration Nagpur,RFCTLARR_2013,Maharashtra,Nagpur,Kuhi,Wag,2026-08-14,,,,,,,1,0,0,0,,,,IN_PROGRESS,District Collectorate & Administration Nagpur,nagpur_050_17867030147239.pdf,https://cdn.s3waas.gov.in/s3d1f491a404d6854880943e5c3cd9ca25/uploads/2026/08/17867030147239.pdf,2026-08-14,TEXT,1,14c91731cdaba574797e5d64f12d66dcc2b6fa5d33b477d37337619988ccda4a
CAS_NAGPUR_048,6/अ-65/2026-27,PRJ_NAGPUR,,District Collectorate & Administration Nagpur,RFCTLARR_2013,Maharashtra,Nagpur,Kuhi,Mandhal,2026-08-14,,,,,,,1,0,0,0,,,,IN_PROGRESS,District Collectorate & Administration Nagpur,nagpur_051_17867026392575.pdf,https://cdn.s3waas.gov.in/s3d1f491a404d6854880943e5c3cd9ca25/uploads/2026/08/17867026392575.pdf,2026-08-14,TEXT,1,380ba5c992cfc007af52b69bd5fd15ce644f19271b970e066bc650bd3beabc97
CAS_NAGPUR_049,5/A-65/2026-27,PRJ_NAGPUR,,District Collectorate & Administration Nagpur,RFCTLARR_2013,Maharashtra,Nagpur,Kuhi,Bori Sadachar,2026-08-14,,,,,,,1,0,0,0,,,,IN_PROGRESS,District Collectorate & Administration Nagpur,nagpur_052_17867000836366.pdf,https://cdn.s3waas.gov.in/s3d1f491a404d6854880943e5c3cd9ca25/uploads/2026/08/17867000836366.pdf,2026-08-14,TEXT,1,4d561d005ebdc0c9db9a9a73e3ad52c854137a9c279ff71ea2df5bda5fb8a3e1
CAS_NAGPUR_050,4/अ-65/2026-27,PRJ_NAGPUR,,District Collectorate & Administration Nagpur,RFCTLARR_2013,Maharashtra,Nagpur,Kuhi,,2026-08-14,,,,,,,1,0,0,0,,,,IN_PROGRESS,District Collectorate & Administration Nagpur,nagpur_053_17866998881743.pdf,https://cdn.s3waas.gov.in/s3d1f491a404d6854880943e5c3cd9ca25/uploads/2026/08/17866998881743.pdf,2026-08-14,TEXT,1,8c5dbca214016ef169d5b3341afa0578f8bb72ac04c417544c53c3468bd3d944
CAS_NAGPUR_051,3/A-65/2026-27,PRJ_NAGPUR,,District Collectorate & Administration Nagpur,RFCTLARR_2013,Maharashtra,Nagpur,Kuhi,Pachkhedi (Gandli),2026-08-14,,,,,,,1,0,0,0,,,,IN_PROGRESS,District Collectorate & Administration Nagpur,nagpur_054_17866996048515.pdf,https://cdn.s3waas.gov.in/s3d1f491a404d6854880943e5c3cd9ca25/uploads/2026/08/17866996048515.pdf,2026-08-14,TEXT,1,34e0c85333d5d1ed123d96e11cfa29a21d2339bb314ae91f8795ccbe220a1600
CAS_NAGPUR_052,2/A-65/2026-27,PRJ_NAGPUR,,District Collectorate & Administration Nagpur,RFCTLARR_2013,Maharashtra,Nagpur,Kuhi,Karhandla,2026-08-14,,,,,,,1,0,0,0,,,,IN_PROGRESS,District Collectorate & Administration Nagpur,nagpur_055_17866994541885.pdf,https://cdn.s3waas.gov.in/s3d1f491a404d6854880943e5c3cd9ca25/uploads/2026/08/17866994541885.pdf,2026-08-14,TEXT,1,0c23815b28c56885978dde0c3bc659bd3b157c199676839d8102928902a4b8c0
CAS_NAGPUR_053,1/A-65/2026-27,PRJ_NAGPUR,,District Collectorate & Administration Nagpur,RFCTLARR_2013,Maharashtra,Nagpur,Kuhi,Rajoli,2026-08-14,,,,,,,1,0,0,0,,,,IN_PROGRESS,District Collectorate & Administration Nagpur,nagpur_056_17866992702275.pdf,https://cdn.s3waas.gov.in/s3d1f491a404d6854880943e5c3cd9ca25/uploads/2026/08/17866992702275.pdf,2026-08-14,TEXT,1,f5a97b7dbb5a1403b7e494bd7579af808ca0424fb4725d1526788d35109cf384
CAS_NAGPUR_054,13/A-65/2025-26,PRJ_NAGPUR,,District Collectorate & Administration Nagpur,RFCTLARR_2013,Maharashtra,Nagpur,Kuhi,Madanpur,2026-04-28,,,,,,,2,0,0,0,,,,IN_PROGRESS,District Collectorate & Administration Nagpur,nagpur_057_17851349449499.pdf,https://cdn.s3waas.gov.in/s3d1f491a404d6854880943e5c3cd9ca25/uploads/2026/07/17851349449499.pdf,2026-07-27,OCR,1,a3ac8d3e7d57c6a31ff280a9b99ef78a924f5d6382ac3229ef16283a000525a3
CAS_NAGPUR_055,12/A-65/2025-26,PRJ_NAGPUR,,District Collectorate & Administration Nagpur,RFCTLARR_2013,Maharashtra,Nagpur,Kuhi,Kinhi,2026-04-28,,,,,,,2,0,0,0,,,,IN_PROGRESS,District Collectorate & Administration Nagpur,nagpur_058_17851346679376.pdf,https://cdn.s3waas.gov.in/s3d1f491a404d6854880943e5c3cd9ca25/uploads/2026/07/17851346679376.pdf,2026-07-27,OCR,1,55eed2b3c1d9205d5589b5de6358bf58844420c3c282b906dd58210a117f3168
CAS_NAGPUR_056,,PRJ_MIDC_INDUSTR,MIDC Industrial Land Acquisition,District Collectorate & Administration Nagpur,MIDC_ACT_1961,Maharashtra,Nagpur,,Khrusapar,,,,,,,,1,0,0,0,,,,IN_PROGRESS,District Collectorate & Administration Nagpur,nagpur_059_17848696394139.pdf,https://cdn.s3waas.gov.in/s3d1f491a404d6854880943e5c3cd9ca25/uploads/2026/07/17848696394139.pdf,2026-07-24,OCR,1,a824737524cc11152c987278b223bb72d22d6a97b30c8cdaed53fdfc573b2d9b
CAS_NAGPUR_057,9/A-65/2021-2022,PRJ_KANHAN_RIVER,Kanhan River Project (Kochhi Barrage),District Collectorate & Administration Nagpur,RFCTLARR_2013,Maharashtra,Nagpur,Kuhi,Khairy Dhalgaon (Gaothan),,2025-06-19,,2026-07-14,,,,4,0,0,2,2025-02-14,2025-11-18,,EXTENSION_GRANTED,District Collectorate & Administration Nagpur,nagpur_060_17840326736570.pdf,https://cdn.s3waas.gov.in/s3d1f491a404d6854880943e5c3cd9ca25/uploads/2026/07/17840326736570.pdf,2026-07-14,OCR,1,d716f3003e4e32fdb114c94b1ea7cf3db62811a630c52ae63bc4aa39e64270ae
CAS_NAGPUR_058,,PRJ_RING_ROAD_PR,Ring Road Project,District Collectorate & Administration Nagpur,RFCTLARR_2013,Maharashtra,Nagpur,uka,,,,,,,,,1,0,0,0,,,,IN_PROGRESS,District Collectorate & Administration Nagpur,nagpur_061_17821998353528.pdf,https://cdn.s3waas.gov.in/s3d1f491a404d6854880943e5c3cd9ca25/uploads/2026/06/17821998353528.pdf,2026-06-23,OCR,1,1990c35c875da77312ac5121f1fc1359f9b6cb977b0d5922deeeeab0e6217347
CAS_NAGPUR_059,,PRJ_RING_ROAD_PR,Ring Road Project,District Collectorate & Administration Nagpur,RFCTLARR_2013,Maharashtra,Nagpur,uka,,,,,,,,,1,0,0,0,,,,IN_PROGRESS,District Collectorate & Administration Nagpur,nagpur_062_17821995134755.pdf,https://cdn.s3waas.gov.in/s3d1f491a404d6854880943e5c3cd9ca25/uploads/2026/06/17821995134755.pdf,2026-06-23,OCR,1,d1ceb6364eb5981d5313631c0be1c153e0b203d5544003dbbb2f21c3e7f4af58
CAS_NAGPUR_060,3/A-65/2025-26,PRJ_NAGPUR,,District Collectorate & Administration Nagpur,RFCTLARR_2013,Maharashtra,Nagpur,Nagpur (City),Chinchbhuvan,,,,,,,,1,0,0,0,,,,IN_PROGRESS,District Collectorate & Administration Nagpur,nagpur_063_17797930839009.pdf,https://cdn.s3waas.gov.in/s3d1f491a404d6854880943e5c3cd9ca25/uploads/2026/05/17797930839009.pdf,2026-05-26,OCR,1,2a32272ea22256a80f14d0b15407302438dbe8a26ed62fd7ab2eb6e79ec77953
CAS_NAGPUR_061,,PRJ_NAGPUR,,District Collectorate & Administration Nagpur,RFCTLARR_2013,Maharashtra,Nagpur,Hfrrswl cT,Valni,,,,,,,,1,0,0,0,,,,IN_PROGRESS,District Collectorate & Administration Nagpur,nagpur_064_17794523459073.pdf,https://cdn.s3waas.gov.in/s3d1f491a404d6854880943e5c3cd9ca25/uploads/2026/05/17794523459073.pdf,2026-05-21,TEXT,1,bcc6f51e92f3e9539e2edd225c6fea944d0a58d1c40d32127393bd80d30bcdf1
CAS_NAGPUR_062,5/A-651,PRJ_PUNE_SOLAPUR,Pune-Solapur-Wadi 3rd & 4th Railway Line Project,District Collectorate & Administration Nagpur,RFCTLARR_2013,Maharashtra,Nagpur,Nagpur (City),Sitabuldi,,,,,,,,1,0,0,1,2026-05-21,2026-05-21,,EXTENSION_GRANTED,District Collectorate & Administration Nagpur,nagpur_065_17793636608182.pdf,https://cdn.s3waas.gov.in/s3d1f491a404d6854880943e5c3cd9ca25/uploads/2026/05/17793636608182.pdf,2026-05-21,OCR,1,babb4f1e8fdfbe009305e52e9647f1baa4819d17f153c03c6edce804c2c6b976
CAS_NAGPUR_063,7/A-65/2025-26,PRJ_RING_ROAD_PR,Ring Road Project,District Collectorate & Administration Nagpur,RFCTLARR_2013,Maharashtra,Nagpur,kuhi,,,,,,,,,1,0,0,0,,,,IN_PROGRESS,District Collectorate & Administration Nagpur,nagpur_067_17793568951427.pdf,https://cdn.s3waas.gov.in/s3d1f491a404d6854880943e5c3cd9ca25/uploads/2026/05/17793568951427.pdf,2026-05-21,TEXT,1,4d8ab82bab64014209db1a933ebe6e53f186f8cde5e7c56cff27306319f72f9b
CAS_NAGPUR_064,,PRJ_NAGPUR,,District Collectorate & Administration Nagpur,RFCTLARR_2013,Maharashtra,Nagpur,,,,,,,,,,1,0,0,0,,,,IN_PROGRESS,District Collectorate & Administration Nagpur,nagpur_068_17785015463125.pdf,https://cdn.s3waas.gov.in/s3d1f491a404d6854880943e5c3cd9ca25/uploads/2026/05/17785015463125.pdf,2026-05-11,OCR,1,c2bff10e61bd3a243e7a243d5ff3a6b08df6eb9fb290ea3d44744cfc957c7d7f
CAS_NAGPUR_065,03/A-65/2025-2026,PRJ_NAGPUR,,District Collectorate & Administration Nagpur,RFCTLARR_2013,Maharashtra,Nagpur,Saoner,Ranala,2025-08-01,2026-03-30,,,,,,3,0,0,0,,,,IN_PROGRESS,District Collectorate & Administration Nagpur,nagpur_071_17751044621899.pdf,https://cdn.s3waas.gov.in/s3d1f491a404d6854880943e5c3cd9ca25/uploads/2026/04/17751044621899.pdf,2026-03-30,OCR,1,18e741a6753812838ca352067aa0d3fb7bc10c96fbe2ad7432f8e76ea74d06aa
CAS_NAGPUR_066,4/A-65/2025-2026,PRJ_NAGPUR,,District Collectorate & Administration Nagpur,RFCTLARR_2013,Maharashtra,Nagpur,Saoner,Bhanegaon,2025-09-29,2025-11-28,2025-09-19,,,,,7,0,0,0,,,,IN_PROGRESS,District Collectorate & Administration Nagpur,nagpur_072_17706154589431.pdf,https://cdn.s3waas.gov.in/s3d1f491a404d6854880943e5c3cd9ca25/uploads/2026/02/17706154589431.pdf,2026-02-02,OCR,1,1c39738f1fd3e1c2ad889c407460f5201ad31134fbbf7b4d9de3c996ddf22b84
CAS_NAGPUR_067,,PRJ_NAGPUR,,District Collectorate & Administration Nagpur,RFCTLARR_2013,Maharashtra,Nagpur,,,,2026-01-20,,,,,,1,0,0,0,,,,IN_PROGRESS,District Collectorate & Administration Nagpur,nagpur_073_17689060164811.pdf,https://cdn.s3waas.gov.in/s3d1f491a404d6854880943e5c3cd9ca25/uploads/2026/01/17689060164811.pdf,2026-01-20,OCR,1,d59022670da5ba51d1ccddcdc949ec62d91a0e7ebacb03d9330e04dbd2985b12
CAS_NAGPUR_068,3/A-65/2025-2026,PRJ_NAGPUR,,District Collectorate & Administration Nagpur,RFCTLARR_2013,Maharashtra,Nagpur,Kuhi,Kitali,2025-09-19,2025-11-28,2026-01-12,,,,,6,0,0,0,,,,IN_PROGRESS,District Collectorate & Administration Nagpur,nagpur_074_17688247428111.pdf,https://cdn.s3waas.gov.in/s3d1f491a404d6854880943e5c3cd9ca25/uploads/2026/01/17688247428111.pdf,2026-01-19,OCR,1,1a0d90c9f920f185c890a16111367f82fd68199de0f779f991cc434e66fae3da
CAS_NAGPUR_069,7/A-65/2025-2026,PRJ_NAGPUR,,District Collectorate & Administration Nagpur,RFCTLARR_2013,Maharashtra,Nagpur,Bhivapur,Savargao,2025-08-01,2025-12-15,2026-01-19,,,,,3,0,0,0,,,,IN_PROGRESS,District Collectorate & Administration Nagpur,nagpur_075_17688246237069.pdf,https://cdn.s3waas.gov.in/s3d1f491a404d6854880943e5c3cd9ca25/uploads/2026/01/17688246237069.pdf,2026-01-19,OCR,1,e0ac2b9c90e0dfd361e58c6dc15bb75620393124b26ca812639e0818ceb458fa
CAS_NAGPUR_070,8/A-65/2025-2026,PRJ_NAGPUR,,District Collectorate & Administration Nagpur,RFCTLARR_2013,Maharashtra,Nagpur,Kuhi,Chikhali,2025-09-19,2025-12-15,2026-01-19,,,,,3,0,0,0,,,,IN_PROGRESS,District Collectorate & Administration Nagpur,nagpur_076_17688243759198.pdf,https://cdn.s3waas.gov.in/s3d1f491a404d6854880943e5c3cd9ca25/uploads/2026/01/17688243759198.pdf,2026-01-19,OCR,1,4c222c997a0863108c6d9e7d66f9e60a6628d54a157fcdf577c35987fef33511
CAS_NAGPUR_071,1/A-65/2025-2026,PRJ_NAGPUR,,District Collectorate & Administration Nagpur,RFCTLARR_2013,Maharashtra,Nagpur,Kuhi,Pratappur,2025-09-19,2025-11-28,2026-01-12,,,,,6,0,0,0,,,,IN_PROGRESS,District Collectorate & Administration Nagpur,nagpur_077_17688236116141.pdf,https://cdn.s3waas.gov.in/s3d1f491a404d6854880943e5c3cd9ca25/uploads/2026/01/17688236116141.pdf,2026-01-19,OCR,1,618647e9725aefa187f9497230b07b06f2b6059d6bcde950bc8726e5f39b4cca
CAS_NAGPUR_072,2/A-65/2025-2026,PRJ_NAGPUR,,District Collectorate & Administration Nagpur,RFCTLARR_2013,Maharashtra,Nagpur,Kuhi,Bhivapur,2025-09-26,2025-11-28,2026-01-12,,,,,6,0,0,0,,,,IN_PROGRESS,District Collectorate & Administration Nagpur,nagpur_078_17688230811101.pdf,https://cdn.s3waas.gov.in/s3d1f491a404d6854880943e5c3cd9ca25/uploads/2026/01/17688230811101.pdf,2026-01-19,OCR,1,b3dc7ed5e7ba5042495cafe9c84e652bcec361177651140cad130c4cf15eb6c2
CAS_NAGPUR_073,8/A-65/2024-2025,PRJ_NAGPUR,,District Collectorate & Administration Nagpur,RFCTLARR_2013,Maharashtra,Nagpur,Kuhi,Ruyad,2025-09-29,2025-11-28,2026-01-12,,,,,4,0,0,0,,,,IN_PROGRESS,District Collectorate & Administration Nagpur,nagpur_083_17682069896680.pdf,https://cdn.s3waas.gov.in/s3d1f491a404d6854880943e5c3cd9ca25/uploads/2026/01/17682069896680.pdf,2026-01-12,TEXT,1,31bc280ec32342a862965de732008d412637d2b4c2f64b1738ec69bd08b2b8eb
CAS_NAGPUR_074,7/A-65/2024-2025,PRJ_NAGPUR,,District Collectorate & Administration Nagpur,RFCTLARR_2013,Maharashtra,Nagpur,Kuhi,Takli,2025-09-29,2025-11-28,2026-01-12,,,,,4,0,0,0,,,,IN_PROGRESS,District Collectorate & Administration Nagpur,nagpur_084_17682069279623.pdf,https://cdn.s3waas.gov.in/s3d1f491a404d6854880943e5c3cd9ca25/uploads/2026/01/17682069279623.pdf,2026-01-12,TEXT,1,1c17c63c07bbe2b32ef58e80f549b2e9fd3fb0f96c700df4c9c35ac98be0ce5e
CAS_NAGPUR_075,6/A-65/2024-2025,PRJ_NAGPUR,,District Collectorate & Administration Nagpur,RFCTLARR_2013,Maharashtra,Nagpur,Kuhi,Awarmara,2025-09-29,2025-11-28,2026-01-12,,,,,4,0,0,0,,,,IN_PROGRESS,District Collectorate & Administration Nagpur,nagpur_086_17682066548847.pdf,https://cdn.s3waas.gov.in/s3d1f491a404d6854880943e5c3cd9ca25/uploads/2026/01/17682066548847.pdf,2026-01-12,TEXT,1,1544c6cc89a5aa66d18860d2c011e17d1907eb51a0e7ba51626bfd770613daf4
CAS_NAGPUR_076,5/A-65/2024-2025,PRJ_NAGPUR,,District Collectorate & Administration Nagpur,RFCTLARR_2013,Maharashtra,Nagpur,Kuhi,Amti,2025-09-30,2025-11-28,2026-01-12,,,,,3,0,0,0,,,,IN_PROGRESS,District Collectorate & Administration Nagpur,nagpur_087_17682065535035.pdf,https://cdn.s3waas.gov.in/s3d1f491a404d6854880943e5c3cd9ca25/uploads/2026/01/17682065535035.pdf,2026-01-12,TEXT,1,99d871b517da996b039f90bf5863c1c8338715dab8e870c30d269e1a7b13a9f3
CAS_NAGPUR_077,4/A-65/2024-2025,PRJ_NAGPUR,,District Collectorate & Administration Nagpur,RFCTLARR_2013,Maharashtra,Nagpur,Kuhi,Kujba,2025-09-29,2025-07-29,2026-01-12,,,,,5,0,0,0,,,,IN_PROGRESS,District Collectorate & Administration Nagpur,nagpur_088_17682063413538.pdf,https://cdn.s3waas.gov.in/s3d1f491a404d6854880943e5c3cd9ca25/uploads/2026/01/17682063413538.pdf,2026-01-12,TEXT,1,0e581626fe8ec04a301b5cecebd30ca78823d36f00041dfd7c874c5e986ca986
CAS_NAGPUR_078,,PRJ_NAGPUR,,District Collectorate & Administration Nagpur,RFCTLARR_2013,Maharashtra,Nagpur,,,,,,,,,,1,0,0,0,,,,IN_PROGRESS,District Collectorate & Administration Nagpur,nagpur_089_17679568558932.pdf,https://cdn.s3waas.gov.in/s3d1f491a404d6854880943e5c3cd9ca25/uploads/2026/01/17679568558932.pdf,2026-01-09,OCR,1,6ed970b633e904a8a5ba221411781de0a58bc5a42ddf7735ad99e8318cd5ab8d
CAS_NAGPUR_079,,PRJ_NAGPUR,,District Collectorate & Administration Nagpur,RFCTLARR_2013,Maharashtra,Nagpur,,,,2025-11-18,,,,,,1,0,0,0,,,,IN_PROGRESS,District Collectorate & Administration Nagpur,nagpur_110_17634564016054.pdf,https://cdn.s3waas.gov.in/s3d1f491a404d6854880943e5c3cd9ca25/uploads/2025/11/17634564016054.pdf,2025-11-18,OCR,1,7ab29e3dc8e36e5718b062b95cdcecf4526de009318c2026fd3f9b0fef7b75a2
CAS_NAGPUR_080,,PRJ_NAGPUR,,District Collectorate & Administration Nagpur,RFCTLARR_2013,Maharashtra,Nagpur,Nagpur,Nagpur (Khas),,,,2025-11-06,,,,1,0,0,0,,,,AWARD_PASSED,District Collectorate & Administration Nagpur,nagpur_111_17624295835284.pdf,https://cdn.s3waas.gov.in/s3d1f491a404d6854880943e5c3cd9ca25/uploads/2025/11/17624295835284.pdf,2025-11-06,OCR,1,1304f16a82364bb30c03cca56d1ce6b18cd34efa629757a5e892f7cbc576663e
CAS_NAGPUR_081,,PRJ_NAGPUR,,District Collectorate & Administration Nagpur,RFCTLARR_2013,Maharashtra,Nagpur,Nagpur (City),Chikhali Khurd,,,,2025-10-30,,,,1,0,0,0,,,,AWARD_PASSED,District Collectorate & Administration Nagpur,nagpur_112_17618057025581.pdf,https://cdn.s3waas.gov.in/s3d1f491a404d6854880943e5c3cd9ca25/uploads/2025/10/17618057025581.pdf,2025-10-30,OCR,1,995fa5d0e1f710c901f44fdc91a16554d4397b5ceb425935d2b6674c1ede0ab7
CAS_NAGPUR_082,06/A-65/2025-2026,PRJ_NAGPUR,,District Collectorate & Administration Nagpur,RFCTLARR_2013,Maharashtra,Nagpur,t TiqHT,,2025-08-01,,,,,,,1,0,0,0,,,,IN_PROGRESS,District Collectorate & Administration Nagpur,nagpur_129_17540425672614.pdf,https://cdn.s3waas.gov.in/s3d1f491a404d6854880943e5c3cd9ca25/uploads/2025/08/17540425672614.pdf,2025-08-01,TEXT,1,5e5c1ea725d103c00b9baf0af2dcd68c5bcc863f362296e62742dc99a7e54dfb
CAS_NAGPUR_083,05/A-65/2025-2026,PRJ_NAGPUR,,District Collectorate & Administration Nagpur,RFCTLARR_2013,Maharashtra,Nagpur,,Navegao,2025-08-01,,,,,,,1,0,0,0,,,,IN_PROGRESS,District Collectorate & Administration Nagpur,nagpur_130_17540424622314.pdf,https://cdn.s3waas.gov.in/s3d1f491a404d6854880943e5c3cd9ca25/uploads/2025/08/17540424622314.pdf,2025-08-01,TEXT,1,fb4831d80a614b15a82a72f42ffb0b0876f5399853a1f595f05ad0ba33b46bed
CAS_NAGPUR_084,02/A-65/2025-2026,PRJ_NAGPUR,,District Collectorate & Administration Nagpur,RFCTLARR_2013,Maharashtra,Nagpur,,Kotgaon,2025-08-01,,,,,,,1,0,0,0,,,,IN_PROGRESS,District Collectorate & Administration Nagpur,nagpur_131_17540423866891.pdf,https://cdn.s3waas.gov.in/s3d1f491a404d6854880943e5c3cd9ca25/uploads/2025/08/17540423866891.pdf,2025-08-01,TEXT,1,d8eb776ca68671762929816cb8fce9cf2f7ad5a03f830360801548f6b9e3db6d
CAS_NAGPUR_085,04/A-65/2025-2026,PRJ_NAGPUR,,District Collectorate & Administration Nagpur,RFCTLARR_2013,Maharashtra,Nagpur,,,2025-08-01,,,,,,,1,0,0,0,,,,IN_PROGRESS,District Collectorate & Administration Nagpur,nagpur_133_17540421346536.pdf,https://cdn.s3waas.gov.in/s3d1f491a404d6854880943e5c3cd9ca25/uploads/2025/08/17540421346536.pdf,2025-08-01,TEXT,1,346c607e9101c6ff3eba606cc193d8e75a2d9a8d85164357d901956deaa548d4
CAS_NAGPUR_086,3/A-65/2024-2025,PRJ_NAGPUR,,District Collectorate & Administration Nagpur,RFCTLARR_2013,Maharashtra,Nagpur,Nagpur,Nagpur (Khas),,2025-07-03,2025-06-23,,,,,2,0,0,0,,,,IN_PROGRESS,District Collectorate & Administration Nagpur,nagpur_135_2025070286.pdf,https://cdn.s3waas.gov.in/s3d1f491a404d6854880943e5c3cd9ca25/uploads/2025/07/2025070286.pdf,2025-07-03,TEXT,1,1acc9e8cfd4b34f8fcce74da280dd4b1aaf0bab8552dfb70d3d0d37b18262fa4
CAS_NAGPUR_087,02/A-65/2024-2025,PRJ_NAGPUR,,District Collectorate & Administration Nagpur,RFCTLARR_2013,Maharashtra,Nagpur,Nagpur City,Nagpur (Khas),,,,,,,,2,0,0,0,,,,IN_PROGRESS,District Collectorate & Administration Nagpur,nagpur_136_2025062656.pdf,https://cdn.s3waas.gov.in/s3d1f491a404d6854880943e5c3cd9ca25/uploads/2025/06/2025062656.pdf,2025-06-26,OCR,1,c8634a016241cbc54f2bdfb72a30538ddcadd311cd768f3cdacf4f3579b3e774
CAS_NAGPUR_088,03/A-65/2024-2025,PRJ_NAGPUR,,District Collectorate & Administration Nagpur,RFCTLARR_2013,Maharashtra,Nagpur,Nagpur City,Chikhali Khurd,2025-01-14,,,,,,,4,0,0,0,,,,IN_PROGRESS,District Collectorate & Administration Nagpur,nagpur_137_2025062682.pdf,https://cdn.s3waas.gov.in/s3d1f491a404d6854880943e5c3cd9ca25/uploads/2025/06/2025062682.pdf,2025-06-26,OCR,1,b422af225f5a48ed30f7dd5d231e9b44ca8c5e0deabf3a74f47b4a939bb75562
CAS_NAGPUR_089,03/A-65/2023-24,PRJ_NAGPUR,,District Collectorate & Administration Nagpur,RFCTLARR_2013,Maharashtra,Nagpur,Nagpur City,Nagpur,,,2024-10-01,,,,,2,0,0,0,,,,IN_PROGRESS,District Collectorate & Administration Nagpur,nagpur_140_2025060534.pdf,https://cdn.s3waas.gov.in/s3d1f491a404d6854880943e5c3cd9ca25/uploads/2025/06/2025060534.pdf,2025-06-05,OCR,1,3d09ba3efd19169bba6e7cf3064e85740329e0d655046d42efdfe8c3b7187ba7
CAS_NAGPUR_090,3/A-65/2022-2023,PRJ_URBAN_DEVELO,Urban Development Plan (DP) Road Widening,District Collectorate & Administration Nagpur,RFCTLARR_2013,Maharashtra,Nagpur,,,,,,,,,,1,0,0,0,,,,IN_PROGRESS,District Collectorate & Administration Nagpur,nagpur_141_2025053024.pdf,https://cdn.s3waas.gov.in/s3d1f491a404d6854880943e5c3cd9ca25/uploads/2025/05/2025053024.pdf,2025-05-30,TEXT,1,3c85b6a1deaca5be22310ac90e5f8dc768e1f6c9b53d0c226d30ab2ecd2f6f26
CAS_NAGPUR_091,05/A-65/2022-23,PRJ_URBAN_DEVELO,Urban Development Plan (DP) Road Widening,District Collectorate & Administration Nagpur,RFCTLARR_2013,Maharashtra,Nagpur,Nagpur (Urban),Nagpur (Khas),,,2025-05-05,,,,,1,0,0,0,,,,IN_PROGRESS,District Collectorate & Administration Nagpur,nagpur_143_20250506100.pdf,https://cdn.s3waas.gov.in/s3d1f491a404d6854880943e5c3cd9ca25/uploads/2025/05/20250506100.pdf,2025-05-05,TEXT,1,d7eb8d6bbe3b2343b7da4a8c4a343c82bd3e3b008ed333418099f820f49acbf0
CAS_NAGPUR_092,,PRJ_URBAN_DEVELO,Urban Development Plan (DP) Road Widening,District Collectorate & Administration Nagpur,RFCTLARR_2013,Maharashtra,Nagpur,Nagpur(Urban),,,2025-03-03,,,,,,1,0,0,0,,,,IN_PROGRESS,District Collectorate & Administration Nagpur,nagpur_146_2025030487.pdf,https://cdn.s3waas.gov.in/s3d1f491a404d6854880943e5c3cd9ca25/uploads/2025/03/2025030487.pdf,2025-03-03,TEXT,1,05f80624fbdce09e31673866b9297f56a582fad0060c201deb4a8314443086d2
CAS_NAGPUR_093,24/A-65/2022-2023,PRJ_NAGPUR,,District Collectorate & Administration Nagpur,RFCTLARR_2013,Maharashtra,Nagpur,,Nagpur (Khas),,,2025-02-25,,,,,1,0,0,0,,,,IN_PROGRESS,District Collectorate & Administration Nagpur,nagpur_147_2025022578.pdf,https://cdn.s3waas.gov.in/s3d1f491a404d6854880943e5c3cd9ca25/uploads/2025/02/2025022578.pdf,2025-02-25,TEXT,1,f71f9e40f1795b43b003907500e95cfe7ab3d5c22bfae5def38a1bccc88c0c32
CAS_NAGPUR_094,28/A-65/2023-2024,PRJ_NAGPUR,,District Collectorate & Administration Nagpur,RFCTLARR_2013,Maharashtra,Nagpur,Kuhi,Chapeghat (Rithi),,2025-02-25,,,,,,1,0,0,0,,,,IN_PROGRESS,District Collectorate & Administration Nagpur,nagpur_148_2025022518.pdf,https://cdn.s3waas.gov.in/s3d1f491a404d6854880943e5c3cd9ca25/uploads/2025/02/2025022518.pdf,2025-02-25,TEXT,1,b0cac95d2f1b4209bb04e67b5ad429ee5fbf3fc8b0ee09ca476ecad9e8a376b9
CAS_NAGPUR_095,37/A-65/2023-2024,PRJ_NAGPUR,,District Collectorate & Administration Nagpur,RFCTLARR_2013,Maharashtra,Nagpur,Bhiwapur,Bhiwapur,,,,,,,,2,0,0,0,,,,IN_PROGRESS,District Collectorate & Administration Nagpur,nagpur_150_2025021868.pdf,https://cdn.s3waas.gov.in/s3d1f491a404d6854880943e5c3cd9ca25/uploads/2025/02/2025021868.pdf,2025-02-14,TEXT,1,608e60c4ee5e9b10549e1dd7dec21d4c6f751d50dd5eac1b97f34d11f7127927
CAS_NAGPUR_096,11/A-65/2018-19,PRJ_NAGPUR,,District Collectorate & Administration Nagpur,RFCTLARR_2013,Maharashtra,Nagpur,,Mouza Pipaldhara,,2025-02-12,,,,,,1,0,0,0,,,,IN_PROGRESS,District Collectorate & Administration Nagpur,nagpur_151_2025021263.pdf,https://cdn.s3waas.gov.in/s3d1f491a404d6854880943e5c3cd9ca25/uploads/2025/02/2025021263.pdf,2025-02-12,TEXT,1,dc0cb306347af8c52dc143af52d5bbaa0b9f596aa037a1008b272cd1e9c8857c
CAS_NAGPUR_097,03/A-65/2022-2023,PRJ_NAGPUR,,District Collectorate & Administration Nagpur,RFCTLARR_2013,Maharashtra,Nagpur,rfi,Nagpur (Khas),,,2025-02-07,,,,,2,0,0,0,,,,IN_PROGRESS,District Collectorate & Administration Nagpur,nagpur_152_2025020730.pdf,https://cdn.s3waas.gov.in/s3d1f491a404d6854880943e5c3cd9ca25/uploads/2025/02/2025020730.pdf,2025-02-07,TEXT,1,54d36b18a51142c52c58de4fafad4672e521335452efa7c68b963186335a35f4
CAS_NAGPUR_098,1/A-65/2024-2025,PRJ_NAGPUR,,District Collectorate & Administration Nagpur,RFCTLARR_2013,Maharashtra,Nagpur,Bhiwapur,Gondbori,,,,,,,,1,0,0,0,,,,IN_PROGRESS,District Collectorate & Administration Nagpur,nagpur_154_2025012386.pdf,https://cdn.s3waas.gov.in/s3d1f491a404d6854880943e5c3cd9ca25/uploads/2025/01/2025012386.pdf,2025-01-23,OCR,1,1c5fb71beb06afc669e748beb9f5ebfcded245f62669cd8adbd590f7ea0a25ff
CAS_NAGPUR_099,2/A-65/2024-2025,PRJ_NAGPUR,,District Collectorate & Administration Nagpur,RFCTLARR_2013,Maharashtra,Nagpur,Bhiwapur,Piparda (Rithi),,,,,,,,1,0,0,0,,,,IN_PROGRESS,District Collectorate & Administration Nagpur,nagpur_155_2025012320.pdf,https://cdn.s3waas.gov.in/s3d1f491a404d6854880943e5c3cd9ca25/uploads/2025/01/2025012320.pdf,2025-01-23,OCR,1,1fe7f9ada9aa1958d1d651f926e4d7bb594066b639f0cb23b1c1122f2706afe3
CAS_NAGPUR_100,,PRJ_NAGPUR,,District Collectorate & Administration Nagpur,RFCTLARR_2013,Maharashtra,Nagpur,,,2025-01-22,,,,,,,1,0,0,0,,,,IN_PROGRESS,District Collectorate & Administration Nagpur,nagpur_156_2025012291.pdf,https://cdn.s3waas.gov.in/s3d1f491a404d6854880943e5c3cd9ca25/uploads/2025/01/2025012291.pdf,2025-01-22,OCR,1,6e26c199aed038f67d962da411a7b5a7a9f60f9fd60d3ead68e6faa8cfa7f667
CAS_NAGPUR_101,29/A-65/2023-2024,PRJ_NAGPUR,,District Collectorate & Administration Nagpur,RFCTLARR_2013,Maharashtra,Nagpur,Kuhi,Chapegadi,,2025-01-21,,,,,,1,0,0,0,,,,IN_PROGRESS,District Collectorate & Administration Nagpur,nagpur_157_2025012183.pdf,https://cdn.s3waas.gov.in/s3d1f491a404d6854880943e5c3cd9ca25/uploads/2025/01/2025012183.pdf,2025-01-21,OCR,1,0658daa6ee969c7941946f22ae578b730e9549bb02ebb9b82d6a56d3ca9472b7
CAS_NAGPUR_102,30/A-65/2023-2024,PRJ_NAGPUR,,District Collectorate & Administration Nagpur,RFCTLARR_2013,Maharashtra,Nagpur,Kuhi,Savangi,,2025-01-21,,,,,,1,0,0,0,,,,IN_PROGRESS,District Collectorate & Administration Nagpur,nagpur_158_2025012160.pdf,https://cdn.s3waas.gov.in/s3d1f491a404d6854880943e5c3cd9ca25/uploads/2025/01/2025012160.pdf,2025-01-21,OCR,1,19244d4f553866b25038a1c8a34c97b16f56d26a1437625d4f990c2843fb9bd4
CAS_NAGPUR_103,36/A-65/2023-24,PRJ_NAGPUR,,District Collectorate & Administration Nagpur,RFCTLARR_2013,Maharashtra,Nagpur,Kuhi,Takli,,,,,,,,2,0,0,0,,,,IN_PROGRESS,District Collectorate & Administration Nagpur,nagpur_159_2025011538.pdf,https://cdn.s3waas.gov.in/s3d1f491a404d6854880943e5c3cd9ca25/uploads/2025/01/2025011538.pdf,2025-01-15,OCR,1,b5bd095ba03f6aa5d406b90db008ee936997a8fd73a2451f6a1eacfd3d36864b
CAS_NAGPUR_104,40/A-65/2023-24,PRJ_NAGPUR,,District Collectorate & Administration Nagpur,RFCTLARR_2013,Maharashtra,Nagpur,Bhiwapur,Thutanbori,,,,,,,,1,0,0,0,,,,IN_PROGRESS,District Collectorate & Administration Nagpur,nagpur_160_2025011593.pdf,https://cdn.s3waas.gov.in/s3d1f491a404d6854880943e5c3cd9ca25/uploads/2025/01/2025011593.pdf,2025-01-15,OCR,1,76ca2c444e861aea515bd4653d9a7c73c5d979a3b1c3faaf41f693cf6a2be048
CAS_NAGPUR_105,35/A-65/2023-24,PRJ_NAGPUR,,District Collectorate & Administration Nagpur,RFCTLARR_2013,Maharashtra,Nagpur,Kuhi,Awarmara,,,,,,,,2,0,0,0,,,,IN_PROGRESS,District Collectorate & Administration Nagpur,nagpur_161_2025011575.pdf,https://cdn.s3waas.gov.in/s3d1f491a404d6854880943e5c3cd9ca25/uploads/2025/01/2025011575.pdf,2025-01-15,OCR,1,64b7189d24112ca94b083b7d6a5c7f8c64e4d21cedd7bed2dffd13f595249575
CAS_NAGPUR_106,26/A-65/2022-23,PRJ_NAGPUR,,District Collectorate & Administration Nagpur,RFCTLARR_2013,Maharashtra,Nagpur,Kuhi,Kujba,,,,,,,,2,0,0,0,,,,IN_PROGRESS,District Collectorate & Administration Nagpur,nagpur_162_2025011517.pdf,https://cdn.s3waas.gov.in/s3d1f491a404d6854880943e5c3cd9ca25/uploads/2025/01/2025011517.pdf,2025-01-15,OCR,1,b25fa40109f5aecad06a75765c13d119f81520e2cb5918a2cb1c70085ec69230
CAS_NAGPUR_107,38/A-65/2023-24,PRJ_NAGPUR,,District Collectorate & Administration Nagpur,RFCTLARR_2013,Maharashtra,Nagpur,Kuhi,Veltur,,,,,,,,1,0,0,0,,,,IN_PROGRESS,District Collectorate & Administration Nagpur,nagpur_163_2025011591.pdf,https://cdn.s3waas.gov.in/s3d1f491a404d6854880943e5c3cd9ca25/uploads/2025/01/2025011591.pdf,2025-01-15,OCR,1,b5f601ed21cf7fb88aee2ac03a85a83b872ab8c5cc86c5063ab80d27afcba13b
CAS_NAGPUR_108,01/A-65/2024-2025,PRJ_NAGPUR,,District Collectorate & Administration Nagpur,RFCTLARR_2013,Maharashtra,Nagpur,Kuhi,Masli,2025-01-14,2025-01-14,,,,,,3,0,0,0,,,,IN_PROGRESS,District Collectorate & Administration Nagpur,nagpur_164_2025011475.pdf,https://cdn.s3waas.gov.in/s3d1f491a404d6854880943e5c3cd9ca25/uploads/2025/01/2025011475.pdf,2025-01-14,OCR,1,64a037acadeeb8682cc91f6cbe1ce8fad557ca0f2c631c4ad1d7ce3d16030be0
CAS_NAGPUR_109,05/A-65/2024-2025,PRJ_NAGPUR,,District Collectorate & Administration Nagpur,RFCTLARR_2013,Maharashtra,Nagpur,Mauda,Chirwa,2025-01-14,2025-01-14,,,,,,2,0,0,0,,,,IN_PROGRESS,District Collectorate & Administration Nagpur,nagpur_165_2025011439.pdf,https://cdn.s3waas.gov.in/s3d1f491a404d6854880943e5c3cd9ca25/uploads/2025/01/2025011439.pdf,2025-01-14,OCR,1,fee8ed6f149ab6824a8fc2147174f3c92ed4a7eef1cad766589b862d99dba9f6
CAS_NAGPUR_110,22/A-65/2024-2025,PRJ_NAGPUR,,District Collectorate & Administration Nagpur,RFCTLARR_2013,Maharashtra,Nagpur,Narkhed,Belona,2025-01-14,,,,,,,1,0,0,0,,,,IN_PROGRESS,District Collectorate & Administration Nagpur,nagpur_168_2025011477.pdf,https://cdn.s3waas.gov.in/s3d1f491a404d6854880943e5c3cd9ca25/uploads/2025/01/2025011477.pdf,2025-01-14,OCR,1,ca6c5ae2956f1c8687a4e48bab6e9c2b4122b1e200d0b094a4e3a3ff68273820
CAS_NAGPUR_111,20/A-65/2023-2024,PRJ_NAGPUR,,District Collectorate & Administration Nagpur,RFCTLARR_2013,Maharashtra,Nagpur,Nagpur Urban,Shivangaon,,2025-01-02,,,,,,1,0,0,0,,,,IN_PROGRESS,District Collectorate & Administration Nagpur,nagpur_171_2025010312.pdf,https://cdn.s3waas.gov.in/s3d1f491a404d6854880943e5c3cd9ca25/uploads/2025/01/2025010312.pdf,2025-01-02,OCR,1,66f5feee18da410696d429b8d9b4e34c8e36ee17908c3c6ecd5c432fc04f8dc3
CAS_NAGPUR_112,25/A-65/2022-23,PRJ_NAGPUR,,District Collectorate & Administration Nagpur,RFCTLARR_2013,Maharashtra,Nagpur,Kuhi,Aamti,,,,,,,,1,0,0,0,,,,IN_PROGRESS,District Collectorate & Administration Nagpur,nagpur_173_2024122730.pdf,https://cdn.s3waas.gov.in/s3d1f491a404d6854880943e5c3cd9ca25/uploads/2024/12/2024122730.pdf,2024-12-27,TEXT,1,442fa10b0344dea153dbf74372d46e5407dabedc0246e111bcf53cf0f2dace60
CAS_NAGPUR_113,03/A-65/2023-2024,PRJ_NAGPUR,,District Collectorate & Administration Nagpur,RFCTLARR_2013,Maharashtra,Nagpur,,Nagpur City,,,,,,,,1,0,0,0,,,,IN_PROGRESS,District Collectorate & Administration Nagpur,nagpur_174_20241212100.pdf,https://cdn.s3waas.gov.in/s3d1f491a404d6854880943e5c3cd9ca25/uploads/2024/12/20241212100.pdf,2024-12-12,OCR,1,f2d33a88e4c58a425f670eb6add59c91fc659d6217ad43df2044aaafac0bc1d7
CAS_NAGPUR_114,40/A-65/2023-2024,PRJ_NAGPUR,,District Collectorate & Administration Nagpur,RFCTLARR_2013,Maharashtra,Nagpur,Bhivapur,Thutanbori,,,,,,,,1,0,0,0,,,,IN_PROGRESS,District Collectorate & Administration Nagpur,nagpur_178_2024120294.pdf,https://cdn.s3waas.gov.in/s3d1f491a404d6854880943e5c3cd9ca25/uploads/2024/12/2024120294.pdf,2024-12-02,OCR,1,c9c7dd09dd3814e49798ad84e7dba7721ad249d7291452a870fa56c08ac91bfc
CAS_NAGPUR_115,,PRJ_NAGPUR,,District Collectorate & Administration Nagpur,RFCTLARR_2013,Maharashtra,Nagpur,Saoner,Khariy Dhalgaon,,,,,,,,1,0,0,1,2024-10-11,2024-10-11,,EXTENSION_GRANTED,District Collectorate & Administration Nagpur,nagpur_179_2024111319.pdf,https://cdn.s3waas.gov.in/s3d1f491a404d6854880943e5c3cd9ca25/uploads/2024/11/2024111319.pdf,2024-10-11,TEXT,1,0900609bfa9b8f92c6aa279437ff635dbc3db36b8e3999b9baff35b4f34a7c19
CAS_NAGPUR_116,11/A-65/2018-2019,PRJ_NAGPUR,,District Collectorate & Administration Nagpur,RFCTLARR_2013,Maharashtra,Nagpur,,Pimpaldhara,,2024-09-06,,,,,,1,0,0,0,,,,IN_PROGRESS,District Collectorate & Administration Nagpur,nagpur_181_2024090678.pdf,https://cdn.s3waas.gov.in/s3d1f491a404d6854880943e5c3cd9ca25/uploads/2024/09/2024090678.pdf,2024-09-06,OCR,1,e8ddedd84812c32410e68cf27c2281002bc72263eff644112cb38295fdb77ac7
CAS_NAGPUR_117,23/A-65/2022-2023,PRJ_NAGPUR,,District Collectorate & Administration Nagpur,RFCTLARR_2013,Maharashtra,Nagpur,Nagpur,Nagpur,,,,,,,,1,0,0,0,,,,IN_PROGRESS,District Collectorate & Administration Nagpur,nagpur_182_2024082225.pdf,https://cdn.s3waas.gov.in/s3d1f491a404d6854880943e5c3cd9ca25/uploads/2024/08/2024082225.pdf,2024-08-22,OCR,1,fc8a480b81b383939fabaa94128c2015f047ca589e2660ba4f016a5c9eab03c9
CAS_NAGPUR_118,34/A-65/2023-2024,PRJ_NAGPUR,,District Collectorate & Administration Nagpur,RFCTLARR_2013,Maharashtra,Nagpur,Kuhi,Ruyad,,,,,,,,1,0,0,0,,,,IN_PROGRESS,District Collectorate & Administration Nagpur,nagpur_183_2024082287.pdf,https://cdn.s3waas.gov.in/s3d1f491a404d6854880943e5c3cd9ca25/uploads/2024/08/2024082287.pdf,2024-08-22,TEXT,1,72613cbbbaffd163d7e682c426c16ae2a7521aed69ff2f142a7ce93d254c9b3d
CAS_NAGPUR_119,27/A-65/2022-2023,PRJ_NAGPUR,,District Collectorate & Administration Nagpur,RFCTLARR_2013,Maharashtra,Nagpur,Kuhi,Gorha,,,,,,,,1,0,0,0,,,,IN_PROGRESS,District Collectorate & Administration Nagpur,nagpur_184_2024081453.pdf,https://cdn.s3waas.gov.in/s3d1f491a404d6854880943e5c3cd9ca25/uploads/2024/08/2024081453.pdf,2024-08-14,TEXT,1,e8790cde41c95187e24ee5f593a3fa7172e19f314b2b98d2395016b58a72b78f
CAS_NAGPUR_120,20/A-65/2023-24,PRJ_NAGPUR,,District Collectorate & Administration Nagpur,RFCTLARR_2013,Maharashtra,Nagpur,Nagpur (City),Shivangaon,2024-08-08,,,,,,,1,0,0,0,,,,IN_PROGRESS,District Collectorate & Administration Nagpur,nagpur_185_2024080817.pdf,https://cdn.s3waas.gov.in/s3d1f491a404d6854880943e5c3cd9ca25/uploads/2024/08/2024080817.pdf,2024-08-08,OCR,1,2a84a6e33b315c6533c20a66e563dd808f810f6e85ac9a7159669f715ca61590
CAS_NAGPUR_121,14/A-65/2023-24,PRJ_NAGPUR,,District Collectorate & Administration Nagpur,RFCTLARR_2013,Maharashtra,Nagpur,Nagpur (City),Chikhali(Devasthan),,2024-08-08,,,,,,1,0,0,0,,,,IN_PROGRESS,District Collectorate & Administration Nagpur,nagpur_186_2024080888.pdf,https://cdn.s3waas.gov.in/s3d1f491a404d6854880943e5c3cd9ca25/uploads/2024/08/2024080888.pdf,2024-08-08,OCR,1,9693a99a9c23897be3b0734de1a3d44ab833ebdf2d68ba9d96cc94d33faaff9c
CAS_NAGPUR_122,03/A-65,PRJ_NAGPUR,,District Collectorate & Administration Nagpur,RFCTLARR_2013,Maharashtra,Nagpur,Nagpur City,Nagpur,,,,,,,,1,0,0,0,,,,IN_PROGRESS,District Collectorate & Administration Nagpur,nagpur_187_2024080652.pdf,https://cdn.s3waas.gov.in/s3d1f491a404d6854880943e5c3cd9ca25/uploads/2024/08/2024080652.pdf,2024-08-06,OCR,1,9db3d31277c82228fa60b5230de4868e0004d71fefc3b85b6422eb0c81a38ddf
CAS_NAGPUR_123,24/A-65/2022-23,PRJ_NAGPUR,,District Collectorate & Administration Nagpur,RFCTLARR_2013,Maharashtra,Nagpur,,,,,,,,,,1,0,0,0,,,,IN_PROGRESS,District Collectorate & Administration Nagpur,nagpur_188_2024072992.pdf,https://cdn.s3waas.gov.in/s3d1f491a404d6854880943e5c3cd9ca25/uploads/2024/07/2024072992.pdf,2024-07-29,TEXT,1,28929a4afc67ee60921b5b4a92157c51b939a61a71d967c50f7007136ff7af51
CAS_NAGPUR_124,02/A-65,PRJ_NAGPUR,,District Collectorate & Administration Nagpur,RFCTLARR_2013,Maharashtra,Nagpur,,,,,,,,,,1,0,0,0,,,,IN_PROGRESS,District Collectorate & Administration Nagpur,nagpur_189_2024071086.pdf,https://cdn.s3waas.gov.in/s3d1f491a404d6854880943e5c3cd9ca25/uploads/2024/07/2024071086.pdf,2024-07-10,OCR,1,3fd9725435ea06ff114ad775ce08023a6c301f341da2dbec8cfd367ccf374a37
CAS_NAGPUR_125,21/A-65/2022-2023,PRJ_NAGPUR,,District Collectorate & Administration Nagpur,RFCTLARR_2013,Maharashtra,Nagpur,Kuhi,Ruyad,,,,,,,,1,0,0,0,,,,IN_PROGRESS,District Collectorate & Administration Nagpur,nagpur_190_2024062591.pdf,https://cdn.s3waas.gov.in/s3d1f491a404d6854880943e5c3cd9ca25/uploads/2024/06/2024062591.pdf,2024-06-25,TEXT,1,5297b4de6647dafaed253c9e6e3ac44fa7e65196050b364b75f2178c9f35c699
CAS_NAGPUR_126,19/A-65/2022-2023,PRJ_NAGPUR,,District Collectorate & Administration Nagpur,RFCTLARR_2013,Maharashtra,Nagpur,Kuhi,Ruyad,,,,,,,,1,0,0,0,,,,IN_PROGRESS,District Collectorate & Administration Nagpur,nagpur_191_2024062596.pdf,https://cdn.s3waas.gov.in/s3d1f491a404d6854880943e5c3cd9ca25/uploads/2024/06/2024062596.pdf,2024-06-25,TEXT,1,6c741fb6340e4d883249a3579de0750cdaf831f3b87c0bb500e9e8a65518c12d
CAS_NAGPUR_127,31/A-65/2023-24,PRJ_NAGPUR,,District Collectorate & Administration Nagpur,RFCTLARR_2013,Maharashtra,Nagpur,Bhiwapur,Pimparada(Rithi),,2024-04-30,,,,,,1,0,0,0,,,,IN_PROGRESS,District Collectorate & Administration Nagpur,nagpur_192_2024043081.pdf,https://cdn.s3waas.gov.in/s3d1f491a404d6854880943e5c3cd9ca25/uploads/2024/04/2024043081.pdf,2024-04-30,TEXT,1,c892c2be7fba991586336d7625b421a1dfa3d4b23c4175b7eb82f8028a1a24c9
CAS_NAGPUR_128,33/A-65/2023-24,PRJ_NAGPUR,,District Collectorate & Administration Nagpur,RFCTLARR_2013,Maharashtra,Nagpur,Bhiwapur,Gondbori,,2024-04-30,,,,,,1,0,0,0,,,,IN_PROGRESS,District Collectorate & Administration Nagpur,nagpur_193_2024043073.pdf,https://cdn.s3waas.gov.in/s3d1f491a404d6854880943e5c3cd9ca25/uploads/2024/04/2024043073.pdf,2024-04-30,TEXT,1,e3933faa529d0d4e2be0ccba8a23ac16c7d472aa175e586b6ec1dcb147bc0279
CAS_NAGPUR_129,32/A-65/2023-24,PRJ_NAGPUR,,District Collectorate & Administration Nagpur,RFCTLARR_2013,Maharashtra,Nagpur,Bhiwapur,Gondbori,,2024-04-30,,,,,,1,0,0,0,,,,IN_PROGRESS,District Collectorate & Administration Nagpur,nagpur_194_2024043026.pdf,https://cdn.s3waas.gov.in/s3d1f491a404d6854880943e5c3cd9ca25/uploads/2024/04/2024043026.pdf,2024-04-30,TEXT,1,8fff453c7281e36ef5ca6c6bdb1c1269e4f28f31fb4cf2f71655b851c987358f
CAS_NAGPUR_130,30/A-65/2023-24,PRJ_NAGPUR,,District Collectorate & Administration Nagpur,RFCTLARR_2013,Maharashtra,Nagpur,Kuhi,Sawangi,2024-03-14,,,,,,,1,0,0,0,,,,IN_PROGRESS,District Collectorate & Administration Nagpur,nagpur_195_2024031446.pdf,https://cdn.s3waas.gov.in/s3d1f491a404d6854880943e5c3cd9ca25/uploads/2024/03/2024031446.pdf,2024-03-14,TEXT,1,18580feb9da24cacde4129c5f6a4b4ea6f051dfab03a212cd7b3f5a1a5719678
CAS_NAGPUR_131,29/A-65/2023-24,PRJ_NAGPUR,,District Collectorate & Administration Nagpur,RFCTLARR_2013,Maharashtra,Nagpur,Kuhi,chapegadi(Rithi),2024-03-14,,,,,,,1,0,0,0,,,,IN_PROGRESS,District Collectorate & Administration Nagpur,nagpur_196_2024031436.pdf,https://cdn.s3waas.gov.in/s3d1f491a404d6854880943e5c3cd9ca25/uploads/2024/03/2024031436.pdf,2024-03-14,TEXT,1,b9a1f33227e24d99ab55c6a524fdaf60644e6f8cdfa59c1787b81b781722dd22
CAS_NAGPUR_132,28/A-65/2023-24,PRJ_NAGPUR,,District Collectorate & Administration Nagpur,RFCTLARR_2013,Maharashtra,Nagpur,Kuhi,Chapeghat (Rithi),2024-03-14,,,,,,,1,0,0,0,,,,IN_PROGRESS,District Collectorate & Administration Nagpur,nagpur_197_2024031445.pdf,https://cdn.s3waas.gov.in/s3d1f491a404d6854880943e5c3cd9ca25/uploads/2024/03/2024031445.pdf,2024-03-14,TEXT,1,624daa181d415afe2b4e30599bf582ab55b7c40cdd6a212a4ff746f3ec664864
CAS_NAGPUR_133,02/A-65/2023-24,PRJ_NAGPUR,,District Collectorate & Administration Nagpur,RFCTLARR_2013,Maharashtra,Nagpur,,,,2024-03-14,,,,,,1,0,0,0,,,,IN_PROGRESS,District Collectorate & Administration Nagpur,nagpur_198_2024031488.pdf,https://cdn.s3waas.gov.in/s3d1f491a404d6854880943e5c3cd9ca25/uploads/2024/03/2024031488.pdf,2024-03-14,OCR,1,1cba51e37d528746595f0119d33f9834bd83a7806943e2b72d398c4b7e6c6437
CAS_NAGPUR_134,2/A-65/2023-24,PRJ_NAGPUR,,District Collectorate & Administration Nagpur,RFCTLARR_2013,Maharashtra,Nagpur,Hingna,Wanadongri,,,,,,,,1,0,0,0,,,,IN_PROGRESS,District Collectorate & Administration Nagpur,nagpur_199_20240313100.pdf,https://cdn.s3waas.gov.in/s3d1f491a404d6854880943e5c3cd9ca25/uploads/2024/03/20240313100.pdf,2024-03-13,OCR,1,0bd7a26794fe9bdaa182094cf5770f213a57b7eb37c9ad0d185027ad966c0e1c
CAS_NAGPUR_135,1/A-65/2023-24,PRJ_NAGPUR,,District Collectorate & Administration Nagpur,RFCTLARR_2013,Maharashtra,Nagpur,Hingna,Wanadongri,,,,,,,,1,0,0,0,,,,IN_PROGRESS,District Collectorate & Administration Nagpur,nagpur_200_2024031330.pdf,https://cdn.s3waas.gov.in/s3d1f491a404d6854880943e5c3cd9ca25/uploads/2024/03/2024031330.pdf,2024-03-13,OCR,1,a53107fea2e611b07a1a273c4d78ca4beb573a7fddb5f26793346d41457dc441
CAS_NAGPUR_136,15/A-65/2018-2019,PRJ_NAGPUR,,District Collectorate & Administration Nagpur,RFCTLARR_2013,Maharashtra,Nagpur,,Pimpladhara,,2024-03-07,,,,,,1,0,0,0,,,,IN_PROGRESS,District Collectorate & Administration Nagpur,nagpur_201_2024030737.pdf,https://cdn.s3waas.gov.in/s3d1f491a404d6854880943e5c3cd9ca25/uploads/2024/03/2024030737.pdf,2024-03-07,OCR,1,3c7df5bc793d4c576a30c8fda05b253c21733b099d718a68e1fd758dbcc71b9a
CAS_NAGPUR_137,02/A-65/2022-2023,PRJ_NAGPUR,,District Collectorate & Administration Nagpur,RFCTLARR_2013,Maharashtra,Nagpur,,,,,,,,,,1,0,0,0,,,,IN_PROGRESS,District Collectorate & Administration Nagpur,nagpur_202_2024030575.pdf,https://cdn.s3waas.gov.in/s3d1f491a404d6854880943e5c3cd9ca25/uploads/2024/03/2024030575.pdf,2024-03-05,OCR,1,31b32b114a16ba1ff90900cfc5396fa9abd5a0b040c3d1009feb059839c437ee
CAS_NAGPUR_138,14/A-65/2023-2024,PRJ_NAGPUR,,District Collectorate & Administration Nagpur,RFCTLARR_2013,Maharashtra,Nagpur,Nagpur(City),,2024-02-27,,,,,,,1,0,0,0,,,,IN_PROGRESS,District Collectorate & Administration Nagpur,nagpur_203_2024022930.pdf,https://cdn.s3waas.gov.in/s3d1f491a404d6854880943e5c3cd9ca25/uploads/2024/02/2024022930.pdf,2024-02-27,OCR,1,5b109c611233cde849ff893b2b5b5b12ee9151fd1e6a89e9f01ec8636d4a8319
CAS_NAGPUR_139,17/A-65/2022-23,PRJ_NAGPUR,,District Collectorate & Administration Nagpur,RFCTLARR_2013,Maharashtra,Nagpur,Bhivapur,Adyal,,,,,,,,1,0,0,0,,,,IN_PROGRESS,District Collectorate & Administration Nagpur,nagpur_204_2024022831.pdf,https://cdn.s3waas.gov.in/s3d1f491a404d6854880943e5c3cd9ca25/uploads/2024/02/2024022831.pdf,2024-02-22,OCR,1,e1b2e921a16f285b10ea22bd8141287ee33f481178b899a63d10b7d7239d8077
CAS_NAGPUR_140,01/A-65/2020-2021,PRJ_NAGPUR,,District Collectorate & Administration Nagpur,RFCTLARR_2013,Maharashtra,Nagpur,Bhivapur,Mokhala,,,,,,,,1,0,0,0,,,,IN_PROGRESS,District Collectorate & Administration Nagpur,nagpur_205_2024020120.pdf,https://cdn.s3waas.gov.in/s3d1f491a404d6854880943e5c3cd9ca25/uploads/2024/02/2024020120.pdf,2024-01-31,TEXT,1,5fd5aa9d574687f82bc04ed5547a689b84617d99f90395ffe6bad6d91a189439
CAS_NAGPUR_141,16/A-65/2022-2023,PRJ_NAGPUR,,District Collectorate & Administration Nagpur,RFCTLARR_2013,Maharashtra,Nagpur,,,,2023-12-22,,,,,,1,0,0,0,,,,IN_PROGRESS,District Collectorate & Administration Nagpur,nagpur_206_2023122268-1.pdf,https://cdn.s3waas.gov.in/s3d1f491a404d6854880943e5c3cd9ca25/uploads/2023/12/2023122268-1.pdf,2023-12-22,OCR,1,b6fa18fc1ea9f3ef8a9b4cce1b54822909aa8b2eb7a172ee080b97f1dce2f434
CAS_NAGPUR_142,18/A-65/2022-2023,PRJ_NAGPUR,,District Collectorate & Administration Nagpur,RFCTLARR_2013,Maharashtra,Nagpur,,,,2023-12-22,,,,,,1,0,0,0,,,,IN_PROGRESS,District Collectorate & Administration Nagpur,nagpur_207_2023122268.pdf,https://cdn.s3waas.gov.in/s3d1f491a404d6854880943e5c3cd9ca25/uploads/2023/12/2023122268.pdf,2023-12-22,OCR,1,dd234eea421b7b2fa9ec423463d7f740fecf8b842f5c0d1388700fe99bae0010
CAS_PUNE_143,807/B,PRJ_PUNE,,District Collectorate & Administration Pune,RFCTLARR_2013,Maharashtra,Pune,,,,,,,,,,1,0,0,0,,,,IN_PROGRESS,District Collectorate & Administration Pune,pune_208_17900791641133.pdf,https://cdn.s3waas.gov.in/s3ffeabd223de0d4eacb9a3e6e53e5448d/uploads/2026/09/17900791641133.pdf,2026-09-04,OCR,1,0617be75328774c87e6523dd5424b79fcd934ce1bcc061d494c22c7a620e75d2
CAS_PUNE_144,,PRJ_URBAN_DEVELO,Urban Development Plan (DP) Road Widening,District Collectorate & Administration Pune,RFCTLARR_2013,Maharashtra,Pune,Haveli,Borhadewadi,,,,,,,,1,0,0,0,,,,IN_PROGRESS,District Collectorate & Administration Pune,pune_209_17899863254024.pdf,https://cdn.s3waas.gov.in/s3ffeabd223de0d4eacb9a3e6e53e5448d/uploads/2026/09/17899863254024.pdf,2026-09-10,TEXT,1,673a718813d28d353161a8c6f2672162d764af97f30972ce5616018c171c449b
CAS_PUNE_145,,PRJ_URBAN_DEVELO,Urban Development Plan (DP) Road Widening,District Collectorate & Administration Pune,RFCTLARR_2013,Maharashtra,Pune,Haveli,Moshi,,,,,,,,1,0,0,0,,,,IN_PROGRESS,District Collectorate & Administration Pune,pune_210_17899863437096.pdf,https://cdn.s3waas.gov.in/s3ffeabd223de0d4eacb9a3e6e53e5448d/uploads/2026/09/17899863437096.pdf,2026-09-10,TEXT,1,ae2059ba9e3cfa1267b240a5fbf3c6b78b51c1ec5cae0b1e14c93cd7e1347253
CAS_PUNE_146,,PRJ_URBAN_DEVELO,Urban Development Plan (DP) Road Widening,District Collectorate & Administration Pune,RFCTLARR_2013,Maharashtra,Pune,,,,,,,,,,1,0,0,0,,,,IN_PROGRESS,District Collectorate & Administration Pune,pune_211_17899863549723.pdf,https://cdn.s3waas.gov.in/s3ffeabd223de0d4eacb9a3e6e53e5448d/uploads/2026/09/17899863549723.pdf,2026-09-10,TEXT,1,76c2b46586d7e57a5c8ea0120309708eaff3bdeb4d7cc421123ea81dffcee3d9
CAS_PUNE_147,46/5,PRJ_URBAN_DEVELO,Urban Development Plan (DP) Road Widening,District Collectorate & Administration Pune,RAILWAYS_ACT_2008,Maharashtra,Pune,Haweli,,2026-08-25,,,,,,,1,0,0,0,,,,IN_PROGRESS,District Collectorate & Administration Pune,pune_212_17879183061101.pdf,https://cdn.s3waas.gov.in/s3ffeabd223de0d4eacb9a3e6e53e5448d/uploads/2026/08/17879183061101.pdf,2026-08-25,OCR,1,c6a86e27fc29144d3b524e24d81bb0b5c7b7051996a8e105b8257a45bd508e57
CAS_PUNE_148,,PRJ_PUNE,,District Collectorate & Administration Pune,RFCTLARR_2013,Maharashtra,Pune,,,2026-08-14,,,,,,,1,0,0,0,,,,IN_PROGRESS,District Collectorate & Administration Pune,pune_213_17867130795298.pdf,https://cdn.s3waas.gov.in/s3ffeabd223de0d4eacb9a3e6e53e5448d/uploads/2026/08/17867130795298.pdf,2026-08-14,OCR,1,71117eead784af146a2c542e1af074ddb8a984a31f12ab9f287e29c11feb73ca
CAS_PUNE_149,,PRJ_PUNE,,District Collectorate & Administration Pune,RFCTLARR_2013,Maharashtra,Pune,,,,,,2026-07-31,,,,1,0,0,0,,,,AWARD_PASSED,District Collectorate & Administration Pune,pune_214_17863548436664.pdf,https://cdn.s3waas.gov.in/s3ffeabd223de0d4eacb9a3e6e53e5448d/uploads/2026/08/17863548436664.pdf,2026-07-31,OCR,1,92ed6aa699ba0be00e6727339fd6d291636649f740e08fde9b36d6dd7a9a7d1a
CAS_PUNE_150,,PRJ_PUNE,,District Collectorate & Administration Pune,RFCTLARR_2013,Maharashtra,Pune,,,,,,2026-07-31,,,,1,0,0,0,,,,AWARD_PASSED,District Collectorate & Administration Pune,pune_215_17863545206911.pdf,https://cdn.s3waas.gov.in/s3ffeabd223de0d4eacb9a3e6e53e5448d/uploads/2026/08/17863545206911.pdf,2026-07-31,OCR,1,c2cf2ab40e94fbe32bd3181fd53a7aa6959c31e77c242c4dce5feef9d6616d80
CAS_PUNE_151,,PRJ_PUNE,,District Collectorate & Administration Pune,RFCTLARR_2013,Maharashtra,Pune,,,,,,2026-07-31,,,,1,0,0,0,,,,AWARD_PASSED,District Collectorate & Administration Pune,pune_216_17863543499967.pdf,https://cdn.s3waas.gov.in/s3ffeabd223de0d4eacb9a3e6e53e5448d/uploads/2026/08/17863543499967.pdf,2026-07-31,OCR,1,f0ef3ce182b1b3ec514aa2126846be3d5eb818e51d8a4d4a24ff72d31761626d
CAS_PUNE_152,,PRJ_PUNE,,District Collectorate & Administration Pune,RFCTLARR_2013,Maharashtra,Pune,,,,,,2026-07-31,,,,1,0,0,0,,,,AWARD_PASSED,District Collectorate & Administration Pune,pune_217_17863542082258.pdf,https://cdn.s3waas.gov.in/s3ffeabd223de0d4eacb9a3e6e53e5448d/uploads/2026/08/17863542082258.pdf,2026-07-31,OCR,1,4071f6efed93d4b2e10f2e1608b1d51c15d83254bf1c9d4410e3657c1d85520d
CAS_PUNE_153,,PRJ_PUNE,,District Collectorate & Administration Pune,RFCTLARR_2013,Maharashtra,Pune,,,,,,2026-07-31,,,,1,0,0,0,,,,AWARD_PASSED,District Collectorate & Administration Pune,pune_219_17863538322715.pdf,https://cdn.s3waas.gov.in/s3ffeabd223de0d4eacb9a3e6e53e5448d/uploads/2026/08/17863538322715.pdf,2026-07-31,OCR,1,a48b5fc8f1bd61ed4bd7a8a6b82af967625c1749e53236b4c571674d57f51a2d
CAS_PUNE_154,,PRJ_NIRA_DEVGHAR,Nira Devghar Irrigation Project,District Collectorate & Administration Pune,RFCTLARR_2013,Maharashtra,Pune,Bhor,Salav,,,,,,,,2,0,0,0,,,,IN_PROGRESS,District Collectorate & Administration Pune,pune_220_17827317674201.pdf,https://cdn.s3waas.gov.in/s3ffeabd223de0d4eacb9a3e6e53e5448d/uploads/2026/06/17827317674201.pdf,2026-06-15,OCR,1,878146f1705f8e03dc6a20679e7574746b6fae02f326a615df0f3a233e72f5ef
CAS_PUNE_155,,PRJ_PUNE,,District Collectorate & Administration Pune,RFCTLARR_2013,Maharashtra,Pune,Mulshi,Ambadvet,,,,,,,,1,0,0,0,,,,IN_PROGRESS,District Collectorate & Administration Pune,pune_221_17827290338678.pdf,https://cdn.s3waas.gov.in/s3ffeabd223de0d4eacb9a3e6e53e5448d/uploads/2026/06/17827290338678.pdf,2026-06-29,OCR,1,adcaeae876c8dfa0a15308c12c03acc3088dd91861e30bd4d98ac2905777eb13
CAS_PUNE_156,,PRJ_NIRA_DEVGHAR,Nira Devghar Irrigation Project,District Collectorate & Administration Pune,RFCTLARR_2013,Maharashtra,Pune,Bhor,Parhar Khurd,,,,,,,,1,0,0,0,,,,IN_PROGRESS,District Collectorate & Administration Pune,pune_222_17806566758765.pdf,https://cdn.s3waas.gov.in/s3ffeabd223de0d4eacb9a3e6e53e5448d/uploads/2026/06/17806566758765.pdf,2026-06-05,OCR,1,04feafcc108295a511259e376227a9c2e9c234a851706fb3beaf0ce4fae06bd8
CAS_PUNE_157,,PRJ_NATIONAL_HIG,National Highway NH-548-D,District Collectorate & Administration Pune,NATIONAL_HIGHWAYS_ACT_1956,Maharashtra,Pune,Shirur,Nhavara,,,,,,,,1,0,0,0,,,,IN_PROGRESS,District Collectorate & Administration Pune,pune_224_17791885608776.pdf,https://cdn.s3waas.gov.in/s3ffeabd223de0d4eacb9a3e6e53e5448d/uploads/2026/05/17791885608776.pdf,2026-05-15,OCR,1,5c8a0c744b93300fbfd5944a1581e115afe10bc0815d640b6238f3e1455760e9
CAS_PUNE_158,,PRJ_NATIONAL_HIG,National Highway NH-548-D,District Collectorate & Administration Pune,NATIONAL_HIGHWAYS_ACT_1956,Maharashtra,Pune,Shirur,Shikrapur,,,,,,,,1,0,0,0,,,,IN_PROGRESS,District Collectorate & Administration Pune,pune_225_17791883103206.pdf,https://cdn.s3waas.gov.in/s3ffeabd223de0d4eacb9a3e6e53e5448d/uploads/2026/05/17791883103206.pdf,2026-05-15,OCR,1,251ac51f49b5b01c59722a6e3a722b94f8d5927041d6601febd990f568022738
CAS_PUNE_159,,PRJ_NATIONAL_HIG,National Highway NH-548-D,District Collectorate & Administration Pune,NATIONAL_HIGHWAYS_ACT_1956,Maharashtra,Pune,Shirur,Kasari,,,,,,,,1,0,0,0,,,,IN_PROGRESS,District Collectorate & Administration Pune,pune_226_17791879613777.pdf,https://cdn.s3waas.gov.in/s3ffeabd223de0d4eacb9a3e6e53e5448d/uploads/2026/05/17791879613777.pdf,2026-05-15,OCR,1,880ba5184beff46d006f3b286923dcd5f804565ab44bc0a92012f857681209e0
CAS_PUNE_160,,PRJ_NATIONAL_HIG,National Highway NH-9,District Collectorate & Administration Pune,NATIONAL_HIGHWAYS_ACT_1956,Maharashtra,Pune,Indapur,Bandgarwadi,,,,,,,,1,0,0,0,,,,IN_PROGRESS,District Collectorate & Administration Pune,pune_227_17790905954433.pdf,https://cdn.s3waas.gov.in/s3ffeabd223de0d4eacb9a3e6e53e5448d/uploads/2026/05/17790905954433.pdf,2026-05-15,OCR,1,2edcdc9437a67f5ba37dd468ff3e8bf74d11e052e6800ada9974774969b6dd38
CAS_PUNE_161,,PRJ_URBAN_DEVELO,Urban Development Plan (DP) Road Widening,District Collectorate & Administration Pune,LAND_ACQUISITION_ACT_1894,Maharashtra,Pune,Pune City,,2026-05-04,,,,,,,1,0,0,0,,,,IN_PROGRESS,District Collectorate & Administration Pune,pune_228_17779791647651.pdf,https://cdn.s3waas.gov.in/s3ffeabd223de0d4eacb9a3e6e53e5448d/uploads/2026/05/17779791647651.pdf,2026-05-04,OCR,1,3df793f5d48c4d4539258d1e49c7b17ad8f326a668712f2c5c818feda5edf974
CAS_PUNE_162,,PRJ_URBAN_DEVELO,Urban Development Plan (DP) Road Widening,District Collectorate & Administration Pune,RFCTLARR_2013,Maharashtra,Pune,,,,,,2026-04-27,,,,1,0,0,0,,,,AWARD_PASSED,District Collectorate & Administration Pune,pune_229_17778779739595.pdf,https://cdn.s3waas.gov.in/s3ffeabd223de0d4eacb9a3e6e53e5448d/uploads/2026/05/17778779739595.pdf,2026-04-27,OCR,1,6311a2fd2eb7ce7eadcd30818ebd2c8d5b81e01699f5c9e4a7015b74c7d4387e
CAS_PUNE_163,23/3,PRJ_URBAN_DEVELO,Urban Development Plan (DP) Road Widening,District Collectorate & Administration Pune,RFCTLARR_2013,Maharashtra,Pune,Haveli,,,,,,,,,1,0,0,0,,,,IN_PROGRESS,District Collectorate & Administration Pune,pune_230_17733109989773.pdf,https://cdn.s3waas.gov.in/s3ffeabd223de0d4eacb9a3e6e53e5448d/uploads/2026/03/17733109989773.pdf,2026-03-09,TEXT,1,5acb93dbaf6a6b1692a14c7c59cf718413e528c46bc6601101c773f4db177b72
CAS_PUNE_164,2/3,PRJ_URBAN_DEVELO,Urban Development Plan (DP) Road Widening,District Collectorate & Administration Pune,RFCTLARR_2013,Maharashtra,Pune,Haveli,,,,,,,,,1,0,0,0,,,,IN_PROGRESS,District Collectorate & Administration Pune,pune_231_17703641267695.pdf,https://cdn.s3waas.gov.in/s3ffeabd223de0d4eacb9a3e6e53e5448d/uploads/2026/02/17703641267695.pdf,2026-02-05,OCR,1,69189bdc118b26126c351f0c6c698bacf4d283378c0e5b4a02087c454f4b3f38
CAS_PUNE_165,,PRJ_PUNE,,District Collectorate & Administration Pune,RFCTLARR_2013,Maharashtra,Pune,,,,,,,,,,1,0,0,0,,,,IN_PROGRESS,District Collectorate & Administration Pune,pune_232_17591337046966.pdf,https://cdn.s3waas.gov.in/s3ffeabd223de0d4eacb9a3e6e53e5448d/uploads/2025/09/17591337046966.pdf,2025-09-25,OCR,1,4b4db760b690539dc38f6de1db82a7c637ee9d47d59a7f7d42d689af414991d7
CAS_PUNE_166,,PRJ_PUNE,,District Collectorate & Administration Pune,RFCTLARR_2013,Maharashtra,Pune,,,,,,,,,,1,0,0,0,,,,IN_PROGRESS,District Collectorate & Administration Pune,pune_233_17582885799560.pdf,https://cdn.s3waas.gov.in/s3ffeabd223de0d4eacb9a3e6e53e5448d/uploads/2025/09/17582885799560.pdf,2025-09-17,OCR,1,404026fa8c08ec2606ed85dac700a8fc537d7dd239ab2c41971e1207ffe08034
CAS_PUNE_167,,PRJ_PUNE,,District Collectorate & Administration Pune,RFCTLARR_2013,Maharashtra,Pune,,,,,,,,,,1,0,0,0,,,,IN_PROGRESS,District Collectorate & Administration Pune,pune_234_17575732762960.pdf,https://cdn.s3waas.gov.in/s3ffeabd223de0d4eacb9a3e6e53e5448d/uploads/2025/09/17575732762960.pdf,2025-09-10,OCR,1,8789cae3fd8721ca2b542e7e0b54e4792d6093747427dd90d50c445a85b3d9cf
CAS_PUNE_168,,PRJ_PUNE,,District Collectorate & Administration Pune,RFCTLARR_2013,Maharashtra,Pune,Haveli,,,,,2025-08-28,,,,1,0,0,0,,,,AWARD_PASSED,District Collectorate & Administration Pune,pune_235_17569841999532.pdf,https://cdn.s3waas.gov.in/s3ffeabd223de0d4eacb9a3e6e53e5448d/uploads/2025/09/17569841999532.pdf,2025-08-28,OCR,1,a268f46f23dc2370347864e070809d0727b376552ccc97e3d2975cebdc29a6d7
CAS_PUNE_169,,PRJ_PUNE,,District Collectorate & Administration Pune,RFCTLARR_2013,Maharashtra,Pune,,,,,,,,,,1,0,0,0,,,,IN_PROGRESS,District Collectorate & Administration Pune,pune_236_17568867412811.pdf,https://cdn.s3waas.gov.in/s3ffeabd223de0d4eacb9a3e6e53e5448d/uploads/2025/09/17568867412811.pdf,2025-09-03,TEXT,1,61d810e677713556653e266c67e3155dd73df6e1461b54e6f36a1eccadce613b
CAS_PUNE_170,,PRJ_PUNE,,District Collectorate & Administration Pune,RFCTLARR_2013,Maharashtra,Pune,,,,,,,,,,1,0,0,0,,,,IN_PROGRESS,District Collectorate & Administration Pune,pune_237_17542941301650.pdf,https://cdn.s3waas.gov.in/s3ffeabd223de0d4eacb9a3e6e53e5448d/uploads/2025/08/17542941301650.pdf,2025-08-04,OCR,1,e9d8e6d3e2987148e003ca24e078d7de14cda7070f9c241c3b037c7006dd533d
CAS_PUNE_171,,PRJ_PUNE,,District Collectorate & Administration Pune,RFCTLARR_2013,Maharashtra,Pune,,,,,,,,,,1,0,0,0,,,,IN_PROGRESS,District Collectorate & Administration Pune,pune_238_17534301506668.pdf,https://cdn.s3waas.gov.in/s3ffeabd223de0d4eacb9a3e6e53e5448d/uploads/2025/07/17534301506668.pdf,2025-07-21,OCR,1,102d5087ed321a1446eb6010372eb20fd407232144651bea4134299dc4af83a9
CAS_PUNE_172,584/1,PRJ_PUNE,,District Collectorate & Administration Pune,RFCTLARR_2013,Maharashtra,Pune,,,,,,,,,,1,0,0,0,,,,IN_PROGRESS,District Collectorate & Administration Pune,pune_239_17534295588795.pdf,https://cdn.s3waas.gov.in/s3ffeabd223de0d4eacb9a3e6e53e5448d/uploads/2025/07/17534295588795.pdf,2025-07-21,OCR,1,126de2d4c275ed956832f153e87d56f2d40a164bad402e0d523828ddc133a707
CAS_PUNE_173,,PRJ_PUNE,,District Collectorate & Administration Pune,RFCTLARR_2013,Maharashtra,Pune,,,,,,,,,,1,0,0,0,,,,IN_PROGRESS,District Collectorate & Administration Pune,pune_240_17531722957596.pdf,https://cdn.s3waas.gov.in/s3ffeabd223de0d4eacb9a3e6e53e5448d/uploads/2025/07/17531722957596.pdf,2025-07-17,OCR,1,79d44fc478da8308f36e7b731f9f3a720e815c9ab188619aafe6cd641498b9a0
CAS_PUNE_174,,PRJ_PUNE,,District Collectorate & Administration Pune,RFCTLARR_2013,Maharashtra,Pune,,,,,,2025-07-17,,,,1,0,0,0,,,,AWARD_PASSED,District Collectorate & Administration Pune,pune_241_17531720671843.pdf,https://cdn.s3waas.gov.in/s3ffeabd223de0d4eacb9a3e6e53e5448d/uploads/2025/07/17531720671843.pdf,2025-07-17,OCR,1,4552dd216ee2176b389ec5b76fb465e20b116996c50143731ca548cabe80226f
CAS_PUNE_175,,PRJ_PUNE,,District Collectorate & Administration Pune,RFCTLARR_2013,Maharashtra,Pune,,,,,,,,,,1,0,0,0,,,,IN_PROGRESS,District Collectorate & Administration Pune,pune_242_2025070426.pdf,https://cdn.s3waas.gov.in/s3ffeabd223de0d4eacb9a3e6e53e5448d/uploads/2025/07/2025070426.pdf,2025-06-06,OCR,1,f7a69055a5fcd0ac078bf2b6502c6e843b559b2aa8811f29aa941c6dd1226e19
CAS_PUNE_176,,PRJ_PUNE,,District Collectorate & Administration Pune,RFCTLARR_2013,Maharashtra,Pune,,,,,,,,,,1,0,0,0,,,,IN_PROGRESS,District Collectorate & Administration Pune,pune_243_2025070256.pdf,https://cdn.s3waas.gov.in/s3ffeabd223de0d4eacb9a3e6e53e5448d/uploads/2025/07/2025070256.pdf,2025-06-27,TEXT,1,45886aa14e2b94e8a4612de3c6263d4f9890aba8886139179e2a44debb35f739
CAS_PUNE_177,,PRJ_PUNE,,District Collectorate & Administration Pune,RFCTLARR_2013,Maharashtra,Pune,,,,,,,,,,1,0,0,0,,,,IN_PROGRESS,District Collectorate & Administration Pune,pune_244_2025070250.pdf,https://cdn.s3waas.gov.in/s3ffeabd223de0d4eacb9a3e6e53e5448d/uploads/2025/07/2025070250.pdf,2025-06-27,TEXT,1,f528e798166ad481a2bfc071c49cdd3fdff4e2aa19aa361f758fca503395c43d
CAS_PUNE_178,,PRJ_PUNE,,District Collectorate & Administration Pune,RFCTLARR_2013,Maharashtra,Pune,,,,,,2025-06-06,,,,1,0,0,0,,,,AWARD_PASSED,District Collectorate & Administration Pune,pune_245_2025062612.pdf,https://cdn.s3waas.gov.in/s3ffeabd223de0d4eacb9a3e6e53e5448d/uploads/2025/06/2025062612.pdf,2025-06-06,TEXT,1,8f65e9f9a3a407a5bd8a530629d92235703b80da8e24ced765b3441cb0907528
CAS_PUNE_179,,PRJ_PUNE,,District Collectorate & Administration Pune,RFCTLARR_2013,Maharashtra,Pune,,,,,,,,,,1,0,0,0,,,,IN_PROGRESS,District Collectorate & Administration Pune,pune_246_2025062646.pdf,https://cdn.s3waas.gov.in/s3ffeabd223de0d4eacb9a3e6e53e5448d/uploads/2025/06/2025062646.pdf,2025-06-06,OCR,1,9f85b367c3707ccc9a561b3893d41f4137df9092912852feb1566194a0c30567
CAS_PUNE_180,,PRJ_PUNE,,District Collectorate & Administration Pune,RFCTLARR_2013,Maharashtra,Pune,,,,,,,,,,1,0,0,0,,,,IN_PROGRESS,District Collectorate & Administration Pune,pune_247_2025060362.pdf,https://cdn.s3waas.gov.in/s3ffeabd223de0d4eacb9a3e6e53e5448d/uploads/2025/06/2025060362.pdf,2025-04-17,OCR,1,7b29e87afd4c6d8c83308cb61107dcdfee585613402baba26177398ca939b1f7
CAS_PUNE_181,,PRJ_PUNE,,District Collectorate & Administration Pune,RFCTLARR_2013,Maharashtra,Pune,,,,,,,,,,1,0,0,0,,,,IN_PROGRESS,District Collectorate & Administration Pune,pune_248_2025050280.pdf,https://cdn.s3waas.gov.in/s3ffeabd223de0d4eacb9a3e6e53e5448d/uploads/2025/05/2025050280.pdf,2025-04-21,TEXT,1,820bc4d45cc15ac0968ba8c4d30497c779e8fd89a9ef1291d5ba026f3a029b4a
CAS_PUNE_182,,PRJ_PUNE,,District Collectorate & Administration Pune,RFCTLARR_2013,Maharashtra,Pune,,,,,,,,,,1,0,0,0,,,,IN_PROGRESS,District Collectorate & Administration Pune,pune_249_20250502100.pdf,https://cdn.s3waas.gov.in/s3ffeabd223de0d4eacb9a3e6e53e5448d/uploads/2025/05/20250502100.pdf,2025-04-21,TEXT,1,05b32938aebc2cdc03f1d21d439ce17e1b827f26c5377c4c37e3f34c5458210a
CAS_PUNE_183,,PRJ_PUNE,,District Collectorate & Administration Pune,RFCTLARR_2013,Maharashtra,Pune,,,,,,,,,,1,0,0,0,,,,IN_PROGRESS,District Collectorate & Administration Pune,pune_250_2025050287.pdf,https://cdn.s3waas.gov.in/s3ffeabd223de0d4eacb9a3e6e53e5448d/uploads/2025/05/2025050287.pdf,2025-04-21,TEXT,1,a681655306373defeff4c1e37ecac49699c2f29264b995b0630331e9380f5ebf
CAS_PUNE_184,,PRJ_PUNE,,District Collectorate & Administration Pune,RFCTLARR_2013,Maharashtra,Pune,,,,,,,,,,1,0,0,0,,,,IN_PROGRESS,District Collectorate & Administration Pune,pune_251_2025043091.pdf,https://cdn.s3waas.gov.in/s3ffeabd223de0d4eacb9a3e6e53e5448d/uploads/2025/04/2025043091.pdf,2025-04-04,OCR,1,d24fbd633a1ad26e68235539d2ebef82cf340342a5915f568fff6bb24d1802fe
CAS_PUNE_185,,PRJ_PUNE,,District Collectorate & Administration Pune,RFCTLARR_2013,Maharashtra,Pune,,,,,,,,,,1,0,0,0,,,,IN_PROGRESS,District Collectorate & Administration Pune,pune_252_2025043041.pdf,https://cdn.s3waas.gov.in/s3ffeabd223de0d4eacb9a3e6e53e5448d/uploads/2025/04/2025043041.pdf,2025-04-04,OCR,1,0f19367dbad88320de3d90f7fda58b0c0cda15d52d1e1332f9c9ec3ac9309971
CAS_PUNE_186,,PRJ_PUNE,,District Collectorate & Administration Pune,RFCTLARR_2013,Maharashtra,Pune,khed,,,,,2025-04-23,,,,1,0,0,0,,,,AWARD_PASSED,District Collectorate & Administration Pune,pune_253_2025042471.pdf,https://cdn.s3waas.gov.in/s3ffeabd223de0d4eacb9a3e6e53e5448d/uploads/2025/04/2025042471.pdf,2025-04-23,OCR,1,81dadddf12888cbc0ee7cbace8f3eff4486133eaf650febb4056de6401b75f23
CAS_PUNE_187,46/6,PRJ_URBAN_DEVELO,Urban Development Plan (DP) Road Widening,District Collectorate & Administration Pune,LAND_ACQUISITION_ACT_1894,Maharashtra,Pune,Haveli,,,,,,,,,1,0,0,0,,,,IN_PROGRESS,District Collectorate & Administration Pune,pune_254_2025042116.pdf,https://cdn.s3waas.gov.in/s3ffeabd223de0d4eacb9a3e6e53e5448d/uploads/2025/04/2025042116.pdf,2025-03-17,OCR,1,abe76c7d5002dff00e3fcd694a85ce478e6fb4696ca28c9a60cc54e367dd19e6
CAS_PUNE_188,,PRJ_PUNE,,District Collectorate & Administration Pune,RFCTLARR_2013,Maharashtra,Pune,,,,,,2025-02-27,,,,1,0,0,0,,,,AWARD_PASSED,District Collectorate & Administration Pune,pune_255_2025032550.pdf,https://cdn.s3waas.gov.in/s3ffeabd223de0d4eacb9a3e6e53e5448d/uploads/2025/03/2025032550.pdf,2025-02-27,TEXT,1,d28471ffda7fb1aa13383fb59162bec679ebe9cc37cdd413cc66810b2c244c66
CAS_PUNE_189,,PRJ_PUNE,,District Collectorate & Administration Pune,RFCTLARR_2013,Maharashtra,Pune,,,,,,,,,,1,0,0,0,,,,IN_PROGRESS,District Collectorate & Administration Pune,pune_256_2025032549.pdf,https://cdn.s3waas.gov.in/s3ffeabd223de0d4eacb9a3e6e53e5448d/uploads/2025/03/2025032549.pdf,2025-02-27,TEXT,1,7c5ef36416d40460646156528685daf649d66a7b678c1800cf141494d046361b
CAS_PUNE_190,,PRJ_PUNE,,District Collectorate & Administration Pune,RFCTLARR_2013,Maharashtra,Pune,HH fOnT,,,,,,,,,1,0,0,0,,,,IN_PROGRESS,District Collectorate & Administration Pune,pune_257_2025032526.pdf,https://cdn.s3waas.gov.in/s3ffeabd223de0d4eacb9a3e6e53e5448d/uploads/2025/03/2025032526.pdf,2025-02-27,TEXT,1,0f5db64361c49a978acee26639a6d1312e32cace3b6d963f08cdc29bedf9cfc3
CAS_PUNE_191,,PRJ_PUNE,,District Collectorate & Administration Pune,RFCTLARR_2013,Maharashtra,Pune,qgTITFt aNNvq,,,,,,,,,1,0,0,0,,,,IN_PROGRESS,District Collectorate & Administration Pune,pune_258_2025032543.pdf,https://cdn.s3waas.gov.in/s3ffeabd223de0d4eacb9a3e6e53e5448d/uploads/2025/03/2025032543.pdf,2025-02-27,TEXT,1,b1afdab0bbeb93d25926df2f911a45f5c105ae89b4962b831afa2898e6d54701
CAS_PUNE_192,,PRJ_PUNE,,District Collectorate & Administration Pune,RFCTLARR_2013,Maharashtra,Pune,,,,,,,,,,1,0,0,0,,,,IN_PROGRESS,District Collectorate & Administration Pune,pune_259_2025032432.pdf,https://cdn.s3waas.gov.in/s3ffeabd223de0d4eacb9a3e6e53e5448d/uploads/2025/03/2025032432.pdf,2025-02-27,OCR,1,7a78c49230ca959af077e5192dc7f7a0a9c495829b6a128d3f62d7d29aa266ce
CAS_PUNE_193,,PRJ_PUNE,,District Collectorate & Administration Pune,RFCTLARR_2013,Maharashtra,Pune,,,,,,,,,,1,0,0,0,,,,IN_PROGRESS,District Collectorate & Administration Pune,pune_260_2025032442.pdf,https://cdn.s3waas.gov.in/s3ffeabd223de0d4eacb9a3e6e53e5448d/uploads/2025/03/2025032442.pdf,2025-03-13,OCR,1,d239f42388d61db71a9cb8554cffcb0a5e2c1950d8d3a2f3c2037c894d59424f
CAS_PUNE_194,,PRJ_PUNE,,District Collectorate & Administration Pune,RFCTLARR_2013,Maharashtra,Pune,,,,,,,,,,1,0,0,0,,,,IN_PROGRESS,District Collectorate & Administration Pune,pune_261_2025032453.pdf,https://cdn.s3waas.gov.in/s3ffeabd223de0d4eacb9a3e6e53e5448d/uploads/2025/03/2025032453.pdf,2025-03-13,OCR,1,e071d0bb3589b37c918774d41712e79761c8664a36b29cda3dc47ddf06e2ef3f
CAS_PUNE_195,,PRJ_PUNE,,District Collectorate & Administration Pune,RFCTLARR_2013,Maharashtra,Pune,,,,,,,,,,1,0,0,0,,,,IN_PROGRESS,District Collectorate & Administration Pune,pune_262_2025032415.pdf,https://cdn.s3waas.gov.in/s3ffeabd223de0d4eacb9a3e6e53e5448d/uploads/2025/03/2025032415.pdf,2025-03-13,OCR,1,bd43e3f6f438412d3911cb54cfa1160ebc96d20dbe0e67c70eafd2121ec1cc5d
CAS_PUNE_196,,PRJ_PUNE,,District Collectorate & Administration Pune,RFCTLARR_2013,Maharashtra,Pune,,,,,,,,,,1,0,0,0,,,,IN_PROGRESS,District Collectorate & Administration Pune,pune_263_2025032160.pdf,https://cdn.s3waas.gov.in/s3ffeabd223de0d4eacb9a3e6e53e5448d/uploads/2025/03/2025032160.pdf,2025-03-20,TEXT,1,00c1839ebf18a0a17c671a8dbb0c2d859040fd4ffbae990becb0471d004a70cf
CAS_PUNE_197,,PRJ_PUNE,,District Collectorate & Administration Pune,RFCTLARR_2013,Maharashtra,Pune,,,,,,,,,,1,0,0,0,,,,IN_PROGRESS,District Collectorate & Administration Pune,pune_264_2025031812.pdf,https://cdn.s3waas.gov.in/s3ffeabd223de0d4eacb9a3e6e53e5448d/uploads/2025/03/2025031812.pdf,2025-03-01,TEXT,1,ae24ab86e16ed4136459baf68d869f329506486f93427d8a23120ecf331a773c
CAS_PUNE_198,,PRJ_PUNE,,District Collectorate & Administration Pune,RFCTLARR_2013,Maharashtra,Pune,,,,,,,,,,1,0,0,0,,,,IN_PROGRESS,District Collectorate & Administration Pune,pune_265_2025031967.pdf,https://cdn.s3waas.gov.in/s3ffeabd223de0d4eacb9a3e6e53e5448d/uploads/2025/03/2025031967.pdf,2025-03-10,OCR,1,a667f09da828cef51670df4ef085abb432aad37c98795a840649ac39618ec043
CAS_PUNE_199,,PRJ_PUNE,,District Collectorate & Administration Pune,RFCTLARR_2013,Maharashtra,Pune,,,,,,,,,,1,0,0,0,,,,IN_PROGRESS,District Collectorate & Administration Pune,pune_266_2025031947.pdf,https://cdn.s3waas.gov.in/s3ffeabd223de0d4eacb9a3e6e53e5448d/uploads/2025/03/2025031947.pdf,2025-03-10,OCR,1,9360874d25797b8984961b18a43faa22a2e9f5805ad90dcd33400a58bcb47093
CAS_PUNE_200,,PRJ_PUNE,,District Collectorate & Administration Pune,RFCTLARR_2013,Maharashtra,Pune,,,,,,,,,,1,0,0,0,,,,IN_PROGRESS,District Collectorate & Administration Pune,pune_267_2025031394.pdf,https://cdn.s3waas.gov.in/s3ffeabd223de0d4eacb9a3e6e53e5448d/uploads/2025/03/2025031394.pdf,2025-01-01,TEXT,1,1683e1cc04f1222e5f602fda021062e7e56546be215635a1b2e657459e242b23
CAS_PUNE_201,,PRJ_PUNE,,District Collectorate & Administration Pune,RFCTLARR_2013,Maharashtra,Pune,,,,,,,,,,1,0,0,0,,,,IN_PROGRESS,District Collectorate & Administration Pune,pune_268_2025031130.pdf,https://cdn.s3waas.gov.in/s3ffeabd223de0d4eacb9a3e6e53e5448d/uploads/2025/03/2025031130.pdf,2025-03-11,TEXT,1,4d94c536eefb75ced875155f68744bf17285da83ff656fa37523e164a767b8a9
CAS_PUNE_202,,PRJ_PUNE,,District Collectorate & Administration Pune,RFCTLARR_2013,Maharashtra,Pune,,,,,,,,,,1,0,0,0,,,,IN_PROGRESS,District Collectorate & Administration Pune,pune_269_2025031176.pdf,https://cdn.s3waas.gov.in/s3ffeabd223de0d4eacb9a3e6e53e5448d/uploads/2025/03/2025031176.pdf,2025-02-13,TEXT,1,ed631a1be4a5044ba7f7ca4e03a7c47a84b2d6044ab02fda4885a40da15e3be5
CAS_PUNE_203,,PRJ_PUNE,,District Collectorate & Administration Pune,RFCTLARR_2013,Maharashtra,Pune,,,,,,2025-02-13,,,,1,0,0,0,,,,AWARD_PASSED,District Collectorate & Administration Pune,pune_270_2025031195.pdf,https://cdn.s3waas.gov.in/s3ffeabd223de0d4eacb9a3e6e53e5448d/uploads/2025/03/2025031195.pdf,2025-02-13,TEXT,1,aa77777b644839b89fadaa29fc9bf9adb701359479a980a0e68919d9709f8f2d
CAS_PUNE_204,,PRJ_PUNE,,District Collectorate & Administration Pune,RFCTLARR_2013,Maharashtra,Pune,,,,,,,,,,1,0,0,0,,,,IN_PROGRESS,District Collectorate & Administration Pune,pune_271_2025031145.pdf,https://cdn.s3waas.gov.in/s3ffeabd223de0d4eacb9a3e6e53e5448d/uploads/2025/03/2025031145.pdf,2025-02-13,TEXT,1,e7c3884c591de360b64f9c6d71c13029ec12529f65f6a2c41b263e43c77d87c3
CAS_PUNE_205,,PRJ_PUNE,,District Collectorate & Administration Pune,RFCTLARR_2013,Maharashtra,Pune,,,,,,,,,,1,0,0,0,,,,IN_PROGRESS,District Collectorate & Administration Pune,pune_272_2025031148.pdf,https://cdn.s3waas.gov.in/s3ffeabd223de0d4eacb9a3e6e53e5448d/uploads/2025/03/2025031148.pdf,2025-02-13,TEXT,1,80300c03531b14ae40ae8277de78888e97abf781d43aa2c7e6574dca7a5882d1
CAS_PUNE_206,,PRJ_PUNE,,District Collectorate & Administration Pune,RFCTLARR_2013,Maharashtra,Pune,,,,,,2025-02-13,,,,1,0,0,0,,,,AWARD_PASSED,District Collectorate & Administration Pune,pune_273_2025031187.pdf,https://cdn.s3waas.gov.in/s3ffeabd223de0d4eacb9a3e6e53e5448d/uploads/2025/03/2025031187.pdf,2025-02-13,TEXT,1,efbf711902a8ed44ec9fceb2be6f6b3a801783c88304d32075e3b0ba54850752
CAS_PUNE_207,,PRJ_PUNE,,District Collectorate & Administration Pune,RFCTLARR_2013,Maharashtra,Pune,,,,,,,,,,1,0,0,0,,,,IN_PROGRESS,District Collectorate & Administration Pune,pune_274_20250311100.pdf,https://cdn.s3waas.gov.in/s3ffeabd223de0d4eacb9a3e6e53e5448d/uploads/2025/03/20250311100.pdf,2025-02-13,TEXT,1,6f0651cd4db3d05ad82d26ebac28f729db5a53f41db291e83314c1f1cc1826d3
CAS_PUNE_208,1/2B,PRJ_URBAN_DEVELO,Urban Development Plan (DP) Road Widening,District Collectorate & Administration Pune,RFCTLARR_2013,Maharashtra,Pune,Haveli,,,,,,,,,1,0,0,0,,,,IN_PROGRESS,District Collectorate & Administration Pune,pune_275_2025022542.pdf,https://cdn.s3waas.gov.in/s3ffeabd223de0d4eacb9a3e6e53e5448d/uploads/2025/02/2025022542.pdf,2025-02-20,OCR,1,eb49b8ab6be13e3961ce3b23963aaaf6233b654fe8efb54b2211fe5b495c8834
CAS_PUNE_209,,PRJ_PUNE,,District Collectorate & Administration Pune,RFCTLARR_2013,Maharashtra,Pune,,,,,,,,,,1,0,0,0,,,,IN_PROGRESS,District Collectorate & Administration Pune,pune_276_2025012894.pdf,https://cdn.s3waas.gov.in/s3ffeabd223de0d4eacb9a3e6e53e5448d/uploads/2025/01/2025012894.pdf,2025-01-28,OCR,1,ca3beff0f74374b4da611189c58389e400118d21cc29b5eb3ef3c223a2546f14
CAS_PUNE_210,,PRJ_PUNE,,District Collectorate & Administration Pune,RFCTLARR_2013,Maharashtra,Pune,,,,,,,,,,1,0,0,0,,,,IN_PROGRESS,District Collectorate & Administration Pune,pune_277_2025012738.pdf,https://cdn.s3waas.gov.in/s3ffeabd223de0d4eacb9a3e6e53e5448d/uploads/2025/01/2025012738.pdf,2025-01-01,OCR,1,4a3e894d3562fe43e33ced0e88548ddd8f102ad903150585a64e08ee204f45ab
CAS_PUNE_211,,PRJ_PUNE,,District Collectorate & Administration Pune,RFCTLARR_2013,Maharashtra,Pune,,,,,,,,,,1,0,0,0,,,,IN_PROGRESS,District Collectorate & Administration Pune,pune_278_2025011713.pdf,https://cdn.s3waas.gov.in/s3ffeabd223de0d4eacb9a3e6e53e5448d/uploads/2025/01/2025011713.pdf,2025-01-01,OCR,1,045a42c69e9298dd1c3666afd6dc4ffae7b6a29f59cadc66fa18517499c89ba3
CAS_PUNE_212,,PRJ_PUNE,,District Collectorate & Administration Pune,RFCTLARR_2013,Maharashtra,Pune,,,,,,,,,,1,0,0,0,,,,IN_PROGRESS,District Collectorate & Administration Pune,pune_279_2025011091.pdf,https://cdn.s3waas.gov.in/s3ffeabd223de0d4eacb9a3e6e53e5448d/uploads/2025/01/2025011091.pdf,2025-01-01,OCR,1,6dcb6b3fb11ad1304f8d26c5f748600cf09d16a2e3a68a7dfe8a56acea2d8a7f
CAS_PUNE_213,,PRJ_PUNE,,District Collectorate & Administration Pune,RFCTLARR_2013,Maharashtra,Pune,,,,,,2024-12-27,,,,1,0,0,0,,,,AWARD_PASSED,District Collectorate & Administration Pune,pune_280_2025010685.pdf,https://cdn.s3waas.gov.in/s3ffeabd223de0d4eacb9a3e6e53e5448d/uploads/2025/01/2025010685.pdf,2024-12-27,OCR,1,19281d4493ecddbb599cbc4a43163a957236285fa8507975452a536a401e5dcf
CAS_PUNE_214,,PRJ_PUNE,,District Collectorate & Administration Pune,RFCTLARR_2013,Maharashtra,Pune,,,,,,,,,,1,0,0,0,,,,IN_PROGRESS,District Collectorate & Administration Pune,pune_281_2025010628.pdf,https://cdn.s3waas.gov.in/s3ffeabd223de0d4eacb9a3e6e53e5448d/uploads/2025/01/2025010628.pdf,2024-12-27,OCR,1,800f99ecaec2ce8651d93b3f427a2e1b8f60be519f9618d8f84914272054fc6a
CAS_PUNE_215,266/1,PRJ_PUNE,,District Collectorate & Administration Pune,RFCTLARR_2013,Maharashtra,Pune,,,,,,,,,,1,0,0,0,,,,IN_PROGRESS,District Collectorate & Administration Pune,pune_282_2025010694.pdf,https://cdn.s3waas.gov.in/s3ffeabd223de0d4eacb9a3e6e53e5448d/uploads/2025/01/2025010694.pdf,2025-01-03,OCR,1,433788258861e0bfeb8ce5975c523c9875ab26a1667cc789b0918eaeb8dbf7f1
CAS_PUNE_216,,PRJ_PUNE,,District Collectorate & Administration Pune,RFCTLARR_2013,Maharashtra,Pune,,,,,,,,,,1,0,0,0,,,,IN_PROGRESS,District Collectorate & Administration Pune,pune_283_2025010688.pdf,https://cdn.s3waas.gov.in/s3ffeabd223de0d4eacb9a3e6e53e5448d/uploads/2025/01/2025010688.pdf,2024-12-27,OCR,1,90ac2ddb00d15f6da6075fe5762e72eef95d75bfa65c33b8f0b2d3de7b2b7691
CAS_PUNE_217,,PRJ_PUNE,,District Collectorate & Administration Pune,RFCTLARR_2013,Maharashtra,Pune,,,,,,,,,,1,0,0,0,,,,IN_PROGRESS,District Collectorate & Administration Pune,pune_284_2025011359.pdf,https://cdn.s3waas.gov.in/s3ffeabd223de0d4eacb9a3e6e53e5448d/uploads/2025/01/2025011359.pdf,2024-12-23,OCR,1,d6db7fcf5f7adc7868aff03403a8a832d7ad1a835b5dce0cc030ee21c2c24c81
CAS_PUNE_218,,PRJ_PUNE,,District Collectorate & Administration Pune,RFCTLARR_2013,Maharashtra,Pune,,,,,,,,,,1,0,0,0,,,,IN_PROGRESS,District Collectorate & Administration Pune,pune_285_2024122465.pdf,https://cdn.s3waas.gov.in/s3ffeabd223de0d4eacb9a3e6e53e5448d/uploads/2024/12/2024122465.pdf,2024-12-23,OCR,1,846e1714e463394b1130ec1285e31086207f5e9898e19d835e114b601ef737f4
CAS_PUNE_219,,PRJ_PUNE,,District Collectorate & Administration Pune,RFCTLARR_2013,Maharashtra,Pune,,,,,,,,,,1,0,0,0,,,,IN_PROGRESS,District Collectorate & Administration Pune,pune_286_2024122434.pdf,https://cdn.s3waas.gov.in/s3ffeabd223de0d4eacb9a3e6e53e5448d/uploads/2024/12/2024122434.pdf,2024-12-23,OCR,1,f1983cdde2e423b2172562acf21df1d4c9d4f9b6501ef20593e36b8ef0e20d1e
CAS_PUNE_220,,PRJ_PUNE,,District Collectorate & Administration Pune,RFCTLARR_2013,Maharashtra,Pune,,,,,,,,,,1,0,0,0,,,,IN_PROGRESS,District Collectorate & Administration Pune,pune_287_2024122432.pdf,https://cdn.s3waas.gov.in/s3ffeabd223de0d4eacb9a3e6e53e5448d/uploads/2024/12/2024122432.pdf,2024-12-23,OCR,1,c4715353b2788fc063e724096bbb54f996a3d9f39fe1a6a87d742be30b3a8a6e
CAS_PUNE_221,,PRJ_PUNE,,District Collectorate & Administration Pune,RFCTLARR_2013,Maharashtra,Pune,,,,,,,,,,1,0,0,0,,,,IN_PROGRESS,District Collectorate & Administration Pune,pune_288_2024122455.pdf,https://cdn.s3waas.gov.in/s3ffeabd223de0d4eacb9a3e6e53e5448d/uploads/2024/12/2024122455.pdf,2024-12-23,TEXT,1,f29905476181bbb6ffa0356a33b46e892270d6d423efa7bacd733e351ea3670b
CAS_PUNE_222,,PRJ_PUNE,,District Collectorate & Administration Pune,RFCTLARR_2013,Maharashtra,Pune,,,,,,,,,,1,0,0,0,,,,IN_PROGRESS,District Collectorate & Administration Pune,pune_289_2024122430-1.pdf,https://cdn.s3waas.gov.in/s3ffeabd223de0d4eacb9a3e6e53e5448d/uploads/2024/12/2024122430-1.pdf,2024-12-23,OCR,1,e8a3a00f4ae90e1ac90e9622310d14065623558513b65bdbf6d128e41ddbfa6a
CAS_NASHIK_223,,PRJ_NASHIK,,District Collectorate & Administration Nashik,RFCTLARR_2013,Maharashtra,Nashik,,,,,,2026-09-29,,,,1,0,0,0,,,,AWARD_PASSED,District Collectorate & Administration Nashik,nashik_290_17906585488404.pdf,https://cdn.s3waas.gov.in/s3b3967a0e938dc2a6340e258630febd5a/uploads/2026/09/17906585488404.pdf,2026-09-29,TEXT,1,176fa119c8615b5673fb133faeabc49091dc9ae3c058e1df95c618a8d4ef84a3
CAS_NASHIK_224,,PRJ_RING_ROAD_PR,Ring Road Project,District Collectorate & Administration Nashik,RFCTLARR_2013,Maharashtra,Nashik,,,2026-07-29,,,,,,,1,0,0,0,,,,IN_PROGRESS,District Collectorate & Administration Nashik,nashik_291_17853111012781.pdf,https://cdn.s3waas.gov.in/s3b3967a0e938dc2a6340e258630febd5a/uploads/2026/07/17853111012781.pdf,2026-07-29,OCR,1,49553834287329eb229233e65c07f836adc9a504b974dbc38a3110a7f9764b99
CAS_NASHIK_225,,PRJ_RING_ROAD_PR,Ring Road Project,District Collectorate & Administration Nashik,RFCTLARR_2013,Maharashtra,Nashik,,,2026-07-29,,,,,,,1,0,0,0,,,,IN_PROGRESS,District Collectorate & Administration Nashik,nashik_292_17853113162721.pdf,https://cdn.s3waas.gov.in/s3b3967a0e938dc2a6340e258630febd5a/uploads/2026/07/17853113162721.pdf,2026-07-29,OCR,1,42365ee29ce9257a4a5eb4d92ec4efbb63af8d2afd6eaf98ee66dd4dc1d3a44d
CAS_NASHIK_226,,PRJ_NASHIK_RING_,Nashik Ring Road Project,District Collectorate & Administration Nashik,RFCTLARR_2013,Maharashtra,Nashik,Niphad,,,,,,,,,1,0,0,0,,,,IN_PROGRESS,District Collectorate & Administration Nashik,nashik_293_17860213334683.pdf,https://cdn.s3waas.gov.in/s3b3967a0e938dc2a6340e258630febd5a/uploads/2026/08/17860213334683.pdf,2026-08-06,TEXT,1,5caf897f7a85aaafa722ee6088d2571351456efc8227ed4193b2c75a1fc826eb
CAS_NASHIK_227,,PRJ_NASHIK_RING_,Nashik Ring Road Project,District Collectorate & Administration Nashik,RFCTLARR_2013,Maharashtra,Nashik,Niphad,,,,,,,,,1,0,0,0,,,,IN_PROGRESS,District Collectorate & Administration Nashik,nashik_294_17860219632025.pdf,https://cdn.s3waas.gov.in/s3b3967a0e938dc2a6340e258630febd5a/uploads/2026/08/17860219632025.pdf,2026-08-06,OCR,1,5f524a510371eae405954129d8b82bc8a8bf7d6411b6f07a808dd1065c434cd8
CAS_NASHIK_228,,PRJ_NASHIK,,District Collectorate & Administration Nashik,RFCTLARR_2013,Maharashtra,Nashik,rffi,,,2026-08-07,,,,,,1,0,0,0,,,,IN_PROGRESS,District Collectorate & Administration Nashik,nashik_295_17860933424790.pdf,https://cdn.s3waas.gov.in/s3b3967a0e938dc2a6340e258630febd5a/uploads/2026/08/17860933424790.pdf,2026-08-07,TEXT,1,ccf19d90d155afd13ec635e7d683596531ef0d151e50f58e49a0ae2d2ecfccad
CAS_NASHIK_229,,PRJ_RING_ROAD_PR,Ring Road Project,District Collectorate & Administration Nashik,RFCTLARR_2013,Maharashtra,Nashik,,,,,,2026-08-10,,,,1,0,0,0,,,,AWARD_PASSED,District Collectorate & Administration Nashik,nashik_296_17863550683167.pdf,https://cdn.s3waas.gov.in/s3b3967a0e938dc2a6340e258630febd5a/uploads/2026/08/17863550683167.pdf,2026-08-10,OCR,1,fd86461e2f7cc8522351883467496ecf539a6e065fbe1c27875f4dbdba8dcfac
CAS_NASHIK_230,,PRJ_RING_ROAD_PR,Ring Road Project,District Collectorate & Administration Nashik,RFCTLARR_2013,Maharashtra,Nashik,,,,,,2026-08-10,,,,1,0,0,0,,,,AWARD_PASSED,District Collectorate & Administration Nashik,nashik_297_17863559216619.pdf,https://cdn.s3waas.gov.in/s3b3967a0e938dc2a6340e258630febd5a/uploads/2026/08/17863559216619.pdf,2026-08-10,OCR,1,cba17c50dd0c82db9163d0dbda1790efcd58261c889f9da94dba03eae4e3332b
CAS_NASHIK_231,,PRJ_NASHIK,,District Collectorate & Administration Nashik,RFCTLARR_2013,Maharashtra,Nashik,,,,2026-08-14,,,,,,1,0,0,0,,,,IN_PROGRESS,District Collectorate & Administration Nashik,nashik_298_17866235028079.pdf,https://cdn.s3waas.gov.in/s3b3967a0e938dc2a6340e258630febd5a/uploads/2026/08/17866235028079.pdf,2026-08-14,OCR,1,1b0d921cfb67ad8274848237afb164a77c159ff67e1c1d06651e025721c5b1f6
CAS_NASHIK_232,16-2025,PRJ_RING_ROAD_PR,Ring Road Project,District Collectorate & Administration Nashik,RFCTLARR_2013,Maharashtra,Nashik,,,,,,2026-08-17,,,,1,0,0,0,,,,AWARD_PASSED,District Collectorate & Administration Nashik,nashik_299_17869745276232.pdf,https://cdn.s3waas.gov.in/s3b3967a0e938dc2a6340e258630febd5a/uploads/2026/08/17869745276232.pdf,2026-08-17,OCR,1,03b6e79e9c75e50b92ca6aa4b4ff2203d991f9615ed85a785ff3574e98aa0320
CAS_NASHIK_233,,PRJ_NASHIK,,District Collectorate & Administration Nashik,RFCTLARR_2013,Maharashtra,Nashik,Dindori,Varvandi,,,,,,,,1,0,0,0,,,,IN_PROGRESS,District Collectorate & Administration Nashik,nashik_300_17871436842960.pdf,https://cdn.s3waas.gov.in/s3b3967a0e938dc2a6340e258630febd5a/uploads/2026/08/17871436842960.pdf,2026-08-19,TEXT,1,d72ad9ae7b06b24e30f9dba13ec4945b2fe66adba9563baa2eecdd33ca6f5a0f
CAS_NASHIK_234,7.25,PRJ_NASHIK,,District Collectorate & Administration Nashik,RFCTLARR_2013,Maharashtra,Nashik,,,,,,2026-08-19,,,,1,0,0,0,,,,AWARD_PASSED,District Collectorate & Administration Nashik,nashik_301_17871259085536.pdf,https://cdn.s3waas.gov.in/s3b3967a0e938dc2a6340e258630febd5a/uploads/2026/08/17871259085536.pdf,2026-08-19,OCR,1,a9e2930d316564b91ffe7e74781ded8edbef43756f749e0a54b5c25a670ee05d
CAS_NASHIK_235,8.25,PRJ_NASHIK,,District Collectorate & Administration Nashik,RFCTLARR_2013,Maharashtra,Nashik,,,,,,2026-08-19,,,,1,0,0,0,,,,AWARD_PASSED,District Collectorate & Administration Nashik,nashik_302_17871256344022.pdf,https://cdn.s3waas.gov.in/s3b3967a0e938dc2a6340e258630febd5a/uploads/2026/08/17871256344022.pdf,2026-08-19,OCR,1,7dc7a6a3c1053f10fee1fdf4e97acb15c36907b04ab57ab341570f73cc35db96
CAS_SOLAPUR_236,,PRJ_PUNE_SOLAPUR,Pune-Solapur-Wadi 3rd & 4th Railway Line Project,District Collectorate & Administration Solapur,RAILWAYS_ACT_2008,Maharashtra,Solapur,uka,,,,,,,,,1,0,0,0,,,,IN_PROGRESS,District Collectorate & Administration Solapur,solapur_303_17882635937632.pdf,https://cdn.s3waas.gov.in/s3acc3e0404646c57502b480dc052c4fe1/uploads/2026/09/17882635937632.pdf,2026-09-01,TEXT,1,74071970bdb877819e00da2cb76aed7e92929b990f292ef9f2f73485977d5415
CAS_SOLAPUR_237,,PRJ_PUNE_SOLAPUR,Pune-Solapur-Wadi 3rd & 4th Railway Line Project,District Collectorate & Administration Solapur,RAILWAYS_ACT_2008,Maharashtra,Solapur,uka,,,,,,,,,1,0,0,0,,,,IN_PROGRESS,District Collectorate & Administration Solapur,solapur_304_17882637725747.pdf,https://cdn.s3waas.gov.in/s3acc3e0404646c57502b480dc052c4fe1/uploads/2026/09/17882637725747.pdf,2026-09-01,TEXT,1,d669ecc3c1f95642abc9cef2ef57f0b6717045aa7375ae7b5b7e058cf7f0b134
CAS_SOLAPUR_238,,PRJ_SOLAPUR,,District Collectorate & Administration Solapur,RFCTLARR_2013,Maharashtra,Solapur,,,2026-08-07,,,,,,,1,0,0,0,,,,IN_PROGRESS,District Collectorate & Administration Solapur,solapur_305_17861054966478.pdf,https://cdn.s3waas.gov.in/s3acc3e0404646c57502b480dc052c4fe1/uploads/2026/08/17861054966478.pdf,2026-08-07,OCR,1,6fb8134fd655032f8c2db7e279351777cb515ace884629616e780d23dfab9a64
CAS_SOLAPUR_239,,PRJ_SOLAPUR,,District Collectorate & Administration Solapur,RFCTLARR_2013,Maharashtra,Solapur,Uttar Solapur,,,,,2026-06-03,,,,1,0,0,0,,,,AWARD_PASSED,District Collectorate & Administration Solapur,solapur_306_17804657739437.pdf,https://cdn.s3waas.gov.in/s3acc3e0404646c57502b480dc052c4fe1/uploads/2026/06/17804657739437.pdf,2026-06-03,OCR,1,68cce773d42371084abfbf4c72aab9f2dc291264f0bf783639bb8706ae6d3a45
CAS_SOLAPUR_240,,PRJ_SOLAPUR,,District Collectorate & Administration Solapur,RFCTLARR_2013,Maharashtra,Solapur,Mohol and Uttar Solapur,,,,,,,,,1,0,0,0,,,,IN_PROGRESS,District Collectorate & Administration Solapur,solapur_307_17793572945218.pdf,https://cdn.s3waas.gov.in/s3acc3e0404646c57502b480dc052c4fe1/uploads/2026/05/17793572945218.pdf,2026-05-21,TEXT,1,176e264b7f91772510ecde5aeb3fe38c74b9f84e28e5210fb20a1301a0aaf240
CAS_SOLAPUR_241,2026/LAQ,PRJ_SOLAPUR,,District Collectorate & Administration Solapur,RFCTLARR_2013,Maharashtra,Solapur,,,,,,,,,,1,0,0,1,2026-04-20,2026-04-20,,EXTENSION_GRANTED,District Collectorate & Administration Solapur,solapur_308_17773589047029.pdf,https://cdn.s3waas.gov.in/s3acc3e0404646c57502b480dc052c4fe1/uploads/2026/04/17773589047029.pdf,2026-04-20,OCR,1,951e85bf3c6cc3b04e26c150aeb5287da9940f934dd80fa981e8a34ca530c4a0
CAS_SOLAPUR_242,04/2023,PRJ_SOLAPUR,,District Collectorate & Administration Solapur,RFCTLARR_2013,Maharashtra,Solapur,Malshiras,,2025-12-12,,,,,,,1,0,0,0,,,,IN_PROGRESS,District Collectorate & Administration Solapur,solapur_309_17655423895032.pdf,https://cdn.s3waas.gov.in/s3acc3e0404646c57502b480dc052c4fe1/uploads/2025/12/17655423895032.pdf,2025-12-12,OCR,1,fffbc9c441fa43a6780f4ef43ade1bfc483ee3733584b88d1fe8fd720a56d004
CAS_SOLAPUR_243,,PRJ_SOLAPUR,,District Collectorate & Administration Solapur,RFCTLARR_2013,Maharashtra,Solapur,,,,,,,,,,1,0,0,0,,,,IN_PROGRESS,District Collectorate & Administration Solapur,solapur_310_2025042151.pdf,https://cdn.s3waas.gov.in/s3acc3e0404646c57502b480dc052c4fe1/uploads/2025/04/2025042151.pdf,2025-04-21,OCR,1,8d17a542b4021385b832d5ab60c2d2bdd36be745a090582cf3c9edfa2d2aac73
CAS_YAVATMAL_244,,PRJ_YAVATMAL,,District Collectorate & Administration Yavatmal,RFCTLARR_2013,Maharashtra,Yavatmal,,,,,,,,,,1,0,0,0,,,,IN_PROGRESS,District Collectorate & Administration Yavatmal,yavatmal_311_2022111740.pdf,https://cdn.s3waas.gov.in/s39ad6aaed513b73148b7d49f70afcfb32/uploads/2022/11/2022111740.pdf,2022-11-17,TEXT,1,9ead1d2e141e582f89d54196736a0abc13f735ab60ba9ddb98bbe37d99f19afc
CAS_YAVATMAL_245,,PRJ_BEMBLA_RIVER,Bembla River Irrigation Project,District Collectorate & Administration Yavatmal,RFCTLARR_2013,Maharashtra,Yavatmal,,,,,,,,,,1,0,0,0,,,,IN_PROGRESS,District Collectorate & Administration Yavatmal,yavatmal_312_2022111145.pdf,https://cdn.s3waas.gov.in/s39ad6aaed513b73148b7d49f70afcfb32/uploads/2022/11/2022111145.pdf,2022-11-11,TEXT,1,5f1bee42056244c9e24eda2158b341b34d5b7b2873c9cfd8e887f5c08731354f
CAS_YAVATMAL_246,,PRJ_YAVATMAL,,District Collectorate & Administration Yavatmal,RFCTLARR_2013,Maharashtra,Yavatmal,,,,,,,,,,1,0,0,0,,,,IN_PROGRESS,District Collectorate & Administration Yavatmal,yavatmal_313_2022111188.pdf,https://cdn.s3waas.gov.in/s39ad6aaed513b73148b7d49f70afcfb32/uploads/2022/11/2022111188.pdf,2022-11-11,TEXT,1,3b916010d87dc3416ffc91b9370b5cf18fff56845f358f3e50b40320aa4af6ce
CAS_YAVATMAL_247,,PRJ_YAVATMAL,,District Collectorate & Administration Yavatmal,RFCTLARR_2013,Maharashtra,Yavatmal,,,,,,,,,,1,0,0,0,,,,IN_PROGRESS,District Collectorate & Administration Yavatmal,yavatmal_314_2022111166.pdf,https://cdn.s3waas.gov.in/s39ad6aaed513b73148b7d49f70afcfb32/uploads/2022/11/2022111166.pdf,2022-11-11,TEXT,1,50306352f99180c6425256045e9303e8366b25b3f7cc71d8525c9d24aa419d73
CAS_YAVATMAL_248,,PRJ_YAVATMAL,,District Collectorate & Administration Yavatmal,RFCTLARR_2013,Maharashtra,Yavatmal,,,,,,,,,,1,0,0,0,,,,IN_PROGRESS,District Collectorate & Administration Yavatmal,yavatmal_315_2022071164.pdf,https://cdn.s3waas.gov.in/s39ad6aaed513b73148b7d49f70afcfb32/uploads/2022/07/2022071164.pdf,2022-07-11,TEXT,1,d3219ac967197cb8f9664d4319b3d51c272592f84e2a473870a212560d7cc2b6
CAS_YAVATMAL_249,,PRJ_YAVATMAL,,District Collectorate & Administration Yavatmal,RFCTLARR_2013,Maharashtra,Yavatmal,,,,,,,,,,1,0,0,0,,,,IN_PROGRESS,District Collectorate & Administration Yavatmal,yavatmal_316_2022071151.pdf,https://cdn.s3waas.gov.in/s39ad6aaed513b73148b7d49f70afcfb32/uploads/2022/07/2022071151.pdf,2022-07-11,TEXT,1,7499ba6438dfe65413eeb734dcc2fac8e143a655b4f114e5531474e1ea2857a7
CAS_YAVATMAL_250,,PRJ_YAVATMAL,,District Collectorate & Administration Yavatmal,RFCTLARR_2013,Maharashtra,Yavatmal,,,,,,,,,,1,0,0,0,,,,IN_PROGRESS,District Collectorate & Administration Yavatmal,yavatmal_317_2022022228.pdf,https://cdn.s3waas.gov.in/s39ad6aaed513b73148b7d49f70afcfb32/uploads/2022/02/2022022228.pdf,2022-02-22,TEXT,1,5cba573c740d3b4271ca32d1a63036d9cb5a68ff15174a1eb84bdc2988b762ae
CAS_YAVATMAL_251,,PRJ_YAVATMAL,,District Collectorate & Administration Yavatmal,RFCTLARR_2013,Maharashtra,Yavatmal,,,,,,,,,,1,0,0,0,,,,IN_PROGRESS,District Collectorate & Administration Yavatmal,yavatmal_318_2021071347.pdf,https://cdn.s3waas.gov.in/s39ad6aaed513b73148b7d49f70afcfb32/uploads/2021/07/2021071347.pdf,2021-08-02,TEXT,1,8b961ad22e9bb6e86651cbc1ebc0c899735be392f915580b35a3b994e605be4b
CAS_YAVATMAL_252,,PRJ_YAVATMAL,,District Collectorate & Administration Yavatmal,RFCTLARR_2013,Maharashtra,Yavatmal,,,,,,,,,,1,0,0,0,,,,IN_PROGRESS,District Collectorate & Administration Yavatmal,yavatmal_319_2021071338.pdf,https://cdn.s3waas.gov.in/s39ad6aaed513b73148b7d49f70afcfb32/uploads/2021/07/2021071338.pdf,2021-08-02,TEXT,1,41cc00a32f255bb55fcab36aa2f7280ca3ddb849c600fb181dc97683d2e4a13a
CAS_YAVATMAL_253,,PRJ_YAVATMAL,,District Collectorate & Administration Yavatmal,RFCTLARR_2013,Maharashtra,Yavatmal,,,,,,,,,,1,0,0,0,,,,IN_PROGRESS,District Collectorate & Administration Yavatmal,yavatmal_320_2021071382.pdf,https://cdn.s3waas.gov.in/s39ad6aaed513b73148b7d49f70afcfb32/uploads/2021/07/2021071382.pdf,2021-08-02,TEXT,1,02098e0e78e4857c089caf5d524a2e4730b2b0994a87c6313bfbdf83ea2e9619
CAS_YAVATMAL_254,,PRJ_YAVATMAL,,District Collectorate & Administration Yavatmal,RFCTLARR_2013,Maharashtra,Yavatmal,,,,,,,,,,1,0,0,0,,,,IN_PROGRESS,District Collectorate & Administration Yavatmal,yavatmal_321_2021071332.pdf,https://cdn.s3waas.gov.in/s39ad6aaed513b73148b7d49f70afcfb32/uploads/2021/07/2021071332.pdf,2021-08-02,TEXT,1,0f7edbb951b5136008bd9cbc74f9d6b79699e5af598db6478913fa35c32b6246
CAS_YAVATMAL_255,,PRJ_YAVATMAL,,District Collectorate & Administration Yavatmal,RFCTLARR_2013,Maharashtra,Yavatmal,,,,,,,,,,1,0,0,0,,,,IN_PROGRESS,District Collectorate & Administration Yavatmal,yavatmal_322_2021071332.pdf,https://cdn.s3waas.gov.in/s39ad6aaed513b73148b7d49f70afcfb32/uploads/2021/07/2021071332.pdf,2021-08-02,TEXT,1,0f7edbb951b5136008bd9cbc74f9d6b79699e5af598db6478913fa35c32b6246
CAS_YAVATMAL_256,,PRJ_YAVATMAL,,District Collectorate & Administration Yavatmal,RFCTLARR_2013,Maharashtra,Yavatmal,,,,,,,,,,1,0,0,0,,,,IN_PROGRESS,District Collectorate & Administration Yavatmal,yavatmal_323_2021071382.pdf,https://cdn.s3waas.gov.in/s39ad6aaed513b73148b7d49f70afcfb32/uploads/2021/07/2021071382.pdf,2021-08-02,TEXT,1,02098e0e78e4857c089caf5d524a2e4730b2b0994a87c6313bfbdf83ea2e9619
CAS_YAVATMAL_257,,PRJ_YAVATMAL,,District Collectorate & Administration Yavatmal,RFCTLARR_2013,Maharashtra,Yavatmal,,,,,,,,,,1,0,0,0,,,,IN_PROGRESS,District Collectorate & Administration Yavatmal,yavatmal_324_2021071338.pdf,https://cdn.s3waas.gov.in/s39ad6aaed513b73148b7d49f70afcfb32/uploads/2021/07/2021071338.pdf,2021-08-02,TEXT,1,41cc00a32f255bb55fcab36aa2f7280ca3ddb849c600fb181dc97683d2e4a13a
CAS_YAVATMAL_258,,PRJ_YAVATMAL,,District Collectorate & Administration Yavatmal,RFCTLARR_2013,Maharashtra,Yavatmal,,,,,,,,,,1,0,0,0,,,,IN_PROGRESS,District Collectorate & Administration Yavatmal,yavatmal_325_2021071347.pdf,https://cdn.s3waas.gov.in/s39ad6aaed513b73148b7d49f70afcfb32/uploads/2021/07/2021071347.pdf,2021-08-02,TEXT,1,8b961ad22e9bb6e86651cbc1ebc0c899735be392f915580b35a3b994e605be4b
CAS_YAVATMAL_259,,PRJ_YAVATMAL,,District Collectorate & Administration Yavatmal,RFCTLARR_2013,Maharashtra,Yavatmal,,,,,,,,,,1,0,0,0,,,,IN_PROGRESS,District Collectorate & Administration Yavatmal,yavatmal_326_2021061770.pdf,https://cdn.s3waas.gov.in/s39ad6aaed513b73148b7d49f70afcfb32/uploads/2021/06/2021061770.pdf,2021-06-18,TEXT,1,35f386b2bd590bdee8c269fbb497f65d7ecd18ea2fe0a4e2e9175afb06460280
CAS_YAVATMAL_260,,PRJ_BEMBLA_RIVER,Bembla River Irrigation Project,District Collectorate & Administration Yavatmal,RFCTLARR_2013,Maharashtra,Yavatmal,,,,,,,,,,1,0,0,0,,,,IN_PROGRESS,District Collectorate & Administration Yavatmal,yavatmal_327_2019092165.pdf,https://cdn.s3waas.gov.in/s39ad6aaed513b73148b7d49f70afcfb32/uploads/2019/09/2019092165.pdf,2019-09-21,TEXT,1,0a9c0f9ac84002ac3b62da7fe03bfeb53b41337096cea74036f08dce9934a2e1
CAS_YAVATMAL_261,,PRJ_YAVATMAL,,District Collectorate & Administration Yavatmal,RFCTLARR_2013,Maharashtra,Yavatmal,,,,,,,,,,1,0,0,0,,,,IN_PROGRESS,District Collectorate & Administration Yavatmal,yavatmal_328_2018071940.pdf,https://cdn.s3waas.gov.in/s39ad6aaed513b73148b7d49f70afcfb32/uploads/2018/07/2018071940.pdf,2018-07-19,TEXT,1,0ee06e57b5f364f13f2bf7c965b02a54e4574718a193cf986d0c4d00c922d991
CAS_YAVATMAL_262,,PRJ_YAVATMAL,,District Collectorate & Administration Yavatmal,RFCTLARR_2013,Maharashtra,Yavatmal,,,,,,,,,,1,0,0,0,,,,IN_PROGRESS,District Collectorate & Administration Yavatmal,yavatmal_329_2018071948.pdf,https://cdn.s3waas.gov.in/s39ad6aaed513b73148b7d49f70afcfb32/uploads/2018/07/2018071948.pdf,2018-07-19,TEXT,1,1f92c21a902575d5c979c2878d084bc2776bda190dfcbe02d71bfbc850223fd1
CAS_YAVATMAL_263,,PRJ_YAVATMAL,,District Collectorate & Administration Yavatmal,RFCTLARR_2013,Maharashtra,Yavatmal,,,,,,,,,,1,0,0,0,,,,IN_PROGRESS,District Collectorate & Administration Yavatmal,yavatmal_330_2018071993.pdf,https://cdn.s3waas.gov.in/s39ad6aaed513b73148b7d49f70afcfb32/uploads/2018/07/2018071993.pdf,2018-07-19,TEXT,1,3925b8bff0c741b8ce6a4405e13113199abb363b0388ce1f022a4c7db7667373
CAS_YAVATMAL_264,,PRJ_YAVATMAL,,District Collectorate & Administration Yavatmal,RFCTLARR_2013,Maharashtra,Yavatmal,,,,,,,,,,1,0,0,0,,,,IN_PROGRESS,District Collectorate & Administration Yavatmal,yavatmal_331_2018071931.pdf,https://cdn.s3waas.gov.in/s39ad6aaed513b73148b7d49f70afcfb32/uploads/2018/07/2018071931.pdf,2018-07-19,TEXT,1,e7b81cd467a97aa5f5364298aa30036fb40b89aa6e9e274b1bb3f2f3433845cf
CAS_YAVATMAL_265,,PRJ_YAVATMAL,,District Collectorate & Administration Yavatmal,RFCTLARR_2013,Maharashtra,Yavatmal,,,,,,,,,,1,0,0,0,,,,IN_PROGRESS,District Collectorate & Administration Yavatmal,yavatmal_332_2018071968.pdf,https://cdn.s3waas.gov.in/s39ad6aaed513b73148b7d49f70afcfb32/uploads/2018/07/2018071968.pdf,2018-07-19,TEXT,1,aabf261feed1062df092282948b953a8332319b768f06373b7355834eb752e8f
CAS_YAVATMAL_266,,PRJ_YAVATMAL,,District Collectorate & Administration Yavatmal,RFCTLARR_2013,Maharashtra,Yavatmal,,,,,,,,,,1,0,0,0,,,,IN_PROGRESS,District Collectorate & Administration Yavatmal,yavatmal_333_2018071910.pdf,https://cdn.s3waas.gov.in/s39ad6aaed513b73148b7d49f70afcfb32/uploads/2018/07/2018071910.pdf,2018-07-19,TEXT,1,64b477e98a9c391289c047de9f06554ebe54d4cc820c013bb52c46f8f9e0a2a2
CAS_YAVATMAL_267,,PRJ_YAVATMAL,,District Collectorate & Administration Yavatmal,RFCTLARR_2013,Maharashtra,Yavatmal,,,,,,,,,,1,0,0,0,,,,IN_PROGRESS,District Collectorate & Administration Yavatmal,yavatmal_334_2018071972.pdf,https://cdn.s3waas.gov.in/s39ad6aaed513b73148b7d49f70afcfb32/uploads/2018/07/2018071972.pdf,2018-07-19,TEXT,1,6a5f727267b3c6588156814ed53a3387471749f0d17cd35722ae0b71a394b628
CAS_YAVATMAL_268,,PRJ_YAVATMAL,,District Collectorate & Administration Yavatmal,RFCTLARR_2013,Maharashtra,Yavatmal,,,,,,,,,,1,0,0,0,,,,IN_PROGRESS,District Collectorate & Administration Yavatmal,yavatmal_335_2018071991.pdf,https://cdn.s3waas.gov.in/s39ad6aaed513b73148b7d49f70afcfb32/uploads/2018/07/2018071991.pdf,2018-07-19,TEXT,1,8e460d58eaefd8a140ebe75f2dc4e16e37a10de38e9b817a8801826b0b76a146
CAS_YAVATMAL_269,,PRJ_YAVATMAL,,District Collectorate & Administration Yavatmal,RFCTLARR_2013,Maharashtra,Yavatmal,,,,,,,,,,1,0,0,0,,,,IN_PROGRESS,District Collectorate & Administration Yavatmal,yavatmal_336_2018071914.pdf,https://cdn.s3waas.gov.in/s39ad6aaed513b73148b7d49f70afcfb32/uploads/2018/07/2018071914.pdf,2018-07-19,TEXT,1,33b41eee98524a6a1ced6c06734037cd318dee97b83e99b1ef7f546dd6dc5c86
CAS_YAVATMAL_270,,PRJ_YAVATMAL,,District Collectorate & Administration Yavatmal,RFCTLARR_2013,Maharashtra,Yavatmal,,,,,,,,,,1,0,0,0,,,,IN_PROGRESS,District Collectorate & Administration Yavatmal,yavatmal_337_2018071997.pdf,https://cdn.s3waas.gov.in/s39ad6aaed513b73148b7d49f70afcfb32/uploads/2018/07/2018071997.pdf,2018-07-19,TEXT,1,0b546ec0a4475224d3811faf4b5ea097b81552b35c39c1443d7e9ba69a1431db
CAS_YAVATMAL_271,,PRJ_YAVATMAL,,District Collectorate & Administration Yavatmal,RFCTLARR_2013,Maharashtra,Yavatmal,,,,,,,,,,1,0,0,0,,,,IN_PROGRESS,District Collectorate & Administration Yavatmal,yavatmal_338_2018071913.pdf,https://cdn.s3waas.gov.in/s39ad6aaed513b73148b7d49f70afcfb32/uploads/2018/07/2018071913.pdf,2018-07-19,TEXT,1,9e92ecfea087b8a2fce521bb078fc24f3db85ca770a90225cba0089ccb05ff0b
CAS_YAVATMAL_272,,PRJ_YAVATMAL,,District Collectorate & Administration Yavatmal,RFCTLARR_2013,Maharashtra,Yavatmal,,,,,,,,,,1,0,0,0,,,,IN_PROGRESS,District Collectorate & Administration Yavatmal,yavatmal_339_2018071942.pdf,https://cdn.s3waas.gov.in/s39ad6aaed513b73148b7d49f70afcfb32/uploads/2018/07/2018071942.pdf,2018-07-19,TEXT,1,9ec52bd2aeada097d541e702d82c3c702b83a3c41fcf8e705093f0adad491373
CAS_YAVATMAL_273,,PRJ_YAVATMAL,,District Collectorate & Administration Yavatmal,RFCTLARR_2013,Maharashtra,Yavatmal,,,,,,,,,,1,0,0,0,,,,IN_PROGRESS,District Collectorate & Administration Yavatmal,yavatmal_340_2018071937.pdf,https://cdn.s3waas.gov.in/s39ad6aaed513b73148b7d49f70afcfb32/uploads/2018/07/2018071937.pdf,2018-07-19,TEXT,1,baea81e7bbd2e583bdde60d1d8bbce64e60039b540625b7a83ed51a6df568431
CAS_YAVATMAL_274,,PRJ_YAVATMAL,,District Collectorate & Administration Yavatmal,RFCTLARR_2013,Maharashtra,Yavatmal,,,,,,,,,,1,0,0,0,,,,IN_PROGRESS,District Collectorate & Administration Yavatmal,yavatmal_341_2018032122.pdf,https://cdn.s3waas.gov.in/s39ad6aaed513b73148b7d49f70afcfb32/uploads/2018/03/2018032122.pdf,2018-03-01,OCR,1,3c7903c6d3782adf80ce67e299730fb7c25007677af96b7b9df15d9eb30262ff
CAS_YAVATMAL_275,,PRJ_YAVATMAL,,District Collectorate & Administration Yavatmal,RFCTLARR_2013,Maharashtra,Yavatmal,,,,,,,,,,1,0,0,0,,,,IN_PROGRESS,District Collectorate & Administration Yavatmal,yavatmal_342_2018032192.pdf,https://cdn.s3waas.gov.in/s39ad6aaed513b73148b7d49f70afcfb32/uploads/2018/03/2018032192.pdf,2017-01-01,OCR,1,a287c5f4ae9814de06eb162d4755397762edd6e98f3b02586e5515a6ff21f669
CAS_YAVATMAL_276,,PRJ_YAVATMAL,,District Collectorate & Administration Yavatmal,RFCTLARR_2013,Maharashtra,Yavatmal,,,,,,,,,,1,0,0,0,,,,IN_PROGRESS,District Collectorate & Administration Yavatmal,yavatmal_343_2018032148.pdf,https://cdn.s3waas.gov.in/s39ad6aaed513b73148b7d49f70afcfb32/uploads/2018/03/2018032148.pdf,2018-03-01,OCR,1,6182a094ff6356be96094efdc28aed86737ee47fcc9d851d33fe09a0f78fdd71
CAS_YAVATMAL_277,,PRJ_YAVATMAL,,District Collectorate & Administration Yavatmal,RFCTLARR_2013,Maharashtra,Yavatmal,,,,,,,,,,1,0,0,0,,,,IN_PROGRESS,District Collectorate & Administration Yavatmal,yavatmal_344_2018032176.pdf,https://cdn.s3waas.gov.in/s39ad6aaed513b73148b7d49f70afcfb32/uploads/2018/03/2018032176.pdf,2018-03-01,OCR,1,fb598f0fbd2b50fbb6f37c726480f383d5642e1c697fe282f0faa4ec740b8b46
CAS_YAVATMAL_278,,PRJ_YAVATMAL,,District Collectorate & Administration Yavatmal,RFCTLARR_2013,Maharashtra,Yavatmal,,,,,,,,,,1,0,0,0,,,,IN_PROGRESS,District Collectorate & Administration Yavatmal,yavatmal_345_2018032179.pdf,https://cdn.s3waas.gov.in/s39ad6aaed513b73148b7d49f70afcfb32/uploads/2018/03/2018032179.pdf,2018-03-01,OCR,1,94ae3eebd946f4f554670724f01a305b09656662686d97d556413d726c110fe5
