source_id,source_title,source_organization,source_department,source_state,source_district,source_url,source_pdf_url,source_publication_date,download_timestamp,local_file_path,sha256_hash,file_size_bytes,mime_type,act_key,extraction_method
SRC_NAGPUR_001,Publication of notice 11(1) in land Acquisition Case No 29/A-65/2026-2027 Mouza – Sayki Taluka Umred Dist. Nagpur,District Collectorate & Administration Nagpur,Revenue & Land Acquisition Department,Maharashtra,Nagpur,https://nagpur.gov.in/documents/,https://cdn.s3waas.gov.in/s3d1f491a404d6854880943e5c3cd9ca25/uploads/2026/09/17900744752905.pdf,2026-09-22,2026-09-29T09:52:10.218220Z,raw_documents/nagpur/nagpur_001_17900744752905.pdf,1c8775f96a14eeecf2d25acdf912c5cc7f89e29fa4be4f04c5eac100e47c5a36,1271941,application/pdf,RFCTLARR_2013,TEXT
SRC_NAGPUR_002,Publication of notice 11(1) in land Acquisition Case No 28/A-65/2026-2027 Mouza – Jambhalapani Taluka Umred Dist. Nagpur,District Collectorate & Administration Nagpur,Revenue & Land Acquisition Department,Maharashtra,Nagpur,https://nagpur.gov.in/documents/,https://cdn.s3waas.gov.in/s3d1f491a404d6854880943e5c3cd9ca25/uploads/2026/09/17900742342681.pdf,2026-09-22,2026-09-29T09:52:18.454130Z,raw_documents/nagpur/nagpur_002_17900742342681.pdf,5f76c11b04f6f738693c521b3e3b64a5d713aafa23349d861ca83dd5bfb20fa2,1505345,application/pdf,RFCTLARR_2013,TEXT
SRC_NAGPUR_003,Publication of notice 11(1) in land Acquisition Case No 27/A-65/2026-2027 Mouza – Garamsur (Rithi) Taluka Umred Dist. Nagpur,District Collectorate & Administration Nagpur,Revenue & Land Acquisition Department,Maharashtra,Nagpur,https://nagpur.gov.in/documents/,https://cdn.s3waas.gov.in/s3d1f491a404d6854880943e5c3cd9ca25/uploads/2026/09/17900740564711.pdf,2026-09-22,2026-09-29T09:52:26.524694Z,raw_documents/nagpur/nagpur_003_17900740564711.pdf,bebcb7de037ff9dbf47abd7a743c4cf31d86e488bd991e91ae40b2f5513ba1dc,1214957,application/pdf,RFCTLARR_2013,TEXT
SRC_NAGPUR_004,Publication of notice 11(1) in land Acquisition Case No 26/A-65/2026-2027 Mouza – Dahegaon Taluka Umred Dist. Nagpur,District Collectorate & Administration Nagpur,Revenue & Land Acquisition Department,Maharashtra,Nagpur,https://nagpur.gov.in/documents/,https://cdn.s3waas.gov.in/s3d1f491a404d6854880943e5c3cd9ca25/uploads/2026/09/17900738272354.pdf,2026-09-22,2026-09-29T09:52:39.329263Z,raw_documents/nagpur/nagpur_004_17900738272354.pdf,c04392847b9413583fb99233cebf8305c14d594bd8d7b66c7b81297b5751ae7b,1509393,application/pdf,RFCTLARR_2013,TEXT
SRC_NAGPUR_005,Publication of notice 11(1) in land Acquisition Case No 25/A-65/2026-2027 Mouza – Wagholi (Rithi) Taluka Umred Dist. Nagpur,District Collectorate & Administration Nagpur,Revenue & Land Acquisition Department,Maharashtra,Nagpur,https://nagpur.gov.in/documents/,https://cdn.s3waas.gov.in/s3d1f491a404d6854880943e5c3cd9ca25/uploads/2026/09/17900733115343.pdf,2026-09-22,2026-09-29T09:52:49.829682Z,raw_documents/nagpur/nagpur_005_17900733115343.pdf,2d551c86301d75c637e7f5bf7e41a383393419970583f660bdea4df6539a9539,1567151,application/pdf,RFCTLARR_2013,TEXT
SRC_NAGPUR_006,Publication of notice 11(1) in land Acquisition Case No 24/A-65/2026-2027 Mouza – Dudha Taluka Umred Dist. Nagpur,District Collectorate & Administration Nagpur,Revenue & Land Acquisition Department,Maharashtra,Nagpur,https://nagpur.gov.in/documents/,https://cdn.s3waas.gov.in/s3d1f491a404d6854880943e5c3cd9ca25/uploads/2026/09/17900720145130.pdf,2026-09-22,2026-09-29T09:53:10.327504Z,raw_documents/nagpur/nagpur_006_17900720145130.pdf,b8b8381cde0a79c04ccce21781fa02394ab08c4d35f2a1f19f66cb3188b39a3c,3042004,application/pdf,RFCTLARR_2013,TEXT
SRC_NAGPUR_007,Publication of notice 11(1) in land Acquisition Case No 23/A-65/2026-2027 Mouza – Davha Taluka Umred Dist. Nagpur,District Collectorate & Administration Nagpur,Revenue & Land Acquisition Department,Maharashtra,Nagpur,https://nagpur.gov.in/documents/,https://cdn.s3waas.gov.in/s3d1f491a404d6854880943e5c3cd9ca25/uploads/2026/09/17900718325284.pdf,2026-09-22,2026-09-29T09:53:23.429782Z,raw_documents/nagpur/nagpur_007_17900718325284.pdf,da2dca2c865bfcd06caff108f67c221068a36bfbbb1435ef1c002de8c335c097,2756427,application/pdf,RFCTLARR_2013,TEXT
SRC_NAGPUR_008,Publication of notice 11(1) in land Acquisition Case No 31/A-65/2025-26 Mouza – Kiranpur Taluka Nagpur (Gramin) Dist. Nagpur,District Collectorate & Administration Nagpur,Revenue & Land Acquisition Department,Maharashtra,Nagpur,https://nagpur.gov.in/documents/,https://cdn.s3waas.gov.in/s3d1f491a404d6854880943e5c3cd9ca25/uploads/2026/09/17899689722981.pdf,2026-09-11,2026-09-29T09:53:36.767364Z,raw_documents/nagpur/nagpur_008_17899689722981.pdf,8192817d53337bb7b34edc9a662042e7da4b36314b019dfd27be53945eb0af81,1382698,application/pdf,RFCTLARR_2013,OCR
SRC_NAGPUR_009,"Notification under section 11(1), of fair compensation & transparency in Land Acquisition Act-2013 in Case No 67/A-65/2026-27 Mouza Pullar, Taluka Bhivapur Dist: Nagpur",District Collectorate & Administration Nagpur,Revenue & Land Acquisition Department,Maharashtra,Nagpur,https://nagpur.gov.in/documents/page/2/,https://cdn.s3waas.gov.in/s3d1f491a404d6854880943e5c3cd9ca25/uploads/2026/09/17887688511960.pdf,2026-09-07,2026-09-29T09:53:41.904266Z,raw_documents/nagpur/nagpur_009_17887688511960.pdf,82f43747b40b2a5ae019722a02bd1f2b20717deaf1c0e3b83b32ff0a578eb052,1235928,application/pdf,RFCTLARR_2013,OCR
SRC_NAGPUR_010,"Notification under section 11(1), of fair compensation & transparency in Land Acquisition Act-2013 in Case No 66/A-65/2026-27 Mouza Sawangi Taluka Kuhi Dist: Nagpur",District Collectorate & Administration Nagpur,Revenue & Land Acquisition Department,Maharashtra,Nagpur,https://nagpur.gov.in/documents/page/2/,https://cdn.s3waas.gov.in/s3d1f491a404d6854880943e5c3cd9ca25/uploads/2026/09/17887680469543.pdf,2026-09-03,2026-09-29T09:53:45.659041Z,raw_documents/nagpur/nagpur_010_17887680469543.pdf,4903c840e6f448a879abbea73f11a8ca442f68ae7c31cab3f45f793ee26d0585,1317118,application/pdf,RFCTLARR_2013,OCR
SRC_NAGPUR_011,Publication of notice 19(1) in land Acquisition Case No 5/A-65/2025-2026 Mouza – Channa Taluka Kuhi Dist. Nagpur,District Collectorate & Administration Nagpur,Revenue & Land Acquisition Department,Maharashtra,Nagpur,https://nagpur.gov.in/documents/page/2/,https://cdn.s3waas.gov.in/s3d1f491a404d6854880943e5c3cd9ca25/uploads/2026/08/17873019338038.pdf,2026-08-21,2026-09-29T09:53:48.339361Z,raw_documents/nagpur/nagpur_011_17873019338038.pdf,d4379602de6e547ce27cb7fed4819d4686757ef775130dae3f63bf1a05d70376,685509,application/pdf,RFCTLARR_2013,TEXT
SRC_NAGPUR_012,Publication of notice 11(1) in land Acquisition Case No 27/A-65/2025-26 Mouza – Junapani Taluka Nagpur (Gramin) Dist. Nagpur,District Collectorate & Administration Nagpur,Revenue & Land Acquisition Department,Maharashtra,Nagpur,https://nagpur.gov.in/documents/page/2/,https://cdn.s3waas.gov.in/s3d1f491a404d6854880943e5c3cd9ca25/uploads/2026/08/17871177833232.pdf,2026-08-19,2026-09-29T09:53:52.834924Z,raw_documents/nagpur/nagpur_012_17871177833232.pdf,dc080802a80b89663efc4f02db962a90d660db7ab2a30a317fc6549ad2a3dcd2,1178576,application/pdf,RFCTLARR_2013,OCR
SRC_NAGPUR_013,Publication of notice 11(1) in land Acquisition Case No 22/A-65/2025-26 Mouza – Bori Taluka Nagpur (Gramin) Dist. Nagpur,District Collectorate & Administration Nagpur,Revenue & Land Acquisition Department,Maharashtra,Nagpur,https://nagpur.gov.in/documents/page/2/,https://cdn.s3waas.gov.in/s3d1f491a404d6854880943e5c3cd9ca25/uploads/2026/08/17871176951688.pdf,2026-08-19,2026-09-29T09:53:57.995966Z,raw_documents/nagpur/nagpur_013_17871176951688.pdf,377801b5c8bcf31386cd0f9fe487a1f34cd16553cffd3abf2608095c856ea86b,1552927,application/pdf,RFCTLARR_2013,OCR
SRC_NAGPUR_014,Publication of notice 11(1) in land Acquisition Case No 28/A-65/2025-26 Mouza –Mangarul Taluka Nagpur (Gramin) Dist. Nagpur,District Collectorate & Administration Nagpur,Revenue & Land Acquisition Department,Maharashtra,Nagpur,https://nagpur.gov.in/documents/page/2/,https://cdn.s3waas.gov.in/s3d1f491a404d6854880943e5c3cd9ca25/uploads/2026/08/17871164593143.pdf,2026-08-19,2026-09-29T09:54:02.985133Z,raw_documents/nagpur/nagpur_014_17871164593143.pdf,cb4c33680cc28e3fe24e1261ac57d7e8f80da8546df1371af0709ee3af570559,1191516,application/pdf,RFCTLARR_2013,OCR
SRC_NAGPUR_015,Publication of notice 11(1) in land Acquisition Case No 20/A-65/2025-26 Mouza –Sonurli Taluka Nagpur (Gramin) Dist. Nagpur,District Collectorate & Administration Nagpur,Revenue & Land Acquisition Department,Maharashtra,Nagpur,https://nagpur.gov.in/documents/page/2/,https://cdn.s3waas.gov.in/s3d1f491a404d6854880943e5c3cd9ca25/uploads/2026/08/17871162034471.pdf,2026-08-19,2026-09-29T09:54:07.043023Z,raw_documents/nagpur/nagpur_015_17871162034471.pdf,c447e4ec64d8b3a3a1268179dd9ba71c11fa114511fe3cb92223184e55ff0292,1279004,application/pdf,RFCTLARR_2013,OCR
SRC_NAGPUR_016,Publication of notice 11(1) in land Acquisition Case No 25/A-65/2025-26 Mouza –Varanga Taluka Nagpur (Gramin) Dist. Nagpur,District Collectorate & Administration Nagpur,Revenue & Land Acquisition Department,Maharashtra,Nagpur,https://nagpur.gov.in/documents/page/2/,https://cdn.s3waas.gov.in/s3d1f491a404d6854880943e5c3cd9ca25/uploads/2026/08/17871161252166.pdf,2026-08-19,2026-09-29T09:54:14.798717Z,raw_documents/nagpur/nagpur_016_17871161252166.pdf,52f585209a900ececdf1c1d9db73192b7fc0fb9a7f4e95c3061652035b91fce4,1599792,application/pdf,RFCTLARR_2013,OCR
SRC_NAGPUR_017,Publication of notice 11(1) in land Acquisition Case No 24/A-65/2025-26 Mouza –Parsodi Taluka Nagpur (Gramin) Dist. Nagpur,District Collectorate & Administration Nagpur,Revenue & Land Acquisition Department,Maharashtra,Nagpur,https://nagpur.gov.in/documents/page/2/,https://cdn.s3waas.gov.in/s3d1f491a404d6854880943e5c3cd9ca25/uploads/2026/08/17871160613961.pdf,2026-08-19,2026-09-29T09:54:18.666130Z,raw_documents/nagpur/nagpur_017_17871160613961.pdf,cc697e267b7f7b3c79f3357fd3d780eef4abe2809b058d5c0ce4a2ed1b024f0d,1175837,application/pdf,RFCTLARR_2013,OCR
SRC_NAGPUR_018,Publication of notice 11(1) in land Acquisition Case No 27/A-65/2025-26 Mouza – Junapani Taluka Nagpur (Gramin) Dist. Nagpur,District Collectorate & Administration Nagpur,Revenue & Land Acquisition Department,Maharashtra,Nagpur,https://nagpur.gov.in/documents/page/2/,https://cdn.s3waas.gov.in/s3d1f491a404d6854880943e5c3cd9ca25/uploads/2026/08/17871159747822.pdf,2026-08-19,2026-09-29T09:54:24.320450Z,raw_documents/nagpur/nagpur_018_17871159747822.pdf,dc080802a80b89663efc4f02db962a90d660db7ab2a30a317fc6549ad2a3dcd2,1178576,application/pdf,RFCTLARR_2013,OCR
SRC_NAGPUR_019,Publication of notice 11(1) in land Acquisition Case No 21/A-65/2025-26 Mouza –Rampur Taluka Nagpur (Gramin) Dist. Nagpur,District Collectorate & Administration Nagpur,Revenue & Land Acquisition Department,Maharashtra,Nagpur,https://nagpur.gov.in/documents/page/3/,https://cdn.s3waas.gov.in/s3d1f491a404d6854880943e5c3cd9ca25/uploads/2026/08/17871158936667.pdf,2026-08-19,2026-09-29T09:54:30.395945Z,raw_documents/nagpur/nagpur_019_17871158936667.pdf,1d4d5aaaaa168f4a2ec51e6b3eb5e1bb1a16aff67c64e4dc6a7c07426979f7a4,1446300,application/pdf,RFCTLARR_2013,OCR
SRC_NAGPUR_020,Publication of notice 11(1) in land Acquisition Case No 26/A-65/2025-26 Mouza –Tumdi Taluka Nagpur (Gramin) Dist. Nagpur,District Collectorate & Administration Nagpur,Revenue & Land Acquisition Department,Maharashtra,Nagpur,https://nagpur.gov.in/documents/page/3/,https://cdn.s3waas.gov.in/s3d1f491a404d6854880943e5c3cd9ca25/uploads/2026/08/17871158321698.pdf,2026-08-19,2026-09-29T09:54:35.111310Z,raw_documents/nagpur/nagpur_020_17871158321698.pdf,de7d2cf882098e2cb13205c7c57b4367a38b5bef031072c3403a1fe5f0699e15,1421113,application/pdf,RFCTLARR_2013,OCR
SRC_NAGPUR_021,Publication of notice 11(1) in land Acquisition Case No 22/A-65/2025-26 Mouza – Bori Taluka Nagpur (Gramin) Dist. Nagpur,District Collectorate & Administration Nagpur,Revenue & Land Acquisition Department,Maharashtra,Nagpur,https://nagpur.gov.in/documents/page/3/,https://cdn.s3waas.gov.in/s3d1f491a404d6854880943e5c3cd9ca25/uploads/2026/08/17871157351850.pdf,2026-08-19,2026-09-29T09:54:38.638588Z,raw_documents/nagpur/nagpur_021_17871157351850.pdf,377801b5c8bcf31386cd0f9fe487a1f34cd16553cffd3abf2608095c856ea86b,1552927,application/pdf,RFCTLARR_2013,OCR
SRC_NAGPUR_022,Publication of notice 11(1) in land Acquisition Case No 23/A-65/2025-26 Mouza –Kirnapur Taluka Nagpur (Gramin) Dist. Nagpur,District Collectorate & Administration Nagpur,Revenue & Land Acquisition Department,Maharashtra,Nagpur,https://nagpur.gov.in/documents/page/3/,https://cdn.s3waas.gov.in/s3d1f491a404d6854880943e5c3cd9ca25/uploads/2026/08/17871156491380.pdf,2026-08-19,2026-09-29T09:54:42.865879Z,raw_documents/nagpur/nagpur_022_17871156491380.pdf,0e1edaf60d3e1e7564739874f7d060d68bf47c87bd74341ffca7a496181a0441,1235251,application/pdf,RFCTLARR_2013,OCR
SRC_NAGPUR_023,Publication of notice 11(1) in land Acquisition Case No 29/A-65/2025-26 Mouza –Murarpur Taluka Nagpur (Gramin) Dist. Nagpur,District Collectorate & Administration Nagpur,Revenue & Land Acquisition Department,Maharashtra,Nagpur,https://nagpur.gov.in/documents/page/3/,https://cdn.s3waas.gov.in/s3d1f491a404d6854880943e5c3cd9ca25/uploads/2026/08/17871155853082.pdf,2026-08-19,2026-09-29T09:55:00.619622Z,raw_documents/nagpur/nagpur_023_17871155853082.pdf,952addeecfd492b225252855ccf5ef5ee3f92911bc2f4608e424f67e256ab5c8,4367975,application/pdf,RFCTLARR_2013,OCR
SRC_NAGPUR_024,Publication of notice 11(1) in land Acquisition Case No 19/A-65/2025-26 Mouza –Ruikheiri Taluka Nagpur (Gramin) Dist. Nagpur,District Collectorate & Administration Nagpur,Revenue & Land Acquisition Department,Maharashtra,Nagpur,https://nagpur.gov.in/documents/page/3/,https://cdn.s3waas.gov.in/s3d1f491a404d6854880943e5c3cd9ca25/uploads/2026/08/17871154658589.pdf,2026-08-19,2026-09-29T09:55:08.126813Z,raw_documents/nagpur/nagpur_024_17871154658589.pdf,a6cd51cd7b633edbbc13ecac12d22e85dc201e709b9f75c5d06d385156a6ffde,2127314,application/pdf,RFCTLARR_2013,OCR
SRC_NAGPUR_025,"Notification U|S 19(1) of LARR Act 2019 in Case No 1/A-65/2026-2027 Mouza Nagpur, Tah Nagpur(City), Dist. Nagpur.",District Collectorate & Administration Nagpur,Revenue & Land Acquisition Department,Maharashtra,Nagpur,https://nagpur.gov.in/documents/page/3/,https://cdn.s3waas.gov.in/s3d1f491a404d6854880943e5c3cd9ca25/uploads/2026/08/17869478971894.pdf,2026-08-17,2026-09-29T09:55:12.043313Z,raw_documents/nagpur/nagpur_025_17869478971894.pdf,a9ac6504ffb884047d11ae9ec4aa92e19ecc89c05240de4e2eb56c4194cbbd6a,1807279,application/pdf,RFCTLARR_2013,OCR
SRC_NAGPUR_026,"Corrigendum of Mouza – Mangali, Datala, Khairi (Khurd), Shirur, Sukali (Dharpure), Turagondi, Vayfal (Rithi), Menkhat (rithi), Deolipeth, & Sawangi (de) Taluka Hingna Dist. Nagpur",District Collectorate & Administration Nagpur,Revenue & Land Acquisition Department,Maharashtra,Nagpur,https://nagpur.gov.in/documents/page/3/,https://cdn.s3waas.gov.in/s3d1f491a404d6854880943e5c3cd9ca25/uploads/2026/08/17869473055263.pdf,2026-08-17,2026-09-29T09:55:25.717834Z,raw_documents/nagpur/nagpur_026_17869473055263.pdf,b1555a1fccb488ca4cead5b54429066981c5ce3b84cc1e2fe61dc0cfef50b842,4683176,application/pdf,RFCTLARR_2013,OCR
SRC_NAGPUR_027,"Corrigendum of Mouza – Belori(bu), Borgaon (khurd), & Telkamthi Taluka Kalmeshwar Dist. Nagpur",District Collectorate & Administration Nagpur,Revenue & Land Acquisition Department,Maharashtra,Nagpur,https://nagpur.gov.in/documents/page/3/,https://cdn.s3waas.gov.in/s3d1f491a404d6854880943e5c3cd9ca25/uploads/2026/08/17869471966429.pdf,2026-08-17,2026-09-29T09:55:28.737949Z,raw_documents/nagpur/nagpur_027_17869471966429.pdf,c7e42910daf122571790121a1d7c3d35ba38b9d241e3814a013a531b517b1aee,574677,application/pdf,RFCTLARR_2013,OCR
SRC_NAGPUR_028,Publication of notice 11(1) in land Acquisition Case No 59/अ-65/2025-26 Mouza – Asola (Sawangi)Taluka Hingna Dist. Nagpur,District Collectorate & Administration Nagpur,Revenue & Land Acquisition Department,Maharashtra,Nagpur,https://nagpur.gov.in/documents/page/3/,https://cdn.s3waas.gov.in/s3d1f491a404d6854880943e5c3cd9ca25/uploads/2026/08/17869469995556.pdf,2026-08-17,2026-09-29T09:55:34.041793Z,raw_documents/nagpur/nagpur_028_17869469995556.pdf,9c85ce07f57ae60b2cb30b234c6b1a98b8f886379dd64b3d82d09e45c0cca1d7,1460359,application/pdf,RFCTLARR_2013,OCR
SRC_NAGPUR_029,Publication of notice 11(1) in land Acquisition Case No 60/अ-65/2025-26 Mouza – Sawangi (Aa)Taluka Hingna Dist. Nagpur,District Collectorate & Administration Nagpur,Revenue & Land Acquisition Department,Maharashtra,Nagpur,https://nagpur.gov.in/documents/page/4/,https://cdn.s3waas.gov.in/s3d1f491a404d6854880943e5c3cd9ca25/uploads/2026/08/17869455328979.pdf,2026-08-17,2026-09-29T09:55:43.719687Z,raw_documents/nagpur/nagpur_029_17869455328979.pdf,aaa2aaee8985ce9b95e156c8f44507a52060594f5179fd6ffecf40a6c6f1468d,2240958,application/pdf,RFCTLARR_2013,OCR
SRC_NAGPUR_030,Publication of notice 11(1) in land Acquisition Case No 61/अ-65/2025-26 Mouza – Bhansuli Taluka Hingna Dist. Nagpur,District Collectorate & Administration Nagpur,Revenue & Land Acquisition Department,Maharashtra,Nagpur,https://nagpur.gov.in/documents/page/4/,https://cdn.s3waas.gov.in/s3d1f491a404d6854880943e5c3cd9ca25/uploads/2026/08/17869454133548.pdf,2026-08-17,2026-09-29T09:55:48.029900Z,raw_documents/nagpur/nagpur_030_17869454133548.pdf,06434e272e3711e6e9a7984923912015627b79de0839ee5037622abc5e7a4f54,1309298,application/pdf,RFCTLARR_2013,OCR
SRC_NAGPUR_031,Publication of notice 11(1) in land Acquisition Case No 64/A-65/2025-26 Mouza – Junapani (Rithi) Taluka Hingna Dist. Nagpur,District Collectorate & Administration Nagpur,Revenue & Land Acquisition Department,Maharashtra,Nagpur,https://nagpur.gov.in/documents/page/4/,https://cdn.s3waas.gov.in/s3d1f491a404d6854880943e5c3cd9ca25/uploads/2026/08/17869451492324.pdf,2026-08-17,2026-09-29T09:55:59.261528Z,raw_documents/nagpur/nagpur_031_17869451492324.pdf,dd5452b4ba416577e5e61b377abf1841fc480593f912ebf3b8f2e10a8118e9e6,1251322,application/pdf,RFCTLARR_2013,OCR
SRC_NAGPUR_032,Publication of notice 11(1) in land Acquisition Case No 65/अ-65/2025-26 Mouza – Vadgaon (Bakshi) Taluka Hingna Dist. Nagpur,District Collectorate & Administration Nagpur,Revenue & Land Acquisition Department,Maharashtra,Nagpur,https://nagpur.gov.in/documents/page/4/,https://cdn.s3waas.gov.in/s3d1f491a404d6854880943e5c3cd9ca25/uploads/2026/08/17869450499883.pdf,2026-08-17,2026-09-29T09:56:08.746998Z,raw_documents/nagpur/nagpur_032_17869450499883.pdf,f5fc05d79f83508d7b3987ee22b9e04b627e8606e7d68b9f293686f4d4aa6143,1392146,application/pdf,RFCTLARR_2013,OCR
SRC_NAGPUR_033,Publication of notice 11(1) in land Acquisition Case No 63/A-65/2025-26 Mouza – Murzadi Taluka Hingna Dist. Nagpur,District Collectorate & Administration Nagpur,Revenue & Land Acquisition Department,Maharashtra,Nagpur,https://nagpur.gov.in/documents/page/4/,https://cdn.s3waas.gov.in/s3d1f491a404d6854880943e5c3cd9ca25/uploads/2026/08/17869449641705.pdf,2026-08-17,2026-09-29T09:56:19.091951Z,raw_documents/nagpur/nagpur_033_17869449641705.pdf,982e67c1183f5bb27f547bade1d1654024dd89044fc74ca7d37202842528f33a,3696806,application/pdf,RFCTLARR_2013,OCR
SRC_NAGPUR_034,Publication of notice 11(1) in land Acquisition Case No 62/A-65/2025-26 Mouza – Haladgao Taluka Hingna Dist. Nagpur,District Collectorate & Administration Nagpur,Revenue & Land Acquisition Department,Maharashtra,Nagpur,https://nagpur.gov.in/documents/page/4/,https://cdn.s3waas.gov.in/s3d1f491a404d6854880943e5c3cd9ca25/uploads/2026/08/17869447764003.pdf,2026-08-17,2026-09-29T09:56:23.631183Z,raw_documents/nagpur/nagpur_034_17869447764003.pdf,328f7cec04f043bd2417d9d96a8f47ea9bf485506f415b4a087b24deec7ba2e5,1385145,application/pdf,RFCTLARR_2013,OCR
SRC_NAGPUR_035,Publication of notice 11(1) in land Acquisition Case No 58/A-65/2025-26 Mouza – Kohali (Rithi) Taluka Hingna Dist. Nagpur,District Collectorate & Administration Nagpur,Revenue & Land Acquisition Department,Maharashtra,Nagpur,https://nagpur.gov.in/documents/page/4/,https://cdn.s3waas.gov.in/s3d1f491a404d6854880943e5c3cd9ca25/uploads/2026/08/17869435932822.pdf,2026-08-17,2026-09-29T09:56:27.251210Z,raw_documents/nagpur/nagpur_035_17869435932822.pdf,f95fcfe4959dbbcb1b4ca0efa996bc843bb7e989a693f7cbcd705bfdb61cfa4e,1213502,application/pdf,RFCTLARR_2013,OCR
SRC_NAGPUR_036,Publication of notice 11(1) in land Acquisition Case No 22/A-65/2026-27 Mouza – Mhasepathar(Rithi) Taluka Umred Dist. Nagpur,District Collectorate & Administration Nagpur,Revenue & Land Acquisition Department,Maharashtra,Nagpur,https://nagpur.gov.in/documents/page/4/,https://cdn.s3waas.gov.in/s3d1f491a404d6854880943e5c3cd9ca25/uploads/2026/08/17869433947169.pdf,2026-08-14,2026-09-29T09:56:32.400041Z,raw_documents/nagpur/nagpur_036_17869433947169.pdf,0300f7dcb4dd8246f7ad8abe20c793128b51c0db45f033801288fbeabbc76adc,2197888,application/pdf,RFCTLARR_2013,TEXT
SRC_NAGPUR_037,Publication of notice 11(1) in land Acquisition Case No 20/A-65/2026-27 Mouza – Umra Taluka Umred Dist. Nagpur,District Collectorate & Administration Nagpur,Revenue & Land Acquisition Department,Maharashtra,Nagpur,https://nagpur.gov.in/documents/page/4/,https://cdn.s3waas.gov.in/s3d1f491a404d6854880943e5c3cd9ca25/uploads/2026/08/17869433002182.pdf,2026-08-14,2026-09-29T09:56:34.489063Z,raw_documents/nagpur/nagpur_037_17869433002182.pdf,2113ca0483fc9e1385dca1ecc8dec25728def332681e76935c12e75c023815f4,1384225,application/pdf,RFCTLARR_2013,TEXT
SRC_NAGPUR_038,Publication of notice 11(1) in land Acquisition Case No 19/A-65/2026-27 Mouza – Tikhadi Taluka Umred Dist. Nagpur,District Collectorate & Administration Nagpur,Revenue & Land Acquisition Department,Maharashtra,Nagpur,https://nagpur.gov.in/documents/page/4/,https://cdn.s3waas.gov.in/s3d1f491a404d6854880943e5c3cd9ca25/uploads/2026/08/17869432006574.pdf,2026-08-14,2026-09-29T09:56:36.188518Z,raw_documents/nagpur/nagpur_038_17869432006574.pdf,37435411de3a7842a77a6c09383fa0e09fa3196dcd24fb3d91aa66c5f5717722,1077173,application/pdf,RFCTLARR_2013,TEXT
SRC_NAGPUR_039,Publication of notice 11(1) in land Acquisition Case No 18/A-65/2026-27 Mouza – Parsodi (Uti) Taluka Umred Dist. Nagpur,District Collectorate & Administration Nagpur,Revenue & Land Acquisition Department,Maharashtra,Nagpur,https://nagpur.gov.in/documents/page/5/,https://cdn.s3waas.gov.in/s3d1f491a404d6854880943e5c3cd9ca25/uploads/2026/08/17869430655413.pdf,2026-08-14,2026-09-29T09:56:38.766471Z,raw_documents/nagpur/nagpur_039_17869430655413.pdf,ddee4550e28e3a9429c898917dc84d7de820d45244cb2844d577152639d9290d,1650184,application/pdf,RFCTLARR_2013,TEXT
SRC_NAGPUR_040,Publication of notice 11(1) in land Acquisition Case No 17/A-65/2026-27 Mouza – Haladgaon Taluka Umred Dist. Nagpur,District Collectorate & Administration Nagpur,Revenue & Land Acquisition Department,Maharashtra,Nagpur,https://nagpur.gov.in/documents/page/5/,https://cdn.s3waas.gov.in/s3d1f491a404d6854880943e5c3cd9ca25/uploads/2026/08/17867055587588.pdf,2026-08-14,2026-09-29T09:56:40.363631Z,raw_documents/nagpur/nagpur_040_17867055587588.pdf,bfc54d0e2718b6abef675556cbdf2648b03f09da1491adf52a42f9af1446919d,1401927,application/pdf,RFCTLARR_2013,TEXT
SRC_NAGPUR_041,Publication of notice 11(1) in land Acquisition Case No 16/A-65/2026-27 Mouza – Bhiwapur Taluka UmredDist. Nagpur,District Collectorate & Administration Nagpur,Revenue & Land Acquisition Department,Maharashtra,Nagpur,https://nagpur.gov.in/documents/page/5/,https://cdn.s3waas.gov.in/s3d1f491a404d6854880943e5c3cd9ca25/uploads/2026/08/17867054037704.pdf,2026-08-14,2026-09-29T09:56:43.265858Z,raw_documents/nagpur/nagpur_041_17867054037704.pdf,ff8da5cb42b858529afe6991e7cf3ace7fdc0eb73a26cc0805138fa5663911f1,1425739,application/pdf,RFCTLARR_2013,TEXT
SRC_NAGPUR_042,Publication of notice 11(1) in land Acquisition Case No 15/A-65/2026-27 Mouza – Pusagondi(Rithi) Taluka Umred Dist. Nagpur,District Collectorate & Administration Nagpur,Revenue & Land Acquisition Department,Maharashtra,Nagpur,https://nagpur.gov.in/documents/page/5/,https://cdn.s3waas.gov.in/s3d1f491a404d6854880943e5c3cd9ca25/uploads/2026/08/17867052197084.pdf,2026-08-14,2026-09-29T09:56:45.235231Z,raw_documents/nagpur/nagpur_042_17867052197084.pdf,fc4962593a543de5f771dd40b0809c9e0f485c3edfc01ea500105c3a718c2533,1348833,application/pdf,RFCTLARR_2013,TEXT
SRC_NAGPUR_043,Publication of notice 11(1) in land Acquisition Case No 14/A-65/2026-27 Mouza – Wadegaon Taluka Umred Dist. Nagpur,District Collectorate & Administration Nagpur,Revenue & Land Acquisition Department,Maharashtra,Nagpur,https://nagpur.gov.in/documents/page/5/,https://cdn.s3waas.gov.in/s3d1f491a404d6854880943e5c3cd9ca25/uploads/2026/08/17867050557766.pdf,2026-08-14,2026-09-29T09:56:47.240787Z,raw_documents/nagpur/nagpur_043_17867050557766.pdf,2e8923bfbd3ca3f9c38bfdf14436767969f67d0e707a4f3c0c959b7f8ae74e36,1607441,application/pdf,RFCTLARR_2013,TEXT
SRC_NAGPUR_044,Publication of notice 11(1) in land Acquisition Case No 13/A-65/2026-27 Mouza –Barvha Taluka Umred Dist. Nagpur,District Collectorate & Administration Nagpur,Revenue & Land Acquisition Department,Maharashtra,Nagpur,https://nagpur.gov.in/documents/page/5/,https://cdn.s3waas.gov.in/s3d1f491a404d6854880943e5c3cd9ca25/uploads/2026/08/17867049224170.pdf,2026-08-14,2026-09-29T09:56:49.428841Z,raw_documents/nagpur/nagpur_044_17867049224170.pdf,ea97bf88eb15f4d25fe7a704219bdbe8ecfe852cf9aae7087f4be59ee19b580b,1914631,application/pdf,RFCTLARR_2013,TEXT
SRC_NAGPUR_045,Publication of notice 11(1) in land Acquisition Case No 12/A-65/2026-27 Mouza – Nirvaha Taluka Umred Dist. Nagpur,District Collectorate & Administration Nagpur,Revenue & Land Acquisition Department,Maharashtra,Nagpur,https://nagpur.gov.in/documents/page/5/,https://cdn.s3waas.gov.in/s3d1f491a404d6854880943e5c3cd9ca25/uploads/2026/08/17867045765857.pdf,2026-08-14,2026-09-29T09:56:52.162689Z,raw_documents/nagpur/nagpur_045_17867045765857.pdf,13f455a00d62b6441dcb466a82bccce50a003d5f102f164b9ca39e671371aef6,1269891,application/pdf,RFCTLARR_2013,TEXT
SRC_NAGPUR_046,Publication of notice 11(1) in land Acquisition Case No 10/A-65/2026-27 Mouza – Salai Taluka Umred Dist. Nagpur,District Collectorate & Administration Nagpur,Revenue & Land Acquisition Department,Maharashtra,Nagpur,https://nagpur.gov.in/documents/page/5/,https://cdn.s3waas.gov.in/s3d1f491a404d6854880943e5c3cd9ca25/uploads/2026/08/17867042026360.pdf,2026-08-14,2026-09-29T09:56:55.228507Z,raw_documents/nagpur/nagpur_046_17867042026360.pdf,d898e01a14c9764bcb772eb8a039063900d88c4b6b916dd62fb095e203de9b14,1856066,application/pdf,RFCTLARR_2013,TEXT
SRC_NAGPUR_047,Publication of notice 11(1) in land Acquisition Case No 9/A-65/2026-27 Mouza – Banor Taluka कुही Dist. Nagpur,District Collectorate & Administration Nagpur,Revenue & Land Acquisition Department,Maharashtra,Nagpur,https://nagpur.gov.in/documents/page/5/,https://cdn.s3waas.gov.in/s3d1f491a404d6854880943e5c3cd9ca25/uploads/2026/08/17867039643678.pdf,2026-08-14,2026-09-29T09:57:00.735229Z,raw_documents/nagpur/nagpur_047_17867039643678.pdf,4b727d0ae762da42d0bb4e6c6c8c50f790b4ffafa477d19803d5d76dc2b8eb97,2285339,application/pdf,RFCTLARR_2013,TEXT
SRC_NAGPUR_048,Publication of notice 11(1) in land Acquisition Case No 10/A-65/2026-27 Mouza – Sonpuri Taluka Umred Dist. Nagpur,District Collectorate & Administration Nagpur,Revenue & Land Acquisition Department,Maharashtra,Nagpur,https://nagpur.gov.in/documents/page/5/,https://cdn.s3waas.gov.in/s3d1f491a404d6854880943e5c3cd9ca25/uploads/2026/08/17867038566861.pdf,2026-08-14,2026-09-29T09:57:06.119981Z,raw_documents/nagpur/nagpur_048_17867038566861.pdf,d60f37f91dcab84f9cf967910c922d21f721bab2a5cfd67f7b30144efe91d220,1657492,application/pdf,RFCTLARR_2013,TEXT
SRC_NAGPUR_049,Publication of notice 11(1) in land Acquisition Case No 8/अ-65/2026-27 Mouza – Siroli(Rithi) Taluka Kuhi Dist. Nagpur,District Collectorate & Administration Nagpur,Revenue & Land Acquisition Department,Maharashtra,Nagpur,https://nagpur.gov.in/documents/page/6/,https://cdn.s3waas.gov.in/s3d1f491a404d6854880943e5c3cd9ca25/uploads/2026/08/17867034838425.pdf,2026-08-14,2026-09-29T09:57:11.518753Z,raw_documents/nagpur/nagpur_049_17867034838425.pdf,ca91e3cfca2ded9228860a774ead6f3323d042860c537ebde1e22476fb5d896a,1866123,application/pdf,RFCTLARR_2013,TEXT
SRC_NAGPUR_050,Publication of notice 11(1) in land Acquisition Case No 7/अ-65/2026-27 Mouza – Wag Taluka Kuhi Dist. Nagpur,District Collectorate & Administration Nagpur,Revenue & Land Acquisition Department,Maharashtra,Nagpur,https://nagpur.gov.in/documents/page/6/,https://cdn.s3waas.gov.in/s3d1f491a404d6854880943e5c3cd9ca25/uploads/2026/08/17867030147239.pdf,2026-08-14,2026-09-29T09:57:16.407543Z,raw_documents/nagpur/nagpur_050_17867030147239.pdf,14c91731cdaba574797e5d64f12d66dcc2b6fa5d33b477d37337619988ccda4a,2339874,application/pdf,RFCTLARR_2013,TEXT
SRC_NAGPUR_051,Publication of notice 11(1) in land Acquisition Case No 6/अ-65/2026-27 Mouza –Mandhal Taluka Kuhi Dist. Nagpur,District Collectorate & Administration Nagpur,Revenue & Land Acquisition Department,Maharashtra,Nagpur,https://nagpur.gov.in/documents/page/6/,https://cdn.s3waas.gov.in/s3d1f491a404d6854880943e5c3cd9ca25/uploads/2026/08/17867026392575.pdf,2026-08-14,2026-09-29T09:57:20.217701Z,raw_documents/nagpur/nagpur_051_17867026392575.pdf,380ba5c992cfc007af52b69bd5fd15ce644f19271b970e066bc650bd3beabc97,2151283,application/pdf,RFCTLARR_2013,TEXT
SRC_NAGPUR_052,Publication of notice 11(1) in land Acquisition Case No 5/A-65/2026-27 Mouza – Bori Sadachar Taluka Kuhi Dist. Nagpur,District Collectorate & Administration Nagpur,Revenue & Land Acquisition Department,Maharashtra,Nagpur,https://nagpur.gov.in/documents/page/6/,https://cdn.s3waas.gov.in/s3d1f491a404d6854880943e5c3cd9ca25/uploads/2026/08/17867000836366.pdf,2026-08-14,2026-09-29T09:57:23.116152Z,raw_documents/nagpur/nagpur_052_17867000836366.pdf,4d561d005ebdc0c9db9a9a73e3ad52c854137a9c279ff71ea2df5bda5fb8a3e1,1520463,application/pdf,RFCTLARR_2013,TEXT
SRC_NAGPUR_053,Publication of notice 11(1) in land Acquisition Case No 4/अ-65/2026-27 Mouza – 4-Parsodi (Raja) Taluka Kuhi Dist. Nagpur,District Collectorate & Administration Nagpur,Revenue & Land Acquisition Department,Maharashtra,Nagpur,https://nagpur.gov.in/documents/page/6/,https://cdn.s3waas.gov.in/s3d1f491a404d6854880943e5c3cd9ca25/uploads/2026/08/17866998881743.pdf,2026-08-14,2026-09-29T09:57:27.915899Z,raw_documents/nagpur/nagpur_053_17866998881743.pdf,8c5dbca214016ef169d5b3341afa0578f8bb72ac04c417544c53c3468bd3d944,1857131,application/pdf,RFCTLARR_2013,TEXT
SRC_NAGPUR_054,Publication of notice 11(1) in land Acquisition Case No 3/A-65/2026-27 Mouza – Pachkhedi (Gandli) Taluka Kuhi Dist. Nagpur,District Collectorate & Administration Nagpur,Revenue & Land Acquisition Department,Maharashtra,Nagpur,https://nagpur.gov.in/documents/page/6/,https://cdn.s3waas.gov.in/s3d1f491a404d6854880943e5c3cd9ca25/uploads/2026/08/17866996048515.pdf,2026-08-14,2026-09-29T09:57:31.023310Z,raw_documents/nagpur/nagpur_054_17866996048515.pdf,34e0c85333d5d1ed123d96e11cfa29a21d2339bb314ae91f8795ccbe220a1600,1521380,application/pdf,RFCTLARR_2013,TEXT
SRC_NAGPUR_055,Publication of notice 11(1) in land Acquisition Case No 2/A-65/2026-27 Mouza Karhandla Taluka Kuhi Dist. Nagpur,District Collectorate & Administration Nagpur,Revenue & Land Acquisition Department,Maharashtra,Nagpur,https://nagpur.gov.in/documents/page/6/,https://cdn.s3waas.gov.in/s3d1f491a404d6854880943e5c3cd9ca25/uploads/2026/08/17866994541885.pdf,2026-08-14,2026-09-29T09:57:35.554007Z,raw_documents/nagpur/nagpur_055_17866994541885.pdf,0c23815b28c56885978dde0c3bc659bd3b157c199676839d8102928902a4b8c0,2112260,application/pdf,RFCTLARR_2013,TEXT
SRC_NAGPUR_056,Publication of notice 11(1) in land Acquisition Case No 1/A-65/2026-27 Mouza – Rajoli Taluka Kuhi Dist. Nagpur,District Collectorate & Administration Nagpur,Revenue & Land Acquisition Department,Maharashtra,Nagpur,https://nagpur.gov.in/documents/page/6/,https://cdn.s3waas.gov.in/s3d1f491a404d6854880943e5c3cd9ca25/uploads/2026/08/17866992702275.pdf,2026-08-14,2026-09-29T09:57:37.839922Z,raw_documents/nagpur/nagpur_056_17866992702275.pdf,f5a97b7dbb5a1403b7e494bd7579af808ca0424fb4725d1526788d35109cf384,1433323,application/pdf,RFCTLARR_2013,TEXT
SRC_NAGPUR_057,"Notification Uls 19, of Land Acquisition Act-2013 in Case No 13/A-65/2025-26 Mouza Madanpur Tahsil Kuhi Dist: Nagpur",District Collectorate & Administration Nagpur,Revenue & Land Acquisition Department,Maharashtra,Nagpur,https://nagpur.gov.in/documents/page/6/,https://cdn.s3waas.gov.in/s3d1f491a404d6854880943e5c3cd9ca25/uploads/2026/07/17851349449499.pdf,2026-07-27,2026-09-29T09:57:40.911782Z,raw_documents/nagpur/nagpur_057_17851349449499.pdf,a3ac8d3e7d57c6a31ff280a9b99ef78a924f5d6382ac3229ef16283a000525a3,1016054,application/pdf,RFCTLARR_2013,OCR
SRC_NAGPUR_058,"Notification Uls 19, of Land Acquisition Act-2013 in Case No 12/A-65/2025-26 Mouza Kinhi Tahsil Kuhi Dist: Nagpur",District Collectorate & Administration Nagpur,Revenue & Land Acquisition Department,Maharashtra,Nagpur,https://nagpur.gov.in/documents/page/6/,https://cdn.s3waas.gov.in/s3d1f491a404d6854880943e5c3cd9ca25/uploads/2026/07/17851346679376.pdf,2026-07-27,2026-09-29T09:57:43.511013Z,raw_documents/nagpur/nagpur_058_17851346679376.pdf,55eed2b3c1d9205d5589b5de6358bf58844420c3c282b906dd58210a117f3168,1023525,application/pdf,RFCTLARR_2013,OCR
SRC_NAGPUR_059,"Proposal for Land Acquisition for MIDC Act 1961 of Private Land in Mauza Khrusapar, Joga, Jaitapur, Chhatrapur, Malegaon, Nandagomukh, Salai, Sawali, Jatamkhora Taluka Saoner",District Collectorate & Administration Nagpur,Revenue & Land Acquisition Department,Maharashtra,Nagpur,https://nagpur.gov.in/documents/page/7/,https://cdn.s3waas.gov.in/s3d1f491a404d6854880943e5c3cd9ca25/uploads/2026/07/17848696394139.pdf,2026-07-24,2026-09-29T09:58:00.921941Z,raw_documents/nagpur/nagpur_059_17848696394139.pdf,a824737524cc11152c987278b223bb72d22d6a97b30c8cdaed53fdfc573b2d9b,10235995,application/pdf,MIDC_ACT_1961,OCR
SRC_NAGPUR_060,Publication of Final Award U/s 23 in land Acquisition Case No.9/A-65/2021-2022 Mouza – Khairy Dhalgaon (Gaothan) Taluka Kuhi Dist. Nagpur,District Collectorate & Administration Nagpur,Revenue & Land Acquisition Department,Maharashtra,Nagpur,https://nagpur.gov.in/documents/page/7/,https://cdn.s3waas.gov.in/s3d1f491a404d6854880943e5c3cd9ca25/uploads/2026/07/17840326736570.pdf,2026-07-14,2026-09-29T09:58:20.868204Z,raw_documents/nagpur/nagpur_060_17840326736570.pdf,d716f3003e4e32fdb114c94b1ea7cf3db62811a630c52ae63bc4aa39e64270ae,3962173,application/pdf,RFCTLARR_2013,OCR
SRC_NAGPUR_061,"Regarding to the purchase of land in Hingna Taluka Dist. Nagpur, through direct negotiation for the development of an outer ring road around Nagpur city an adjacent Truck and Bus terminal",District Collectorate & Administration Nagpur,Revenue & Land Acquisition Department,Maharashtra,Nagpur,https://nagpur.gov.in/documents/page/7/,https://cdn.s3waas.gov.in/s3d1f491a404d6854880943e5c3cd9ca25/uploads/2026/06/17821998353528.pdf,2026-06-23,2026-09-29T09:58:45.022182Z,raw_documents/nagpur/nagpur_061_17821998353528.pdf,1990c35c875da77312ac5121f1fc1359f9b6cb977b0d5922deeeeab0e6217347,5346906,application/pdf,RFCTLARR_2013,OCR
SRC_NAGPUR_062,"Regarding to the purchase of land in Kalmeshwar Taluka Dist. Nagpur, through direct negotiation for the development of an outer ring road around Nagpur city an adjacent Truck and Bus terminal",District Collectorate & Administration Nagpur,Revenue & Land Acquisition Department,Maharashtra,Nagpur,https://nagpur.gov.in/documents/page/7/,https://cdn.s3waas.gov.in/s3d1f491a404d6854880943e5c3cd9ca25/uploads/2026/06/17821995134755.pdf,2026-06-23,2026-09-29T09:59:08.856721Z,raw_documents/nagpur/nagpur_062_17821995134755.pdf,d1ceb6364eb5981d5313631c0be1c153e0b203d5544003dbbb2f21c3e7f4af58,3880546,application/pdf,RFCTLARR_2013,OCR
SRC_NAGPUR_063,"Notification Uls 19, of Land Acquisition Act-2013 in Case No 3/A-65/2025-26 Mouza Chinchbhuvan Tahsil Nagpur (City) Dist: Nagpur",District Collectorate & Administration Nagpur,Revenue & Land Acquisition Department,Maharashtra,Nagpur,https://nagpur.gov.in/documents/page/7/,https://cdn.s3waas.gov.in/s3d1f491a404d6854880943e5c3cd9ca25/uploads/2026/05/17797930839009.pdf,2026-05-26,2026-09-29T09:59:19.538739Z,raw_documents/nagpur/nagpur_063_17797930839009.pdf,2a32272ea22256a80f14d0b15407302438dbe8a26ed62fd7ab2eb6e79ec77953,2306587,application/pdf,RFCTLARR_2013,OCR
SRC_NAGPUR_064,"Draft public notice regarding direct purchase through private negotiation for the proposed acquisition of agricultural land of Mouja – Valni, Isapur, Kavadas, Patansawangi, Bellori (Khu), Itangoti, Sillori and Heti (Surla), Tehsil – Savner, District",District Collectorate & Administration Nagpur,Revenue & Land Acquisition Department,Maharashtra,Nagpur,https://nagpur.gov.in/documents/page/7/,https://cdn.s3waas.gov.in/s3d1f491a404d6854880943e5c3cd9ca25/uploads/2026/05/17794523459073.pdf,2026-05-21,2026-09-29T09:59:43.925436Z,raw_documents/nagpur/nagpur_064_17794523459073.pdf,bcc6f51e92f3e9539e2edd225c6fea944d0a58d1c40d32127393bd80d30bcdf1,9104043,application/pdf,RFCTLARR_2013,TEXT
SRC_NAGPUR_065,"Notification Uls 19, of LARR Act-2013 in Case No 5/A-651 2025-26 Mouza Sitabuldi Tahsil Nagpur (City) Dist: Nagpur",District Collectorate & Administration Nagpur,Revenue & Land Acquisition Department,Maharashtra,Nagpur,https://nagpur.gov.in/documents/page/7/,https://cdn.s3waas.gov.in/s3d1f491a404d6854880943e5c3cd9ca25/uploads/2026/05/17793636608182.pdf,2026-05-21,2026-09-29T10:01:12.201576Z,raw_documents/nagpur/nagpur_065_17793636608182.pdf,babb4f1e8fdfbe009305e52e9647f1baa4819d17f153c03c6edce804c2c6b976,3961371,application/pdf,RFCTLARR_2013,OCR
SRC_NAGPUR_066,Publication of notice 11(1) in land Acquisition Case No 5/A-65/2025-2026 Mouza – Channa Taluka Kuhi Dist. Nagpur,District Collectorate & Administration Nagpur,Revenue & Land Acquisition Department,Maharashtra,Nagpur,https://nagpur.gov.in/documents/page/7/,https://cdn.s3waas.gov.in/s3d1f491a404d6854880943e5c3cd9ca25/uploads/2026/05/17793570386040.pdf,2026-05-21,2026-09-29T10:01:16.046124Z,raw_documents/nagpur/nagpur_066_17793570386040.pdf,47b0fe01791f0cf5121b80804de5069873e1c272ef6c7b205cb9c2755932c0fc,991119,application/pdf,RFCTLARR_2013,TEXT
SRC_NAGPUR_067,"Proposal for Land Acquisition for Direct Purchase of Private Land in Aajni, Taluka kuhi Case No. 7/A-65/2025-26 2) Mauja – Khalasana Taluka kuhi Case No. 8/A-65/2025-26 3) Mauja – Wadegaon (Kale) Taluka kuhi Case No. 9/A-65/2025-26 4) Mauja – Mohdadi",District Collectorate & Administration Nagpur,Revenue & Land Acquisition Department,Maharashtra,Nagpur,https://nagpur.gov.in/documents/page/7/,https://cdn.s3waas.gov.in/s3d1f491a404d6854880943e5c3cd9ca25/uploads/2026/05/17793568951427.pdf,2026-05-21,2026-09-29T10:01:28.476155Z,raw_documents/nagpur/nagpur_067_17793568951427.pdf,4d8ab82bab64014209db1a933ebe6e53f186f8cde5e7c56cff27306319f72f9b,6540825,application/pdf,RFCTLARR_2013,TEXT
SRC_NAGPUR_068,Regarding the acquisition of 134.61 Sq. mt of private land situated at Mauza Chichbhavan.,District Collectorate & Administration Nagpur,Revenue & Land Acquisition Department,Maharashtra,Nagpur,https://nagpur.gov.in/documents/page/8/,https://cdn.s3waas.gov.in/s3d1f491a404d6854880943e5c3cd9ca25/uploads/2026/05/17785015463125.pdf,2026-05-11,2026-09-29T10:01:34.006954Z,raw_documents/nagpur/nagpur_068_17785015463125.pdf,c2bff10e61bd3a243e7a243d5ff3a6b08df6eb9fb290ea3d44744cfc957c7d7f,1819974,application/pdf,RFCTLARR_2013,OCR
SRC_NAGPUR_069,"Publication of declaration U/S 11(1) Act 2013, LAO No 12/A-65/2025-26 Mouza Kini",District Collectorate & Administration Nagpur,Revenue & Land Acquisition Department,Maharashtra,Nagpur,https://nagpur.gov.in/documents/page/8/,https://cdn.s3waas.gov.in/s3d1f491a404d6854880943e5c3cd9ca25/uploads/2026/04/17773761897208.pdf,2026-04-28,2026-09-29T10:01:38.004236Z,raw_documents/nagpur/nagpur_069_17773761897208.pdf,d0098449dc11afb4d153e0d4fca866c5b295f3b1771761a07801391cf153b45c,1156791,application/pdf,RFCTLARR_2013,OCR
SRC_NAGPUR_070,Publication of declaration U/S 11(1) LAO No 13/A-65/2025-26 Mouza Madnapur,District Collectorate & Administration Nagpur,Revenue & Land Acquisition Department,Maharashtra,Nagpur,https://nagpur.gov.in/documents/page/8/,https://cdn.s3waas.gov.in/s3d1f491a404d6854880943e5c3cd9ca25/uploads/2026/04/17773757005493.pdf,2026-04-28,2026-09-29T10:01:41.894165Z,raw_documents/nagpur/nagpur_070_17773757005493.pdf,c1a8fd11e9bcafebf82ea9973d0a6aca66a9244af6e1cf1ed34a282cc1bab085,1127275,application/pdf,RFCTLARR_2013,OCR
SRC_NAGPUR_071,Publication of declaration U/S 19(1) in Land Acquisition Case No 03/A-65/2025-2026 Mouza Ranala Tah. Saoner District Nagpur,District Collectorate & Administration Nagpur,Revenue & Land Acquisition Department,Maharashtra,Nagpur,https://nagpur.gov.in/documents/page/8/,https://cdn.s3waas.gov.in/s3d1f491a404d6854880943e5c3cd9ca25/uploads/2026/04/17751044621899.pdf,2026-03-30,2026-09-29T10:01:47.141270Z,raw_documents/nagpur/nagpur_071_17751044621899.pdf,18e741a6753812838ca352067aa0d3fb7bc10c96fbe2ad7432f8e76ea74d06aa,502095,application/pdf,RFCTLARR_2013,OCR
SRC_NAGPUR_072,Publication of notice U/s 19(1) in land Acquisition Case No 4/A-65/2025-2026 Mouza – Bhanegaon Taluka Saoner Dist. Nagpur,District Collectorate & Administration Nagpur,Revenue & Land Acquisition Department,Maharashtra,Nagpur,https://nagpur.gov.in/documents/page/8/,https://cdn.s3waas.gov.in/s3d1f491a404d6854880943e5c3cd9ca25/uploads/2026/02/17706154589431.pdf,2026-02-02,2026-09-29T10:01:50.742213Z,raw_documents/nagpur/nagpur_072_17706154589431.pdf,1c39738f1fd3e1c2ad889c407460f5201ad31134fbbf7b4d9de3c996ddf22b84,660879,application/pdf,RFCTLARR_2013,OCR
SRC_NAGPUR_073,Promuladgation of notification 19(1) regarding land acquisition for rehabilitation of affected Village Mauja- Khairi Dhalgaon Village in Mauja-Pardi (Rithi),District Collectorate & Administration Nagpur,Revenue & Land Acquisition Department,Maharashtra,Nagpur,https://nagpur.gov.in/documents/page/8/,https://cdn.s3waas.gov.in/s3d1f491a404d6854880943e5c3cd9ca25/uploads/2026/01/17689060164811.pdf,2026-01-20,2026-09-29T10:02:02.496216Z,raw_documents/nagpur/nagpur_073_17689060164811.pdf,d59022670da5ba51d1ccddcdc949ec62d91a0e7ebacb03d9330e04dbd2985b12,2600429,application/pdf,RFCTLARR_2013,OCR
SRC_NAGPUR_074,"Notification under Section 21 (1)4 of Right to fair compensation & transparency in land Acquisition, Rehabilitation and Resettlement Act 2013, Case No 3/A-65/2025-2026 Mouza Kitali, Tah Bhivapur, Dist. Nagpur.",District Collectorate & Administration Nagpur,Revenue & Land Acquisition Department,Maharashtra,Nagpur,https://nagpur.gov.in/documents/page/8/,https://cdn.s3waas.gov.in/s3d1f491a404d6854880943e5c3cd9ca25/uploads/2026/01/17688247428111.pdf,2026-01-19,2026-09-29T10:02:05.709687Z,raw_documents/nagpur/nagpur_074_17688247428111.pdf,1a0d90c9f920f185c890a16111367f82fd68199de0f779f991cc434e66fae3da,789449,application/pdf,RFCTLARR_2013,OCR
SRC_NAGPUR_075,"Notification under Section 21 (1) 4 of Right to fair compensation & transparency in land Acquisition, Rehabilitation and Resettlement Act 2013, Case No 7/A-65/2025-2026 Mouza Savargao, Tah Bhivapur, Dist. Nagpur.",District Collectorate & Administration Nagpur,Revenue & Land Acquisition Department,Maharashtra,Nagpur,https://nagpur.gov.in/documents/page/8/,https://cdn.s3waas.gov.in/s3d1f491a404d6854880943e5c3cd9ca25/uploads/2026/01/17688246237069.pdf,2026-01-19,2026-09-29T10:02:10.428746Z,raw_documents/nagpur/nagpur_075_17688246237069.pdf,e0ac2b9c90e0dfd361e58c6dc15bb75620393124b26ca812639e0818ceb458fa,891054,application/pdf,RFCTLARR_2013,OCR
SRC_NAGPUR_076,"Notification under Section 21(1)4 of Right to fair compensation & transparency in land Acquisition, Rehabilitation and Resettlement Act 2013, Case No 8/A-65/2025-2026 Mouza Chikhali, Tah Kuhi, Dist. Nagpur.",District Collectorate & Administration Nagpur,Revenue & Land Acquisition Department,Maharashtra,Nagpur,https://nagpur.gov.in/documents/page/9/,https://cdn.s3waas.gov.in/s3d1f491a404d6854880943e5c3cd9ca25/uploads/2026/01/17688243759198.pdf,2026-01-19,2026-09-29T10:02:15.447828Z,raw_documents/nagpur/nagpur_076_17688243759198.pdf,4c222c997a0863108c6d9e7d66f9e60a6628d54a157fcdf577c35987fef33511,1145489,application/pdf,RFCTLARR_2013,OCR
SRC_NAGPUR_077,"Notification under Section 2१ (1) of Right to fair compensation & transparency in land Acquisition, Rehabilitation and Resettlement Act 2013, Case No 1/A-65/2025-2026 Mouza Pratappur, Tah Kuhi, Dist. Nagpur.",District Collectorate & Administration Nagpur,Revenue & Land Acquisition Department,Maharashtra,Nagpur,https://nagpur.gov.in/documents/page/9/,https://cdn.s3waas.gov.in/s3d1f491a404d6854880943e5c3cd9ca25/uploads/2026/01/17688236116141.pdf,2026-01-19,2026-09-29T10:02:18.893780Z,raw_documents/nagpur/nagpur_077_17688236116141.pdf,618647e9725aefa187f9497230b07b06f2b6059d6bcde950bc8726e5f39b4cca,1007420,application/pdf,RFCTLARR_2013,OCR
SRC_NAGPUR_078,"Notification under Section 21(1)4 of Right to fair compensation & transparency in land Acquisition, Rehabilitation and Resettlement Act 2013, Case No 2/A-65/2025-2026 Mouza Bhivapur, Tah Kuhi, Dist. Nagpur.",District Collectorate & Administration Nagpur,Revenue & Land Acquisition Department,Maharashtra,Nagpur,https://nagpur.gov.in/documents/page/9/,https://cdn.s3waas.gov.in/s3d1f491a404d6854880943e5c3cd9ca25/uploads/2026/01/17688230811101.pdf,2026-01-19,2026-09-29T10:02:23.904891Z,raw_documents/nagpur/nagpur_078_17688230811101.pdf,b3dc7ed5e7ba5042495cafe9c84e652bcec361177651140cad130c4cf15eb6c2,1114738,application/pdf,RFCTLARR_2013,OCR
SRC_NAGPUR_079,"Notification under Section 21(1)4 of Right to fair compensation & transparency in land Acquisition, Rehabilitation and Resettlement Act 2013, Case No 4/A-65/2025-2026 Mouza Savargi, Tah Kuhi, Dist. Nagpur.",District Collectorate & Administration Nagpur,Revenue & Land Acquisition Department,Maharashtra,Nagpur,https://nagpur.gov.in/documents/page/9/,https://cdn.s3waas.gov.in/s3d1f491a404d6854880943e5c3cd9ca25/uploads/2026/01/17688228405585.pdf,2026-01-19,2026-09-29T10:02:26.462892Z,raw_documents/nagpur/nagpur_079_17688228405585.pdf,676c2f5e4b511e5a5e9386077bdf13935209ea27791ab5fa91f20087a2212bcb,923348,application/pdf,RFCTLARR_2013,OCR
SRC_NAGPUR_080,Publication of notice U/s 21(1)(4) in land Acquisition Case No 1/A-65/2025-2026 Mouza – Bhiwapur Taluka Bhiwapur Dist. Nagpur,District Collectorate & Administration Nagpur,Revenue & Land Acquisition Department,Maharashtra,Nagpur,https://nagpur.gov.in/documents/page/9/,https://cdn.s3waas.gov.in/s3d1f491a404d6854880943e5c3cd9ca25/uploads/2026/01/17682072765352.pdf,2026-01-12,2026-09-29T10:02:28.081396Z,raw_documents/nagpur/nagpur_080_17682072765352.pdf,f70ed53c9ae2fc40229ab56024691024a406ab93aa9096c7fc2faa2dd6b18af4,415552,application/pdf,RFCTLARR_2013,TEXT
SRC_NAGPUR_081,Publication of notice U/s 21(1)(4) in land Acquisition Case No 4/A-65/2025-2026 Mouza – Bramhani Taluka Kuhi Dist. Nagpur,District Collectorate & Administration Nagpur,Revenue & Land Acquisition Department,Maharashtra,Nagpur,https://nagpur.gov.in/documents/page/9/,https://cdn.s3waas.gov.in/s3d1f491a404d6854880943e5c3cd9ca25/uploads/2026/01/17682072029182.pdf,2026-01-12,2026-09-29T10:02:32.542349Z,raw_documents/nagpur/nagpur_081_17682072029182.pdf,1e74b857184272116ad9b6c64246352c793d8236f40353709b33ec43bd1eaf87,981878,application/pdf,RFCTLARR_2013,TEXT
SRC_NAGPUR_082,Publication of notice U/s 21(1)(4) in land Acquisition Case No 2/A-65/2025-2026 Mouza – Taroli Taluka Kuhi Dist. Nagpur,District Collectorate & Administration Nagpur,Revenue & Land Acquisition Department,Maharashtra,Nagpur,https://nagpur.gov.in/documents/page/9/,https://cdn.s3waas.gov.in/s3d1f491a404d6854880943e5c3cd9ca25/uploads/2026/01/17682070532186.pdf,2026-01-12,2026-09-29T10:02:34.200030Z,raw_documents/nagpur/nagpur_082_17682070532186.pdf,df033e010a2be71749ba5a8adfc55ff42fa610ba49bb7cfb68907b4b1c904e0f,430084,application/pdf,RFCTLARR_2013,TEXT
SRC_NAGPUR_083,Publication of notice U/s 21(1)(4) in land Acquisition Case No 8/A-65/2024-2025 Mouza – Ruyad Taluka Kuhi Dist. Nagpur,District Collectorate & Administration Nagpur,Revenue & Land Acquisition Department,Maharashtra,Nagpur,https://nagpur.gov.in/documents/page/9/,https://cdn.s3waas.gov.in/s3d1f491a404d6854880943e5c3cd9ca25/uploads/2026/01/17682069896680.pdf,2026-01-12,2026-09-29T10:02:37.893965Z,raw_documents/nagpur/nagpur_083_17682069896680.pdf,31bc280ec32342a862965de732008d412637d2b4c2f64b1738ec69bd08b2b8eb,761111,application/pdf,RFCTLARR_2013,TEXT
SRC_NAGPUR_084,Publication of notice U/s 21(1)(4) in land Acquisition Case No 7/A-65/2024-2025 Mouza – Takli Taluka Kuhi Dist. Nagpur,District Collectorate & Administration Nagpur,Revenue & Land Acquisition Department,Maharashtra,Nagpur,https://nagpur.gov.in/documents/page/9/,https://cdn.s3waas.gov.in/s3d1f491a404d6854880943e5c3cd9ca25/uploads/2026/01/17682069279623.pdf,2026-01-12,2026-09-29T10:02:39.257509Z,raw_documents/nagpur/nagpur_084_17682069279623.pdf,1c17c63c07bbe2b32ef58e80f549b2e9fd3fb0f96c700df4c9c35ac98be0ce5e,452995,application/pdf,RFCTLARR_2013,TEXT
SRC_NAGPUR_085,Publication of notice U/s 21(1)(4) in land Acquisition Case No 3/A-65/2025-2026 Mouza – Gonha Taluka Kuhi Dist. Nagpur,District Collectorate & Administration Nagpur,Revenue & Land Acquisition Department,Maharashtra,Nagpur,https://nagpur.gov.in/documents/page/9/,https://cdn.s3waas.gov.in/s3d1f491a404d6854880943e5c3cd9ca25/uploads/2026/01/17682067345749.pdf,2026-01-12,2026-09-29T10:02:41.617515Z,raw_documents/nagpur/nagpur_085_17682067345749.pdf,99979f06b4190699d225df7dd4729c65652f36916edabcc555fae2fd185bc74e,588345,application/pdf,RFCTLARR_2013,TEXT
SRC_NAGPUR_086,Publication of notice U/s 21(1)(4) in land Acquisition Case No 6/A-65/2024-2025 Mouza – Awarmara Taluka Kuhi Dist. Nagpur,District Collectorate & Administration Nagpur,Revenue & Land Acquisition Department,Maharashtra,Nagpur,https://nagpur.gov.in/documents/page/10/,https://cdn.s3waas.gov.in/s3d1f491a404d6854880943e5c3cd9ca25/uploads/2026/01/17682066548847.pdf,2026-01-12,2026-09-29T10:02:43.440111Z,raw_documents/nagpur/nagpur_086_17682066548847.pdf,1544c6cc89a5aa66d18860d2c011e17d1907eb51a0e7ba51626bfd770613daf4,803040,application/pdf,RFCTLARR_2013,TEXT
SRC_NAGPUR_087,Publication of notice U/s 21 (1) (4) in land Acquisition Case No 5/A-65/2024-2025 Mouza – Amti Taluka Kuhi Dist. Nagpur,District Collectorate & Administration Nagpur,Revenue & Land Acquisition Department,Maharashtra,Nagpur,https://nagpur.gov.in/documents/page/10/,https://cdn.s3waas.gov.in/s3d1f491a404d6854880943e5c3cd9ca25/uploads/2026/01/17682065535035.pdf,2026-01-12,2026-09-29T10:02:44.932893Z,raw_documents/nagpur/nagpur_087_17682065535035.pdf,99d871b517da996b039f90bf5863c1c8338715dab8e870c30d269e1a7b13a9f3,836394,application/pdf,RFCTLARR_2013,TEXT
SRC_NAGPUR_088,Publication of notice U/s 21 (1) (4) in land Acquisition Case No 4/A-65/2024-2025 Mouza – Kujba Taluka Kuhi Dist. Nagpur,District Collectorate & Administration Nagpur,Revenue & Land Acquisition Department,Maharashtra,Nagpur,https://nagpur.gov.in/documents/page/10/,https://cdn.s3waas.gov.in/s3d1f491a404d6854880943e5c3cd9ca25/uploads/2026/01/17682063413538.pdf,2026-01-12,2026-09-29T10:02:46.389763Z,raw_documents/nagpur/nagpur_088_17682063413538.pdf,0e581626fe8ec04a301b5cecebd30ca78823d36f00041dfd7c874c5e986ca986,405719,application/pdf,RFCTLARR_2013,TEXT
SRC_NAGPUR_089,Special Executive Officer Appointment Order 21.08.2025,District Collectorate & Administration Nagpur,Revenue & Land Acquisition Department,Maharashtra,Nagpur,https://nagpur.gov.in/documents/page/10/,https://cdn.s3waas.gov.in/s3d1f491a404d6854880943e5c3cd9ca25/uploads/2026/01/17679568558932.pdf,2026-01-09,2026-09-29T10:02:56.123685Z,raw_documents/nagpur/nagpur_089_17679568558932.pdf,6ed970b633e904a8a5ba221411781de0a58bc5a42ddf7735ad99e8318cd5ab8d,3305441,application/pdf,RFCTLARR_2013,OCR
SRC_NAGPUR_090,Public notice 19(1) in land Acquisition Case No 6/A-65/2024-2025 Mouza –Wanadongari Taluka Hingna Dist. Nagpur,District Collectorate & Administration Nagpur,Revenue & Land Acquisition Department,Maharashtra,Nagpur,https://nagpur.gov.in/documents/page/11/,https://cdn.s3waas.gov.in/s3d1f491a404d6854880943e5c3cd9ca25/uploads/2025/12/17663842614296.pdf,2025-12-19,2026-09-29T10:02:59.814984Z,raw_documents/nagpur/nagpur_090_17663842614296.pdf,23a2e6159856d230d2e20ebc9835df4fccbc64e0f5cbe7e882171d30bda9e5f4,1157653,application/pdf,RFCTLARR_2013,OCR
SRC_NAGPUR_091,Public notice 19(1) in land Acquisition Case No 8/A-65/2024-2025 Mouza –Wanadongari Taluka Hingna Dist. Nagpur,District Collectorate & Administration Nagpur,Revenue & Land Acquisition Department,Maharashtra,Nagpur,https://nagpur.gov.in/documents/page/11/,https://cdn.s3waas.gov.in/s3d1f491a404d6854880943e5c3cd9ca25/uploads/2025/12/17663839169227.pdf,2025-12-19,2026-09-29T10:03:03.047444Z,raw_documents/nagpur/nagpur_091_17663839169227.pdf,df3e69fd69d0fa79ac9dcab693d683961ba5c9b987a25f97c8d3a4b7aaf8c028,1053273,application/pdf,RFCTLARR_2013,OCR
SRC_NAGPUR_092,Public notice 19(1) in land Acquisition Case No 7/A-65/2024-2025 Mouza –Wanadongari Taluka Hingna Dist. Nagpur,District Collectorate & Administration Nagpur,Revenue & Land Acquisition Department,Maharashtra,Nagpur,https://nagpur.gov.in/documents/page/11/,https://cdn.s3waas.gov.in/s3d1f491a404d6854880943e5c3cd9ca25/uploads/2025/12/17663837031156.pdf,2025-12-19,2026-09-29T10:03:07.240145Z,raw_documents/nagpur/nagpur_092_17663837031156.pdf,473446c7e27129e14b79e87443c10247f74221b4d826f780950257553e5152e8,1195659,application/pdf,RFCTLARR_2013,OCR
SRC_NAGPUR_093,Public notice 19(1) in land Acquisition Case No 4/A-65/2024-2025 Mouza –Wanadongari Taluka Hingna Dist. Nagpur,District Collectorate & Administration Nagpur,Revenue & Land Acquisition Department,Maharashtra,Nagpur,https://nagpur.gov.in/documents/page/11/,https://cdn.s3waas.gov.in/s3d1f491a404d6854880943e5c3cd9ca25/uploads/2025/12/17663819065704.pdf,2025-12-19,2026-09-29T10:03:09.924294Z,raw_documents/nagpur/nagpur_093_17663819065704.pdf,38ab4701d9f3ac3f40aded93126a1c1b795729e6699e387fcea290609d67f07c,372615,application/pdf,RFCTLARR_2013,OCR
SRC_NAGPUR_094,Publication of notice 19(1) in land Acquisition Case No 1/A-65/2025-2026 Mouza –Pratapur Taluka Kuhi Dist. Nagpur,District Collectorate & Administration Nagpur,Revenue & Land Acquisition Department,Maharashtra,Nagpur,https://nagpur.gov.in/documents/page/11/,https://cdn.s3waas.gov.in/s3d1f491a404d6854880943e5c3cd9ca25/uploads/2025/12/17657931534237.pdf,2025-12-15,2026-09-29T10:03:12.676446Z,raw_documents/nagpur/nagpur_094_17657931534237.pdf,5ed87664bc966c63816ed6572e7be6cffde2a77b4c089f1745d21a65dc284b0d,1105266,application/pdf,RFCTLARR_2013,OCR
SRC_NAGPUR_095,Publication of notice 19(1) in land Acquisition Case No 3/A-65/2025-2026 Mouza –Kitali Taluka Bhivapur Dist. Nagpur,District Collectorate & Administration Nagpur,Revenue & Land Acquisition Department,Maharashtra,Nagpur,https://nagpur.gov.in/documents/page/11/,https://cdn.s3waas.gov.in/s3d1f491a404d6854880943e5c3cd9ca25/uploads/2025/12/17657929816208.pdf,2025-12-15,2026-09-29T10:03:14.783606Z,raw_documents/nagpur/nagpur_095_17657929816208.pdf,275d9d81d4cf935b562d2bfb8a7aa850800903a0ca0dab347294e223dce1fbb2,1014563,application/pdf,RFCTLARR_2013,OCR
SRC_NAGPUR_096,Publication of notice 19(1) in land Acquisition Case No 2/A-65/2025-2026 Mouza –Bhivapur Taluka Kuhi Dist. Nagpur,District Collectorate & Administration Nagpur,Revenue & Land Acquisition Department,Maharashtra,Nagpur,https://nagpur.gov.in/documents/page/11/,https://cdn.s3waas.gov.in/s3d1f491a404d6854880943e5c3cd9ca25/uploads/2025/12/17657928219926.pdf,2025-12-15,2026-09-29T10:03:17.219234Z,raw_documents/nagpur/nagpur_096_17657928219926.pdf,6ff012c5b307b25c427483c191878a769bb280d3b9acebc8bb9da046ba922e8f,1100954,application/pdf,RFCTLARR_2013,OCR
SRC_NAGPUR_097,Publication of notice 19(1) in land Acquisition Case No 8/A-65/2025-2026 Mouza –Chikhali Taluka Kuhi Dist. Nagpur,District Collectorate & Administration Nagpur,Revenue & Land Acquisition Department,Maharashtra,Nagpur,https://nagpur.gov.in/documents/page/12/,https://cdn.s3waas.gov.in/s3d1f491a404d6854880943e5c3cd9ca25/uploads/2025/12/17657926632206.pdf,2025-12-15,2026-09-29T10:03:19.278029Z,raw_documents/nagpur/nagpur_097_17657926632206.pdf,4edd202a948c9dceb2463c64fd8b821b468c29ca14a097e35ae3a074b7c3151b,1217826,application/pdf,RFCTLARR_2013,OCR
SRC_NAGPUR_098,Publication of notice 19(1) in land Acquisition Case No 7/A-65/2025-2026 Mouza –Savargao Taluka Bhivapur Dist. Nagpur,District Collectorate & Administration Nagpur,Revenue & Land Acquisition Department,Maharashtra,Nagpur,https://nagpur.gov.in/documents/page/12/,https://cdn.s3waas.gov.in/s3d1f491a404d6854880943e5c3cd9ca25/uploads/2025/12/17657923698230.pdf,2025-12-15,2026-09-29T10:03:21.353621Z,raw_documents/nagpur/nagpur_098_17657923698230.pdf,8938540ceb02b442c4db7bee8d1c3405011daaddcd6370bf6233833453ee1924,1168978,application/pdf,RFCTLARR_2013,OCR
SRC_NAGPUR_099,Publication of notice 19(1) in land Acquisition Case No 4/A-65/2025-2026 Mouza – Savangi Taluka Kuhi Dist. Nagpur,District Collectorate & Administration Nagpur,Revenue & Land Acquisition Department,Maharashtra,Nagpur,https://nagpur.gov.in/documents/page/12/,https://cdn.s3waas.gov.in/s3d1f491a404d6854880943e5c3cd9ca25/uploads/2025/12/17657921304176.pdf,2025-12-15,2026-09-29T10:03:23.552073Z,raw_documents/nagpur/nagpur_099_17657921304176.pdf,f5d95b4e0fe85bd04407a359ebcc1193ad23c1c43a7698c47f1af59af13089df,1133363,application/pdf,RFCTLARR_2013,OCR
SRC_NAGPUR_100,Publication of notice 19 (1) in land Acquisition Case No 1/A-65/2025-2026 Mouza – Bhiwapur Taluka Bhiwapur Dist. Nagpur,District Collectorate & Administration Nagpur,Revenue & Land Acquisition Department,Maharashtra,Nagpur,https://nagpur.gov.in/documents/page/12/,https://cdn.s3waas.gov.in/s3d1f491a404d6854880943e5c3cd9ca25/uploads/2025/11/17643338945074.pdf,2025-11-28,2026-09-29T10:03:24.514714Z,raw_documents/nagpur/nagpur_100_17643338945074.pdf,957310d2b1c17ff1be815df71b87cbfe0906f7dad32e343fb0500e8c295090ca,562325,application/pdf,RFCTLARR_2013,TEXT
SRC_NAGPUR_101,Publication of notice 19(1) in land Acquisition Case No 4/A-65/2025-2026 Mouza – Bramhani Taluka Kuhi Dist. Nagpur,District Collectorate & Administration Nagpur,Revenue & Land Acquisition Department,Maharashtra,Nagpur,https://nagpur.gov.in/documents/page/12/,https://cdn.s3waas.gov.in/s3d1f491a404d6854880943e5c3cd9ca25/uploads/2025/11/17643337251910.pdf,2025-11-28,2026-09-29T10:03:25.600325Z,raw_documents/nagpur/nagpur_101_17643337251910.pdf,aaa13a14ba719a16e2ad33abb3f9e9280a341033af500cc58888d556a419cfae,709239,application/pdf,RFCTLARR_2013,TEXT
SRC_NAGPUR_102,Publication of notice 19(1) in land Acquisition Case No 2/A-65/2025-2026 Mouza – Taroli Taluka Kuhi Dist. Nagpur,District Collectorate & Administration Nagpur,Revenue & Land Acquisition Department,Maharashtra,Nagpur,https://nagpur.gov.in/documents/page/12/,https://cdn.s3waas.gov.in/s3d1f491a404d6854880943e5c3cd9ca25/uploads/2025/11/17643335594729.pdf,2025-11-28,2026-09-29T10:03:26.778262Z,raw_documents/nagpur/nagpur_102_17643335594729.pdf,bade4a3b2ac69db9f201021a43c26c1a81fd3ccf46192dfe8cdcd92304c3b7b4,573782,application/pdf,RFCTLARR_2013,TEXT
SRC_NAGPUR_103,Publication of notice 19 (1) in land Acquisition Case No 8/A-65/2024-2025 Mouza – Ruyad Taluka Kuhi Dist. Nagpur,District Collectorate & Administration Nagpur,Revenue & Land Acquisition Department,Maharashtra,Nagpur,https://nagpur.gov.in/documents/page/12/,https://cdn.s3waas.gov.in/s3d1f491a404d6854880943e5c3cd9ca25/uploads/2025/11/17643332825919.pdf,2025-11-28,2026-09-29T10:03:27.759663Z,raw_documents/nagpur/nagpur_103_17643332825919.pdf,508652cc764248261968d544a5b7f45ccd1ea7630eccca82fcb7d20d950d244b,587955,application/pdf,RFCTLARR_2013,TEXT
SRC_NAGPUR_104,Publication of notice 19(1) in land Acquisition Case No 7/A-65/2024-2025 Mouza – Takli Taluka Kuhi Dist. Nagpur,District Collectorate & Administration Nagpur,Revenue & Land Acquisition Department,Maharashtra,Nagpur,https://nagpur.gov.in/documents/page/12/,https://cdn.s3waas.gov.in/s3d1f491a404d6854880943e5c3cd9ca25/uploads/2025/11/17643330896183.pdf,2025-11-28,2026-09-29T10:03:28.904011Z,raw_documents/nagpur/nagpur_104_17643330896183.pdf,a89f008e6a7280de42a39eb6ccad468fe8babd906c1d82e94b30ba64e0313b8b,547280,application/pdf,RFCTLARR_2013,TEXT
SRC_NAGPUR_105,Publication of notice 19(1) in land Acquisition Case No 3/A-65/2025-2026 Mouza – Gonha Taluka Kuhi Dist. Nagpur,District Collectorate & Administration Nagpur,Revenue & Land Acquisition Department,Maharashtra,Nagpur,https://nagpur.gov.in/documents/page/12/,https://cdn.s3waas.gov.in/s3d1f491a404d6854880943e5c3cd9ca25/uploads/2025/11/17643244302467.pdf,2025-11-28,2026-09-29T10:03:30.008624Z,raw_documents/nagpur/nagpur_105_17643244302467.pdf,0e533fa05d55d2ea65849ac34684c2e2432fd840c026c03da03922c087360dc3,556962,application/pdf,RFCTLARR_2013,TEXT
SRC_NAGPUR_106,Publication of notice 19(1) in land Acquisition Case No 6/A-65/2024-2025 Mouza – Awarmara Taluka Kuhi Dist. Nagpur,District Collectorate & Administration Nagpur,Revenue & Land Acquisition Department,Maharashtra,Nagpur,https://nagpur.gov.in/documents/page/12/,https://cdn.s3waas.gov.in/s3d1f491a404d6854880943e5c3cd9ca25/uploads/2025/11/17643241497783.pdf,2025-11-28,2026-09-29T10:03:31.419309Z,raw_documents/nagpur/nagpur_106_17643241497783.pdf,fdcffe321c505fd195bf24fe1e4ad70c1c609766660452d8ef65f5c659714cf4,585614,application/pdf,RFCTLARR_2013,TEXT
SRC_NAGPUR_107,Publication of notice 19 (1) in land Acquisition Case No 5/A-65/2024-2025 Mouza – Amti Taluka Kuhi Dist. Nagpur,District Collectorate & Administration Nagpur,Revenue & Land Acquisition Department,Maharashtra,Nagpur,https://nagpur.gov.in/documents/page/13/,https://cdn.s3waas.gov.in/s3d1f491a404d6854880943e5c3cd9ca25/uploads/2025/11/17643239436369.pdf,2025-11-28,2026-09-29T10:03:32.736451Z,raw_documents/nagpur/nagpur_107_17643239436369.pdf,2dda60668f3e3ced8c1daf06654f832f1507474afe8bf80e46af59f2a46f9ebb,733992,application/pdf,RFCTLARR_2013,TEXT
SRC_NAGPUR_108,Publication of notice 19 (1) in land Acquisition Case No 4/A-65/2024-2025 Mouza – Kujba Taluka Kuhi Dist. Nagpur,District Collectorate & Administration Nagpur,Revenue & Land Acquisition Department,Maharashtra,Nagpur,https://nagpur.gov.in/documents/page/13/,https://cdn.s3waas.gov.in/s3d1f491a404d6854880943e5c3cd9ca25/uploads/2025/11/17643228306302.pdf,2025-11-28,2026-09-29T10:03:34.136644Z,raw_documents/nagpur/nagpur_108_17643228306302.pdf,815661cd4367f2e9b3e4db2df68f8cbedabcada1dcf86a57b5debf61c6fa60a4,543151,application/pdf,RFCTLARR_2013,TEXT
SRC_NAGPUR_109,Regarding the extension of time for 6 months for passing the final award under Section 23 in Land Acquisition Case No. 9/A-65/2021-2022 Mouja – Khairi Dhalgaon Taluka Saoner Dist. Nagpur.,District Collectorate & Administration Nagpur,Revenue & Land Acquisition Department,Maharashtra,Nagpur,https://nagpur.gov.in/documents/page/13/,https://cdn.s3waas.gov.in/s3d1f491a404d6854880943e5c3cd9ca25/uploads/2025/11/17634605603236.pdf,2025-11-18,2026-09-29T10:03:35.345465Z,raw_documents/nagpur/nagpur_109_17634605603236.pdf,56e1d6405e4105adfb397d1d1865b029d2864c7f732eca19c91db20efed8ec95,471845,application/pdf,RFCTLARR_2013,TEXT
SRC_NAGPUR_110,Publication of Notification no 19(1) regarding the acquisition of Agricultural land for Play Groung in Mouza Wagdara (Gumgaon),District Collectorate & Administration Nagpur,Revenue & Land Acquisition Department,Maharashtra,Nagpur,https://nagpur.gov.in/documents/page/13/,https://cdn.s3waas.gov.in/s3d1f491a404d6854880943e5c3cd9ca25/uploads/2025/11/17634564016054.pdf,2025-11-18,2026-09-29T10:03:39.316739Z,raw_documents/nagpur/nagpur_110_17634564016054.pdf,7ab29e3dc8e36e5718b062b95cdcecf4526de009318c2026fd3f9b0fef7b75a2,2259970,application/pdf,RFCTLARR_2013,OCR
SRC_NAGPUR_111,Final Award U|S 23 in Land Acquisition Act 2013 in Case No. 2|A 65|2024-25 Mouza Nagpur (Khas) Tahsil Nagpur Dist. Nagpur (Sonchafa Building),District Collectorate & Administration Nagpur,Revenue & Land Acquisition Department,Maharashtra,Nagpur,https://nagpur.gov.in/documents/page/13/,https://cdn.s3waas.gov.in/s3d1f491a404d6854880943e5c3cd9ca25/uploads/2025/11/17624295835284.pdf,2025-11-06,2026-09-29T10:03:46.142310Z,raw_documents/nagpur/nagpur_111_17624295835284.pdf,1304f16a82364bb30c03cca56d1ce6b18cd34efa629757a5e892f7cbc576663e,3574916,application/pdf,RFCTLARR_2013,OCR
SRC_NAGPUR_112,Final Award U|S 23 in Land Acquisition Act 2013 in Case No. 3|A 65|2024-25 Mouza Chikhali Khurd Tahsil Nagpur (City) Dist. Nagpur,District Collectorate & Administration Nagpur,Revenue & Land Acquisition Department,Maharashtra,Nagpur,https://nagpur.gov.in/documents/page/13/,https://cdn.s3waas.gov.in/s3d1f491a404d6854880943e5c3cd9ca25/uploads/2025/10/17618057025581.pdf,2025-10-30,2026-09-29T10:03:52.993822Z,raw_documents/nagpur/nagpur_112_17618057025581.pdf,995fa5d0e1f710c901f44fdc91a16554d4397b5ceb425935d2b6674c1ede0ab7,3193123,application/pdf,RFCTLARR_2013,OCR
SRC_NAGPUR_113,Publication of declaration U/S 11(1) in Land Acquisition Case No 03/a-65/2025-2026 Mouza Ranala Tah. Saoner Dist Nagpur,District Collectorate & Administration Nagpur,Revenue & Land Acquisition Department,Maharashtra,Nagpur,https://nagpur.gov.in/documents/page/14/,https://cdn.s3waas.gov.in/s3d1f491a404d6854880943e5c3cd9ca25/uploads/2025/09/17592281518465.pdf,2025-09-30,2026-09-29T10:03:55.715587Z,raw_documents/nagpur/nagpur_113_17592281518465.pdf,88486dadd73901b1d443926d4890f8868325d7607f932ba55a3cc87958866feb,1388706,application/pdf,RFCTLARR_2013,OCR
SRC_NAGPUR_114,Publication of notice 11(1) in land Acquisition Case No 4/A-65/2024-2025 Mouza – Kujba Taluka Kuhi Dist. Nagpur,District Collectorate & Administration Nagpur,Revenue & Land Acquisition Department,Maharashtra,Nagpur,https://nagpur.gov.in/documents/page/14/,https://cdn.s3waas.gov.in/s3d1f491a404d6854880943e5c3cd9ca25/uploads/2025/09/17592279942108.pdf,2025-09-29,2026-09-29T10:03:57.197768Z,raw_documents/nagpur/nagpur_114_17592279942108.pdf,0f30fee8d7d40f14b5342b41573f1478a876b4c40dde75cf94712bde4edd5de3,855575,application/pdf,RFCTLARR_2013,TEXT
SRC_NAGPUR_115,Publication of notice 11(1) in land Acquisition Case No 4/A-65/2025-2026 Mouza – Bramhani Taluka Kuhi Dist. Nagpur,District Collectorate & Administration Nagpur,Revenue & Land Acquisition Department,Maharashtra,Nagpur,https://nagpur.gov.in/documents/page/14/,https://cdn.s3waas.gov.in/s3d1f491a404d6854880943e5c3cd9ca25/uploads/2025/09/17592279312785.pdf,2025-09-29,2026-09-29T10:03:58.751193Z,raw_documents/nagpur/nagpur_115_17592279312785.pdf,de65b66a529b5fa52a343a404fec0bde3a6fe400d6dffd41157d62206445d01e,934223,application/pdf,RFCTLARR_2013,TEXT
SRC_NAGPUR_116,Publication of notice 11(1) in land Acquisition Case No 2/A-65/2025-2026 Mouza – Taroli Taluka Kuhi Dist. Nagpur,District Collectorate & Administration Nagpur,Revenue & Land Acquisition Department,Maharashtra,Nagpur,https://nagpur.gov.in/documents/page/14/,https://cdn.s3waas.gov.in/s3d1f491a404d6854880943e5c3cd9ca25/uploads/2025/09/17592278865441.pdf,2025-09-29,2026-09-29T10:04:00.455340Z,raw_documents/nagpur/nagpur_116_17592278865441.pdf,895eb2c8ff7aaf011a9d74603d88531bd5f689a7670d9f6815d2c3b8e5bcee54,891029,application/pdf,RFCTLARR_2013,TEXT
SRC_NAGPUR_117,Publication of notice 11(1) in land Acquisition Case No 8/A-65/2024-2025 Mouza – Ruyad Taluka Kuhi Dist. Nagpur,District Collectorate & Administration Nagpur,Revenue & Land Acquisition Department,Maharashtra,Nagpur,https://nagpur.gov.in/documents/page/14/,https://cdn.s3waas.gov.in/s3d1f491a404d6854880943e5c3cd9ca25/uploads/2025/09/17592278164656.pdf,2025-09-29,2026-09-29T10:04:02.118454Z,raw_documents/nagpur/nagpur_117_17592278164656.pdf,5b3a6b5e85eafa116227f72d77b3576903b9ce8f21aa00809ccbb5de9e137968,877562,application/pdf,RFCTLARR_2013,TEXT
SRC_NAGPUR_118,Publication of notice 11(1) in land Acquisition Case No 7/A-65/2024-2025 Mouza – Takli Taluka Kuhi Dist. Nagpur,District Collectorate & Administration Nagpur,Revenue & Land Acquisition Department,Maharashtra,Nagpur,https://nagpur.gov.in/documents/page/14/,https://cdn.s3waas.gov.in/s3d1f491a404d6854880943e5c3cd9ca25/uploads/2025/09/17592277702335.pdf,2025-09-29,2026-09-29T10:04:03.343724Z,raw_documents/nagpur/nagpur_118_17592277702335.pdf,4feb9668a6809a966b105314547cd0d363521be7dcff968498bf0aa1b717a763,891419,application/pdf,RFCTLARR_2013,TEXT
SRC_NAGPUR_119,Publication of notice 11(1) in land Acquisition Case No 3/A-65/2025-2026 Mouza – Gonha Taluka Kuhi Dist. Nagpur,District Collectorate & Administration Nagpur,Revenue & Land Acquisition Department,Maharashtra,Nagpur,https://nagpur.gov.in/documents/page/14/,https://cdn.s3waas.gov.in/s3d1f491a404d6854880943e5c3cd9ca25/uploads/2025/09/17592276931104.pdf,2025-09-29,2026-09-29T10:04:04.722162Z,raw_documents/nagpur/nagpur_119_17592276931104.pdf,bfc455767366c59d580bb041ff7464c349897c6eb7d719e320e19bdbdc867e31,923928,application/pdf,RFCTLARR_2013,TEXT
SRC_NAGPUR_120,Publication of notice 11(1) in land Acquisition Case No 6/A-65/2024-2025 Mouza – Awarmara Taluka Kuhi Dist. Nagpur,District Collectorate & Administration Nagpur,Revenue & Land Acquisition Department,Maharashtra,Nagpur,https://nagpur.gov.in/documents/page/14/,https://cdn.s3waas.gov.in/s3d1f491a404d6854880943e5c3cd9ca25/uploads/2025/09/17592276292380.pdf,2025-09-29,2026-09-29T10:04:06.065778Z,raw_documents/nagpur/nagpur_120_17592276292380.pdf,420b1b807769e7928101af73804f383fef83d807e4bc51d158da0f10acd82195,898829,application/pdf,RFCTLARR_2013,TEXT
SRC_NAGPUR_121,Publication of notice 11(1) in land Acquisition Case No 5/A-65/2024-2025 Mouza – Amti Taluka Kuhi Dist. Nagpur,District Collectorate & Administration Nagpur,Revenue & Land Acquisition Department,Maharashtra,Nagpur,https://nagpur.gov.in/documents/page/14/,https://cdn.s3waas.gov.in/s3d1f491a404d6854880943e5c3cd9ca25/uploads/2025/09/17592274189448.pdf,2025-09-30,2026-09-29T10:04:07.829801Z,raw_documents/nagpur/nagpur_121_17592274189448.pdf,952a6787e57262d7ed6d439cbf86db4bb0789022d8aec5c236bb6b20f65bf08c,1112778,application/pdf,RFCTLARR_2013,TEXT
SRC_NAGPUR_122,Publication of notice 11(1) in land Acquisition Case No 1/A-65/2025-2026 Mouza – Bhiwapur Taluka Bhiwapur Dist. Nagpur,District Collectorate & Administration Nagpur,Revenue & Land Acquisition Department,Maharashtra,Nagpur,https://nagpur.gov.in/documents/page/15/,https://cdn.s3waas.gov.in/s3d1f491a404d6854880943e5c3cd9ca25/uploads/2025/09/17592269866310.pdf,2025-09-29,2026-09-29T10:04:10.047390Z,raw_documents/nagpur/nagpur_122_17592269866310.pdf,57535529b9644d39cce7e238061d55d5931c7dece1991639d50841af1d0610d7,780836,application/pdf,RFCTLARR_2013,OCR
SRC_NAGPUR_123,"Notification under Section 11 (1) of Right to fair compensation & transparency in land Acquisition, Rehabilitation and Resettlement Act 2013, Case No 1/A-65/2025-2026 Dt. 8/7/2025 Mouza Pratapur, Tah Kuhi, Dist. Nagpur",District Collectorate & Administration Nagpur,Revenue & Land Acquisition Department,Maharashtra,Nagpur,https://nagpur.gov.in/documents/page/15/,https://cdn.s3waas.gov.in/s3d1f491a404d6854880943e5c3cd9ca25/uploads/2025/09/17592262272831.pdf,2025-09-19,2026-09-29T10:04:13.709175Z,raw_documents/nagpur/nagpur_123_17592262272831.pdf,738a03959b8cbdc7a2a1857961064fb31e19f6a5dad9f51e142a7210cef1cd9e,2279438,application/pdf,RFCTLARR_2013,OCR
SRC_NAGPUR_124,"Notification under Section 21 (1) 4 of Right to fair compensation & transparency in land Acquisition, Rehabilitation and Resettlement Act 2013, Case No 4/A-65/2025-2026 Mouza Savargao, Tah Kuhi, Dist. Nagpur.",District Collectorate & Administration Nagpur,Revenue & Land Acquisition Department,Maharashtra,Nagpur,https://nagpur.gov.in/documents/page/15/,https://cdn.s3waas.gov.in/s3d1f491a404d6854880943e5c3cd9ca25/uploads/2025/09/17592261203681.pdf,2025-09-19,2026-09-29T10:04:19.744992Z,raw_documents/nagpur/nagpur_124_17592261203681.pdf,2f5c5f321d328c6caa63cc995f25988b18bdcd001edfb419396829ac51c2b981,3469043,application/pdf,RFCTLARR_2013,OCR
SRC_NAGPUR_125,"Notification under Section 11 (1) of Right to fair compensation & transparency in land Acquisition, Rehabilitation and Resettlement Act 2013, Case No 8/A-65/2025-2026 Mouza Chikhali, Tah Kuhi, Dist. Nagpur",District Collectorate & Administration Nagpur,Revenue & Land Acquisition Department,Maharashtra,Nagpur,https://nagpur.gov.in/documents/page/15/,https://cdn.s3waas.gov.in/s3d1f491a404d6854880943e5c3cd9ca25/uploads/2025/09/17592259599570.pdf,2025-09-19,2026-09-29T10:04:22.700848Z,raw_documents/nagpur/nagpur_125_17592259599570.pdf,037e28ae40bc65a09dd80ac2114bca64153f94db25e953cff5e2d571a21c3c1f,2111148,application/pdf,RFCTLARR_2013,OCR
SRC_NAGPUR_126,"Notification under Section 11 (1) of Right to fair compensation & transparency in land Acquisition, Rehabilitation and Resettlement Act 2013, Case No 3/A-65/2025-2026 Mouza Kitali, Tah Bhivapur, Dist. Nagpur",District Collectorate & Administration Nagpur,Revenue & Land Acquisition Department,Maharashtra,Nagpur,https://nagpur.gov.in/documents/page/15/,https://cdn.s3waas.gov.in/s3d1f491a404d6854880943e5c3cd9ca25/uploads/2025/09/17592257339985.pdf,2025-09-19,2026-09-29T10:04:26.677030Z,raw_documents/nagpur/nagpur_126_17592257339985.pdf,5f989a1d9c39b4305b87ee4fd708ceec05da30919b99c0ee357d1468c13296d2,2331814,application/pdf,RFCTLARR_2013,OCR
SRC_NAGPUR_127,"Notification under Section 11 (1) of Right to fair compensation & transparency in land Acquisition, Rehabilitation and Resettlement Act 2013, Case No 2/A-65/2025-2026 Mouza Bhivapur, Tah Kuhi, Dist. Nagpur",District Collectorate & Administration Nagpur,Revenue & Land Acquisition Department,Maharashtra,Nagpur,https://nagpur.gov.in/documents/page/15/,https://cdn.s3waas.gov.in/s3d1f491a404d6854880943e5c3cd9ca25/uploads/2025/09/17592255886942.pdf,2025-09-26,2026-09-29T10:04:30.219123Z,raw_documents/nagpur/nagpur_127_17592255886942.pdf,c1633d982dab461ff7fc4df162d8108fb8e4ef0f106fd0fcf755962795429745,2058712,application/pdf,RFCTLARR_2013,OCR
SRC_NAGPUR_128,"Publication of notice 11(1) in land acquisition case No. 7/A-65/2025-2026, Village-Rajola Tah-Kuhi",District Collectorate & Administration Nagpur,Revenue & Land Acquisition Department,Maharashtra,Nagpur,https://nagpur.gov.in/documents/page/16/,https://cdn.s3waas.gov.in/s3d1f491a404d6854880943e5c3cd9ca25/uploads/2025/08/17540427622826.pdf,2025-08-01,2026-09-29T10:04:33.223464Z,raw_documents/nagpur/nagpur_128_17540427622826.pdf,64117173c65bb5617567b68e445c6f3ae264703cafff10d34cfe66e9605fca3f,1853292,application/pdf,RFCTLARR_2013,TEXT
SRC_NAGPUR_129,"Publication of notice 11(1) in land acquisition case No. 06/A-65/2025-2026, Village-Bori-Naik Tah-Kuhi",District Collectorate & Administration Nagpur,Revenue & Land Acquisition Department,Maharashtra,Nagpur,https://nagpur.gov.in/documents/page/16/,https://cdn.s3waas.gov.in/s3d1f491a404d6854880943e5c3cd9ca25/uploads/2025/08/17540425672614.pdf,2025-08-01,2026-09-29T10:04:36.563836Z,raw_documents/nagpur/nagpur_129_17540425672614.pdf,5e5c1ea725d103c00b9baf0af2dcd68c5bcc863f362296e62742dc99a7e54dfb,1988087,application/pdf,RFCTLARR_2013,TEXT
SRC_NAGPUR_130,"Publication of notice 11(1) in land acquisition case No. 05/A-65/2025-2026, Village-Navegao Tah-Kuhi",District Collectorate & Administration Nagpur,Revenue & Land Acquisition Department,Maharashtra,Nagpur,https://nagpur.gov.in/documents/page/16/,https://cdn.s3waas.gov.in/s3d1f491a404d6854880943e5c3cd9ca25/uploads/2025/08/17540424622314.pdf,2025-08-01,2026-09-29T10:04:39.249160Z,raw_documents/nagpur/nagpur_130_17540424622314.pdf,fb4831d80a614b15a82a72f42ffb0b0876f5399853a1f595f05ad0ba33b46bed,1953842,application/pdf,RFCTLARR_2013,TEXT
SRC_NAGPUR_131,"Publication of notice 11(1) in land acquisition case No. 02/A-65/2025-2026, Village-Kotgaon Tah-kuhi",District Collectorate & Administration Nagpur,Revenue & Land Acquisition Department,Maharashtra,Nagpur,https://nagpur.gov.in/documents/page/16/,https://cdn.s3waas.gov.in/s3d1f491a404d6854880943e5c3cd9ca25/uploads/2025/08/17540423866891.pdf,2025-08-01,2026-09-29T10:04:41.133013Z,raw_documents/nagpur/nagpur_131_17540423866891.pdf,d8eb776ca68671762929816cb8fce9cf2f7ad5a03f830360801548f6b9e3db6d,1968736,application/pdf,RFCTLARR_2013,TEXT
SRC_NAGPUR_132,"Publication of notice 11(1) in land acquisition case No. 03/A-65/2025-2026, Village-Hardoli Tah-Kuhi",District Collectorate & Administration Nagpur,Revenue & Land Acquisition Department,Maharashtra,Nagpur,https://nagpur.gov.in/documents/page/16/,https://cdn.s3waas.gov.in/s3d1f491a404d6854880943e5c3cd9ca25/uploads/2025/08/17540422203085.pdf,2025-08-01,2026-09-29T10:04:42.951595Z,raw_documents/nagpur/nagpur_132_17540422203085.pdf,f34dd658c92a5d3b9f56e82d6fcb52e3cb290eab836353b04fa55c4811a19e10,1984677,application/pdf,RFCTLARR_2013,TEXT
SRC_NAGPUR_133,"Publication of notice 11(1) in land acquisition case No. 04/A-65/2025-2026, Village-Boroda-Rithi Tah-Kuhi",District Collectorate & Administration Nagpur,Revenue & Land Acquisition Department,Maharashtra,Nagpur,https://nagpur.gov.in/documents/page/16/,https://cdn.s3waas.gov.in/s3d1f491a404d6854880943e5c3cd9ca25/uploads/2025/08/17540421346536.pdf,2025-08-01,2026-09-29T10:04:44.551830Z,raw_documents/nagpur/nagpur_133_17540421346536.pdf,346c607e9101c6ff3eba606cc193d8e75a2d9a8d85164357d901956deaa548d4,1915034,application/pdf,RFCTLARR_2013,TEXT
SRC_NAGPUR_134,"Section 19 Notification in land Aquisition 2013, L.A.C No 4/A-65/2024-2025 Mouza Parsodi, Tah Nagpur (City), Dist. Nagpur",District Collectorate & Administration Nagpur,Revenue & Land Acquisition Department,Maharashtra,Nagpur,https://nagpur.gov.in/documents/page/16/,https://cdn.s3waas.gov.in/s3d1f491a404d6854880943e5c3cd9ca25/uploads/2025/08/17540377444920.pdf,2025-07-29,2026-09-29T10:04:46.665674Z,raw_documents/nagpur/nagpur_134_17540377444920.pdf,633b7ae282e8d794cc45e31c410237b50c5c463f6304660ebddac158aa83a0f6,472010,application/pdf,RFCTLARR_2013,OCR
SRC_NAGPUR_135,"Land Acquisition Case No. 3/A-65/2024-2025 Corrigendum to the notification under Section 19(1) of the Land Acquisition Act – 2013 regarding the private land at Mouja Nagpur (Khas) Ramji Pahelwan to Model Mill chowk , Tahsil- Nagpur, District – Nagpur",District Collectorate & Administration Nagpur,Revenue & Land Acquisition Department,Maharashtra,Nagpur,https://nagpur.gov.in/documents/page/16/,https://cdn.s3waas.gov.in/s3d1f491a404d6854880943e5c3cd9ca25/uploads/2025/07/2025070286.pdf,2025-07-03,2026-09-29T10:04:47.514136Z,raw_documents/nagpur/nagpur_135_2025070286.pdf,1acc9e8cfd4b34f8fcce74da280dd4b1aaf0bab8552dfb70d3d0d37b18262fa4,433447,application/pdf,RFCTLARR_2013,TEXT
SRC_NAGPUR_136,Publication of Notice U/S 21 in Land Acquisition Case No 02/A-65/2024-2025 Mouza Nagpur (Khas) Tah. Nagpur City Dist. Nagpur,District Collectorate & Administration Nagpur,Revenue & Land Acquisition Department,Maharashtra,Nagpur,https://nagpur.gov.in/documents/page/16/,https://cdn.s3waas.gov.in/s3d1f491a404d6854880943e5c3cd9ca25/uploads/2025/06/2025062656.pdf,2025-06-26,2026-09-29T10:04:49.781597Z,raw_documents/nagpur/nagpur_136_2025062656.pdf,c8634a016241cbc54f2bdfb72a30538ddcadd311cd768f3cdacf4f3579b3e774,1136733,application/pdf,RFCTLARR_2013,OCR
SRC_NAGPUR_137,Publication of declaration U/S 21 in land Acquisition Case No 03/A-65/2024-2025 Mouza Chikhali Khurd Tah. Nagpur City Dist Nagpur,District Collectorate & Administration Nagpur,Revenue & Land Acquisition Department,Maharashtra,Nagpur,https://nagpur.gov.in/documents/page/17/,https://cdn.s3waas.gov.in/s3d1f491a404d6854880943e5c3cd9ca25/uploads/2025/06/2025062682.pdf,2025-06-26,2026-09-29T10:04:53.979838Z,raw_documents/nagpur/nagpur_137_2025062682.pdf,b422af225f5a48ed30f7dd5d231e9b44ca8c5e0deabf3a74f47b4a939bb75562,1131046,application/pdf,RFCTLARR_2013,OCR
SRC_NAGPUR_138,"Publication of notification U|S 21(1)(4) in land Aquisition Case No 3/A-65/2024-2025 Mouza Nagpur (Khas), Tah Nagpur (City)",District Collectorate & Administration Nagpur,Revenue & Land Acquisition Department,Maharashtra,Nagpur,https://nagpur.gov.in/documents/page/17/,https://cdn.s3waas.gov.in/s3d1f491a404d6854880943e5c3cd9ca25/uploads/2025/06/2025062331.pdf,2025-06-23,2026-09-29T10:04:55.809654Z,raw_documents/nagpur/nagpur_138_2025062331.pdf,fae734aa9ae57e73849d0f1e5bdbba0b9ddaefb5ada909996c36be45ff4d0078,964918,application/pdf,RFCTLARR_2013,TEXT
SRC_NAGPUR_139,"Land Acquisition Case No. 9/A-65/2021-2022 Corrigendum to the notification under Section 19(1) of the Land Acquisition Act – 2013 regarding the acquisition of agricultural land at Mouja Khairi Dhalgaon for Kanhan River Project (Kochhi Barrage) in Mouja Khairi Dhalgaon (Goathan), Tahsil- Saoner, District – Nagpur",District Collectorate & Administration Nagpur,Revenue & Land Acquisition Department,Maharashtra,Nagpur,https://nagpur.gov.in/documents/page/17/,https://cdn.s3waas.gov.in/s3d1f491a404d6854880943e5c3cd9ca25/uploads/2025/06/2025061995.pdf,2025-06-19,2026-09-29T10:04:56.799746Z,raw_documents/nagpur/nagpur_139_2025061995.pdf,ed880541081b9518814aed079c5b2fa165cefdb06d19a0e69229be2cc8712673,686990,application/pdf,RFCTLARR_2013,TEXT
SRC_NAGPUR_140,Public Notice Land Acquisition Case No 03/A-65/2023-24 Mauza Hingna,District Collectorate & Administration Nagpur,Revenue & Land Acquisition Department,Maharashtra,Nagpur,https://nagpur.gov.in/documents/page/17/,https://cdn.s3waas.gov.in/s3d1f491a404d6854880943e5c3cd9ca25/uploads/2025/06/2025060534.pdf,2025-06-05,2026-09-29T10:04:58.869814Z,raw_documents/nagpur/nagpur_140_2025060534.pdf,3d09ba3efd19169bba6e7cf3064e85740329e0d655046d42efdfe8c3b7187ba7,1646434,application/pdf,RFCTLARR_2013,OCR
SRC_NAGPUR_141,Publication of notification for corrigendum in original notification U|S 19 in land Aquisition Case No 3/A-65/2022-2023 dated 31-12-2024 for old Bhandara Road widening project,District Collectorate & Administration Nagpur,Revenue & Land Acquisition Department,Maharashtra,Nagpur,https://nagpur.gov.in/documents/page/17/,https://cdn.s3waas.gov.in/s3d1f491a404d6854880943e5c3cd9ca25/uploads/2025/05/2025053024.pdf,2025-05-30,2026-09-29T10:05:01.230594Z,raw_documents/nagpur/nagpur_141_2025053024.pdf,3c85b6a1deaca5be22310ac90e5f8dc768e1f6c9b53d0c226d30ab2ecd2f6f26,3001156,application/pdf,RFCTLARR_2013,TEXT
SRC_NAGPUR_142,"Publication of declaration U/S 19 in land Acquisition Case No 03/A-65/2024-2025 Mouza Nagpur (Khas) Model Mill Chowk to Ramji Pahelwan chowk, Tah. Nagpur City Dist Nagpur",District Collectorate & Administration Nagpur,Revenue & Land Acquisition Department,Maharashtra,Nagpur,https://nagpur.gov.in/documents/page/17/,https://cdn.s3waas.gov.in/s3d1f491a404d6854880943e5c3cd9ca25/uploads/2025/05/2025052849.pdf,2025-05-28,2026-09-29T10:05:04.236773Z,raw_documents/nagpur/nagpur_142_2025052849.pdf,aac2bc00a15be42dd033057223c54d27ed454b3f4f5c15688f45bd32ed28d35d,1394526,application/pdf,RFCTLARR_2013,OCR
SRC_NAGPUR_143,"Notice Under Section 21(1) (4) of Acquisition Act 2013, Mouza-Nagpur (Khas), Tah. Nagpur (Urban), Dist Nagpur (Gitanjali Takies to Shukrawari Talav ,18 mt. Road Widening) LAC No 05/A-65/2022-23.",District Collectorate & Administration Nagpur,Revenue & Land Acquisition Department,Maharashtra,Nagpur,https://nagpur.gov.in/documents/page/17/,https://cdn.s3waas.gov.in/s3d1f491a404d6854880943e5c3cd9ca25/uploads/2025/05/20250506100.pdf,2025-05-05,2026-09-29T10:05:05.730784Z,raw_documents/nagpur/nagpur_143_20250506100.pdf,d7eb8d6bbe3b2343b7da4a8c4a343c82bd3e3b008ed333418099f820f49acbf0,1089911,application/pdf,RFCTLARR_2013,TEXT
SRC_NAGPUR_144,Publication of declaration U/S 19 in land Acquisition Case No 02/A-65/2024-2025 Mouza Nagpur Khas Tah. Nagpur City Dist Nagpur,District Collectorate & Administration Nagpur,Revenue & Land Acquisition Department,Maharashtra,Nagpur,https://nagpur.gov.in/documents/page/17/,https://cdn.s3waas.gov.in/s3d1f491a404d6854880943e5c3cd9ca25/uploads/2025/04/2025042392.pdf,2025-04-17,2026-09-29T10:05:07.918668Z,raw_documents/nagpur/nagpur_144_2025042392.pdf,2d83127a0b640d85ecd4c7bffd3907017f89d86edf9fb68f9851c91d763fb837,474606,application/pdf,RFCTLARR_2013,OCR
SRC_NAGPUR_145,Publication of declaration U/S 19 in land Acquisition Case No 03/A-65/2024-2025 Mouza Chikhali Khurd Tah. Nagpur City Dist Nagpur,District Collectorate & Administration Nagpur,Revenue & Land Acquisition Department,Maharashtra,Nagpur,https://nagpur.gov.in/documents/page/18/,https://cdn.s3waas.gov.in/s3d1f491a404d6854880943e5c3cd9ca25/uploads/2025/04/2025042390.pdf,2025-04-17,2026-09-29T10:05:09.962667Z,raw_documents/nagpur/nagpur_145_2025042390.pdf,b9147d700852d487bd8a86c437931b0ea1f2eeaea8ddcd37bbe1d8f5f21f7f73,452770,application/pdf,RFCTLARR_2013,OCR
SRC_NAGPUR_146,Notification of Sec 19(1) of LAC Act 2013 of Mauja-Nagpur (City) Tah. Nagpur(Urban) Dist Nagpur “Gitanjali Talkies (C.A. Road) to Shukrawari Talao 18 mt Road Widening,District Collectorate & Administration Nagpur,Revenue & Land Acquisition Department,Maharashtra,Nagpur,https://nagpur.gov.in/documents/page/18/,https://cdn.s3waas.gov.in/s3d1f491a404d6854880943e5c3cd9ca25/uploads/2025/03/2025030487.pdf,2025-03-03,2026-09-29T10:05:11.373662Z,raw_documents/nagpur/nagpur_146_2025030487.pdf,05f80624fbdce09e31673866b9297f56a582fad0060c201deb4a8314443086d2,1253758,application/pdf,RFCTLARR_2013,TEXT
SRC_NAGPUR_147,"Publication of notification U|S 21(1)(4) in land Aquisition Case No 24/A-65/2022-2023 Mouza Nagpur (Khas), Tah Nagpur (City)",District Collectorate & Administration Nagpur,Revenue & Land Acquisition Department,Maharashtra,Nagpur,https://nagpur.gov.in/documents/page/18/,https://cdn.s3waas.gov.in/s3d1f491a404d6854880943e5c3cd9ca25/uploads/2025/02/2025022578.pdf,2025-02-25,2026-09-29T10:05:13.210789Z,raw_documents/nagpur/nagpur_147_2025022578.pdf,f71f9e40f1795b43b003907500e95cfe7ab3d5c22bfae5def38a1bccc88c0c32,2021256,application/pdf,RFCTLARR_2013,TEXT
SRC_NAGPUR_148,Publication of notice 19(1) in land Acquisition Case No 28/A-65/2023-2024 Mouza-Chapeghat (Rithi) Taluka Kuhi Dist. Nagpur,District Collectorate & Administration Nagpur,Revenue & Land Acquisition Department,Maharashtra,Nagpur,https://nagpur.gov.in/documents/page/18/,https://cdn.s3waas.gov.in/s3d1f491a404d6854880943e5c3cd9ca25/uploads/2025/02/2025022518.pdf,2025-02-25,2026-09-29T10:05:14.460643Z,raw_documents/nagpur/nagpur_148_2025022518.pdf,b0cac95d2f1b4209bb04e67b5ad429ee5fbf3fc8b0ee09ca476ecad9e8a376b9,742771,application/pdf,RFCTLARR_2013,TEXT
SRC_NAGPUR_149,Extension Granted 12 Month for Section 19(1) Notification. Mauza-Khariy Dhalgaon Taluka Saoner District-Nagpur Case No. 9/A-65/2021-2022,District Collectorate & Administration Nagpur,Revenue & Land Acquisition Department,Maharashtra,Nagpur,https://nagpur.gov.in/documents/page/19/,https://cdn.s3waas.gov.in/s3d1f491a404d6854880943e5c3cd9ca25/uploads/2025/02/2025022545.pdf,2025-02-14,2026-09-29T10:05:15.176213Z,raw_documents/nagpur/nagpur_149_2025022545.pdf,b0a3ba70cd035b443b10b314195ad6ea952a28d011f2e5ee7873846c1ed45364,376912,application/pdf,RFCTLARR_2013,TEXT
SRC_NAGPUR_150,"Proposal for Land Acquisition for Direct Purchase of Private Land in Mauza-Bhiwapur, Taluka Bhiwapur Dist. Nagpur Case No. 37/A-65/2023-2024. Public Notice",District Collectorate & Administration Nagpur,Revenue & Land Acquisition Department,Maharashtra,Nagpur,https://nagpur.gov.in/documents/page/19/,https://cdn.s3waas.gov.in/s3d1f491a404d6854880943e5c3cd9ca25/uploads/2025/02/2025021868.pdf,2025-02-14,2026-09-29T10:05:16.823892Z,raw_documents/nagpur/nagpur_150_2025021868.pdf,608e60c4ee5e9b10549e1dd7dec21d4c6f751d50dd5eac1b97f34d11f7127927,1140979,application/pdf,RFCTLARR_2013,TEXT
SRC_NAGPUR_151,Publication of Notice 19(1) in Land cquisition Case No -11/A-65/2018-19 Village Mouza Pipaldhara Taluka – Hingna,District Collectorate & Administration Nagpur,Revenue & Land Acquisition Department,Maharashtra,Nagpur,https://nagpur.gov.in/documents/page/19/,https://cdn.s3waas.gov.in/s3d1f491a404d6854880943e5c3cd9ca25/uploads/2025/02/2025021263.pdf,2025-02-12,2026-09-29T10:05:18.077839Z,raw_documents/nagpur/nagpur_151_2025021263.pdf,dc0cb306347af8c52dc143af52d5bbaa0b9f596aa037a1008b272cd1e9c8857c,626928,application/pdf,RFCTLARR_2013,TEXT
SRC_NAGPUR_152,"Publication of notification U|S 21(1)(4) in land Aquisition Case No 03/A-65/2022-2023 Mouza Nagpur (Khas), Tah Nagpur (City)",District Collectorate & Administration Nagpur,Revenue & Land Acquisition Department,Maharashtra,Nagpur,https://nagpur.gov.in/documents/page/19/,https://cdn.s3waas.gov.in/s3d1f491a404d6854880943e5c3cd9ca25/uploads/2025/02/2025020730.pdf,2025-02-07,2026-09-29T10:05:21.972896Z,raw_documents/nagpur/nagpur_152_2025020730.pdf,54d36b18a51142c52c58de4fafad4672e521335452efa7c68b963186335a35f4,7614633,application/pdf,RFCTLARR_2013,TEXT
SRC_NAGPUR_153,"Proposal for Land Acquisition for Direct Purchase of Private Land in Mauza-Bhiwapur, Taluka Bhiwapur Dist. Nagpur Case No. 37/A-65/2023-2024",District Collectorate & Administration Nagpur,Revenue & Land Acquisition Department,Maharashtra,Nagpur,https://nagpur.gov.in/documents/page/19/,https://cdn.s3waas.gov.in/s3d1f491a404d6854880943e5c3cd9ca25/uploads/2025/01/2025012771.pdf,2025-01-27,2026-09-29T10:05:23.283077Z,raw_documents/nagpur/nagpur_153_2025012771.pdf,608e60c4ee5e9b10549e1dd7dec21d4c6f751d50dd5eac1b97f34d11f7127927,1140979,application/pdf,RFCTLARR_2013,TEXT
SRC_NAGPUR_154,"Proposal for Land Acquisition for Direct Purchase of Private Land in Mauza-Gondbori, Taluka Bhiwapur Dist. Nagpur Case No. 1/A-65/2024-2025. Public Notice Published.",District Collectorate & Administration Nagpur,Revenue & Land Acquisition Department,Maharashtra,Nagpur,https://nagpur.gov.in/documents/page/19/,https://cdn.s3waas.gov.in/s3d1f491a404d6854880943e5c3cd9ca25/uploads/2025/01/2025012386.pdf,2025-01-23,2026-09-29T10:05:25.332187Z,raw_documents/nagpur/nagpur_154_2025012386.pdf,1c5fb71beb06afc669e748beb9f5ebfcded245f62669cd8adbd590f7ea0a25ff,562501,application/pdf,RFCTLARR_2013,OCR
SRC_NAGPUR_155,"Proposal for Land Acquisition for Direct Purchase of Private Land in Mauza-Piparda (Rithi), Taluka Bhiwapur Dist. Nagpur Case No. 2/A-65/2024-2025. Public Notice Published.",District Collectorate & Administration Nagpur,Revenue & Land Acquisition Department,Maharashtra,Nagpur,https://nagpur.gov.in/documents/page/19/,https://cdn.s3waas.gov.in/s3d1f491a404d6854880943e5c3cd9ca25/uploads/2025/01/2025012320.pdf,2025-01-23,2026-09-29T10:05:27.317006Z,raw_documents/nagpur/nagpur_155_2025012320.pdf,1fe7f9ada9aa1958d1d651f926e4d7bb594066b639f0cb23b1c1122f2706afe3,599494,application/pdf,RFCTLARR_2013,OCR
SRC_NAGPUR_156,Promulgation of Notification 11(1) Regarding Land Acquisition for Rehabilitation of Affected Village Mauja-Khairi Dhalgaon Village in Mauja Pordi (Rithi),District Collectorate & Administration Nagpur,Revenue & Land Acquisition Department,Maharashtra,Nagpur,https://nagpur.gov.in/documents/page/19/,https://cdn.s3waas.gov.in/s3d1f491a404d6854880943e5c3cd9ca25/uploads/2025/01/2025012291.pdf,2025-01-22,2026-09-29T10:05:31.281554Z,raw_documents/nagpur/nagpur_156_2025012291.pdf,6e26c199aed038f67d962da411a7b5a7a9f60f9fd60d3ead68e6faa8cfa7f667,1901016,application/pdf,RFCTLARR_2013,OCR
SRC_NAGPUR_157,Publication of notice 19(1) in land Acquisition Case No 29/A-65/2023-2024 Mouza-Chapegadi Taluka Kuhi Dist. Nagpur,District Collectorate & Administration Nagpur,Revenue & Land Acquisition Department,Maharashtra,Nagpur,https://nagpur.gov.in/documents/page/19/,https://cdn.s3waas.gov.in/s3d1f491a404d6854880943e5c3cd9ca25/uploads/2025/01/2025012183.pdf,2025-01-21,2026-09-29T10:05:33.534534Z,raw_documents/nagpur/nagpur_157_2025012183.pdf,0658daa6ee969c7941946f22ae578b730e9549bb02ebb9b82d6a56d3ca9472b7,383179,application/pdf,RFCTLARR_2013,OCR
SRC_NAGPUR_158,Publication of notice 19(1) in land Acquisition Case No 30/A-65/2023-2024 Mouza-Savangi Taluka Kuhi Dist. Nagpur,District Collectorate & Administration Nagpur,Revenue & Land Acquisition Department,Maharashtra,Nagpur,https://nagpur.gov.in/documents/page/20/,https://cdn.s3waas.gov.in/s3d1f491a404d6854880943e5c3cd9ca25/uploads/2025/01/2025012160.pdf,2025-01-21,2026-09-29T10:05:35.241218Z,raw_documents/nagpur/nagpur_158_2025012160.pdf,19244d4f553866b25038a1c8a34c97b16f56d26a1437625d4f990c2843fb9bd4,387916,application/pdf,RFCTLARR_2013,OCR
SRC_NAGPUR_159,Proposal for Land Acquisition for Direct Purchase of Private Land in Mouza-Takli Taluka-Kuhi Dist. Nagpur Case No 36/A-65/2023-24,District Collectorate & Administration Nagpur,Revenue & Land Acquisition Department,Maharashtra,Nagpur,https://nagpur.gov.in/documents/page/20/,https://cdn.s3waas.gov.in/s3d1f491a404d6854880943e5c3cd9ca25/uploads/2025/01/2025011538.pdf,2025-01-15,2026-09-29T10:05:37.804645Z,raw_documents/nagpur/nagpur_159_2025011538.pdf,b5bd095ba03f6aa5d406b90db008ee936997a8fd73a2451f6a1eacfd3d36864b,576850,application/pdf,RFCTLARR_2013,OCR
SRC_NAGPUR_160,Proposal for Land Acquisition for Direct Purchase of Private Land in Mouza-Thutanbori Taluka-Bhiwapur Dist. Nagpur Case No 40/A-65/2023-24,District Collectorate & Administration Nagpur,Revenue & Land Acquisition Department,Maharashtra,Nagpur,https://nagpur.gov.in/documents/page/20/,https://cdn.s3waas.gov.in/s3d1f491a404d6854880943e5c3cd9ca25/uploads/2025/01/2025011593.pdf,2025-01-15,2026-09-29T10:05:39.625452Z,raw_documents/nagpur/nagpur_160_2025011593.pdf,76ca2c444e861aea515bd4653d9a7c73c5d979a3b1c3faaf41f693cf6a2be048,454378,application/pdf,RFCTLARR_2013,OCR
SRC_NAGPUR_161,Proposal for Land Acquisition for Direct Purchase of Private Land in Mouza-Awarmara Taluka-Kuhi Dist. Nagpur Case No 35/A-65/2023-24,District Collectorate & Administration Nagpur,Revenue & Land Acquisition Department,Maharashtra,Nagpur,https://nagpur.gov.in/documents/page/20/,https://cdn.s3waas.gov.in/s3d1f491a404d6854880943e5c3cd9ca25/uploads/2025/01/2025011575.pdf,2025-01-15,2026-09-29T10:05:41.892325Z,raw_documents/nagpur/nagpur_161_2025011575.pdf,64b7189d24112ca94b083b7d6a5c7f8c64e4d21cedd7bed2dffd13f595249575,549060,application/pdf,RFCTLARR_2013,OCR
SRC_NAGPUR_162,Proposal for Land Acquisition for Direct Purchase of Private Land in Mouza-Kujba Taluka-Kuhi Dist. Nagpur Case No 26/A-65/2022-23,District Collectorate & Administration Nagpur,Revenue & Land Acquisition Department,Maharashtra,Nagpur,https://nagpur.gov.in/documents/page/20/,https://cdn.s3waas.gov.in/s3d1f491a404d6854880943e5c3cd9ca25/uploads/2025/01/2025011517.pdf,2025-01-15,2026-09-29T10:05:43.709923Z,raw_documents/nagpur/nagpur_162_2025011517.pdf,b25fa40109f5aecad06a75765c13d119f81520e2cb5918a2cb1c70085ec69230,508289,application/pdf,RFCTLARR_2013,OCR
SRC_NAGPUR_163,Proposal for Land Acquisition for Direct Purchase of Private Land in Mouza-Veltur Taluka-Kuhi Dist. Nagpur Case No 38/A-65/2023-24,District Collectorate & Administration Nagpur,Revenue & Land Acquisition Department,Maharashtra,Nagpur,https://nagpur.gov.in/documents/page/20/,https://cdn.s3waas.gov.in/s3d1f491a404d6854880943e5c3cd9ca25/uploads/2025/01/2025011591.pdf,2025-01-15,2026-09-29T10:05:45.608952Z,raw_documents/nagpur/nagpur_163_2025011591.pdf,b5f601ed21cf7fb88aee2ac03a85a83b872ab8c5cc86c5063ab80d27afcba13b,591962,application/pdf,RFCTLARR_2013,OCR
SRC_NAGPUR_164,Publication of notice 19(1) in land Acquisition Case No 01/A-65/2024-2025 Mouza Masli Taluka Kuhi Dist. Nagpur,District Collectorate & Administration Nagpur,Revenue & Land Acquisition Department,Maharashtra,Nagpur,https://nagpur.gov.in/documents/page/20/,https://cdn.s3waas.gov.in/s3d1f491a404d6854880943e5c3cd9ca25/uploads/2025/01/2025011475.pdf,2025-01-14,2026-09-29T10:05:49.063366Z,raw_documents/nagpur/nagpur_164_2025011475.pdf,64a037acadeeb8682cc91f6cbe1ce8fad557ca0f2c631c4ad1d7ce3d16030be0,1780162,application/pdf,RFCTLARR_2013,OCR
SRC_NAGPUR_165,Publication of notice 19(1) in land Acquisition Case No 05/A-65/2024-2025 Mouza Chirwa Taluka Mauda Dist. Nagpur,District Collectorate & Administration Nagpur,Revenue & Land Acquisition Department,Maharashtra,Nagpur,https://nagpur.gov.in/documents/page/20/,https://cdn.s3waas.gov.in/s3d1f491a404d6854880943e5c3cd9ca25/uploads/2025/01/2025011439.pdf,2025-01-14,2026-09-29T10:05:51.674769Z,raw_documents/nagpur/nagpur_165_2025011439.pdf,fee8ed6f149ab6824a8fc2147174f3c92ed4a7eef1cad766589b862d99dba9f6,1254101,application/pdf,RFCTLARR_2013,OCR
SRC_NAGPUR_166,Publication of notice 11(1) in land Acquisition Case No 03/A-65/2024-2025 Mouza Rajola Taluka Kuhi Dist. Nagpur,District Collectorate & Administration Nagpur,Revenue & Land Acquisition Department,Maharashtra,Nagpur,https://nagpur.gov.in/documents/page/20/,https://cdn.s3waas.gov.in/s3d1f491a404d6854880943e5c3cd9ca25/uploads/2025/01/2025011496.pdf,2025-01-14,2026-09-29T10:05:53.857159Z,raw_documents/nagpur/nagpur_166_2025011496.pdf,2322be0c201a09d64065ba6de0dc2680402449d66b3a84cbd1862933275aa085,1073957,application/pdf,RFCTLARR_2013,OCR
SRC_NAGPUR_167,Publication of notice 11(1) in land Acquisition Case No 01/A-65/2024-2025 Mouza Masli Taluka Kuhi Dist. Nagpur,District Collectorate & Administration Nagpur,Revenue & Land Acquisition Department,Maharashtra,Nagpur,https://nagpur.gov.in/documents/page/20/,https://cdn.s3waas.gov.in/s3d1f491a404d6854880943e5c3cd9ca25/uploads/2025/01/2025011453.pdf,2025-01-14,2026-09-29T10:05:57.689770Z,raw_documents/nagpur/nagpur_167_2025011453.pdf,cbb315d20fe99e1da18c1c308f793891944fc919fddf458d2c510c1d6e30c8c4,1745158,application/pdf,RFCTLARR_2013,OCR
SRC_NAGPUR_168,Publication of notice 11(1) in land Acquisition Case No 22/A-65/2024-2025 Mouza Belona Taluka Narkhed Dist. Nagpur,District Collectorate & Administration Nagpur,Revenue & Land Acquisition Department,Maharashtra,Nagpur,https://nagpur.gov.in/documents/page/21/,https://cdn.s3waas.gov.in/s3d1f491a404d6854880943e5c3cd9ca25/uploads/2025/01/2025011477.pdf,2025-01-14,2026-09-29T10:06:00.378261Z,raw_documents/nagpur/nagpur_168_2025011477.pdf,ca6c5ae2956f1c8687a4e48bab6e9c2b4122b1e200d0b094a4e3a3ff68273820,1487133,application/pdf,RFCTLARR_2013,OCR
SRC_NAGPUR_169,Publication of notice 11(1) in land Acquisition Case No 01/A-65/2024-2025 Mouza Hardoli Taluka Kuhi Dist. Nagpur,District Collectorate & Administration Nagpur,Revenue & Land Acquisition Department,Maharashtra,Nagpur,https://nagpur.gov.in/documents/page/21/,https://cdn.s3waas.gov.in/s3d1f491a404d6854880943e5c3cd9ca25/uploads/2025/01/2025011484.pdf,2025-01-14,2026-09-29T10:06:02.511095Z,raw_documents/nagpur/nagpur_169_2025011484.pdf,0eafa8ff9996f14ee3331436a9116f40e73b020197a37f964b4597c84bfaa302,1249447,application/pdf,RFCTLARR_2013,OCR
SRC_NAGPUR_170,Publication of notice 11(1) in land Acquisition Case No 05/A-65/2024-2025 Mouza Chirwa Taluka Mauda Dist. Nagpur,District Collectorate & Administration Nagpur,Revenue & Land Acquisition Department,Maharashtra,Nagpur,https://nagpur.gov.in/documents/page/21/,https://cdn.s3waas.gov.in/s3d1f491a404d6854880943e5c3cd9ca25/uploads/2025/01/2025011452.pdf,2025-01-14,2026-09-29T10:06:04.936962Z,raw_documents/nagpur/nagpur_170_2025011452.pdf,3817366ab52e0ebdc9c17c3e924f0e39400537b00db795e835ddfa4ad9a7a8a5,1279272,application/pdf,RFCTLARR_2013,OCR
SRC_NAGPUR_171,"Mauza-Shivangaon Tah-Nagpur Urban, Dist. Nagpur Land Acquisition Case No 20/A-65/2023-2024 Sec 19(1) Notification No 01/2025 Dt. 01/01/2025",District Collectorate & Administration Nagpur,Revenue & Land Acquisition Department,Maharashtra,Nagpur,https://nagpur.gov.in/documents/page/21/,https://cdn.s3waas.gov.in/s3d1f491a404d6854880943e5c3cd9ca25/uploads/2025/01/2025010312.pdf,2025-01-02,2026-09-29T10:06:06.842567Z,raw_documents/nagpur/nagpur_171_2025010312.pdf,66f5feee18da410696d429b8d9b4e34c8e36ee17908c3c6ecd5c432fc04f8dc3,862920,application/pdf,RFCTLARR_2013,OCR
SRC_NAGPUR_172,Publication of Declaration | Notification U|S 19 in land Aquisition Case No 03/A-65/2022-2023 Mouza Nagpur (City) Dist. Nagpur,District Collectorate & Administration Nagpur,Revenue & Land Acquisition Department,Maharashtra,Nagpur,https://nagpur.gov.in/documents/page/21/,https://cdn.s3waas.gov.in/s3d1f491a404d6854880943e5c3cd9ca25/uploads/2025/01/2025010261.pdf,2025-01-01,2026-09-29T10:06:13.672531Z,raw_documents/nagpur/nagpur_172_2025010261.pdf,42a7e315cc275a0a5745f6cd10fe4fe65f70c05e9d4763c35e021fda78887e78,8053425,application/pdf,RFCTLARR_2013,TEXT
SRC_NAGPUR_173,Proposal for Land Acquisition for Direct Purchase of Private Land in Mouza-Aamti Taluka-Kuhi Dist. Nagpur Case No 25/A-65/2022-23,District Collectorate & Administration Nagpur,Revenue & Land Acquisition Department,Maharashtra,Nagpur,https://nagpur.gov.in/documents/page/21/,https://cdn.s3waas.gov.in/s3d1f491a404d6854880943e5c3cd9ca25/uploads/2024/12/2024122730.pdf,2024-12-27,2026-09-29T10:06:16.279442Z,raw_documents/nagpur/nagpur_173_2024122730.pdf,442fa10b0344dea153dbf74372d46e5407dabedc0246e111bcf53cf0f2dace60,1372510,application/pdf,RFCTLARR_2013,TEXT
SRC_NAGPUR_174,Publication of notification U|S 19 in land Aquisition Case No 03/A-65/2023-2024 Mouza Nagpur City Dist. Nagpur,District Collectorate & Administration Nagpur,Revenue & Land Acquisition Department,Maharashtra,Nagpur,https://nagpur.gov.in/documents/page/21/,https://cdn.s3waas.gov.in/s3d1f491a404d6854880943e5c3cd9ca25/uploads/2024/12/20241212100.pdf,2024-12-12,2026-09-29T10:06:22.720084Z,raw_documents/nagpur/nagpur_174_20241212100.pdf,f2d33a88e4c58a425f670eb6add59c91fc659d6217ad43df2044aaafac0bc1d7,1645073,application/pdf,RFCTLARR_2013,OCR
SRC_NAGPUR_175,Proposal for Land Acquisition for Direct Purchase of Private Land in Mouza-Awarmara Taluka-Kuhi Dist. Nagpur Case No 35/A-65/2023-24,District Collectorate & Administration Nagpur,Revenue & Land Acquisition Department,Maharashtra,Nagpur,https://nagpur.gov.in/documents/page/21/,https://cdn.s3waas.gov.in/s3d1f491a404d6854880943e5c3cd9ca25/uploads/2024/12/2024121089.pdf,2024-12-10,2026-09-29T10:06:24.704299Z,raw_documents/nagpur/nagpur_175_2024121089.pdf,a71db8954d96f1d79feb212c884b7469f9152353bc0741094836b9ac108d4316,879368,application/pdf,RFCTLARR_2013,TEXT
SRC_NAGPUR_176,Proposal for Land Acquisition for Direct Purchase of Private Land in Mouza-Takli Taluka-Kuhi Dist. Nagpur Case No 36/A-65/2023-24,District Collectorate & Administration Nagpur,Revenue & Land Acquisition Department,Maharashtra,Nagpur,https://nagpur.gov.in/documents/page/21/,https://cdn.s3waas.gov.in/s3d1f491a404d6854880943e5c3cd9ca25/uploads/2024/12/2024121061-1.pdf,2024-12-10,2026-09-29T10:06:26.214773Z,raw_documents/nagpur/nagpur_176_2024121061-1.pdf,da82bd0835f722ff652bd2134c888cf004c9708125470ce66038f870ea999b3b,950054,application/pdf,RFCTLARR_2013,TEXT
SRC_NAGPUR_177,Proposal for Land Acquisition for Direct Purchase of Private Land in Mouza-Kujba Taluka-Kuhi Dist. Nagpur Case No 26/A-65/2022-23,District Collectorate & Administration Nagpur,Revenue & Land Acquisition Department,Maharashtra,Nagpur,https://nagpur.gov.in/documents/page/21/,https://cdn.s3waas.gov.in/s3d1f491a404d6854880943e5c3cd9ca25/uploads/2024/12/2024121061.pdf,2024-12-10,2026-09-29T10:06:28.023437Z,raw_documents/nagpur/nagpur_177_2024121061.pdf,b2d3aa024517dbd2675ff7d2e6203609b2e682199e65970f80c45282122d7c3b,855274,application/pdf,RFCTLARR_2013,TEXT
SRC_NAGPUR_178,Publication of Notice 19(11) in Land Acquisition Case No 40/A-65/2023-2024 Village Thutanbori Taluka Bhivapur Dist. Nagpur,District Collectorate & Administration Nagpur,Revenue & Land Acquisition Department,Maharashtra,Nagpur,https://nagpur.gov.in/documents/page/22/,https://cdn.s3waas.gov.in/s3d1f491a404d6854880943e5c3cd9ca25/uploads/2024/12/2024120294.pdf,2024-12-02,2026-09-29T10:06:31.603933Z,raw_documents/nagpur/nagpur_178_2024120294.pdf,c9c7dd09dd3814e49798ad84e7dba7721ad249d7291452a870fa56c08ac91bfc,1167590,application/pdf,RFCTLARR_2013,OCR
SRC_NAGPUR_179,Extension Granted 12 Month for Section 19(1) Notification. Mauza-Khariy Dhalgaon Taluka Saoner District-Nagpur,District Collectorate & Administration Nagpur,Revenue & Land Acquisition Department,Maharashtra,Nagpur,https://nagpur.gov.in/documents/page/22/,https://cdn.s3waas.gov.in/s3d1f491a404d6854880943e5c3cd9ca25/uploads/2024/11/2024111319.pdf,2024-10-11,2026-09-29T10:06:32.801291Z,raw_documents/nagpur/nagpur_179_2024111319.pdf,0900609bfa9b8f92c6aa279437ff635dbc3db36b8e3999b9baff35b4f34a7c19,600181,application/pdf,RFCTLARR_2013,TEXT
SRC_NAGPUR_180,Notice U|S 21(1)(4) in Land Acquisition Case No 03/A-65/2023-24 Mouza Nagpur Tah Nagpur City Dist Nagpur,District Collectorate & Administration Nagpur,Revenue & Land Acquisition Department,Maharashtra,Nagpur,https://nagpur.gov.in/documents/page/22/,https://cdn.s3waas.gov.in/s3d1f491a404d6854880943e5c3cd9ca25/uploads/2024/10/2024100147.pdf,2024-10-01,2026-09-29T10:06:43.675356Z,raw_documents/nagpur/nagpur_180_2024100147.pdf,d1cd12c9d915ded3cccc8c967173122d5cb9cb62d1c7a3de4eb5a127a46017e2,2159995,application/pdf,RFCTLARR_2013,OCR
SRC_NAGPUR_181,Publication of Notice 19(1) in Land Acquisition Case No 11/A-65/2018-2019 Village Pimpaldhara Taluka Hingna,District Collectorate & Administration Nagpur,Revenue & Land Acquisition Department,Maharashtra,Nagpur,https://nagpur.gov.in/documents/page/22/,https://cdn.s3waas.gov.in/s3d1f491a404d6854880943e5c3cd9ca25/uploads/2024/09/2024090678.pdf,2024-09-06,2026-09-29T10:06:47.347827Z,raw_documents/nagpur/nagpur_181_2024090678.pdf,e8ddedd84812c32410e68cf27c2281002bc72263eff644112cb38295fdb77ac7,1921588,application/pdf,RFCTLARR_2013,OCR
SRC_NAGPUR_182,"Award of Land Acquisition Act 2013 Mauza-Nagpur, Taluka Nagpur Dist. Nagpur Case No-23/A-65/2022-2023",District Collectorate & Administration Nagpur,Revenue & Land Acquisition Department,Maharashtra,Nagpur,https://nagpur.gov.in/documents/page/22/,https://cdn.s3waas.gov.in/s3d1f491a404d6854880943e5c3cd9ca25/uploads/2024/08/2024082225.pdf,2024-08-22,2026-09-29T10:06:57.961269Z,raw_documents/nagpur/nagpur_182_2024082225.pdf,fc8a480b81b383939fabaa94128c2015f047ca589e2660ba4f016a5c9eab03c9,6581857,application/pdf,RFCTLARR_2013,OCR
SRC_NAGPUR_183,"Proposal for Land Acquisition for Direct Purchase of Private Land in Mauza-Ruyad, Taluka Kuhi Dist. Nagpur Case No-34/A-65/2023-2024",District Collectorate & Administration Nagpur,Revenue & Land Acquisition Department,Maharashtra,Nagpur,https://nagpur.gov.in/documents/page/22/,https://cdn.s3waas.gov.in/s3d1f491a404d6854880943e5c3cd9ca25/uploads/2024/08/2024082287.pdf,2024-08-22,2026-09-29T10:06:59.321580Z,raw_documents/nagpur/nagpur_183_2024082287.pdf,72613cbbbaffd163d7e682c426c16ae2a7521aed69ff2f142a7ce93d254c9b3d,761917,application/pdf,RFCTLARR_2013,TEXT
SRC_NAGPUR_184,"Proposal for Land Acquisition for Direct Purchase of Private Land in Mauza-Gorha, Taluka Kuhi Dist. Nagpur Case No-27/A-65/2022-2023",District Collectorate & Administration Nagpur,Revenue & Land Acquisition Department,Maharashtra,Nagpur,https://nagpur.gov.in/documents/page/22/,https://cdn.s3waas.gov.in/s3d1f491a404d6854880943e5c3cd9ca25/uploads/2024/08/2024081453.pdf,2024-08-14,2026-09-29T10:07:00.723770Z,raw_documents/nagpur/nagpur_184_2024081453.pdf,e8790cde41c95187e24ee5f593a3fa7172e19f314b2b98d2395016b58a72b78f,1058133,application/pdf,RFCTLARR_2013,TEXT
SRC_NAGPUR_185,"Notification Under Section 11(1) of Land Acquisition Act 2013 LAQ Case No 20/A-65/2023-24 Mouja Shivangaon, Taluka Nagpur (City), District Nagpur",District Collectorate & Administration Nagpur,Revenue & Land Acquisition Department,Maharashtra,Nagpur,https://nagpur.gov.in/documents/page/22/,https://cdn.s3waas.gov.in/s3d1f491a404d6854880943e5c3cd9ca25/uploads/2024/08/2024080817.pdf,2024-08-08,2026-09-29T10:07:03.654074Z,raw_documents/nagpur/nagpur_185_2024080817.pdf,2a84a6e33b315c6533c20a66e563dd808f810f6e85ac9a7159669f715ca61590,1696818,application/pdf,RFCTLARR_2013,OCR
SRC_NAGPUR_186,"Notification Under Section 19(1) of Land Acquisition Act 2013 LAQ Case No 14/A-65/2023-24 Mouja Chikhali(Devasthan), Taluka Nagpur (City), District Nagpur",District Collectorate & Administration Nagpur,Revenue & Land Acquisition Department,Maharashtra,Nagpur,https://nagpur.gov.in/documents/page/23/,https://cdn.s3waas.gov.in/s3d1f491a404d6854880943e5c3cd9ca25/uploads/2024/08/2024080888.pdf,2024-08-08,2026-09-29T10:07:06.026523Z,raw_documents/nagpur/nagpur_186_2024080888.pdf,9693a99a9c23897be3b0734de1a3d44ab833ebdf2d68ba9d96cc94d33faaff9c,950791,application/pdf,RFCTLARR_2013,OCR
SRC_NAGPUR_187,Publication of notification U|S 19 in Land Acquisition Case No 03/A-65 | 2023-24 Mouza Nagpur Tah Nagpur City District Nagpur,District Collectorate & Administration Nagpur,Revenue & Land Acquisition Department,Maharashtra,Nagpur,https://nagpur.gov.in/documents/page/23/,https://cdn.s3waas.gov.in/s3d1f491a404d6854880943e5c3cd9ca25/uploads/2024/08/2024080652.pdf,2024-08-06,2026-09-29T10:07:09.846029Z,raw_documents/nagpur/nagpur_187_2024080652.pdf,9db3d31277c82228fa60b5230de4868e0004d71fefc3b85b6422eb0c81a38ddf,911752,application/pdf,RFCTLARR_2013,OCR
SRC_NAGPUR_188,Mauza- Nagpur(Khas) Model Mill Chowk to Ramji Pahelwan Chowk Land Acquisition Case No 24/A-65/2022-23,District Collectorate & Administration Nagpur,Revenue & Land Acquisition Department,Maharashtra,Nagpur,https://nagpur.gov.in/documents/page/23/,https://cdn.s3waas.gov.in/s3d1f491a404d6854880943e5c3cd9ca25/uploads/2024/07/2024072992.pdf,2024-07-29,2026-09-29T10:07:12.881675Z,raw_documents/nagpur/nagpur_188_2024072992.pdf,28929a4afc67ee60921b5b4a92157c51b939a61a71d967c50f7007136ff7af51,2473186,application/pdf,RFCTLARR_2013,TEXT
SRC_NAGPUR_189,Publication of notification U|S 37(1) in Land Acquisition Case No 02/A-65 | 2023-24 Mouza Sitabuldi,District Collectorate & Administration Nagpur,Revenue & Land Acquisition Department,Maharashtra,Nagpur,https://nagpur.gov.in/documents/page/23/,https://cdn.s3waas.gov.in/s3d1f491a404d6854880943e5c3cd9ca25/uploads/2024/07/2024071086.pdf,2024-07-10,2026-09-29T10:07:33.155378Z,raw_documents/nagpur/nagpur_189_2024071086.pdf,3fd9725435ea06ff114ad775ce08023a6c301f341da2dbec8cfd367ccf374a37,9595757,application/pdf,RFCTLARR_2013,OCR
SRC_NAGPUR_190,"Proposal for Land Acquisition for Direct Purchase of Private Land in Mauza-Ruyad, Taluka Kuhi Case No-21/A-65/2022-2023",District Collectorate & Administration Nagpur,Revenue & Land Acquisition Department,Maharashtra,Nagpur,https://nagpur.gov.in/documents/page/23/,https://cdn.s3waas.gov.in/s3d1f491a404d6854880943e5c3cd9ca25/uploads/2024/06/2024062591.pdf,2024-06-25,2026-09-29T10:07:36.995392Z,raw_documents/nagpur/nagpur_190_2024062591.pdf,5297b4de6647dafaed253c9e6e3ac44fa7e65196050b364b75f2178c9f35c699,2540754,application/pdf,RFCTLARR_2013,TEXT
SRC_NAGPUR_191,"Proposal for Land Acquisition for Direct Purchase of Private Land in Mauza-Ruyad, Taluka Kuhi Case No-19/A-65/2022-2023",District Collectorate & Administration Nagpur,Revenue & Land Acquisition Department,Maharashtra,Nagpur,https://nagpur.gov.in/documents/page/23/,https://cdn.s3waas.gov.in/s3d1f491a404d6854880943e5c3cd9ca25/uploads/2024/06/2024062596.pdf,2024-06-25,2026-09-29T10:07:40.184817Z,raw_documents/nagpur/nagpur_191_2024062596.pdf,6c741fb6340e4d883249a3579de0750cdaf831f3b87c0bb500e9e8a65518c12d,1396635,application/pdf,RFCTLARR_2013,TEXT
SRC_NAGPUR_192,"Section 19(1) of Land Acquisition Act 2013 regarding Promugation of Notification Case No 31/A-65/2023-24 Mouza Pimparada(Rithi), Taluka Bhiwapur, District Nagpur",District Collectorate & Administration Nagpur,Revenue & Land Acquisition Department,Maharashtra,Nagpur,https://nagpur.gov.in/documents/page/23/,https://cdn.s3waas.gov.in/s3d1f491a404d6854880943e5c3cd9ca25/uploads/2024/04/2024043081.pdf,2024-04-30,2026-09-29T10:07:42.281862Z,raw_documents/nagpur/nagpur_192_2024043081.pdf,c892c2be7fba991586336d7625b421a1dfa3d4b23c4175b7eb82f8028a1a24c9,1241274,application/pdf,RFCTLARR_2013,TEXT
SRC_NAGPUR_193,"Section 19(1) of Land Acquisition Act 2013 regarding Promugation of Notification Case No 33/A-65/2023-24 Mouza Gondbori, Taluka Bhiwapur, District Nagpur",District Collectorate & Administration Nagpur,Revenue & Land Acquisition Department,Maharashtra,Nagpur,https://nagpur.gov.in/documents/page/23/,https://cdn.s3waas.gov.in/s3d1f491a404d6854880943e5c3cd9ca25/uploads/2024/04/2024043073.pdf,2024-04-30,2026-09-29T10:07:45.178593Z,raw_documents/nagpur/nagpur_193_2024043073.pdf,e3933faa529d0d4e2be0ccba8a23ac16c7d472aa175e586b6ec1dcb147bc0279,1207013,application/pdf,RFCTLARR_2013,TEXT
SRC_NAGPUR_194,"Section 19(1) of Land Acquisition Act 2013 regarding Promugation of Notification Case No 32/A-65/2023-24 Mouza Gondbori, Taluka Bhiwapur, District Nagpur",District Collectorate & Administration Nagpur,Revenue & Land Acquisition Department,Maharashtra,Nagpur,https://nagpur.gov.in/documents/page/24/,https://cdn.s3waas.gov.in/s3d1f491a404d6854880943e5c3cd9ca25/uploads/2024/04/2024043026.pdf,2024-04-30,2026-09-29T10:07:47.324002Z,raw_documents/nagpur/nagpur_194_2024043026.pdf,8fff453c7281e36ef5ca6c6bdb1c1269e4f28f31fb4cf2f71655b851c987358f,1312874,application/pdf,RFCTLARR_2013,TEXT
SRC_NAGPUR_195,"Section 11(1) of Land Acquisition Act 2013 regarding Promugation of Notification Case No 30/A-65/2023-24 Mouza Sawangi, Taluka Kuhi, District Nagpur",District Collectorate & Administration Nagpur,Revenue & Land Acquisition Department,Maharashtra,Nagpur,https://nagpur.gov.in/documents/page/24/,https://cdn.s3waas.gov.in/s3d1f491a404d6854880943e5c3cd9ca25/uploads/2024/03/2024031446.pdf,2024-03-14,2026-09-29T10:07:52.337091Z,raw_documents/nagpur/nagpur_195_2024031446.pdf,18580feb9da24cacde4129c5f6a4b4ea6f051dfab03a212cd7b3f5a1a5719678,1539536,application/pdf,RFCTLARR_2013,TEXT
SRC_NAGPUR_196,"Section 11(1) of Land Acquisition Act 2013 regarding Promugation of Notification Case No 29/A-65/2023-24 Mouza chapegadi(Rithi), Taluka Kuhi, District Nagpur",District Collectorate & Administration Nagpur,Revenue & Land Acquisition Department,Maharashtra,Nagpur,https://nagpur.gov.in/documents/page/24/,https://cdn.s3waas.gov.in/s3d1f491a404d6854880943e5c3cd9ca25/uploads/2024/03/2024031436.pdf,2024-03-14,2026-09-29T10:07:54.497361Z,raw_documents/nagpur/nagpur_196_2024031436.pdf,b9a1f33227e24d99ab55c6a524fdaf60644e6f8cdfa59c1787b81b781722dd22,1183719,application/pdf,RFCTLARR_2013,TEXT
SRC_NAGPUR_197,"Section 11(1) of Land Acquisition Act 2013 regarding Promugation of Notification Case No 28/A-65/2023-24 Mouza Chapeghat (Rithi) , Taluka Kuhi, District Nagpur",District Collectorate & Administration Nagpur,Revenue & Land Acquisition Department,Maharashtra,Nagpur,https://nagpur.gov.in/documents/page/24/,https://cdn.s3waas.gov.in/s3d1f491a404d6854880943e5c3cd9ca25/uploads/2024/03/2024031445.pdf,2024-03-14,2026-09-29T10:07:57.563999Z,raw_documents/nagpur/nagpur_197_2024031445.pdf,624daa181d415afe2b4e30599bf582ab55b7c40cdd6a212a4ff746f3ec664864,1218126,application/pdf,RFCTLARR_2013,TEXT
SRC_NAGPUR_198,Notification Section 19 in Land Acquisition Case No 02/A-65/2023-24 Mouza Sitaburdi,District Collectorate & Administration Nagpur,Revenue & Land Acquisition Department,Maharashtra,Nagpur,https://nagpur.gov.in/documents/page/24/,https://cdn.s3waas.gov.in/s3d1f491a404d6854880943e5c3cd9ca25/uploads/2024/03/2024031488.pdf,2024-03-14,2026-09-29T10:08:06.409060Z,raw_documents/nagpur/nagpur_198_2024031488.pdf,1cba51e37d528746595f0119d33f9834bd83a7806943e2b72d398c4b7e6c6437,1154092,application/pdf,RFCTLARR_2013,OCR
SRC_NAGPUR_199,Public Notice Mauza Wanadongri Taluka Hingna District Nagpur in Land Acquisition Case No 2/A-65/2023-24,District Collectorate & Administration Nagpur,Revenue & Land Acquisition Department,Maharashtra,Nagpur,https://nagpur.gov.in/documents/page/24/,https://cdn.s3waas.gov.in/s3d1f491a404d6854880943e5c3cd9ca25/uploads/2024/03/20240313100.pdf,2024-03-13,2026-09-29T10:08:08.553056Z,raw_documents/nagpur/nagpur_199_20240313100.pdf,0bd7a26794fe9bdaa182094cf5770f213a57b7eb37c9ad0d185027ad966c0e1c,674515,application/pdf,RFCTLARR_2013,OCR
SRC_NAGPUR_200,Public Notice Mauza Wanadongri Taluka Hingna District Nagpur in Land Acquisition Case No 1/A-65/2023-24,District Collectorate & Administration Nagpur,Revenue & Land Acquisition Department,Maharashtra,Nagpur,https://nagpur.gov.in/documents/page/24/,https://cdn.s3waas.gov.in/s3d1f491a404d6854880943e5c3cd9ca25/uploads/2024/03/2024031330.pdf,2024-03-13,2026-09-29T10:08:10.316385Z,raw_documents/nagpur/nagpur_200_2024031330.pdf,a53107fea2e611b07a1a273c4d78ca4beb573a7fddb5f26793346d41457dc441,423652,application/pdf,RFCTLARR_2013,OCR
SRC_NAGPUR_201,"Notification Section 19(1), Land Acquisition Case No 15/A-65/2018-2019 Mauza-Pimpladhara Tahsil Hingna",District Collectorate & Administration Nagpur,Revenue & Land Acquisition Department,Maharashtra,Nagpur,https://nagpur.gov.in/documents/page/24/,https://cdn.s3waas.gov.in/s3d1f491a404d6854880943e5c3cd9ca25/uploads/2024/03/2024030737.pdf,2024-03-07,2026-09-29T10:08:18.332765Z,raw_documents/nagpur/nagpur_201_2024030737.pdf,3c7df5bc793d4c576a30c8fda05b253c21733b099d718a68e1fd758dbcc71b9a,5120461,application/pdf,RFCTLARR_2013,OCR
SRC_NAGPUR_202,"Notification Section 93(1), Land Acquisition Case No 02/A-65/2022-2023 Mauza-Sitabuldi",District Collectorate & Administration Nagpur,Revenue & Land Acquisition Department,Maharashtra,Nagpur,https://nagpur.gov.in/documents/page/25/,https://cdn.s3waas.gov.in/s3d1f491a404d6854880943e5c3cd9ca25/uploads/2024/03/2024030575.pdf,2024-03-05,2026-09-29T10:08:20.620364Z,raw_documents/nagpur/nagpur_202_2024030575.pdf,31b32b114a16ba1ff90900cfc5396fa9abd5a0b040c3d1009feb059839c437ee,363083,application/pdf,RFCTLARR_2013,OCR
SRC_NAGPUR_203,"Section 11(1) Notification, Land Acquisition Act-2013, Case No 14/A-65/2023-2024 Mauja-Chikhali (Dev), Taluka-Nagpur(City), Dist. Nagpur",District Collectorate & Administration Nagpur,Revenue & Land Acquisition Department,Maharashtra,Nagpur,https://nagpur.gov.in/documents/page/25/,https://cdn.s3waas.gov.in/s3d1f491a404d6854880943e5c3cd9ca25/uploads/2024/02/2024022930.pdf,2024-02-27,2026-09-29T10:08:23.269400Z,raw_documents/nagpur/nagpur_203_2024022930.pdf,5b109c611233cde849ff893b2b5b5b12ee9151fd1e6a89e9f01ec8636d4a8319,846405,application/pdf,RFCTLARR_2013,OCR
SRC_NAGPUR_204,"Proposal for Land Acquisition for Direct Purchase of Private Land in Mauza Adyal Taluka Bhivapur Dist. Nagpur by Private Negotiation, Case No 17/A-65/2022-23",District Collectorate & Administration Nagpur,Revenue & Land Acquisition Department,Maharashtra,Nagpur,https://nagpur.gov.in/documents/page/25/,https://cdn.s3waas.gov.in/s3d1f491a404d6854880943e5c3cd9ca25/uploads/2024/02/2024022831.pdf,2024-02-22,2026-09-29T10:08:27.208709Z,raw_documents/nagpur/nagpur_204_2024022831.pdf,e1b2e921a16f285b10ea22bd8141287ee33f481178b899a63d10b7d7239d8077,3241151,application/pdf,RFCTLARR_2013,OCR
SRC_NAGPUR_205,"Award Mauza Mokhala, Taluka Bhivapur District Nagpur Land Acquisition Case No -01/A-65/2020-2021",District Collectorate & Administration Nagpur,Revenue & Land Acquisition Department,Maharashtra,Nagpur,https://nagpur.gov.in/documents/page/25/,https://cdn.s3waas.gov.in/s3d1f491a404d6854880943e5c3cd9ca25/uploads/2024/02/2024020120.pdf,2024-01-31,2026-09-29T10:08:35.976550Z,raw_documents/nagpur/nagpur_205_2024020120.pdf,5fd5aa9d574687f82bc04ed5547a689b84617d99f90395ffe6bad6d91a189439,5311655,application/pdf,RFCTLARR_2013,TEXT
SRC_NAGPUR_206,Publication of Notice 19(1) in Land Acquisition Case No 16/A-65/2022-2023 Village Wela Harishchandra,District Collectorate & Administration Nagpur,Revenue & Land Acquisition Department,Maharashtra,Nagpur,https://nagpur.gov.in/documents/page/25/,https://cdn.s3waas.gov.in/s3d1f491a404d6854880943e5c3cd9ca25/uploads/2023/12/2023122268-1.pdf,2023-12-22,2026-09-29T10:08:38.593394Z,raw_documents/nagpur/nagpur_206_2023122268-1.pdf,b6fa18fc1ea9f3ef8a9b4cce1b54822909aa8b2eb7a172ee080b97f1dce2f434,966540,application/pdf,RFCTLARR_2013,OCR
SRC_NAGPUR_207,Publication of Notice 19(1) in Land Acquisition Case No 18/A-65/2022-2023 Village Kawtha,District Collectorate & Administration Nagpur,Revenue & Land Acquisition Department,Maharashtra,Nagpur,https://nagpur.gov.in/documents/page/25/,https://cdn.s3waas.gov.in/s3d1f491a404d6854880943e5c3cd9ca25/uploads/2023/12/2023122268.pdf,2023-12-22,2026-09-29T10:08:41.407238Z,raw_documents/nagpur/nagpur_207_2023122268.pdf,dd234eea421b7b2fa9ec423463d7f740fecf8b842f5c0d1388700fe99bae0010,1003701,application/pdf,RFCTLARR_2013,OCR
SRC_PUNE_208,"For the Pune Metro Rail Projects in conjunction with the interchange metro station at Shivaji Nagar(Serving Pune Metro Rail Corridors 1 & 2 and the PMRDA Projects Corridors 3) at Mauje Bhamburda(Shivaji Nagar) plot no. 807/B/1, 457.29 Sq.Mtr.",District Collectorate & Administration Pune,Special Land Acquisition Office (SLAD / PLAQ),Maharashtra,Pune,https://pune.gov.in/en/documents/,https://cdn.s3waas.gov.in/s3ffeabd223de0d4eacb9a3e6e53e5448d/uploads/2026/09/17900791641133.pdf,2026-09-04,2026-09-29T10:08:44.122326Z,raw_documents/pune/pune_208_17900791641133.pdf,0617be75328774c87e6523dd5424b79fcd934ce1bcc061d494c22c7a620e75d2,185441,application/pdf,RFCTLARR_2013,OCR
SRC_PUNE_209,"Regarding land acquisition for widening of the 60.00 m. wide road for entry and exit at Village Borhadewadi,Taluka Haveli, District Pune.",District Collectorate & Administration Pune,Special Land Acquisition Office (SLAD / PLAQ),Maharashtra,Pune,https://pune.gov.in/en/documents/,https://cdn.s3waas.gov.in/s3ffeabd223de0d4eacb9a3e6e53e5448d/uploads/2026/09/17899863254024.pdf,2026-09-10,2026-09-29T10:08:46.172515Z,raw_documents/pune/pune_209_17899863254024.pdf,673a718813d28d353161a8c6f2672162d764af97f30972ce5616018c171c449b,923219,application/pdf,RFCTLARR_2013,TEXT
SRC_PUNE_210,"Regarding land acquisition for widening of the 60 m. wide road for entry and exit at Village Moshi, Taluka Haveli, District Pune.",District Collectorate & Administration Pune,Special Land Acquisition Office (SLAD / PLAQ),Maharashtra,Pune,https://pune.gov.in/en/documents/,https://cdn.s3waas.gov.in/s3ffeabd223de0d4eacb9a3e6e53e5448d/uploads/2026/09/17899863437096.pdf,2026-09-10,2026-09-29T10:08:48.797126Z,raw_documents/pune/pune_210_17899863437096.pdf,ae2059ba9e3cfa1267b240a5fbf3c6b78b51c1ec5cae0b1e14c93cd7e1347253,1383437,application/pdf,RFCTLARR_2013,TEXT
SRC_PUNE_211,"Regarding land acquisition for widening of the 61.00 m. and 45.00 m. wide road for entry and exit Bhosari Village, Haveli, District Pune.",District Collectorate & Administration Pune,Special Land Acquisition Office (SLAD / PLAQ),Maharashtra,Pune,https://pune.gov.in/en/documents/,https://cdn.s3waas.gov.in/s3ffeabd223de0d4eacb9a3e6e53e5448d/uploads/2026/09/17899863549723.pdf,2026-09-10,2026-09-29T10:08:50.972937Z,raw_documents/pune/pune_211_17899863549723.pdf,76c2b46586d7e57a5c8ea0120309708eaff3bdeb4d7cc421123ea81dffcee3d9,1070323,application/pdf,RFCTLARR_2013,TEXT
SRC_PUNE_212,"Land Acquisition Award for s.no.46/5(P) vadgaon sheri, Tal. Haweli, Dist Pune for 60 m D.P. Road under Section 11 of Land Acquisition Act, 1894.",District Collectorate & Administration Pune,Special Land Acquisition Office (SLAD / PLAQ),Maharashtra,Pune,https://pune.gov.in/en/documents/,https://cdn.s3waas.gov.in/s3ffeabd223de0d4eacb9a3e6e53e5448d/uploads/2026/08/17879183061101.pdf,2026-08-25,2026-09-29T10:09:01.859543Z,raw_documents/pune/pune_212_17879183061101.pdf,c6a86e27fc29144d3b524e24d81bb0b5c7b7051996a8e105b8257a45bd508e57,5792268,application/pdf,RAILWAYS_ACT_2008,OCR
SRC_PUNE_213,The right to fair competition rehabilitation and transparency in the process of acquisition resettlement of workers act 2013 section 11(1) is as follows notification,District Collectorate & Administration Pune,Special Land Acquisition Office (SLAD / PLAQ),Maharashtra,Pune,https://pune.gov.in/en/documents/,https://cdn.s3waas.gov.in/s3ffeabd223de0d4eacb9a3e6e53e5448d/uploads/2026/08/17867130795298.pdf,2026-08-14,2026-09-29T10:09:11.816840Z,raw_documents/pune/pune_213_17867130795298.pdf,71117eead784af146a2c542e1af074ddb8a984a31f12ab9f287e29c11feb73ca,3623242,application/pdf,RFCTLARR_2013,OCR
SRC_PUNE_214,PRR E Khed Khalumbre Supplementary Award,District Collectorate & Administration Pune,Special Land Acquisition Office (SLAD / PLAQ),Maharashtra,Pune,https://pune.gov.in/en/documents/,https://cdn.s3waas.gov.in/s3ffeabd223de0d4eacb9a3e6e53e5448d/uploads/2026/08/17863548436664.pdf,2026-07-31,2026-09-29T10:09:27.491420Z,raw_documents/pune/pune_214_17863548436664.pdf,92ed6aa699ba0be00e6727339fd6d291636649f740e08fde9b36d6dd7a9a7d1a,8195492,application/pdf,RFCTLARR_2013,OCR
SRC_PUNE_215,PRR E Khed Markal Supplementary Award,District Collectorate & Administration Pune,Special Land Acquisition Office (SLAD / PLAQ),Maharashtra,Pune,https://pune.gov.in/en/documents/,https://cdn.s3waas.gov.in/s3ffeabd223de0d4eacb9a3e6e53e5448d/uploads/2026/08/17863545206911.pdf,2026-07-31,2026-09-29T10:09:41.698225Z,raw_documents/pune/pune_215_17863545206911.pdf,c2cf2ab40e94fbe32bd3181fd53a7aa6959c31e77c242c4dce5feef9d6616d80,6235473,application/pdf,RFCTLARR_2013,OCR
SRC_PUNE_216,PRR E Khed Alandi Supplementary Award,District Collectorate & Administration Pune,Special Land Acquisition Office (SLAD / PLAQ),Maharashtra,Pune,https://pune.gov.in/en/documents/,https://cdn.s3waas.gov.in/s3ffeabd223de0d4eacb9a3e6e53e5448d/uploads/2026/08/17863543499967.pdf,2026-07-31,2026-09-29T10:10:03.539083Z,raw_documents/pune/pune_216_17863543499967.pdf,f0ef3ce182b1b3ec514aa2126846be3d5eb818e51d8a4d4a24ff72d31761626d,8457961,application/pdf,RFCTLARR_2013,OCR
SRC_PUNE_217,PRR E Khed Chimbli Supplementary Award,District Collectorate & Administration Pune,Special Land Acquisition Office (SLAD / PLAQ),Maharashtra,Pune,https://pune.gov.in/en/documents/,https://cdn.s3waas.gov.in/s3ffeabd223de0d4eacb9a3e6e53e5448d/uploads/2026/08/17863542082258.pdf,2026-07-31,2026-09-29T10:10:19.509725Z,raw_documents/pune/pune_217_17863542082258.pdf,4071f6efed93d4b2e10f2e1608b1d51c15d83254bf1c9d4410e3657c1d85520d,5422285,application/pdf,RFCTLARR_2013,OCR
SRC_PUNE_219,PRR E Khed Nighoje Supplementary Award,District Collectorate & Administration Pune,Special Land Acquisition Office (SLAD / PLAQ),Maharashtra,Pune,https://pune.gov.in/en/documents/page/2/,https://cdn.s3waas.gov.in/s3ffeabd223de0d4eacb9a3e6e53e5448d/uploads/2026/08/17863538322715.pdf,2026-07-31,2026-09-29T10:10:55.619235Z,raw_documents/pune/pune_219_17863538322715.pdf,a48b5fc8f1bd61ed4bd7a8a6b82af967625c1749e53236b4c571674d57f51a2d,6188837,application/pdf,RFCTLARR_2013,OCR
SRC_PUNE_220,"Village Salav,Tal.Bhor,Dist.Pune Acquisition for Nira devghar project as per sect.Land Acquisition 1894.",District Collectorate & Administration Pune,Special Land Acquisition Office (SLAD / PLAQ),Maharashtra,Pune,https://pune.gov.in/en/documents/page/2/,https://cdn.s3waas.gov.in/s3ffeabd223de0d4eacb9a3e6e53e5448d/uploads/2026/06/17827317674201.pdf,2026-06-15,2026-09-29T10:11:02.216816Z,raw_documents/pune/pune_220_17827317674201.pdf,878146f1705f8e03dc6a20679e7574746b6fae02f326a615df0f3a233e72f5ef,2837187,application/pdf,RFCTLARR_2013,OCR
SRC_PUNE_221,"Village-Ambadvet, Tal- Mulshi, Dist.-Pune Acquisition for the approach road to the large bridge over Mula River as per LARR Act-2013",District Collectorate & Administration Pune,Special Land Acquisition Office (SLAD / PLAQ),Maharashtra,Pune,https://pune.gov.in/en/documents/page/2/,https://cdn.s3waas.gov.in/s3ffeabd223de0d4eacb9a3e6e53e5448d/uploads/2026/06/17827290338678.pdf,2026-06-29,2026-09-29T10:11:08.707487Z,raw_documents/pune/pune_221_17827290338678.pdf,adcaeae876c8dfa0a15308c12c03acc3088dd91861e30bd4d98ac2905777eb13,2712755,application/pdf,RFCTLARR_2013,OCR
SRC_PUNE_222,"Village-Parhar Khurd, Tal.-Bhor, Dist.-Pune Acuisition for Nira Devghar Project as per Sect. Land Acquisition 1894.",District Collectorate & Administration Pune,Special Land Acquisition Office (SLAD / PLAQ),Maharashtra,Pune,https://pune.gov.in/en/documents/page/2/,https://cdn.s3waas.gov.in/s3ffeabd223de0d4eacb9a3e6e53e5448d/uploads/2026/06/17806566758765.pdf,2026-06-05,2026-09-29T10:11:44.064561Z,raw_documents/pune/pune_222_17806566758765.pdf,04feafcc108295a511259e376227a9c2e9c234a851706fb3beaf0ce4fae06bd8,6140000,application/pdf,RFCTLARR_2013,OCR
SRC_PUNE_223,"Village-Salav, Tal.-Bhor, Dist.-Pune Acuisition for Nira Devghar Project as per Sect. Land Acquisition 1894.",District Collectorate & Administration Pune,Special Land Acquisition Office (SLAD / PLAQ),Maharashtra,Pune,https://pune.gov.in/en/documents/page/2/,https://cdn.s3waas.gov.in/s3ffeabd223de0d4eacb9a3e6e53e5448d/uploads/2026/06/17806538017755.pdf,2026-06-05,2026-09-29T10:11:50.391188Z,raw_documents/pune/pune_223_17806538017755.pdf,78fbd815b1fb42644d7cc3b23d686b2690065e6321fc281b2bde0a2c2cced9fa,1597533,application/pdf,RAILWAYS_ACT_2008,OCR
SRC_PUNE_224,"Village Nhavara, Tal. Shirur Dist.-Pune Land Acquisition for NH-548-D as per National Highway Act. 1956.",District Collectorate & Administration Pune,Special Land Acquisition Office (SLAD / PLAQ),Maharashtra,Pune,https://pune.gov.in/en/documents/page/4/,https://cdn.s3waas.gov.in/s3ffeabd223de0d4eacb9a3e6e53e5448d/uploads/2026/05/17791885608776.pdf,2026-05-15,2026-09-29T10:12:01.527721Z,raw_documents/pune/pune_224_17791885608776.pdf,5c8a0c744b93300fbfd5944a1581e115afe10bc0815d640b6238f3e1455760e9,1349235,application/pdf,NATIONAL_HIGHWAYS_ACT_1956,OCR
SRC_PUNE_225,"Village Shikrapur,Tal. Shirur Dist.-Pune Land Acquisition for NH-548-D as per National Highway Act. 1956.",District Collectorate & Administration Pune,Special Land Acquisition Office (SLAD / PLAQ),Maharashtra,Pune,https://pune.gov.in/en/documents/page/4/,https://cdn.s3waas.gov.in/s3ffeabd223de0d4eacb9a3e6e53e5448d/uploads/2026/05/17791883103206.pdf,2026-05-15,2026-09-29T10:12:20.455985Z,raw_documents/pune/pune_225_17791883103206.pdf,251ac51f49b5b01c59722a6e3a722b94f8d5927041d6601febd990f568022738,3314657,application/pdf,NATIONAL_HIGHWAYS_ACT_1956,OCR
SRC_PUNE_226,"Village Kasari, Tal. Shirur Dist.-Pune Land Acquisition for NH-548-D as per National Highway Act. 1956.",District Collectorate & Administration Pune,Special Land Acquisition Office (SLAD / PLAQ),Maharashtra,Pune,https://pune.gov.in/en/documents/page/4/,https://cdn.s3waas.gov.in/s3ffeabd223de0d4eacb9a3e6e53e5448d/uploads/2026/05/17791879613777.pdf,2026-05-15,2026-09-29T10:12:58.171989Z,raw_documents/pune/pune_226_17791879613777.pdf,880ba5184beff46d006f3b286923dcd5f804565ab44bc0a92012f857681209e0,8035385,application/pdf,NATIONAL_HIGHWAYS_ACT_1956,OCR
SRC_PUNE_227,"Village Bandgarwadi, Tal.- Indapur, Dist.-Pune Land Acquisition for NH-9 as per National Highway Act. 1956.",District Collectorate & Administration Pune,Special Land Acquisition Office (SLAD / PLAQ),Maharashtra,Pune,https://pune.gov.in/en/documents/page/4/,https://cdn.s3waas.gov.in/s3ffeabd223de0d4eacb9a3e6e53e5448d/uploads/2026/05/17790905954433.pdf,2026-05-15,2026-09-29T10:13:22.747378Z,raw_documents/pune/pune_227_17790905954433.pdf,2edcdc9437a67f5ba37dd468ff3e8bf74d11e052e6800ada9974774969b6dd38,4420916,application/pdf,NATIONAL_HIGHWAYS_ACT_1956,OCR
SRC_PUNE_228,"Land Aquisition Award for S.No. 94C Mundhawa Tal. Pune City, Dist. Pune for 80 ft. D.P. road widening under section 11 of Land Aquisition Act 1894.",District Collectorate & Administration Pune,Special Land Acquisition Office (SLAD / PLAQ),Maharashtra,Pune,https://pune.gov.in/en/documents/page/4/,https://cdn.s3waas.gov.in/s3ffeabd223de0d4eacb9a3e6e53e5448d/uploads/2026/05/17779791647651.pdf,2026-05-04,2026-09-29T10:13:41.089874Z,raw_documents/pune/pune_228_17779791647651.pdf,3df793f5d48c4d4539258d1e49c7b17ad8f326a668712f2c5c818feda5edf974,9211904,application/pdf,LAND_ACQUISITION_ACT_1894,OCR
SRC_PUNE_229,Award under section 23 of New Land Acquisition Act-2013 for Mauje Katraj-Kondhwa (Bu.) for proposed 84 M.D.P.road (50 M.road out of 60 M.D.P.road) (Rajas Society to Pisoli),District Collectorate & Administration Pune,Special Land Acquisition Office (SLAD / PLAQ),Maharashtra,Pune,https://pune.gov.in/en/documents/page/4/,https://cdn.s3waas.gov.in/s3ffeabd223de0d4eacb9a3e6e53e5448d/uploads/2026/05/17778779739595.pdf,2026-04-27,2026-09-29T10:13:58.899959Z,raw_documents/pune/pune_229_17778779739595.pdf,6311a2fd2eb7ce7eadcd30818ebd2c8d5b81e01699f5c9e4a7015b74c7d4387e,9211904,application/pdf,RFCTLARR_2013,OCR
SRC_PUNE_230,"Notice of Land Acquisition award for S.No. 23/3/8 Balewadi, Tal. Haveli, Dist. Pune for 18 M.D.P. Road widening under section 33 of New Land Acquisition Act 2013.",District Collectorate & Administration Pune,Special Land Acquisition Office (SLAD / PLAQ),Maharashtra,Pune,https://pune.gov.in/en/documents/page/5/,https://cdn.s3waas.gov.in/s3ffeabd223de0d4eacb9a3e6e53e5448d/uploads/2026/03/17733109989773.pdf,2026-03-09,2026-09-29T10:14:00.120291Z,raw_documents/pune/pune_230_17733109989773.pdf,5acb93dbaf6a6b1692a14c7c59cf718413e528c46bc6601101c773f4db177b72,596327,application/pdf,RFCTLARR_2013,TEXT
SRC_PUNE_231,"Land Acquisition Award for S.No. 2/3/8, Balewadi, Tal. Haveli, Dist. Pune for 18 M.D.P. Road widening under section- 23 of New Land Acquisition Act 2013.",District Collectorate & Administration Pune,Special Land Acquisition Office (SLAD / PLAQ),Maharashtra,Pune,https://pune.gov.in/en/documents/page/5/,https://cdn.s3waas.gov.in/s3ffeabd223de0d4eacb9a3e6e53e5448d/uploads/2026/02/17703641267695.pdf,2026-02-05,2026-09-29T10:14:12.034282Z,raw_documents/pune/pune_231_17703641267695.pdf,69189bdc118b26126c351f0c6c698bacf4d283378c0e5b4a02087c454f4b3f38,9211904,application/pdf,RFCTLARR_2013,OCR
SRC_PUNE_232,PRR E Haveli Lonikand Main Gat No.314 Award,District Collectorate & Administration Pune,Special Land Acquisition Office (SLAD / PLAQ),Maharashtra,Pune,https://pune.gov.in/en/documents/page/6/,https://cdn.s3waas.gov.in/s3ffeabd223de0d4eacb9a3e6e53e5448d/uploads/2025/09/17591337046966.pdf,2025-09-25,2026-09-29T10:14:21.745807Z,raw_documents/pune/pune_232_17591337046966.pdf,4b4db760b690539dc38f6de1db82a7c637ee9d47d59a7f7d42d689af414991d7,3854038,application/pdf,RFCTLARR_2013,OCR
SRC_PUNE_233,PRR E Haveli Lonikand Main Award,District Collectorate & Administration Pune,Special Land Acquisition Office (SLAD / PLAQ),Maharashtra,Pune,https://pune.gov.in/en/documents/page/6/,https://cdn.s3waas.gov.in/s3ffeabd223de0d4eacb9a3e6e53e5448d/uploads/2025/09/17582885799560.pdf,2025-09-17,2026-09-29T10:14:38.142729Z,raw_documents/pune/pune_233_17582885799560.pdf,404026fa8c08ec2606ed85dac700a8fc537d7dd239ab2c41971e1207ffe08034,10370711,application/pdf,RFCTLARR_2013,OCR
SRC_PUNE_234,PRR E Haveli Lonikand Add. Land Award,District Collectorate & Administration Pune,Special Land Acquisition Office (SLAD / PLAQ),Maharashtra,Pune,https://pune.gov.in/en/documents/page/6/,https://cdn.s3waas.gov.in/s3ffeabd223de0d4eacb9a3e6e53e5448d/uploads/2025/09/17575732762960.pdf,2025-09-10,2026-09-29T10:14:52.942185Z,raw_documents/pune/pune_234_17575732762960.pdf,8789cae3fd8721ca2b542e7e0b54e4792d6093747427dd90d50c445a85b3d9cf,4474521,application/pdf,RFCTLARR_2013,OCR
SRC_PUNE_235,"Land Acquisition Award for Survey No.22, Part No.3, CTS No.664, Kothrud, Tq. Haveli, Dist. Pune, for Reservation No. C-2-7 (Commercial Center) under section 23 of Land Acquisition Act 2013.",District Collectorate & Administration Pune,Special Land Acquisition Office (SLAD / PLAQ),Maharashtra,Pune,https://pune.gov.in/en/documents/page/6/,https://cdn.s3waas.gov.in/s3ffeabd223de0d4eacb9a3e6e53e5448d/uploads/2025/09/17569841999532.pdf,2025-08-28,2026-09-29T10:15:15.816813Z,raw_documents/pune/pune_235_17569841999532.pdf,a268f46f23dc2370347864e070809d0727b376552ccc97e3d2975cebdc29a6d7,7543802,application/pdf,RFCTLARR_2013,OCR
SRC_PUNE_236,DSK-STL VALIDATED LIST 21 AUG 2025,District Collectorate & Administration Pune,Special Land Acquisition Office (SLAD / PLAQ),Maharashtra,Pune,https://pune.gov.in/en/documents/page/6/,https://cdn.s3waas.gov.in/s3ffeabd223de0d4eacb9a3e6e53e5448d/uploads/2025/09/17568867412811.pdf,2025-09-03,2026-09-29T10:15:17.716352Z,raw_documents/pune/pune_236_17568867412811.pdf,61d810e677713556653e266c67e3155dd73df6e1461b54e6f36a1eccadce613b,437187,application/pdf,RFCTLARR_2013,TEXT
SRC_PUNE_237,PRR E Haveli Bakori Main Award,District Collectorate & Administration Pune,Special Land Acquisition Office (SLAD / PLAQ),Maharashtra,Pune,https://pune.gov.in/en/documents/page/7/,https://cdn.s3waas.gov.in/s3ffeabd223de0d4eacb9a3e6e53e5448d/uploads/2025/08/17542941301650.pdf,2025-08-04,2026-09-29T10:15:40.503783Z,raw_documents/pune/pune_237_17542941301650.pdf,e9d8e6d3e2987148e003ca24e078d7de14cda7070f9c241c3b037c7006dd533d,7309255,application/pdf,RFCTLARR_2013,OCR
SRC_PUNE_238,PRR E Khed Kelgaon Gat No.-235 Add Land Award,District Collectorate & Administration Pune,Special Land Acquisition Office (SLAD / PLAQ),Maharashtra,Pune,https://pune.gov.in/en/documents/page/7/,https://cdn.s3waas.gov.in/s3ffeabd223de0d4eacb9a3e6e53e5448d/uploads/2025/07/17534301506668.pdf,2025-07-21,2026-09-29T10:16:01.164538Z,raw_documents/pune/pune_238_17534301506668.pdf,102d5087ed321a1446eb6010372eb20fd407232144651bea4134299dc4af83a9,8207174,application/pdf,RFCTLARR_2013,OCR
SRC_PUNE_239,PRR E Khed Nighoje Gat No.-584/1 Add Land Award,District Collectorate & Administration Pune,Special Land Acquisition Office (SLAD / PLAQ),Maharashtra,Pune,https://pune.gov.in/en/documents/page/7/,https://cdn.s3waas.gov.in/s3ffeabd223de0d4eacb9a3e6e53e5448d/uploads/2025/07/17534295588795.pdf,2025-07-21,2026-09-29T10:16:08.641080Z,raw_documents/pune/pune_239_17534295588795.pdf,126de2d4c275ed956832f153e87d56f2d40a164bad402e0d523828ddc133a707,4243635,application/pdf,RFCTLARR_2013,OCR
SRC_PUNE_240,PRR E Haveli Bivri Add.Land Award,District Collectorate & Administration Pune,Special Land Acquisition Office (SLAD / PLAQ),Maharashtra,Pune,https://pune.gov.in/en/documents/page/7/,https://cdn.s3waas.gov.in/s3ffeabd223de0d4eacb9a3e6e53e5448d/uploads/2025/07/17531722957596.pdf,2025-07-17,2026-09-29T10:16:23.580048Z,raw_documents/pune/pune_240_17531722957596.pdf,79d44fc478da8308f36e7b731f9f3a720e815c9ab188619aafe6cd641498b9a0,4383583,application/pdf,RFCTLARR_2013,OCR
SRC_PUNE_241,PRR E Haveli Bakori Supplementary Award,District Collectorate & Administration Pune,Special Land Acquisition Office (SLAD / PLAQ),Maharashtra,Pune,https://pune.gov.in/en/documents/page/7/,https://cdn.s3waas.gov.in/s3ffeabd223de0d4eacb9a3e6e53e5448d/uploads/2025/07/17531720671843.pdf,2025-07-17,2026-09-29T10:16:42.170846Z,raw_documents/pune/pune_241_17531720671843.pdf,4552dd216ee2176b389ec5b76fb465e20b116996c50143731ca548cabe80226f,4670248,application/pdf,RFCTLARR_2013,OCR
SRC_PUNE_242,PRR E Haveli Dongargaon Main Award,District Collectorate & Administration Pune,Special Land Acquisition Office (SLAD / PLAQ),Maharashtra,Pune,https://pune.gov.in/en/documents/page/7/,https://cdn.s3waas.gov.in/s3ffeabd223de0d4eacb9a3e6e53e5448d/uploads/2025/07/2025070426.pdf,2025-06-06,2026-09-29T10:16:58.634606Z,raw_documents/pune/pune_242_2025070426.pdf,f7a69055a5fcd0ac078bf2b6502c6e843b559b2aa8811f29aa941c6dd1226e19,7766502,application/pdf,RFCTLARR_2013,OCR
SRC_PUNE_243,PRR W Mulshi Kasar Amboli Supplimentry Award,District Collectorate & Administration Pune,Special Land Acquisition Office (SLAD / PLAQ),Maharashtra,Pune,https://pune.gov.in/en/documents/page/7/,https://cdn.s3waas.gov.in/s3ffeabd223de0d4eacb9a3e6e53e5448d/uploads/2025/07/2025070256.pdf,2025-06-27,2026-09-29T10:17:12.606764Z,raw_documents/pune/pune_243_2025070256.pdf,45886aa14e2b94e8a4612de3c6263d4f9890aba8886139179e2a44debb35f739,5597686,application/pdf,RFCTLARR_2013,TEXT
SRC_PUNE_244,PRR W Mulshi Kasar Amboli Main Award,District Collectorate & Administration Pune,Special Land Acquisition Office (SLAD / PLAQ),Maharashtra,Pune,https://pune.gov.in/en/documents/page/8/,https://cdn.s3waas.gov.in/s3ffeabd223de0d4eacb9a3e6e53e5448d/uploads/2025/07/2025070250.pdf,2025-06-27,2026-09-29T10:17:29.273001Z,raw_documents/pune/pune_244_2025070250.pdf,f528e798166ad481a2bfc071c49cdd3fdff4e2aa19aa361f758fca503395c43d,7208854,application/pdf,RFCTLARR_2013,TEXT
SRC_PUNE_245,PRR E Haveli Lonikand Supplementary Award,District Collectorate & Administration Pune,Special Land Acquisition Office (SLAD / PLAQ),Maharashtra,Pune,https://pune.gov.in/en/documents/page/8/,https://cdn.s3waas.gov.in/s3ffeabd223de0d4eacb9a3e6e53e5448d/uploads/2025/06/2025062612.pdf,2025-06-06,2026-09-29T10:18:11.733513Z,raw_documents/pune/pune_245_2025062612.pdf,8f65e9f9a3a407a5bd8a530629d92235703b80da8e24ced765b3441cb0907528,9076969,application/pdf,RFCTLARR_2013,TEXT
SRC_PUNE_246,PRR E Haveli Shindavane Supplimentary Amendment Award,District Collectorate & Administration Pune,Special Land Acquisition Office (SLAD / PLAQ),Maharashtra,Pune,https://pune.gov.in/en/documents/page/8/,https://cdn.s3waas.gov.in/s3ffeabd223de0d4eacb9a3e6e53e5448d/uploads/2025/06/2025062646.pdf,2025-06-06,2026-09-29T10:18:40.278002Z,raw_documents/pune/pune_246_2025062646.pdf,9f85b367c3707ccc9a561b3893d41f4137df9092912852feb1566194a0c30567,4964221,application/pdf,RFCTLARR_2013,OCR
SRC_PUNE_247,PRR E Haveli Valti Main Award,District Collectorate & Administration Pune,Special Land Acquisition Office (SLAD / PLAQ),Maharashtra,Pune,https://pune.gov.in/en/documents/page/8/,https://cdn.s3waas.gov.in/s3ffeabd223de0d4eacb9a3e6e53e5448d/uploads/2025/06/2025060362.pdf,2025-04-17,2026-09-29T10:19:15.096859Z,raw_documents/pune/pune_247_2025060362.pdf,7b29e87afd4c6d8c83308cb61107dcdfee585613402baba26177398ca939b1f7,4947890,application/pdf,RFCTLARR_2013,OCR
SRC_PUNE_248,PRR E Haveli Tarde Main Award,District Collectorate & Administration Pune,Special Land Acquisition Office (SLAD / PLAQ),Maharashtra,Pune,https://pune.gov.in/en/documents/page/8/,https://cdn.s3waas.gov.in/s3ffeabd223de0d4eacb9a3e6e53e5448d/uploads/2025/05/2025050280.pdf,2025-04-21,2026-09-29T10:19:38.330752Z,raw_documents/pune/pune_248_2025050280.pdf,820bc4d45cc15ac0968ba8c4d30497c779e8fd89a9ef1291d5ba026f3a029b4a,7700531,application/pdf,RFCTLARR_2013,TEXT
SRC_PUNE_249,PRR E Haveli Sortapwadi Main Award,District Collectorate & Administration Pune,Special Land Acquisition Office (SLAD / PLAQ),Maharashtra,Pune,https://pune.gov.in/en/documents/page/8/,https://cdn.s3waas.gov.in/s3ffeabd223de0d4eacb9a3e6e53e5448d/uploads/2025/05/20250502100.pdf,2025-04-21,2026-09-29T10:20:08.872107Z,raw_documents/pune/pune_249_20250502100.pdf,05b32938aebc2cdc03f1d21d439ce17e1b827f26c5377c4c37e3f34c5458210a,7519397,application/pdf,RFCTLARR_2013,TEXT
SRC_PUNE_250,PRR E Haveli Koregaon Mul Main Award,District Collectorate & Administration Pune,Special Land Acquisition Office (SLAD / PLAQ),Maharashtra,Pune,https://pune.gov.in/en/documents/page/8/,https://cdn.s3waas.gov.in/s3ffeabd223de0d4eacb9a3e6e53e5448d/uploads/2025/05/2025050287.pdf,2025-04-21,2026-09-29T10:20:21.711153Z,raw_documents/pune/pune_250_2025050287.pdf,a681655306373defeff4c1e37ecac49699c2f29264b995b0630331e9380f5ebf,9606250,application/pdf,RFCTLARR_2013,TEXT
SRC_PUNE_251,PRR E Khed Solu Add Land Award,District Collectorate & Administration Pune,Special Land Acquisition Office (SLAD / PLAQ),Maharashtra,Pune,https://pune.gov.in/en/documents/page/8/,https://cdn.s3waas.gov.in/s3ffeabd223de0d4eacb9a3e6e53e5448d/uploads/2025/04/2025043091.pdf,2025-04-04,2026-09-29T10:20:36.815184Z,raw_documents/pune/pune_251_2025043091.pdf,d24fbd633a1ad26e68235539d2ebef82cf340342a5915f568fff6bb24d1802fe,8171462,application/pdf,RFCTLARR_2013,OCR
SRC_PUNE_252,PRR_E_Khed_Nighoje_Add Land Award,District Collectorate & Administration Pune,Special Land Acquisition Office (SLAD / PLAQ),Maharashtra,Pune,https://pune.gov.in/en/documents/page/8/,https://cdn.s3waas.gov.in/s3ffeabd223de0d4eacb9a3e6e53e5448d/uploads/2025/04/2025043041.pdf,2025-04-04,2026-09-29T10:20:52.916173Z,raw_documents/pune/pune_252_2025043041.pdf,0f19367dbad88320de3d90f7fda58b0c0cda15d52d1e1332f9c9ec3ac9309971,8280973,application/pdf,RFCTLARR_2013,OCR
SRC_PUNE_253,Final Award of village Mhalunge (Ingle) Tal-khed Dist Pune,District Collectorate & Administration Pune,Special Land Acquisition Office (SLAD / PLAQ),Maharashtra,Pune,https://pune.gov.in/en/documents/page/8/,https://cdn.s3waas.gov.in/s3ffeabd223de0d4eacb9a3e6e53e5448d/uploads/2025/04/2025042471.pdf,2025-04-23,2026-09-29T10:21:05.931330Z,raw_documents/pune/pune_253_2025042471.pdf,81dadddf12888cbc0ee7cbace8f3eff4486133eaf650febb4056de6401b75f23,5588346,application/pdf,RFCTLARR_2013,OCR
SRC_PUNE_254,"Land Acquisition Award for S. No. 46/6 part, Vadgaon Sheri, Tal. Haveli, Dist. Pune for 60m D.P. Road under section II of Land Acquisition Act, 1894.",District Collectorate & Administration Pune,Special Land Acquisition Office (SLAD / PLAQ),Maharashtra,Pune,https://pune.gov.in/en/documents/page/9/,https://cdn.s3waas.gov.in/s3ffeabd223de0d4eacb9a3e6e53e5448d/uploads/2025/04/2025042116.pdf,2025-03-17,2026-09-29T10:21:15.840005Z,raw_documents/pune/pune_254_2025042116.pdf,abe76c7d5002dff00e3fcd694a85ce478e6fb4696ca28c9a60cc54e367dd19e6,5752474,application/pdf,LAND_ACQUISITION_ACT_1894,OCR
SRC_PUNE_255,PRR E Maval Sudumbre Supplementary Award,District Collectorate & Administration Pune,Special Land Acquisition Office (SLAD / PLAQ),Maharashtra,Pune,https://pune.gov.in/en/documents/page/9/,https://cdn.s3waas.gov.in/s3ffeabd223de0d4eacb9a3e6e53e5448d/uploads/2025/03/2025032550.pdf,2025-02-27,2026-09-29T10:21:22.607584Z,raw_documents/pune/pune_255_2025032550.pdf,d28471ffda7fb1aa13383fb59162bec679ebe9cc37cdd413cc66810b2c244c66,6857845,application/pdf,RFCTLARR_2013,TEXT
SRC_PUNE_256,PRR E Maval Sudumbre Main Award,District Collectorate & Administration Pune,Special Land Acquisition Office (SLAD / PLAQ),Maharashtra,Pune,https://pune.gov.in/en/documents/page/9/,https://cdn.s3waas.gov.in/s3ffeabd223de0d4eacb9a3e6e53e5448d/uploads/2025/03/2025032549.pdf,2025-02-27,2026-09-29T10:21:29.430491Z,raw_documents/pune/pune_256_2025032549.pdf,7c5ef36416d40460646156528685daf649d66a7b678c1800cf141494d046361b,7647710,application/pdf,RFCTLARR_2013,TEXT
SRC_PUNE_257,PRR w Mulshi Materewadi Addl. Land Main Award,District Collectorate & Administration Pune,Special Land Acquisition Office (SLAD / PLAQ),Maharashtra,Pune,https://pune.gov.in/en/documents/page/9/,https://cdn.s3waas.gov.in/s3ffeabd223de0d4eacb9a3e6e53e5448d/uploads/2025/03/2025032526.pdf,2025-02-27,2026-09-29T10:21:38.289302Z,raw_documents/pune/pune_257_2025032526.pdf,0f5db64361c49a978acee26639a6d1312e32cace3b6d963f08cdc29bedf9cfc3,6654678,application/pdf,RFCTLARR_2013,TEXT
SRC_PUNE_258,PRR w Mulshi Muthe Addl. Land Main Award,District Collectorate & Administration Pune,Special Land Acquisition Office (SLAD / PLAQ),Maharashtra,Pune,https://pune.gov.in/en/documents/page/9/,https://cdn.s3waas.gov.in/s3ffeabd223de0d4eacb9a3e6e53e5448d/uploads/2025/03/2025032543.pdf,2025-02-27,2026-09-29T10:21:43.030732Z,raw_documents/pune/pune_258_2025032543.pdf,b1afdab0bbeb93d25926df2f911a45f5c105ae89b4962b831afa2898e6d54701,6376268,application/pdf,RFCTLARR_2013,TEXT
SRC_PUNE_259,PRR E Maval Induri Main Award,District Collectorate & Administration Pune,Special Land Acquisition Office (SLAD / PLAQ),Maharashtra,Pune,https://pune.gov.in/en/documents/page/9/,https://cdn.s3waas.gov.in/s3ffeabd223de0d4eacb9a3e6e53e5448d/uploads/2025/03/2025032432.pdf,2025-02-27,2026-09-29T10:21:53.465405Z,raw_documents/pune/pune_259_2025032432.pdf,7a78c49230ca959af077e5192dc7f7a0a9c495829b6a128d3f62d7d29aa266ce,9130572,application/pdf,RFCTLARR_2013,OCR
SRC_PUNE_260,PRR E Purandar Thapewadi Main Award,District Collectorate & Administration Pune,Special Land Acquisition Office (SLAD / PLAQ),Maharashtra,Pune,https://pune.gov.in/en/documents/page/10/,https://cdn.s3waas.gov.in/s3ffeabd223de0d4eacb9a3e6e53e5448d/uploads/2025/03/2025032442.pdf,2025-03-13,2026-09-29T10:22:01.210663Z,raw_documents/pune/pune_260_2025032442.pdf,d239f42388d61db71a9cb8554cffcb0a5e2c1950d8d3a2f3c2037c894d59424f,4497885,application/pdf,RFCTLARR_2013,OCR
SRC_PUNE_261,PRR E Purandar Garade Main Award,District Collectorate & Administration Pune,Special Land Acquisition Office (SLAD / PLAQ),Maharashtra,Pune,https://pune.gov.in/en/documents/page/10/,https://cdn.s3waas.gov.in/s3ffeabd223de0d4eacb9a3e6e53e5448d/uploads/2025/03/2025032453.pdf,2025-03-13,2026-09-29T10:22:11.743192Z,raw_documents/pune/pune_261_2025032453.pdf,e071d0bb3589b37c918774d41712e79761c8664a36b29cda3dc47ddf06e2ef3f,6726877,application/pdf,RFCTLARR_2013,OCR
SRC_PUNE_262,PRR E Purandar Dive Main Award,District Collectorate & Administration Pune,Special Land Acquisition Office (SLAD / PLAQ),Maharashtra,Pune,https://pune.gov.in/en/documents/page/10/,https://cdn.s3waas.gov.in/s3ffeabd223de0d4eacb9a3e6e53e5448d/uploads/2025/03/2025032415.pdf,2025-03-13,2026-09-29T10:22:23.158078Z,raw_documents/pune/pune_262_2025032415.pdf,bd43e3f6f438412d3911cb54cfa1160ebc96d20dbe0e67c70eafd2121ec1cc5d,5301369,application/pdf,RFCTLARR_2013,OCR
SRC_PUNE_263,Land Acquisition Office (PLAQ),District Collectorate & Administration Pune,Special Land Acquisition Office (SLAD / PLAQ),Maharashtra,Pune,https://pune.gov.in/en/documents/page/10/,https://cdn.s3waas.gov.in/s3ffeabd223de0d4eacb9a3e6e53e5448d/uploads/2025/03/2025032160.pdf,2025-03-20,2026-09-29T10:22:28.703065Z,raw_documents/pune/pune_263_2025032160.pdf,00c1839ebf18a0a17c671a8dbb0c2d859040fd4ffbae990becb0471d004a70cf,4675575,application/pdf,RFCTLARR_2013,TEXT
SRC_PUNE_264,Land Acquisition Office 06,District Collectorate & Administration Pune,Special Land Acquisition Office (SLAD / PLAQ),Maharashtra,Pune,https://pune.gov.in/en/documents/page/10/,https://cdn.s3waas.gov.in/s3ffeabd223de0d4eacb9a3e6e53e5448d/uploads/2025/03/2025031812.pdf,2025-03-01,2026-09-29T10:22:29.985570Z,raw_documents/pune/pune_264_2025031812.pdf,ae24ab86e16ed4136459baf68d869f329506486f93427d8a23120ecf331a773c,876565,application/pdf,RFCTLARR_2013,TEXT
SRC_PUNE_265,PRR W Haveli Khamgaon Maval Add Land Award,District Collectorate & Administration Pune,Special Land Acquisition Office (SLAD / PLAQ),Maharashtra,Pune,https://pune.gov.in/en/documents/page/10/,https://cdn.s3waas.gov.in/s3ffeabd223de0d4eacb9a3e6e53e5448d/uploads/2025/03/2025031967.pdf,2025-03-10,2026-09-29T10:22:38.573472Z,raw_documents/pune/pune_265_2025031967.pdf,a667f09da828cef51670df4ef085abb432aad37c98795a840649ac39618ec043,4231149,application/pdf,RFCTLARR_2013,OCR
SRC_PUNE_266,PRR W Haveli Vadadare Add Land Award,District Collectorate & Administration Pune,Special Land Acquisition Office (SLAD / PLAQ),Maharashtra,Pune,https://pune.gov.in/en/documents/page/10/,https://cdn.s3waas.gov.in/s3ffeabd223de0d4eacb9a3e6e53e5448d/uploads/2025/03/2025031947.pdf,2025-03-10,2026-09-29T10:22:46.719055Z,raw_documents/pune/pune_266_2025031947.pdf,9360874d25797b8984961b18a43faa22a2e9f5805ad90dcd33400a58bcb47093,3851529,application/pdf,RFCTLARR_2013,OCR
SRC_PUNE_267,Land Acquisition Office 11,District Collectorate & Administration Pune,Special Land Acquisition Office (SLAD / PLAQ),Maharashtra,Pune,https://pune.gov.in/en/documents/page/10/,https://cdn.s3waas.gov.in/s3ffeabd223de0d4eacb9a3e6e53e5448d/uploads/2025/03/2025031394.pdf,2025-01-01,2026-09-29T10:22:50.282433Z,raw_documents/pune/pune_267_2025031394.pdf,1683e1cc04f1222e5f602fda021062e7e56546be215635a1b2e657459e242b23,1003471,application/pdf,RFCTLARR_2013,TEXT
SRC_PUNE_268,Land Acquisition Office 13,District Collectorate & Administration Pune,Special Land Acquisition Office (SLAD / PLAQ),Maharashtra,Pune,https://pune.gov.in/en/documents/page/10/,https://cdn.s3waas.gov.in/s3ffeabd223de0d4eacb9a3e6e53e5448d/uploads/2025/03/2025031130.pdf,2025-03-11,2026-09-29T10:22:51.825163Z,raw_documents/pune/pune_268_2025031130.pdf,4d94c536eefb75ced875155f68744bf17285da83ff656fa37523e164a767b8a9,933759,application/pdf,RFCTLARR_2013,TEXT
SRC_PUNE_269,PRR E Maval Katvi Main Award,District Collectorate & Administration Pune,Special Land Acquisition Office (SLAD / PLAQ),Maharashtra,Pune,https://pune.gov.in/en/documents/page/11/,https://cdn.s3waas.gov.in/s3ffeabd223de0d4eacb9a3e6e53e5448d/uploads/2025/03/2025031176.pdf,2025-02-13,2026-09-29T10:22:57.960045Z,raw_documents/pune/pune_269_2025031176.pdf,ed631a1be4a5044ba7f7ca4e03a7c47a84b2d6044ab02fda4885a40da15e3be5,9009339,application/pdf,RFCTLARR_2013,TEXT
SRC_PUNE_270,PRR E Maval Ambi Supplementary Award,District Collectorate & Administration Pune,Special Land Acquisition Office (SLAD / PLAQ),Maharashtra,Pune,https://pune.gov.in/en/documents/page/11/,https://cdn.s3waas.gov.in/s3ffeabd223de0d4eacb9a3e6e53e5448d/uploads/2025/03/2025031195.pdf,2025-02-13,2026-09-29T10:23:04.193547Z,raw_documents/pune/pune_270_2025031195.pdf,aa77777b644839b89fadaa29fc9bf9adb701359479a980a0e68919d9709f8f2d,6233784,application/pdf,RFCTLARR_2013,TEXT
SRC_PUNE_271,PRR E Maval Ambi Main Award,District Collectorate & Administration Pune,Special Land Acquisition Office (SLAD / PLAQ),Maharashtra,Pune,https://pune.gov.in/en/documents/page/11/,https://cdn.s3waas.gov.in/s3ffeabd223de0d4eacb9a3e6e53e5448d/uploads/2025/03/2025031145.pdf,2025-02-13,2026-09-29T10:23:12.471938Z,raw_documents/pune/pune_271_2025031145.pdf,e7c3884c591de360b64f9c6d71c13029ec12529f65f6a2c41b263e43c77d87c3,9117454,application/pdf,RFCTLARR_2013,TEXT
SRC_PUNE_272,PRR E Maval Sudawadi Main Award,District Collectorate & Administration Pune,Special Land Acquisition Office (SLAD / PLAQ),Maharashtra,Pune,https://pune.gov.in/en/documents/page/11/,https://cdn.s3waas.gov.in/s3ffeabd223de0d4eacb9a3e6e53e5448d/uploads/2025/03/2025031148.pdf,2025-02-13,2026-09-29T10:23:18.116172Z,raw_documents/pune/pune_272_2025031148.pdf,80300c03531b14ae40ae8277de78888e97abf781d43aa2c7e6574dca7a5882d1,8580664,application/pdf,RFCTLARR_2013,TEXT
SRC_PUNE_273,PRR E Maval Vadgaon Supplementary Award,District Collectorate & Administration Pune,Special Land Acquisition Office (SLAD / PLAQ),Maharashtra,Pune,https://pune.gov.in/en/documents/page/11/,https://cdn.s3waas.gov.in/s3ffeabd223de0d4eacb9a3e6e53e5448d/uploads/2025/03/2025031187.pdf,2025-02-13,2026-09-29T10:23:22.206368Z,raw_documents/pune/pune_273_2025031187.pdf,efbf711902a8ed44ec9fceb2be6f6b3a801783c88304d32075e3b0ba54850752,6374484,application/pdf,RFCTLARR_2013,TEXT
SRC_PUNE_274,PRR E Maval Vadgaon Main Award,District Collectorate & Administration Pune,Special Land Acquisition Office (SLAD / PLAQ),Maharashtra,Pune,https://pune.gov.in/en/documents/page/11/,https://cdn.s3waas.gov.in/s3ffeabd223de0d4eacb9a3e6e53e5448d/uploads/2025/03/20250311100.pdf,2025-02-13,2026-09-29T10:23:29.063853Z,raw_documents/pune/pune_274_20250311100.pdf,6f0651cd4db3d05ad82d26ebac28f729db5a53f41db291e83314c1f1cc1826d3,8575806,application/pdf,RFCTLARR_2013,TEXT
SRC_PUNE_275,"Land Acquisition Award For S.No. 1/2B, Katraj, Tal. Haveli, Dist. Pune for 60 m D.P. Road under Section-23 of New Land Acquisition Act – 2013",District Collectorate & Administration Pune,Special Land Acquisition Office (SLAD / PLAQ),Maharashtra,Pune,https://pune.gov.in/en/documents/page/12/,https://cdn.s3waas.gov.in/s3ffeabd223de0d4eacb9a3e6e53e5448d/uploads/2025/02/2025022542.pdf,2025-02-20,2026-09-29T10:23:44.632296Z,raw_documents/pune/pune_275_2025022542.pdf,eb49b8ab6be13e3961ce3b23963aaaf6233b654fe8efb54b2211fe5b495c8834,7602404,application/pdf,RFCTLARR_2013,OCR
SRC_PUNE_276,Revenue Assistant- 2021 – Final,District Collectorate & Administration Pune,Special Land Acquisition Office (SLAD / PLAQ),Maharashtra,Pune,https://pune.gov.in/en/documents/page/13/,https://cdn.s3waas.gov.in/s3ffeabd223de0d4eacb9a3e6e53e5448d/uploads/2025/01/2025012894.pdf,2025-01-28,2026-09-29T10:24:17.097335Z,raw_documents/pune/pune_276_2025012894.pdf,ca3beff0f74374b4da611189c58389e400118d21cc29b5eb3ef3c223a2546f14,9348318,application/pdf,RFCTLARR_2013,OCR
SRC_PUNE_277,Land Acquisition Office 4,District Collectorate & Administration Pune,Special Land Acquisition Office (SLAD / PLAQ),Maharashtra,Pune,https://pune.gov.in/en/documents/page/13/,https://cdn.s3waas.gov.in/s3ffeabd223de0d4eacb9a3e6e53e5448d/uploads/2025/01/2025012738.pdf,2025-01-01,2026-09-29T10:24:33.337574Z,raw_documents/pune/pune_277_2025012738.pdf,4a3e894d3562fe43e33ced0e88548ddd8f102ad903150585a64e08ee204f45ab,4476700,application/pdf,RFCTLARR_2013,OCR
SRC_PUNE_278,Land Acquisition Office 26,District Collectorate & Administration Pune,Special Land Acquisition Office (SLAD / PLAQ),Maharashtra,Pune,https://pune.gov.in/en/documents/page/13/,https://cdn.s3waas.gov.in/s3ffeabd223de0d4eacb9a3e6e53e5448d/uploads/2025/01/2025011713.pdf,2025-01-01,2026-09-29T10:24:44.985323Z,raw_documents/pune/pune_278_2025011713.pdf,045a42c69e9298dd1c3666afd6dc4ffae7b6a29f59cadc66fa18517499c89ba3,5404503,application/pdf,RFCTLARR_2013,OCR
SRC_PUNE_279,Land Acquisition Office No – 19,District Collectorate & Administration Pune,Special Land Acquisition Office (SLAD / PLAQ),Maharashtra,Pune,https://pune.gov.in/en/documents/page/13/,https://cdn.s3waas.gov.in/s3ffeabd223de0d4eacb9a3e6e53e5448d/uploads/2025/01/2025011091.pdf,2025-01-01,2026-09-29T10:24:54.971970Z,raw_documents/pune/pune_279_2025011091.pdf,6dcb6b3fb11ad1304f8d26c5f748600cf09d16a2e3a68a7dfe8a56acea2d8a7f,5033399,application/pdf,RFCTLARR_2013,OCR
SRC_PUNE_280,PRR E Haveli Shindavane Supplementary Award,District Collectorate & Administration Pune,Special Land Acquisition Office (SLAD / PLAQ),Maharashtra,Pune,https://pune.gov.in/en/documents/page/14/,https://cdn.s3waas.gov.in/s3ffeabd223de0d4eacb9a3e6e53e5448d/uploads/2025/01/2025010685.pdf,2024-12-27,2026-09-29T10:25:19.802621Z,raw_documents/pune/pune_280_2025010685.pdf,19281d4493ecddbb599cbc4a43163a957236285fa8507975452a536a401e5dcf,6526394,application/pdf,RFCTLARR_2013,OCR
SRC_PUNE_281,PRR E Haveli Shindavane Main Award,District Collectorate & Administration Pune,Special Land Acquisition Office (SLAD / PLAQ),Maharashtra,Pune,https://pune.gov.in/en/documents/page/14/,https://cdn.s3waas.gov.in/s3ffeabd223de0d4eacb9a3e6e53e5448d/uploads/2025/01/2025010628.pdf,2024-12-27,2026-09-29T10:25:39.509259Z,raw_documents/pune/pune_281_2025010628.pdf,800f99ecaec2ce8651d93b3f427a2e1b8f60be519f9618d8f84914272054fc6a,7852723,application/pdf,RFCTLARR_2013,OCR
SRC_PUNE_282,PRR E Haveli Koregaon Mul Supplementary Gat no 266/1 Award,District Collectorate & Administration Pune,Special Land Acquisition Office (SLAD / PLAQ),Maharashtra,Pune,https://pune.gov.in/en/documents/page/14/,https://cdn.s3waas.gov.in/s3ffeabd223de0d4eacb9a3e6e53e5448d/uploads/2025/01/2025010694.pdf,2025-01-03,2026-09-29T10:25:51.935232Z,raw_documents/pune/pune_282_2025010694.pdf,433788258861e0bfeb8ce5975c523c9875ab26a1667cc789b0918eaeb8dbf7f1,6761783,application/pdf,RFCTLARR_2013,OCR
SRC_PUNE_283,PRR E Khed Kuruli Add Land Award,District Collectorate & Administration Pune,Special Land Acquisition Office (SLAD / PLAQ),Maharashtra,Pune,https://pune.gov.in/en/documents/page/14/,https://cdn.s3waas.gov.in/s3ffeabd223de0d4eacb9a3e6e53e5448d/uploads/2025/01/2025010688.pdf,2024-12-27,2026-09-29T10:26:02.703122Z,raw_documents/pune/pune_283_2025010688.pdf,90ac2ddb00d15f6da6075fe5762e72eef95d75bfa65c33b8f0b2d3de7b2b7691,7334957,application/pdf,RFCTLARR_2013,OCR
SRC_PUNE_284,34 Pune Loksabha Constituency – 210 Kothrud Assembly constituency,District Collectorate & Administration Pune,Special Land Acquisition Office (SLAD / PLAQ),Maharashtra,Pune,https://pune.gov.in/en/documents/page/14/,https://cdn.s3waas.gov.in/s3ffeabd223de0d4eacb9a3e6e53e5448d/uploads/2025/01/2025011359.pdf,2024-12-23,2026-09-29T10:26:11.638926Z,raw_documents/pune/pune_284_2025011359.pdf,d6db7fcf5f7adc7868aff03403a8a832d7ad1a835b5dce0cc030ee21c2c24c81,7392270,application/pdf,RFCTLARR_2013,OCR
SRC_PUNE_285,34 Pune Loksabha Constituency – 212 Parvati Assembly constituency,District Collectorate & Administration Pune,Special Land Acquisition Office (SLAD / PLAQ),Maharashtra,Pune,https://pune.gov.in/en/documents/page/15/,https://cdn.s3waas.gov.in/s3ffeabd223de0d4eacb9a3e6e53e5448d/uploads/2024/12/2024122465.pdf,2024-12-23,2026-09-29T10:26:28.050031Z,raw_documents/pune/pune_285_2024122465.pdf,846e1714e463394b1130ec1285e31086207f5e9898e19d835e114b601ef737f4,7918176,application/pdf,RFCTLARR_2013,OCR
SRC_PUNE_286,34 Pune Loksabha Constituency – 214 Pune Cantonment Assembly constituency,District Collectorate & Administration Pune,Special Land Acquisition Office (SLAD / PLAQ),Maharashtra,Pune,https://pune.gov.in/en/documents/page/15/,https://cdn.s3waas.gov.in/s3ffeabd223de0d4eacb9a3e6e53e5448d/uploads/2024/12/2024122434.pdf,2024-12-23,2026-09-29T10:26:32.405751Z,raw_documents/pune/pune_286_2024122434.pdf,f1983cdde2e423b2172562acf21df1d4c9d4f9b6501ef20593e36b8ef0e20d1e,3076500,application/pdf,RFCTLARR_2013,OCR
SRC_PUNE_287,34 Pune Loksabha Constituency – 215 KasbaPeth Assembly constituency,District Collectorate & Administration Pune,Special Land Acquisition Office (SLAD / PLAQ),Maharashtra,Pune,https://pune.gov.in/en/documents/page/15/,https://cdn.s3waas.gov.in/s3ffeabd223de0d4eacb9a3e6e53e5448d/uploads/2024/12/2024122432.pdf,2024-12-23,2026-09-29T10:26:46.788906Z,raw_documents/pune/pune_287_2024122432.pdf,c4715353b2788fc063e724096bbb54f996a3d9f39fe1a6a87d742be30b3a8a6e,9155706,application/pdf,RFCTLARR_2013,OCR
SRC_PUNE_288,35 Baramati Parliamentary Constituency – 211 Khadakwasla Assembly constituency,District Collectorate & Administration Pune,Special Land Acquisition Office (SLAD / PLAQ),Maharashtra,Pune,https://pune.gov.in/en/documents/page/15/,https://cdn.s3waas.gov.in/s3ffeabd223de0d4eacb9a3e6e53e5448d/uploads/2024/12/2024122455.pdf,2024-12-23,2026-09-29T10:26:51.462375Z,raw_documents/pune/pune_288_2024122455.pdf,f29905476181bbb6ffa0356a33b46e892270d6d423efa7bacd733e351ea3670b,1032556,application/pdf,RFCTLARR_2013,TEXT
SRC_PUNE_289,36 Shirur Loksabha Constituency – 213 Hadapsar Assembly constituency,District Collectorate & Administration Pune,Special Land Acquisition Office (SLAD / PLAQ),Maharashtra,Pune,https://pune.gov.in/en/documents/page/15/,https://cdn.s3waas.gov.in/s3ffeabd223de0d4eacb9a3e6e53e5448d/uploads/2024/12/2024122430-1.pdf,2024-12-23,2026-09-29T10:26:59.138829Z,raw_documents/pune/pune_289_2024122430-1.pdf,e8a3a00f4ae90e1ac90e9622310d14065623558513b65bdbf6d128e41ddbfa6a,6035657,application/pdf,RFCTLARR_2013,OCR
SRC_NASHIK_290,Land Acquisition Final Award Pimpalgaon bahula,District Collectorate & Administration Nashik,Special Land Acquisition Office,Maharashtra,Nashik,https://nashik.gov.in/en/documents/,https://cdn.s3waas.gov.in/s3b3967a0e938dc2a6340e258630febd5a/uploads/2026/09/17906585488404.pdf,2026-09-29,2026-09-29T10:27:07.367882Z,raw_documents/nashik/nashik_290_17906585488404.pdf,176fa119c8615b5673fb133faeabc49091dc9ae3c058e1df95c618a8d4ef84a3,7282971,application/pdf,RFCTLARR_2013,TEXT
SRC_NASHIK_291,Rajurbahula Revised section 11 Notification Ring Road.,District Collectorate & Administration Nashik,Special Land Acquisition Office,Maharashtra,Nashik,https://nashik.gov.in/en/documents/,https://cdn.s3waas.gov.in/s3b3967a0e938dc2a6340e258630febd5a/uploads/2026/07/17853111012781.pdf,2026-07-29,2026-09-29T10:27:09.863134Z,raw_documents/nashik/nashik_291_17853111012781.pdf,49553834287329eb229233e65c07f836adc9a504b974dbc38a3110a7f9764b99,699761,application/pdf,RFCTLARR_2013,OCR
SRC_NASHIK_292,Mauje Sarul – Revised Section 11 notification for the Ring Road.,District Collectorate & Administration Nashik,Special Land Acquisition Office,Maharashtra,Nashik,https://nashik.gov.in/en/documents/,https://cdn.s3waas.gov.in/s3b3967a0e938dc2a6340e258630febd5a/uploads/2026/07/17853113162721.pdf,2026-07-29,2026-09-29T10:27:12.076078Z,raw_documents/nashik/nashik_292_17853113162721.pdf,42365ee29ce9257a4a5eb4d92ec4efbb63af8d2afd6eaf98ee66dd4dc1d3a44d,377751,application/pdf,RFCTLARR_2013,OCR
SRC_NASHIK_293,"Final Land Acquisition Award of Mouje Manori, Tal-Niphad, Dist-Nashik for “Nashik Ring Road Project”",District Collectorate & Administration Nashik,Special Land Acquisition Office,Maharashtra,Nashik,https://nashik.gov.in/en/documents/,https://cdn.s3waas.gov.in/s3b3967a0e938dc2a6340e258630febd5a/uploads/2026/08/17860213334683.pdf,2026-08-06,2026-09-29T10:27:14.281548Z,raw_documents/nashik/nashik_293_17860213334683.pdf,5caf897f7a85aaafa722ee6088d2571351456efc8227ed4193b2c75a1fc826eb,1430621,application/pdf,RFCTLARR_2013,TEXT
SRC_NASHIK_294,"Final Land Acquisition Award of Mouje Dhakambe, Tal- Niphad, Dist- Nashik for Nashik Ring Road Project",District Collectorate & Administration Nashik,Special Land Acquisition Office,Maharashtra,Nashik,https://nashik.gov.in/en/documents/,https://cdn.s3waas.gov.in/s3b3967a0e938dc2a6340e258630febd5a/uploads/2026/08/17860219632025.pdf,2026-08-06,2026-09-29T10:27:24.981687Z,raw_documents/nashik/nashik_294_17860219632025.pdf,5f524a510371eae405954129d8b82bc8a8bf7d6411b6f07a808dd1065c434cd8,3604263,application/pdf,RFCTLARR_2013,OCR
SRC_NASHIK_295,"Land Acquisition and Rehabilitation Act, 2013 – Section 19 Notification, Mauje Rajurbahula.",District Collectorate & Administration Nashik,Special Land Acquisition Office,Maharashtra,Nashik,https://nashik.gov.in/en/documents/,https://cdn.s3waas.gov.in/s3b3967a0e938dc2a6340e258630febd5a/uploads/2026/08/17860933424790.pdf,2026-08-07,2026-09-29T10:27:27.472930Z,raw_documents/nashik/nashik_295_17860933424790.pdf,ccf19d90d155afd13ec635e7d683596531ef0d151e50f58e49a0ae2d2ecfccad,1990644,application/pdf,RFCTLARR_2013,TEXT
SRC_NASHIK_296,Land Acquisition Final Award (Case No – 07-2025) Ring Road Ambebahula,District Collectorate & Administration Nashik,Special Land Acquisition Office,Maharashtra,Nashik,https://nashik.gov.in/en/documents/,https://cdn.s3waas.gov.in/s3b3967a0e938dc2a6340e258630febd5a/uploads/2026/08/17863550683167.pdf,2026-08-10,2026-09-29T10:27:40.274046Z,raw_documents/nashik/nashik_296_17863550683167.pdf,fd86461e2f7cc8522351883467496ecf539a6e065fbe1c27875f4dbdba8dcfac,10179015,application/pdf,RFCTLARR_2013,OCR
SRC_NASHIK_297,Land Acquisition Final Award (Case No – 08-2025) Ring Road Gaulane,District Collectorate & Administration Nashik,Special Land Acquisition Office,Maharashtra,Nashik,https://nashik.gov.in/en/documents/,https://cdn.s3waas.gov.in/s3b3967a0e938dc2a6340e258630febd5a/uploads/2026/08/17863559216619.pdf,2026-08-10,2026-09-29T10:27:57.059115Z,raw_documents/nashik/nashik_297_17863559216619.pdf,cba17c50dd0c82db9163d0dbda1790efcd58261c889f9da94dba03eae4e3332b,8033376,application/pdf,RFCTLARR_2013,OCR
SRC_NASHIK_298,"Land Acquisition Act, 2013 – Section 19 Notification, Village – Sarul",District Collectorate & Administration Nashik,Special Land Acquisition Office,Maharashtra,Nashik,https://nashik.gov.in/en/documents/page/2/,https://cdn.s3waas.gov.in/s3b3967a0e938dc2a6340e258630febd5a/uploads/2026/08/17866235028079.pdf,2026-08-14,2026-09-29T10:28:00.192261Z,raw_documents/nashik/nashik_298_17866235028079.pdf,1b0d921cfb67ad8274848237afb164a77c159ff67e1c1d06651e025721c5b1f6,1177143,application/pdf,RFCTLARR_2013,OCR
SRC_NASHIK_299,Land Acquisition Final Award (Case No.16-2025) Ring Road- Chandshi,District Collectorate & Administration Nashik,Special Land Acquisition Office,Maharashtra,Nashik,https://nashik.gov.in/en/documents/page/2/,https://cdn.s3waas.gov.in/s3b3967a0e938dc2a6340e258630febd5a/uploads/2026/08/17869745276232.pdf,2026-08-17,2026-09-29T10:28:18.365259Z,raw_documents/nashik/nashik_299_17869745276232.pdf,03b6e79e9c75e50b92ca6aa4b4ff2203d991f9615ed85a785ff3574e98aa0320,10369960,application/pdf,RFCTLARR_2013,OCR
SRC_NASHIK_300,"Land Acquisition Award for Mauje Varvandi, Taluka – Dindori, District – Nashik",District Collectorate & Administration Nashik,Special Land Acquisition Office,Maharashtra,Nashik,https://nashik.gov.in/en/documents/page/2/,https://cdn.s3waas.gov.in/s3b3967a0e938dc2a6340e258630febd5a/uploads/2026/08/17871436842960.pdf,2026-08-19,2026-09-29T10:28:21.723120Z,raw_documents/nashik/nashik_300_17871436842960.pdf,d72ad9ae7b06b24e30f9dba13ec4945b2fe66adba9563baa2eecdd33ca6f5a0f,2251182,application/pdf,RFCTLARR_2013,TEXT
SRC_NASHIK_301,Case No.7.25 Ambebahula – Final Award,District Collectorate & Administration Nashik,Special Land Acquisition Office,Maharashtra,Nashik,https://nashik.gov.in/en/documents/page/2/,https://cdn.s3waas.gov.in/s3b3967a0e938dc2a6340e258630febd5a/uploads/2026/08/17871259085536.pdf,2026-08-19,2026-09-29T10:28:34.113722Z,raw_documents/nashik/nashik_301_17871259085536.pdf,a9e2930d316564b91ffe7e74781ded8edbef43756f749e0a54b5c25a670ee05d,4431326,application/pdf,RFCTLARR_2013,OCR
SRC_NASHIK_302,Case No. 8.25 Gaulne – Final Award,District Collectorate & Administration Nashik,Special Land Acquisition Office,Maharashtra,Nashik,https://nashik.gov.in/en/documents/page/2/,https://cdn.s3waas.gov.in/s3b3967a0e938dc2a6340e258630febd5a/uploads/2026/08/17871256344022.pdf,2026-08-19,2026-09-29T10:28:55.549715Z,raw_documents/nashik/nashik_302_17871256344022.pdf,7dc7a6a3c1053f10fee1fdf4e97acb15c36907b04ab57ab341570f73cc35db96,8033376,application/pdf,RFCTLARR_2013,OCR
SRC_SOLAPUR_303,"Notification under Section 20A of the Railways (Amendment) Act, 2008, regarding the land acquired in Mohol Taluka for the third and fourth railway lines on the Pune-Solapur-Wadi route.",District Collectorate & Administration Solapur,Private & Additional Land Acquisition (PALAQ) Branch,Maharashtra,Solapur,https://solapur.gov.in/en/documents/,https://cdn.s3waas.gov.in/s3acc3e0404646c57502b480dc052c4fe1/uploads/2026/09/17882635937632.pdf,2026-09-01,2026-09-29T10:29:04.758792Z,raw_documents/solapur/solapur_303_17882635937632.pdf,74071970bdb877819e00da2cb76aed7e92929b990f292ef9f2f73485977d5415,1938693,application/pdf,RAILWAYS_ACT_2008,TEXT
SRC_SOLAPUR_304,"Notification under Section 20A of the Railways (Amendment) Act, 2008, regarding the land acquired in North Solapur Taluka for the ongoing special railway project involving the third and fourth lines on the Pune-Solapur-Wadi route",District Collectorate & Administration Solapur,Private & Additional Land Acquisition (PALAQ) Branch,Maharashtra,Solapur,https://solapur.gov.in/en/documents/,https://cdn.s3waas.gov.in/s3acc3e0404646c57502b480dc052c4fe1/uploads/2026/09/17882637725747.pdf,2026-09-01,2026-09-29T10:29:13.457273Z,raw_documents/solapur/solapur_304_17882637725747.pdf,d669ecc3c1f95642abc9cef2ef57f0b6717045aa7375ae7b5b7e058cf7f0b134,1583325,application/pdf,RAILWAYS_ACT_2008,TEXT
SRC_SOLAPUR_305,Section 11 Notification for the villages of Kuranwadi/Chikhali and Konheri,District Collectorate & Administration Solapur,Private & Additional Land Acquisition (PALAQ) Branch,Maharashtra,Solapur,https://solapur.gov.in/en/documents/,https://cdn.s3waas.gov.in/s3acc3e0404646c57502b480dc052c4fe1/uploads/2026/08/17861054966478.pdf,2026-08-07,2026-09-29T10:29:26.256124Z,raw_documents/solapur/solapur_305_17861054966478.pdf,6fb8134fd655032f8c2db7e279351777cb515ace884629616e780d23dfab9a64,1946464,application/pdf,RFCTLARR_2013,OCR
SRC_SOLAPUR_306,Regarding publishing the final award information on the website for land acquisition for Pazar Talao No. 4 in Mauje Gulavanchi Tal. Uttar Solapur Dist. Solapur,District Collectorate & Administration Solapur,Private & Additional Land Acquisition (PALAQ) Branch,Maharashtra,Solapur,https://solapur.gov.in/en/documents/page/3/,https://cdn.s3waas.gov.in/s3acc3e0404646c57502b480dc052c4fe1/uploads/2026/06/17804657739437.pdf,2026-06-03,2026-09-29T10:29:54.401990Z,raw_documents/solapur/solapur_306_17804657739437.pdf,68cce773d42371084abfbf4c72aab9f2dc291264f0bf783639bb8706ae6d3a45,2321056,application/pdf,RFCTLARR_2013,OCR
SRC_SOLAPUR_307,"Click here to see the Awards of Hingani Nipani, Bhoyre, Kalaman, Khuneshwar, Padsali, Darfal Gawdi under the K.M.U.C.Y.O. of Tal. Mohol and Uttar Solapur, Dist. Solapur from Ubhusakr.7 Mohol.",District Collectorate & Administration Solapur,Private & Additional Land Acquisition (PALAQ) Branch,Maharashtra,Solapur,https://solapur.gov.in/en/documents/page/3/,https://cdn.s3waas.gov.in/s3acc3e0404646c57502b480dc052c4fe1/uploads/2026/05/17793572945218.pdf,2026-05-21,2026-09-29T10:29:55.856707Z,raw_documents/solapur/solapur_307_17793572945218.pdf,176e264b7f91772510ecde5aeb3fe38c74b9f84e28e5210fb20a1301a0aaf240,68153,application/pdf,RFCTLARR_2013,TEXT
SRC_SOLAPUR_308,"Land Acquisition Act, 2013 Section 25 Hon. Collector, Solapur (PALAQ Branch) Letter No.2026/LAQ/KARYA-1/RR-1233/2026",District Collectorate & Administration Solapur,Private & Additional Land Acquisition (PALAQ) Branch,Maharashtra,Solapur,https://solapur.gov.in/en/documents/page/3/,https://cdn.s3waas.gov.in/s3acc3e0404646c57502b480dc052c4fe1/uploads/2026/04/17773589047029.pdf,2026-04-20,2026-09-29T10:30:10.670189Z,raw_documents/solapur/solapur_308_17773589047029.pdf,951e85bf3c6cc3b04e26c150aeb5287da9940f934dd80fa981e8a34ca530c4a0,1169716,application/pdf,RFCTLARR_2013,OCR
SRC_SOLAPUR_309,Notification of Section 11 under the New Land Acquisition Act 2013- Taluka Malshiras District Solapur -SR No.-04/2023,District Collectorate & Administration Solapur,Private & Additional Land Acquisition (PALAQ) Branch,Maharashtra,Solapur,https://solapur.gov.in/en/documents/page/5/,https://cdn.s3waas.gov.in/s3acc3e0404646c57502b480dc052c4fe1/uploads/2025/12/17655423895032.pdf,2025-12-12,2026-09-29T10:30:28.679876Z,raw_documents/solapur/solapur_309_17655423895032.pdf,fffbc9c441fa43a6780f4ef43ade1bfc483ee3733584b88d1fe8fd720a56d004,2247702,application/pdf,RFCTLARR_2013,OCR
SRC_SOLAPUR_310,"LAND ACQUISITION ACT 2013, NOTICE U/S 19 ” S.R28/2019″",District Collectorate & Administration Solapur,Private & Additional Land Acquisition (PALAQ) Branch,Maharashtra,Solapur,https://solapur.gov.in/en/documents/page/6/,https://cdn.s3waas.gov.in/s3acc3e0404646c57502b480dc052c4fe1/uploads/2025/04/2025042151.pdf,2025-04-21,2026-09-29T10:30:41.438196Z,raw_documents/solapur/solapur_310_2025042151.pdf,8d17a542b4021385b832d5ab60c2d2bdd36be745a090582cf3c9edfa2d2aac73,1975646,application/pdf,RFCTLARR_2013,OCR
SRC_YAVATMAL_311,"Regarding Promulgation of Citizens Charter (Land Acquisition), Road Project Office Yavatma",District Collectorate & Administration Yavatmal,Deputy Collector (Land Acquisition) Bembla Project Office,Maharashtra,Yavatmal,https://yavatmal.gov.in/en/documents/page/6/,https://cdn.s3waas.gov.in/s39ad6aaed513b73148b7d49f70afcfb32/uploads/2022/11/2022111740.pdf,2022-11-17,2026-09-29T10:30:46.863602Z,raw_documents/yavatmal/yavatmal_311_2022111740.pdf,9ead1d2e141e582f89d54196736a0abc13f735ab60ba9ddb98bbe37d99f19afc,1544898,application/pdf,RFCTLARR_2013,TEXT
SRC_YAVATMAL_312,Regarding Promulgation of Citizen’s Charter(Land Acquisition Bembla),District Collectorate & Administration Yavatmal,Deputy Collector (Land Acquisition) Bembla Project Office,Maharashtra,Yavatmal,https://yavatmal.gov.in/en/documents/page/6/,https://cdn.s3waas.gov.in/s39ad6aaed513b73148b7d49f70afcfb32/uploads/2022/11/2022111145.pdf,2022-11-11,2026-09-29T10:30:52.554465Z,raw_documents/yavatmal/yavatmal_312_2022111145.pdf,5f1bee42056244c9e24eda2158b341b34d5b7b2873c9cfd8e887f5c08731354f,1481684,application/pdf,RFCTLARR_2013,TEXT
SRC_YAVATMAL_313,Regarding Promulgation of Citizen’s Charter(Land Acquisition L.C.K.-2),District Collectorate & Administration Yavatmal,Deputy Collector (Land Acquisition) Bembla Project Office,Maharashtra,Yavatmal,https://yavatmal.gov.in/en/documents/page/6/,https://cdn.s3waas.gov.in/s39ad6aaed513b73148b7d49f70afcfb32/uploads/2022/11/2022111188.pdf,2022-11-11,2026-09-29T10:30:55.267089Z,raw_documents/yavatmal/yavatmal_313_2022111188.pdf,3b916010d87dc3416ffc91b9370b5cf18fff56845f358f3e50b40320aa4af6ce,591795,application/pdf,RFCTLARR_2013,TEXT
SRC_YAVATMAL_314,Regarding Promulgation of Citizen’s Charter(Land Acquisition Help & Benefit),District Collectorate & Administration Yavatmal,Deputy Collector (Land Acquisition) Bembla Project Office,Maharashtra,Yavatmal,https://yavatmal.gov.in/en/documents/page/6/,https://cdn.s3waas.gov.in/s39ad6aaed513b73148b7d49f70afcfb32/uploads/2022/11/2022111166.pdf,2022-11-11,2026-09-29T10:30:56.551531Z,raw_documents/yavatmal/yavatmal_314_2022111166.pdf,50306352f99180c6425256045e9303e8366b25b3f7cc71d8525c9d24aa419d73,277498,application/pdf,RFCTLARR_2013,TEXT
SRC_YAVATMAL_315,"Waiting list based on Date 01.07.2021 for Group C Category of Common Compassionate Candidates to be kept at the District Collector’s Office, Yavatmal.",District Collectorate & Administration Yavatmal,Deputy Collector (Land Acquisition) Bembla Project Office,Maharashtra,Yavatmal,https://yavatmal.gov.in/en/documents/page/6/,https://cdn.s3waas.gov.in/s39ad6aaed513b73148b7d49f70afcfb32/uploads/2022/07/2022071164.pdf,2022-07-11,2026-09-29T10:31:03.313210Z,raw_documents/yavatmal/yavatmal_315_2022071164.pdf,d3219ac967197cb8f9664d4319b3d51c272592f84e2a473870a212560d7cc2b6,2876181,application/pdf,RFCTLARR_2013,TEXT
SRC_YAVATMAL_316,"Waiting list based on Date 01.07.2021 for Group D Category of Common Compassionate Candidates to be kept at the District Collector’s Office, Yavatmal.",District Collectorate & Administration Yavatmal,Deputy Collector (Land Acquisition) Bembla Project Office,Maharashtra,Yavatmal,https://yavatmal.gov.in/en/documents/page/6/,https://cdn.s3waas.gov.in/s39ad6aaed513b73148b7d49f70afcfb32/uploads/2022/07/2022071151.pdf,2022-07-11,2026-09-29T10:31:19.000157Z,raw_documents/yavatmal/yavatmal_316_2022071151.pdf,7499ba6438dfe65413eeb734dcc2fac8e143a655b4f114e5531474e1ea2857a7,8207170,application/pdf,RFCTLARR_2013,TEXT
SRC_YAVATMAL_317,Regarding publication of final seniority list of shorthand category based on 01/01/2021,District Collectorate & Administration Yavatmal,Deputy Collector (Land Acquisition) Bembla Project Office,Maharashtra,Yavatmal,https://yavatmal.gov.in/en/documents/page/6/,https://cdn.s3waas.gov.in/s39ad6aaed513b73148b7d49f70afcfb32/uploads/2022/02/2022022228.pdf,2022-02-22,2026-09-29T10:31:20.390237Z,raw_documents/yavatmal/yavatmal_317_2022022228.pdf,5cba573c740d3b4271ca32d1a63036d9cb5a68ff15174a1eb84bdc2988b762ae,333803,application/pdf,RFCTLARR_2013,TEXT
SRC_YAVATMAL_318,"Group of Compassionate Candidates of Revenue Department to be kept at District Collector’s Office, Yavatmal C category Waiting list based on 01.07.2021",District Collectorate & Administration Yavatmal,Deputy Collector (Land Acquisition) Bembla Project Office,Maharashtra,Yavatmal,https://yavatmal.gov.in/en/documents/page/7/,https://cdn.s3waas.gov.in/s39ad6aaed513b73148b7d49f70afcfb32/uploads/2021/07/2021071347.pdf,2021-08-02,2026-09-29T10:31:23.211443Z,raw_documents/yavatmal/yavatmal_318_2021071347.pdf,8b961ad22e9bb6e86651cbc1ebc0c899735be392f915580b35a3b994e605be4b,907479,application/pdf,RFCTLARR_2013,TEXT
SRC_YAVATMAL_319,"Compassionate candidates of the revenue department to be kept at the District Collector’s Office, Yavatmal D category Waiting list based on 01.07.2021",District Collectorate & Administration Yavatmal,Deputy Collector (Land Acquisition) Bembla Project Office,Maharashtra,Yavatmal,https://yavatmal.gov.in/en/documents/page/7/,https://cdn.s3waas.gov.in/s39ad6aaed513b73148b7d49f70afcfb32/uploads/2021/07/2021071338.pdf,2021-08-02,2026-09-29T10:31:25.311746Z,raw_documents/yavatmal/yavatmal_319_2021071338.pdf,41cc00a32f255bb55fcab36aa2f7280ca3ddb849c600fb181dc97683d2e4a13a,838827,application/pdf,RFCTLARR_2013,TEXT
SRC_YAVATMAL_320,"Group D category of common compassionate candidates to be kept at District Collector’s Office, Yavatmal. Waiting list based on 01.07.2021",District Collectorate & Administration Yavatmal,Deputy Collector (Land Acquisition) Bembla Project Office,Maharashtra,Yavatmal,https://yavatmal.gov.in/en/documents/page/7/,https://cdn.s3waas.gov.in/s39ad6aaed513b73148b7d49f70afcfb32/uploads/2021/07/2021071382.pdf,2021-08-02,2026-09-29T10:31:33.681576Z,raw_documents/yavatmal/yavatmal_320_2021071382.pdf,02098e0e78e4857c089caf5d524a2e4730b2b0994a87c6313bfbdf83ea2e9619,4766854,application/pdf,RFCTLARR_2013,TEXT
SRC_YAVATMAL_321,"Date of the group C category of common compassionate candidates to be kept at the District Collector’s Office, Yavatmal. Waiting list based on 01.07.2021",District Collectorate & Administration Yavatmal,Deputy Collector (Land Acquisition) Bembla Project Office,Maharashtra,Yavatmal,https://yavatmal.gov.in/en/documents/page/7/,https://cdn.s3waas.gov.in/s39ad6aaed513b73148b7d49f70afcfb32/uploads/2021/07/2021071332.pdf,2021-08-02,2026-09-29T10:31:44.147670Z,raw_documents/yavatmal/yavatmal_321_2021071332.pdf,0f7edbb951b5136008bd9cbc74f9d6b79699e5af598db6478913fa35c32b6246,4282355,application/pdf,RFCTLARR_2013,TEXT
SRC_YAVATMAL_322,"Date of the group C category of common compassionate candidates to be kept at the District Collector’s Office, Yavatmal. Waiting list based on 01.07.2021",District Collectorate & Administration Yavatmal,Deputy Collector (Land Acquisition) Bembla Project Office,Maharashtra,Yavatmal,https://yavatmal.gov.in/en/documents/page/7/,https://cdn.s3waas.gov.in/s39ad6aaed513b73148b7d49f70afcfb32/uploads/2021/07/2021071332.pdf,2021-08-02,2026-09-29T10:31:51.848059Z,raw_documents/yavatmal/yavatmal_322_2021071332.pdf,0f7edbb951b5136008bd9cbc74f9d6b79699e5af598db6478913fa35c32b6246,4282355,application/pdf,RFCTLARR_2013,TEXT
SRC_YAVATMAL_323,"Group D category of common compassionate candidates to be kept at District Collector’s Office, Yavatmal. Waiting list based on 01.07.2021",District Collectorate & Administration Yavatmal,Deputy Collector (Land Acquisition) Bembla Project Office,Maharashtra,Yavatmal,https://yavatmal.gov.in/en/documents/page/7/,https://cdn.s3waas.gov.in/s39ad6aaed513b73148b7d49f70afcfb32/uploads/2021/07/2021071382.pdf,2021-08-02,2026-09-29T10:32:00.195554Z,raw_documents/yavatmal/yavatmal_323_2021071382.pdf,02098e0e78e4857c089caf5d524a2e4730b2b0994a87c6313bfbdf83ea2e9619,4766854,application/pdf,RFCTLARR_2013,TEXT
SRC_YAVATMAL_324,"Compassionate candidates of the revenue department to be kept at the District Collector’s Office, Yavatmal D category Waiting list based on 01.07.2021",District Collectorate & Administration Yavatmal,Deputy Collector (Land Acquisition) Bembla Project Office,Maharashtra,Yavatmal,https://yavatmal.gov.in/en/documents/page/7/,https://cdn.s3waas.gov.in/s39ad6aaed513b73148b7d49f70afcfb32/uploads/2021/07/2021071338.pdf,2021-08-02,2026-09-29T10:32:02.863550Z,raw_documents/yavatmal/yavatmal_324_2021071338.pdf,41cc00a32f255bb55fcab36aa2f7280ca3ddb849c600fb181dc97683d2e4a13a,838827,application/pdf,RFCTLARR_2013,TEXT
SRC_YAVATMAL_325,"Group of Compassionate Candidates of Revenue Department to be kept at District Collector’s Office, Yavatmal C category Waiting list based on 01.07.2021",District Collectorate & Administration Yavatmal,Deputy Collector (Land Acquisition) Bembla Project Office,Maharashtra,Yavatmal,https://yavatmal.gov.in/en/documents/page/7/,https://cdn.s3waas.gov.in/s39ad6aaed513b73148b7d49f70afcfb32/uploads/2021/07/2021071347.pdf,2021-08-02,2026-09-29T10:32:05.529051Z,raw_documents/yavatmal/yavatmal_325_2021071347.pdf,8b961ad22e9bb6e86651cbc1ebc0c899735be392f915580b35a3b994e605be4b,907479,application/pdf,RFCTLARR_2013,TEXT
SRC_YAVATMAL_326,Removing the objection on the draft seniority list of the Revenue Assistant cadre dated 01.01.2021.,District Collectorate & Administration Yavatmal,Deputy Collector (Land Acquisition) Bembla Project Office,Maharashtra,Yavatmal,https://yavatmal.gov.in/en/documents/page/7/,https://cdn.s3waas.gov.in/s39ad6aaed513b73148b7d49f70afcfb32/uploads/2021/06/2021061770.pdf,2021-06-18,2026-09-29T10:32:18.979250Z,raw_documents/yavatmal/yavatmal_326_2021061770.pdf,35f386b2bd590bdee8c269fbb497f65d7ecd18ea2fe0a4e2e9175afb06460280,3892298,application/pdf,RFCTLARR_2013,TEXT
SRC_YAVATMAL_327,"Deputy Collector (Land Acquisition) Bembla project Office, Yavatmal",District Collectorate & Administration Yavatmal,Deputy Collector (Land Acquisition) Bembla Project Office,Maharashtra,Yavatmal,https://yavatmal.gov.in/en/documents/page/8/,https://cdn.s3waas.gov.in/s39ad6aaed513b73148b7d49f70afcfb32/uploads/2019/09/2019092165.pdf,2019-09-21,2026-09-29T10:32:24.987863Z,raw_documents/yavatmal/yavatmal_327_2019092165.pdf,0a9c0f9ac84002ac3b62da7fe03bfeb53b41337096cea74036f08dce9934a2e1,1126018,application/pdf,RFCTLARR_2013,TEXT
SRC_YAVATMAL_328,Ghatanji Taluka – Dhadak Irrigation Well Beneficiaries List,District Collectorate & Administration Yavatmal,Deputy Collector (Land Acquisition) Bembla Project Office,Maharashtra,Yavatmal,https://yavatmal.gov.in/en/documents/page/8/,https://cdn.s3waas.gov.in/s39ad6aaed513b73148b7d49f70afcfb32/uploads/2018/07/2018071940.pdf,2018-07-19,2026-09-29T10:32:25.975450Z,raw_documents/yavatmal/yavatmal_328_2018071940.pdf,0ee06e57b5f364f13f2bf7c965b02a54e4574718a193cf986d0c4d00c922d991,68942,application/pdf,RFCTLARR_2013,TEXT
SRC_YAVATMAL_329,Ner Taluka – Dhadak Irrigation Well Beneficiaries List,District Collectorate & Administration Yavatmal,Deputy Collector (Land Acquisition) Bembla Project Office,Maharashtra,Yavatmal,https://yavatmal.gov.in/en/documents/page/8/,https://cdn.s3waas.gov.in/s39ad6aaed513b73148b7d49f70afcfb32/uploads/2018/07/2018071948.pdf,2018-07-19,2026-09-29T10:32:26.686707Z,raw_documents/yavatmal/yavatmal_329_2018071948.pdf,1f92c21a902575d5c979c2878d084bc2776bda190dfcbe02d71bfbc850223fd1,97416,application/pdf,RFCTLARR_2013,TEXT
SRC_YAVATMAL_330,Mahagaon Taluka – Dhadak Irrigation Well Beneficiaries List,District Collectorate & Administration Yavatmal,Deputy Collector (Land Acquisition) Bembla Project Office,Maharashtra,Yavatmal,https://yavatmal.gov.in/en/documents/page/8/,https://cdn.s3waas.gov.in/s39ad6aaed513b73148b7d49f70afcfb32/uploads/2018/07/2018071993.pdf,2018-07-19,2026-09-29T10:32:27.889700Z,raw_documents/yavatmal/yavatmal_330_2018071993.pdf,3925b8bff0c741b8ce6a4405e13113199abb363b0388ce1f022a4c7db7667373,100546,application/pdf,RFCTLARR_2013,TEXT
SRC_YAVATMAL_331,Umarkhed Taluka – Dhadak Irrigation Well Beneficiaries List,District Collectorate & Administration Yavatmal,Deputy Collector (Land Acquisition) Bembla Project Office,Maharashtra,Yavatmal,https://yavatmal.gov.in/en/documents/page/8/,https://cdn.s3waas.gov.in/s39ad6aaed513b73148b7d49f70afcfb32/uploads/2018/07/2018071931.pdf,2018-07-19,2026-09-29T10:32:29.402659Z,raw_documents/yavatmal/yavatmal_331_2018071931.pdf,e7b81cd467a97aa5f5364298aa30036fb40b89aa6e9e274b1bb3f2f3433845cf,121934,application/pdf,RFCTLARR_2013,TEXT
SRC_YAVATMAL_332,Pusad Taluka – Dhadak Irrigation Well Beneficiaries List,District Collectorate & Administration Yavatmal,Deputy Collector (Land Acquisition) Bembla Project Office,Maharashtra,Yavatmal,https://yavatmal.gov.in/en/documents/page/8/,https://cdn.s3waas.gov.in/s39ad6aaed513b73148b7d49f70afcfb32/uploads/2018/07/2018071968.pdf,2018-07-19,2026-09-29T10:32:29.932951Z,raw_documents/yavatmal/yavatmal_332_2018071968.pdf,aabf261feed1062df092282948b953a8332319b768f06373b7355834eb752e8f,100774,application/pdf,RFCTLARR_2013,TEXT
SRC_YAVATMAL_333,Digras Taluka – Dhadak Irrigation Well Beneficiaries List,District Collectorate & Administration Yavatmal,Deputy Collector (Land Acquisition) Bembla Project Office,Maharashtra,Yavatmal,https://yavatmal.gov.in/en/documents/page/9/,https://cdn.s3waas.gov.in/s39ad6aaed513b73148b7d49f70afcfb32/uploads/2018/07/2018071910.pdf,2018-07-19,2026-09-29T10:32:30.929016Z,raw_documents/yavatmal/yavatmal_333_2018071910.pdf,64b477e98a9c391289c047de9f06554ebe54d4cc820c013bb52c46f8f9e0a2a2,91127,application/pdf,RFCTLARR_2013,TEXT
SRC_YAVATMAL_334,Darwha Taluka – Dhadak Irrigation Well Beneficiaries List,District Collectorate & Administration Yavatmal,Deputy Collector (Land Acquisition) Bembla Project Office,Maharashtra,Yavatmal,https://yavatmal.gov.in/en/documents/page/9/,https://cdn.s3waas.gov.in/s39ad6aaed513b73148b7d49f70afcfb32/uploads/2018/07/2018071972.pdf,2018-07-19,2026-09-29T10:32:31.953059Z,raw_documents/yavatmal/yavatmal_334_2018071972.pdf,6a5f727267b3c6588156814ed53a3387471749f0d17cd35722ae0b71a394b628,109452,application/pdf,RFCTLARR_2013,TEXT
SRC_YAVATMAL_335,Kalamb Taluka – Dhadak Irrigation Well Beneficiaries List,District Collectorate & Administration Yavatmal,Deputy Collector (Land Acquisition) Bembla Project Office,Maharashtra,Yavatmal,https://yavatmal.gov.in/en/documents/page/9/,https://cdn.s3waas.gov.in/s39ad6aaed513b73148b7d49f70afcfb32/uploads/2018/07/2018071991.pdf,2018-07-19,2026-09-29T10:32:32.952015Z,raw_documents/yavatmal/yavatmal_335_2018071991.pdf,8e460d58eaefd8a140ebe75f2dc4e16e37a10de38e9b817a8801826b0b76a146,91617,application/pdf,RFCTLARR_2013,TEXT
SRC_YAVATMAL_336,Babhulgaon Taluka – Dhadak Irrigation Well Beneficiaries List,District Collectorate & Administration Yavatmal,Deputy Collector (Land Acquisition) Bembla Project Office,Maharashtra,Yavatmal,https://yavatmal.gov.in/en/documents/page/9/,https://cdn.s3waas.gov.in/s39ad6aaed513b73148b7d49f70afcfb32/uploads/2018/07/2018071914.pdf,2018-07-19,2026-09-29T10:32:33.809860Z,raw_documents/yavatmal/yavatmal_336_2018071914.pdf,33b41eee98524a6a1ced6c06734037cd318dee97b83e99b1ef7f546dd6dc5c86,110426,application/pdf,RFCTLARR_2013,TEXT
SRC_YAVATMAL_337,Ralegaon Taluka – Dhadak Irrigation Well Beneficiaries List,District Collectorate & Administration Yavatmal,Deputy Collector (Land Acquisition) Bembla Project Office,Maharashtra,Yavatmal,https://yavatmal.gov.in/en/documents/page/9/,https://cdn.s3waas.gov.in/s39ad6aaed513b73148b7d49f70afcfb32/uploads/2018/07/2018071997.pdf,2018-07-19,2026-09-29T10:32:35.432014Z,raw_documents/yavatmal/yavatmal_337_2018071997.pdf,0b546ec0a4475224d3811faf4b5ea097b81552b35c39c1443d7e9ba69a1431db,82427,application/pdf,RFCTLARR_2013,TEXT
SRC_YAVATMAL_338,Kelapur Taluka – Dhadak Irrigation Well Beneficiaries List,District Collectorate & Administration Yavatmal,Deputy Collector (Land Acquisition) Bembla Project Office,Maharashtra,Yavatmal,https://yavatmal.gov.in/en/documents/page/9/,https://cdn.s3waas.gov.in/s39ad6aaed513b73148b7d49f70afcfb32/uploads/2018/07/2018071913.pdf,2018-07-19,2026-09-29T10:32:36.145127Z,raw_documents/yavatmal/yavatmal_338_2018071913.pdf,9e92ecfea087b8a2fce521bb078fc24f3db85ca770a90225cba0089ccb05ff0b,86193,application/pdf,RFCTLARR_2013,TEXT
SRC_YAVATMAL_339,Arni Taluka – Dhadak Irrigation Well Beneficiaries List,District Collectorate & Administration Yavatmal,Deputy Collector (Land Acquisition) Bembla Project Office,Maharashtra,Yavatmal,https://yavatmal.gov.in/en/documents/page/9/,https://cdn.s3waas.gov.in/s39ad6aaed513b73148b7d49f70afcfb32/uploads/2018/07/2018071942.pdf,2018-07-19,2026-09-29T10:32:37.079624Z,raw_documents/yavatmal/yavatmal_339_2018071942.pdf,9ec52bd2aeada097d541e702d82c3c702b83a3c41fcf8e705093f0adad491373,67872,application/pdf,RFCTLARR_2013,TEXT
SRC_YAVATMAL_340,Yavatmal Taluka – Dhadak Irrigation Well Beneficiaries List,District Collectorate & Administration Yavatmal,Deputy Collector (Land Acquisition) Bembla Project Office,Maharashtra,Yavatmal,https://yavatmal.gov.in/en/documents/page/9/,https://cdn.s3waas.gov.in/s39ad6aaed513b73148b7d49f70afcfb32/uploads/2018/07/2018071937.pdf,2018-07-19,2026-09-29T10:32:43.031524Z,raw_documents/yavatmal/yavatmal_340_2018071937.pdf,baea81e7bbd2e583bdde60d1d8bbce64e60039b540625b7a83ed51a6df568431,84767,application/pdf,RFCTLARR_2013,TEXT
SRC_YAVATMAL_341,Road Development Plan 2001-21 Final Draft Part-2,District Collectorate & Administration Yavatmal,Deputy Collector (Land Acquisition) Bembla Project Office,Maharashtra,Yavatmal,https://yavatmal.gov.in/en/documents/page/10/,https://cdn.s3waas.gov.in/s39ad6aaed513b73148b7d49f70afcfb32/uploads/2018/03/2018032122.pdf,2018-03-01,2026-09-29T10:33:10.707586Z,raw_documents/yavatmal/yavatmal_341_2018032122.pdf,3c7903c6d3782adf80ce67e299730fb7c25007677af96b7b9df15d9eb30262ff,8249749,application/pdf,RFCTLARR_2013,OCR
SRC_YAVATMAL_342,Road Development Plan 2001-21 Final Draft Part-1,District Collectorate & Administration Yavatmal,Deputy Collector (Land Acquisition) Bembla Project Office,Maharashtra,Yavatmal,https://yavatmal.gov.in/en/documents/page/10/,https://cdn.s3waas.gov.in/s39ad6aaed513b73148b7d49f70afcfb32/uploads/2018/03/2018032192.pdf,2017-01-01,2026-09-29T10:33:53.644081Z,raw_documents/yavatmal/yavatmal_342_2018032192.pdf,a287c5f4ae9814de06eb162d4755397762edd6e98f3b02586e5515a6ff21f669,7837511,application/pdf,RFCTLARR_2013,OCR
SRC_YAVATMAL_343,Road Development Plan 2001-21 Final Draft Part-3,District Collectorate & Administration Yavatmal,Deputy Collector (Land Acquisition) Bembla Project Office,Maharashtra,Yavatmal,https://yavatmal.gov.in/en/documents/page/10/,https://cdn.s3waas.gov.in/s39ad6aaed513b73148b7d49f70afcfb32/uploads/2018/03/2018032148.pdf,2018-03-01,2026-09-29T10:34:37.925783Z,raw_documents/yavatmal/yavatmal_343_2018032148.pdf,6182a094ff6356be96094efdc28aed86737ee47fcc9d851d33fe09a0f78fdd71,8223998,application/pdf,RFCTLARR_2013,OCR
SRC_YAVATMAL_344,Road Development Plan 2001-21 Taluka Maps Part-1,District Collectorate & Administration Yavatmal,Deputy Collector (Land Acquisition) Bembla Project Office,Maharashtra,Yavatmal,https://yavatmal.gov.in/en/documents/page/10/,https://cdn.s3waas.gov.in/s39ad6aaed513b73148b7d49f70afcfb32/uploads/2018/03/2018032176.pdf,2018-03-01,2026-09-29T10:34:42.687943Z,raw_documents/yavatmal/yavatmal_344_2018032176.pdf,fb598f0fbd2b50fbb6f37c726480f383d5642e1c697fe282f0faa4ec740b8b46,751476,application/pdf,RFCTLARR_2013,OCR
SRC_YAVATMAL_345,Road Development Plan 2001-21 Taluka Maps Part-2,District Collectorate & Administration Yavatmal,Deputy Collector (Land Acquisition) Bembla Project Office,Maharashtra,Yavatmal,https://yavatmal.gov.in/en/documents/page/10/,https://cdn.s3waas.gov.in/s39ad6aaed513b73148b7d49f70afcfb32/uploads/2018/03/2018032179.pdf,2018-03-01,2026-09-29T10:35:07.372600Z,raw_documents/yavatmal/yavatmal_345_2018032179.pdf,94ae3eebd946f4f554670724f01a305b09656662686d97d556413d726c110fe5,8628380,application/pdf,RFCTLARR_2013,OCR
